الرقم	الموضع	النوع	النص	الصيغة	المؤلف أو الراوي	المصدر الأوّلي	الطبعة	المحقّق	الجزء	الصفحة	رقم الحديث	درجة الحديث	النص المقارن	اختلاف الروايات	الحالة	المرحلة	آخر مراجع	المراجع النهائي	ملاحظات
م١-٠٠١	ف١	قرآن	ٱلرَّحْمَٰنُ ۝١ عَلَّمَ ٱلْقُرْءَانَ ۝٢ خَلَقَ…	نص		الرحمن: ١–٤	مصحف المدينة النبوية، رواية حفص (الرسم العثماني)						ٱلرَّحْمَٰنُ ۝١ عَلَّمَ ٱلْقُرْءَانَ ۝٢ خَلَقَ ٱلْإِنسَٰنَ ۝٣ عَلَّمَهُ ٱلْبَيَانَ		متحقّق — Verified	التوثيق	مطابقة الإنتاج، ٢٠٢٦/٠٩/٢٤		طوبق الرسم والإحالة على نصّين عثمانيين مستقلّين (quran.com، alquran.cloud)
م١-٠٠٢	ف١	قرآن	وَمَآ أَرْسَلْنَا مِن رَّسُولٍ إِلَّا بِلِسَانِ…	نص		إبراهيم: ٤	مصحف المدينة النبوية، رواية حفص (الرسم العثماني)						وَمَآ أَرْسَلْنَا مِن رَّسُولٍ إِلَّا بِلِسَانِ قَوْمِهِۦ لِيُبَيِّنَ لَهُمْ		متحقّق — Verified	التوثيق	مطابقة الإنتاج، ٢٠٢٦/٠٩/٢٤		طوبق الرسم والإحالة على نصّين عثمانيين مستقلّين (quran.com، alquran.cloud)
م١-٠٠٣	ف١	قرآن	نَزَلَ بِهِ ٱلرُّوحُ ٱلْأَمِينُ ۝١٩٣ عَلَىٰ…	نص		الشعراء: ١٩٣–١٩٥	مصحف المدينة النبوية، رواية حفص (الرسم العثماني)						نَزَلَ بِهِ ٱلرُّوحُ ٱلْأَمِينُ ۝١٩٣ عَلَىٰ قَلْبِكَ لِتَكُونَ مِنَ ٱلْمُنذِرِينَ ۝١٩٤ بِلِسَانٍ عَرَبِىٍّ مُّبِينٍ		متحقّق — Verified	التوثيق	مطابقة الإنتاج، ٢٠٢٦/٠٩/٢٤		طوبق الرسم والإحالة على نصّين عثمانيين مستقلّين (quran.com، alquran.cloud)
م١-٠٠٤	ف١	قرآن	قَالَ رَبِّ ٱشْرَحْ لِى صَدْرِى ۝٢٥…	نص		طه: ٢٥–٢٨	مصحف المدينة النبوية، رواية حفص (الرسم العثماني)						قَالَ رَبِّ ٱشْرَحْ لِى صَدْرِى ۝٢٥ وَيَسِّرْ لِىٓ أَمْرِى ۝٢٦ وَٱحْلُلْ عُقْدَةً مِّن لِّسَانِى ۝٢٧ يَفْقَهُوا۟ قَوْلِى		متحقّق — Verified	التوثيق	مطابقة الإنتاج، ٢٠٢٦/٠٩/٢٤		طوبق الرسم والإحالة على نصّين عثمانيين مستقلّين (quran.com، alquran.cloud)
م١-٠٠٥	ف١	قرآن	وَأَخِى هَٰرُونُ هُوَ أَفْصَحُ مِنِّى لِسَانًا…	نص		القصص: ٣٤	مصحف المدينة النبوية، رواية حفص (الرسم العثماني)						وَأَخِى هَٰرُونُ هُوَ أَفْصَحُ مِنِّى لِسَانًا فَأَرْسِلْهُ مَعِىَ رِدْءًا يُصَدِّقُنِىٓ		متحقّق — Verified	التوثيق	مطابقة الإنتاج، ٢٠٢٦/٠٩/٢٤		طوبق الرسم والإحالة على نصّين عثمانيين مستقلّين (quran.com، alquran.cloud)
م١-٠٠٦	ف٢	قرآن	يَٰٓأَيُّهَا ٱلَّذِينَ ءَامَنُوا۟ ٱتَّقُوا۟ ٱللَّهَ وَقُولُوا۟…	نص		الأحزاب: ٧٠–٧١	مصحف المدينة النبوية، رواية حفص (الرسم العثماني)						يَٰٓأَيُّهَا ٱلَّذِينَ ءَامَنُوا۟ ٱتَّقُوا۟ ٱللَّهَ وَقُولُوا۟ قَوْلًا سَدِيدًا ۝٧٠ يُصْلِحْ لَكُمْ أَعْمَٰلَكُمْ وَيَغْفِرْ لَكُمْ ذُنُوبَكُمْ		متحقّق — Verified	التوثيق	مطابقة الإنتاج، ٢٠٢٦/٠٩/٢٤		طوبق الرسم والإحالة على نصّين عثمانيين مستقلّين (quran.com، alquran.cloud)
م١-٠٠٧	ف٢	قرآن	وَقُولُوا۟ لِلنَّاسِ حُسْنًا	نص		البقرة: ٨٣	مصحف المدينة النبوية، رواية حفص (الرسم العثماني)						وَقُولُوا۟ لِلنَّاسِ حُسْنًا		متحقّق — Verified	التوثيق	مطابقة الإنتاج، ٢٠٢٦/٠٩/٢٤		طوبق الرسم والإحالة على نصّين عثمانيين مستقلّين (quran.com، alquran.cloud)
م١-٠٠٨	ف٢	قرآن	وَقُل لِّعِبَادِى يَقُولُوا۟ ٱلَّتِى هِىَ أَحْسَنُ	نص		الإسراء: ٥٣	مصحف المدينة النبوية، رواية حفص (الرسم العثماني)						وَقُل لِّعِبَادِى يَقُولُوا۟ ٱلَّتِى هِىَ أَحْسَنُ		متحقّق — Verified	التوثيق	مطابقة الإنتاج، ٢٠٢٦/٠٩/٢٤		طوبق الرسم والإحالة على نصّين عثمانيين مستقلّين (quran.com، alquran.cloud)
م١-٠٠٩	ف٢	قرآن	قَوْلٌ مَّعْرُوفٌ وَمَغْفِرَةٌ خَيْرٌ مِّن صَدَقَةٍ…	نص		البقرة: ٢٦٣	مصحف المدينة النبوية، رواية حفص (الرسم العثماني)						قَوْلٌ مَّعْرُوفٌ وَمَغْفِرَةٌ خَيْرٌ مِّن صَدَقَةٍ يَتْبَعُهَآ أَذًى		متحقّق — Verified	التوثيق	مطابقة الإنتاج، ٢٠٢٦/٠٩/٢٤		طوبق الرسم والإحالة على نصّين عثمانيين مستقلّين (quran.com، alquran.cloud)
م١-٠١٠	ف٢	قرآن	وَإِمَّا تُعْرِضَنَّ عَنْهُمُ ٱبْتِغَآءَ رَحْمَةٍ مِّن…	نص		الإسراء: ٢٨	مصحف المدينة النبوية، رواية حفص (الرسم العثماني)						وَإِمَّا تُعْرِضَنَّ عَنْهُمُ ٱبْتِغَآءَ رَحْمَةٍ مِّن رَّبِّكَ تَرْجُوهَا فَقُل لَّهُمْ قَوْلًا مَّيْسُورًا		متحقّق — Verified	التوثيق	مطابقة الإنتاج، ٢٠٢٦/٠٩/٢٤		طوبق الرسم والإحالة على نصّين عثمانيين مستقلّين (quran.com، alquran.cloud)
م١-٠١١	ف٢	قرآن	فَلَا تَقُل لَّهُمَآ أُفٍّ وَلَا تَنْهَرْهُمَا…	نص		الإسراء: ٢٣	مصحف المدينة النبوية، رواية حفص (الرسم العثماني)						فَلَا تَقُل لَّهُمَآ أُفٍّ وَلَا تَنْهَرْهُمَا وَقُل لَّهُمَا قَوْلًا كَرِيمًا		متحقّق — Verified	التوثيق	مطابقة الإنتاج، ٢٠٢٦/٠٩/٢٤		طوبق الرسم والإحالة على نصّين عثمانيين مستقلّين (quran.com، alquran.cloud)
م١-٠١٢	ف٢	قرآن	فَقُولَا لَهُۥ قَوْلًا لَّيِّنًا لَّعَلَّهُۥ يَتَذَكَّرُ…	نص		طه: ٤٤	مصحف المدينة النبوية، رواية حفص (الرسم العثماني)						فَقُولَا لَهُۥ قَوْلًا لَّيِّنًا لَّعَلَّهُۥ يَتَذَكَّرُ أَوْ يَخْشَىٰ		متحقّق — Verified	التوثيق	مطابقة الإنتاج، ٢٠٢٦/٠٩/٢٤		طوبق الرسم والإحالة على نصّين عثمانيين مستقلّين (quran.com، alquran.cloud)
م١-٠١٣	ف٢	قرآن	فَأَعْرِضْ عَنْهُمْ وَعِظْهُمْ وَقُل لَّهُمْ فِىٓ…	نص		النساء: ٦٣	مصحف المدينة النبوية، رواية حفص (الرسم العثماني)						فَأَعْرِضْ عَنْهُمْ وَعِظْهُمْ وَقُل لَّهُمْ فِىٓ أَنفُسِهِمْ قَوْلًۢا بَلِيغًا		متحقّق — Verified	التوثيق	مطابقة الإنتاج، ٢٠٢٦/٠٩/٢٤		طوبق الرسم والإحالة على نصّين عثمانيين مستقلّين (quran.com، alquran.cloud)
م١-٠١٤	ف٢	قرآن	وَٱقْصِدْ فِى مَشْيِكَ وَٱغْضُضْ مِن صَوْتِكَۚ…	نص		لقمان: ١٩	مصحف المدينة النبوية، رواية حفص (الرسم العثماني)						وَٱقْصِدْ فِى مَشْيِكَ وَٱغْضُضْ مِن صَوْتِكَۚ إِنَّ أَنكَرَ ٱلْأَصْوَٰتِ لَصَوْتُ ٱلْحَمِيرِ		متحقّق — Verified	التوثيق	مطابقة الإنتاج، ٢٠٢٦/٠٩/٢٤		طوبق الرسم والإحالة على نصّين عثمانيين مستقلّين (quran.com، alquran.cloud)
م١-٠١٥	ف٢	قرآن	وَلَا تَقْفُ مَا لَيْسَ لَكَ بِهِۦ…	نص		الإسراء: ٣٦	مصحف المدينة النبوية، رواية حفص (الرسم العثماني)						وَلَا تَقْفُ مَا لَيْسَ لَكَ بِهِۦ عِلْمٌۚ إِنَّ ٱلسَّمْعَ وَٱلْبَصَرَ وَٱلْفُؤَادَ كُلُّ أُو۟لَٰٓئِكَ كَانَ عَنْهُ مَسْـُٔولًا		متحقّق — Verified	التوثيق	مطابقة الإنتاج، ٢٠٢٦/٠٩/٢٤		طوبق الرسم والإحالة على نصّين عثمانيين مستقلّين (quran.com، alquran.cloud)
م١-٠١٦	ف٢	قرآن	يَٰٓأَيُّهَا ٱلَّذِينَ ءَامَنُوٓا۟ إِن جَآءَكُمْ فَاسِقٌۢ…	نص		الحجرات: ٦	مصحف المدينة النبوية، رواية حفص (الرسم العثماني)						يَٰٓأَيُّهَا ٱلَّذِينَ ءَامَنُوٓا۟ إِن جَآءَكُمْ فَاسِقٌۢ بِنَبَإٍ فَتَبَيَّنُوٓا۟		متحقّق — Verified	التوثيق	مطابقة الإنتاج، ٢٠٢٦/٠٩/٢٤		طوبق الرسم والإحالة على نصّين عثمانيين مستقلّين (quran.com، alquran.cloud)
م١-٠١٧	ف٢	قرآن	مَّا يَلْفِظُ مِن قَوْلٍ إِلَّا لَدَيْهِ…	نص		ق: ١٨	مصحف المدينة النبوية، رواية حفص (الرسم العثماني)						مَّا يَلْفِظُ مِن قَوْلٍ إِلَّا لَدَيْهِ رَقِيبٌ عَتِيدٌ		متحقّق — Verified	التوثيق	مطابقة الإنتاج، ٢٠٢٦/٠٩/٢٤		طوبق الرسم والإحالة على نصّين عثمانيين مستقلّين (quran.com، alquran.cloud)
م١-٠١٨	ف٢	قرآن	ٱدْعُ إِلَىٰ سَبِيلِ رَبِّكَ بِٱلْحِكْمَةِ وَٱلْمَوْعِظَةِ…	نص		النحل: ١٢٥	مصحف المدينة النبوية، رواية حفص (الرسم العثماني)						ٱدْعُ إِلَىٰ سَبِيلِ رَبِّكَ بِٱلْحِكْمَةِ وَٱلْمَوْعِظَةِ ٱلْحَسَنَةِۖ وَجَٰدِلْهُم بِٱلَّتِى هِىَ أَحْسَنُ		متحقّق — Verified	التوثيق	مطابقة الإنتاج، ٢٠٢٦/٠٩/٢٤		طوبق الرسم والإحالة على نصّين عثمانيين مستقلّين (quran.com، alquran.cloud)
م١-٠١٩	ف٥	قرآن	إِنَّآ أَنزَلْنَٰهُ قُرْءَٰنًا عَرَبِيًّا لَّعَلَّكُمْ تَعْقِلُونَ	نص		يوسف: ٢	مصحف المدينة النبوية، رواية حفص (الرسم العثماني)						إِنَّآ أَنزَلْنَٰهُ قُرْءَٰنًا عَرَبِيًّا لَّعَلَّكُمْ تَعْقِلُونَ		متحقّق — Verified	التوثيق	مطابقة الإنتاج، ٢٠٢٦/٠٩/٢٤		طوبق الرسم والإحالة على نصّين عثمانيين مستقلّين (quran.com، alquran.cloud)
م١-٠٢٠	ف٥	قرآن	وَإِنَّهُۥ لَتَنزِيلُ رَبِّ ٱلْعَٰلَمِينَ ۝١٩٢ نَزَلَ…	نص		الشعراء: ١٩٢–١٩٥	مصحف المدينة النبوية، رواية حفص (الرسم العثماني)						وَإِنَّهُۥ لَتَنزِيلُ رَبِّ ٱلْعَٰلَمِينَ ۝١٩٢ نَزَلَ بِهِ ٱلرُّوحُ ٱلْأَمِينُ ۝١٩٣ عَلَىٰ قَلْبِكَ لِتَكُونَ مِنَ ٱلْمُنذِرِينَ ۝١٩٤ بِلِسَانٍ عَرَبِىٍّ مُّبِينٍ		متحقّق — Verified	التوثيق	مطابقة الإنتاج، ٢٠٢٦/٠٩/٢٤		طوبق الرسم والإحالة على نصّين عثمانيين مستقلّين (quran.com، alquran.cloud)
م١-٠٢١	ف٥	قرآن	وَمَآ أَرْسَلْنَا مِن رَّسُولٍ إِلَّا بِلِسَانِ…	نص		إبراهيم: ٤	مصحف المدينة النبوية، رواية حفص (الرسم العثماني)						وَمَآ أَرْسَلْنَا مِن رَّسُولٍ إِلَّا بِلِسَانِ قَوْمِهِۦ لِيُبَيِّنَ لَهُمْ		متحقّق — Verified	التوثيق	مطابقة الإنتاج، ٢٠٢٦/٠٩/٢٤		طوبق الرسم والإحالة على نصّين عثمانيين مستقلّين (quran.com، alquran.cloud)
م١-٠٢٢	ف٦	قرآن	إِنَّا نَحْنُ نَزَّلْنَا ٱلذِّكْرَ وَإِنَّا لَهُۥ…	نص		الحجر: ٩	مصحف المدينة النبوية، رواية حفص (الرسم العثماني)						إِنَّا نَحْنُ نَزَّلْنَا ٱلذِّكْرَ وَإِنَّا لَهُۥ لَحَٰفِظُونَ		متحقّق — Verified	التوثيق	مطابقة الإنتاج، ٢٠٢٦/٠٩/٢٤		طوبق الرسم والإحالة على نصّين عثمانيين مستقلّين (quran.com، alquran.cloud)
م١-٠٢٣	ف٦	قرآن	وَكَذَٰلِكَ أَنزَلْنَٰهُ قُرْءَانًا عَرَبِيًّا	نص		طه: ١١٣	مصحف المدينة النبوية، رواية حفص (الرسم العثماني)						وَكَذَٰلِكَ أَنزَلْنَٰهُ قُرْءَانًا عَرَبِيًّا		متحقّق — Verified	التوثيق	مطابقة الإنتاج، ٢٠٢٦/٠٩/٢٤		طوبق الرسم والإحالة على نصّين عثمانيين مستقلّين (quran.com، alquran.cloud)
م١-٠٢٤	ف٨	قرآن	ذَٰلِكَ مَا كُنَّا نَبْغِ	نص		الكهف: ٦٤	مصحف المدينة النبوية، رواية حفص (الرسم العثماني)						ذَٰلِكَ مَا كُنَّا نَبْغِ		متحقّق — Verified	التوثيق	مطابقة الإنتاج، ٢٠٢٦/٠٩/٢٤		طوبق الرسم والإحالة على نصّين عثمانيين مستقلّين (quran.com، alquran.cloud)
م١-٠٢٥	ف١٠	قرآن	وَأَخِى هَٰرُونُ هُوَ أَفْصَحُ مِنِّى لِسَانًا	نص		القصص: ٣٤	مصحف المدينة النبوية، رواية حفص (الرسم العثماني)						وَأَخِى هَٰرُونُ هُوَ أَفْصَحُ مِنِّى لِسَانًا		متحقّق — Verified	التوثيق	مطابقة الإنتاج، ٢٠٢٦/٠٩/٢٤		طوبق الرسم والإحالة على نصّين عثمانيين مستقلّين (quran.com، alquran.cloud)
م١-٠٢٦	ف١٠	قرآن	رِدْءًا يُصَدِّقُنِىٓ	نص		القصص: ٣٤	مصحف المدينة النبوية، رواية حفص (الرسم العثماني)						رِدْءًا يُصَدِّقُنِىٓ		متحقّق — Verified	التوثيق	مطابقة الإنتاج، ٢٠٢٦/٠٩/٢٤		طوبق الرسم والإحالة على نصّين عثمانيين مستقلّين (quran.com، alquran.cloud)
م١-٠٢٧	كلمة المؤلف	قرآن	نَرْفَعُ دَرَجَٰتٍ مَّن نَّشَآءُۗ وَفَوْقَ كُلِّ…	نص		يوسف: ٧٦	مصحف المدينة النبوية، رواية حفص (الرسم العثماني)						نَرْفَعُ دَرَجَٰتٍ مَّن نَّشَآءُۗ وَفَوْقَ كُلِّ ذِى عِلْمٍ عَلِيمٌ		متحقّق — Verified	التوثيق	مطابقة الإنتاج، ٢٠٢٦/٠٩/٢٤		طوبق الرسم والإحالة على نصّين عثمانيين مستقلّين (quran.com، alquran.cloud)
م١-٠٢٨	كلمة المؤلف	قرآن	إِنْ أُرِيدُ إِلَّا ٱلْإِصْلَٰحَ مَا ٱسْتَطَعْتُۚ…	نص		هود: ٨٨	مصحف المدينة النبوية، رواية حفص (الرسم العثماني)						إِنْ أُرِيدُ إِلَّا ٱلْإِصْلَٰحَ مَا ٱسْتَطَعْتُۚ وَمَا تَوْفِيقِىٓ إِلَّا بِٱللَّهِۚ عَلَيْهِ تَوَكَّلْتُ وَإِلَيْهِ أُنِيبُ		متحقّق — Verified	التوثيق	مطابقة الإنتاج، ٢٠٢٦/٠٩/٢٤		طوبق الرسم والإحالة على نصّين عثمانيين مستقلّين (quran.com، alquran.cloud)
م١-٠٢٩	كلمة المؤلف	قرآن	وَقُل رَّبِّ زِدْنِى عِلْمًا	نص		طه: ١١٤	مصحف المدينة النبوية، رواية حفص (الرسم العثماني)						وَقُل رَّبِّ زِدْنِى عِلْمًا		متحقّق — Verified	التوثيق	مطابقة الإنتاج، ٢٠٢٦/٠٩/٢٤		طوبق الرسم والإحالة على نصّين عثمانيين مستقلّين (quran.com، alquran.cloud)
م١-٠٣٠	كلمة المؤلف	قرآن	مَّا يَلْفِظُ مِن قَوْلٍ إِلَّا لَدَيْهِ…	نص		ق: ١٨	مصحف المدينة النبوية، رواية حفص (الرسم العثماني)						مَّا يَلْفِظُ مِن قَوْلٍ إِلَّا لَدَيْهِ رَقِيبٌ عَتِيدٌ		متحقّق — Verified	التوثيق	مطابقة الإنتاج، ٢٠٢٦/٠٩/٢٤		طوبق الرسم والإحالة على نصّين عثمانيين مستقلّين (quran.com، alquran.cloud)
م١-٠٣١	ف١	شعر	وكائنْ ترى من صامتٍ لكَ مُعجِبٍ… / لسانُ الفتى نصفٌ…	نص	زهير بن أبي سلمى	المعلّقة: جمهرة أشعار العرب؛ وشرح المعلّقات السبع للزوزني؛ وحاشية قباوة على شرح شعر زهير لثعلب	نهضة مصر؛ دار إحياء التراث العربي ١٤٢٣هـ؛ مكتبة هارون الرشيد، دمشق، ط٣، ١٤٢٨هـ/٢٠٠٨م	فخر الدين قباوة (في شرح شعر زهير لثعلب)		١٧٨؛ ١٥١–١٥٢؛ ٣٧ (الحاشية ٤)			الفَتى نِصْفٌ وَنِصفٌ فُؤادُهُ . . . فَلَمْ يَبْقَ إلاّ صُورَةُ اللّحمِ والدّمِ	ليسا في رواية ابن الأنباري (ت. هارون ص٢٨٩–٢٩٠: القصيدة تسعة وخمسون بيتًا بدونهما، طوبق على مصوّرة المطبوع، الصف ش٥) ولا في رواية ثعلب (ت. قباوة ص٣٧ ح٤)؛ وعند ابن عبد البر (أدب المجالسة ص٤٥) «من معجبٍ لك صامتٍ» بتقديمٍ وتأخير، ولم يسمّ القائل؛ ونُسب البيتان أيضًا إلى الأعور الشنّي وإلى عبد الله بن معاوية الجعفري، والثاني إلى زياد الأعجم (قباوة، الموضع نفسه)	متحقّق مع اختلاف رواية — Verified with variant	التوثيق	مطابقة الإنتاج، ٢٠٢٦/٠٩/٢٤		طوبق على مصوّرة المطبوع؛ طوبق لفظ البيتين على مصوّرة شرح شعر زهير لثعلب، ت. قباوة، ص٣٧ ح٤، وهو ينقلهما عن الزوزني والجمهرة (مطابقة المصوّرات، الدفعة V1R؛ المصوّرة: https://archive.org/details/3918pdf/page/n36)؛ ولم تُرَ مصوّرتا الجمهرة والزوزني، فصفحتاهما ١٧٨ و١٥١–١٥٢ على النسخة الرقمية؛ صُحّح المتن إلى «على بعض رواياتها»؛ تمثّل الأحنف بالبيت الأول: الدينوري، المجالسة ٢/٣٦٥–٣٦٦
م١-٠٣٢	ف١	شعر	إنّ الكلامَ لفي الفؤادِ وإنّما…	نسبة غير ثابتة	يُنسب إلى الأخطل	انظر خريطة نسب القول								ويُروى: «إنّ البيان لفي الفؤاد»، وهي عند ابن أبي العزّ «أقرب إلى الصحة»	نسبةٌ غير ثابتة — Attribution uncertain	التوثيق	مطابقة الإنتاج، ٢٠٢٦/٠٩/٢٤		في المتن «يُنسب»، وفي الحاشية تحقيقٌ بمصادر النسبة؛ أقرّ المؤلف إبقاءه، لأن الشاهد في معناه؛ ويعبر البوابة بشروط الباب ٧٣ (§٥)
م١-٠٣٣	ف٣	حديث	بُعثتُ بجوامع الكلم	نص	أبو هريرة	البخاري: الاعتصام، باب قول النبي ﷺ بعثت بجوامع الكلم؛ مسلم: المساجد	صحيح البخاري، الطبعة السلطانية، بولاق ١٣١١هـ (وعنها صُوّرت طبعة دار طوق النجاة)، ترقيم عبد الباقي؛ والمقابلة على طبعة دار التأصيل؛ صحيح مسلم، مطبعة عيسى البابي الحلبي، ترقيم عبد الباقي؛ والمقابلة على الطبعة التركية		٩؛ ١	٩١؛ ٣٧١	خ ٧٢٧٣ (وفيه أيضًا ٢٩٧٧، ٧٠١٣)؛ م ٥٢٣؛ التأصيل ٧٢٦٩	في الصحيحين	على المطبوع: صحيح البخاري، الطبعة السلطانية، بولاق ١٣١١هـ (وعنها طوق النجاة)، ص٩١–٩٢ (المصوّرة: https://archive.org/details/03-54504/page/n91)	عند مسلم في طريقٍ آخر: «أُعطيتُ جوامع الكلم»	متحقّق — Verified	التوثيق	مطابقة الإنتاج، ٢٠٢٦/٠٩/٢٤		طوبق على مصوّرة المطبوع: الصفحة بالعين في رأس الصفحة، والنص ترجمة الباب والإسناد في ص٩١، والمتن «بعثت بجوامع الكلم» في رأس ص٩٢ (٧٢٧٣)؛ وطوبق الموضع الثاني على صحيح مسلم، تحقيق محمد فؤاد عبد الباقي، ص٣٧١: «بُعثتُ بجوامع الكلم» (٥٢٣)
م١-٠٣٤	ف٣	حديث	كان كلامُ رسول الله ﷺ كلامًا فَصْلًا…	نص	عائشة	أبو داود: الأدب، باب الهدي في الكلام	سنن أبي داود، المكتبة العصرية؛ والحكم من طبعة دار الرسالة العالمية ١٤٣٠هـ/٢٠٠٩م	محمد محيي الدين عبد الحميد؛ شعيب الأرنؤوط ومحمد كامل قره بللي	٤؛ ٧	٢٦١؛ ٢٠٨	د ٤٨٣٩	«إسناده حسن» (الأرنؤوط وقره بللي ٧/٢٠٨)؛ «وهذا إسنادٌ حسن» (الألباني، الصحيحة ٢٠٩٧، ٥/١٣١)	على المطبوع: سنن أبي داود، تحقيق محمد محيي الدين عبد الحميد، المكتبة العصرية، صيدا–بيروت، ج٤، ص٢٦١ (المصوّرة: https://archive.org/details/04-8461-2/page/n260)		متحقّق — Verified	التوثيق	مطابقة الإنتاج، ٢٠٢٦/٠٩/٢٤		طوبق على مصوّرة المطبوع: الصفحة بالعين على الصفحة، والنص (٤٨٣٩): «كان كلام رسول الله صلى الله عليه وسلم كلامًا فصلًا يفهمه كل من سمعه»، وترجمة «باب الهدي في الكلام» في ذيل ص٢٦٠؛ الحكم منسوبٌ إلى من حكم به من كتبه نفسها؛ وفي بيانات النسخة الرقمية حكمٌ للمعدّين يخالف لفظ الأرنؤوط فلم يُعتمد
م١-٠٣٥	ف٣	حديث	كان يحدّث حديثًا لو عدّه العادُّ لأحصاه	نص	عائشة	البخاري: المناقب، باب صفة النبي ﷺ؛ مسلم: الزهد والرقائق، باب التثبت في الحديث	صحيح البخاري، الطبعة السلطانية، بولاق ١٣١١هـ (وعنها صُوّرت طبعة دار طوق النجاة)، ترقيم عبد الباقي؛ والمقابلة على طبعة دار التأصيل؛ صحيح مسلم، مطبعة عيسى البابي الحلبي، ترقيم عبد الباقي؛ والمقابلة على الطبعة التركية		٤؛ ٤	١٩٠؛ ٢٢٩٨	خ ٣٥٦٧؛ م ٢٤٩٣؛ التأصيل ٣٥٦٣	في الصحيحين	على المطبوع: صحيح البخاري، الطبعة السلطانية، بولاق ١٣١١هـ (وعنها طوق النجاة)، ص١٩٠ (المصوّرة: https://archive.org/details/03-54504/page/n189)	لفظ مسلم: «إنما كان النبيّ ﷺ يحدّث حديثًا…»؛ واللفظ للبخاري	متحقّق مع اختلاف رواية — Verified with variant	التوثيق	مطابقة الإنتاج، ٢٠٢٦/٠٩/٢٤		طوبق على مصوّرة المطبوع: الصفحة بالعين في رأس الصفحة، والنص «كان يحدّث حديثًا لو عدّه العادّ لأحصاه» (٣٥٦٧)؛ وطوبق الموضع الثاني على صحيح مسلم، تحقيق محمد فؤاد عبد الباقي، ص٢٢٩٨: «لو عدّه العادّ لأحصاه» (٢٤٩٣)
م١-٠٣٦	ف٣	حديث	كان إذا تكلّم بكلمةٍ أعادها ثلاثًا حتى تُفهم عنه	نص	أنس بن مالك	البخاري: العلم، باب من أعاد الحديث ثلاثًا ليُفهم عنه	صحيح البخاري، الطبعة السلطانية، بولاق ١٣١١هـ (وعنها صُوّرت طبعة دار طوق النجاة)، ترقيم عبد الباقي؛ والمقابلة على طبعة دار التأصيل		١	٣٠	خ ٩٥؛ التأصيل ٩٦	في الصحيح	على المطبوع: صحيح البخاري، الطبعة السلطانية، بولاق ١٣١١هـ (وعنها طوق النجاة)، ص٣٠ (المصوّرة: https://archive.org/details/03-54504/page/n29)		متحقّق — Verified	التوثيق	مطابقة الإنتاج، ٢٠٢٦/٠٩/٢٤		طوبق على مصوّرة المطبوع: الصفحة بالعين في رأس الصفحة، والنص «كان إذا تكلّم بكلمةٍ أعادها ثلاثًا حتى تُفهم عنه» (٩٥)
م١-٠٣٧	ف٣	أثر مرفوع حكمًا	كان النبي ﷺ يتخوّلنا بالموعظة في الأيام…	نص	عبد الله بن مسعود	البخاري: العلم، باب ما كان النبي ﷺ يتخوّلهم بالموعظة؛ مسلم: صفة القيامة، باب الاقتصاد في الموعظة	صحيح البخاري، الطبعة السلطانية، بولاق ١٣١١هـ (وعنها صُوّرت طبعة دار طوق النجاة)، ترقيم عبد الباقي؛ والمقابلة على طبعة دار التأصيل؛ صحيح مسلم، مطبعة عيسى البابي الحلبي، ترقيم عبد الباقي؛ والمقابلة على الطبعة التركية		١؛ ٤	٢٥؛ ٢١٧٢–٢١٧٣	خ ٦٨؛ م ٢٨٢١؛ التأصيل ٦٩	في الصحيحين	على المطبوع: صحيح البخاري، الطبعة السلطانية، بولاق ١٣١١هـ (وعنها طوق النجاة)، ص٢٥ (المصوّرة: https://archive.org/details/03-54504/page/n24)	مسلم: «كراهيةَ السآمة» و«مخافةَ السآمة»؛ واللفظ للبخاري	متحقّق مع اختلاف رواية — Verified with variant	التوثيق	مطابقة الإنتاج، ٢٠٢٦/٠٩/٢٤		طوبق على مصوّرة المطبوع: الصفحة بالعين في رأس الصفحة، والنص «كان النبي ﷺ يتخوّلنا بالموعظة في الأيام كراهة السآمة علينا» (٦٨)؛ وطوبق الموضع الثاني على صحيح مسلم، تحقيق محمد فؤاد عبد الباقي، ص٢١٧٢–٢١٧٣: المتن في ص٢١٧٣ (٢٨٢١)
م١-٠٣٨	ف٣	حديث	إنّ طول صلاة الرجل، وقِصَر خطبته، مَئِنّةٌ من فقهه…	نص	عمّار بن ياسر	مسلم: الجمعة، باب تخفيف الصلاة والخطبة	صحيح مسلم، مطبعة عيسى البابي الحلبي، ترقيم عبد الباقي؛ والمقابلة على الطبعة التركية		٢	٥٩٤	م ٨٦٩	في الصحيح	على المطبوع: صحيح مسلم، تحقيق محمد فؤاد عبد الباقي، ص٥٩٤ (المصوّرة: https://archive.org/details/saheeh_moslem_Abdulbaqy/page/n593)		متحقّق — Verified	التوثيق	مطابقة الإنتاج، ٢٠٢٦/٠٩/٢٤		طوبق على مصوّرة المطبوع: الصفحة بالعين في ذيل الصفحة، والنص «إنّ طول صلاة الرجل وقِصَر خطبته مئنّةٌ من فقهه… وإنّ من البيان سحرًا» (٨٦٩)
م١-٠٣٩	ف٣	حديث	من كان يؤمن بالله واليوم الآخر فليقل خيرًا أو ليصمت	نص	أبو هريرة	البخاري: الأدب، باب من كان يؤمن بالله واليوم الآخر فلا يؤذ جاره، والرقاق، باب حفظ اللسان؛ مسلم: الإيمان	صحيح البخاري، الطبعة السلطانية، بولاق ١٣١١هـ (وعنها صُوّرت طبعة دار طوق النجاة)، ترقيم عبد الباقي؛ والمقابلة على طبعة دار التأصيل؛ صحيح مسلم، مطبعة عيسى البابي الحلبي، ترقيم عبد الباقي؛ والمقابلة على الطبعة التركية		٨؛ ١	١١؛ ٦٨	خ ٦٠١٨، ٦٤٧٥؛ م ٤٧	في الصحيحين	على المطبوع: صحيح البخاري، الطبعة السلطانية، بولاق ١٣١١هـ (وعنها طوق النجاة)، ص١١ (المصوّرة: https://archive.org/details/03-54504/page/n10)		متحقّق — Verified	التوثيق	مطابقة الإنتاج، ٢٠٢٦/٠٩/٢٤		طوبق على مصوّرة المطبوع: الصفحة بالعين في رأس الصفحة، والنص «من كان يؤمن بالله واليوم الآخر فليقل خيرًا أو ليصمت» (٦٠١٨)؛ وطوبق الموضع الثاني على صحيح مسلم، تحقيق محمد فؤاد عبد الباقي، ص٦٨: «فليقل خيرًا أو ليصمت» (٤٧)؛ طرفٌ من حديث
م١-٠٤٠	ف٣	حديث	والكلمة الطيبة صدقة	نص (طرف حديث)	أبو هريرة	البخاري: الجهاد والسير، باب من أخذ بالركاب؛ مسلم: الزكاة، باب أن اسم الصدقة يقع على كل نوع من المعروف	صحيح البخاري، الطبعة السلطانية، بولاق ١٣١١هـ (وعنها صُوّرت طبعة دار طوق النجاة)، ترقيم عبد الباقي؛ والمقابلة على طبعة دار التأصيل؛ صحيح مسلم، مطبعة عيسى البابي الحلبي، ترقيم عبد الباقي؛ والمقابلة على الطبعة التركية		٤؛ ٢	٥٦؛ ٦٩٩	خ ٢٩٨٩؛ م ١٠٠٩	في الصحيحين	على المطبوع: صحيح البخاري، الطبعة السلطانية، بولاق ١٣١١هـ (وعنها طوق النجاة)، ص٥٦ (المصوّرة: https://archive.org/details/03-54504/page/n55)		متحقّق — Verified	التوثيق	مطابقة الإنتاج، ٢٠٢٦/٠٩/٢٤		طوبق على مصوّرة المطبوع: الصفحة بالعين في رأس الصفحة، والنص «والكلمة الطيبة صدقة» (٢٩٨٩)؛ وطوبق الموضع الثاني على صحيح مسلم، تحقيق محمد فؤاد عبد الباقي، ص٦٩٩: «والكلمة الطيبة صدقة» (١٠٠٩)؛ طرفٌ من حديث «كلّ سُلامى…»
م١-٠٤١	ف٣	حديث	إنّ العبد ليتكلّم بالكلمة من رضوان الله…	نص	أبو هريرة	البخاري: الرقاق، باب حفظ اللسان	صحيح البخاري، الطبعة السلطانية، بولاق ١٣١١هـ (وعنها صُوّرت طبعة دار طوق النجاة)، ترقيم عبد الباقي؛ والمقابلة على طبعة دار التأصيل		٨	١٠١	خ ٦٤٧٨؛ التأصيل ٦٤٨٦	في الصحيح	على المطبوع: صحيح البخاري، الطبعة السلطانية، بولاق ١٣١١هـ (وعنها طوق النجاة)، ص١٠١ (المصوّرة: https://archive.org/details/03-54504/page/n100)	الأصل «يرفعُ اللهُ بها درجات»؛ ولأبي ذرّ عن الكشميهني «يرفعه الله» (حاشية التأصيل ٨/٢٨١)	متحقّق مع اختلاف رواية — Verified with variant	التوثيق	مطابقة الإنتاج، ٢٠٢٦/٠٩/٢٤		طوبق على مصوّرة المطبوع: الصفحة بالعين في رأس الصفحة، والنص «إنّ العبد ليتكلّم بالكلمة من رضوان الله لا يُلقي لها بالًا يرفع الله بها درجات…» (٦٤٧٨)؛ صُحّح المتن من «يرفعه» إلى لفظ الأصل، ونُبّه على الرواية في الحاشية
م١-٠٤٢	ف٣	حديث	إنّ الله رفيقٌ يحبّ الرفق في الأمر كلّه	نص	عائشة	البخاري: استتابة المرتدّين، باب إذا عرّض الذمّي بسبّ النبي ﷺ؛ مسلم: السلام، باب النهي عن ابتداء أهل الكتاب بالسلام	صحيح البخاري، الطبعة السلطانية، بولاق ١٣١١هـ (وعنها صُوّرت طبعة دار طوق النجاة)، ترقيم عبد الباقي؛ والمقابلة على طبعة دار التأصيل؛ صحيح مسلم، مطبعة عيسى البابي الحلبي، ترقيم عبد الباقي؛ والمقابلة على الطبعة التركية		٩؛ ٤	١٦؛ ١٧٠٦	خ ٦٩٢٧؛ م ٢١٦٥؛ التأصيل ٦٩٣٣	في الصحيحين	على المطبوع: صحيح البخاري، الطبعة السلطانية، بولاق ١٣١١هـ (وعنها طوق النجاة)، ص١٦ (المصوّرة: https://archive.org/details/03-54504/page/n15)	لفظ مسلم بلا «رفيق»؛ واللفظ للبخاري	متحقّق مع اختلاف رواية — Verified with variant	التوثيق	مطابقة الإنتاج، ٢٠٢٦/٠٩/٢٤		طوبق على مصوّرة المطبوع: الصفحة بالعين في رأس الصفحة، والنص «إنّ الله رفيقٌ يحبّ الرفق في الأمر كلّه» (٦٩٢٧)؛ وطوبق الموضع الثاني على صحيح مسلم، تحقيق محمد فؤاد عبد الباقي، ص١٧٠٦: «إنّ الله يحبّ الرفق في الأمر كلّه» (٢١٦٥)
م١-٠٤٣	ف٣	أثر موقوف	حدّثوا الناس بما يعرفون…	نص	عليّ بن أبي طالب	البخاري: العلم، باب من خصّ بالعلم قومًا دون قوم	صحيح البخاري، الطبعة السلطانية، بولاق ١٣١١هـ (وعنها صُوّرت طبعة دار طوق النجاة)، ترقيم عبد الباقي؛ والمقابلة على طبعة دار التأصيل		١	٣٧	خ ١٢٧؛ التأصيل ١٣١	موقوف، وصله البخاري بإسناده	على المطبوع: صحيح البخاري، الطبعة السلطانية، بولاق ١٣١١هـ (وعنها طوق النجاة)، ص٣٧ (المصوّرة: https://archive.org/details/03-54504/page/n36)		متحقّق — Verified	التوثيق	مطابقة الإنتاج، ٢٠٢٦/٠٩/٢٤		طوبق على مصوّرة المطبوع: الصفحة بالعين في رأس الصفحة، والنص «حدّثوا الناس بما يعرفون، أتحبّون أن يُكذَّب الله ورسوله» (١٢٧)؛ ذكره معلّقًا ثم وصله
م١-٠٤٤	ف٣، ف٨	أثر موقوف	ما أنت بمحدّثٍ قومًا حديثًا لا تبلغه عقولهم…	نص	عبد الله بن مسعود	مسلم: المقدمة، باب النهي عن الحديث بكل ما سمع	صحيح مسلم، مطبعة عيسى البابي الحلبي، ترقيم عبد الباقي؛ والمقابلة على الطبعة التركية		١	١١	بلا رقم في طبعة عبد الباقي	موقوف	على المطبوع: صحيح مسلم، تحقيق محمد فؤاد عبد الباقي، ص١١ (المصوّرة: https://archive.org/details/saheeh_moslem_Abdulbaqy/page/n10)		متحقّق — Verified	التوثيق	مطابقة الإنتاج، ٢٠٢٦/٠٩/٢٤		طوبق على مصوّرة المطبوع: الصفحة بالعين في ذيل الصفحة، والنص «ما أنت بمحدّثٍ قومًا حديثًا لا تبلغه عقولهم إلا كان لبعضهم فتنة» (المقدمة)
م١-٠٤٥	ف٤	نقل عالم	فمنه مستقيمٌ حسن، ومُحال…	نص	سيبويه	الكتاب، هذا باب الاستقامة من الكلام والإحالة	مكتبة الخانجي، ط٣، ١٤٠٨هـ/١٩٨٨م	عبد السلام محمد هارون	١	٢٥–٢٦			على المطبوع: ١/٢٥–٢٦ — الجملة «وأمّا المحال فأن تنقض أوّل كلامك بآخره…» ثابتةٌ في المطبوع، وسقطت من النسخة الرقمية بانتقال النظر		متحقّق — Verified	التوثيق	مطابقة الإنتاج، ٢٠٢٦/٠٩/٢٤		طوبق على مصوّرة المطبوع؛ وسقطت من النسخة الرقمية جملة «وأمّا المحال…» بانتقال النظر
م١-٠٤٦	ف٤	نقل عالم	أمّا حدُّها فإنها أصواتٌ يعبّر بها كلُّ قومٍ عن أغراضهم	نص	ابن جنّي	الخصائص، باب القول على اللغة وما هي	دار الكتب المصرية، القسم الأدبي؛ المكتبة العلمية	محمد علي النجار	١	٣٣			على المطبوع: الخصائص لابن جني، تحقيق محمد علي النجار، دار الكتب المصرية، القسم الأدبي؛ المكتبة العلمية، ج١، ص٣٣ (المصوّرة: https://archive.org/details/khsesjny1/page/n32)		متحقّق — Verified	التوثيق	مطابقة الإنتاج، ٢٠٢٦/٠٩/٢٤		طوبق على مصوّرة المطبوع: الصفحة بالعين على الصفحة، والنص «باب القول على اللغة وما هي — أما حدّها (فإنها أصوات) يعبّر بها كل قوم عن أغراضهم. هذا حدّها»؛ لم توجد مصوّرة الطبعة الرابعة للهيئة؛ فاعتُمدت طبعة دار الكتب، والحدّ فيها في ١/٣٣ (وكان يُحال على ٣٤)
م١-٠٤٧	ف٤	نقل عالم	الكلام: اللفظ المفيد فائدةً يحسن السكوت عليها	حكاية معنى، ولفظه في الحاشية	ابن عقيل	شرح ابن عقيل، باب الكلام وما يتألّف منه	دار التراث، ط٢٠، ١٤٠٠هـ/١٩٨٠م	محمد محيي الدين عبد الحميد	١	١٣–١٤			على المطبوع: شرح ابن عقيل، ومعه منحة الجليل لمحمد محيي الدين عبد الحميد، دار التراث، القاهرة، ط٢٠، رمضان ١٤٠٠هـ/يوليو ١٩٨٠م، ج١، ص١٣–١٤ (المصوّرة: https://archive.org/details/IbnAqilAlfiya/page/n13)		متحقّق — Verified	التوثيق	مطابقة الإنتاج، ٢٠٢٦/٠٩/٢٤		طوبق على مصوّرة المطبوع: الصفحة بالعين على الصفحة، والنص الباب في ص١٣، والحدّ في رأس ص١٤: «الكلامُ المصطلحُ عليه عند النحاة عبارة عن ‹اللفظِ المفيدِ فائدةً يَحسُنُ السكوتُ عليها›»؛ بيت الألفية ١/١٣، والحدّ ١/١٤
م١-٠٤٨	ف٤	نقل عالم	والبيانُ اسمٌ جامعٌ لكلِّ شيءٍ كشف لك قِناعَ المعنى…	نص	الجاحظ	البيان والتبيين	مكتبة الخانجي (تُطابق سنة الطبعة على صفحة العنوان)	عبد السلام محمد هارون	١	٧٦			على المطبوع: ١/٧٦ — مطابقٌ حرفًا بحرف		متحقّق — Verified	التوثيق	مطابقة الإنتاج، ٢٠٢٦/٠٩/٢٤		طوبق على مصوّرة المطبوع
م١-٠٤٩	ف٤	نقل عالم	لأنّ مدارَ الأمر… إنما هو الفهمُ والإفهام	نص	الجاحظ	البيان والتبيين	مكتبة الخانجي	عبد السلام محمد هارون	١	٧٦			على المطبوع: ١/٧٦ — فيه «إليها» كما في نصّنا، وليست في طبعة دار الهلال	في طبعة دار الهلال بلا «إليها»، وهي ثابتةٌ في طبعة هارون كما في نصّنا	متحقّق مع اختلاف رواية — Verified with variant	التوثيق	مطابقة الإنتاج، ٢٠٢٦/٠٩/٢٤		طوبق على مصوّرة المطبوع
م١-٠٥٠	ف٤	نقل عالم	ينبغي للمتكلّم أن يعرف أقدارَ المعاني…	نص	بشر بن المعتمر، برواية الجاحظ	البيان والتبيين، صحيفة بشر	مكتبة الخانجي	عبد السلام محمد هارون	١	١٣٨–١٣٩			على المطبوع: ١/١٣٨–١٣٩ — مطابقٌ حرفًا بحرف		متحقّق — Verified	التوثيق	مطابقة الإنتاج، ٢٠٢٦/٠٩/٢٤		طوبق على مصوّرة المطبوع
م١-٠٥١	ف٤	معلومة	مقصد ابن قتيبة في أدب الكاتب	حكاية معنى	ابن قتيبة	أدب الكاتب: خطبة الكتاب وأقسامه الأربعة	مؤسسة الرسالة، بيروت	محمد الدالي		١٢؛ ٢١، ٢١٣، ٣٠٧، ٤٣٣					متحقّق — Verified	التوثيق	مطابقة الإنتاج، ٢٠٢٦/٠٩/٢٤		طوبق على مصوّرة المطبوع (مطابقة المصوّرات، الدفعة V1R؛ https://archive.org/details/adkatib/page/n11): في الخطبة ص١٢ «كتبًا خفافًا في المعرفة، وفي تقويم اللسان واليد»، والأقسام: المعرفة ص٢١ (العنوان بين معقوفين من المحقّق)، وتقويم اليد ص٢١٣، وتقويم اللسان ص٣٠٧، والأبنية ص٤٣٣؛ ولا سنة على صفحة العنوان في المصوّرة
م١-٠٥٢	ف٤	معلومة	كتاب الصناعتين: الكتابة والشعر	معلومة	أبو هلال العسكري	كتاب الصناعتين	دار إحياء الكتب العربية (الحلبي)، ط١، ١٣٧١هـ/١٩٥٢م	علي محمد البجاوي ومحمد أبو الفضل إبراهيم		٢٣٨					متحقّق — Verified	التوثيق	مطابقة الإنتاج، ٢٠٢٦/٠٩/٢٤		طوبق على مصوّرة المطبوع (مطابقة المصوّرات، الدفعة V1R؛ https://archive.org/details/20210124_20210124_1939/page/n242): على صفحة العنوان «كتاب الصناعتين: الكتابة والشعر»، وفي خاتمة الجزء الأول ص٢٣٨ «تمّ الجزء الأول من كتاب الصناعتين»؛ ولم يثبت أن العنوان الشارح من صنيع المحقّقين، فحُذف القول به من الحاشية
م١-٠٥٣	ف٤	نقل عالم	اعلم أنْ ليس النظمُ إلا أن تضع كلامك الوضعَ الذي يقتضيه علمُ النحو…	نص	عبد القاهر الجرجاني	دلائل الإعجاز، الفقرة ٧٥	مكتبة الخانجي، إيداع ٢٠٠٠م	محمود محمد شاكر		٨١			على المطبوع: دلائل الإعجاز، قرأه وعلّق عليه محمود محمد شاكر، مكتبة الخانجي، القاهرة، رقم الإيداع ١١٨٨٩/٢٠٠٠، ص٨١ (المصوّرة: https://archive.org/details/20201101_20201101_1419/page/n112)		متحقّق — Verified	التوثيق	مطابقة الإنتاج، ٢٠٢٦/٠٩/٢٤		طوبق على مصوّرة المطبوع: الصفحة بالعين على الصفحة، والنص الفقرة ٧٥: «اعلم أن ليس ‹النظم› إلا أن تضع كلامك الوضع الذي يقتضيه ‹علم النحو›، وتعمل على قوانينه وأصوله…»؛ صُحّح المتن: كان «واعلم»، ولفظ الأصل «اعلم»
م١-٠٥٤	ف٤	نقل عالم	وأمّا بلاغة الكلام فهي مطابقته لمقتضى الحال مع فصاحته	نص	الخطيب القزويني	الإيضاح في علوم البلاغة	المكتبة الأزهرية للتراث، ط٣، ١٤١٣هـ/١٩٩٣م	محمد عبد المنعم خفاجي	١	٤١			على المطبوع: الإيضاح للقزويني، شرح وتعليق محمد عبد المنعم خفاجي، المكتبة الأزهرية للتراث، ط٣، ١٤١٣هـ/١٩٩٣م، ج١، ص٤١ (المصوّرة: https://archive.org/details/0862pdf1/page/n42)		متحقّق — Verified	التوثيق	مطابقة الإنتاج، ٢٠٢٦/٠٩/٢٤		طوبق على مصوّرة المطبوع: الصفحة بالعين على الصفحة، والنص «وأما بلاغة الكلام: فهي مطابقته لمقتضى الحال مع فصاحته»؛ في النسخة الرقمية «لمتقضى» خطأ رقن
م١-٠٥٥	ف٤	نقل عالم	آلات صناعة الكلام عند ابن الأثير، و«ومِلاكُ هذا كلِّه الطبع»	حكاية معنى ونصّ	ضياء الدين ابن الأثير	المثل السائر، الفصل الثاني: في آلات علم البيان وأدواته	دار نهضة مصر	أحمد الحوفي وبدوي طبانة	١	٣٨–٤١			على المطبوع: المثل السائر، تحقيق أحمد الحوفي وبدوي طبانة، دار نهضة مصر، القاهرة، ج١، ص٣٨–٤١ (المصوّرة: https://archive.org/details/mtsa4_202309/page/n37)		متحقّق — Verified	التوثيق	مطابقة الإنتاج، ٢٠٢٦/٠٩/٢٤		طوبق على مصوّرة المطبوع: الصفحة بالعين على الصفحة، والنص ص٣٨: «اعلم أن صناعة تأليف الكلام من المنظوم والمنثور تفتقر إلى آلات كثيرة… ومِلاكُ هذا كلِّه الطبعُ»؛ ص٤٠: «فيفتقر حينئذ إلى ثمانية أنواع من الآلات»، والخمسة الأولى فيها؛ ص٤١: السادس «حفظ القرآن الكريم، والتدرّب باستعماله وإدراجه في مطاوي كلامه»، والسابع والثامن (وكان يُحال على ٣٨–٤٠)؛ صُحّحت الحكاية على ما عدّه ابن الأثير من الآلات الثمانية
م١-٠٥٦	ف٤	نقل عالم	واعلم أنّ اعتياد اللغة يؤثّر في العقل والخلق والدين…	نص	ابن تيمية	اقتضاء الصراط المستقيم	مكتبة الرشد، الرياض	ناصر عبد الكريم العقل	١	٤٦٩			على المطبوع: اقتضاء الصراط المستقيم، تحقيق ناصر عبد الكريم العقل، مكتبة الرشد، الرياض، المجلد الأول (بلا رقم طبعة ولا سنة في المصوّرة)، ص٤٦٩ (المصوّرة: https://archive.org/details/0229Pdf_201804/page/n468)		متحقّق — Verified	التوثيق	مطابقة الإنتاج، ٢٠٢٦/٠٩/٢٤		طوبق على مصوّرة المطبوع: الصفحة بالعين على الصفحة، والنص «واعلم أن اعتياد اللغة يؤثر في العقل، والخلق، والدين تأثيرًا قويًّا بيّنًا…» (وكان يُحال على ٥٢٧ من طبعة عالم الكتب، ولا مصوّرة لها)
م١-٠٥٧	ف٤	نقل عالم	فإنّ نفس اللغة العربية من الدين، ومعرفتها فرضٌ واجب	نص	ابن تيمية	اقتضاء الصراط المستقيم	مكتبة الرشد، الرياض	ناصر عبد الكريم العقل	١	٤٦٩			على المطبوع: اقتضاء الصراط المستقيم، تحقيق ناصر عبد الكريم العقل، مكتبة الرشد، الرياض، المجلد الأول (بلا رقم طبعة ولا سنة في المصوّرة)، ص٤٦٩ (المصوّرة: https://archive.org/details/0229Pdf_201804/page/n468)		متحقّق — Verified	التوثيق	مطابقة الإنتاج، ٢٠٢٦/٠٩/٢٤		طوبق على مصوّرة المطبوع: الصفحة بالعين على الصفحة، والنص «وأيضًا – فإن نفس اللغة العربية من الدين، ومعرفتها فرض واجب»
م١-٠٥٨	ف٤	نقل عالم	ومن العجب أنّ الإنسان يهون عليه التحفّظ…	نص	ابن قيّم الجوزية	الداء والدواء (الجواب الكافي)	دار عطاءات العلم، ط٤، ١٤٤٠هـ/٢٠١٩م			٣٦٦			على المطبوع: الداء والدواء لابن القيم، تحقيق محمد أجمل الإصلاحي، دار عطاءات العلم، ط٤، ١٤٤٠هـ/٢٠١٩م، ص٣٦٦ (المصوّرة: https://archive.org/details/addaa/page/n365)	في طبعة دار المعرفة «والزنى»	متحقّق — Verified	التوثيق	مطابقة الإنتاج، ٢٠٢٦/٠٩/٢٤		طوبق على مصوّرة المطبوع: الصفحة بالعين على الصفحة، والنص «ومن العجب أنّ الإنسان يهون عليه التحفظ والاحتراز من أكل الحرام والظلم والزنا والسرقة وشرب الخمر… ويصعب عليه التحفظ من حركة لسانه»
م١-٠٥٩	ف٤	نقل عالم	اعلم أنّ اللغات كلَّها ملكاتٌ شبيهةٌ بالصناعة	نص	ابن خلدون	المقدمة، الفصل السادس والأربعون	دار الفكر، بيروت (والمصوّرات عنها)		١	٧٦٤			على المطبوع: تاريخ ابن خلدون، دار الفكر، بيروت، ١٤٠١هـ/١٩٨١م، ص764 (المصوّرة: https://archive.org/details/01-17270/page/n763)		متحقّق — Verified	التوثيق	مطابقة الإنتاج، ٢٠٢٦/٠٩/٢٤		طوبق على مصوّرة المطبوع: الصفحة بالعين في تذييل الصفحة، والنص بالعين على الصورة
م١-٠٦٠	ف٤، ف٥	نقل عالم	فهو علمٌ بكيفيّةٍ، لا نفسُ كيفيّة	نص	ابن خلدون	المقدمة، الفصل الخمسون	دار الفكر، بيروت		١	٧٧٢			على المطبوع: تاريخ ابن خلدون، دار الفكر، بيروت، ١٤٠١هـ/١٩٨١م، ص772 (المصوّرة: https://archive.org/details/01-17270/page/n771)		متحقّق — Verified	التوثيق	مطابقة الإنتاج، ٢٠٢٦/٠٩/٢٤		طوبق على مصوّرة المطبوع: الصفحة بالعين في تذييل الصفحة، والنص «فهو علمٌ بكيفيّةٍ، لا نفسُ كيفيّة» في أول الفصل الخمسين (أعيدت قراءته بالعين على الورقة n771؛ وكان مسجّلًا خطأً ص773 n772)؛ في ف٥ إحالةٌ إلى ف٤
م١-٠٦١	ف٤	نقل عالم	والسمعُ أبو الملكات اللسانية	نص	ابن خلدون	المقدمة، الفصل الخامس والأربعون، علم النحو	دار الفكر، بيروت		١	٧٥٤			على المطبوع: تاريخ ابن خلدون، دار الفكر، بيروت، ١٤٠١هـ/١٩٨١م، ص754 (المصوّرة: https://archive.org/details/01-17270/page/n753)		متحقّق — Verified	التوثيق	مطابقة الإنتاج، ٢٠٢٦/٠٩/٢٤		طوبق على مصوّرة المطبوع: الصفحة بالعين في تذييل الصفحة، والنص آليًّا (Tesseract)، تطابق الحروف 87٪؛ صُحّح المتن: كان «ثم قال» كأنه في الفصل نفسه، وهو في موضعٍ متقدّم؛ وأُثبتت الواو كما في الأصل
م١-٠٦٢	ف٧	دراسة حديثة	الكفاية التواصلية: متى يتكلّم، وماذا يقول، ولمن…	حكاية معنى	Dell Hymes	On Communicative Competence, in Pride & Holmes (eds.), Sociolinguistics: Selected Readings	Penguin, Harmondsworth, 1972								توثيقٌ ناقص — Citation incomplete	التوثيق	مطابقة الإنتاج، ٢٠٢٦/٠٩/٢٤		صفحات الفصل من الفهارس؛ تُطابق الصفحة التي فيها العبارة على المطبوع
م١-٠٦٣	ف٨	حديث	إنّ الله يرفع بهذا الكتاب أقوامًا، ويضع به آخرين	نص	عمر بن الخطاب	مسلم: صلاة المسافرين، باب فضل من يقوم بالقرآن ويعلّمه	صحيح مسلم، مطبعة عيسى البابي الحلبي، ترقيم عبد الباقي؛ والمقابلة على الطبعة التركية		١	٥٥٩	م ٨١٧	في الصحيح	على المطبوع: صحيح مسلم، تحقيق محمد فؤاد عبد الباقي، ص٥٥٩ (المصوّرة: https://archive.org/details/saheeh_moslem_Abdulbaqy/page/n558)		متحقّق — Verified	التوثيق	مطابقة الإنتاج، ٢٠٢٦/٠٩/٢٤		طوبق على مصوّرة المطبوع: الصفحة بالعين في ذيل الصفحة، والنص «إنّ الله يرفع بهذا الكتاب أقوامًا ويضع به آخرين» (٨١٧)
م١-٠٦٤	ف٨	حديث	الماهرُ بالقرآن مع السَّفَرة الكرام البَرَرة…	نص	عائشة	مسلم: صلاة المسافرين، باب فضل الماهر بالقرآن؛ البخاري: تفسير القرآن، سورة عبس	صحيح مسلم، مطبعة عيسى البابي الحلبي، ترقيم عبد الباقي؛ والمقابلة على الطبعة التركية؛ صحيح البخاري، الطبعة السلطانية، بولاق ١٣١١هـ (وعنها صُوّرت طبعة دار طوق النجاة)، ترقيم عبد الباقي؛ والمقابلة على طبعة دار التأصيل		١؛ ٦	٥٤٩؛ ١٦٦	م ٧٩٨؛ خ ٤٩٣٧	في الصحيحين	على المطبوع: صحيح مسلم، تحقيق محمد فؤاد عبد الباقي، ص٥٤٩–٥٥٠ (المصوّرة: https://archive.org/details/saheeh_moslem_Abdulbaqy/page/n549)	لفظ البخاري: «مثَلُ الذي يقرأ القرآن وهو حافظٌ له مع السفرة الكرام…»، ونُبّه عليه	متحقّق مع اختلاف رواية — Verified with variant	التوثيق	مطابقة الإنتاج، ٢٠٢٦/٠٩/٢٤		طوبق على مصوّرة المطبوع: الصفحة بالعين في ذيل الصفحة، والنص الإسناد في ذيل ص٥٤٩ (٧٩٨)، والمتن «الماهر بالقرآن مع السفرة الكرام البررة…» في رأس ص٥٥٠
م١-٠٦٥	ف٨	نقل عالم	كيف يُلقَّن المتكلّم المفردات ثم التراكيب حتى تصير ملكة	حكاية معنى	ابن خلدون	المقدمة، الفصل السادس والأربعون	دار الفكر، بيروت، ط١، ١٤٠١هـ/١٩٨١م		١	٧٦٥					متحقّق — Verified	التوثيق	مطابقة الإنتاج، ٢٠٢٦/٠٩/٢٤		طوبق على مصوّرة المطبوع (مطابقة المصوّرات، الدفعة V1R؛ https://archive.org/details/01-17270/page/n764): الفصل ٤٦ يبدأ ص٧٦٤ والموضع ص٧٦٥؛ أُدنيت الحكاية من اللفظ (تشبيه الصبيّ، و«استعماله يتكرّر»، و«فيُلقَّنها»)، وصُرّح بأنها حكاية
م١-٠٦٦	ف٨	نقل عالم	فساد الملكة بالمخالطة، وطريق تحصيلها بحفظ كلام العرب	حكاية معنى	ابن خلدون	المقدمة، الفصل التاسع والأربعون؛ والثامن والأربعون	دار الفكر، بيروت، ط١، ١٤٠١هـ/١٩٨١م		١	٧٧١–٧٧٢؛ ٧٧٠–٧٧١					متحقّق — Verified	التوثيق	مطابقة الإنتاج، ٢٠٢٦/٠٩/٢٤		طوبق على مصوّرة المطبوع (مطابقة المصوّرات، الدفعة V1R؛ https://archive.org/details/01-17270/page/n770): الفصل ٤٩ يبدأ ص٧٧١، و«فتحصل له هذه الملكة بهذا الحفظ والاستعمال» ص٧٧٢؛ و«في الأمصار» بمخالطة العجمة من الفصل ٤٨، ص٧٧٠–٧٧١؛ وأسقطت الحكاية «وكلمات المولّدين» بلا إخلال
م١-٠٦٧	ف٨	معلومة	سيبويه فارسيّ الأصل، والزمخشري من خوارزم	معلومة		الذهبي، سير أعلام النبلاء؛ السيوطي، بغية الوعاة؛ ابن خلّكان، وفيات الأعيان	مؤسسة الرسالة، ط٢، ١٤٠٢هـ/١٩٨٢م؛ المكتبة العصرية؛ دار صادر	شعيب الأرنؤوط وآخرون؛ محمد أبو الفضل إبراهيم؛ إحسان عباس	٨؛ ٢؛ ٥	٣٥١؛ ٢٢٩؛ ١٧١			على المطبوع: سير أعلام النبلاء، مؤسسة الرسالة، ط٢، ١٤٠٢هـ/١٩٨٢م، ج٨؛ بغية الوعاة، ت. محمد أبو الفضل إبراهيم، المكتبة العصرية، ج٢؛ وفيات الأعيان، ت. إحسان عباس، دار صادر، ج٥، ص٣٥١؛ ٢٢٩؛ ١٧١ (المصوّرة: https://archive.org/details/DAH1985ARAR/page/n350)		متحقّق — Verified	التوثيق	مطابقة الإنتاج، ٢٠٢٦/٠٩/٢٤		طوبق على مصوّرة المطبوع: الصفحة بالعين على الصفحة، والنص السير ٨/٣٥١ (سيبويه): «الفارسيُّ، ثم البصري»؛ البغية ٢/٢٢٩: «كان أصلُه من البيضاء من أرض فارس، ونشأ بالبصرة»؛ الوفيات ٥/١٧١، في إجازة الزمخشري: «وأما المولد فقرية مجهولة من قرى خوارزم تسمى زمخشر»؛ في الزمخشري نصّه هو في إجازته، كما نقله ابن خلّكان؛ وكانت الطبعة المسمّاة من السير الثالثة (١٤٠٥هـ) ولم توجد مصوّرتها، فاعتُمدت الثانية وطوبقت، والصفحة نفسها في الحادية عشرة (١٤١٧هـ)
م١-٠٦٨	ف٨	معلومة لغوية	«دحين» من «ذا الحين»	معلومة	عاتق بن غيث البلادي	الأدب الشعبي في الحجاز، معجم الألفاظ (حرف الدال وحرف الذال)	دار مكة للطباعة والنشر والتوزيع، مكة المكرمة، ط٢، ١٤٠٢هـ/١٩٨٢م			٣٥٥؛ ٣٥٨					متحقّق — Verified	التوثيق	مطابقة الإنتاج، ٢٠٢٦/٠٩/٢٤		طوبق على مصوّرة المطبوع (مطابقة المصوّرات، الدفعة V1R؛ https://archive.org/details/20220206_20220206_1632/page/n354): «دَحِين أو ذحين: الأولى للحاضرة، والثانية للبادية، بمعنى ذا الحين، وهي من الإبدال» ص٣٥٥، و«ذَحِين: بدل ذا الحين» ص٣٥٨؛ حُذف «فيما يُذكر» من المتن؛ ومثله في عون الشريف قاسم، قاموس اللهجة العامية في السودان، ص٣٦٥ (رُئيت الصفحة ولم تُرَ صفحة العنوان، فلم يُحل إليه)
م١-٠٦٩	ف١٣	دراسة حديثة	فرغسون ١٩٥٩، الازدواجية	معلومة	Charles A. Ferguson	"Diglossia", Word 15, no. 2	Word 15, no. 2 (August 1959)		15	325–340؛ 326–327، 329، 331					متحقّق — Verified	التوثيق	مطابقة الإنتاج، ٢٠٢٦/٠٩/٢٤		طوبق على مصوّرة المطبوع؛ طوبق على مصوّرة العدد (مطابقة المصوّرات، الدفعة V1R؛ https://archive.org/details/sim_word_1959-08_15_2/page/n108): اللغات الأربع ص326، وتسمية H وL ص327، وجدول الوظائف ص329، والاكتساب ص331؛ وطوبقت البيانات على سجلّ Crossref: 10.1080/00437956.1959.11659702
م١-٠٧٠	ف١٣	دراسة حديثة	بدوي، مستويات العربية المعاصرة في مصر	معلومة	السعيد محمد بدوي	مستويات العربية المعاصرة في مصر	دار المعارف، القاهرة، ١٩٧٣			٨٩؛ ٩٤–٩٥					متحقّق — Verified	التوثيق	مطابقة الإنتاج، ٢٠٢٦/٠٩/٢٤		طوبق على مصوّرة المطبوع (مطابقة المصوّرات، الدفعة V1R؛ https://archive.org/details/phonetics_20160228/page/n46): المستويات الخمسة ص٨٩، وانسياب بعضها في بعض وتمثيله بألوان الطيف ص٩٤–٩٥؛ وسنة ١٩٧٣ من فهرس Open Library، إذ لا سنة في صفحتي العنوان والحقوق من المصوّرة؛ وتنقّل المتكلّم الواحد بين المستويات في الحديث الواحد لم يوجد عنده، فجُعل في المدخل ملاحظةً للمؤلف
م١-٠٧١	ف١٠	حديث	إنّ من البيان لسحرًا	نص	عبد الله بن عمر	البخاري: الطبّ، بابٌ: من البيان سحرًا؛ والنكاح، باب الخطبة	صحيح البخاري، الطبعة السلطانية، بولاق ١٣١١هـ (وعنها صُوّرت طبعة دار طوق النجاة)، ترقيم عبد الباقي؛ والمقابلة على طبعة دار التأصيل		٧	١٣٨	خ ٥٧٦٧، ٥١٤٦	في الصحيح	على المطبوع: صحيح البخاري، الطبعة السلطانية، بولاق ١٣١١هـ (وعنها طوق النجاة)، ص١٣٨ (المصوّرة: https://archive.org/details/03-54504/page/n137)	في ٥٧٦٧: «أو: إنّ بعض البيان لسحرٌ»؛ وفي ٥١٤٦: «إنّ من البيان سحرًا»	متحقّق مع اختلاف رواية — Verified with variant	التوثيق	مطابقة الإنتاج، ٢٠٢٦/٠٩/٢٤		طوبق على مصوّرة المطبوع: الصفحة بالعين في رأس الصفحة، والنص «إنّ من البيان لسحرًا» (٥٧٦٧)، وترجمة الباب فيها «باب من البيان سحرًا»؛ كان بلا تخريج
م١-٠٧٢	ف٤	نقل عالم	ولذلك نجد كثيرًا من جهابذة النحاة…	نص	ابن خلدون	المقدمة، الفصل الخمسون	دار الفكر، بيروت		١	٧٧٣			على المطبوع: تاريخ ابن خلدون، دار الفكر، بيروت، ١٤٠١هـ/١٩٨١م، ص773 (المصوّرة: https://archive.org/details/01-17270/page/n772)		متحقّق — Verified	التوثيق	مطابقة الإنتاج، ٢٠٢٦/٠٩/٢٤		طوبق على مصوّرة المطبوع: الصفحة بالعين في تذييل الصفحة، والنص آليًّا (Tesseract)، تطابق الحروف 89٪؛ كان حكايةً مختصرة، فأُثبت بنصّه
م١-٠٧٣	ف١٢	نقل عالم	اعلم أنّ الصناعة هي ملكةٌ في أمرٍ عمليٍّ فكري	نص في حاشية	ابن خلدون	المقدمة، الفصل السادس عشر	دار الفكر، بيروت		١	٥٠١			على المطبوع: تاريخ ابن خلدون، دار الفكر، بيروت، ١٤٠١هـ/١٩٨١م، ص501 (المصوّرة: https://archive.org/details/01-17270/page/n500)	في النسخة الباريسية «من المعلّم» في عنوان الفصل	متحقّق — Verified	التوثيق	مطابقة الإنتاج، ٢٠٢٦/٠٩/٢٤		طوبق على مصوّرة المطبوع: الصفحة بالعين في تذييل الصفحة، والنص آليًّا (Tesseract)، تطابق الحروف 87٪
م١-٠٧٤	ف١٢	نقل عالم	والملكات لا تحصل إلا بتكرار الأفعال	نص في حاشية	ابن خلدون	المقدمة، الفصل السادس والأربعون	دار الفكر، بيروت		١	٧٦٤			على المطبوع: تاريخ ابن خلدون، دار الفكر، بيروت، ١٤٠١هـ/١٩٨١م، ص764 (المصوّرة: https://archive.org/details/01-17270/page/n763)		متحقّق — Verified	التوثيق	مطابقة الإنتاج، ٢٠٢٦/٠٩/٢٤		طوبق على مصوّرة المطبوع: الصفحة بالعين في تذييل الصفحة، والنص آليًّا (Tesseract)، تطابق الحروف 97٪
م١-٠٧٥	ف٧	نقل عالم	فتحصل له هذه الملكة بهذا الحفظ والاستعمال…	نص في حاشية	ابن خلدون	المقدمة، الفصل التاسع والأربعون	دار الفكر، بيروت		١	٧٧٢			على المطبوع: تاريخ ابن خلدون، دار الفكر، بيروت، ١٤٠١هـ/١٩٨١م، ص772 (المصوّرة: https://archive.org/details/01-17270/page/n771)		متحقّق — Verified	التوثيق	مطابقة الإنتاج، ٢٠٢٦/٠٩/٢٤		طوبق على مصوّرة المطبوع: الصفحة بالعين في تذييل الصفحة، والنص آليًّا (Tesseract)، تطابق الحروف 90٪؛ ترتيب المراحل في المتن تلخيصٌ صُرّح به
م١-٠٧٦	ف١	نقل مفسّر	اختلاف المفسّرين في «البيان»، واختيار الطبري	حكاية معنى ونصّ	الطبري	جامع البيان، الرحمن: ٤	دار هجر، ط١، ١٤٢٢هـ/٢٠٠١م	عبد الله بن عبد المحسن التركي	٢٢	١٦٩–١٧٠			على المطبوع: جامع البيان للطبري، تحقيق عبد الله التركي، دار هجر، القاهرة، ط١، ١٤٢٢هـ/٢٠٠١م، ص١٦٩–١٧٠ (المصوّرة: https://archive.org/details/elshandawily14829/page/n169)		متحقّق — Verified	التوثيق	مطابقة الإنتاج، ٢٠٢٦/٠٩/٢٤		طوبق على مصوّرة المطبوع: الصفحة بالعين في رأس الصفحة، والنص ج٢٢، رأس القول في ص١٦٩، والترجيح في ص١٧٠: «والصواب من القول في ذلك أن يقال: إن معنى ذلك أن الله علّم الإنسان بيان ما به إليه الحاجة من أمر دينه ودنياه…»؛ صُحّح المتن: كان «ترجع في جملتها إلى…»، والأقوال مختلفة
م١-٠٧٧	ف٨	نقل عالم	«إيش» من «أيّ شيء»	نص في حاشية	الشاطبي	المقاصد الشافية في شرح الخلاصة الكافية، التصريف	معهد البحوث العلمية وإحياء التراث الإسلامي، جامعة أم القرى، مكة المكرمة، ط١، ١٤٢٨هـ/٢٠٠٧م	محمد إبراهيم البنّا (الجزء الثامن)	٨	٢٤٦			أصله أي شيء ؟ لكنه اختصر إلى أن لم يبق من « شيء » إلا		متحقّق — Verified	التوثيق	مطابقة الإنتاج، ٢٠٢٦/٠٩/٢٤		طوبق على مصوّرة المطبوع (مطابقة المصوّرات، الدفعة V1R؛ https://archive.org/details/01-84601/page/n245)، وفيه «أَيْشٍ»؛ والمحقّق من صفحة عنوان الجزء الثامن
م١-٠٧٨	ف١	شعر (موضع استشهاد)	استشهاد ابن هشام ببيت «إنّ الكلام لفي الفؤاد»	معلومة	ابن هشام	شرح شذور الذهب في معرفة كلام العرب، معنى الكلام	دار الطلائع، القاهرة (رقم الإيداع ١٣٦٣٤/٢٠٠٤)، ومعه منتهى الأرب بتحقيق شرح شذور الذهب	محمد محيي الدين عبد الحميد		٥٢					متحقّق — Verified	التوثيق	مطابقة الإنتاج، ٢٠٢٦/٠٩/٢٤		طوبق على مصوّرة المطبوع (مطابقة المصوّرات، الدفعة V1R؛ https://archive.org/details/20240713_20240713_1626/page/n51): «قال الأخطل»، وفي حاشية المحقّق (٩) أنه بحث ديوان الأخطل فلم يجد البيتين، ووجدهما في زياداته (شعر الأخطل ص٥٠٨)؛ وعُدل عن طبعة الدقر (ص٣٥) لأن مصوّرتها لم توجد
م١-٠٧٩	ف١٠	نقل عالم	وأبى جمهور أهل الأدب والعلم بلسان العرب إلا أن يجعلوا… مدحًا	نص	ابن عبد البرّ	التمهيد لما في الموطّأ من المعاني والأسانيد	مؤسسة الفرقان، لندن، ط١، ١٤٣٩هـ/٢٠١٧م	بشار عواد معروف وآخرون	٣	٥٨٣			على المطبوع: التمهيد لابن عبد البر، تحقيق بشار عواد معروف وسليم محمد عامر ومحمد بشار عواد، مؤسسة الفرقان، لندن، ط١، ١٤٣٩هـ/٢٠١٧م، المجلد الثالث، ص٥٨٣ (المصوّرة: https://archive.org/details/01-172271_202608/page/n582)		متحقّق — Verified	التوثيق	مطابقة الإنتاج، ٢٠٢٦/٠٩/٢٤		طوبق على مصوّرة المطبوع: الصفحة بالعين على الصفحة، والنص «وأبى جمهورُ أهلِ الأدبِ والعلم بلسانِ العربِ إلّا أن يجعَلُوا قولَه ﷺ: ‹إن من البيانِ لَسِحرًا› مَدْحًا وثناءً وتَفْضِيلًا للبيانِ وإطْراءً…» في رأس ص٥٨٣؛ وفي ص٥٨٢: «وإلى هذا المعنى ذهب طائفةٌ من أصحاب مالك. واستدلّوا على ذلك بإدخال مالكٍ له في «موطّئه» في باب ما يُكره من الكلام»؛ أُدخل لبيان الخلاف في الحديث: أمدحٌ هو أم ذمّ؛ كان الجواب يجزم بالمدح؛ النص المنقول في رأس ص٥٨٣، والقول بالذمّ ونسبته إلى طائفةٍ من أصحاب مالك في ص٥٨٢ (طوبقت الصفحتان)؛ وفي حاشية المحققين أن فقرة النص من النسخة ق
م١-٠٨٠	ف٤	نقل عالم	جميع ما يحتاج إليه في صنعة الكلام: نثره ونظمه	نص	أبو هلال العسكري	كتاب الصناعتين	دار إحياء الكتب العربية (الحلبي)، ط١، ١٣٧١هـ/١٩٥٢م	علي محمد البجاوي ومحمد أبو الفضل إبراهيم		٥			على المطبوع: كتاب الصناعتين، تحقيق علي محمد البجاوي ومحمد أبو الفضل إبراهيم، دار إحياء الكتب العربية (الحلبي)، ط١، ١٣٧١هـ/١٩٥٢م، ص٥ (المصوّرة: https://archive.org/details/20210124_20210124_1939/page/n9)		متحقّق — Verified	التوثيق	مطابقة الإنتاج، ٢٠٢٦/٠٩/٢٤		طوبق على مصوّرة المطبوع: الصفحة بالعين على الصفحة، والنص ص٥: «…مشتملًا على جميع ما يُحتاج إليه في صنعة الكلام: نثره ونظمه»؛ وص٢٣٨: «تمّ الجزء الأول من كتاب الصناعتين»؛ أُدخل بدل «سمّى كتابه كتاب الصناعتين: الكتابة والشعر» (الباب ٨٣)
م١-٠٨١	ف١٢	نقل عالم	وقد نجد بعض المهرة في صناعة الإعراب بصيرًا بحال هذه الملكة	نص في حاشية	ابن خلدون	المقدمة، الفصل الخمسون	دار الفكر، بيروت		١	٧٧٣			على المطبوع: تاريخ ابن خلدون، دار الفكر، بيروت، ١٤٠١هـ/١٩٨١م، ص773 (المصوّرة: https://archive.org/details/01-17270/page/n772)		متحقّق — Verified	التوثيق	مطابقة الإنتاج، ٢٠٢٦/٠٩/٢٤		طوبق على مصوّرة المطبوع: الصفحة بالعين في تذييل الصفحة، والنص آليًّا (Tesseract)، تطابق الحروف 89٪؛ شاهد استعمال «صناعة الإعراب»
م١-٠٨٢	ف١٢	نقل عالم	ويسمّونه المعلّم الأوّل على الإطلاق، يعنون معلّم صناعة المنطق	نص في حاشية	ابن خلدون	المقدمة، الفصل الحادي والثلاثون	دار الفكر، بيروت		١	٧٠٩			على المطبوع: تاريخ ابن خلدون، دار الفكر، بيروت، ١٤٠١هـ/١٩٨١م، ص709 (المصوّرة: https://archive.org/details/01-17270/page/n708)		متحقّق — Verified	التوثيق	مطابقة الإنتاج، ٢٠٢٦/٠٩/٢٤		طوبق على مصوّرة المطبوع: الصفحة بالعين في تذييل الصفحة، والنص آليًّا (Tesseract)، تطابق الحروف 90٪؛ شاهد استعمال «صناعة المنطق»؛ وكان المتن ينسب اللفظين إلى «الفلاسفة والأطباء» بلا مصدر
م١-٠٨٣	ف١	نقل عالم	المراد بالنّطق في قولهم الإنسان حيوان ناطق هو القوة الموجودة في جنان الإنسان…	نص في حاشية	التهانوي	كشاف اصطلاحات الفنون والعلوم، مادة «النطق»	مكتبة لبنان ناشرون، بيروت، ط١، ١٩٩٦م	علي دحروج	٢	١٧٠٣			على المطبوع: كشاف اصطلاحات الفنون والعلوم للتهانوي، تحقيق علي دحروج، مكتبة لبنان ناشرون، ط١، ١٩٩٦م، ج٢، ص١٧٠٣ (المصوّرة: https://archive.org/details/TAH1996ARAR/page/n659)		متحقّق — Verified	التوثيق	مطابقة الإنتاج، ٢٠٢٦/٠٩/٢٤		طوبق على مصوّرة المطبوع: الصفحة بالعين على الصفحة، والنص مادة «النطق»: «…أنّ المراد بالنطق في قولهم الإنسان حيوان ناطق هو القوة الموجودة في جنان الإنسان التي ينتقش فيها المعاني…» (ينقله عن بديع الميزان)؛ حاشية ضبط مصطلح لحدّ المناطقة «حيوان ناطق»، وكان بلا مصدر
م١-٠٨٤	ف١١	نقل عالم	أن تكون الكلمة وحشيةً لا يظهر معناها	نص	الخطيب القزويني	الإيضاح في علوم البلاغة	المكتبة الأزهرية للتراث، ط٣، ١٤١٣هـ/١٩٩٣م	محمد عبد المنعم خفاجي	١	٢٣			على المطبوع: الإيضاح للقزويني، شرح وتعليق محمد عبد المنعم خفاجي، المكتبة الأزهرية للتراث، ط٣، ١٤١٣هـ/١٩٩٣م، ج١، ص٢٣ (المصوّرة: https://archive.org/details/0862pdf1/page/n24)		متحقّق — Verified	التوثيق	مطابقة الإنتاج، ٢٠٢٦/٠٩/٢٤		طوبق على مصوّرة المطبوع: الصفحة بالعين على الصفحة، والنص «والغرابة: أن تكون الكلمة وحشية لا يظهر معناها…»؛ كان المتن يجعل الغرابة عيبًا في «الكلام» وهي عند القزويني عيبٌ في المفرد، ويحكي الحدّ بلفظ التلخيص؛ صُحّح إلى لفظ الإيضاح
م١-٠٨٥	ف٥	نقل عالم	فعلى كل مسلمٍ أن يتعلّم من لسان العرب ما بلغه جهده…	نص	الشافعي	الرسالة، الفقرة ١٦٧	مصطفى البابي الحلبي، ط١، ١٣٥٨هـ/١٩٤٠م	أحمد محمد شاكر		٤٨			على المطبوع: الرسالة للشافعي، تحقيق وشرح أحمد محمد شاكر، مصطفى البابي الحلبي وأولاده بمصر، الطبعة الأولى ١٣٥٨هـ/١٩٤٠م (من صفحة الحقوق)، ص٤٨ (المصوّرة: https://archive.org/details/risala-cahfi3i-shaker/page/n163)		متحقّق — Verified	التوثيق	مطابقة الإنتاج، ٢٠٢٦/٠٩/٢٤		طوبق على مصوّرة المطبوع: الصفحة بالعين في رأس الصفحة، والنص الفقرة ١٦٧ بنصّها: «…وأن محمداً عبدُهُ ورسُولُه، ويَتْلُوَ به كتابَ الله، ويَنْطِقَ بالذِّكْرِ فيما افْتُرِضَ عليه…» (وفي الحاشية ٩: «فيما» تصحيحٌ فوق «بما» في الأصل)؛ في النسخة الرقمية «منن» و«محمد»؛ والمطبوع (ص٤٨) «وأن محمداً عبدُهُ ورسُولُه»، وفي حاشية شاكر ٩ أن «فيما» في الأصل «بما» وفوقها «فيما»؛ وسنة الطبعة الأولى في صفحة حقوقها ١٣٥٨هـ/١٩٤٠م لا ١٣٥٧هـ
م١-٠٨٦	ف٥	نقل عالم	فإنّ نفس اللغة العربية من الدين… ومنها ما هو واجبٌ على الكفاية	نص	ابن تيمية	اقتضاء الصراط المستقيم	مكتبة الرشد، الرياض	ناصر عبد الكريم العقل	١	٤٦٩			على المطبوع: اقتضاء الصراط المستقيم، تحقيق ناصر عبد الكريم العقل، مكتبة الرشد، الرياض، المجلد الأول (بلا رقم طبعة ولا سنة في المصوّرة)، ص٤٦٩ (المصوّرة: https://archive.org/details/0229Pdf_201804/page/n468)		متحقّق — Verified	التوثيق	مطابقة الإنتاج، ٢٠٢٦/٠٩/٢٤		طوبق على مصوّرة المطبوع: الصفحة بالعين على الصفحة، والنص «…فإن فهم الكتاب والسنة فرض، ولا يفهم إلا بفهم اللغة العربية، وما لا يتم الواجب إلا به فهو واجب. ثم منها ما هو واجب على الأعيان، ومنها ما هو واجب على الكفاية»
م١-٠٨٧	ف٥	نقل عالم	ولسان العرب أوسع الألسنة مذهبًا، وأكثرها ألفاظًا	نص	الشافعي	الرسالة، الفقرة ١٣٨	مصطفى البابي الحلبي، ط١، ١٣٥٨هـ/١٩٤٠م	أحمد محمد شاكر		٤٢			على المطبوع: الرسالة للشافعي، تحقيق وشرح أحمد محمد شاكر، مصطفى البابي الحلبي وأولاده بمصر، الطبعة الأولى ١٣٥٨هـ/١٩٤٠م (من صفحة الحقوق)، ص٤٢ (المصوّرة: https://archive.org/details/risala-cahfi3i-shaker/page/n157)		متحقّق — Verified	التوثيق	مطابقة الإنتاج، ٢٠٢٦/٠٩/٢٤		طوبق على مصوّرة المطبوع: الصفحة بالعين في رأس الصفحة، والنص الفقرة ١٣٨: «ولسانُ العرب أوسعُ الألسنةِ مذهباً، وأكثرها ألفاظاً، ولا نعلمه يحيط بجميع علمه إنسانٌ غيرُ نبيٍّ»؛ دعوى مقارنة تُحكى منسوبةً (الباب ٨٩)
م١-٠٨٨	ف٥	نقل عالم	من العلوم الجليلة التي خُصّت بها العرب الإعرابُ…	نص	ابن فارس	الصاحبي، باب ذكر ما اختصت به العرب	محمد علي بيضون، ط١، ١٤١٨هـ			٤٣			على المطبوع: الصاحبي لابن فارس، علّق عليه أحمد حسن بسج، منشورات محمد علي بيضون، دار الكتب العلمية، ط١، ١٤١٨هـ/١٩٩٧م، ص٤٣ (المصوّرة: https://archive.org/details/20200131_20200131_0811/page/n42)		متحقّق — Verified	التوثيق	مطابقة الإنتاج، ٢٠٢٦/٠٩/٢٤		طوبق على مصوّرة المطبوع: الصفحة بالعين في رأس الصفحة، والنص «باب ذكر ما اختصت به العرب: من العلوم الجليلة التي خصت بها العرب الإعراب الذي هو الفارق بين المعاني المتكافئة في اللفظ…»؛ دعوى مقارنة تُحكى منسوبةً
م١-٠٨٩	ف٥	نقل عالم	لو احتجنا أن نعبّر عن السيف وأوصافه باللغة الفارسية…	نص	ابن فارس	الصاحبي، باب القول على أن لغة العرب أفضل اللغات	محمد علي بيضون، ط١، ١٤١٨هـ			١٩			على المطبوع: الصاحبي لابن فارس، علّق عليه أحمد حسن بسج، منشورات محمد علي بيضون، دار الكتب العلمية، ط١، ١٤١٨هـ/١٩٩٧م، ص١٩ (المصوّرة: https://archive.org/details/20200131_20200131_0811/page/n18)		متحقّق — Verified	التوثيق	مطابقة الإنتاج، ٢٠٢٦/٠٩/٢٤		طوبق على مصوّرة المطبوع: الصفحة بالعين في رأس الصفحة، والنص «وإن أردت أن سائر اللغات تبيّن إبانة اللغة العربية فهذا غلط، لأنا لو احتجنا أن نعبّر عن السيف وأوصافه باللغة الفارسية…»؛ حاشية تعقيب: حكمٌ على الفارسية يحتاج إلى معرفتها
م١-٠٩٠	ف٥	نقل عالم	ولذلك نجد كلام العجم من مخاطباتهم أطول…	نص في حاشية	ابن خلدون	المقدمة، الفصل الخامس والأربعون	دار الفكر، بيروت		١	٧٥٤			على المطبوع: تاريخ ابن خلدون، دار الفكر، بيروت، ١٤٠١هـ/١٩٨١م، ص754 (المصوّرة: https://archive.org/details/01-17270/page/n753)		متحقّق — Verified	التوثيق	مطابقة الإنتاج، ٢٠٢٦/٠٩/٢٤		طوبق على مصوّرة المطبوع: الصفحة بالعين في تذييل الصفحة، والنص بالعين على الصورة
م١-٠٩١	ف٥	نقل عالم	أركانه أربعة، وهي اللغة والنحو والبيان والأدب…	نص	ابن خلدون	المقدمة، الفصل الخامس والأربعون	دار الفكر، بيروت		١	٧٥٣			على المطبوع: تاريخ ابن خلدون، دار الفكر، بيروت، ١٤٠١هـ/١٩٨١م، ص753 (المصوّرة: https://archive.org/details/01-17270/page/n752)		متحقّق — Verified	التوثيق	مطابقة الإنتاج، ٢٠٢٦/٠٩/٢٤		طوبق على مصوّرة المطبوع: الصفحة بالعين في تذييل الصفحة، والنص آليًّا (Tesseract)، تطابق الحروف 86٪
م١-٠٩٢	ف٥	نقل عالم	فإذا فرضنا مبتدئًا في فهم العربية فهو مبتدئٌ في فهم الشريعة…	نص	الشاطبي	الموافقات، كتاب الاجتهاد	دار ابن عفان، ط١، ١٤١٧هـ	مشهور بن حسن آل سلمان	٥	٥٣			على المطبوع: الموافقات للشاطبي، ضبط مشهور بن حسن آل سلمان، دار ابن عفان، الخبر، ط١، ١٤١٧هـ/١٩٩٧م، المجلد الخامس، ص٥٣ (المصوّرة: https://archive.org/details/1_20240907_20240907_2323/page/n52)		متحقّق — Verified	التوثيق	مطابقة الإنتاج، ٢٠٢٦/٠٩/٢٤		طوبق على مصوّرة المطبوع: الصفحة بالعين على الصفحة، والنص «فإذا فرضنا مبتدئًا في فهم العربية؛ فهو مبتدئ في فهم الشريعة، أو متوسطًا؛ فهو متوسط في فهم الشريعة…»
م١-٠٩٣	ف٥	نقل عالم	حملة العلم في الملّة الإسلامية أكثرهم العجم	نص	ابن خلدون	المقدمة، الفصل الثالث والأربعون	دار الفكر، بيروت		١	٧٤٧			على المطبوع: تاريخ ابن خلدون، دار الفكر، بيروت، ١٤٠١هـ/١٩٨١م، ص747 (المصوّرة: https://archive.org/details/01-17270/page/n746)		متحقّق — Verified	التوثيق	مطابقة الإنتاج، ٢٠٢٦/٠٩/٢٤		طوبق على مصوّرة المطبوع: الصفحة بالعين في تذييل الصفحة، والنص بالعين على الصورة
م١-٠٩٤	ف٥	نقل عالم	وربّما يكون الدؤوب على التعليم… إلا أنه في النادر	نص	ابن خلدون	المقدمة، الفصل الرابع والأربعون	دار الفكر، بيروت		١	٧٥٢			على المطبوع: تاريخ ابن خلدون، دار الفكر، بيروت، ١٤٠١هـ/١٩٨١م، ص752 (المصوّرة: https://archive.org/details/01-17270/page/n751)		متحقّق — Verified	التوثيق	مطابقة الإنتاج، ٢٠٢٦/٠٩/٢٤		طوبق على مصوّرة المطبوع: الصفحة بالعين في تذييل الصفحة، والنص آليًّا (Tesseract)، تطابق الحروف 94٪؛ صُحّح به ما كان المتن يحكيه عن الفصل بغير لفظه
م١-٠٩٥	ف٦	نقل مفسّر	وإنّا للقرآن لحافظون، من أن يُزاد فيه باطلٌ…	نص	الطبري	جامع البيان، سورة الحجر: ٩	دار هجر، ط١، ١٤٢٢هـ	عبد الله بن عبد المحسن التركي	١٤	١٨			على المطبوع: جامع البيان للطبري، تحقيق عبد الله التركي، دار هجر، القاهرة، ط١، ١٤٢٢هـ/٢٠٠١م، ص١٨ (المصوّرة: https://archive.org/details/elshandawily14829/page/n17)		متحقّق — Verified	التوثيق	مطابقة الإنتاج، ٢٠٢٦/٠٩/٢٤		طوبق على مصوّرة المطبوع: الصفحة بالعين في رأس الصفحة، والنص ج١٤: «وإنا للقرآن لحافظون، من أن يزاد فيه باطلٌ ما ليس منه، أو ينقص منه ما هو منه؛ من أحكامه وحدوده وفرائضه»
م١-٠٩٦	ف٦	نقل عالم	وخشي أهل العلوم منهم أن تفسد تلك الملكة رأسًا…	نص	ابن خلدون	المقدمة، الفصل الخامس والأربعون، علم النحو	دار الفكر، بيروت		١	٧٥٤			على المطبوع: تاريخ ابن خلدون، دار الفكر، بيروت، ١٤٠١هـ/١٩٨١م، ص754 (المصوّرة: https://archive.org/details/01-17270/page/n753)		متحقّق — Verified	التوثيق	مطابقة الإنتاج، ٢٠٢٦/٠٩/٢٤		طوبق على مصوّرة المطبوع: الصفحة بالعين في تذييل الصفحة، والنص آليًّا (Tesseract)، تطابق الحروف 89٪
م١-٠٩٧	ف٦	مصدر معاصر	علم القرّاء أن صاحب المعالي… عبد العزيز فهمي باشا قد اقترح…	نص في حاشية	عباس محمود العقاد	«الحروف اللاتينية»، مجلة الرسالة، العدد ٥٨٥، ١٨/٩/١٩٤٤			٥٨٥	٧٦١			على المطبوع: مجلة الرسالة لأحمد حسن الزيات، القاهرة، السنة الثانية عشرة، العدد ٥٨٥، الإثنين ١٨ سبتمبر ١٩٤٤، ص٧٦١ (المصوّرة: https://archive.org/details/arrissalah1944/page/n0)		متحقّق — Verified	التوثيق	مطابقة الإنتاج، ٢٠٢٦/٠٩/٢٤		طوبق على مصوّرة المطبوع: الصفحة بالعين على الصفحة، والنص «علم القراء أن صاحب المعالي الأستاذ العلامة عبد العزيز فهمي باشا قد اقترح على مجمع فؤاد الأول للغة العربية اقتباس الحروف اللاتينية وبعض الحروف المشابهة لها لتيسير الكتابة العربية ¶ وقد خالفه كثيرون» (والرقم من فهرس العدد؛ والصفحة الأولى بلا ترقيم)؛ المجلة مرقّمة آليًّا في النسخة الرقمية؛ وفي المطبوع: فهرس العدد يضع المقالة في ص٧٦١
م١-٠٩٨	ف٦	مصدر معاصر	الصعوبة الأصلية أن نعرف ما يُضمّ وما يُفتح وما يُكسر	نص	عباس محمود العقاد	«الحروف اللاتينية»، مجلة الرسالة، العدد ٥٨٥			٥٨٥	٧٦١			على المطبوع: مجلة الرسالة لأحمد حسن الزيات، القاهرة، السنة الثانية عشرة، العدد ٥٨٥، الإثنين ١٨ سبتمبر ١٩٤٤، ص٧٦١ (المصوّرة: https://archive.org/details/arrissalah1944/page/n0)		متحقّق — Verified	التوثيق	مطابقة الإنتاج، ٢٠٢٦/٠٩/٢٤		طوبق على مصوّرة المطبوع: الصفحة بالعين على الصفحة، والنص «إنما الصعوبة الأصلية أن نعرف ما يضم وما يفتح وما يكسر، ثم نكتبه ونقرأه على صواب»
م١-٠٩٩	ف٦	ترجمة	قوبلت بالاستنكار والنقض	نص في حاشية	الزركلي	الأعلام، ترجمة عبد العزيز فهمي	دار العلم للملايين، ط١٥، ٢٠٠٢م		٤	٢٤–٢٥			على المطبوع: الأعلام للزركلي، دار العلم للملايين، ط١٥، أيار/مايو ٢٠٠٢م، ص٢٤–٢٥ (المصوّرة: https://archive.org/details/ZIR2002ARAR/page/n24)		متحقّق — Verified	التوثيق	مطابقة الإنتاج، ٢٠٢٦/٠٩/٢٤		طوبق على مصوّرة المطبوع: الصفحة بالعين في رأس الصفحة، والنص ج٤، ترجمة عبد العزيز فهمي: «من رجال القضاء بمصر… فرئيساً لمحكمة النقض والإبرام… وسمي ‹عضواً› في مجمع اللغة العربية… ووضع رسالة في كتابة العربية بالحروف اللاتينية، قوبلت بالاستنكار والنقض»
م١-١٠٠	ف١٥	نقل عالم	يُعرف الفاعل من المفعول، والمبتدأ من الخبر…	نص	ابن خلدون	المقدمة، الفصل الخامس والأربعون	دار الفكر، بيروت		١	٧٥٣			على المطبوع: تاريخ ابن خلدون، دار الفكر، بيروت، ١٤٠١هـ/١٩٨١م، ص753 (المصوّرة: https://archive.org/details/01-17270/page/n752)		متحقّق — Verified	التوثيق	مطابقة الإنتاج، ٢٠٢٦/٠٩/٢٤		طوبق على مصوّرة المطبوع: الصفحة بالعين في تذييل الصفحة، والنص بالعين على الصورة
م١-١٠١	ف١٥	نقل عالم	أوسعوا دائرة الكلام فيها… وصيّرها من المقاصد	نص	ابن خلدون	المقدمة، الفصل الثامن والثلاثون	دار الفكر، بيروت		١	٧٣٩			على المطبوع: تاريخ ابن خلدون، دار الفكر، بيروت، ١٤٠١هـ/١٩٨١م، ص739 (المصوّرة: https://archive.org/details/01-17270/page/n738)		متحقّق — Verified	التوثيق	مطابقة الإنتاج، ٢٠٢٦/٠٩/٢٤		طوبق على مصوّرة المطبوع: الصفحة بالعين في تذييل الصفحة، والنص آليًّا (Tesseract)، تطابق الحروف 91٪؛ حاشية تنبيه: عنوان الفصل في الطبعة «الإلهية» تصحيف «الآلية»
م١-١٠٢	ف١٥	نقل عالم	علومٌ مقصودة بالذات… وعلومٌ هي وسيلةٌ آليةٌ لهذه العلوم كالعربية	نص	ابن خلدون	المقدمة، الفصل الثامن والثلاثون	دار الفكر، بيروت		١	٧٣٨			على المطبوع: تاريخ ابن خلدون، دار الفكر، بيروت، ١٤٠١هـ/١٩٨١م، ص738 (المصوّرة: https://archive.org/details/01-17270/page/n737)		متحقّق — Verified	التوثيق	مطابقة الإنتاج، ٢٠٢٦/٠٩/٢٤		طوبق على مصوّرة المطبوع: الصفحة بالعين في تذييل الصفحة، والنص آليًّا (Tesseract)، تطابق الحروف 94٪
م١-١٠٣	ف١٥	نقل عالم	القدر الذي يُفهم به خطاب العرب وعادتهم في الاستعمال	نص	الغزالي	المستصفى من علم الأصول (ومعه فواتح الرحموت)، القطب الرابع: في حكم المستثمر، المقدمة الثانية	دار الأرقم بن أبي الأرقم، بيروت (لا سنة ولا رقم طبعة في المصوّرة)	إبراهيم محمد رمضان (تقديم وضبط وتعليق)	٢	٥١٧			الْقَدْرَ الَّذِي يُفْهَمُ بِهِ خِطَابُ الْعَرَبِ وَعَادَتُهُمْ فِي الِاسْتِعْمَالِ		متحقّق — Verified	التوثيق	مطابقة الإنتاج، ٢٠٢٦/٠٩/٢٤		طوبق على مصوّرة المطبوع (مطابقة المصوّرات، الدفعة V1R؛ https://archive.org/details/mostasfa_wa_fawati7/page/n516)؛ وعُدل عن طبعة دار الكتب العلمية ١٤١٣هـ ت. عبد الشافي (ص٣٤٤) لأن مصوّرتها لم توجد
م١-١٠٤	ف١٥	نقل عالم	لا يُشترط أن يبلغ درجة الخليل والمبرّد…	نص	الغزالي	المستصفى من علم الأصول (ومعه فواتح الرحموت)، القطب الرابع: في حكم المستثمر، المقدمة الثانية	دار الأرقم بن أبي الأرقم، بيروت (لا سنة ولا رقم طبعة في المصوّرة)	إبراهيم محمد رمضان (تقديم وضبط وتعليق)	٢	٥١٧			لَا يُشْتَرَطُ أَنْ يَبْلُغَ دَرَجَةَ الْخَلِيلِ وَالْمُبَرِّدِ وَأَنْ يَعْرِفَ جَمِيعَ اللُّغَةِ وَيَتَعَمَّقَ فِي النَّحْوِ ، بَلْ الْقَدْرَ الَّذِي يَتَعَلَّقُ بِالْكِتَابِ وَالسُّنَّةِ وَيَسْتَوْلِي بِهِ عَلَى مَوَاقِعِ الْخِطَابِ وَدَرْكِ حَقَائِقِ الْمَقَاصِدِ مِنْهُ	في طبعتي الأشقر (الرسالة) وحمزة حافظ: «درجة الخليل بن أحمد والمبرّد» و«دقائق المقاصد» (رُئيتا نصًّا رقميًّا)؛ وفي الحاشية: «في طبعاتٍ أخرى»	متحقّق مع اختلاف رواية — Verified with variant	التوثيق	مطابقة الإنتاج، ٢٠٢٦/٠٩/٢٤		طوبق على مصوّرة المطبوع (مطابقة المصوّرات، الدفعة V1R؛ https://archive.org/details/mostasfa_wa_fawati7/page/n516)؛ وعُدل عن طبعة دار الكتب العلمية ١٤١٣هـ ت. عبد الشافي (ص٣٤٤) لأن مصوّرتها لم توجد؛ حاشية بيان اختلاف مع الشاطبي
م١-١٠٥	ف١٥	نقل عالم	فلا بدّ من أن يبلغ في العربية مبلغ الأئمة فيها	نص	الشاطبي	الموافقات، كتاب الاجتهاد	دار ابن عفان، ط١، ١٤١٧هـ	مشهور بن حسن آل سلمان	٥	٥٣			على المطبوع: الموافقات للشاطبي، ضبط مشهور بن حسن آل سلمان، دار ابن عفان، الخبر، ط١، ١٤١٧هـ/١٩٩٧م، المجلد الخامس، ص٥٣ (المصوّرة: https://archive.org/details/1_20240907_20240907_2323/page/n52)		متحقّق — Verified	التوثيق	مطابقة الإنتاج، ٢٠٢٦/٠٩/٢٤		طوبق على مصوّرة المطبوع: الصفحة بالعين على الصفحة، والنص «فلا بد من أن يبلغ في العربية مبلغ الأئمة فيها؛ كالخليل، وسيبويه، والأخفش، والجرمي، والمازني ومن سواهم»
م١-١٠٦	ف١٥	نقل عالم	الرحلة في طلب العلوم ولقاء المشيخة مزيد كمالٍ في التعلّم	عنوان فصل	ابن خلدون	المقدمة، الفصل الحادي والأربعون	دار الفكر، بيروت		١	٧٤٤			على المطبوع: تاريخ ابن خلدون، دار الفكر، بيروت، ١٤٠١هـ/١٩٨١م، ص744 (المصوّرة: https://archive.org/details/01-17270/page/n743)		متحقّق — Verified	التوثيق	مطابقة الإنتاج، ٢٠٢٦/٠٩/٢٤		طوبق على مصوّرة المطبوع: الصفحة بالعين في تذييل الصفحة، والنص آليًّا (Tesseract)، تطابق الحروف 100٪
م١-١٠٧	ف٦	وثيقة تاريخية	I have no knowledge of either Sanscrit or Arabic	نص مترجم	T. B. Macaulay	Minute on Education, 2 Feb. 1835	Sharp (ed.), Selections from Educational Records I (1920)	H. Sharp		109			على المطبوع: p. 109 — Macaulay's Minute, 2 Feb. 1835: «I have no knowledge of either Sanscrit or Arabic»؛ الترجمة للمؤلف		متحقّق — Verified	التوثيق	مطابقة الإنتاج، ٢٠٢٦/٠٩/٢٤		طوبق على مصوّرة المطبوع
م١-١٠٨	ف٦	وثيقة تاريخية	a single shelf of a good European library was worth the whole native literature of India and Arabia	نص مترجم	T. B. Macaulay	Minute on Education, 2 Feb. 1835	Sharp (ed.), Selections from Educational Records I (1920)	H. Sharp		109			على المطبوع: p. 109 — a single shelf of a good European library…؛ الترجمة للمؤلف		متحقّق — Verified	التوثيق	مطابقة الإنتاج، ٢٠٢٦/٠٩/٢٤		طوبق على مصوّرة المطبوع
م١-١٠٩	ف٦	وثيقة تاريخية	the funds… would be best employed on English education alone	نص مترجم	Lord Bentinck	Resolution, 7 March 1835	Sharp (ed.), Selections from Educational Records I (1920)	H. Sharp		130–131			على المطبوع: pp. 130–131 — Lord Bentinck's Resolution, 7 March 1835, First and Third؛ الترجمة للمؤلف		متحقّق — Verified	التوثيق	مطابقة الإنتاج، ٢٠٢٦/٠٩/٢٤		طوبق على مصوّرة المطبوع؛ ذُكر معه البند الثاني إنصافًا: لا يُلغى ما قام من المدارس
م١-١١٠	ف٦	وثيقة تاريخية	Man fürchtet, der Religion zu nahe zu treten, wenn man die Sprache des Korans aufgiebt	نص مترجم	W. Spitta-Bey	Grammatik des arabischen Vulgärdialectes von Aegypten, Vorwort	J. C. Hinrichs, Leipzig, 1880			XIV–XV			على المطبوع: Vorwort, XIV–XV — Man fürchtet, der Religion zu nahe zu treten, wenn man die Sprache des Korans aufgiebt؛ الترجمة للمؤلف		متحقّق — Verified	التوثيق	مطابقة الإنتاج، ٢٠٢٦/٠٩/٢٤		طوبق على مصوّرة المطبوع؛ ذُكرت حجّته في التعليم العام إنصافًا
م١-١١١	ب١ف١	نقل عالم	والبيانُ اسمٌ جامعٌ لكلِّ شيءٍ كشف لك قِناعَ المعنى…	نص	الجاحظ	البيان والتبيين	مكتبة الخانجي	عبد السلام محمد هارون	١	٧٦			على المطبوع: ١/٧٦ — مطابقٌ حرفًا بحرف		متحقّق — Verified	التوثيق	مطابقة الإنتاج، ٢٠٢٦/٠٩/٢٤		طوبق على مصوّرة المطبوع
م١-١١٢	ب١ف١	نقل عالم	لأنّ مدارَ الأمر… إنما هو الفهمُ والإفهام	نص	الجاحظ	البيان والتبيين	مكتبة الخانجي	عبد السلام محمد هارون	١	٧٦			على المطبوع: ١/٧٦ — فيه «إليها» كما في نصّنا		متحقّق — Verified	التوثيق	مطابقة الإنتاج، ٢٠٢٦/٠٩/٢٤		طوبق على مصوّرة المطبوع
م١-١١٣	ب١ف١	نقل عالم	ينبغي للمتكلم أن يعرف أقدارَ المعاني…	نص	بشر بن المعتمر، برواية الجاحظ	البيان والتبيين، صحيفة بشر	مكتبة الخانجي	عبد السلام محمد هارون	١	١٣٨–١٣٩			على المطبوع: ١/١٣٨–١٣٩ — مطابقٌ حرفًا بحرف، والضبط وحده يختلف		متحقّق — Verified	التوثيق	مطابقة الإنتاج، ٢٠٢٦/٠٩/٢٤		طوبق على مصوّرة المطبوع
م١-١١٤	ب١ف٢	نقل عالم	اللهم إنا نعوذ بك من فتنة القول…	نص	الجاحظ	البيان والتبيين	مكتبة الخانجي	عبد السلام محمد هارون	١	٣			على المطبوع: ١/٣ (الصفحة الأولى، بلا رقمٍ مطبوع؛ وتليها ٤) — مطابقٌ حرفًا بحرف؛ وسُوّي الترقيم على المطبوع		متحقّق — Verified	التوثيق	مطابقة الإنتاج، ٢٠٢٦/٠٩/٢٤		طوبق على مصوّرة المطبوع: الصفحة الأولى من المتن، وتليها ٤
م١-١١٥	ب١ف٣	نقل عالم	والبيانُ اسمٌ جامعٌ لكلِّ شيءٍ…	نص	الجاحظ	البيان والتبيين	مكتبة الخانجي	عبد السلام محمد هارون	١	٧٦			على المطبوع: ١/٧٦ — مطابقٌ حرفًا بحرف		متحقّق — Verified	التوثيق	مطابقة الإنتاج، ٢٠٢٦/٠٩/٢٤		طوبق على مصوّرة المطبوع
م١-١١٦	ب١ف٣	نقل عالم	فبأيّ شيء بلغتَ الإفهام وأوضحتَ عن المعنى…	نص	الجاحظ	البيان والتبيين	مكتبة الخانجي	عبد السلام محمد هارون	١	٧٦			على المطبوع: ١/٧٦ — مطابقٌ حرفًا بحرف؛ ويتّصل بما قبله		متحقّق — Verified	التوثيق	مطابقة الإنتاج، ٢٠٢٦/٠٩/٢٤		طوبق على مصوّرة المطبوع
م١-١١٧	ب١ف٣	نقل عالم	وجميع أصناف الدلالات على المعاني… خمسة أشياء…	نص	الجاحظ	البيان والتبيين	مكتبة الخانجي	عبد السلام محمد هارون	١	٧٦			على المطبوع: ١/٧٦ — مطابقٌ حرفًا بحرف؛ وزيدت الفاصلة بعد «وغير لفظ» كما في المطبوع		متحقّق — Verified	التوثيق	مطابقة الإنتاج، ٢٠٢٦/٠٩/٢٤		طوبق على مصوّرة المطبوع
م١-١١٨	ب١ف٢	نقل عالم	علم العربية علمٌ بكيفية الكلام لا الكيفية نفسها؛ وجهابذة النحاة يخطئون في سطرين، ومُحسن الملكة لا يُعرب	حكاية معنى	ابن خلدون	المقدمة، الفصل الخمسون	دار الفكر، بيروت		١	٧٧٢–٧٧٣					متحقّق — Verified	التوثيق	مطابقة الإنتاج، ٢٠٢٦/٠٩/٢٤		طوبق على مصوّرة المطبوع؛ إعادة صياغة؛ ونصّاها ع١٢ وع١٤ طوبقا على مصوّرة المطبوع، وسبب الملكة من ع١٨
م١-١١٩	ب١ف٣	نقل عالم	فالفصاحة في المفرد: خلوصه من تنافر الحروف، والغرابة، ومخالفة القياس	نص	الخطيب القزويني	تلخيص المفتاح، بمتنه في عروس الأفراح للسبكي	المكتبة العصرية، ط١، ١٤٢٣هـ/٢٠٠٣م	عبد الحميد هنداوي	١	٥٧			على المطبوع: ١/٥٧ — مطابقٌ حرفًا بحرف		متحقّق — Verified	التوثيق	مطابقة الإنتاج، ٢٠٢٦/٠٩/٢٤		طوبق على مصوّرة المطبوع
م١-١٢٠	ب١ف٣	نقل عالم	وفي الكلام: خلوصه من ضعف التأليف، وتنافر الكلمات، والتعقيد مع فصاحتها	نص	الخطيب القزويني	تلخيص المفتاح، بمتنه في عروس الأفراح للسبكي	المكتبة العصرية، ط١، ١٤٢٣هـ/٢٠٠٣م	عبد الحميد هنداوي	١	٧٤			على المطبوع: ١/٧٤ — مطابقٌ حرفًا بحرف؛ وحُذفت الفاصلة قبل «مع فصاحتها» كما في المطبوع		متحقّق — Verified	التوثيق	مطابقة الإنتاج، ٢٠٢٦/٠٩/٢٤		طوبق على مصوّرة المطبوع
م١-١٢١	ب١ف٣	نقل عالم	وفي المتكلم: ملكة يُقتدر بها على التعبير عن المقصود بلفظ فصيح	نص	الخطيب القزويني	تلخيص المفتاح، بمتنه في عروس الأفراح للسبكي	المكتبة العصرية، ط١، ١٤٢٣هـ/٢٠٠٣م	عبد الحميد هنداوي	١	٨٩			على المطبوع: ١/٨٩ — مطابقٌ حرفًا بحرف		متحقّق — Verified	التوثيق	مطابقة الإنتاج، ٢٠٢٦/٠٩/٢٤		طوبق على مصوّرة المطبوع
م١-١٢٢	ب١ف٣	نقل عالم	والبلاغة في الكلام: مطابقته لمقتضى الحال مع فصاحته	نص	الخطيب القزويني	تلخيص المفتاح، بمتنه في عروس الأفراح للسبكي	المكتبة العصرية، ط١، ١٤٢٣هـ/٢٠٠٣م	عبد الحميد هنداوي	١	٩٠			على المطبوع: ١/٩٠ — مطابقٌ حرفًا بحرف		متحقّق — Verified	التوثيق	مطابقة الإنتاج، ٢٠٢٦/٠٩/٢٤		طوبق على مصوّرة المطبوع
م١-١٢٣	ب١ف٣	نقل عالم	وفي المتكلم: ملكة يُقتدر بها على تأليف كلام بليغ	نص	الخطيب القزويني	تلخيص المفتاح، بمتنه في عروس الأفراح للسبكي	المكتبة العصرية، ط١، ١٤٢٣هـ/٢٠٠٣م	عبد الحميد هنداوي	١	٩٣			على المطبوع: ١/٩٣ — كان «وبلاغة المتكلم: ملكة…» جمعًا بين عبارتي التلخيص والإيضاح، فأُثبت بنصّ المتن: «وفي المتكلم: ملكة…»		متحقّق مع اختلاف رواية — Verified with variant	التوثيق	مطابقة الإنتاج، ٢٠٢٦/٠٩/٢٤		طوبق على مصوّرة المطبوع؛ كان جمعًا بين عبارتي التلخيص والإيضاح، فأُثبت بنصّ المتن
م١-١٢٤	ب١ف٣	أمثلة	غدائره مستشزرات؛ الحمد لله العلي الأجلل؛ ضرب غلامه زيدًا؛ وليس قرب قبر حرب قبر	نص	الخطيب القزويني	تلخيص المفتاح، بمتنه في عروس الأفراح للسبكي	المكتبة العصرية، ط١، ١٤٢٣هـ/٢٠٠٣م	عبد الحميد هنداوي	١	٥٨؛ ٦٣؛ ٧٥–٧٦					متحقّق — Verified	التوثيق	مطابقة الإنتاج، ٢٠٢٦/٠٩/٢٤		طوبق على مصوّرة المطبوع؛ أمثلة المتن في جدول عيوب الفصاحة؛ طوبقت على مصوّرة المطبوع؛ وشاهد التنافر في المتن (١/٧٦) «وليس قرب قبر حرب قبر»، وصدره «وقبر حرب بمكان قفر» في الشرح لا في المتن؛ وكان السجل يذكر الصدر مكان شاهد المتن
م١-١٢٥	ب١ف٤	نقل عالم	ينبغي للمتكلم أن يعرف أقدارَ المعاني…	نص	بشر بن المعتمر، برواية الجاحظ	البيان والتبيين، صحيفة بشر	مكتبة الخانجي	عبد السلام محمد هارون	١	١٣٨–١٣٩					متحقّق — Verified	التوثيق	مطابقة الإنتاج، ٢٠٢٦/٠٩/٢٤		طوبق على مصوّرة المطبوع؛ هو ع٥ وع٥١ بلفظه
م١-١٢٦	ب١ف٦	نقل عالم	اللغة ملكة شبيهة بالصناعة، تُكتسب بكثرة السماع والمخالطة لا بحفظ القواعد	حكاية معنى	ابن خلدون	المقدمة، الفصول ٤٥، ٤٦، ٤٩	دار الفكر، بيروت		١	٧٥٤؛ ٧٦٤؛ ٧٧٢					متحقّق — Verified	التوثيق	مطابقة الإنتاج، ٢٠٢٦/٠٩/٢٤		طوبق على مصوّرة المطبوع؛ إعادة صياغة؛ ونصوصها ع١١ وع١٣ وع١٧ وع١٨ طوبقت على مصوّرة المطبوع
م١-١٢٧	ب١ف٣	مثال	لا، وأيّدك الله (الوصل لدفع الإيهام)	نص	الخطيب القزويني	تلخيص المفتاح، بمتنه في عروس الأفراح للسبكي	المكتبة العصرية، ط١، ١٤٢٣هـ/٢٠٠٣م	عبد الحميد هنداوي	١	٥١٥					متحقّق — Verified	التوثيق	مطابقة الإنتاج، ٢٠٢٦/٠٩/٢٤		طوبق على مصوّرة المطبوع
م١-١٢٨	ب١ف٣	نقل عالم	الوحشي من الكلام يفهمه الوحشي من الناس، كما يفهم السوقي رطانة السوقي	حكاية معنى	الجاحظ	البيان والتبيين	مكتبة الخانجي	عبد السلام محمد هارون	١	١٤٤					متحقّق — Verified	التوثيق	مطابقة الإنتاج، ٢٠٢٦/٠٩/٢٤		طوبق على مصوّرة المطبوع؛ إعادة صياغة؛ طوبقت على مصوّرة المطبوع، وفي الحاشية استثناؤه
م١-١٢٩	ب١ف١	قول منسوب	العلم ما نفع، ليس العلم ما حُفظ	نص	الشافعي، برواية الذهبي	سير أعلام النبلاء	مؤسسة الرسالة	شعيب الأرنؤوط وآخرون	١٠	٨٩					متحقّق — Verified	التوثيق	مطابقة الإنتاج، ٢٠٢٦/٠٩/٢٤		طوبق على مصوّرة المطبوع؛ بلا إسناد، وأحال المحقق إلى الحلية وتهذيب الأسماء
م١-١٣٠	ب١ف٣	حديث	إنّ من البيان لسحرًا	نص	عبد الله بن عمر	البخاري: الطبّ، بابٌ: من البيان سحرًا؛ والنكاح، باب الخطبة	صحيح البخاري، الطبعة السلطانية، بولاق ١٣١١هـ (وعنها صُوّرت طبعة دار طوق النجاة)، ترقيم عبد الباقي؛ والمقابلة على طبعة دار التأصيل		٧	١٣٨	خ ٥٧٦٧، ٥١٤٦	في الصحيح	على المطبوع: ٧/١٣٨ (٥٧٦٧)، و٧/١٩ (٥١٤٦) — مطابق: «إن من البيان لسحرًا، أو إن بعض البيان لسحر»؛ وفي ٥١٤٦: «إن من البيان سحرًا»	في ٥٧٦٧: «أو: إنّ بعض البيان لسحرٌ»؛ وفي ٥١٤٦ (٧/١٩): «إنّ من البيان سحرًا»	متحقّق مع اختلاف رواية — Verified with variant	التوثيق	مطابقة الإنتاج، ٢٠٢٦/٠٩/٢٤		طوبق على مصوّرة المطبوع؛ كان «(رواه البخاري)» بلا رقم؛ طوبق على مصوّرة السلطانية
م١-١٣١	ب١ف٣	حديث	إنّ من أحبّكم إليّ… الثرثارون والمتشدّقون والمتفيهقون… المتكبّرون	نص	جابر بن عبد الله	الترمذي: البرّ والصلة، باب ما جاء في معالي الأخلاق	مصطفى البابي الحلبي، ط١ للجزء الرابع، ١٣٨٢هـ/١٩٦٢م	إبراهيم عطوة عوض	٤	٣٧٠	ت ٢٠١٨	حسن غريب من هذا الوجه (بحكم الترمذي)	على المطبوع: ٤/٣٧٠ (٢٠١٨) — مطابق؛ والحكم: «حسن غريب من هذا الوجه»	وفيه: «وهذا أصحّ» لرواية لم يُذكر فيها عبد ربّه بن سعيد	متحقّق — Verified	التوثيق	مطابقة الإنتاج، ٢٠٢٦/٠٩/٢٤		طوبق على مصوّرة المطبوع؛ كان الحكم «حسن غريب» فأُتمّ «من هذا الوجه»، وكان بلا رقم
م١-١٣٢	ب١ف٣	نقل عالم	وقد حمل بعضهم الحديث على المدح… وحمله بعضهم على الذمّ…؛ وقول ابن بطّال	نص في الحاشية	ابن حجر	فتح الباري بشرح صحيح البخاري	المكتبة السلفية، بترقيم محمد فؤاد عبد الباقي		١٠	٢٣٧–٢٣٨			على المطبوع: ١٠/٢٣٧–٢٣٨ — مطابقٌ حرفًا بحرف، وقول ابن بطّال في ٢٣٨		متحقّق — Verified	التوثيق	مطابقة الإنتاج، ٢٠٢٦/٠٩/٢٤		يسند قول المتن «تكلّم الشرّاح…: أهو مدح أم تحذير؟»؛ طوبق على مصوّرة المطبوع
م١-١٣٣	ب١ف٣	نقل عالم	الثرثار: الكثير الكلام؛ والمتشدّق: الذي يتطاول على الناس في الكلام ويبذو عليهم	نص	الترمذي	الجامع (سنن الترمذي)، عقب الحديث ٢٠١٨	مصطفى البابي الحلبي، ط١ للجزء الرابع، ١٣٨٢هـ/١٩٦٢م	إبراهيم عطوة عوض	٤	٣٧٠			على المطبوع: ٤/٣٧٠ — مطابقٌ حرفًا بحرف		متحقّق — Verified	التوثيق	مطابقة الإنتاج، ٢٠٢٦/٠٩/٢٤		حلّ محلّ تفسيرٍ مركّب بلا مصدر؛ طوبق على مصوّرة المطبوع
م١-١٣٤	ب١ف٣	نقل عالم	الثرثارون: الذين يُكثرون الكلام تكلُّفًا وخروجًا عن الحق	نص	ابن الأثير	النهاية في غريب الحديث والأثر (ثرثر)	المكتبة الإسلامية؛ وهي بترقيم طبعة المكتبة العلمية ١٣٩٩هـ/١٩٧٩م	طاهر أحمد الزاوي ومحمود محمد الطناحي	١	٢٠٩			على المطبوع: ١/٢٠٩ — مطابقٌ حرفًا بحرف		متحقّق — Verified	التوثيق	مطابقة الإنتاج، ٢٠٢٦/٠٩/٢٤		طوبق على مصوّرة المطبوع
م١-١٣٥	ب١ف٣	نقل عالم	المتشدّقون: المتوسّعون في الكلام من غير احتياطٍ واحتراز	نص	ابن الأثير	النهاية في غريب الحديث والأثر (شدق)	المكتبة الإسلامية؛ وهي بترقيم طبعة المكتبة العلمية ١٣٩٩هـ/١٩٧٩م	طاهر أحمد الزاوي ومحمود محمد الطناحي	٢	٤٥٣			على المطبوع: ٢/٤٥٣ — مطابقٌ حرفًا بحرف		متحقّق — Verified	التوثيق	مطابقة الإنتاج، ٢٠٢٦/٠٩/٢٤		طوبق على مصوّرة المطبوع
م١-١٣٦	ب١ف٣	نقل عالم	المتفيهقون: الذين يتوسّعون في الكلام ويفتحون به أفواههم، من الفَهْق وهو الامتلاء والاتّساع	نص	ابن الأثير	النهاية في غريب الحديث والأثر (فهق)	المكتبة الإسلامية؛ وهي بترقيم طبعة المكتبة العلمية ١٣٩٩هـ/١٩٧٩م	طاهر أحمد الزاوي ومحمود محمد الطناحي	٣	٤٨٢			على المطبوع: ٣/٤٨٢ — مطابقٌ حرفًا بحرف		متحقّق — Verified	التوثيق	مطابقة الإنتاج، ٢٠٢٦/٠٩/٢٤		طوبق على مصوّرة المطبوع
م١-١٣٧	ب١ف٣	خبر	أبو علقمة: ثار به المُرار… «ما لكم قد تكأكأتم عليّ… افرنقعوا عنّي»… «إن شيطانه يتكلم بالهندية»	نص	ابن جني	المحتسب في تبيين وجوه شواذ القراءات والإيضاح عنها	المجلس الأعلى للشؤون الإسلامية، القاهرة		٢	١٩٣			على المطبوع: ٢/١٩٣ — مطابقٌ حرفًا بحرف؛ وكان في المتن «سقط عن دابته» فأُثبت «ثار به المُرار» كما في المطبوع		متحقّق — Verified	التوثيق	مطابقة الإنتاج، ٢٠٢٦/٠٩/٢٤		كان المتن يجمع بين خبر أبي علقمة (المُرار) وسقوط عيسى بن عمر عن حماره؛ فُصل بينهما، وطوبق على مصوّرة المطبوع
م١-١٣٨	ب١ف٣	نقل عالم	…عن عيسى بن عمر النحوي أنه سقط عن حمار… وكذلك حكاها الجوهري، وقد حكاها الزمخشري عن أبي علقمة	نص	بهاء الدين السبكي	عروس الأفراح في شرح تلخيص المفتاح	المكتبة العصرية، ط١، ١٤٢٣هـ/٢٠٠٣م	عبد الحميد هنداوي	١	٦٢–٦٣			على المطبوع: ١/٦٢–٦٣ — مطابقٌ حرفًا بحرف		متحقّق — Verified	التوثيق	مطابقة الإنتاج، ٢٠٢٦/٠٩/٢٤		طوبق على مصوّرة المطبوع
م١-١٣٩	ب١ف٤	أثر موقوف	لكل مقام مقال (جوابًا لقتادة)	نص	أبو الطفيل عامر بن واثلة	البخاري، التاريخ الكبير، ترجمة حيّان بن جبلة (٢١٥)	دائرة المعارف العثمانية، حيدر آباد الدكن		ج٢ ق١	٥٩		صحّحه محقّق المقاصد الحسنة (ع٧٦)	على المطبوع: ج٢ ق١ ص٥٩ (رقم ٢١٥) — مطابق: «سألت أبا الطفيل عن مسلمة (كذا في المطبوع) فقال: لكل مقام مقال»	في المطبوع: «عن مسلمة» وعليه «كذا»	متحقّق — Verified	التوثيق	مطابقة الإنتاج، ٢٠٢٦/٠٩/٢٤		طوبق على مصوّرة المطبوع؛ كان المتن ينفي أن يكون أثرًا عن صحابي؛ فصار: مرويٌّ عن أبي الطفيل، وهو صحابي
م١-١٤٠	ب١ف٤	نقل عالم	حديث: لكل مقام مقال — الخطيب في الجامع عن أبي الدرداء، والخرائطي وابن عدي كلاهما عن أبي الطفيل موقوفًا	نص	السخاوي	المقاصد الحسنة (٨٨٠)	المدينة المنورة، ١٤٣٨هـ، ٥ مج	عبد المولى عبد السلام سالم الهاشمي	٤	٢١٣		موقوف	على المطبوع: ٤/٢١٣ (٨٨٠) — مطابق؛ ونبّه المحقق على أن الأثر لأبي الطفيل لا لأبي الدرداء، وأنه «صحيح ثابت عن أبي الطفيل»	ونبّه المحقق: الأثر لأبي الطفيل لا لأبي الدرداء	متحقّق — Verified	التوثيق	مطابقة الإنتاج، ٢٠٢٦/٠٩/٢٤		طوبق على مصوّرة المطبوع
م١-١٤١	ب١ف٤	شعر منسوب	تحنّنْ عليّ هداك المليكُ … فإنّ لكلّ مقامٍ مقالا	نص	الحطيئة (بخبر أبي عبيدة في الأغاني)	ديوان الحطيئة برواية وشرح ابن السكيت، في «مقطّعات للحطيئة من كتب الأدب واللغة وغيرها»	مكتبة الخانجي، ط١، ١٤٠٧هـ/١٩٨٧م	نعمان محمد أمين طه		٣٣٥			على المطبوع: ص٣٣٥ — في «مقطّعات للحطيئة من كتب الأدب واللغة وغيرها»، عن الأغاني عن أبي عبيدة		متحقّق — Verified	التوثيق	مطابقة الإنتاج، ٢٠٢٦/٠٩/٢٤		كان «نُسب شطر قريب منها إلى الحطيئة» موسومًا؛ طوبق على مصوّرة المطبوع
م١-١٤٢	ب١ف١	مرجع حديث	the uttering of the sentence is, or is a part of, the doing of an action	نص في الحاشية	J. L. Austin	How to Do Things with Words	Oxford: Clarendon Press, 1962	J. O. Urmson		5–6			على المطبوع: pp. 5–6 — the uttering of the sentence is, or is a part of, the doing of an action		متحقّق — Verified	التوثيق	مطابقة الإنتاج، ٢٠٢٦/٠٩/٢٤		وسم «تحليل حديث» رُفع؛ طوبق على مصوّرة المطبوع
م١-١٤٣	ب١ف٢	مرجع حديث	قواعد الحوار الأربع: الكمّ والكيف والمناسبة والطريقة	حكاية معنى	H. P. Grice	Logic and Conversation	Syntax and Semantics 3: Speech Acts, 1975	P. Cole and J. L. Morgan (eds.)		45–46			على المطبوع: pp. 45–46 — Quantity, Quality, Relation, Manner؛ العرض في المتن بتصرّف		متحقّق — Verified	التوثيق	مطابقة الإنتاج، ٢٠٢٦/٠٩/٢٤		طوبق على مصوّرة المطبوع؛ وسم «تحليل حديث» رُفع؛ طوبق على مصوّرة الصفحات
م١-١٤٤	ب١ف٣	مرجع حديث	You shall know a word by the company it keeps!	نص	J. R. Firth	A Synopsis of Linguistic Theory, 1930–1955	Studies in Linguistic Analysis, Oxford: Basil Blackwell, 1962			11			على المطبوع: p. 11 — You shall know a word by the company it keeps!؛ وزيدت علامة التعجب كما في المطبوع		متحقّق — Verified	التوثيق	مطابقة الإنتاج، ٢٠٢٦/٠٩/٢٤		طوبق على مصوّرة المطبوع؛ زيدت علامة التعجّب كما في المطبوع؛ ورُفع الوسم
م١-١٤٥	ب١ف٦	مرجع حديث	shadowing: simultaneously repeating what one hears	نص في الحاشية	Yo Hamada	Shadowing Procedures in Teaching and Their Future	The Language Teacher 45.6 (2021)			32			على المطبوع: p. 32 — simultaneously repeating what one hears		متحقّق — Verified	التوثيق	مطابقة الإنتاج، ٢٠٢٦/٠٩/٢٤		طوبق على مصوّرة المطبوع؛ وسم «تحليل حديث» رُفع؛ طوبق على الصفحة المطبوعة (PDF المجلة)
م١-١٤٦	م١ ف٠٥	حديث	«لَا يَدْخُلُ الْجَنَّةَ مَنْ كَانَ فِي قَلْبِهِ مِثْقَالُ ذَرَّةٍ مِنْ كِبْرٍ». قَالَ رَجُلٌ: إِنَّ الرَّجُلَ يُحِبُّ أ	نص	مسلم	مسلم، الصحيح	صحيح مسلم، تحقيق محمد فؤاد عبد الباقي، مطبعة دار إحياء الكتب العربية، فيصل عيسى البابي الحلبي، القاهرة (لا سنة على صفحة العنوان)؛ ترقيم الصفحات متسلسل عبر الأجزاء		١	٩٣	٩١ (رقم ١٤٧)		على المطبوع: «لا يدخل الجنة من كان في قلبه مثقال ذرة من كبر». قال رجل: إن الرجل يحب أن يكون ثوبه حسنًا ونعله حسنة. قال: «إن الله جميل يحب الجمال. الكبر بطر الحق وغمط الناس».		متحقّق — Verified	التوثيق	مطابقة الإنتاج، ٢٠٢٦/٠٩/٢٤		طوبق على مصوّرة المطبوع؛ المصوّرة: https://archive.org/details/saheeh_moslem_Abdulbaqy (file Saheeh_Moslem01; leaf = page − 1)؛ الشاهد: مصوّرات/المجلدات-٢-١١/HA5/HA5-6_muslim91_v1p93.jpg
م١-١٤٧	م١ ف٠٢	حديث	«مَنْ كَانَ يُؤْمِنُ بِاللَّهِ وَالْيَوْمِ الْآخِرِ فَلْيَقُلْ خَيْرًا أَوْ لِيَصْمُتْ» (متفق عليه)	نص	البخاري؛ مسلم	البخاري؛ مسلم، الصحيح	صحيح البخاري، الطبعة السلطانية (بولاق ١٣١١هـ) بترقيم محمد فؤاد عبد الباقي، في مصوّرة دار طوق النجاة، ط١، بعناية محمد زهير بن ناصر الناصر ؛ صحيح مسلم، تحقيق محمد فؤاد عبد الباقي، مطبعة دار إحياء الكتب العربية، فيصل عيسى البابي الحلبي، القاهرة (لا سنة على صفحة العنوان)؛ ترقيم الصفحات متسلسل عبر الأجزاء				البخاري ٦٠١٨، ٦٤٧٥؛ مسلم ٤٧		على المطبوع: «من كان يؤمن بالله واليوم الآخر فليقل خيرًا أو ليصمت»		متحقّق — Verified	التوثيق	مطابقة الإنتاج، ٢٠٢٦/٠٩/٢٤		طوبق على مصوّرة المطبوع؛ المصوّرة: https://archive.org/details/03-54504 ; https://archive.org/details/saheeh_moslem_Abdulbaqy (file Saheeh_Moslem01; leaf = page − 1)
م٢-٠٠١	م٢ ف٠٣	حديث	يتداول بعض الخطباء عبارة «أنا أفصح من نطق بالضاد» على أنها حديث نبوي. وقد نصّ علماء الحديث على أنها لا أصل لها، وإن كان 	نص	السخاوي	السخاوي، المقاصد الحسنة في بيان كثير من الأحاديث المشتهرة على الألسنة	ت. عبد المعطي بن عبد الرزاق البكور (المجلد الأول)، دار الميمنة (دمشق) ومكتبة الميمنة المدنية (المدينة المنورة)، الطبعة الأولى، ١٤٣٩هـ/٢٠١٧م		١	٥٣٧	١٨٧	«معناه صحيحٌ، ولكنْ لا أصلَ له، كما قالَه ابنُ كثيرٍ»	على المطبوع: «١٨٧ حديث: «أنا أفْصَحُ مَنْ نَطَقَ بالضَّادِ». معناه صحيحٌ، ولكنْ لا أصلَ له، كما قالَه ابنُ كثيرٍ(٧).» ح(٧): «تفسير القرآن العظيم» (١/٢٢٨).		متحقّق — Verified	التوثيق	مطابقة الإنتاج، ٢٠٢٦/٠٩/٢٤		طوبق على مصوّرة المطبوع؛ طوبق المعنى، والمتن يحكيه بتصرّف؛ كان في المتن: وقد نصّ علماء الحديث على أنها لا أصل لها بهذا اللفظ، وإن كان معناها صحيحًا.؛ المصوّرة: https://archive.org/details/maqhasana؛ الشاهد: مصوّرات/المجلدات-٢-١١/H3/20_maqasid1_537.jpg؛ مصوّرات/المجلدات-٢-١١/H3/maqasid1_title.jpg؛ مصوّرات/المجلدات-٢-١١/H3/20_ibnkathir1_227-228.jpg
م٢-٠٠٢	م٢ ف٠٣	حديث	«مَنْ صَامَ رَمَضَانَ إِيمَانًا وَاحْتِسَابًا / غُفِرَ لَهُ مَا تَقَدَّمَ مِنْ ذَنْبِهِ» (متفق عليه)	نص	البخاري؛ مسلم	البخاري؛ مسلم، الصحيح	صحيح البخاري، الطبعة السلطانية (بولاق ١٣١١هـ) بترقيم محمد فؤاد عبد الباقي، في مصوّرة دار طوق النجاة، ط١، بعناية محمد زهير بن ناصر الناصر ؛ صحيح مسلم، تحقيق محمد فؤاد عبد الباقي، مطبعة دار إحياء الكتب العربية، فيصل عيسى البابي الحلبي، القاهرة (لا سنة على صفحة العنوان)؛ ترقيم الصفحات متسلسل عبر الأجزاء		البخاري ١؛ مسلم ١	البخاري ١/١٦؛ مسلم ١/٥٢٣–٥٢٤	البخاري ٣٨؛ مسلم ٧٦٠ (رقم ١٧٥)		على المطبوع: البخاري ٣٨: «من صام رمضان إيمانًا واحتسابًا غُفر له ما تقدم من ذنبه». مسلم ٧٦٠: «من صام رمضان إيمانًا واحتسابًا، غُفر له ما تقدم من ذنبه. ومن قام ليلة القدر إيمانًا واحتسابًا، غفر له ما تقدم من ذنبه».		متحقّق — Verified	التوثيق	مطابقة الإنتاج، ٢٠٢٦/٠٩/٢٤		طوبق على مصوّرة المطبوع؛ المصوّرة: https://archive.org/details/03-54504 ; https://archive.org/details/saheeh_moslem_Abdulbaqy (file Saheeh_Moslem01; leaf = page − 1)؛ الشاهد: مصوّرات/المجلدات-٢-١١/HA5/HA5-3_bukhari38_v1p16.jpg؛ مصوّرات/المجلدات-٢-١١/HA5/HA5-3_muslim760_p523-524.jpg
م٢-٠٠٣	م٢ ف٠٧	حديث	«مَنْ كانَ يُؤْمِنُ بِاللهِ وَالْيَوْمِ الآخِرِ فَلْيَقُلْ خَيْرًا أَوْ لِيَصْمُتْ» (متفق عليه)	نص	البخاري؛ مسلم	البخاري؛ مسلم، الصحيح	صحيح البخاري، الطبعة السلطانية (بولاق ١٣١١هـ) بترقيم محمد فؤاد عبد الباقي، في مصوّرة دار طوق النجاة، ط١، بعناية محمد زهير بن ناصر الناصر ؛ صحيح مسلم، تحقيق محمد فؤاد عبد الباقي، مطبعة دار إحياء الكتب العربية، فيصل عيسى البابي الحلبي، القاهرة (لا سنة على صفحة العنوان)؛ ترقيم الصفحات متسلسل عبر الأجزاء		مسلم ١	مسلم ١/٦٨	البخاري ٦٠١٨، ٦٤٧٥؛ مسلم ٤٧		على المطبوع: «من كان يؤمن بالله واليوم الآخر فليقل خيرًا أو ليصمت»		متحقّق — Verified	التوثيق	مطابقة الإنتاج، ٢٠٢٦/٠٩/٢٤		طوبق على مصوّرة المطبوع؛ المصوّرة: https://archive.org/details/03-54504 ; https://archive.org/details/saheeh_moslem_Abdulbaqy (file Saheeh_Moslem01; leaf = page − 1)
م٢-٠٠٤	م٢ ٠٠	مرجع حديث	من أقصى اللسان مع ما يحاذيه من الحنك الأعلى عند اللهاة، شديدة ينحبس فيها الهواء ثم ينطلق.	نص	إبراهيم أنيس	إبراهيم أنيس، الأصوات اللغوية	الطبعة الخامسة، ١٩٧٥، الناشر: مكتبة الأنجلو المصرية (المدينة غير مطبوعة على صفحة العنوان)			٨٤، ٨٦–٨٧			على المطبوع: «ولذلك يمكن أن تسمى القاف صوتًا لهويًّا نسبة إلى اللهاة» (أنيس ٨٧)؛ «فالقاف إذن صوت لهوي وقفة انفجارية مهموس» (بشر ٢٧٦)؛ «فهي تسمع في لغة الكلام بمصر والشام همزة، وتسمع جيمًا كالجيم القاهرية في بعض البيئات بصعيد مصر وبين كثير من قبائل البدو» (أنيس ٨٦)		متحقّق — Verified	التوثيق	مطابقة الإنتاج، ٢٠٢٦/٠٩/٢٤		طوبق على مصوّرة المطبوع؛ حُسمت المسألة من كتب المختصين؛ المصوّرة: https://archive.org/details/ar113lang04؛ الشاهد: مصوّرات/المجلدات-٢-١١/M1/30_anis87_qaf.jpg؛ مصوّرات/المجلدات-٢-١١/M1/31_anis86_qaf.jpg؛ مصوّرات/المجلدات-٢-١١/M1/14_anis84_qaf.jpg
م٢-٠٠٥	م٢ ف٠١	مرجع حديث	وقد فرّق تمام حسان بين الصوت المنطوق فعلًا والحرف الذي يمثّله في النظام، فالحرف عنده «عنوان على عدد من الأصوات».	نص	تمام حسان	تمام حسان، اللغة العربية معناها ومبناها	دار الثقافة، الدار البيضاء (المغرب)، طبعة ١٩٩٤			٧٣–٧٤			على المطبوع: «والحروف وحدات من نظام وهذه الوحدات أقسام ذهنية لا أعمال نطقية على نحو ما تكون الأصوات. والفرق واضح بين العمل الحركي الذي للصوت وبين الإدراك الذهني الذي للحرف» (٧٣)؛ «... ولكن الحرف لا ينطق وإنما يفهم في إطار نظام من الحروف يسمى النظام الصوتي للغة ... لأن الحرف عنوان على عدد من الأصوات ... وآخر الفر		متحقّق — Verified	التوثيق	مطابقة الإنتاج، ٢٠٢٦/٠٩/٢٤		طوبق على مصوّرة المطبوع؛ رُئي الموضع في المرجع الحديث؛ كان في المتن: وقد فرّق تمام حسان في «اللغة العربية معناها ومبناها» بين الصوت المنطوق فعلًا والحرف الذي يمثّله في النظام.؛ المصوّرة: https://archive.org/details/20210111_20210111_1929؛ الشاهد: مصوّرات/المجلدات-٢-١١/M1/10_hassan73_sawt_harf.jpg؛ مصوّرات/المجلدات-٢-١١/M1/10_hassan74_sawt_harf.jpg؛ مصوّرات/المجلدات-٢-١١/M1/hassan_title.jpg
م٢-٠٠٦	م٢ ف٠٢	مرجع حديث	عدّ سيبويه وعلماء التجويد القافَ والطاءَ من الحروف المجهورة، ولذلك قال: «لصارت الطاءُ دالًا» لا تاءً. أما النطق المعاصر 	نص	إبراهيم أنيس	إبراهيم أنيس، الأصوات اللغوية	الطبعة الخامسة، ١٩٧٥، الناشر: مكتبة الأنجلو المصرية (المدينة غير مطبوعة على صفحة العنوان)			٦١–٦٣، ٨٤، ١٧٩			على المطبوع: «القاف كما ينطق بها الآن في مصر بين مجيدي القراءات صوت شديد مهموس، رغم أن جميع كتب القراءات قد وصفتها بأنها أحد الأصوات المجهورة» (أنيس ٨٤)؛ «فالطاء كما ننطق بها الآن صوت شديد مهموس» (٦١–٦٢)؛ «ولكن التجارب الحديثة تبرهن على أن الطاء كما ننطق بها الآن صوت مهموس وأن نظيرها غير المطبق هو التاء» (٦٣)؛ «		متحقّق — Verified	التوثيق	مطابقة الإنتاج، ٢٠٢٦/٠٩/٢٤		طوبق على مصوّرة المطبوع؛ رُئي الموضع في المرجع الحديث؛ كان في المتن: عدّ سيبويه وعلماء التجويد القافَ والطاءَ من الحروف المجهورة ... أما النطق المعاصر ... فيُسمع فيه الحرفان مهموسين، كما يص؛ المصوّرة: https://archive.org/details/ar113lang04؛ الشاهد: مصوّرات/المجلدات-٢-١١/M1/14_anis84_qaf.jpg؛ مصوّرات/المجلدات-٢-١١/M1/14_anis61_taa.jpg؛ مصوّرات/المجلدات-٢-١١/M1/14_anis62_taa.jpg
م٢-٠٠٧	م٢ ف٠٢	مرجع حديث	وكذلك الهمزة: عدّها سيبويه من المجهورة، ووصفها إبراهيم أنيس وكمال بشر بأنها «لا بالمجهور ولا بالمهموس»، لانغلاق فتحة الم	نص	كمال بشر	كمال بشر، علم الأصوات	دار غريب للطباعة والنشر والتوزيع، القاهرة، تاريخ النشر ٢٠٠٠ (رقم الإيداع ١١٦٢٨؛ لا رقم طبعة على صفحة العنوان)			١٧٩–١٨٠			على المطبوع: «فالهمزة إذن صوت شديد، لا هو بالمجهور ولا بالمهموس، لأن فتحة المزمار معها مغلقة إغلاقًا تامًّا» (أنيس ٩٠)؛ «أما الذي نعرفه ونخبره اليوم في نطقنا الحالي للعربية فهو أن الهمزة صوت لا بالمجهور ولا بالمهموس، وأن القاف والطاء صوتان مهموسان» (بشر ١٧٩)		متحقّق مع اختلاف رواية — Verified with variant	التوثيق	مطابقة الإنتاج، ٢٠٢٦/٠٩/٢٤		طوبق على مصوّرة المطبوع؛ خلافٌ مسمًّى أطرافه في المتن؛ كان في المتن: وكذلك الهمزة: مجهورة عند القدماء، وليست مجهورة ولا مهموسة عند كثير من المحدثين. والتدريب في هذا الكتاب على النطق المعاصر؛ المصوّرة: https://archive.org/details/ar113lang115؛ الشاهد: مصوّرات/المجلدات-٢-١١/M1/15_anis90_hamza.jpg؛ مصوّرات/المجلدات-٢-١١/M1/14_bishr179_hamza_qaf_taa.jpg؛ مصوّرات/المجلدات-٢-١١/M1/14_sibawayh4_434_majhura.jpg
م٢-٠٠٨	م٢ ٠٠	مرجع حديث	كما تُسمع اليوم من القراء المتقنين: صوت شديد مجهور مفخّم مُطبَق، ينحبس فيه الهواء بطرف اللسان عند أصول الثنايا العليا كا	نص	كمال بشر	كمال بشر، علم الأصوات	دار غريب للطباعة والنشر والتوزيع، القاهرة، تاريخ النشر ٢٠٠٠ (رقم الإيداع ١١٦٢٨؛ لا رقم طبعة على صفحة العنوان)			٢٥٣			على المطبوع: «الضاد: هي النظير المجهور للطاء، فلا فرق بينهما إلا أن الطاء صوت مهموس والضاد صوت مجهور. كما أنه لا فرق بين الدال والضاد إلا أن الضاد مطبق (مفخم) والدال لا إطباق فيه. فالضاد إذن صوت أسناني - لثوي وقفة انفجارية مجهور مفخم (مطبق).» (بشر ٢٥٣)؛ «فالضاد الحديثة صوت شديد مجهور ... ثم ينحبس الهواء عند التق		متحقّق — Verified	التوثيق	مطابقة الإنتاج، ٢٠٢٦/٠٩/٢٤		طوبق على مصوّرة المطبوع؛ صُحّح قول المتن على المطبوع؛ كان في المتن قبل التصحيح: صوت مجهور مفخّم مُطبَق، تعتمد فيه حافة اللسان على الأضراس العليا ويرتفع مؤخّره نحو الحنك، ولا يخرج طرف اللسان بين الأسنا؛ المصوّرة: https://archive.org/details/ar113lang115؛ الشاهد: مصوّرات/المجلدات-٢-١١/M1/21_anis48_dad.jpg؛ مصوّرات/المجلدات-٢-١١/M1/21_bishr253_dad.jpg؛ مصوّرات/المجلدات-٢-١١/M1/21_bishr258_dad.jpg
م٢-٠٠٩	م٢ ف٠٣	مرجع حديث	وصف القدماء الضاد بأنها رخوة مستطيلة تخرج من حافة اللسان. أما الضاد المسموعة اليوم من أكثر القراء والمذيعين فصوت ينحبس ف	نص	إبراهيم أنيس	إبراهيم أنيس، الأصوات اللغوية	الطبعة الخامسة، ١٩٧٥، الناشر: مكتبة الأنجلو المصرية (المدينة غير مطبوعة على صفحة العنوان)			٤٨–٤٩، ٦٣			على المطبوع: «الضاد كما ننطق بها الآن في مصر لا تختلف عن الدال في شيء سوى أن الضاد أحد أصوات الإطباق ... ويستدل من وصف القدماء لهذا الصوت على أن الضاد كما وصفها الخليل ومن نحوا نحوه، تخالف تلك التي ننطق بها الآن» (أنيس ٤٨)؛ «غير أن مجراه في الفم جانبي ... ولذلك كان يعدها القدماء من الأصوات الرخوة» (٤٩)؛ «والمتفق		متحقّق — Verified	التوثيق	مطابقة الإنتاج، ٢٠٢٦/٠٩/٢٤		طوبق على مصوّرة المطبوع؛ رُئي الموضع في المرجع الحديث؛ كان في المتن: وصف القدماء الضاد بأنها رخوة مستطيلة تخرج من حافة اللسان. أما الضاد المسموعة اليوم ... ويصفه كثير من علماء الأصوات المحد؛ المصوّرة: https://archive.org/details/ar113lang04؛ الشاهد: مصوّرات/المجلدات-٢-١١/M1/21_anis48_dad.jpg؛ مصوّرات/المجلدات-٢-١١/M1/21_anis49_dad.jpg؛ مصوّرات/المجلدات-٢-١١/M1/14_anis63_taa.jpg
م٢-٠١٠	م٢ ف٠٣	مرجع حديث	ويستشهد برجشتراسر وكمال بشر على الوصف القديم بأن كلمات عربية فيها ضاد دخلت الإسبانية بلام تليها دال (ld)، كـ«القاضي» الت	نص	برجشتراسر (G. Bergsträsser)	برجشتراسر (G. Bergsträsser)، التطور النحوي للغة العربية (محاضرات ألقاها في الجامعة المصرية سنة ١٩٢٩)	أخرجه وصححه وعلق عليه رمضان عبد التواب، مكتبة الخانجي بالقاهرة ودار الرفاعي بالرياض، ١٤٠٢هـ/١٩٨٢م			١٩ (والوصف قبلها ١٨)			على المطبوع: «ويغلب على ظني أن النطق العتيق للضاد، لا يوجد الآن عند أحد من العرب، غير أن للضاد نطقًا قريبًا منه جدًّا عند أهل حضرموت، وهو كاللام المطبقة. ويظهر أن الأندلسيين كانوا ينطقون الضاد مثل ذلك؛ ولذلك استبدلها(١) الأسبان بالـ (ld) في الكلمات العربية المستعارة في لغتهم؛ مثال ذلك أن كلمة: «القاضي» صارت في ا		متحقّق — Verified	التوثيق	مطابقة الإنتاج، ٢٠٢٦/٠٩/٢٤		طوبق على مصوّرة المطبوع؛ رُئي الموضع في المرجع الحديث؛ كان في المتن: ويُذكر شاهدًا على الوصف القديم أن كلمات عربية فيها ضاد دخلت بعض اللغات بصوت قريب من اللام.؛ المصوّرة: https://archive.org/details/AAlexandrina-421331؛ الشاهد: مصوّرات/المجلدات-٢-١١/M1/22_bergstrasser19_alcalde.jpg؛ مصوّرات/المجلدات-٢-١١/M1/22_bergstrasser18_dad.jpg؛ مصوّرات/المجلدات-٢-١١/M1/22_bishr260_spanish.jpg
م٢-٠١١	م٢ ف٠٣	مرجع حديث	الضاد المعتمدة في هذا الكتاب صوت شديد مجهور مفخّم مطبق: ينحبس فيه الهواء بطرف اللسان عند أصول الثنايا العليا كما في الدا	نص	كمال بشر	كمال بشر، علم الأصوات	دار غريب للطباعة والنشر والتوزيع، القاهرة، تاريخ النشر ٢٠٠٠ (رقم الإيداع ١١٦٢٨؛ لا رقم طبعة على صفحة العنوان)			٢٥٣			على المطبوع: «فالضاد إذن صوت أسناني - لثوي وقفة انفجارية مجهور مفخم (مطبق).» (بشر ٢٥٣)؛ «ثم ينحبس الهواء عند التقاء طرف اللسان بأصول الثنايا العليا» (أنيس ٤٨)		متحقّق — Verified	التوثيق	مطابقة الإنتاج، ٢٠٢٦/٠٩/٢٤		طوبق على مصوّرة المطبوع؛ صُحّح قول المتن على المطبوع؛ كان في المتن قبل التصحيح: الضاد المعتمدة في هذا الكتاب صوت مجهور مفخّم مطبق: تعتمد فيه حافة اللسان على الأضراس العليا، ويرتفع وسطه ومؤخّره نحو الح؛ المصوّرة: https://archive.org/details/ar113lang115؛ الشاهد: مصوّرات/المجلدات-٢-١١/M1/21_bishr253_dad.jpg؛ مصوّرات/المجلدات-٢-١١/M1/21_anis48_dad.jpg
م٢-٠١٢	م٢ ف٠٥	مرجع حديث	القاف المعتمدة في هذا الكتاب صوت شديد ينحبس فيه الهواء عند أقصى اللسان مع ما يحاذيه من الحنك الأعلى عند اللهاة، ثم ينطلق	نص	إبراهيم أنيس	إبراهيم أنيس، الأصوات اللغوية	الطبعة الخامسة، ١٩٧٥، الناشر: مكتبة الأنجلو المصرية (المدينة غير مطبوعة على صفحة العنوان)			٨٤، ٨٦–٨٧			على المطبوع: «وهناك ينحبس الهواء باتصال أدنى الحلق (بما في ذلك اللهاة) بأقصى اللسان ثم ينفصل العضوان انفصالًا مفاجئًا ... فلا فرق بين القاف كما ننطق بها، وبين الكاف إلا في أن القاف أعمق قليلًا في مخرجها» (٨٧)		متحقّق — Verified	التوثيق	مطابقة الإنتاج، ٢٠٢٦/٠٩/٢٤		طوبق على مصوّرة المطبوع؛ حُسمت المسألة من كتب المختصين؛ المصوّرة: https://archive.org/details/ar113lang04؛ الشاهد: مصوّرات/المجلدات-٢-١١/M1/30_anis87_qaf.jpg؛ مصوّرات/المجلدات-٢-١١/M1/31_anis86_qaf.jpg؛ مصوّرات/المجلدات-٢-١١/M1/14_anis84_qaf.jpg
م٢-٠١٣	م٢ ف٠٥	مرجع حديث	ورأى كمال بشر أنها في النطق المعاصر صوت لهوي انفجاري مهموس، وأن بين النطق المعاصر ووصف القدماء خلافًا في موضعها وفي جهره	نص	كمال بشر	كمال بشر، علم الأصوات	دار غريب للطباعة والنشر والتوزيع، القاهرة، تاريخ النشر ٢٠٠٠ (رقم الإيداع ١١٦٢٨؛ لا رقم طبعة على صفحة العنوان)			٢٧٦، ٢٧٨–٢٧٩			على المطبوع: «فالقاف إذن صوت لهوي وقفة انفجارية مهموس ... ويتضح من هذا الوصف أن بيننا وبين علماء العربية نقطتي خلاف في صوت القاف، النقطة الأولى منهما خاصة بموضع النطق والثانية بصفة الجهر والهمس» (بشر ٢٧٦)؛ «وخلاصة القول في مخرج القاف – كما يفهم من التراث القديم في مجموعه – أنها تخرج من أقصى الحنك ... في حين أنها		متحقّق مع اختلاف رواية — Verified with variant	التوثيق	مطابقة الإنتاج، ٢٠٢٦/٠٩/٢٤		طوبق على مصوّرة المطبوع؛ خلافٌ مسمًّى أطرافه في المتن؛ كان في المتن: أما كثير من علماء الأصوات المحدثين فيصفون النطق المعاصر المتلقَّى عن أكثر القراء بأنه أقرب إلى الهمس منه إلى الجهر الكام؛ المصوّرة: https://archive.org/details/ar113lang115؛ الشاهد: مصوّرات/المجلدات-٢-١١/M1/31_bishr276_qaf.jpg؛ مصوّرات/المجلدات-٢-١١/M1/31_bishr278_qaf.jpg؛ مصوّرات/المجلدات-٢-١١/M1/31_bishr279_qaf.jpg
م٢-٠١٤	م٢ ف٠٦	مرجع حديث	وهذا من «المماثلة» الصوتية التي يتأثر فيها الصوت بما يليه، وهي كثيرة الشيوع في العربية وفي غيرها من اللغات، ويسميه علماء	نص	إبراهيم أنيس	إبراهيم أنيس، الأصوات اللغوية	الطبعة الخامسة، ١٩٧٥، الناشر: مكتبة الأنجلو المصرية (المدينة غير مطبوعة على صفحة العنوان)			٧٣، ١٨٠، ١٨٦			على المطبوع: «قلب النون إلى ميم: إذا جاورت النون الباء مجاورة مباشرة لاحظنا أن النون تتأثر بالباء وتقلب إلى صوت أنفي شبيه بالباء في المخرج، وهذا الصوت هو الميم. أي أن النون تفقد مخرجها ولكن لا تفقد صفتها الأنفية، وذلك في مثل (أنبئهم – من بعد)» (٧٣)؛ «رجعي: وفيه يتأثر الصوت الأول بالثاني. وهذا النوع كثير الشيوع ف		متحقّق — Verified	التوثيق	مطابقة الإنتاج، ٢٠٢٦/٠٩/٢٤		طوبق على مصوّرة المطبوع؛ رُئي الموضع في المرجع الحديث؛ كان في المتن: وهذا تطبيع طبيعي في كل لغات العالم تقريبًا حين يجاور صوت أنفي صوتًا شفويًّا، ويسميه علماء التجويد في تلاوة القرآن «الإقل؛ المصوّرة: https://archive.org/details/ar113lang04؛ الشاهد: مصوّرات/المجلدات-٢-١١/M1/36_anis73_iqlab.jpg؛ مصوّرات/المجلدات-٢-١١/M1/36_anis186_iqlab.jpg؛ مصوّرات/المجلدات-٢-١١/M1/36_anis180_assimilation.jpg
م٢-٠١٥	م٢ ف٠٧	مرجع حديث	يصف كمال بشر المفخّم بأن له موضعين من النطق: موضعه الأصلي، وموضعًا ثانيًا يصاحبه؛ فالطاء تُنطق من موضع التاء، ويصحبها ار	نص	كمال بشر	كمال بشر، علم الأصوات	دار غريب للطباعة والنشر والتوزيع، القاهرة، تاريخ النشر ٢٠٠٠ (رقم الإيداع ١١٦٢٨؛ لا رقم طبعة على صفحة العنوان)			٣٩٤			على المطبوع: «التفخيم velarisation أثر سمعي ينتج عن عوامل فسيولوجية متداخلة، ندرك منها عاملين مهمين. أولهما: ارتفاع مؤخر اللسان تجاه أقصى الحنك ... (الحنك اللين) ... ثانيهما: (على ما يقال): رجوع اللسان إلى الخلف ... وبهذا يمكن أن نحسب للصوت المفخم موضعين من النطق. موضع نطقه الأصلي مصاحبًا بالوضع الثاني ... فصوت 		متحقّق — Verified	التوثيق	مطابقة الإنتاج، ٢٠٢٦/٠٩/٢٤		طوبق على مصوّرة المطبوع؛ رُئي الموضع في المرجع الحديث؛ كان في المتن: يصف علماء الأصوات المحدثون المفخّم بأن له حركة ثانية تصاحب حركته الأولى: فالطاء تُنطق من موضع التاء، ويصحبها ارتفاع مؤخّ؛ المصوّرة: https://archive.org/details/ar113lang115؛ الشاهد: مصوّرات/المجلدات-٢-١١/M1/45_bishr394_tafkhim.jpg؛ مصوّرات/المجلدات-٢-١١/M1/14_anis61_taa.jpg؛ مصوّرات/المجلدات-٢-١١/M1/14_anis62_taa.jpg
م٢-٠١٦	م٢ ف٠١	مرجع حديث	يسمّي علماء الأصوات المحدثون هذه الأعضاء «أعضاء النطق»، ويقسمها كمال بشر إلى أعضاء متحركة، كاللسان والشفتين والحنك اللين	نص	كمال بشر	كمال بشر، علم الأصوات	دار غريب للطباعة والنشر والتوزيع، القاهرة، تاريخ النشر ٢٠٠٠ (رقم الإيداع ١١٦٢٨؛ لا رقم طبعة على صفحة العنوان)			١٣٢، ١٣٩–١٤٠			على المطبوع: «٣ – ليست أعضاء النطق جميعها متحركة، أي قابلة للحركة، فمعظمها ثابت لا يتحرك وقليل منها قابل للحركة، كاللسان والشفتين.» (١٣٢)؛ «واللثة من أعضاء النطق الثابتة ... والحنك الصلب ثابت لا يتحرك، أما الحنك اللين فهو قابل للحركة» (١٣٩)؛ «الشفاه من أعضاء النطق المهمة، وهي أيضًا من الأعضاء المتحركة ... الأسنا		متحقّق — Verified	التوثيق	مطابقة الإنتاج، ٢٠٢٦/٠٩/٢٤		طوبق على مصوّرة المطبوع؛ رُئي الموضع في المرجع الحديث؛ كان في المتن: ويقسمونها إلى أعضاء متحركة، كاللسان والشفة السفلى والوترين الصوتيين، وأعضاء ثابتة، كالأسنان والحنك الصلب. والصوت عندهم ن؛ المصوّرة: https://archive.org/details/ar113lang115؛ الشاهد: مصوّرات/المجلدات-٢-١١/M1/7_bishr132_organs.jpg؛ مصوّرات/المجلدات-٢-١١/M1/7_bishr139_organs.jpg؛ مصوّرات/المجلدات-٢-١١/M1/7_bishr140_organs.jpg
م٢-٠١٧	م٢ ف٠١	مرجع حديث	يسمّي المحدثون الصوت الذي يفرّق بين معنيين «الفونيم» أو «الوحدة الصوتية»، ويستعملون الأزواج الصغرى لإثباته	نص	كمال بشر	كمال بشر، علم الأصوات	دار غريب للطباعة والنشر والتوزيع، القاهرة، تاريخ النشر ٢٠٠٠ (رقم الإيداع ١١٦٢٨؛ لا رقم طبعة على صفحة العنوان)			٤٨٦، ٤٩١			على المطبوع: «أما الفونيم نفسه فإنه يتبادل المواقع مع الفونيمات الأخرى، فنقول: «داب وراب» أو «قال وقام» ... ونقول أيضًا عام (بالعين) وغام (بالغين) فيحدث التمييز الدلالي» (٤٨٦)؛ «١ – الفونيم وحدة صوتية تميز كلمة من أخرى ... فكلمة «نام» مثلًا تختلف عن «قام» في المعنى» (٤٩١)		متحقّق — Verified	التوثيق	مطابقة الإنتاج، ٢٠٢٦/٠٩/٢٤		طوبق على مصوّرة المطبوع؛ رُئي الموضع في المرجع الحديث؛ المصوّرة: https://archive.org/details/ar113lang115؛ الشاهد: مصوّرات/المجلدات-٢-١١/M1/390_bishr486_phoneme.jpg؛ مصوّرات/المجلدات-٢-١١/M1/9_bishr491_phoneme.jpg؛ مصوّرات/المجلدات-٢-١١/M1/bishr_title.jpg
م٢-٠١٨	م٢ ف٠٣	مرجع حديث	دخول الكلمة لغةَ المتعلم الأولى قديمًا بصوت قريب من اللام، فيبقى نطقها المألوف عنده	نص	Charles Henry Robinson	Charles Henry Robinson، Dictionary of the Hausa Language, vol. 1 (Hausa–English)	3rd ed. revised and enlarged, Cambridge: at the University Press, 1913 (title page read)		1	12			على المطبوع: alkāli, pl. alkālai (Ar. قاضٍ), judge; E 10 alkalai da masuzua sheria the judges and those who come to be judged.		متحقّق — Verified	التوثيق	مطابقة الإنتاج، ٢٠٢٦/٠٩/٢٤		طوبق على مصوّرة المطبوع؛ حُسمت المسألة من كتب المختصين؛ كان في المتن: صورة للكلمة استقرت في اللغة الأولى للمتعلم بصوت قريب من اللام؛ المصوّرة: https://archive.org/details/dictionaryofhaus01robiuoft؛ الشاهد: مصوّرات/المجلدات-٢-١١/M2/24_robinson_alkali_p12.jpg؛ مصوّرات/المجلدات-٢-١١/M2/robinson_title.jpg
م٢-٠١٩	م٢ ف٠٤	مرجع حديث	غياب الأصوات بين الأسنان عن النظام الأول، وهي غائبة عن أكثر لغات العالم، فيقرَّب الصوت من أقرب مخرج معروف	نص	Ian Maddieson	Ian Maddieson، Presence of Uncommon Consonants (WALS Online, ch. 19)	WALS Online v2020.4, ed. Dryer & Haspelmath, Zenodo doi:10.5281/zenodo.13950591 (online chapter, no page numbers)						على المطبوع: «…occurring in just 43 (or 7.6%) of the languages surveyed…»		متحقّق — Verified	التوثيق	مطابقة الإنتاج، ٢٠٢٦/٠٩/٢٤		طوبق على مصوّرة المطبوع؛ حُسمت المسألة من كتب المختصين؛ كان في المتن: غياب الأصوات بين الأسنان عن النظام الأول، فيقرَّب الصوت من أقرب مخرج معروف؛ المصوّرة: https://wals.info/chapter/19؛ الشاهد: مصوّرات/المجلدات-٢-١١/M2/400_wals19_th.jpg؛ مصوّرات/المجلدات-٢-١١/M2/27_phoible_theta.jpg
م٢-٠٢٠	م٢ ف٠٥	مرجع حديث	العين والحاء نادرتان في لغات العالم، فمن غابتا عن نظامه الصوتي الأول اجتهد في تقريبهما من أقرب صوت يعرفه، وهذا يحتاج إلى	نص	Ian Maddieson	Ian Maddieson، Presence of Uncommon Consonants (WALS Online, ch. 19)	WALS Online v2020.4, ed. Dryer & Haspelmath, Zenodo doi:10.5281/zenodo.13950591 (online chapter, no page numbers)						على المطبوع: «One or more pharyngeal consonants occur in 23 (or 4.1%) of the languages surveyed.»		متحقّق — Verified	التوثيق	مطابقة الإنتاج، ٢٠٢٦/٠٩/٢٤		طوبق على مصوّرة المطبوع؛ حُسمت المسألة من كتب المختصين؛ كان في المتن: وهذا من أشيع الإبدالات لغياب الحلقيات عن أكثر لغات العالم؛ المصوّرة: https://wals.info/chapter/19؛ الشاهد: مصوّرات/المجلدات-٢-١١/M2/399_wals19_pharyngeals.jpg؛ مصوّرات/المجلدات-٢-١١/M2/wals19_intro_values.jpg
م٢-٠٢١	م٢ ف٠٢	نقل عالم	«ولولا الإطباقُ لصارت الطاءُ دالًا، والصادُ سينًا، والظاءُ ذالًا، ولخرجت الضادُ من الكلام، لأنه ليس شيءٌ من موضعها غيرُه	نص	سيبويه	سيبويه، الكتاب	تحقيق وشرح عبد السلام محمد هارون، عالم الكتب، بيروت، الطبعة الثالثة ١٤٠٣هـ/١٩٨٣م (كما على صفحة العنوان؛ ترقيمها مطابق لترقيم طبعة الخانجي ط٣ ١٤٠٨هـ/١٩٨٨م المثبت في بطاقة الشاملة ٢٣٠١٨)		٤	٤٣٦			على المطبوع: ومنها (المُطْبَقَةُ والمُنْفَتِحة). فأما المُطْبَقة فالصادُ، والضاد، والطاء، والظاء. … فهذه الأربعةُ لها موضعان من اللسان، وقد بُيِّن ذلك بحَصْرِ الصوت. ولولا الإطباقُ لصارت الطاءُ دالًا، والصادُ سِينًا، والظاءُ ذالًا، ولَخرجتِ الضادُ من الكلام، لأنه ليس شيءٌ من موضعها غيرُها.		متحقّق — Verified	التوثيق	مطابقة الإنتاج، ٢٠٢٦/٠٩/٢٤		طوبق على مصوّرة المطبوع؛ المصوّرة: https://archive.org/details/1_20220620_20220620_0955؛ الشاهد: مصوّرات/المجلدات-٢-١١/P/12_itbaq.jpg
م٢-٠٢٢	م٢ ف٠٢	نقل عالم	«مَهْمُوسُهَا فَحَثَّهُ شَخْصٌ سَكَتْ ... شَدِيدُهَا لَفْظُ أَجِدْ قَطٍ بَكَتْ» *(ابن الجزري، المقدمة الجزرية)*	نص	ابن الجزري	ابن الجزري، المقدمة الجزرية	المقدمة، فيما يجب على قارئ القرآن أن يعلمه، عن نسخة عليها خط الناظم، حققها وشرحها محمد خليل الزروق، دار الساقية للنشر، بنغازي، الطبعة الأولى، صيف ٢٠٠٧ (ردمك 978-9959-854-08-7)؛ النص المجرد ص ٧٧–٨١			٧٨			على المطبوع: مَهْمُوسُهَا: فَحَثَّهُ شَخْصٌ سَكَتْ … شَدِيدُهَا لَفْظُ: أَجِدْ قَطٍ بَكَتْ		متحقّق — Verified	التوثيق	مطابقة الإنتاج، ٢٠٢٦/٠٩/٢٤		طوبق على مصوّرة المطبوع؛ المصوّرة: https://archive.org/details/Jazria-intro؛ الشاهد: مصوّرات/المجلدات-٢-١١/P/12b_jazari_hams.jpg
م٢-٠٢٣	م٢ ف٠٢	نقل عالم	ومعنى كلام سيبويه في الجهر والهمس أن المجهور حرف «أُشبِع الاعتمادُ في موضعه، ومَنَع النَّفَسَ أن يجري معه حتى ينقضي الاع	نص	سيبويه	سيبويه، الكتاب	تحقيق وشرح عبد السلام محمد هارون، عالم الكتب، بيروت، الطبعة الثالثة ١٤٠٣هـ/١٩٨٣م (كما على صفحة العنوان؛ ترقيمها مطابق لترقيم طبعة الخانجي ط٣ ١٤٠٨هـ/١٩٨٨م المثبت في بطاقة الشاملة ٢٣٠١٨)		٤	٤٣٤			على المطبوع: فالمجهورة: حرفٌ أُشْبِعَ الاعتمادُ في موضعه، ومَنَعَ النَّفَسَ أن يجريَ معه حتى ينقضيَ الاعتمادُ [عليه] ويجري الصوت. … وأما المهموس فحرفٌ أُضعِفَ الاعتمادُ في موضعه حتى جرى النَّفَسُ معه، وأنت تعرف ذلك إذا اعتبرتَ فردَّدتَ الحرفَ مع جَرْيِ النَّفَس. ولو أردتَ ذلك في المجهورة لم تقدر عليه.		متحقّق — Verified	التوثيق	مطابقة الإنتاج، ٢٠٢٦/٠٩/٢٤		طوبق على مصوّرة المطبوع؛ طوبق المعنى، وما بين علامتي التنصيص في المتن لفظ المطبوع بنصّه؛ كان في المتن: ومعنى كلام سيبويه في الجهر والهمس أن المجهور حرف قوي الاعتماد في موضعه، يمنع النفَس أن يجري معه حتى ينقضي الاعتماد، وأن ؛ المصوّرة: https://archive.org/details/1_20220620_20220620_0955؛ الشاهد: مصوّرات/المجلدات-٢-١١/P/16_jahr_hams.jpg
م٢-٠٢٤	م٢ ف٠٣	نقل عالم	«ومن بين أوّلِ حافةِ اللسان وما يليها من الأضراس مخرجُ الضاد»	نص	سيبويه	سيبويه، الكتاب	تحقيق وشرح عبد السلام محمد هارون، عالم الكتب، بيروت، الطبعة الثالثة ١٤٠٣هـ/١٩٨٣م (كما على صفحة العنوان؛ ترقيمها مطابق لترقيم طبعة الخانجي ط٣ ١٤٠٨هـ/١٩٨٨م المثبت في بطاقة الشاملة ٢٣٠١٨)		٤	٤٣٣			على المطبوع: ومن بين أوّلِ حافَةِ اللسان وما يليها(١) من الأضراس مَخْرَجُ الضاد. — (١) ط: «ومايليه».		متحقّق — Verified	التوثيق	مطابقة الإنتاج، ٢٠٢٦/٠٩/٢٤		طوبق على مصوّرة المطبوع؛ المصوّرة: https://archive.org/details/1_20220620_20220620_0955؛ الشاهد: مصوّرات/المجلدات-٢-١١/P/18_dad.jpg
م٢-٠٢٥	م٢ ف٠٣	نقل عالم	وجعل ابن الجزري مخرجها من حافة اللسان إذا وليت الأضراس، من الجهة اليسرى أو اليمنى. *(ابن الجزري، المقدمة الجزرية)*	نص	ابن الجزري	ابن الجزري، المقدمة الجزرية	المقدمة، فيما يجب على قارئ القرآن أن يعلمه، عن نسخة عليها خط الناظم، حققها وشرحها محمد خليل الزروق، دار الساقية للنشر، بنغازي، الطبعة الأولى، صيف ٢٠٠٧ (ردمك 978-9959-854-08-7)؛ النص المجرد ص ٧٧–٨١			٧٧			على المطبوع: …وَالضَّادُ: مِنْ حَافَتِهِ إِذْ وَلِيَا / لَاضْرَاسَ مِنْ أَيْسَرَ أَوْ يُمْنَاهَا…		متحقّق — Verified	التوثيق	مطابقة الإنتاج، ٢٠٢٦/٠٩/٢٤		طوبق على مصوّرة المطبوع؛ طوبق المعنى، والمتن يحكيه بتصرّف؛ المصوّرة: https://archive.org/details/Jazria-intro؛ الشاهد: مصوّرات/المجلدات-٢-١١/P/18b_jazari_dad.jpg
م٢-٠٢٦	م٢ ف٠٤	نقل عالم	جعل سيبويه الصاد والسين والزاي من مخرج واحد، فقال: «ومما بين طرف اللسان وفُوَيْقَ الثنايا مَخْرَجُ الزاي، والسين، والصاد	نص	سيبويه	سيبويه، الكتاب	تحقيق وشرح عبد السلام محمد هارون، عالم الكتب، بيروت، الطبعة الثالثة ١٤٠٣هـ/١٩٨٣م (كما على صفحة العنوان؛ ترقيمها مطابق لترقيم طبعة الخانجي ط٣ ١٤٠٨هـ/١٩٨٨م المثبت في بطاقة الشاملة ٢٣٠١٨)		٤	٤٦٤ (والمخرج ٤/٤٣٣)			على المطبوع: وأمّا الصادُ والسين والزاي فلا تُدغِمْهُنّ(٧) في هذه الحروف التي أُدغمت فيهنّ، لأنهنّ حروفُ الصفير، وهنّ أَنْدَى في السمع(٨). — (٨) أندى، أي أرفع وأعلى. // ٤/٤٣٣: ومما بين طَرَف اللسان وفُوَيْقَ الثنايا مَخْرَجُ الزاي، والسين، والصاد.		متحقّق — Verified	التوثيق	مطابقة الإنتاج، ٢٠٢٦/٠٩/٢٤		طوبق على مصوّرة المطبوع؛ صُحّح لفظ المتن على المطبوع؛ كان في المتن قبل التصحيح: «ومنها حروف الصفير، وهي: الزاي، والسين، والصاد»؛ المصوّرة: https://archive.org/details/1_20220620_20220620_0955؛ الشاهد: مصوّرات/المجلدات-٢-١١/P/25_safir.jpg؛ مصوّرات/المجلدات-٢-١١/P/25_makhraj.jpg
م٢-٠٢٧	م٢ ف٠٥	نقل عالم	قسّم علماء العربية والتجويد، ومنهم ابن الجزري في مقدمته المشهورة، الحلق إلى ثلاث مناطق: أقصاه، وهو مما يلي الصدر، وله ال	نص	ابن الجزري	ابن الجزري، المقدمة الجزرية	المقدمة، فيما يجب على قارئ القرآن أن يعلمه، عن نسخة عليها خط الناظم، حققها وشرحها محمد خليل الزروق، دار الساقية للنشر، بنغازي، الطبعة الأولى، صيف ٢٠٠٧ (ردمك 978-9959-854-08-7)؛ النص المجرد ص ٧٧–٨١			٧٧			على المطبوع: ثُمَّ لأَقْصَى الْحَلْقِ: هَمْزٌ، هَاءُ … وَمِنْ وَسَطِهِ: فَعَيْنٌ، حَاءُ / أَدْنَاهُ: غَيْنٌ خَاؤُهَا، وَالْقَافُ … أَقْصَى اللِّسَانِ فَوْقُ، ثُمَّ الْكَافُ / أَسْفَلُ …		متحقّق — Verified	التوثيق	مطابقة الإنتاج، ٢٠٢٦/٠٩/٢٤		طوبق على مصوّرة المطبوع؛ طوبق المعنى، والمتن يحكيه بتصرّف؛ كان في المتن: قسّم علماء التجويد والأصوات، ومنهم ابن الجزري في مقدمته المشهورة، الحلق إلى ثلاث مناطق: أقصاه مما يلي الصدر، وله الهمزة ؛ المصوّرة: https://archive.org/details/Jazria-intro؛ الشاهد: مصوّرات/المجلدات-٢-١١/P/28_jazari_halq.jpg؛ مصوّرات/المجلدات-٢-١١/P/28_sibawayh_throat.jpg؛ مصوّرات/المجلدات-٢-١١/P/4_makharij.jpg
م٢-٠٢٨	م٢ ف٠١	نقل عالم	ويُروى في مقدمة الكتاب أنه كان «يذوق» الحروف ليعرف مواضعها: «يفتحُ فاهُ بالألفِ ثم يُظهِرُ الحرفَ، نحو: ابْ، اتْ، احْ، ا	نص	الخليل بن أحمد (برواية الليث)	الخليل بن أحمد (برواية الليث)، كتاب العين، مقدمة الكتاب	تحقيق د. مهدي المخزومي ود. إبراهيم السامرائي (سلسلة المعاجم والفهارس)؛ الناشر غير مذكور على صفحة العنوان المصوّرة (الشاملة: دار ومكتبة الهلال)		١	٤٧			على المطبوع: فدبّر ونظر إلى الحروف كلِّها وذاقَها [فوجد مخرج الكلام كلّه من الحلق] فصيَّر أولاها بالابتداء أدخلَ حرفٍ منها في الحلق. وإنما كان ذَواقُه إيَّاها أنّه كان يَفْتَحُ فاهُ بالألفِ ثم يُظْهِرُ الحرفَ، نحو ابْ، اتْ، احْ، اعْ، اغْ، فوَجَدَ العينَ أدخلَ الحروفِ في الحلقِ، فجعلها أوّلَ الكتابِ، ثمّ ما قَرُب		متحقّق — Verified	التوثيق	مطابقة الإنتاج، ٢٠٢٦/٠٩/٢٤		طوبق على مصوّرة المطبوع؛ صُحّح لفظ المتن على المطبوع؛ كان في المتن قبل التصحيح: ويُروى في مقدمة الكتاب أنه كان «يذوق» الحرف ليعرف موضعه: يفتح فاه بألف ثم يُظهر الحرف ساكنًا، نحو: «أَبْ، أَتْ، أَحْ، أَ؛ المصوّرة: https://archive.org/details/0238_20191223؛ الشاهد: مصوّرات/المجلدات-٢-١١/P/3_dhawaq.jpg؛ مصوّرات/المجلدات-٢-١١/P/ayn_title.jpg
م٢-٠٢٩	م٢ ف٠٦	نقل عالم	سمّى الخليل بن أحمد هذه الأصوات الستة «الحروف الذُّلْق والشَّفَوية»: الراء واللام والنون تخرج «من ذَلْق اللسان»، والفاء 	نص	الخليل بن أحمد	الخليل بن أحمد، كتاب العين، مقدمة الكتاب	تحقيق د. مهدي المخزومي ود. إبراهيم السامرائي (سلسلة المعاجم والفهارس)؛ الناشر غير مذكور على صفحة العنوان المصوّرة (الشاملة: دار ومكتبة الهلال)		١	٥١–٥٢			على المطبوع: قال الخليل: إعلم أنّ الحروفَ الذُّلْقَ والشَّفَوِيَّةَ ستّةٌ وهي: ر ل ن، ف، ب، م، وإنّما سُمِّيَتْ هذه الحروف ذُلْقًا لأنّ الذلاقة في المنطق إنّما هي بطَرَفِ أَسَلةِ اللسان والشفتين، وهما مَدْرَجتا هذه الأحرف الستة، منها ثلاثة ذليقة: ر ل ن، تخرج من ذَلْق اللسان من طَرَف غار الفم، وثلاثة شفوية: ف ب م		متحقّق — Verified	التوثيق	مطابقة الإنتاج، ٢٠٢٦/٠٩/٢٤		طوبق على مصوّرة المطبوع؛ صُحّح قول المتن على المطبوع؛ كان في المتن قبل التصحيح: سمّى علماء الصرف هذه الأصوات الستة تحديدًا «حروف الذلاقة»: الراء واللام والنون من طرف اللسان، والباء والفاء والميم من ال؛ المصوّرة: https://archive.org/details/0238_20191223؛ الشاهد: مصوّرات/المجلدات-٢-١١/P/34_dhalq_51.jpg؛ مصوّرات/المجلدات-٢-١١/P/34_dhalq_52.jpg
م٢-٠٣٠	م٢ ف٠٧	نقل عالم	«وَحَرْفَ الِاسْتِعْلاءِ فَخِّمْ وَاخْصُصَا ... الِاطْباقَ أَقْوى نَحْوُ قالَ وَالعَصا»	نص	ابن الجزري	ابن الجزري، المقدمة الجزرية	المقدمة، فيما يجب على قارئ القرآن أن يعلمه، عن نسخة عليها خط الناظم، حققها وشرحها محمد خليل الزروق، دار الساقية للنشر، بنغازي، الطبعة الأولى، صيف ٢٠٠٧ (ردمك 978-9959-854-08-7)؛ النص المجرد ص ٧٧–٨١			٧٩			على المطبوع: وَحَرْفَ الاسْتِعْلاءِ فَخِّمْ، وَاخْصُصَا … لاطْبَاقَ أَقْوَى، نَحْوُ: قَالَ وَالْعَصَا		متحقّق — Verified	التوثيق	مطابقة الإنتاج، ٢٠٢٦/٠٩/٢٤		طوبق على مصوّرة المطبوع؛ المصوّرة: https://archive.org/details/Jazria-intro؛ الشاهد: مصوّرات/المجلدات-٢-١١/P/39_40_jazari.jpg
م٢-٠٣١	م٢ ف٠١	نقل عالم	ثم جاء سيبويه فقال: «ولحروف العربية ستةَ عشرَ مَخْرَجًا»، ووصف كل مخرج بعضو النطق الذي يصنعه.	نص	سيبويه	سيبويه، الكتاب	تحقيق وشرح عبد السلام محمد هارون، عالم الكتب، بيروت، الطبعة الثالثة ١٤٠٣هـ/١٩٨٣م (كما على صفحة العنوان؛ ترقيمها مطابق لترقيم طبعة الخانجي ط٣ ١٤٠٨هـ/١٩٨٨م المثبت في بطاقة الشاملة ٢٣٠١٨)		٤	٤٣٣ (والباب يبدأ ٤/٤٣١)			على المطبوع: ولحروف العربية ستةَ عشرَ مَخْرَجًا. فللحلقِ منها ثلاثةٌ. فأقصاها مَخْرَجًا: الهمزةُ والهاء والألف. ومن أوسطِ الحلق مَخْرَجُ العين والحاء. وأدناها مَخْرَجًا من الفَمِ: الغينُ والخاء. ومن أقصى اللسان وما فوقه من الحَنَك الأعلى مَخْرَجُ القاف. … ومن الخياشيم مَخْرَجُ النون الخفيفة. (٤/٤٣٣–٤٣٤)		متحقّق — Verified	التوثيق	مطابقة الإنتاج، ٢٠٢٦/٠٩/٢٤		طوبق على مصوّرة المطبوع؛ طوبق المعنى، وما بين علامتي التنصيص في المتن لفظ المطبوع بنصّه؛ كان في المتن: ثم جاء سيبويه فجعل لحروف العربية ستة عشر مخرجًا، ووصف كل مخرج بعضو النطق الذي يصنعه.؛ المصوّرة: https://archive.org/details/1_20220620_20220620_0955؛ الشاهد: مصوّرات/المجلدات-٢-١١/P/4_makharij.jpg؛ مصوّرات/المجلدات-٢-١١/P/4_makharij_434.jpg؛ مصوّرات/المجلدات-٢-١١/P/sibawayh_title.jpg
م٢-٠٣٢	م٢ ف٠٧	نقل عالم	«وَفَخِّمِ اللّامَ مِنِ اسْمِ اللهِ ... عَنْ فَتْحٍ اوْ ضَمٍّ كَعَبْدُ اللهِ»	نص	ابن الجزري	ابن الجزري، المقدمة الجزرية	المقدمة، فيما يجب على قارئ القرآن أن يعلمه، عن نسخة عليها خط الناظم، حققها وشرحها محمد خليل الزروق، دار الساقية للنشر، بنغازي، الطبعة الأولى، صيف ٢٠٠٧ (ردمك 978-9959-854-08-7)؛ النص المجرد ص ٧٧–٨١			٧٩			على المطبوع: وَفَخِّمِ اللَّامَ مِنِ اسْمِ اللهِ … عَنْ فَتْحٍ اوْ ضَمٍّ، كَعَبْدُ اللهِ		متحقّق — Verified	التوثيق	مطابقة الإنتاج، ٢٠٢٦/٠٩/٢٤		طوبق على مصوّرة المطبوع؛ المصوّرة: https://archive.org/details/Jazria-intro؛ الشاهد: مصوّرات/المجلدات-٢-١١/P/39_40_jazari.jpg
م٢-٠٣٣	م٢ ف٠٧	نقل عالم	«وَرَقِّقِ الرّاءَ إِذا ما كُسِرَتْ ... كَذاكَ بَعْدَ الكَسْرِ حَيْثُ سَكَنَتْ»	نص	ابن الجزري	ابن الجزري، المقدمة الجزرية	المقدمة، فيما يجب على قارئ القرآن أن يعلمه، عن نسخة عليها خط الناظم، حققها وشرحها محمد خليل الزروق، دار الساقية للنشر، بنغازي، الطبعة الأولى، صيف ٢٠٠٧ (ردمك 978-9959-854-08-7)؛ النص المجرد ص ٧٧–٨١			٧٩			على المطبوع: وَرَقِّقِ الرَّاءَ إِذَا مَا كُسِرَتْ … كَذَاكَ بَعْدَ الْكَسْرِ حَيْثُ سَكَنَتْ / إِنْ لَمْ تَكُنْ مِنْ قَبْلِ حَرْفِ اسْتِعْلَا … أَوْ كَانَتِ الْكَسْرَةُ لَيْسَتْ أَصْلَا		متحقّق — Verified	التوثيق	مطابقة الإنتاج، ٢٠٢٦/٠٩/٢٤		طوبق على مصوّرة المطبوع؛ المصوّرة: https://archive.org/details/Jazria-intro؛ الشاهد: مصوّرات/المجلدات-٢-١١/P/41_jazari_ra.jpg
م٢-٠٣٤	م٢ ف٠٧	نقل عالم	وفي «الكتاب» لسيبويه ما يدل على أن العدوى بين الحروف المتجاورة عرفتها العربية نفسها؛ ومعنى كلامه أن بعض العرب يقلب السين	نص	سيبويه	سيبويه، الكتاب	تحقيق وشرح عبد السلام محمد هارون، عالم الكتب، بيروت، الطبعة الثالثة ١٤٠٣هـ/١٩٨٣م (كما على صفحة العنوان؛ ترقيمها مطابق لترقيم طبعة الخانجي ط٣ ١٤٠٨هـ/١٩٨٨م المثبت في بطاقة الشاملة ٢٣٠١٨)		٤	٤٧٩–٤٨٠			على المطبوع: هذا باب ما تُقلَب فيه السين صادًا في بعض اللغات. تَقلِبُها القافُ إذا كانت بعدها في كلمة واحدة، وذلك نحو: صُقْتُ، وصَبَقْتُ… (٤/٤٧٩) … فلما كانت كذلك أبدلوا من موضع السين أشبهَ الحروف بالقاف، ليكون العَمَلُ من وجهٍ واحد، وهي الصاد، لأنّ الصاد تَصَعَّدُ إلى الحنك الأعلى للإطباق، فشبّهوا هذا بإبدالهم 		متحقّق — Verified	التوثيق	مطابقة الإنتاج، ٢٠٢٦/٠٩/٢٤		طوبق على مصوّرة المطبوع؛ طوبق المعنى، وما بين علامتي التنصيص في المتن لفظ المطبوع بنصّه؛ كان في المتن: ومعنى كلامه أن من العرب من يقلب السين صادًا إذا جاء بعدها في الكلمة حرف مستعلٍ كالقاف والطاء، ليعمل اللسان عملًا واحدًا؛ المصوّرة: https://archive.org/details/1_20220620_20220620_0955؛ الشاهد: مصوّرات/المجلدات-٢-١١/P/43_sin_sad_479.jpg؛ مصوّرات/المجلدات-٢-١١/P/43_sin_sad_480.jpg
م٢-٠٣٥	م٢ ف٠٨	نقل عالم	يُروى أن أبا الأسود الدؤلي لما وضع نقط الإعراب في المصحف جعل علامتها تبعًا لحركة فمه، فقال لكاتبه: «فإذا فتحتُ شفتيَّ فا	نص	أبو بكر ابن الأنباري	أبو بكر ابن الأنباري، إيضاح الوقف والابتداء في كتاب الله عز وجل	تحقيق محيي الدين عبد الرحمن رمضان، مطبوعات مجمع اللغة العربية بدمشق، دمشق، ١٣٩١هـ/١٩٧١م		١	٤١			على المطبوع: فأحضرهم زياد فاختار منهم أبو الأسود عشرة، ثم لم يزل يختارهم حتى اختار منهم رجلًا من عبد القيس فقال: خُذ المصحفَ وصِبْغًا يخالفُ لونَ المداد، فإذا فتحتُ شفتيَّ فانقُطْ واحدةً فوق الحرف، وإذا ضممتُها فاجعل النُّقطة إلى جانب الحرف، وإذا كسرتُها فاجعل النقطة في أسفله، فإنْ أتبعتُ شيئًا من هذه الحركات غُ		متحقّق — Verified	التوثيق	مطابقة الإنتاج، ٢٠٢٦/٠٩/٢٤		طوبق على مصوّرة المطبوع؛ النقل بنصّه على المطبوع، والخبر مرويٌّ بإسناده عند ابن الأنباري ويورده المتن بصيغة «يُروى»؛ أما ردّ أسماء الحركات إليه فلم يثبت في مصدر، فحُذف من المتن، وما بقي في ذلك تحليلٌ للمؤلف؛ كان في المتن: يُروى أن أبا الأسود الدؤلي لما وضع نقط الإعراب في المصحف، جعل علامتها صورة الفم: فإذا فتح القارئ فمه بالحرف وُضعت نقطة ف؛ المصوّرة: https://archive.org/details/edwaeb_201910؛ الشاهد: مصوّرات/المجلدات-٢-١١/P/48_abulaswad_idah.jpg؛ مصوّرات/المجلدات-٢-١١/P/53_idah_title.jpg؛ مصوّرات/المجلدات-٢-١١/P/53_idah_title2.jpg
م٢-٠٣٦	م٢ ف٠٨	نقل عالم	وقرر ابن جني أن «الحركات أبعاض حروف المد واللين»، ومعنى كلامه أن الفتحة بعض الألف، والكسرة بعض الياء، والضمة بعض الواو؛ 	نص	ابن جني	ابن جني، سر صناعة الإعراب	دراسة وتحقيق د. حسن هنداوي، دار القلم، دمشق، الطبعة الثانية ١٤١٣هـ/١٩٩٣م، الجزء الأول		١	١٧			على المطبوع: اعلم أن الحركات أبعاضُ حروف المد واللين، وهي الألف والياء والواو، فكما أن هذه الحروف ثلاثة، فكذلك الحركات ثلاث، وهي الفتحة والكسرة والضمة، فالفتحة بعض الألف، والكسرة بعض الياء، والضمة بعض الواو. وقد كان متقدِّمو النحويين يُسمّون الفتحةَ الألفَ الصغيرة، والكسرةَ الياءَ الصغيرة، والضمةَ الواوَ الصغيرة		متحقّق — Verified	التوثيق	مطابقة الإنتاج، ٢٠٢٦/٠٩/٢٤		طوبق على مصوّرة المطبوع؛ المصوّرة: https://archive.org/details/bensaoud_gmail_20170908_0823؛ الشاهد: مصوّرات/المجلدات-٢-١١/P/49_harakat.jpg؛ مصوّرات/المجلدات-٢-١١/P/sirr_title.jpg؛ مصوّرات/المجلدات-٢-١١/P/sirr_imprint.jpg
م٢-٠٣٧	م٢ ف٠١	نقل عالم	«مَخَارِجُ الحُرُوفِ سَبْعَةَ عَشَرْ ... عَلَى الَّذِي يَخْتَارُهُ مَنِ اخْتَبَرْ» *(ابن الجزري، المقدمة الجزرية)*	نص	ابن الجزري	ابن الجزري، المقدمة فيما يجب على قارئ القرآن أن يعلمه (المقدمة الجزرية)	المقدمة، فيما يجب على قارئ القرآن أن يعلمه، عن نسخة عليها خط الناظم، حققها وشرحها محمد خليل الزروق، دار الساقية للنشر، بنغازي، الطبعة الأولى، صيف ٢٠٠٧ (ردمك 978-9959-854-08-7)؛ النص المجرد ص ٧٧–٨١			٧٧			على المطبوع: مَخَارِجُ الْحُرُوفِ سَبْعَةَ عَشَرْ … عَلَى الَّذِي يَخْتَارُهُ مَنِ اخْتَبَرْ		متحقّق — Verified	التوثيق	مطابقة الإنتاج، ٢٠٢٦/٠٩/٢٤		طوبق على مصوّرة المطبوع؛ المصوّرة: https://archive.org/details/Jazria-intro؛ الشاهد: مصوّرات/المجلدات-٢-١١/P/4b_jazari_17.jpg؛ مصوّرات/المجلدات-٢-١١/P/jazari_title.jpg؛ مصوّرات/المجلدات-٢-١١/P/jazari_imprint.jpg
م٢-٠٣٨	م٢ ف٠٩	نقل عالم	ذكر سيبويه أن قبائل العرب تفاوتت في نطق الهمزة: فبنو تميم يحققونها، وأهل الحجاز يخففونها، فيجعلونها «بين بين»، أو يبدلون	نص	سيبويه	سيبويه، الكتاب	تحقيق وشرح عبد السلام محمد هارون، عالم الكتب، بيروت، الطبعة الثالثة ١٤٠٣هـ/١٩٨٣م (كما على صفحة العنوان؛ ترقيمها مطابق لترقيم طبعة الخانجي ط٣ ١٤٠٨هـ/١٩٨٨م المثبت في بطاقة الشاملة ٢٣٠١٨)		٣	٥٤١–٥٤٢، ٥٤٨–٥٥٠			على المطبوع: اعلم أن الهمزة تكون فيها ثلاثةُ أشياء: التحقيقُ، والتخفيفُ، والبدل. فالتحقيق قولك: قَرَأْتُ، ورَأْسٌ، وسَأَلَ… وأمّا التخفيف فتصير الهمزةُ فيه بَيْنَ بَيْنَ، وتُبدَل، وتُحذَف (٣/٥٤١). … وذلك قولك: سَأَلَ في لغة أهل الحجاز إذا لم تُحقَّق كما يحقّق بنو تميم (٣/٥٤٢). … واعلم أن الهمزة إنما فَعَل بها هذ		متحقّق — Verified	التوثيق	مطابقة الإنتاج، ٢٠٢٦/٠٩/٢٤		طوبق على مصوّرة المطبوع؛ طوبق المعنى، وما بين علامتي التنصيص في المتن لفظ المطبوع بنصّه؛ كان في المتن: ذكر علماء اللغة القدماء أن قبائل العرب تفاوتت في نطق الهمزة: فتميم وقيس وأهل نجد يحققونها في كل موضع، وأهل الحجاز يميلون؛ المصوّرة: https://archive.org/details/1_20220620_20220620_0955؛ الشاهد: مصوّرات/المجلدات-٢-١١/P/51_hamz_541.jpg؛ مصوّرات/المجلدات-٢-١١/P/51_hamz_542.jpg؛ مصوّرات/المجلدات-٢-١١/P/51_hamz_548.jpg
م٢-٠٣٩	م٢ ف١٠	نقل عالم	أفرد علماء التجويد للوقف والابتداء علمًا مستقلًّا بمصنفات كاملة، من أشهرها «إيضاح الوقف والابتداء في كتاب الله عز وجل» ل	نص	أبو بكر محمد بن القاسم بن بشار الأنباري (٢٧١–٣٢٨هـ)	أبو بكر محمد بن القاسم بن بشار الأنباري (٢٧١–٣٢٨هـ)، إيضاح الوقف والابتداء في كتاب الله عز وجل	تحقيق محيي الدين عبد الرحمن رمضان، مطبوعات مجمع اللغة العربية بدمشق، دمشق، ١٣٩١هـ/١٩٧١م			صفحة العنوان			على المطبوع: كتاب إيضاح الوقف والابتداء في كتاب الله عزّ وجلّ، تأليف أبي بكر محمد بن القاسم بن بشّار الأنباري ٢٧١–٣٢٨هـ، تحقيق محيي الدين عبد الرحمن رمضان — مطبوعات مجمع اللغة العربية بدمشق، دمشق ١٣٩١هـ–١٩٧١م		متحقّق — Verified	التوثيق	مطابقة الإنتاج، ٢٠٢٦/٠٩/٢٤		طوبق على مصوّرة المطبوع؛ صُحّح لفظ المتن على المطبوع؛ كان في المتن قبل التصحيح: من أشهرها «الإيضاح في الوقف والابتداء» لابن الأنباري، وما وُضع من رموز الوقف المعروفة في كثير من نسخ المصحف.؛ المصوّرة: https://archive.org/details/edwaeb_201910؛ الشاهد: مصوّرات/المجلدات-٢-١١/P/53_idah_title.jpg؛ مصوّرات/المجلدات-٢-١١/P/53_idah_title2.jpg
م٣-٠٠١	م٣ ف٠٧	نقل عالم	فإن كانت الزيادة لفائدة سمّوها إطنابًا… ولا يُعرف الزائد بعينه، سمّوها تطويلًا… والزائد متعيّن… سمّوها حشوًا.	نص	الخطيب القزويني (بمتنه في عروس الأفراح) / السبكي	الخطيب القزويني (بمتنه في عروس الأفراح) / السبكي، تلخيص المفتاح في عروس الأفراح؛ الإيضاح	السبكي، عروس الأفراح في شرح تلخيص المفتاح، تحقيق عبد الحميد هنداوي، المكتبة العصرية، صيدا–بيروت، ط١، ١٤٢٣هـ/٢٠٠٣م؛ وللإيضاح: الإيضاح في علوم البلاغة، شرح وتعليق وتنقيح محمد عبد المنعم خفاجي (شرحه المختصر)، دار الكتاب اللبناني ومكتبة المدرسة، بيروت، ط٦، ١٤٠٥هـ/١٩٨٥م — ليست طبعة الأزهرية المعتمدة		١	٥٧٨–٥٨٢ (عروس)؛ ٢٨٤ (الإيضاح، ط. اللبناني)			على المطبوع: تلخيص (عروس ١/٥٧٨–٥٨٢): «والأقربُ أن يقال: المقبولُ من طرق التعبير عن المراد تأديةُ أصلِه بلفظٍ مساوٍ له أو ناقصٍ عنه، وافٍ أو زائدٍ عليه لفائدة. واحترز بـ«وافٍ» عن الإخلال… وبـ«فائدة» عن التطويل؛ نحو: وألفى قولها كذبًا ومَيْنا، وعن الحشو المفسد كـ«الندى» في قوله… وغيرِ المفسد؛ كقوله: وأعلمُ علمَ ال		متحقّق — Verified	التوثيق	مطابقة الإنتاج، ٢٠٢٦/٠٩/٢٤		طوبق على مصوّرة المطبوع؛ طوبق المعنى، والمتن يحكيه بتصرّف؛ المصوّرة: https://archive.org/details/alfirdwsiy2018_gmail_1235_20180925 (zip: 01_arawshtamo.pdf = ج١، 02_arawshtamo.pdf = ج٢؛ leaf = page−1)؛ الشاهد: مصوّرات/المجلدات-٢-١١/B1/100_talkhis_arus1_p578-579.jpg؛ مصوّرات/المجلدات-٢-١١/B1/100_talkhis_arus1_p579.jpg؛ مصوّرات/المجلدات-٢-١١/B1/100_talkhis_arus1_p580.jpg
م٣-٠٠٢	م٣ ف٠٨	نقل عالم	ومثّلوا لتنافر الحروف بكلمة «مُسْتَشْزِرات» في معلقة امرئ القيس.	نص	الخطيب القزويني؛ ابن الأنباري	الخطيب القزويني؛ ابن الأنباري، الإيضاح؛ شرح القصائد السبع الطوال الجاهليات	الإيضاح في علوم البلاغة، شرح وتعليق وتنقيح محمد عبد المنعم خفاجي، المكتبة الأزهرية للتراث، القاهرة، ط٣، ١٤١٣هـ/١٩٩٣م، الجزء الأول؛ ابن الأنباري، تحقيق وتعليق عبد السلام محمد هارون، ذخائر العرب ٣٥، دار المعارف، القاهرة، الطبعة الخامسة (بلا سنة على صفحة العنوان)		١	الإيضاح ١/٢٣؛ شرح القصائد ص٦٣ (البيت ٣٥)			على المطبوع: الإيضاح (١/٢٣): «ومنه ما هو دون ذلك كلفظ مستشزر في قول امرئ القيس: غدائره مستشزرات إلى العلا … تضل العقاص في مثنى ومرسل» وحاشية خفاجي: «من معلقة امرئ القيس إمام الشعراء الجاهليين التي مطلعها: قفا نبك…». ابن الأنباري (ص٦٣): «٣٥ – غَدَائِرُهُ مُسْتَشْزَرَاتٌ إلى العُلَى … تَضِلُّ العِقَاصُ في مُثَنًّى		متحقّق — Verified	التوثيق	مطابقة الإنتاج، ٢٠٢٦/٠٩/٢٤		طوبق على مصوّرة المطبوع؛ طوبق المعنى، والمتن يحكيه بتصرّف؛ المصوّرة: https://archive.org/details/BBib-Alex-03136 ; https://archive.org/details/3855pdf_202001 (leaf 81)؛ الشاهد: مصوّرات/المجلدات-٢-١١/B1/107b_idah_azhariyya1_p23.jpg؛ مصوّرات/المجلدات-٢-١١/B1/idah_azhariyya1_title.jpg؛ مصوّرات/المجلدات-٢-١١/B1/107b_anbari_p63.jpg
م٣-٠٠٣	م٣ ف٠١	نقل عالم	فقد يكون لتخصيص الفعل بمن قُدِّم، كقولك: «أنا كتبتُ هذا»… وقد يكون لتقوية الحكم وتأكيده في نفس السامع.	نص	عبد القاهر الجرجاني	عبد القاهر الجرجاني، دلائل الإعجاز	دلائل الإعجاز، قرأه وعلّق عليه أبو فهر محمود محمد شاكر، مكتبة الخانجي بالقاهرة، رقم الإيداع ٢٠٠٠/١١٨٨٩ (لا رقم طبعة ولا سنة على صفحة العنوان في المصوّرة)			١٠٦–١٠٨، ١٢٨–١٢٩ (الفقرات ٩٨، ١٠٠، ١٠١، ١٢١)			على المطبوع: «فإذا عَمَدْت إلى الذي أردت أن تحدِّث عنه بفعل فقدَّمت ذكره، ثم بَنَيْتَ الفعلَ عليه فقلت: «زيدٌ قد فعل» و«أنا فعلتُ»، و«أنت فعلتَ»: اقتضى ذلك أن يكون القصدُ إلى الفاعل، إلا أنّ المعنى في هذا القصد ينقسم قسمين: أحدهما جَليٌّ لا يُشْكِل: وهو أن يكون الفعلُ فعلاً قد أردت أن تنصَّ فيه على واحدٍ فتجعله 		متحقّق — Verified	التوثيق	مطابقة الإنتاج، ٢٠٢٦/٠٩/٢٤		طوبق على مصوّرة المطبوع؛ طوبق المعنى، والمتن يحكيه بتصرّف؛ المصوّرة: https://archive.org/details/20201101_20201101_1419؛ الشاهد: مصوّرات/المجلدات-٢-١١/B1/66_dalail_p106_par98.jpg؛ مصوّرات/المجلدات-٢-١١/B1/66_dalail_p107_par100.jpg؛ مصوّرات/المجلدات-٢-١١/B1/66_dalail_p108_par101.jpg
م٣-٠٠٤	م٣ ف٠٢	نقل عالم	ومعنى كلامه أن صناعة العربية علمٌ بقوانين الملكة لا الملكة نفسها، كمن يعرف قوانين صنعة ولا يُحسن العمل بيده. وذكر أن من 	نص	ابن خلدون	ابن خلدون، المقدمة (تاريخ ابن خلدون، ج١)	ضبط المتن ووضع الحواشي والفهارس خليل شحادة، مراجعة سهيل زكار، دار الفكر للطباعة والنشر والتوزيع، بيروت، الطبعة الأولى، ١٤٠١هـ/١٩٨١م		١	٧٧٢–٧٧٣			على المطبوع: [٧٧٢] والسببُ في ذلك أنّ صناعةَ العربيّة إنّما هي معرفةُ قوانينِ هذه الملكة ومقاييسِها خاصّةً. فهو علمٌ بكيفيّةٍ لا نفسُ كيفيّة. فليست نفسَ الملكة، وإنّما هي بمثابة من يعرف صناعةً من الصنائع علمًا ولا يُحكمها عملًا… [٧٧٣] ولذلك نجد كثيرًا من جهابذة النّحاة والمهرة في صناعة العربيّة المحيطين علمًا بت		متحقّق — Verified	التوثيق	مطابقة الإنتاج، ٢٠٢٦/٠٩/٢٤		طوبق على مصوّرة المطبوع؛ طوبق المعنى، والمتن يحكيه بتصرّف؛ كان في المتن: ومعنى كلامه أن صناعة العربية علمٌ بقوانين الملكة لا الملكة نفسها… وذكر أن من المهرة في القواعد من إذا طُلب منه أن يكتب ر؛ المصوّرة: https://archive.org/details/01-17270؛ الشاهد: مصوّرات/المجلدات-٢-١١/B2/72_ibnkhaldun_p772.jpg؛ مصوّرات/المجلدات-٢-١١/B2/72_ibnkhaldun_p773.jpg؛ مصوّرات/المجلدات-٢-١١/B2/ibnkhaldun_title.jpg
م٣-٠٠٥	م٣ ف٠٦	نقل عالم	من مباحث ابن خلدون في «المقدمة» أن العُجمة إذا سبقت إلى اللسان صار صاحبها «مقصّرًا في اللغة العربية». ومعنى كلامه أن الل	نص	ابن خلدون	ابن خلدون، المقدمة (تاريخ ابن خلدون، ج١)	ضبط المتن ووضع الحواشي والفهارس خليل شحادة، مراجعة سهيل زكار، دار الفكر للطباعة والنشر والتوزيع، بيروت، الطبعة الأولى، ١٤٠١هـ/١٩٨١م		١	٧٥٠–٧٥١؛ ٧٧٨؛ ٥٠٧–٥٠٨			على المطبوع: [٧٥١] وقد تقدّم لنا أنّ اللغة ملكة في اللسان، وكذا الخطّ صناعة ملكتها في اليد، فإذا تقدّمت في اللسان ملكةُ العجمة، صار مقصّرًا في اللغة العربيّة، لما قدّمناه من أنّ الملكة إذا تقدّمت في صناعة بمحلّ، فقلّ أن يُجيد صاحبها ملكة في صناعة أخرى، وهو ظاهر… إلّا أن تكون ملكة العجمة السابقة لم تستحكم حين انت		متحقّق — Verified	التوثيق	مطابقة الإنتاج، ٢٠٢٦/٠٩/٢٤		طوبق على مصوّرة المطبوع؛ صُحّح قول المتن على المطبوع؛ كان في المتن قبل التصحيح: أن العُجمة إذا سبقت إلى اللسان قصّرت بصاحبها في تحصيل ملكة العربية… جاءت الثانية أبطأ حصولًا وأقل تمكنًا، إلا بطول المرا؛ المصوّرة: https://archive.org/details/01-17270؛ الشاهد: مصوّرات/المجلدات-٢-١١/B2/84_ibnkhaldun_p750.jpg؛ مصوّرات/المجلدات-٢-١١/B2/84_ibnkhaldun_p751.jpg؛ مصوّرات/المجلدات-٢-١١/B2/84_ibnkhaldun_p778.jpg
م٣-٠٠٦	م٣ ف٠٧	نقل عالم	ذكر بعض المفسرين أن البثّ أشدّ الحزن، وأصله من بثّ الحديث: أي نشره، فكأنه الحزن الذي لا يُطيق صاحبه كتمانه فيبثّه.	نص	الطبري؛ القرطبي	الطبري؛ القرطبي، جامع البيان؛ الجامع لأحكام القرآن	تحقيق عبد الله بن عبد المحسن التركي، دار هجر، القاهرة، الطبعة الأولى، ١٤٢٢هـ/٢٠٠١م؛ القرطبي: دار الكتب المصرية، الطبعة الثانية (المصوّرة: الهيئة المصرية العامة للكتاب، الطبعة الثالثة مصوّرة عن الثانية، ١٩٨٧م، بالترقيم نفسه)		الطبري ١٣؛ القرطبي ٩	الطبري ١٣/٣٠٥–٣٠٦؛ القرطبي ٩/٢٥١			على المطبوع: الطبري ١٣/٣٠٥–٣٠٦: ويعنى بقوله: ﴿إنما أشكو بثى﴾: ما أشكو همّى وحزنى إلا إلى الله... وقيل: إن البثَّ أشدُّ الحزنِ. وهو عندى من: بثّ الحديث. وإنما يُراد منه: إنما أشكو خبرى الذى أنا فيه من الهمّ، وأبثّ حديثى وحزنى إلى الله. || القرطبي ٩/٢٥١: حقيقة البثّ فى اللغة ما يرد على الإنسان من الأشياء المهلكة ا		متحقّق — Verified	التوثيق	مطابقة الإنتاج، ٢٠٢٦/٠٩/٢٤		طوبق على مصوّرة المطبوع؛ طوبق المعنى، والمتن يحكيه بتصرّف؛ كان في المتن: ذكر المفسرون أن البثّ أشدّ الحزن، الذي لا يصبر عليه صاحبه حتى يبثّه؛ المصوّرة: https://archive.org/details/elshandawily14829 ; https://archive.org/details/156609؛ الشاهد: مصوّرات/المجلدات-٢-١١/D1/102_tabari_bathth.jpg؛ مصوّرات/المجلدات-٢-١١/D1/102_qurtubi_bathth.jpg؛ مصوّرات/المجلدات-٢-١١/D1/tabari13_title.jpg
م٣-٠٠٧	م٣ ف٠٦	نقل عالم	ومن التهاني المأثورة في كتب الأذكار: «باركَ اللهُ لكَ في الموهوبِ لك، وشكرتَ الواهبَ، وبلغَ أشدَّه، ورُزقتَ برَّه».	نص	النووي	النووي، الأذكار	تحقيق محيي الدين مستو، دار ابن كثير (دمشق–بيروت) ومكتبة دار التراث (المدينة المنورة)، الطبعة الثانية، ١٤١٠هـ/١٩٩٠م			٤٥٣			على المطبوع: يُستحبّ تهنئة المولود له، قال أصحابنا: ويُستحبّ أن يُهَنَّأ بما جاءَ عن الحسين رضي الله عنه أنه علَّم إنساناً التهنئة فقال: قل باركَ الله لكَ في الموهوب لك، وشكرتَ الواهبَ، وبلغَ أشدَّه ورُزقت برّه. ويُستحبّ أن يردّ على المُهنىء فيقول: باركَ الله لك، وباركَ عليك، وجزاكَ الله خيراً، ورزقكَ الله مثلَه		متحقّق — Verified	التوثيق	مطابقة الإنتاج، ٢٠٢٦/٠٩/٢٤		طوبق على مصوّرة المطبوع؛ صُحّح لفظ المتن على المطبوع؛ كان في المتن قبل التصحيح: «بورك لك في الموهوب لك، وشكرت الواهب، وبلغ أشدّه، ورُزقت برّه»؛ المصوّرة: https://archive.org/details/alfirdwsiy2018_gmail_0166_20180918؛ الشاهد: مصوّرات/المجلدات-٢-١١/D1/95_adhkar_tahniah.jpg؛ مصوّرات/المجلدات-٢-١١/D1/adhkar_title.jpg
م٣-٠٠٨	م٣ ف٠٦	حديث	وكان النبي ﷺ إذا دخل على مريض يعوده قال: «لَا بَأْسَ، طَهُورٌ إِنْ شَاءَ اللَّهُ» (رواه البخاري).	نص	البخاري	البخاري، الجامع الصحيح	صحيح البخاري، الطبعة السلطانية (المطبعة الأميرية ببولاق ١٣١١–١٣١٣هـ) في مصوّرة دار طوق النجاة بعناية محمد زهير بن ناصر الناصر (من صفحة العنوان ومقدمة الناشر)، بترقيم محمد فؤاد عبد الباقي في الهامش		٤	٢٠٢	٣٦١٦ (وأطرافه ٥٦٥٦، ٥٦٦٢، ٧٤٧٠ كما في حاشية الطبعة)		على المطبوع: عن ابن عباس رضي الله عنهما أن النبيّ صلى الله عليه وسلم دخل على أعرابيّ يعوده، قال: وكان النبيّ صلى الله عليه وسلم إذا دخل على مريض يعوده قال: لا بأسَ طهورٌ إن شاء الله، فقال له: لا بأس طهور إن شاء الله …		متحقّق — Verified	التوثيق	مطابقة الإنتاج، ٢٠٢٦/٠٩/٢٤		طوبق على مصوّرة المطبوع؛ المصوّرة: https://archive.org/details/03-54504 (file 04_54505.pdf)؛ الشاهد: مصوّرات/المجلدات-٢-١١/HA1/HA1_bukhari3616_v4p202.jpg؛ مصوّرات/المجلدات-٢-١١/HA1/bukhari_title.jpg
م٣-٠٠٩	م٣ ف٠٦	حديث	بَارَكَ اللَّهُ لَكَ، وَبَارَكَ عَلَيْكَ، وَجَمَعَ بَيْنَكُمَا فِي خَيْرٍ	نص	أبو داود؛ الترمذي	أبو داود؛ الترمذي، السنن؛ الجامع	سنن أبي داود، تحقيق محمد محيي الدين عبد الحميد، المكتبة العصرية، صيدا–بيروت (لا سنة على صفحة العنوان) ؛ الجامع الصحيح وهو سنن الترمذي، ج٣: تحقيق وتخريج وتعليق محمد فؤاد عبد الباقي، شركة مكتبة ومطبعة مصطفى البابي الحلبي وأولاده بمصر، ط٢، ١٣٨٨هـ/١٩٦٨م		أبو داود ٢؛ الترمذي ٣	أبو داود ٢/٢٤١؛ الترمذي ٣/٣٩١	أبو داود ٢١٣٠؛ الترمذي ١٠٩١	الترمذي: «حديثُ أبي هريرة حديثٌ حسنٌ صحيحٌ»	على المطبوع: أبو داود ٢١٣٠: عن أبي هريرة أن النبي صلى الله عليه وسلم كان إذا رَفَّأَ الانسان إذا تزوج قال: «بارك الله لك، وبارك عليك، وجمع بينكما في خير». الترمذي ١٠٩١: ... كان إذا رَفَّأَ الإنسانَ، إذا تزوَّج قال: «بارَكَ اللهُ لكَ وبارَكَ عليكَ وجمعَ بينكما في الخيرِ». قال: وفي الباب عن عليّ [أو: عقيل] بن أبي 		متحقّق — Verified	التوثيق	مطابقة الإنتاج، ٢٠٢٦/٠٩/٢٤		طوبق على مصوّرة المطبوع؛ المصوّرة: https://archive.org/details/04-8461-2 (02_8460-2) ; https://archive.org/details/SunanTirmithiHalabii (suntrmsh3)؛ الشاهد: مصوّرات/المجلدات-٢-١١/HA2/HA2_abudawud2130_v2p241.jpg؛ مصوّرات/المجلدات-٢-١١/HA2/HA2_tirmidhi1091_v3p391.jpg؛ مصوّرات/المجلدات-٢-١١/HA2/abudawud_title.jpg
م٣-٠١٠	م٣ ف٠٧	حديث	«أَنَّ النَّبِيَّ ﷺ كَانَ يُحَدِّثُ حَدِيثًا لَوْ عَدَّهُ العَادُّ لَأَحْصَاهُ»	نص	البخاري؛ مسلم	البخاري؛ مسلم، الصحيح	صحيح البخاري، الطبعة السلطانية (بولاق ١٣١١هـ) بترقيم محمد فؤاد عبد الباقي، في مصوّرة دار طوق النجاة، ط١، بعناية محمد زهير بن ناصر الناصر (صفحة العنوان وظهرها والمقدمة: اعتماد ترقيم عبد الباقي) ؛ صحيح مسلم، تحقيق محمد فؤاد عبد الباقي، مطبعة دار إحياء الكتب العربية، فيصل عيسى البابي الحلبي، القاهرة (لا سنة على صفحة العنوان)؛ ترقيم الصفحات متسلسل عبر الأجزاء		البخاري ٤؛ مسلم ٤	البخاري ٤/١٩٠؛ مسلم ٤/٢٢٩٨	البخاري ٣٥٦٧؛ مسلم ٢٤٩٣		على المطبوع: البخاري: عن عائشة رضي الله عنها أنّ النبيّ صلى الله عليه وسلم كان يُحدِّثُ حديثًا لو عدَّه العادُّ لأحصاه. — مسلم: إنّما كان النبيُّ ﷺ يُحدِّثُ حديثًا، لو عدَّه العادُّ لأحصاه.		متحقّق — Verified	التوثيق	مطابقة الإنتاج، ٢٠٢٦/٠٩/٢٤		طوبق على مصوّرة المطبوع؛ المصوّرة: https://archive.org/details/03-54504 ; https://archive.org/details/saheeh_moslem_Abdulbaqy؛ الشاهد: مصوّرات/المجلدات-٢-١١/HA3/HA3_bukhari3567_v4p190.jpg؛ مصوّرات/المجلدات-٢-١١/HA3/HA3_muslim2493_p2298.jpg؛ مصوّرات/المجلدات-٢-١١/HA3/bukhari_title.jpg
م٣-٠١١	م٣ ف٠٧	حديث	إِنَّ رَسُولَ اللَّهِ ﷺ لَمْ يَكُنْ يَسْرُدُ الحَدِيثَ كَسَرْدِكُمْ	نص	البخاري؛ مسلم	البخاري؛ مسلم، الصحيحان	صحيح البخاري، الطبعة السلطانية (بولاق ١٣١١هـ) بترقيم محمد فؤاد عبد الباقي كما في طبعة دار طوق النجاة، ط١، بعناية محمد زهير بن ناصر الناصر (صفحة العنوان والمقدمة: اعتماد ترقيم عبد الباقي) ؛ صحيح مسلم، تحقيق محمد فؤاد عبد الباقي، مطبعة دار إحياء الكتب العربية، فيصل عيسى البابي الحلبي، القاهرة (لا سنة على صفحة العنوان)؛ ٥ أجزاء متسلسلة الترقيم		البخاري ٤؛ مسلم ٤	البخاري ٤/١٩٠؛ مسلم ٤/١٩٤٠	البخاري ٣٥٦٨ (معلّق)؛ مسلم ٢٤٩٣		على المطبوع: البخاري: وقال الليث حدثني يونس عن ابن شهاب أنه قال أخبرني عروة بن الزبير عن عائشة أنها قالت: ألا يُعجبك أبو فلان … ولو أدركته لرددت عليه، إنّ رسول الله صلى الله عليه وسلم لم يكن يسرُدُ الحديث كسرْدِكم. — مسلم: … وَلَوْ أَدْرَكْتُهُ لَرَدَدْتُ عَلَيْهِ: إِنَّ رَسُولَ اللَّهِ ﷺ لَمْ يَكُنْ يَسْرُدُ ال		متحقّق — Verified	التوثيق	مطابقة الإنتاج، ٢٠٢٦/٠٩/٢٤		طوبق على مصوّرة المطبوع؛ المصوّرة: https://archive.org/details/03-54504 (title page from https://archive.org/details/SahihBukhariYouniniya) ; https://archive.org/details/saheeh_moslem_Abdulbaqy (file Saheeh_Moslem01; leaf = page − 1)؛ الشاهد: مصوّرات/المجلدات-٢-١١/HA4/HA4_bukhari3568_v4p190.jpg؛ مصوّرات/المجلدات-٢-١١/HA4/HA4_muslim2493_p1940.jpg؛ مصوّرات/المجلدات-٢-١١/HA4/bukhari_title.jpg
م٣-٠١٢	م٣ ف٠٧	حديث	«أَنَّهُ كَانَ إِذَا تَكَلَّمَ بِكَلِمَةٍ أَعَادَهَا ثَلَاثًا حَتَّى تُفْهَمَ عَنْهُ» (رواه البخاري).	نص	البخاري	البخاري، الجامع الصحيح	صحيح البخاري، الطبعة السلطانية (المطبعة الأميرية ببولاق ١٣١١–١٣١٣هـ) في مصوّرة دار طوق النجاة بعناية محمد زهير بن ناصر الناصر (من صفحة العنوان ومقدمة الناشر)، بترقيم محمد فؤاد عبد الباقي في الهامش		١	٣٠	٩٥		على المطبوع: عن أنس عن النبي صلى الله عليه وسلم أنه كان إذا تكلّم بكلمةٍ أعادها ثلاثًا حتى تُفهم عنه، وإذا أتى على قومٍ فسلّم عليهم سلّم عليهم ثلاثًا.		متحقّق — Verified	التوثيق	مطابقة الإنتاج، ٢٠٢٦/٠٩/٢٤		طوبق على مصوّرة المطبوع؛ المصوّرة: https://archive.org/details/03-54504 (file 01_54495.pdf)؛ الشاهد: مصوّرات/المجلدات-٢-١١/HA1/HA5_bukhari95_v1p30.jpg
م٣-٠١٣	م٣ ف٠٧	حديث	مَا بَالُ أَقْوَامٍ يَرْفَعُونَ أَبْصَارَهُمْ إِلَى السَّمَاءِ فِي صَلَاتِهِمْ	نص	البخاري	البخاري، الصحيح	صحيح البخاري، الطبعة السلطانية (المطبعة الكبرى الأميرية ببولاق، ١٣١١هـ) بترقيم محمد فؤاد عبد الباقي في الحاشية (تحفة)، مصوَّرة دار طوق النجاة، بيروت، ط١، بعناية محمد زهير بن ناصر الناصر		١	١٥٠	٧٥٠		على المطبوع: قال النبي صلى الله عليه وسلم: ما بالُ أقوامٍ يرفعون أبصارَهم إلى السماء في صلاتهم، فاشتدَّ قولُه في ذلك حتى قال: لَيَنتَهُنَّ عن ذلك أو لَتُخطَفَنَّ أبصارُهم		متحقّق — Verified	التوثيق	مطابقة الإنتاج، ٢٠٢٦/٠٩/٢٤		طوبق على مصوّرة المطبوع؛ المصوّرة: https://archive.org/details/03-54504؛ الشاهد: مصوّرات/المجلدات-٢-١١/HA2/HA6_bukhari750_v1p150.jpg؛ مصوّرات/المجلدات-٢-١١/HA2/bukhari_title.jpg
م٣-٠١٤	م٣ ف٠٦	حديث	و«طهورٌ إن شاء الله»، و«شفاءً لا يغادر سقمًا» وهي من دعاء نبوي ثابت في الصحيحين	نص	البخاري؛ مسلم	البخاري؛ مسلم، الصحيح	صحيح البخاري، الطبعة السلطانية (بولاق ١٣١١هـ) بترقيم محمد فؤاد عبد الباقي، في مصوّرة دار طوق النجاة، ط١، بعناية محمد زهير بن ناصر الناصر (صفحة العنوان وظهرها والمقدمة: اعتماد ترقيم عبد الباقي) ؛ صحيح مسلم، تحقيق محمد فؤاد عبد الباقي، مطبعة دار إحياء الكتب العربية، فيصل عيسى البابي الحلبي، القاهرة (لا سنة على صفحة العنوان)؛ ترقيم الصفحات متسلسل عبر الأجزاء		البخاري ٧؛ مسلم ٤	البخاري ٧/١١٧، ٧/١٢١؛ مسلم ٤/١٧٢١–١٧٢٢	طهور: البخاري ٥٦٥٦ (و٣٦١٦، ٥٦٦٢)؛ شفاء: البخاري ٥٦٧٥، مسلم ٢١٩١		على المطبوع: البخاري ٥٦٥٦: …فقال له: لا بأسَ، طَهورٌ إن شاء الله. — البخاري ٥٦٧٥: أذهبِ البأسَ ربَّ الناس، اشفِ وأنت الشافي، لا شفاءَ إلّا شفاؤك، شفاءً لا يغادرُ سقمًا. — مسلم ٢١٩١: «أذهبِ البأسَ. ربَّ الناس. واشفِ أنت الشافي. لا شفاءَ إلّا شفاؤك. شفاءً لا يُغادرُ سقمًا».		متحقّق — Verified	التوثيق	مطابقة الإنتاج، ٢٠٢٦/٠٩/٢٤		طوبق على مصوّرة المطبوع؛ طوبق المعنى، والمتن يحكيه بتصرّف؛ المصوّرة: https://archive.org/details/03-54504 ; https://archive.org/details/saheeh_moslem_Abdulbaqy؛ الشاهد: مصوّرات/المجلدات-٢-١١/HA3/HA95_bukhari5656_5675_v7p117-121.jpg؛ مصوّرات/المجلدات-٢-١١/HA3/HA95_muslim2191_p1721-1722.jpg
م٣-٠١٥	م٣ ف٠٦	حديث	شفاءً لا يغادر سقمًا	نص	البخاري؛ مسلم	البخاري؛ مسلم، الصحيحان	صحيح البخاري، الطبعة السلطانية (بولاق ١٣١١هـ) بترقيم محمد فؤاد عبد الباقي كما في طبعة دار طوق النجاة، ط١، بعناية محمد زهير بن ناصر الناصر (صفحة العنوان والمقدمة: اعتماد ترقيم عبد الباقي) ؛ صحيح مسلم، تحقيق محمد فؤاد عبد الباقي، مطبعة دار إحياء الكتب العربية، فيصل عيسى البابي الحلبي، القاهرة (لا سنة على صفحة العنوان)؛ ٥ أجزاء متسلسلة الترقيم		البخاري ٧؛ مسلم ٤	البخاري ٧/١٢١؛ مسلم ٤/١٧٢١–١٧٢٢	البخاري ٥٦٧٥؛ مسلم ٢١٩١		على المطبوع: البخاري: أنّ رسول الله ﷺ كان إذا أتى مريضًا أو أُتي به قال: أذهِبِ الباسَ ربَّ الناس، اشفِ وأنت الشافي، لا شفاءَ إلا شفاؤك، شفاءً لا يغادر سقمًا. — مسلم: كَانَ إِذَا عَادَ مَرِيضًا يَقُولُ «أَذْهِبِ الْبَاسَ. رَبَّ النَّاسِ. اشْفِهِ أَنْتَ الشَّافِي. لَا شِفَاءَ إِلَّا شِفَاؤُكَ. شِفَاءً لَا يُغَادِ		متحقّق — Verified	التوثيق	مطابقة الإنتاج، ٢٠٢٦/٠٩/٢٤		طوبق على مصوّرة المطبوع؛ المصوّرة: https://archive.org/details/03-54504 (title page from https://archive.org/details/SahihBukhariYouniniya) ; https://archive.org/details/saheeh_moslem_Abdulbaqy (file Saheeh_Moslem01; leaf = page − 1)؛ الشاهد: مصوّرات/المجلدات-٢-١١/HA4/HA96_bukhari5675_v7p121.jpg؛ مصوّرات/المجلدات-٢-١١/HA4/HA96_muslim2191_p1721-1722.jpg
م٣-٠١٦	م٣ ف٠٧	حديث	«مَا بَالُ أَقْوَامٍ يَرْفَعُونَ أَبْصَارَهُمْ إِلَى السَّمَاءِ فِي صَلَاتِهِمْ» (رواه البخاري).	نص	البخاري	البخاري، الجامع الصحيح	صحيح البخاري، الطبعة السلطانية (المطبعة الأميرية ببولاق ١٣١١–١٣١٣هـ) في مصوّرة دار طوق النجاة بعناية محمد زهير بن ناصر الناصر (من صفحة العنوان ومقدمة الناشر)، بترقيم محمد فؤاد عبد الباقي في الهامش		١	١٥٠	٧٥٠		على المطبوع: عن أنس بن مالك قال: قال النبي ﷺ: «ما بالُ أقوامٍ يرفعون أبصارهم إلى السماء في صلاتهم؟» فاشتدّ قوله في ذلك حتى قال: «لينتهُنَّ عن ذلك أو لتُخطفنَّ أبصارُهم».		متحقّق — Verified	التوثيق	مطابقة الإنتاج، ٢٠٢٦/٠٩/٢٤		طوبق على مصوّرة المطبوع؛ المصوّرة: https://archive.org/details/03-54504 (file 01_54495.pdf)؛ الشاهد: مصوّرات/المجلدات-٢-١١/HA1/HA97_bukhari750_v1p150.jpg
م٣-٠١٧	م٣ ف٠١	مرجع حديث	وقد يعتاد بعض من تعلّموا بلغة يتقدم فيها الفاعل على الفعل في الغالب، كالإنجليزية، أن يبدؤوا كل جملة عربية بالفاعل أيضًا	نص	Matthew S. Dryer	Matthew S. Dryer، Order of Subject, Object and Verb (WALS Online, ch. 81)	WALS Online v2020.4, ed. Dryer & Haspelmath, Zenodo doi:10.5281/zenodo.13950591 (online chapter, no page numbers)						على المطبوع: «English is SVO (Subject-Verb-Object), because the subject the dog in (1) precedes the verb while the object the cat follows the verb.» Map 81A: SOV 564; SVO 488; VSO 95; VOS 25; OVS 11; OSV 4; no dominant order 189; total 1376.		متحقّق — Verified	التوثيق	مطابقة الإنتاج، ٢٠٢٦/٠٩/٢٤		طوبق على مصوّرة المطبوع؛ حُسمت المسألة من كتب المختصين؛ المصوّرة: https://wals.info/chapter/81؛ الشاهد: مصوّرات/المجلدات-٢-١١/M2/64_wals81.jpg
م٣-٠١٨	م٣ ف٠١	مرجع حديث	أما في لغات أخرى فلا بد من ضمير ظاهر للفاعل، فيحمله بعض المتعلمين معهم إلى العربية، فيقولون: «أنا ذهبتُ، ثم أنا قرأتُ».	نص	Matthew S. Dryer	Matthew S. Dryer، Expression of Pronominal Subjects (WALS Online, ch. 101)	WALS Online v2020.4, ed. Dryer & Haspelmath, Zenodo doi:10.5281/zenodo.13950591 (online chapter, no page numbers)						على المطبوع: Map 101A: «Pronominal subjects are expressed by pronouns in subject position that are normally if not obligatorily present 82; … by affixes on verbs 437; … by clitics with variable host 32; … by subject pronouns that occur in a different syntactic position from full noun phrase subjects 67; … pronou		متحقّق — Verified	التوثيق	مطابقة الإنتاج، ٢٠٢٦/٠٩/٢٤		طوبق على مصوّرة المطبوع؛ حُسمت المسألة من كتب المختصين؛ كان في المتن: أما في لغات أخرى فلا يُفهم الفاعل إلا بالضمير، فيحمله بعض المتعلمين معهم إلى العربية؛ المصوّرة: https://wals.info/chapter/101؛ الشاهد: مصوّرات/المجلدات-٢-١١/M2/68_wals101_values.jpg؛ مصوّرات/المجلدات-٢-١١/M2/68_wals101_english.jpg
م٣-٠١٩	م٣ ف٠٦	مرجع حديث	أما في بعض اللغات فيكفي ظرف الزمان للدلالة على المضي أو الاستقبال، أو تُستعمل أداة خاصة للاستمرار أو الإتمام…	نص	Östen Dahl & Viveka Velupillai	Östen Dahl & Viveka Velupillai، The Past Tense (WALS Online, ch. 66)	WALS Online v2020.4, ed. Dryer & Haspelmath, Zenodo doi:10.5281/zenodo.13950591 (online chapter, no page numbers)						على المطبوع: «Languages may or may not distinguish (1) grammatically, and there is no clear majority for either alternative. The following Indonesian example, which translates both ‘The water is cold’ and ‘The water was cold’…» Map 66A: no grammatical marking of past/non-past 88 / 222. «In Africa, … there is als		متحقّق — Verified	التوثيق	مطابقة الإنتاج، ٢٠٢٦/٠٩/٢٤		طوبق على مصوّرة المطبوع؛ حُسمت المسألة من كتب المختصين؛ المصوّرة: https://wals.info/chapter/66؛ الشاهد: مصوّرات/المجلدات-٢-١١/M2/90_wals66_indonesian.jpg؛ مصوّرات/المجلدات-٢-١١/M2/90_wals66_values.jpg؛ مصوّرات/المجلدات-٢-١١/M2/90_wals66_africa.jpg
م٣-٠٢٠	م٣ ف٠٦	مرجع حديث	ففي بعض اللغات يتسع فعل «السمع» ليشمل الإحساس والفهم، ويتسع فعل «الأكل» ليشمل الفوز والغلبة ونيل الولاية.	نص	Charles Henry Robinson	Charles Henry Robinson، Dictionary of the Hausa Language, vol. 1 (Hausa–English)	3rd ed. revised and enlarged, Cambridge: at the University Press, 1913 (title page read)		1	48; 150			على المطبوع: p. 150: «ji, 1. to hear, perceive, feel, e.g. jin tsoro to feel fear, to fear; jin wuta to become warm…; 2. to understand, na ji maganarka I understand thy speech, ban ji ba I don't understand; 3. to obey…; kuna jin chi do you feel hungry?» p. 48: «chi, to eat, to devour, to destroy, to gain the adv		متحقّق — Verified	التوثيق	مطابقة الإنتاج، ٢٠٢٦/٠٩/٢٤		طوبق على مصوّرة المطبوع؛ صُحّح لفظ المتن على المطبوع؛ كان في المتن قبل التصحيح: ففي بعض اللغات يتسع فعل «السمع» ليشمل الشمّ والإحساس والفهم، ويتسع فعل «الأكل» ليشمل الفوز والنجاح ونيل اللقب.؛ المصوّرة: https://archive.org/details/dictionaryofhaus01robiuoft؛ الشاهد: مصوّرات/المجلدات-٢-١١/M2/91_robinson_ji_p150.jpg؛ مصوّرات/المجلدات-٢-١١/M2/91_robinson_chi_p48.jpg؛ مصوّرات/المجلدات-٢-١١/M2/robinson_title.jpg
م٣-٠٢١	م٣ ف٠٦	مرجع حديث	وفي أمثال الأفارقة ما معناه: إن الخشبة لا تصير تمساحًا وإن بقيت في الماء عشر سنين. يريدون أن طول المجاورة لا يغيّر حقيقة	نص	Charlotte and Wolf Leslau (comp.)	Charlotte and Wolf Leslau (comp.)، African Proverbs	Mount Vernon, N.Y.: Peter Pauper Press, © 1962 (title and copyright pages read)			18			على المطبوع: Wood may remain ten years in the water, but it will never become a crocodile.		متحقّق — Verified	التوثيق	مطابقة الإنتاج، ٢٠٢٦/٠٩/٢٤		طوبق على مصوّرة المطبوع؛ صُحّح لفظ المتن على المطبوع؛ كان في المتن قبل التصحيح: وفي أمثال غرب إفريقيا ما معناه: إن الخشبة لا تصير تمساحًا وإن طال بقاؤها في الماء. يريدون أن طول المجاورة لا يغيّر حقيقة؛ المصوّرة: https://archive.org/details/africanproverbs1962lesl؛ الشاهد: مصوّرات/المجلدات-٢-١١/M2/92_leslau_p18.jpg؛ مصوّرات/المجلدات-٢-١١/M2/leslau1962_title.jpg
م٣-٠٢٢	م٣ ف٠٦	مرجع حديث	يُستعمل في بعض لغات غرب إفريقيا لقبٌ يُرجَع إلى «المعلّم» لأهل العلم، ويُنادى به العالم توقيرًا.	نص	Charles Henry Robinson	Charles Henry Robinson، Dictionary of the Hausa Language, vol. 1 (Hausa–English)	3rd ed. revised and enlarged, Cambridge: at the University Press, 1913 (title page read)		1	254			على المطبوع: mālam, mālami, pl. mālamai (cf. Ar. مُعَلِّم), a learned man, a doctor; baban mālami a great scholar or doctor in learning; often used as a title, e.g. mālam musa. malamin daji is a common title of a jackal; a feminine adjectival form malama is occasionally found; cf. M. H. p. 208.		متحقّق — Verified	التوثيق	مطابقة الإنتاج، ٢٠٢٦/٠٩/٢٤		طوبق على مصوّرة المطبوع؛ صُحّح لفظ المتن على المطبوع؛ كان في المتن قبل التصحيح: يُستعمل في بعض لغات غرب إفريقيا لقبٌ مأخوذ من «المعلّم» لكل متعلم وقور.؛ المصوّرة: https://archive.org/details/dictionaryofhaus01robiuoft؛ الشاهد: مصوّرات/المجلدات-٢-١١/M2/94_robinson_malam_p254.jpg؛ مصوّرات/المجلدات-٢-١١/M2/robinson_title.jpg
م٣-٠٢٣	م٣ ف٠١	نقل عالم	«كأنّهم إنّما يقدّمون الذي بيانُه أهمُّ لهم، وهم ببيانه أعنى، وإن كانا جميعًا يُهمّانهم ويَعنيانهم»	نص	سيبويه	سيبويه، الكتاب	تحقيق وشرح عبد السلام محمد هارون، عالم الكتب، بيروت، الطبعة الثالثة ١٤٠٣هـ/١٩٨٣م (كما على صفحة العنوان؛ ترقيمها مطابق لترقيم طبعة الخانجي ط٣ ١٤٠٨هـ/١٩٨٨م المثبت في بطاقة الشاملة ٢٣٠١٨)		١	٣٤			على المطبوع: فإن قدّمتَ المفعولَ وأخّرتَ الفاعلَ جرى اللفظُ كما جرى في الأوّل، وذلك قولك: ضَرَبَ زيدًا عبدُ الله … فمن ثَمَّ كان حدُّ اللفظ أن يكون فيه مقدّمًا، وهو عربيٌّ جيّد كثير، كأنّهم [إنما] يقدّمون الذي بيانه أهمُّ لهم وهُمْ ببيانه أَغْنَى، وإن كانا جميعًا يُهِمّانِهم ويَعْنِيانِهم.		متحقّق مع اختلاف رواية — Verified with variant	التوثيق	مطابقة الإنتاج، ٢٠٢٦/٠٩/٢٤		طوبق على مصوّرة المطبوع؛ المطبوع «ببيانه أغنى» بالغين، والمتن على «أعنى» بالعين كأكثر الناقلين، والحاشية تبيّن الاختيار وعلّته؛ و«[إنما]» زيادة المحقق؛ المصوّرة: https://archive.org/details/1_20220620_20220620_0955؛ الشاهد: مصوّرات/المجلدات-٢-١١/P/65_taqdim.jpg؛ مصوّرات/المجلدات-٢-١١/P/65_aghna_zoom.jpg
م٣-٠٢٤	م٣ ف٠٢	مرجع حديث	فرّق س. بيت كوردر في دراسة الأخطاء بين نوعين: **خطأ** (error) يقع لأن المتعلم لم يكتسب القاعدة بعدُ، فيتكرر عنده بانتظام	نص	S. P. Corder	S. P. Corder، The Significance of Learner's Errors	IRAL: International Review of Applied Linguistics in Language Teaching, vol. V, no. 4 (Heidelberg: Julius Groos Verlag), November 1967, pp. 161–170 (scan via ERIC ED019903)		5 (4)	166–167			على المطبوع: These, as we have been so often reminded recently, are due to memory lapses, physical states, such as tiredness and psychological conditions such as strong emotion. These are adventitious artefacts of linguist performance and do not reflect a defect in our knowledge of our own language. We are norma		متحقّق — Verified	التوثيق	مطابقة الإنتاج، ٢٠٢٦/٠٩/٢٤		طوبق على مصوّرة المطبوع؛ رُئي الموضع في المرجع الحديث؛ كان في المتن: فرّق الباحث البريطاني بيت كوردر ... خطأ يقع لأن المتعلم لم يكتسب القاعدة بعدُ، فيتكرر عنده بانتظام؛ وزلّة تقع مع معرفته ؛ المصوّرة: https://files.eric.ed.gov/fulltext/ED019903.pdf؛ الشاهد: مصوّرات/المجلدات-٢-١١/T1/75_corder_p166.jpg؛ مصوّرات/المجلدات-٢-١١/T1/75_corder_p167.jpg؛ مصوّرات/المجلدات-٢-١١/T1/75_corder_title_p161.jpg
م٣-٠٢٥	م٣ ف٠٧	مرجع حديث	لاحظ الباحثان هربرت كلارك وجين فوكس تري أن أصوات التردد مثل «uh» و«um» ليست عشوائية كلها، فالمتكلم يعلن بها أنه سيتأخر ق	نص	Herbert H. Clark and Jean E. Fox Tree	Herbert H. Clark and Jean E. Fox Tree، Using uh and um in spontaneous speaking	Cognition 84 (2002): 73–111 (Elsevier), publisher PDF			73, 97			على المطبوع: The proposal examined here is that speakers use uh and um to announce that they are initiating what they expect to be a minor (uh), or major (um), delay in speaking. Speakers can use these announcements in turn to implicate, for example, that they are searching for a word, are deciding what to say n		متحقّق — Verified	التوثيق	مطابقة الإنتاج، ٢٠٢٦/٠٩/٢٤		طوبق على مصوّرة المطبوع؛ رُئي الموضع في المرجع الحديث؛ كان في المتن: يلاحظ دارسو المحادثة أن أصوات التردد ليست عشوائية كلها. فهي في الحوار الحي إشارة إلى السامع بأن المتكلم لم يُتمّ كلامه، ؛ المصوّرة: http://www.columbia.edu/~rmk7/HC/HC_Readings/Clark_Fox.pdf؛ الشاهد: مصوّرات/المجلدات-٢-١١/T1/96_clark_foxtree_p73.jpg؛ مصوّرات/المجلدات-٢-١١/T1/96_clark_foxtree_p97.jpg
م٤-٠٠١	م٤ ٠٠	نقل عالم	ثلاثة مواضع ينبغي للمتكلم أن يتأنق فيها أكثر من غيرها: الابتداء، والتخلص من معنى إلى معنى، والانتهاء	نص	الخطيب القزويني	الخطيب القزويني، تلخيص المفتاح (في عروس الأفراح)؛ الإيضاح	السبكي، عروس الأفراح في شرح تلخيص المفتاح، تحقيق عبد الحميد هنداوي، المكتبة العصرية، صيدا–بيروت، ط١، ١٤٢٣هـ/٢٠٠٣م؛ الإيضاح في علوم البلاغة، شرح وتعليق وتنقيح محمد عبد المنعم خفاجي (شرحه المختصر)، دار الكتاب اللبناني ومكتبة المدرسة، بيروت، ط٦، ١٤٠٥هـ/١٩٨٥م — ليست طبعة الأزهرية المعتمدة		٢	٣٢١، ٣٤٠ (عروس)؛ ٥٥٦، ٥٩١ (الإيضاح، ط. اللبناني)			على المطبوع: تلخيص (٢/٣٤٠): «فصلٌ: ينبغى للمتكلِّم أن يتأنَّقَ فى ثلاثةِ مواضعَ من كلامه؛ حتى يكونَ أعذبَ لفظًا، وأحسنَ سَبْكًا، وأصحَّ معنًى: أحدها: الابتداء…». الإيضاح (ص٥٥٦): «والثاني: القول في الابتداء، والتخلص، والانتهاء. فعقدنا فيهما فصلين ختمنا بهما الكتاب».		متحقّق — Verified	التوثيق	مطابقة الإنتاج، ٢٠٢٦/٠٩/٢٤		طوبق على مصوّرة المطبوع؛ طوبق المعنى، والمتن يحكيه بتصرّف؛ المصوّرة: https://archive.org/details/alfirdwsiy2018_gmail_1235_20180925 (zip: 01_arawshtamo.pdf = ج١، 02_arawshtamo.pdf = ج٢؛ leaf = page−1) ; https://archive.org/details/01020168 (84659.pdf inside zip; leaf = page−1)؛ الشاهد: مصوّرات/المجلدات-٢-١١/B1/111_talkhis_arus2_p321_khatima.jpg؛ مصوّرات/المجلدات-٢-١١/B1/111_126_talkhis_arus2_p340.jpg؛ مصوّرات/المجلدات-٢-١١/B1/111_idah_lubnani_p556.jpg
م٤-٠٠٢	م٤ ف٠٥	نقل عالم	ذكر الخطيب القزويني في خاتمة كتابه ما معناه أن المتكلم ينبغي أن يتأنّق في هذه المواضع الثلاثة، ليكون كلامه فيها أعذب لفظ	نص	الخطيب القزويني	الخطيب القزويني، تلخيص المفتاح (في عروس الأفراح)؛ الإيضاح	السبكي، عروس الأفراح في شرح تلخيص المفتاح، تحقيق عبد الحميد هنداوي، المكتبة العصرية، صيدا–بيروت، ط١، ١٤٢٣هـ/٢٠٠٣م؛ الإيضاح في علوم البلاغة، شرح وتعليق وتنقيح محمد عبد المنعم خفاجي (شرحه المختصر)، دار الكتاب اللبناني ومكتبة المدرسة، بيروت، ط٦، ١٤٠٥هـ/١٩٨٥م — ليست طبعة الأزهرية المعتمدة		٢	٣٤٠ (عروس)؛ ٥٩١ (الإيضاح، ط. اللبناني)			على المطبوع: الإيضاح (ص٥٩١): «٢٩٧ – ينبغي للمتكلم أن يتأنَّق في ثلاثة مواضع من كلامه، حتى تكون أعذبَ لفظاً، وأحسنَ سَبْكاً، وأصحَّ معنى. ٢٩٨ – الأول: الابتداء؛ لأنه أوَّل ما يقرَع السمع…». التلخيص (٢/٣٤٠): «…حتى يكونَ أعذبَ لفظًا…». السبكي: «لا شك أن هذه المواضع الثلاثة هي محط شوق النفوس».		متحقّق — Verified	التوثيق	مطابقة الإنتاج، ٢٠٢٦/٠٩/٢٤		طوبق على مصوّرة المطبوع؛ طوبق المعنى، والمتن يحكيه بتصرّف؛ المصوّرة: https://archive.org/details/alfirdwsiy2018_gmail_1235_20180925 (zip: 01_arawshtamo.pdf = ج١، 02_arawshtamo.pdf = ج٢؛ leaf = page−1)؛ الشاهد: مصوّرات/المجلدات-٢-١١/B1/111_126_talkhis_arus2_p340.jpg؛ مصوّرات/المجلدات-٢-١١/B1/126_idah_lubnani_p591.jpg
م٤-٠٠٣	م٤ ف٠٥	نقل عالم	…وعرفوا في مقابله «الاقتضاب»… وجعلوا منه ما يقرب من التخلص، كقول الخطيب بعد الحمد والثناء: «أما بعد».	نص	الخطيب القزويني	الخطيب القزويني، تلخيص المفتاح (في عروس الأفراح)؛ الإيضاح	السبكي، عروس الأفراح في شرح تلخيص المفتاح، تحقيق عبد الحميد هنداوي، المكتبة العصرية، صيدا–بيروت، ط١، ١٤٢٣هـ/٢٠٠٣م؛ الإيضاح في علوم البلاغة، شرح وتعليق وتنقيح محمد عبد المنعم خفاجي (شرحه المختصر)، دار الكتاب اللبناني ومكتبة المدرسة، بيروت، ط٦، ١٤٠٥هـ/١٩٨٥م — ليست طبعة الأزهرية المعتمدة		٢	٣٤١–٣٤٣ (عروس)؛ ٥٩٦–٥٩٨ (الإيضاح، ط. اللبناني)			على المطبوع: التلخيص: «وثانيها: التخلُّص ممّا شُبِّبَ الكلامُ به مِنْ نسيب أو غيره إلى المقصود، مع رعايةِ الملاءمة بينهما… وقد ينتقل منه إلى ما لا يلائمُهُ، ويسمّى: الاقتضاب، وهو مذهبُ العرب الجاهلية ومن يليهم من المُخَضْرَمين… ومنه: ما يقرُب من التخلُّص؛ كقولك بعد حمد الله: «أمَّا بَعْدُ» قيل: وهو فصل الخطاب». 		متحقّق — Verified	التوثيق	مطابقة الإنتاج، ٢٠٢٦/٠٩/٢٤		طوبق على مصوّرة المطبوع؛ طوبق المعنى، والمتن يحكيه بتصرّف؛ المصوّرة: https://archive.org/details/alfirdwsiy2018_gmail_1235_20180925 (zip: 01_arawshtamo.pdf = ج١، 02_arawshtamo.pdf = ج٢؛ leaf = page−1)؛ الشاهد: مصوّرات/المجلدات-٢-١١/B1/127_talkhis_arus2_p341.jpg؛ مصوّرات/المجلدات-٢-١١/B1/127_talkhis_arus2_p342.jpg؛ مصوّرات/المجلدات-٢-١١/B1/127_128_136_talkhis_arus2_p343.jpg
م٤-٠٠٤	م٤ ف٠٥	نقل عالم	وقد رُوي عن الشعبي أن «فصل الخطاب» الذي أوتيه داود عليه السلام هو قول الرجل: «أما بعد»	نص	الطبري	الطبري، جامع البيان عن تأويل آي القرآن	تحقيق عبد الله بن عبد المحسن التركي بالتعاون مع مركز البحوث والدراسات العربية والإسلامية بدار هجر، هجر للطباعة والنشر، القاهرة، ط١، ١٤٢٢هـ/٢٠٠١م، الجزء العشرون		٢٠	٤٩–٥٢			على المطبوع: «وقوله: ﴿وَفَصْلَ الْخِطَابِ﴾، اختلف أهلُ التأويل في معنى ذلك؛ فقال بعضُهم: عُنِي به أنه عُلِّم القضاءَ والفَهْمَ به» (ابن عباس، مجاهد، السدي، ابن زيد، أبو عبد الرحمن) … «وقال آخرون: بل معنى ذلك… بتكليف المدَّعي البينةَ، واليمينَ على المدَّعى عليه» (شريح، الشعبي، قتادة) … «وقال آخرون: بل هو قولُ: أم		متحقّق — Verified	التوثيق	مطابقة الإنتاج، ٢٠٢٦/٠٩/٢٤		طوبق على مصوّرة المطبوع؛ كان في المتن: وقد ذكر بعض المفسرين أن «أما بعد» من «فصل الخطاب»… [هذا التفسير قول لبعض السلف…]؛ المصوّرة: https://archive.org/details/elshandawily14829 (الجزء 20 .pdf; leaf = page−1)؛ الشاهد: مصوّرات/المجلدات-٢-١١/B1/128_tabari20_p49.jpg؛ مصوّرات/المجلدات-٢-١١/B1/128_tabari20_p50.jpg؛ مصوّرات/المجلدات-٢-١١/B1/128_tabari20_p51.jpg
م٤-٠٠٥	م٤ ف٠٦	نقل عالم	وجعلوا أحسن الانتهاء «ما آذن بانتهاء الكلام». وسمّاه بعض المتأخرين «براعة المقطع» و«حسن الختام».	نص	الخطيب القزويني؛ النويري؛ ابن حجة الحموي	الخطيب القزويني؛ النويري؛ ابن حجة الحموي، تلخيص المفتاح؛ الإيضاح؛ نهاية الأرب؛ خزانة الأدب	السبكي، عروس الأفراح في شرح تلخيص المفتاح، تحقيق عبد الحميد هنداوي، المكتبة العصرية، صيدا–بيروت، ط١، ١٤٢٣هـ/٢٠٠٣م؛ الإيضاح في علوم البلاغة، شرح وتعليق وتنقيح محمد عبد المنعم خفاجي (شرحه المختصر)، دار الكتاب اللبناني ومكتبة المدرسة، بيروت، ط٦، ١٤٠٥هـ/١٩٨٥م — ليست طبعة الأزهرية المعتمدة؛ النويري، نهاية الأرب، السفر السابع، ط١، مطبعة دار الكتب المصرية، القاهرة، ١٣٤٧هـ/١٩٢٩م؛ ابن حجة، خزانة الأدب، شرح عصام شعيتو، دار ومكتبة الهلال، بيروت، ط١، ١٩٨٧، ج٢		٢	٣٤٤ (عروس)؛ ٥٩٨–٦٠٠ (الإيضاح، ط. اللبناني)؛ نهاية الأرب ٧/١٣٥؛ خزانة الأدب ٢/٥٠٤			على المطبوع: التلخيص (٢/٣٤٤): «وأحسَنُه ما آذَنَ بانتهاءِ الكلام؛ كقوله (المعري): بقيتَ بقاءَ الدهر يا كهفَ أهله…». الإيضاح (ص٥٩٩): «٣٠٥ – وأحسن الانتهاءات ما آذن بانتهاء الكلام». النويري (٧/١٣٥): «وأما براعة المقطع – فهو أن يكون آخرُ الكلام الذي يقف عليه المترسِّل أو الخطيب أو الشاعر مستعذَبًا حَسَنًا، لتبقَى ل		متحقّق — Verified	التوثيق	مطابقة الإنتاج، ٢٠٢٦/٠٩/٢٤		طوبق على مصوّرة المطبوع؛ صُحّح قول المتن على المطبوع؛ كان في المتن قبل التصحيح: وجعلوا أحسن الانتهاء ما آذن السامعَ بانتهاء الكلام، فلا يبقى بعده متشوّفًا إلى شيء. وسمّاه بعضهم «براعة المقطع» و«حسن ال؛ المصوّرة: https://archive.org/details/alfirdwsiy2018_gmail_1235_20180925 (zip: 01_arawshtamo.pdf = ج١، 02_arawshtamo.pdf = ج٢؛ leaf = page−1) ; https://archive.org/details/lis01852 (07.pdf leaf 150) ; https://archive.org/details/121004 (02_82146.pdf leaf 503)؛ الشاهد: مصوّرات/المجلدات-٢-١١/B1/136_talkhis_arus2_p344.jpg؛ مصوّرات/المجلدات-٢-١١/B1/136_idah_lubnani_p599.jpg؛ مصوّرات/المجلدات-٢-١١/B1/136_idah_lubnani_p600.jpg
م٤-٠٠٦	م٤ ف٠٧	نقل عالم	على أن حسن الكلام ليس في الألفاظ مفردةً، بل في نظمها وترتيبها بحسب المعنى… بل هي المعنى نفسه في هيئته…	نص	عبد القاهر الجرجاني	عبد القاهر الجرجاني، دلائل الإعجاز	دلائل الإعجاز، قرأه وعلّق عليه أبو فهر محمود محمد شاكر، مكتبة الخانجي بالقاهرة، رقم الإيداع ٢٠٠٠/١١٨٨٩ (لا رقم طبعة ولا سنة على صفحة العنوان في المصوّرة)			٤٦، ٤٩، ٥٣–٥٤، ٨١–٨٢، ٢٥٠			على المطبوع: «فقد اتضح إذن اتضاحاً لا يدع للشك مجالاً، أنّ الألفاظ لا تتفاضل من حيث هي ألفاظ مجرّدة، ولا من حيث هي كَلِمٌ مفردةٌ، وأن الفضيلةَ وخِلافَها، في ملائمة معنى اللّفظة لمعنى التي تليها» (ص٤٦، الفقرة ٣٧). «وأمّا «نظمُ الكَلِم» فليس الأمر فيه كذلك، لأنك تقتفي في نظمها آثارَ المعاني، وتُرتِّبُها على حسب تر		متحقّق — Verified	التوثيق	مطابقة الإنتاج، ٢٠٢٦/٠٩/٢٤		طوبق على مصوّرة المطبوع؛ طوبق المعنى، والمتن يحكيه بتصرّف؛ المصوّرة: https://archive.org/details/20201101_20201101_1419؛ الشاهد: مصوّرات/المجلدات-٢-١١/B1/142_dalail_p45_par36-37.jpg؛ مصوّرات/المجلدات-٢-١١/B1/142_dalail_p46_par37.jpg؛ مصوّرات/المجلدات-٢-١١/B1/142_dalail_p49_par40-41.jpg
م٤-٠٠٧	م٤ ف٠٥	نقل عالم	وكان الجاحظ يصرّح بذلك، فذكر في «الحيوان» أنه إذا أمَلَّ قارئه بالجِدّ نشّطه «ببعض البَطالات»، وأنه يفعل ذلك «ليخرج قارئ	نص	الجاحظ؛ الميداني	الجاحظ؛ الميداني، كتاب الحيوان؛ مجمع الأمثال	الحيوان: تحقيق وشرح عبد السلام محمد هارون، شركة مكتبة ومطبعة مصطفى البابي الحلبي وأولاده بمصر، الطبعة الثانية، ١٣٨٥هـ/١٩٦٥م (ج٣). مجمع الأمثال: حققه وفصله وضبط غرائبه وعلق حواشيه محمد محيي الدين عبد الحميد، مطبعة السنة المحمدية، ١٣٧٤هـ/١٩٥٥م (من صفحة عنوان ج٢؛ نسخة ج١ المصورة بلا صفحة عنوان)		٣ (الحيوان)؛ ١ (مجمع الأمثال)	الحيوان ٣/٥، ٣/٧؛ مجمع الأمثال ١/١٩٧–١٩٨ (رقم ١٠٤٤)			على المطبوع: [الحيوان ٣/٥] وإن كنّا قد أمللناك بالجِدّ وبالاحتجاجاتِ الصحيحة والمروَّجة؛ لتكثُّرِ الخواطر، وتشحَذَ العقول — فإنّا سننشّطك ببعض البَطالات، وبذكر العلل الظريفة، والاحتجاجات الغريبة… [٣/٧] وعلى أنّي قد عزمتُ — واللهُ الموفّق — أنّي أوشّح هذا الكتابَ وأفصّلُ أبوابَه، بنوادرَ من ضروبِ الشِّعر، وضروبِ 		متحقّق — Verified	التوثيق	مطابقة الإنتاج، ٢٠٢٦/٠٩/٢٤		طوبق على مصوّرة المطبوع؛ طوبق المعنى، والمتن يحكيه بتصرّف؛ كان في المتن: وكان الجاحظ يصرّح في كتبه بأنه يخرج من باب إلى باب، ومن الجد إلى الهزل، ليدفع الملل عن قارئه… وفي المثل العربي السائر: «؛ المصوّرة: https://archive.org/details/AAlexandrina-152817 ; https://archive.org/details/120909_201810؛ الشاهد: مصوّرات/المجلدات-٢-١١/B2/133_hayawan3_p5.jpg؛ مصوّرات/المجلدات-٢-١١/B2/133_hayawan3_p7.jpg؛ مصوّرات/المجلدات-٢-١١/B2/hayawan3_title.jpg
م٤-٠٠٨	م٤ ف٠٢	حديث	من أشهر ما يُفتتح به الكلام صيغةٌ يسميها أهل العلم «خطبة الحاجة»، أولها: «إنّ الحمدَ لله، نحمدُه ونستعينُه…»، ثم الاستعا	نص	مسلم؛ أبو داود؛ الترمذي	مسلم؛ أبو داود؛ الترمذي، الصحيح؛ السنن؛ الجامع	صحيح مسلم، تحقيق محمد فؤاد عبد الباقي، مطبعة دار إحياء الكتب العربية، عيسى البابي الحلبي وشركاه، القاهرة (لا سنة مقروءة على صفحة العنوان)؛ ٥ أجزاء متسلسلة الترقيم ؛ سنن أبي داود، تحقيق محمد محيي الدين عبد الحميد، المكتبة العصرية، صيدا–بيروت (لا رقم طبعة ولا سنة على صفحة العنوان) ؛ الجامع الصحيح وهو سنن الترمذي، ج٣ تحقيق وتخريج وتعليق محمد فؤاد عبد الباقي، شركة مكتبة ومطبعة مصطفى البابي الحلبي وأولاده بمصر، ط٢، ١٣٨٨هـ/١٩٦٨م		مسلم ٢؛ أبو داود ٢؛ الترمذي ٣	مسلم ٢/٥٩٣–٥٩٤؛ أبو داود ٢/٢٣٨–٢٣٩؛ الترمذي ٣/٤٠٤–٤٠٥	مسلم ٨٦٨؛ أبو داود ٢١١٨؛ الترمذي ١١٠٥	الترمذي: «حديث عبد الله حديث حسن» ... «وكلا الحديثين صحيح، لأن إسرائيل جمعهما»	على المطبوع: «إِنَّ الْحَمْدَ لِلَّهِ. نَحْمَدُهُ وَنَسْتَعِينُهُ مَنْ يَهْدِهِ اللَّهُ فَلَا مُضِلَّ لَهُ. وَمَنْ يُضْلِلْ فَلَا هَادِيَ لَهُ. وَأَشْهَدُ أَنْ لَا إِلَهَ إِلَّا اللَّهُ وَحْدَهُ لَا شَرِيكَ لَهُ. وَأَنَّ مُحَمَّدًا عَبْدُهُ وَرَسُولُهُ. أَمَّا بَعْدُ» (مسلم ٨٦٨، ٢/٥٩٣، من حديث ابن عباس في قصة ضم		متحقّق — Verified	التوثيق	مطابقة الإنتاج، ٢٠٢٦/٠٩/٢٤		طوبق على مصوّرة المطبوع؛ طوبق المعنى، والمتن يحكيه بتصرّف؛ كان في المتن: «إنّ الحمدَ لله، نحمدُه ونستعينُه…»، ثم الاستعاذة ...، ثم ... الشهادتان، ثم «أما بعد». ويُروى أصلها في صحيح مسلم في قصة ؛ المصوّرة: https://archive.org/details/saheeh_moslem_Abdulbaqy ; https://archive.org/details/04-8461-2 (02_8460-2 leaves 237–238) ; https://archive.org/details/SunanTirmithiHalabii (suntrmsh3 leaves 404–405)؛ الشاهد: مصوّرات/المجلدات-٢-١١/H1/121_muslim_868_dimad.jpg؛ مصوّرات/المجلدات-٢-١١/H1/121_abudawud_2118.jpg؛ مصوّرات/المجلدات-٢-١١/H1/121_tirmidhi_1105.jpg
م٤-٠٠٩	م٤ ف٠٢	حديث	إِنَّ الحَمْدَ لِلَّهِ / نَحْمَدُهُ وَنَسْتَعينُهُ وَنَسْتَغْفِرُهُ // مَنْ يَهْدِهِ اللهُ / فَلا مُضِلَّ لَهُ // وَمَنْ	نص	مسلم؛ أبو داود؛ الترمذي	مسلم؛ أبو داود؛ الترمذي	صحيح مسلم، تحقيق محمد فؤاد عبد الباقي، مطبعة دار إحياء الكتب العربية، عيسى البابي الحلبي وشركاه، القاهرة (لا سنة مقروءة على صفحة العنوان)؛ ٥ أجزاء متسلسلة الترقيم ؛ سنن أبي داود، تحقيق محمد محيي الدين عبد الحميد، المكتبة العصرية، صيدا–بيروت (لا رقم طبعة ولا سنة على صفحة العنوان) ؛ الجامع الصحيح وهو سنن الترمذي، ج٣ تحقيق وتخريج وتعليق محمد فؤاد عبد الباقي، شركة مكتبة ومطبعة مصطفى البابي الحلبي وأولاده بمصر، ط٢، ١٣٨٨هـ/١٩٦٨م			مسلم ٢/٥٩٣؛ أبو داود ٢/٢٣٩؛ الترمذي ٣/٤٠٤	مسلم ٨٦٨؛ أبو داود ٢١١٨؛ الترمذي ١١٠٥	الترمذي: «حديث عبد الله حديث حسن»	على المطبوع: «إِنَّ الْحَمْدَ لِلَّهِ. نَحْمَدُهُ وَنَسْتَعِينُهُ مَنْ يَهْدِهِ اللَّهُ فَلَا مُضِلَّ لَهُ. وَمَنْ يُضْلِلْ فَلَا هَادِيَ لَهُ. وَأَشْهَدُ أَنْ لَا إِلَهَ إِلَّا اللَّهُ وَحْدَهُ لَا شَرِيكَ لَهُ. وَأَنَّ مُحَمَّدًا عَبْدُهُ وَرَسُولُهُ. أَمَّا بَعْدُ» (مسلم ٨٦٨، ٢/٥٩٣، من حديث ابن عباس في قصة ضم	اللفظ المتداول بين الخطباء، والمتن يصرّح بأنه ملفّقٌ من روايتين (العنوان والحاشية): لفظ مسلم (٨٦٨) وزيادة «ونستغفره» من رواية ابن مسعود (أبو داود ٢١١٨، الترمذي ١١٠٥)	متحقّق مع اختلاف رواية — Verified with variant	التوثيق	مطابقة الإنتاج، ٢٠٢٦/٠٩/٢٤		طوبق على مصوّرة المطبوع؛ اللفظ المتداول بين الخطباء، والمتن يصرّح بأنه ملفّقٌ من روايتين (العنوان والحاشية): لفظ مسلم (٨٦٨) وزيادة «ونستغفره» من رواية ابن مسعود (أبو داود ٢١١٨، الترمذي ١١٠٥)؛ المصوّرة: https://archive.org/details/saheeh_moslem_Abdulbaqy؛ الشاهد: مصوّرات/المجلدات-٢-١١/H1/121_muslim_868_dimad.jpg؛ مصوّرات/المجلدات-٢-١١/H1/121_tirmidhi_1105.jpg؛ مصوّرات/المجلدات-٢-١١/H1/121_abudawud_2118.jpg
م٤-٠١٠	م٤ ف٠٥	حديث	«باب من قال في الخطبة بعد الثناء: أما بعد»	نص	البخاري	البخاري، الجامع الصحيح	صحيح البخاري، الطبعة السلطانية (بولاق ١٣١١هـ) بترقيم محمد فؤاد عبد الباقي كما في طبعة دار طوق النجاة، ط١، ١٤٢٢هـ، بعناية محمد زهير بن ناصر الناصر (المقدمة ص٤٧: اعتماد ترقيم عبد الباقي)		٢	١٠–١١	٩٢٢–٩٢٧		على المطبوع: بابُ مَن قال في الخطبة بعد الثناء: أمّا بعدُ. رواه عكرمة عن ابن عباس عن النبي صلى الله عليه وسلم		متحقّق — Verified	التوثيق	مطابقة الإنتاج، ٢٠٢٦/٠٩/٢٤		طوبق على مصوّرة المطبوع؛ المصوّرة: https://archive.org/details/03-54504 (file 02_54496, leaves 9–10)؛ الشاهد: مصوّرات/المجلدات-٢-١١/H1/129_bab_amma_bad.jpg؛ مصوّرات/المجلدات-٢-١١/H1/bukhari_title.jpg
م٤-٠١١	م٤ ف٠٦	حديث	كفارة المجلس: «سُبْحَانَكَ اللَّهُمَّ وَبِحَمْدِكَ، أَشْهَدُ أَنْ لَا إِلَهَ إِلَّا أَنْتَ، أَسْتَغْفِرُكَ وَأَتُوبُ إِل	نص	الترمذي	الترمذي، الجامع الصحيح وهو سنن الترمذي	الجامع الصحيح وهو سنن الترمذي، الجزء الخامس، تحقيق وتعليق إبراهيم عطوة عوض (المدرس في الأزهر الشريف)، شركة مكتبة ومطبعة مصطفى البابي الحلبي وأولاده بمصر، الطبعة الثانية، ١٣٩٥هـ/١٩٧٥م (من صفحة العنوان وظهرها في المصوّرة)		٥	٤٩٤	٣٤٣٣	قَالَ: هٰذَا حَدِيثٌ حَسَنٌ غَرِيبٌ صَحِيحٌ مِنْ هٰذَا الْوَجْهِ لَا نَعْرِفُهُ مِنْ حَدِيثِ سُهَيْلٍ إِلَّا مِنْ هٰذَا الْوَجْهِ.	على المطبوع: الترمذي ٥/٤٩٤، رقم ٣٤٣٣ (بعد الإسناد): عَنْ أَبِي هُرَيْرَةَ قَالَ: قَالَ رَسُولُ اللهِ صَلَّى اللهُ عَلَيْهِ وَسَلَّمَ: مَنْ جَلَسَ فِي مَجْلِسٍ فَكَثُرَ فِيهِ لَغَطُهُ فَقَالَ قَبْلَ أَنْ يَقُومَ مِنْ مَجْلِسِهِ ذٰلِكَ: سُبْحَانَكَ اللّٰهُمَّ وَبِحَمْدِكَ، أَشْهَدُ أَنْ لَا إِلٰهَ إِلَّا أَنْتَ أَ		متحقّق — Verified	التوثيق	مطابقة الإنتاج، ٢٠٢٦/٠٩/٢٤		طوبق على مصوّرة المطبوع؛ صُحّح لفظ المتن على المطبوع؛ المصوّرة: https://archive.org/details/alfirdwsiy2018_gmail_0915/page/n3052؛ الشاهد: مصوّرات/المجلدات-٢-١١/H2/141_tirmidhi3433_v5p494.jpg؛ مصوّرات/المجلدات-٢-١١/H2/141_abudawud4857-4859_v4p264-265.jpg؛ مصوّرات/المجلدات-٢-١١/H2/141_albani_sahih-abudawud_4859_v3p193-194.jpg
م٤-٠١٢	م٤ ف٠٢	حديث	يُستشهد كثيرًا على الافتتاح بالبسملة بحديث «كلُّ أمرٍ ذي بالٍ لا يُبدأ فيه ببسم الله الرحمن الرحيم فهو أبتر»، وهو بهذا ا	نص	الألباني	الألباني، إرواء الغليل في تخريج أحاديث منار السبيل	بإشراف محمد زهير الشاويش، المكتب الإسلامي، بيروت/دمشق، الطبعة الأولى، ١٣٩٩هـ/١٩٧٩م		١	٢٩–٣٢	١، ٢	رقم ١ (ببسم الله الرحمن الرحيم… أبتر): «ضعيف جداً»؛ رقم ٢ (بالحمد لله… أقطع): «ضعيف»، «وجملة القول أن الحديث ضعيف؛ لاضطراب الرواة فيه على الزهري… والصحيح عنه مرسلاً»	على المطبوع: الإرواء ١/٢٩: «١ ـ (حديث: «كُلُّ أَمْرٍ ذِي بالٍ لاَ يُبْدَأُ فِيهِ بـ(بِسْمِ اللهِ الرَّحْمٰنِ الرَّحِيمِ) فَهُوَ أَبْتَرُ». رواه الخطيب، والحافظ عبد القادر الرهاوي) ص ٥. ضعيف جداً. وقد رواه السبكي في «طبقات الشافعية الكبرى» (١/٦) من طريق الحافظ الرهاوي بسنده… عن أبي هريرة مرفوعاً به، إلا أنه قال: 		متحقّق — Verified	التوثيق	مطابقة الإنتاج، ٢٠٢٦/٠٩/٢٤		طوبق على مصوّرة المطبوع؛ صُحّح لفظ المتن على المطبوع؛ كان في المتن قبل التصحيح: يُستشهد كثيرًا على الافتتاح بالبسملة بحديث «كلُّ أمرٍ ذي بالٍ لا يُبدأ فيه ببسم الله فهو أقطع»، وفي ثبوته كلام معروف عند؛ المصوّرة: https://archive.org/details/erwaa_galil؛ الشاهد: مصوّرات/المجلدات-٢-١١/H3/120_irwa1_p29.jpg؛ مصوّرات/المجلدات-٢-١١/H3/120_irwa1_p30.jpg؛ مصوّرات/المجلدات-٢-١١/H3/120_irwa1_p31.jpg
م٤-٠١٣	م٤ ف٠٢	حديث	يُسَلِّمُ الصَّغِيرُ عَلَى الْكَبِيرِ، وَالْمَارُّ عَلَى الْقَاعِدِ، وَالْقَلِيلُ عَلَى الْكَثِيرِ	نص	البخاري	البخاري، الصحيح	صحيح البخاري، الطبعة السلطانية (المطبعة الكبرى الأميرية ببولاق، ١٣١١هـ) بترقيم محمد فؤاد عبد الباقي في الحاشية (تحفة)، مصوَّرة دار طوق النجاة، بيروت، ط١، بعناية محمد زهير بن ناصر الناصر		٨	٥٢	٦٢٣١ (و٦٢٣٤ معلقًا)		على المطبوع: يُسَلِّمُ الصَّغيرُ على الكبير، والمارُّ على القاعد، والقليلُ على الكثير		متحقّق — Verified	التوثيق	مطابقة الإنتاج، ٢٠٢٦/٠٩/٢٤		طوبق على مصوّرة المطبوع؛ المصوّرة: https://archive.org/details/03-54504؛ الشاهد: مصوّرات/المجلدات-٢-١١/HA2/HA10-HA34_bukhari6231_v8p52.jpg؛ مصوّرات/المجلدات-٢-١١/HA2/bukhari_title.jpg
م٤-٠١٤	م٤ ف٠٣	حديث	قال النبيُّ ﷺ: "عليكم بالصِّدقِ، فإنَّ الصِّدقَ يَهدي إلى البِرِّ" (متفق عليه). كثير منا يظن الصدق في الكلام الكبير فقط،	نص	مسلم؛ البخاري	مسلم؛ البخاري، الصحيحان	صحيح مسلم، تحقيق محمد فؤاد عبد الباقي، مطبعة دار إحياء الكتب العربية، فيصل عيسى البابي الحلبي، القاهرة (لا سنة على صفحة العنوان)؛ ٥ أجزاء متسلسلة الترقيم ؛ صحيح البخاري، الطبعة السلطانية (بولاق ١٣١١هـ) بترقيم محمد فؤاد عبد الباقي كما في طبعة دار طوق النجاة، ط١، بعناية محمد زهير بن ناصر الناصر (صفحة العنوان والمقدمة: اعتماد ترقيم عبد الباقي)		مسلم ٤؛ البخاري ٨	مسلم ٤/٢٠١٢–٢٠١٣؛ البخاري ٨/٢٥	مسلم ٢٦٠٧؛ البخاري ٦٠٩٤		على المطبوع: مسلم: قَالَ رَسُولُ اللَّهِ ﷺ «عَلَيْكُمْ بِالصِّدْقِ. فَإِنَّ الصِّدْقَ يَهْدِي إِلَى الْبِرِّ. وَإِنَّ الْبِرَّ يَهْدِي إِلَى الْجَنَّةِ …». — البخاري: إنّ الصدق يهدي إلى البرّ، وإنّ البرّ يهدي إلى الجنة …		متحقّق — Verified	التوثيق	مطابقة الإنتاج، ٢٠٢٦/٠٩/٢٤		طوبق على مصوّرة المطبوع؛ المصوّرة: https://archive.org/details/saheeh_moslem_Abdulbaqy (file Saheeh_Moslem01; leaf = page − 1) ; https://archive.org/details/03-54504 (title page from https://archive.org/details/SahihBukhariYouniniya)؛ الشاهد: مصوّرات/المجلدات-٢-١١/HA4/HA100_muslim2607_p2012-2013.jpg؛ مصوّرات/المجلدات-٢-١١/HA4/HA100_bukhari6094_v8p25.jpg
م٤-٠١٥	م٤ ف١٠	حديث	✔ «قال ﷺ: «إنما الأعمال بالنيات» (متفق عليه).»	نص	البخاري	البخاري، الجامع الصحيح	صحيح البخاري، الطبعة السلطانية (المطبعة الأميرية ببولاق ١٣١١–١٣١٣هـ) في مصوّرة دار طوق النجاة بعناية محمد زهير بن ناصر الناصر (من صفحة العنوان ومقدمة الناشر)، بترقيم محمد فؤاد عبد الباقي في الهامش		١	٦	١		على المطبوع: «إنما الأعمالُ بالنيات» (البخاري ١)؛ «إنما الأعمال بالنية» (مسلم ١٩٠٧)		متحقّق — Verified	التوثيق	مطابقة الإنتاج، ٢٠٢٦/٠٩/٢٤		طوبق على مصوّرة المطبوع؛ المصوّرة: https://archive.org/details/03-54504 (file 01_54495.pdf)؛ الشاهد: مصوّرات/المجلدات-٢-١١/HA1/HA93_bukhari1_v1p6.jpg؛ مصوّرات/المجلدات-٢-١١/HA1/HA93_muslim1907_v3p1515-1516.jpg
م٤-٠١٦	م٤ ف١٠	حديث	ومن جوامع كلمه ﷺ ما رواه البخاري: «إن من البيان لسحرًا».	نص	البخاري	البخاري، الصحيح	صحيح البخاري، الطبعة السلطانية (المطبعة الكبرى الأميرية ببولاق، ١٣١١هـ) بترقيم محمد فؤاد عبد الباقي في الحاشية (تحفة)، مصوَّرة دار طوق النجاة، بيروت، ط١، بعناية محمد زهير بن ناصر الناصر		٧	١٣٨	٥٧٦٧ (و٥١٤٦)		على المطبوع: «إنّ من البيان لسحرًا، أو إنّ بعضَ البيان لسحرٌ» (Shamela, 5767)		متحقّق — Verified	التوثيق	مطابقة الإنتاج، ٢٠٢٦/٠٩/٢٤		طوبق على مصوّرة المطبوع؛ المصوّرة: https://archive.org/details/03-54504
م٤-٠١٧	م٤ ف١٠	حديث	«وما أُعطي أحدٌ عطاءً خيرًا وأوسع من الصبر» (متفق عليه)	نص	البخاري؛ مسلم	البخاري؛ مسلم، الصحيح	صحيح البخاري، الطبعة السلطانية (بولاق ١٣١١هـ) بترقيم محمد فؤاد عبد الباقي، في مصوّرة دار طوق النجاة، ط١، بعناية محمد زهير بن ناصر الناصر (صفحة العنوان وظهرها والمقدمة: اعتماد ترقيم عبد الباقي) ؛ صحيح مسلم، تحقيق محمد فؤاد عبد الباقي، مطبعة دار إحياء الكتب العربية، فيصل عيسى البابي الحلبي، القاهرة (لا سنة على صفحة العنوان)؛ ترقيم الصفحات متسلسل عبر الأجزاء		البخاري ٢؛ مسلم ٢	البخاري ٢/١٢٢–١٢٣؛ مسلم ٢/٧٢٩	البخاري ١٤٦٩ (وانظر ٦٤٧٠)؛ مسلم ١٠٥٣		على المطبوع: البخاري: …ومن يتصبّر يُصبّره الله، وما أُعطي أحدٌ عطاءً خيرًا وأوسعَ من الصبر. — مسلم: …وما أُعطي أحدٌ من عطاءٍ خيرٌ وأوسعُ من الصبر.		متحقّق — Verified	التوثيق	مطابقة الإنتاج، ٢٠٢٦/٠٩/٢٤		طوبق على مصوّرة المطبوع؛ المصوّرة: https://archive.org/details/03-54504 ; https://archive.org/details/saheeh_moslem_Abdulbaqy؛ الشاهد: مصوّرات/المجلدات-٢-١١/HA3/HA103_bukhari1469_v2p122-123.jpg؛ مصوّرات/المجلدات-٢-١١/HA3/HA103_muslim1053_p729.jpg
م٤-٠١٨	م٤ ف٠٥	حديث	«أَيُّ الْعَمَلِ أَحَبُّ إِلَى اللَّهِ؟ قَالَ: "الصَّلَاةُ عَلَى وَقْتِهَا"، قَالَ: ثُمَّ أَيٌّ؟ قَالَ: "ثُمَّ بِرُّ الْ	نص	البخاري؛ مسلم	البخاري؛ مسلم، الصحيح	صحيح البخاري، الطبعة السلطانية (بولاق ١٣١١هـ) بترقيم محمد فؤاد عبد الباقي، في مصوّرة دار طوق النجاة، ط١، بعناية محمد زهير بن ناصر الناصر (صفحة العنوان وظهرها والمقدمة: اعتماد ترقيم عبد الباقي) ؛ صحيح مسلم، تحقيق محمد فؤاد عبد الباقي، مطبعة دار إحياء الكتب العربية، فيصل عيسى البابي الحلبي، القاهرة (لا سنة على صفحة العنوان)؛ ترقيم الصفحات متسلسل عبر الأجزاء		البخاري ١؛ مسلم ١	البخاري ١/١١٢؛ مسلم ١/٨٩–٩٠	البخاري ٥٢٧ (وانظر ٥٩٧٠)؛ مسلم ٨٥ (رقم الرواية ١٣٧، ١٣٩)		على المطبوع: البخاري ٥٢٧: قال: سألتُ النبيَّ صلى الله عليه وسلم أيُّ العملِ أحبُّ إلى الله؟ قال: الصلاةُ على وقتِها. قال: ثم أيّ؟ قال: ثم برُّ الوالدين. قال: ثم أيّ؟ قال: الجهادُ في سبيل الله. قال: حدّثني بهنّ ولو استزدتُه لزادني. — مسلم ٨٥ (١٣٩): سألتُ رسول الله ﷺ: أيُّ الأعمالِ أحبُّ إلى الله؟ قال «الصلاةُ على		متحقّق — Verified	التوثيق	مطابقة الإنتاج، ٢٠٢٦/٠٩/٢٤		طوبق على مصوّرة المطبوع؛ المصوّرة: https://archive.org/details/03-54504 ; https://archive.org/details/saheeh_moslem_Abdulbaqy؛ الشاهد: مصوّرات/المجلدات-٢-١١/HA3/HA67_bukhari527_v1p112.jpg؛ مصوّرات/المجلدات-٢-١١/HA3/HA67_muslim85_p89-90.jpg
م٤-٠١٩	م٤ ف٠٥	حديث	أَلَا أُنَبِّئُكُمْ بِأَكْبَرِ الْكَبَائِرِ؟	نص	البخاري؛ مسلم	البخاري؛ مسلم، الصحيحان	صحيح البخاري، الطبعة السلطانية (بولاق ١٣١١هـ) بترقيم محمد فؤاد عبد الباقي كما في طبعة دار طوق النجاة، ط١، بعناية محمد زهير بن ناصر الناصر (صفحة العنوان والمقدمة: اعتماد ترقيم عبد الباقي) ؛ صحيح مسلم، تحقيق محمد فؤاد عبد الباقي، مطبعة دار إحياء الكتب العربية، فيصل عيسى البابي الحلبي، القاهرة (لا سنة على صفحة العنوان)؛ ٥ أجزاء متسلسلة الترقيم		البخاري ٣؛ مسلم ١	البخاري ٣/١٧٢ (الباب ٣/١٧١)؛ مسلم ١/٩١	البخاري ٢٦٥٤؛ مسلم ٨٧		على المطبوع: البخاري: ألا أنبّئكم بأكبر الكبائر، ثلاثًا، قالوا: بلى يا رسول الله، قال: الإشراك بالله، وعقوق الوالدين، وجلس وكان متكئًا فقال: ألا وقولُ الزور، قال: فما زال يكررها حتى قلنا: ليته سكت. — مسلم: «أَلَا أُنَبِّئُكُمْ بِأَكْبَرِ الْكَبَائِرِ؟ (ثَلَاثًا) الْإِشْرَاكُ بِاللَّهِ. وَعُقُوقُ الْوَالِدَيْنِ. 		متحقّق — Verified	التوثيق	مطابقة الإنتاج، ٢٠٢٦/٠٩/٢٤		طوبق على مصوّرة المطبوع؛ المصوّرة: https://archive.org/details/03-54504 (title page from https://archive.org/details/SahihBukhariYouniniya) ; https://archive.org/details/saheeh_moslem_Abdulbaqy (file Saheeh_Moslem01; leaf = page − 1)؛ الشاهد: مصوّرات/المجلدات-٢-١١/HA4/HA12_bukhari2654_v3p171-172.jpg؛ مصوّرات/المجلدات-٢-١١/HA4/HA12_muslim87_p91.jpg
م٤-٠٢٠	م٤ ف٠٦	حديث	«فَإِنَّهُ جِبْرِيلُ أَتَاكُمْ يُعَلِّمُكُمْ دِينَكُمْ» (رواه مسلم).	نص	مسلم	مسلم، الصحيح	صحيح مسلم، تحقيق محمد فؤاد عبد الباقي، دار إحياء الكتب العربية (عيسى البابي الحلبي وشركاه)؛ النسخة المصوّرة: دار الحديث، القاهرة، ط١، ١٤١٢هـ/١٩٩١م، توزيع دار الكتب العلمية (بترقيم الطبعة الأصلية نفسه)		١	٣٦–٣٨	٨ (رقم ١ في الكتاب)		على المطبوع: ص٣٧: حتى جلس إلى النبي ﷺ، فأسند رُكبتيه إلى ركبتيه، ووضع كفّيه على فخذيه … ص٣٨: قال: ثم انطلق، فلبثتُ مليًّا، ثم قال لي: «يا عمر! أتدري من السائل؟» قلت: الله ورسوله أعلم. قال: «فإنه جبريل. أتاكم يعلّمكم دينكم».		متحقّق — Verified	التوثيق	مطابقة الإنتاج، ٢٠٢٦/٠٩/٢٤		طوبق على مصوّرة المطبوع؛ المصوّرة: https://archive.org/details/saheeh_moslem_Abdulbaqy؛ الشاهد: مصوّرات/المجلدات-٢-١١/HA1/HA13_muslim8_v1p36.jpg؛ مصوّرات/المجلدات-٢-١١/HA1/HA13_muslim8_v1p37.jpg؛ مصوّرات/المجلدات-٢-١١/HA1/HA13_muslim8_v1p38.jpg
م٤-٠٢١	م٤ ف٠٦	حديث	كَانَ النَّبِيُّ ﷺ يَتَخَوَّلُنَا بِالْمَوْعِظَةِ فِي الْأَيَّامِ، كَرَاهَةَ السَّآمَةِ عَلَيْنَا	نص	البخاري	البخاري، الصحيح	صحيح البخاري، الطبعة السلطانية (المطبعة الكبرى الأميرية ببولاق، ١٣١١هـ) بترقيم محمد فؤاد عبد الباقي في الحاشية (تحفة)، مصوَّرة دار طوق النجاة، بيروت، ط١، بعناية محمد زهير بن ناصر الناصر		١	٢٥	٦٨ (ومسلم ٢٨٢١)		على المطبوع: كان النبي صلى الله عليه وسلم يتخوَّلُنا بالموعظة في الأيام كراهةَ السآمة علينا		متحقّق — Verified	التوثيق	مطابقة الإنتاج، ٢٠٢٦/٠٩/٢٤		طوبق على مصوّرة المطبوع؛ المصوّرة: https://archive.org/details/03-54504؛ الشاهد: مصوّرات/المجلدات-٢-١١/HA2/HA14-HA18_bukhari68-69_v1p25.jpg
م٤-٠٢٢	م٤ ف١٠	حديث	«أنا عند ظنِّ عبدي بي، وأنا معه إذا ذكرني»	نص	البخاري؛ مسلم	البخاري؛ مسلم، الصحيح	صحيح البخاري، الطبعة السلطانية (بولاق ١٣١١هـ) بترقيم محمد فؤاد عبد الباقي، في مصوّرة دار طوق النجاة، ط١، بعناية محمد زهير بن ناصر الناصر (صفحة العنوان وظهرها والمقدمة: اعتماد ترقيم عبد الباقي) ؛ صحيح مسلم، تحقيق محمد فؤاد عبد الباقي، مطبعة دار إحياء الكتب العربية، فيصل عيسى البابي الحلبي، القاهرة (لا سنة على صفحة العنوان)؛ ترقيم الصفحات متسلسل عبر الأجزاء		البخاري ٩؛ مسلم ٤	البخاري ٩/١٢١؛ مسلم ٤/٢٠٦١	البخاري ٧٤٠٥؛ مسلم ٢٦٧٥		على المطبوع: البخاري: يقول الله تعالى: أنا عندَ ظنِّ عبدي بي، وأنا معه إذا ذكرني، فإن ذكرني في نفسه ذكرتُه في نفسي… — مسلم: يقول الله عزّ وجلّ: أنا عند ظنّ عبدي بي. وأنا معه حين يذكرني…		متحقّق — Verified	التوثيق	مطابقة الإنتاج، ٢٠٢٦/٠٩/٢٤		طوبق على مصوّرة المطبوع؛ المصوّرة: https://archive.org/details/03-54504 ; https://archive.org/details/saheeh_moslem_Abdulbaqy؛ الشاهد: مصوّرات/المجلدات-٢-١١/HA3/HA15_bukhari7405_v9p121.jpg؛ مصوّرات/المجلدات-٢-١١/HA3/HA15_muslim2675_p2061.jpg
م٤-٠٢٣	م٤ ف٠١	حديث	«أَحَبُّ الْأَعْمَالِ إِلَى اللَّهِ تَعَالَى أَدْوَمُهَا وَإِنْ قَلَّ» (متفق عليه)	نص	البخاري؛ مسلم	البخاري؛ مسلم، الصحيح	صحيح البخاري، الطبعة السلطانية (بولاق ١٣١١هـ) بترقيم محمد فؤاد عبد الباقي، في مصوّرة دار طوق النجاة، ط١، بعناية محمد زهير بن ناصر الناصر ؛ صحيح مسلم، تحقيق محمد فؤاد عبد الباقي، مطبعة دار إحياء الكتب العربية، فيصل عيسى البابي الحلبي، القاهرة (لا سنة على صفحة العنوان)؛ ترقيم الصفحات متسلسل عبر الأجزاء		البخاري ٨؛ مسلم ١	البخاري ٨/٩٨؛ مسلم ١/٥٤٠–٥٤١	البخاري ٦٤٦٤ (و٦٤٦٥)؛ مسلم ٧٨٣ (رقم ٢١٨)		على المطبوع: مسلم: «أحبُّ الأعمال إلى الله تعالى أدومُها وإن قلّ». البخاري ٦٤٦٤: «وأنّ أحبَّ الأعمال أدومُها إلى الله وإن قلّ».		متحقّق — Verified	التوثيق	مطابقة الإنتاج، ٢٠٢٦/٠٩/٢٤		طوبق على مصوّرة المطبوع؛ صُحّح لفظ المتن على المطبوع؛ كان في المتن قبل التصحيح: «أَحَبُّ الْأَعْمَالِ إِلَى اللَّهِ أَدْوَمُهَا وَإِنْ قَلَّ» (متفق عليه)؛ المصوّرة: https://archive.org/details/03-54504 ; https://archive.org/details/saheeh_moslem_Abdulbaqy (file Saheeh_Moslem01; leaf = page − 1)؛ الشاهد: مصوّرات/المجلدات-٢-١١/HA5/HA5-9_bukhari6464_v8p98.jpg؛ مصوّرات/المجلدات-٢-١١/HA5/HA5-9_muslim783_p540-541.jpg
م٤-٠٢٤	م٤ ف٠١	حديث	«كَانَ يُحَدِّثُ حَدِيثًا لَوْ عَدَّهُ الْعَادُّ لَأَحْصَاهُ»	نص	البخاري؛ مسلم	البخاري؛ مسلم، الصحيح	صحيح البخاري، الطبعة السلطانية (بولاق ١٣١١هـ) بترقيم محمد فؤاد عبد الباقي، في مصوّرة دار طوق النجاة، ط١، بعناية محمد زهير بن ناصر الناصر (صفحة العنوان وظهرها والمقدمة: اعتماد ترقيم عبد الباقي) ؛ صحيح مسلم، تحقيق محمد فؤاد عبد الباقي، مطبعة دار إحياء الكتب العربية، فيصل عيسى البابي الحلبي، القاهرة (لا سنة على صفحة العنوان)؛ ترقيم الصفحات متسلسل عبر الأجزاء		البخاري ٤؛ مسلم ٤	البخاري ٤/١٩٠؛ مسلم ٤/٢٢٩٨	البخاري ٣٥٦٧؛ مسلم ٢٤٩٣		على المطبوع: كان يُحدِّثُ حديثًا لو عدَّه العادُّ لأحصاه (البخاري ٣٥٦٧)		متحقّق — Verified	التوثيق	مطابقة الإنتاج، ٢٠٢٦/٠٩/٢٤		طوبق على مصوّرة المطبوع؛ المصوّرة: https://archive.org/details/03-54504 ; https://archive.org/details/saheeh_moslem_Abdulbaqy؛ الشاهد: مصوّرات/المجلدات-٢-١١/HA3/HA3_bukhari3567_v4p190.jpg؛ مصوّرات/المجلدات-٢-١١/HA3/HA3_muslim2493_p2298.jpg
م٤-٠٢٥	م٤ ف٠١	حديث	ثَلَاثٌ مَنْ كُنَّ فِيهِ وَجَدَ حَلَاوَةَ الْإِيمَانِ…	نص	البخاري؛ مسلم	البخاري؛ مسلم، الصحيحان	صحيح البخاري، الطبعة السلطانية (بولاق ١٣١١هـ) بترقيم محمد فؤاد عبد الباقي كما في طبعة دار طوق النجاة، ط١، بعناية محمد زهير بن ناصر الناصر (صفحة العنوان والمقدمة: اعتماد ترقيم عبد الباقي) ؛ صحيح مسلم، تحقيق محمد فؤاد عبد الباقي، مطبعة دار إحياء الكتب العربية، فيصل عيسى البابي الحلبي، القاهرة (لا سنة على صفحة العنوان)؛ ٥ أجزاء متسلسلة الترقيم		البخاري ١؛ مسلم ١	البخاري ١/١٢؛ مسلم ١/٦٦	البخاري ١٦ (وانظر ٢١، ٦٩٤١)؛ مسلم ٤٣		على المطبوع: البخاري ١٦: ثلاثٌ من كنّ فيه وجد حلاوة الإيمان: أن يكون الله ورسوله أحبّ إليه مما سواهما، وأن يحبّ المرء لا يحبه إلا لله، وأن يكره أن يعود في الكفر كما يكره أن يُقذف في النار. — مسلم ٤٣: «ثَلَاثٌ مَنْ كُنَّ فِيهِ وَجَدَ بِهِنَّ حَلَاوَةَ الْإِيمَانِ …»		متحقّق — Verified	التوثيق	مطابقة الإنتاج، ٢٠٢٦/٠٩/٢٤		طوبق على مصوّرة المطبوع؛ المصوّرة: https://archive.org/details/03-54504 (title page from https://archive.org/details/SahihBukhariYouniniya) ; https://archive.org/details/saheeh_moslem_Abdulbaqy (file Saheeh_Moslem01; leaf = page − 1)؛ الشاهد: مصوّرات/المجلدات-٢-١١/HA4/HA8_bukhari16_v1p12.jpg؛ مصوّرات/المجلدات-٢-١١/HA4/HA8_muslim43_p66.jpg
م٤-٠٢٦	م٤ ف٠٢	حديث	«بِسْمِ اللَّهِ الرَّحْمَنِ الرَّحِيمِ، مِنْ مُحَمَّدٍ عَبْدِ اللَّهِ وَرَسُولِهِ إِلَى هِرَقْلَ عَظِيمِ الرُّومِ: سَلَا	نص	البخاري	البخاري، الجامع الصحيح	صحيح البخاري، الطبعة السلطانية (المطبعة الأميرية ببولاق ١٣١١–١٣١٣هـ) في مصوّرة دار طوق النجاة بعناية محمد زهير بن ناصر الناصر (من صفحة العنوان ومقدمة الناشر)، بترقيم محمد فؤاد عبد الباقي في الهامش		١	٨–٩	٧ (وانظر ٢٩٤١)		على المطبوع: البخاري: فإذا فيه: بسم الله الرحمن الرحيم، من محمد عبدِ الله ورسوله إلى هِرَقلَ عظيمِ الروم، سلامٌ على من اتّبع الهدى، أما بعدُ … | مسلم: فإذا فيه «بسم الله الرحمن الرحيم. من محمد رسول الله إلى هرقل عظيم الروم. سلامٌ على من اتّبع الهدى. أما بعدُ …»		متحقّق — Verified	التوثيق	مطابقة الإنتاج، ٢٠٢٦/٠٩/٢٤		طوبق على مصوّرة المطبوع؛ المصوّرة: https://archive.org/details/03-54504 (file 01_54495.pdf)؛ الشاهد: مصوّرات/المجلدات-٢-١١/HA1/HA9_bukhari7_v1p8-9.jpg؛ مصوّرات/المجلدات-٢-١١/HA1/HA9_muslim1773_v3p1393-1396.jpg؛ مصوّرات/المجلدات-٢-١١/HA1/muslim_title.jpg
م٤-٠٢٧	م٤ ف٠١	حديث	وفي الحديث الصحيح: «الطُّهُورُ شَطْرُ الْإِيمَانِ» (رواه مسلم).	نص	مسلم	مسلم، الصحيح	صحيح مسلم، وقف على طبعه وتحقيق نصوصه وتصحيحه وترقيمه محمد فؤاد عبد الباقي، مطبعة دار إحياء الكتب العربية (فيصل عيسى البابي الحلبي)، القاهرة، ٥ أجزاء متسلسلة الصفحات (لا سنة على صفحة العنوان)		١	٢٠٣	٢٢٣		على المطبوع: قال رسول الله ﷺ «الطُّهورُ شَطْرُ الإيمانِ. والحمدُ لله تملأُ الميزانَ ...»		متحقّق — Verified	التوثيق	مطابقة الإنتاج، ٢٠٢٦/٠٩/٢٤		طوبق على مصوّرة المطبوع؛ المصوّرة: https://archive.org/details/saheeh_moslem_Abdulbaqy؛ الشاهد: مصوّرات/المجلدات-٢-١١/HA2/HA98-HA110_muslim223_v1p203.jpg
م٤-٠٢٨	م٤ ف٠٣	حديث	جاء رجلٌ إلى رسولِ اللهِ ﷺ فقال: يا رسولَ اللهِ، مَن أحقُّ الناسِ بحُسنِ صَحابتي؟ قال: "أُمُّكَ"، قال: ثم مَن؟ قال: "أُم	نص	البخاري؛ مسلم	البخاري؛ مسلم، الصحيح	صحيح البخاري، الطبعة السلطانية (بولاق ١٣١١هـ) بترقيم محمد فؤاد عبد الباقي، في مصوّرة دار طوق النجاة، ط١، بعناية محمد زهير بن ناصر الناصر (صفحة العنوان وظهرها والمقدمة: اعتماد ترقيم عبد الباقي) ؛ صحيح مسلم، تحقيق محمد فؤاد عبد الباقي، مطبعة دار إحياء الكتب العربية، فيصل عيسى البابي الحلبي، القاهرة (لا سنة على صفحة العنوان)؛ ترقيم الصفحات متسلسل عبر الأجزاء		البخاري ٨؛ مسلم ٤	البخاري ٨/٢؛ مسلم ٤/١٩٧٤	البخاري ٥٩٧١؛ مسلم ٢٥٤٨		على المطبوع: البخاري: جاء رجلٌ إلى رسول الله صلى الله عليه وسلم فقال: يا رسولَ الله، مَن أحقُّ الناس بحُسنِ صَحابتي؟ قال: أمُّك، قال: ثم مَن؟ قال: أمُّك، قال: ثم مَن؟ قال: أمُّك، قال: ثم مَن؟ قال: ثم أبوك.		متحقّق — Verified	التوثيق	مطابقة الإنتاج، ٢٠٢٦/٠٩/٢٤		طوبق على مصوّرة المطبوع؛ صُحّح لفظ المتن على المطبوع؛ كان في المتن قبل التصحيح: «جاء رجلٌ إلى النبيِّ ﷺ فسأله: مَن أحقُّ الناسِ بحُسنِ صَحابتي؟ قال: "أُمُّكَ"، قال: ثم مَن؟ قال: "أُمُّكَ"، قال: ثم مَن؛ المصوّرة: https://archive.org/details/03-54504 ; https://archive.org/details/saheeh_moslem_Abdulbaqy؛ الشاهد: مصوّرات/المجلدات-٢-١١/HA3/HA99_bukhari5971_v8p2.jpg؛ مصوّرات/المجلدات-٢-١١/HA3/HA99_muslim2548_p1974.jpg
م٤-٠٢٩	م٤ ف٠٣	مرجع حديث	«السلام عليكم. طفلان في عمر واحد: أحدهما يسمع كل ليلة قصة قبل النوم، والآخر لا يسمع شيئًا. تخيّلوهما بعد خمس سنوات على ب	نص	Adriana G. Bus, Marinus H. van IJzendoorn, Anthony D. Pellegrini	Adriana G. Bus, Marinus H. van IJzendoorn, Anthony D. Pellegrini، Joint Book Reading Makes for Success in Learning to Read: A Meta-Analysis on Intergenerational Transmission of Literacy	Review of Educational Research 65, no. 1 (1995): 1–21 (Crossref record and abstract; DOI 10.3102/00346543065001001)						على المطبوع: Abstract (Crossref): «The results support the hypothesis that parent-preschooler reading is related to outcome measures such as language growth, emergent literacy, and reading achievement. The overall effect size of d = .59 indicates that book reading explains about 8% of the variance in the outcome		توثيقٌ ناقص — Citation incomplete	التوثيق	مطابقة الإنتاج، ٢٠٢٦/٠٩/٢٤		طوبقت البيانات على سجلٍّ رقمي (فهرسة أو ملخّص) لا على المطبوع؛ صُحّح قول المتن على المطبوع؛ كان في المتن قبل التصحيح: > «السلام عليكم. طفلان وُلدا في الأسبوع نفسه، وفي البيت نفسه تقريبًا: دخل أحدهما المدرسة وهو يعرف ثلاثة أضعاف كلمات أخيه؛ المصوّرة: https://doi.org/10.3102/00346543065001001؛ الشاهد: مصوّرات/المجلدات-٢-١١/T2/124_crossref_bus1995_abstract.txt؛ مصوّرات/المجلدات-٢-١١/T2/124_pubmed_logan2019_abstract.txt
م٤-٠٣٠	م٤ ف٠٦	مرجع حديث	لاحظ علماء النفس في دراسة الذاكرة أن الإنسان إذا سمع قائمة من الكلمات ثم استرجعها بأي ترتيب شاء، تذكّر أولها وآخرها أكثر	نص	Nash Unsworth, Gene A. Brewer, Gregory J. Spillers	Nash Unsworth, Gene A. Brewer, Gregory J. Spillers، Inter- and intra-individual variation in immediate free recall: An examination of serial position functions and recall initiation strategies	Memory 19, no. 1 (2011): 67–82, Psychology Press (publisher PDF); Murdock 1962 from Crossref only		19	67			على المطبوع: Unsworth et al. 2011, p. 67: «Typically participants recall items presented at the beginning of the list better than items presented in the middle of the list (primacy effect). Additionally, items presented at the end of the list tend to be recalled better than mid-list items (recency effect). … Lar		متحقّق — Verified	التوثيق	مطابقة الإنتاج، ٢٠٢٦/٠٩/٢٤		طوبق على مصوّرة المطبوع؛ رُئي الموضع في المرجع الحديث؛ كان في المتن: *[تحليل حديث]* لاحظ علماء النفس في دراسة الذاكرة أن الإنسان إذا سمع قائمة من الأشياء، تذكّر أولها وآخرها أكثر مما يتذكر ؛ المصوّرة: https://maidlab.uoregon.edu/PDFs/UnsworthBrewerSpillers(2011)Memory.pdf؛ الشاهد: مصوّرات/المجلدات-٢-١١/T2/139_315_unsworth2011_p67.jpg؛ مصوّرات/المجلدات-٢-١١/T2/crossref_records.txt
م٤-٠٣١	م٤ ف٠٩	مرجع حديث	لاحظ والتر أونغ في دراسته للثقافات الشفاهية أن الكلام الذي لا يُكتب يُصاغ ليُحفظ: في قوالب شديدة الإيقاع متوازنة، وفي ال	نص	Walter J. Ong	Walter J. Ong، Orality and Literacy: The Technologizing of the Word	London and New York: Routledge, 2002 (first published Methuen, 1982); e-book: Taylor & Francis e-Library, 2005 (publisher PDF)			34			على المطبوع: «In a primary oral culture, to solve effectively the problem of retaining and retrieving carefully articulated thought, you have to do your thinking in mnemonic patterns, shaped for ready oral recurrence. Your thought must come into being in heavily rhythmic, balanced patterns, in repetitions or ant		توثيقٌ ناقص — Citation incomplete	التوثيق	مطابقة الإنتاج، ٢٠٢٦/٠٩/٢٤		رُئي الموضع في نسخة الناشر الإلكترونية (Taylor & Francis e-Library, 2005) بترقيمها، لا في المطبوع؛ والمتن يحكيه بتصرّف؛ كان في المتن: > يلاحظ دارسو الأداء الشفهي أن التوازي الصوتي المنضبط، كالسجع الخفيف والتكرار المحسوب، يُعين ذاكرة السامع على استرجاع ال؛ المصوّرة: https://archive.org/details/OngWalterOralityAndLiteracy؛ الشاهد: مصوّرات/المجلدات-٢-١١/T2/148_ong_p34.jpg؛ مصوّرات/المجلدات-٢-١١/T2/ong2002_title.jpg
م٥-٠٠١	م٥ ف٠١، ف٠٧	أثر موقوف	حَدِّثُوا النَّاسَ بِمَا يَعْرِفُونَ، أَتُحِبُّونَ أَنْ يُكَذَّبَ اللَّهُ وَرَسُولُهُ؟	نص	البخاري	البخاري، الجامع الصحيح	صحيح البخاري، الطبعة السلطانية (بولاق ١٣١١هـ) بترقيم محمد فؤاد عبد الباقي كما في طبعة دار طوق النجاة، ط١، بعناية محمد زهير بن ناصر الناصر (صفحة العنوان والمقدمة: اعتماد ترقيم عبد الباقي)		١	٣٧	١٢٧		على المطبوع: وقال عليّ: حدِّثوا الناسَ بما يعرفون، أتحبّون أن يُكذَّبَ اللهُ ورسولُه		متحقّق — Verified	التوثيق	مطابقة الإنتاج، ٢٠٢٦/٠٩/٢٤		طوبق على مصوّرة المطبوع؛ المصوّرة: https://archive.org/details/03-54504 (title page from https://archive.org/details/SahihBukhariYouniniya)؛ الشاهد: مصوّرات/المجلدات-٢-١١/HA4/HA16_bukhari127_v1p37.jpg
م٥-٠٠٢	م٥ ف٠١	أثر موقوف	«مَا أَنْتَ بِمُحَدِّثٍ قَوْمًا حَدِيثًا لَا تَبْلُغُهُ عُقُولُهُمْ، إِلَّا كَانَ لِبَعْضِهِمْ فِتْنَةً» (رواه مسلم في ا	نص	مسلم	مسلم، الصحيح، المقدمة	صحيح مسلم، تحقيق محمد فؤاد عبد الباقي، دار إحياء الكتب العربية (عيسى البابي الحلبي وشركاه)؛ النسخة المصوّرة: دار الحديث، القاهرة، ط١، ١٤١٢هـ/١٩٩١م، توزيع دار الكتب العلمية (بترقيم الطبعة الأصلية نفسه)		١	١١	— (المقدمة غير مرقمة)		على المطبوع: عن عبد الله بن مسعود قال: ما أنت بمحدّثٍ قومًا حديثًا لا تبلغه عقولهم، إلا كان لبعضهم فتنة.		متحقّق — Verified	التوثيق	مطابقة الإنتاج، ٢٠٢٦/٠٩/٢٤		طوبق على مصوّرة المطبوع؛ المصوّرة: https://archive.org/details/saheeh_moslem_Abdulbaqy
م٥-٠٠٣	م٥ ف٠١	حديث	يَسِّرُوا وَلَا تُعَسِّرُوا، وَبَشِّرُوا وَلَا تُنَفِّرُوا	نص	البخاري؛ مسلم	البخاري؛ مسلم، الصحيح	صحيح البخاري، الطبعة السلطانية (المطبعة الكبرى الأميرية ببولاق، ١٣١١هـ) بترقيم محمد فؤاد عبد الباقي في الحاشية (تحفة)، مصوَّرة دار طوق النجاة، بيروت، ط١، بعناية محمد زهير بن ناصر الناصر ؛ صحيح مسلم، وقف على طبعه وتحقيق نصوصه وتصحيحه وترقيمه محمد فؤاد عبد الباقي، مطبعة دار إحياء الكتب العربية (فيصل عيسى البابي الحلبي)، القاهرة، ٥ أجزاء متسلسلة الصفحات (لا سنة على صفحة العنوان)		البخاري ١؛ مسلم ٣	البخاري ١/٢٥؛ مسلم ٣/١٣٥٨–١٣٥٩	البخاري ٦٩؛ مسلم ١٧٣٤ (و١٧٣٢)		على المطبوع: البخاري ٦٩: عن أنس عن النبي صلى الله عليه وسلم قال: «يسِّروا ولا تعسِّروا وبشِّروا ولا تنفِّروا». مسلم ١٧٣٤: «يسِّروا ولا تعسِّروا. وسكِّنوا ولا تنفِّروا». مسلم ١٧٣٢: «بشِّروا ولا تنفِّروا. ويسِّروا ولا تعسِّروا».		متحقّق — Verified	التوثيق	مطابقة الإنتاج، ٢٠٢٦/٠٩/٢٤		طوبق على مصوّرة المطبوع؛ المصوّرة: https://archive.org/details/03-54504 ; https://archive.org/details/saheeh_moslem_Abdulbaqy؛ الشاهد: مصوّرات/المجلدات-٢-١١/HA2/HA14-HA18_bukhari68-69_v1p25.jpg؛ مصوّرات/المجلدات-٢-١١/HA2/HA18_muslim1732-1734_v3p1358-1359.jpg؛ مصوّرات/المجلدات-٢-١١/HA2/bukhari_title.jpg
م٥-٠٠٤	م٥ ف٠٢	حديث	«كَفَى بِالْمَرْءِ كَذِبًا أَنْ يُحَدِّثَ بِكُلِّ مَا سَمِعَ»	نص	مسلم	مسلم، الصحيح (المقدمة)	صحيح مسلم، تحقيق محمد فؤاد عبد الباقي، مطبعة دار إحياء الكتب العربية، فيصل عيسى البابي الحلبي، القاهرة (لا سنة على صفحة العنوان)؛ ترقيم الصفحات متسلسل عبر الأجزاء		١	١٠	المقدمة، رقم (٥) كما في المطبوع		على المطبوع: قال رسول الله ﷺ «كفى بالمرءِ كذبًا أن يُحدِّثَ بكلِّ ما سمع».		متحقّق — Verified	التوثيق	مطابقة الإنتاج، ٢٠٢٦/٠٩/٢٤		طوبق على مصوّرة المطبوع؛ المصوّرة: https://archive.org/details/saheeh_moslem_Abdulbaqy؛ الشاهد: مصوّرات/المجلدات-٢-١١/HA3/HA19_muslim_muqaddima5_p10.jpg
م٥-٠٠٥	م٥ ف٠٢	حديث	مِنْ مُحَمَّدٍ عَبْدِ اللَّهِ وَرَسُولِهِ إِلَى هِرَقْلَ عَظِيمِ الرُّومِ	نص	البخاري؛ مسلم	البخاري؛ مسلم، الصحيحان	صحيح البخاري، الطبعة السلطانية (بولاق ١٣١١هـ) بترقيم محمد فؤاد عبد الباقي كما في طبعة دار طوق النجاة، ط١، بعناية محمد زهير بن ناصر الناصر (صفحة العنوان والمقدمة: اعتماد ترقيم عبد الباقي) ؛ صحيح مسلم، تحقيق محمد فؤاد عبد الباقي، مطبعة دار إحياء الكتب العربية، فيصل عيسى البابي الحلبي، القاهرة (لا سنة على صفحة العنوان)؛ ٥ أجزاء متسلسلة الترقيم		البخاري ١؛ مسلم ٣	البخاري ١/٨–٩؛ مسلم ٣/١٣٩٣، ١٣٩٦، ١٣٩٧	البخاري ٧ (وانظر ٦٢٦٠)؛ مسلم ١٧٧٣		على المطبوع: البخاري: بسم الله الرحمن الرحيم، من محمدٍ عبدِ الله ورسولِه إلى هرقلَ عظيمِ الروم، سلامٌ على من اتبع الهدى … — مسلم: «بِسْمِ اللَّهِ الرَّحْمَنِ الرَّحِيمِ. مِنْ مُحَمَّدٍ رَسُولِ اللَّهِ إِلَى هِرَقْلَ عَظِيمِ الرُّومِ …»، وفي رواية صالح: وَقَالَ فِي الْحَدِيثِ: «مِنْ مُحَمَّدٍ عَبْدِ اللَّهِ وَرَس		متحقّق — Verified	التوثيق	مطابقة الإنتاج، ٢٠٢٦/٠٩/٢٤		طوبق على مصوّرة المطبوع؛ المصوّرة: https://archive.org/details/03-54504 (title page from https://archive.org/details/SahihBukhariYouniniya) ; https://archive.org/details/saheeh_moslem_Abdulbaqy (file Saheeh_Moslem01; leaf = page − 1)؛ الشاهد: مصوّرات/المجلدات-٢-١١/HA4/HA20_bukhari7_v1p8-9.jpg؛ مصوّرات/المجلدات-٢-١١/HA4/HA20_muslim1773_p1393-1397.jpg
م٥-٠٠٦	م٥ ف٠٤	حديث	«إِنَّ الرِّفْقَ لَا يَكُونُ فِي شَيْءٍ إِلَّا زَانَهُ، وَلَا يُنْزَعُ مِنْ شَيْءٍ إِلَّا شَانَهُ» (رواه مسلم).	نص	مسلم	مسلم، الصحيح	صحيح مسلم، تحقيق محمد فؤاد عبد الباقي، دار إحياء الكتب العربية (عيسى البابي الحلبي وشركاه)؛ النسخة المصوّرة: دار الحديث، القاهرة، ط١، ١٤١٢هـ/١٩٩١م، توزيع دار الكتب العلمية (بترقيم الطبعة الأصلية نفسه)		٤	٢٠٠٤ (ترجمة الباب ص٢٠٠٣)	٢٥٩٤ (رقم ٧٨ في الكتاب)		على المطبوع: عن عائشة زوج النبي ﷺ، عن النبي ﷺ قال: «إنّ الرفق لا يكون في شيءٍ إلا زانه، ولا يُنزع من شيءٍ إلا شانه».		متحقّق — Verified	التوثيق	مطابقة الإنتاج، ٢٠٢٦/٠٩/٢٤		طوبق على مصوّرة المطبوع؛ المصوّرة: https://archive.org/details/saheeh_moslem_Abdulbaqy؛ الشاهد: مصوّرات/المجلدات-٢-١١/HA1/HA21_muslim2594_v4p2003-2004.jpg
م٥-٠٠٧	م٥ ف٠٦	حديث	فَبِأَبِي هُوَ وَأُمِّي، مَا رَأَيْتُ مُعَلِّمًا قَبْلَهُ وَلَا بَعْدَهُ أَحْسَنَ تَعْلِيمًا مِنْهُ، فَوَاللَّهِ مَا كَه	نص	مسلم	مسلم، الصحيح	صحيح مسلم، وقف على طبعه وتحقيق نصوصه وتصحيحه وترقيمه محمد فؤاد عبد الباقي، مطبعة دار إحياء الكتب العربية (فيصل عيسى البابي الحلبي)، القاهرة، ٥ أجزاء متسلسلة الصفحات (لا سنة على صفحة العنوان)		١	٣٨١–٣٨٢	٥٣٧		على المطبوع: فبأبي هو وأمّي! ما رأيتُ معلِّمًا قبلَه ولا بعدَه أحسنَ تعليمًا منه. فواللهِ! ما كَهَرَني ولا ضرَبني ولا شتَمني. قال: «إنَّ هذه الصلاةَ لا يصلُحُ فيها شيءٌ من كلامِ الناسِ. إنما هو التسبيحُ والتكبيرُ وقراءةُ القرآنِ»		متحقّق — Verified	التوثيق	مطابقة الإنتاج، ٢٠٢٦/٠٩/٢٤		طوبق على مصوّرة المطبوع؛ المصوّرة: https://archive.org/details/saheeh_moslem_Abdulbaqy؛ الشاهد: مصوّرات/المجلدات-٢-١١/HA2/HA22_muslim537_v1p381-382.jpg؛ مصوّرات/المجلدات-٢-١١/HA2/muslim_title.jpg
م٥-٠٠٨	م٥ ف٠٦	حديث	يَسِّرَا وَلَا تُعَسِّرَا، وَبَشِّرَا وَلَا تُنَفِّرَا، وَتَطَاوَعَا وَلَا تَخْتَلِفَا	نص	البخاري؛ مسلم	البخاري؛ مسلم، الصحيح	صحيح البخاري، الطبعة السلطانية (بولاق ١٣١١هـ) بترقيم محمد فؤاد عبد الباقي، في مصوّرة دار طوق النجاة، ط١، بعناية محمد زهير بن ناصر الناصر (صفحة العنوان وظهرها والمقدمة: اعتماد ترقيم عبد الباقي) ؛ صحيح مسلم، تحقيق محمد فؤاد عبد الباقي، مطبعة دار إحياء الكتب العربية، فيصل عيسى البابي الحلبي، القاهرة (لا سنة على صفحة العنوان)؛ ترقيم الصفحات متسلسل عبر الأجزاء		البخاري ٤؛ مسلم ٣	البخاري ٤/٦٥؛ مسلم ٣/١٣٥٩	البخاري ٣٠٣٨؛ مسلم ١٧٣٣		على المطبوع: أنّ النبيّ صلى الله عليه وسلم بعث معاذًا وأبا موسى إلى اليمن قال: يسّرا ولا تعسّرا، وبشّرا ولا تنفّرا، وتطاوعا ولا تختلفا.		متحقّق — Verified	التوثيق	مطابقة الإنتاج، ٢٠٢٦/٠٩/٢٤		طوبق على مصوّرة المطبوع؛ المصوّرة: https://archive.org/details/03-54504 ; https://archive.org/details/saheeh_moslem_Abdulbaqy؛ الشاهد: مصوّرات/المجلدات-٢-١١/HA3/HA23_bukhari3038_v4p65.jpg؛ مصوّرات/المجلدات-٢-١١/HA3/HA23_muslim1733_p1359.jpg
م٥-٠٠٩	م٥ ف٠٦	حديث	خَدَمْتُ النَّبِيَّ ﷺ عَشْرَ سِنِينَ، فَمَا قَالَ لِي: أُفٍّ، وَلَا: لِمَ صَنَعْتَ؟ وَلَا: أَلَّا صَنَعْتَ	نص	البخاري	البخاري، الجامع الصحيح	صحيح البخاري، الطبعة السلطانية (بولاق ١٣١١هـ) بترقيم محمد فؤاد عبد الباقي كما في طبعة دار طوق النجاة، ط١، بعناية محمد زهير بن ناصر الناصر (صفحة العنوان والمقدمة: اعتماد ترقيم عبد الباقي)		٨	١٤	٦٠٣٨		على المطبوع: حدثنا موسى بن إسماعيل سمع سلّام بن مسكين قال سمعت ثابتًا يقول حدثنا أنس رضي الله عنه قال: خدمتُ النبيّ صلى الله عليه وسلم عشرَ سنين، فما قال لي: أُفٍّ، ولا: لِمَ صنعتَ، ولا: ألّا صنعتَ.		متحقّق — Verified	التوثيق	مطابقة الإنتاج، ٢٠٢٦/٠٩/٢٤		طوبق على مصوّرة المطبوع؛ المصوّرة: https://archive.org/details/03-54504 (title page from https://archive.org/details/SahihBukhariYouniniya)؛ الشاهد: مصوّرات/المجلدات-٢-١١/HA4/HA24_bukhari6038_v8p14.jpg
م٥-٠١٠	م٥ ف٠٦	حديث	«إِنَّ فِيكَ خَصْلَتَيْنِ يُحِبُّهُمَا اللَّهُ: الْحِلْمُ وَالْأَنَاةُ» (رواه مسلم).	نص	مسلم	مسلم، الصحيح	صحيح مسلم، تحقيق محمد فؤاد عبد الباقي، دار إحياء الكتب العربية (عيسى البابي الحلبي وشركاه)؛ النسخة المصوّرة: دار الحديث، القاهرة، ط١، ١٤١٢هـ/١٩٩١م، توزيع دار الكتب العلمية (بترقيم الطبعة الأصلية نفسه)		١	٤٨ (ترجمة الباب ص٤٦)	١٧ (رقم ٢٥ في الكتاب)		على المطبوع: وزاد ابن معاذ في حديثه عن أبيه قال: وقال رسول الله ﷺ للأشجّ، أشجّ عبد القيس: «إنّ فيك خصلتين يحبّهما الله: الحِلْمُ والأناة».		متحقّق — Verified	التوثيق	مطابقة الإنتاج، ٢٠٢٦/٠٩/٢٤		طوبق على مصوّرة المطبوع؛ المصوّرة: https://archive.org/details/saheeh_moslem_Abdulbaqy؛ الشاهد: مصوّرات/المجلدات-٢-١١/HA1/HA25_muslim17_v1p46-48.jpg
م٥-٠١١	م٥ ف٠٦	حديث	نِعْمَ الرَّجُلُ عَبْدُ اللَّهِ، لَوْ كَانَ يُصَلِّي مِنَ اللَّيْلِ	نص	البخاري؛ مسلم	البخاري؛ مسلم، الصحيح	صحيح البخاري، الطبعة السلطانية (المطبعة الكبرى الأميرية ببولاق، ١٣١١هـ) بترقيم محمد فؤاد عبد الباقي في الحاشية (تحفة)، مصوَّرة دار طوق النجاة، بيروت، ط١، بعناية محمد زهير بن ناصر الناصر ؛ صحيح مسلم، وقف على طبعه وتحقيق نصوصه وتصحيحه وترقيمه محمد فؤاد عبد الباقي، مطبعة دار إحياء الكتب العربية (فيصل عيسى البابي الحلبي)، القاهرة، ٥ أجزاء متسلسلة الصفحات (لا سنة على صفحة العنوان)		البخاري ٢؛ مسلم ٤	البخاري ٢/٤٩؛ مسلم ٤/١٩٢٧–١٩٢٨	البخاري ١١٢٢ (و١١٥٧، ٣٧٣٩)؛ مسلم ٢٤٧٩		على المطبوع: البخاري ١١٢٢: فقال: «نِعْمَ الرجلُ عبدُ الله لو كان يُصلّي من الليل» فكان بعدُ لا ينام من الليل إلا قليلًا. مسلم ٢٤٧٩: فقال النبي ﷺ: «نِعْمَ الرجلُ عبدُ الله! لو كان يصلّي من الليل». قال سالم: فكان عبدُ الله، بعدَ ذلك، لا ينام من الليل إلا قليلًا.		متحقّق — Verified	التوثيق	مطابقة الإنتاج، ٢٠٢٦/٠٩/٢٤		طوبق على مصوّرة المطبوع؛ المصوّرة: https://archive.org/details/03-54504 ; https://archive.org/details/saheeh_moslem_Abdulbaqy؛ الشاهد: مصوّرات/المجلدات-٢-١١/HA2/HA26_bukhari1122_v2p49.jpg؛ مصوّرات/المجلدات-٢-١١/HA2/HA26_muslim2479_v4p1927-1928.jpg
م٥-٠١٢	م٥ ف٠٦	حديث	يَا غُلَامُ، سَمِّ اللَّهَ، وَكُلْ بِيَمِينِكَ، وَكُلْ مِمَّا يَلِيكَ	نص	البخاري؛ مسلم	البخاري؛ مسلم، الصحيح	صحيح البخاري، الطبعة السلطانية (بولاق ١٣١١هـ) بترقيم محمد فؤاد عبد الباقي، في مصوّرة دار طوق النجاة، ط١، بعناية محمد زهير بن ناصر الناصر (صفحة العنوان وظهرها والمقدمة: اعتماد ترقيم عبد الباقي) ؛ صحيح مسلم، تحقيق محمد فؤاد عبد الباقي، مطبعة دار إحياء الكتب العربية، فيصل عيسى البابي الحلبي، القاهرة (لا سنة على صفحة العنوان)؛ ترقيم الصفحات متسلسل عبر الأجزاء		البخاري ٧؛ مسلم ٣	البخاري ٧/٦٨؛ مسلم ٣/١٥٩٩	البخاري ٥٣٧٦؛ مسلم ٢٠٢٢		على المطبوع: كنتُ غلامًا في حَجْرِ رسول الله صلى الله عليه وسلم، وكانت يدي تطيشُ في الصَّحْفة، فقال لي رسولُ الله صلى الله عليه وسلم: يا غلامُ، سمِّ الله، وكُلْ بيمينك، وكُلْ ممّا يليك. فما زالت تلك طِعْمتي بعدُ.		متحقّق — Verified	التوثيق	مطابقة الإنتاج، ٢٠٢٦/٠٩/٢٤		طوبق على مصوّرة المطبوع؛ المصوّرة: https://archive.org/details/03-54504 ; https://archive.org/details/saheeh_moslem_Abdulbaqy؛ الشاهد: مصوّرات/المجلدات-٢-١١/HA3/HA27_bukhari5376_v7p68.jpg؛ مصوّرات/المجلدات-٢-١١/HA3/HA27_muslim2022_p1599.jpg
م٥-٠١٣	م٥ ف٠٦	حديث	يَا أَبَا عُمَيْرٍ، مَا فَعَلَ النُّغَيْرُ؟	نص	البخاري؛ مسلم	البخاري؛ مسلم، الصحيحان	صحيح البخاري، الطبعة السلطانية (بولاق ١٣١١هـ) بترقيم محمد فؤاد عبد الباقي كما في طبعة دار طوق النجاة، ط١، بعناية محمد زهير بن ناصر الناصر (صفحة العنوان والمقدمة: اعتماد ترقيم عبد الباقي) ؛ صحيح مسلم، تحقيق محمد فؤاد عبد الباقي، مطبعة دار إحياء الكتب العربية، فيصل عيسى البابي الحلبي، القاهرة (لا سنة على صفحة العنوان)؛ ٥ أجزاء متسلسلة الترقيم		البخاري ٨؛ مسلم ٣	البخاري ٨/٤٥؛ مسلم ٣/١٦٩٢–١٦٩٣	البخاري ٦٢٠٣ (وانظر ٦١٢٩)؛ مسلم ٢١٥٠		على المطبوع: البخاري: كان النبي صلى الله عليه وسلم أحسن الناس خُلُقًا، وكان لي أخٌ يقال له أبو عمير … وكان إذا جاء قال: يا أبا عمير، ما فعل النغير، نُغَرٌ كان يلعب به. — مسلم: «أَبَا عُمَيْرٍ! مَا فَعَلَ النُّغَيْرُ؟» قَالَ: فَكَانَ يَلْعَبُ بِهِ.		متحقّق — Verified	التوثيق	مطابقة الإنتاج، ٢٠٢٦/٠٩/٢٤		طوبق على مصوّرة المطبوع؛ المصوّرة: https://archive.org/details/03-54504 (title page from https://archive.org/details/SahihBukhariYouniniya) ; https://archive.org/details/saheeh_moslem_Abdulbaqy (file Saheeh_Moslem01; leaf = page − 1)؛ الشاهد: مصوّرات/المجلدات-٢-١١/HA4/HA28_bukhari6203_v8p45.jpg؛ مصوّرات/المجلدات-٢-١١/HA4/HA28_muslim2150_p1692-1693.jpg
م٥-٠١٤	م٥ ف٠٨	حديث	«لَيْسَ الشَّدِيدُ بِالصُّرَعَةِ، إِنَّمَا الشَّدِيدُ الَّذِي يَمْلِكُ نَفْسَهُ عِنْدَ الْغَضَبِ» (متفق عليه).	نص	البخاري؛ مسلم	البخاري؛ مسلم، الجامع الصحيح؛ الصحيح	صحيح البخاري، الطبعة السلطانية (المطبعة الأميرية ببولاق ١٣١١–١٣١٣هـ) في مصوّرة دار طوق النجاة بعناية محمد زهير بن ناصر الناصر (من صفحة العنوان ومقدمة الناشر)، بترقيم محمد فؤاد عبد الباقي في الهامش؛ صحيح مسلم، تحقيق محمد فؤاد عبد الباقي، دار إحياء الكتب العربية (عيسى البابي الحلبي وشركاه)؛ النسخة المصوّرة: دار الحديث، القاهرة، ط١، ١٤١٢هـ/١٩٩١م، توزيع دار الكتب العلمية (بترقيم الطبعة الأصلية نفسه)		٨؛ ٤	٢٨؛ ٢٠١٤	خ ٦١١٤؛ م ٢٦٠٩		على المطبوع: «ليس الشديدُ بالصُّرَعة، إنما الشديدُ الذي يملك نفسه عند الغضب».		متحقّق — Verified	التوثيق	مطابقة الإنتاج، ٢٠٢٦/٠٩/٢٤		طوبق على مصوّرة المطبوع؛ المصوّرة: https://archive.org/details/03-54504 (file 08_54507.pdf)؛ الشاهد: مصوّرات/المجلدات-٢-١١/HA1/HA29_bukhari6114_v8p28.jpg؛ مصوّرات/المجلدات-٢-١١/HA1/HA29_muslim2609_v4p2014.jpg
م٥-٠١٥	م٥ ف٠٤	حديث	فالرفق لا يكون في شيء إلا زانه، ولا يُنزع من شيء إلا شانه (رواه مسلم).	نص	مسلم	مسلم، الصحيح	صحيح مسلم، تحقيق محمد فؤاد عبد الباقي، مطبعة دار إحياء الكتب العربية، فيصل عيسى البابي الحلبي، القاهرة (لا سنة على صفحة العنوان)؛ ترقيم الصفحات متسلسل عبر الأجزاء		٤	٢٠٠٣–٢٠٠٤	٢٥٩٤		على المطبوع: «إنّ الرفق لا يكون في شيءٍ إلا زانه، ولا يُنزع من شيءٍ إلا شانه».		متحقّق — Verified	التوثيق	مطابقة الإنتاج، ٢٠٢٦/٠٩/٢٤		طوبق على مصوّرة المطبوع؛ المصوّرة: https://archive.org/details/saheeh_moslem_Abdulbaqy (file Saheeh_Moslem01; leaf = page − 1)
م٥-٠١٦	م٥ ف٠٨	مرجع حديث	ومن أدوات الإصغاء التي وصفها كارل روجرز وريتشارد فارسون أن يعيد المستمع بكلماته هو ما فهمه من كلام محدّثه، فيعرف من جواب	نص	Carl R. Rogers and Richard E. Farson	Carl R. Rogers and Richard E. Farson، Active Listening	Chicago: Industrial Relations Center, University of Chicago, 1957 (as stated in the reprint heading); read only in an excerpt circulated by Gordon Training International (2007), without page numbers						على المطبوع: «…it is important to test constantly your ability to see the world in the way the speaker sees it. You can do this by reflecting in your own words what the speaker seems to mean by his words and actions. His response to this will tell you whether or not he feels understood. A good rule of thumb is t		توثيقٌ ناقص — Citation incomplete	التوثيق	مطابقة الإنتاج، ٢٠٢٦/٠٩/٢٤		بيانات الفهرسة وحدها، والمضمون من الملخّص؛ بلا صفحة محدّدة؛ كان في المتن: > **من علم التواصل:** يُعرف في أدبيات التواصل الحديث ما يُسمى «الإصغاء الانعكاسي»، وهو أن يُعيد المستمع صياغة كلام الغاض؛ المصوّرة: http://www.ask-force.org/web/Discourse/Rogers-Farson-ActiveListening-1957.pdf؛ الشاهد: مصوّرات/المجلدات-٢-١١/T2/172_187_266_rogers_farson_reprint_text.txt
م٦-٠٠١	م٦ ف٠١	نقل عالم	«تعلَّمْ حُسنَ الاستماعِ كما تتعلَّمُ حُسنَ الكلام. ومن حسنِ الاستماعِ: إمهالُ المتكلمِ حتى ينقضيَ حديثُه، وقلةُ التلفُّ	نص	ابن المقفع	ابن المقفع، الأدب الكبير	تحقيق أحمد زكي باشا، الطبعة الأولى، ١٣٣٠هـ/١٩١٢م، طبع على ذمة جمعية العروة الوثقى الخيرية الإسلامية بمطبعة مدرسة محمد علي الصناعية			١٢١			على المطبوع: تعلَّمْ حُسْنَ الاستماع كما تتعلَّمُ حسنَ الكلام. ومن حسنِ الاستماع إمهالُ المتكلِّمِ حتى ينقضيَ حديثُه، وقلّةُ التلفُّتِ إلى الجواب، والإقبالُ بالوجهِ والنظرِ إلى المتكلم، والوعيُ لما يقول.		متحقّق — Verified	التوثيق	مطابقة الإنتاج، ٢٠٢٦/٠٩/٢٤		طوبق على مصوّرة المطبوع؛ صُحّح لفظ المتن على المطبوع؛ المصوّرة: https://archive.org/details/al-adab-alkaber-1912؛ الشاهد: مصوّرات/المجلدات-٢-١١/B2/185_adabkabir_p121.jpg؛ مصوّرات/المجلدات-٢-١١/B2/adabkabir_title.jpg
م٦-٠٠٢	م٦ ف٠٧	نقل عالم	ومعنى كلام ابن المقفع في «الأدب الكبير» أن حسن الاستماع يُتعلَّم كما يُتعلَّم حسن الكلام، وأن منه أن تُمهل المتكلم حتى ي	نص	ابن المقفع	ابن المقفع، الأدب الكبير	تحقيق أحمد زكي باشا، الطبعة الأولى، ١٣٣٠هـ/١٩١٢م، طبع على ذمة جمعية العروة الوثقى الخيرية الإسلامية بمطبعة مدرسة محمد علي الصناعية			١٢١			على المطبوع: تعلَّمْ حُسْنَ الاستماع كما تتعلَّمُ حسنَ الكلام. ومن حسنِ الاستماع إمهالُ المتكلِّمِ حتى ينقضيَ حديثُه، وقلّةُ التلفُّتِ إلى الجواب، والإقبالُ بالوجهِ والنظرِ إلى المتكلم، والوعيُ لما يقول.		متحقّق — Verified	التوثيق	مطابقة الإنتاج، ٢٠٢٦/٠٩/٢٤		طوبق على مصوّرة المطبوع؛ طوبق المعنى، والمتن يحكيه بتصرّف؛ المصوّرة: https://archive.org/details/al-adab-alkaber-1912؛ الشاهد: مصوّرات/المجلدات-٢-١١/B2/237_adabkabir_p121.jpg؛ مصوّرات/المجلدات-٢-١١/B2/adabkabir_title.jpg
م٦-٠٠٣	م٦ ف٠١	نقل عالم	ذكر النووي في «الأذكار» أن ابتداء السلام سنة، وأن ردّه واجب، وأنه إذا سُلّم على جماعة كان الردّ فرضَ كفاية، «فإن ردّ واح	نص	النووي	النووي، الأذكار (حلية الأبرار وشعار الأخيار)	تحقيق محيي الدين مستو، دار ابن كثير (دمشق–بيروت) ومكتبة دار التراث (المدينة المنورة)، الطبعة الثانية، ١٤١٠هـ/١٩٩٠م			٣٩٤–٣٩٥			على المطبوع: اعلم أن ابتداء السَّلامِ سنّةٌ مستحبّة ليس بواجب، وهو سنّةٌ على الكفاية، فإن كان المسلِّم جماعة كفى عنهم تسليمُ واحد منهم، ولو سلَّموا كلُّهم كان أفضل... وأما ردّ السلام، فإن كان المسلَّم عليه واحداً تعيَّنَ عليه الردّ، وإن كانوا جماعةً كان ردّ السلام فرضُ كفايةٍ عليهم، فإن ردّ واحد منهم سقطَ الحرج 		متحقّق — Verified	التوثيق	مطابقة الإنتاج، ٢٠٢٦/٠٩/٢٤		طوبق على مصوّرة المطبوع؛ طوبق المعنى، والمتن يحكيه بتصرّف؛ كان في المتن: ذكر النووي في «الأذكار» ما حاصله أن ابتداء السلام سنة، وأن ردّه واجب، وأنه إذا سُلّم على جماعة فردّ واحد منهم أجزأ عن ال؛ المصوّرة: https://archive.org/details/alfirdwsiy2018_gmail_0166_20180918؛ الشاهد: مصوّرات/المجلدات-٢-١١/D1/175_adhkar_salam.jpg؛ مصوّرات/المجلدات-٢-١١/D1/adhkar_title.jpg
م٦-٠٠٤	م٦ ف٠٣	نقل عالم	جاء حديثا أبي بكرة والمقداد في صحيح مسلم تحت باب عنوانه في الشروح المتداولة: «باب النهي عن المدح إذا كان فيه إفراط، وخيف	نص	النووي	النووي، المنهاج شرح صحيح مسلم بن الحجاج (صحيح مسلم بشرح النووي)	المطبعة المصرية بالأزهر (إدارة محمد محمد عبد اللطيف)، الطبعة الأولى، ١٣٤٩هـ/١٩٣٠م، الجزء الثامن عشر (بترقيم طبعة دار إحياء التراث العربي نفسه)		١٨	١٢٦			على المطبوع: باب النهى عن المدح اذا كان فيه افراط وخيف منه فتنة على الممدوح. ذكر مسلم فى هذا الباب الأحاديث الواردة فى النهى عن المدح وقد جاءت أحاديث كثيرة فى الصحيحين بالمدح فى الوجه قال العلماء وطريق الجمع بينها أن النهى محمول على المجازفة فى المدح والزيادة فى الأوصاف أو على من يخاف عليه فتنة من اعجاب ونحوه اذ		متحقّق — Verified	التوثيق	مطابقة الإنتاج، ٢٠٢٦/٠٩/٢٤		طوبق على مصوّرة المطبوع؛ طوبق المعنى، والمتن يحكيه بتصرّف؛ كان في المتن: جاءت هذه الأحاديث في صحيح مسلم تحت باب عنوانه ... وحاصل ما قرره الشرّاح أن المنهي عنه هو المدح المفرط، أو الكاذب، أو الذ؛ المصوّرة: https://archive.org/details/01_20220913_20220913؛ الشاهد: مصوّرات/المجلدات-٢-١١/D1/201_nawawi_madh.jpg؛ مصوّرات/المجلدات-٢-١١/D1/nawawi18_title.jpg
م٦-٠٠٥	م٦ ف٠٣	نقل عالم	ذكر الغزالي في «إحياء علوم الدين»، في كتاب آفات اللسان، أن المدح «يدخله ست آفات: أربع في المادح، واثنتان في الممدوح»: فا	نص	الغزالي	الغزالي، إحياء علوم الدين (وبذيله المغني عن حمل الأسفار للعراقي)	دار المعرفة، بيروت – لبنان، ١٤٠٢هـ/١٩٨٢م (بلا محقق ولا رقم طبعة)، الجزء الثالث		٣	١٥٩–١٦٠			على المطبوع: الآفة الثامنة عشرة: المدح. وهو منهي عنه في بعض المواضع... والمدح يدخله ست آفات: أربع في المادح، واثنتان في الممدوح. فأما المادح، فالأولى: أنه قد يفرط فينتهي به إلى الكذب... والثانية: أنه قد يدخله الرياء فإنه بالمدح مظهر للحب، وقد لا يكون مضمرا له ولا معتقدا لجميع ما يقوله فيصير به مرائيا منافقا. الث		متحقّق — Verified	التوثيق	مطابقة الإنتاج، ٢٠٢٦/٠٩/٢٤		طوبق على مصوّرة المطبوع؛ طوبق المعنى، والمتن يحكيه بتصرّف؛ كان في المتن: أن في المدح آفات: بعضها في المادح، كأن يُفرط فيكذب، أو يُظهر من الحب ما لا يضمره، أو يقول ما لا يتحققه؛ وبعضها في الممدو؛ المصوّرة: https://archive.org/details/ihya-ghazali؛ الشاهد: مصوّرات/المجلدات-٢-١١/D1/203_ihya_madh.jpg؛ مصوّرات/المجلدات-٢-١١/D1/ihya3_title.jpg
م٦-٠٠٦	م٦ ف٠٣	نقل عالم	وفرّق العلماء بين المداراة والمداهنة: فالمداراة لين الكلمة والرفق بالناس، مع إنكار الباطل بلطف، وهي مندوب إليها؛ والمداه	نص	ابن حجر	ابن حجر، فتح الباري بشرح صحيح البخاري	المكتبة السلفية، بترقيم محمد فؤاد عبد الباقي، الجزء العاشر		١٠	٥٢٧–٥٢٩؛ و٤٥٤			على المطبوع: قال ابن بطال: المداراة من أخلاق المؤمنين، وهي خفض الجناح للناس ولين الكلمة وترك الإغلاظ لهم في القول، وذلك من أقوى أسباب الألفة. وظن بعضهم أن المداراة هي المداهنة فغلط، لأن المداراة مندوب إليها والمداهنة محرمة، والفرق أن المداهنة من الدهان وهو الذي يظهر على الشيء ويستر باطنه، وفسرها العلماء بأنها مع		متحقّق — Verified	التوثيق	مطابقة الإنتاج، ٢٠٢٦/٠٩/٢٤		طوبق على مصوّرة المطبوع؛ طوبق المعنى، والمتن يحكيه بتصرّف؛ كان في المتن: فالمداراة لين الكلام والرفق بالناس مع حفظ الحق، وهي محمودة؛ والمداهنة ترك شيء من الحق، أو إظهار الرضا بالباطل، طلبًا لمص؛ المصوّرة: https://archive.org/details/08-2029_202601؛ الشاهد: مصوّرات/المجلدات-٢-١١/D1/204_fath_mudarat.jpg؛ مصوّرات/المجلدات-٢-١١/D1/204_fath_qurtubi.jpg؛ مصوّرات/المجلدات-٢-١١/D1/fath10_title.jpg
م٦-٠٠٧	م٦ ف٠٦	نقل عالم	وقد نبّه المفسرون على ما في الآيتين من الإنصاف في الخطاب، فقال القرطبي: «هذا على وجه الإنصاف في الحجة».	نص	القرطبي	القرطبي، الجامع لأحكام القرآن	دار الكتب المصرية، الطبعة الثانية (المصوّرة: الهيئة المصرية العامة للكتاب، الطبعة الثالثة مصوّرة عن الثانية، ١٩٨٧م، بالترقيم نفسه)		١٤	٢٩٨–٢٩٩			على المطبوع: (وإنا أو إياكم لعلى هدى أو فى ضلال مبين) هذا على وجه الإنصاف فى الحجة؛ كما يقول القائل: أحدنا كاذب، وهو يعلم أنه صادق وأن صاحبه كاذب. والمعنى: ما نحن وأنتم على أمر واحد، بل على أمرين متضادين، وأحد الفريقين مهتد وهو نحن والآخر ضالّ وهو أنتم؛ فكذّبهم بأحسن من تصريح التكذيب... (قل لا تُسألون عما أجرمنا		متحقّق — Verified	التوثيق	مطابقة الإنتاج، ٢٠٢٦/٠٩/٢٤		طوبق على مصوّرة المطبوع؛ طوبق المعنى، والمتن يحكيه بتصرّف؛ كان في المتن: وقد نبّه بعض المفسرين على ما في هاتين الآيتين من الإنصاف في الخطاب؛ المصوّرة: https://archive.org/details/156609؛ الشاهد: مصوّرات/المجلدات-٢-١١/D1/223_qurtubi_insaf.jpg؛ مصوّرات/المجلدات-٢-١١/D1/qurtubi_title.jpg
م٦-٠٠٨	م٦ ف٠٧	نقل عالم	وفي سيرة ابن هشام أن النبي ﷺ قال لعتبة بن ربيعة حين جاءه يعرض عليه ما عرضته قريش: «قُلْ يا أبا الوليد، أسمعْ»، ثم استمع 	نص	ابن هشام	ابن هشام، السيرة النبوية	حققها وضبطها وشرحها ووضع فهارسها مصطفى السقا وإبراهيم الأبياري وعبد الحفيظ شلبي، شركة مكتبة ومطبعة مصطفى البابي الحلبي وأولاده بمصر، الطبعة الثانية، ١٣٧٥هـ/١٩٥٥م، القسم الأول		١	٢٩٣–٢٩٤			على المطبوع: قال ابن إسحاق: وحدثني يزيد بن زياد، عن محمد بن كعب القُرَظيّ، قال: حُدِّثْتُ أن عُتْبة بن ربيعة، وكان سيِّدًا، قال يوما وهو جالس في نادي قريش... فقال له رسول الله ﷺ: قُلْ يا أبا الوليد، أسمعْ... حتى إذا فرغ عتبةُ، ورسولُ الله ﷺ يستمع منه، قال: أقد فرغتَ يا أبا الوليد؟ قال: نعم؛ قال: فاسمعْ مني؛ قال:		متحقّق — Verified	التوثيق	مطابقة الإنتاج، ٢٠٢٦/٠٩/٢٤		طوبق على مصوّرة المطبوع؛ طوبق المعنى، والمتن يحكيه بتصرّف؛ كان في المتن: وفي كتب السيرة أن النبي ﷺ استمع إلى عتبة بن ربيعة وهو يعرض عليه ما جاء به من قريش، حتى أتم كلامه، ثم سأله هل فرغ، قبل أن؛ المصوّرة: https://archive.org/details/AAskZad-1149186؛ الشاهد: مصوّرات/المجلدات-٢-١١/D1/238_sira_utba.jpg؛ مصوّرات/المجلدات-٢-١١/D1/sira1_title.jpg
م٦-٠٠٩	م٦ ف٠٦	نقل عالم	يُروى عن الإمام الشافعي أنه قال: «ما ناظرتُ أحدًا قطُّ إلا أحببتُ أن يُوفَّق ويُسدَّد ويُعان، ويكون عليه رعايةٌ من الله 	نص	أبو نعيم الأصبهاني	أبو نعيم الأصبهاني، حلية الأولياء وطبقات الأصفياء	مكتبة الخانجي ومطبعة السعادة، القاهرة، الطبعة الأولى، ١٣٥٧هـ/١٩٣٨م، المجلد التاسع		٩	١١٨			على المطبوع: حدثنا الحسن بن سعيد ثنا زكريا الساجي حدثني أحمد بن العباس الساجي قال سمعت أحمد بن خالد الخلال يقول سمعت محمد بن إدريس الشافعي يقول: ما ناظرت أحداً قط إلا على النصيحة. وسمعت أبا الوليد موسى بن أبي الجارود يقول: سمعت الشافعي يقول: ما ناظرت أحداً قط إلا أحببت أن يوفق ويسدد ويعان، ويكون عليه رعاية من ال		متحقّق — Verified	التوثيق	مطابقة الإنتاج، ٢٠٢٦/٠٩/٢٤		طوبق على مصوّرة المطبوع؛ المتن ينقل اللفظ بنصّه؛ كان في المتن: يُروى عن الإمام الشافعي معنى أنه ما ناظر أحدًا إلا تمنى أن يُظهر الله الحق على لسان صاحبه؛ المصوّرة: https://archive.org/details/AAlexandrina-224208؛ الشاهد: مصوّرات/المجلدات-٢-١١/D2/227_hilya9_118.jpg؛ مصوّرات/المجلدات-٢-١١/D2/hilya9_title.jpg؛ مصوّرات/المجلدات-٢-١١/D2/227_manaqib1_173.jpg
م٦-٠١٠	م٦ ف٠٦	نقل عالم	وقال يونس بن عبد الأعلى الصدفي: «ما رأيتُ أعقلَ من الشافعي، ناظرتُه يومًا في مسألة، ثم افترقنا، ولقيني، فأخذ بيدي، ثم قا	نص	الذهبي	الذهبي، سير أعلام النبلاء	الذهبي، سير أعلام النبلاء، ج١٠، أشرف عليه شعيب الأرنؤوط، حققه محمد نعيم العرقسوسي، مؤسسة الرسالة، بيروت، الطبعة الأولى ١٤٠٢هـ/١٩٨٢م (الصفحات مطابقة لترقيم الطبعة الثالثة ١٤٠٥هـ/١٩٨٥م كما في بطاقة الشاملة)		١٠	١٦			على المطبوع: قال يونس الصَّدَفيُّ: ما رأيتُ أعقلَ من الشافعي، ناظرتُه يوماً في مسألةٍ، ثم افترقنا، ولقِيَني، فأخذ بيدي، ثم قال: يا أبا موسى، ألا يستقيم أن نكونَ إخواناً وإن لم نتَّفِقْ في مسألة. [١٠/١٧:] قلتُ: هذا يدلُّ على كمالِ عقلِ هذا الإمام، وفِقه نفسه، فما زال النُّظَراءُ يختلِفون.		متحقّق — Verified	التوثيق	مطابقة الإنتاج، ٢٠٢٦/٠٩/٢٤		طوبق على مصوّرة المطبوع؛ كان في المتن: ويُروى أن يونس بن عبد الأعلى الصدفي ناظر الشافعي في مسألة فافترقا مختلفين، فلقيه الشافعي بعدها وأخذ بيده، وقال له ما معن؛ المصوّرة: https://archive.org/details/DAH1985ARAR؛ الشاهد: مصوّرات/المجلدات-٢-١١/D2/228_siyar10_16.jpg؛ مصوّرات/المجلدات-٢-١١/D2/228_siyar10_17.jpg؛ مصوّرات/المجلدات-٢-١١/D2/siyar10_title.jpg
م٦-٠١١	م٦ ف٠٦	نقل عالم	أما العبارة السائرة «رأيي صواب يحتمل الخطأ، ورأي غيري خطأ يحتمل الصواب» فلا تثبت نسبتها إلى إمام بعينه، وأصلها قاعدة يذك	نص	الشريف الجرجاني	الشريف الجرجاني، التعريفات	شركة مكتبة ومطبعة مصطفى البابي الحلبي وأولاده، مصر، ١٣٥٧هـ/١٩٣٨م			١١٨–١١٩			على المطبوع: الصواب: خلاف الخطأ، وهما يستعملان في المجتهدات، والحق والباطل يستعملان في المعتقدات، حتى إذا سئلنا في مذهبنا ومذهب من خالفنا في الفروع يجب علينا أن نجيب بأن مذهبنا صواب يحتمل الخطأ، ومذهب من خالفنا خطأ يحتمل الصواب، وإذا سئلنا عن معتقدنا ومعتقد من خالفنا في المعتقدات يجب علينا أن نقول الحق ما عليه ن		نسبةٌ غير ثابتة — Attribution uncertain	التوثيق	مطابقة الإنتاج، ٢٠٢٦/٠٩/٢٤		طوبق على مصوّرة المطبوع؛ لم تثبت النسبة؛ صيغ المتن على ذلك؛ كان في المتن: أما العبارة السائرة «رأيي صواب يحتمل الخطأ، ورأي غيري خطأ يحتمل الصواب» فنسبتها إلى بعض الأئمة تحتاج إلى تحقق؛ المصوّرة: https://archive.org/details/AAlexandrina-188000؛ الشاهد: مصوّرات/المجلدات-٢-١١/D2/229_tarifat_118.jpg؛ مصوّرات/المجلدات-٢-١١/D2/229_tarifat_119.jpg؛ مصوّرات/المجلدات-٢-١١/D2/tarifat_title.jpg
م٦-٠١٢	م٦ ف٠٦	نقل عالم	وقد ذكر من صنّفوا في أدب العالم والمتعلم، كابن جماعة في «تذكرة السامع والمتكلم»، أن الطالب إذا رأى من شيخه ما يخالف الصو	نص	ابن جماعة	ابن جماعة، تذكرة السامع والمتكلم في أدب العالم والمتعلم	بدر الدين ابن جماعة، تذكرة السامع والمتكلم في أدب العالم والمتعلم، ط. دائرة المعارف العثمانية، حيدر آباد الدكن، ١٣٥٣هـ (عني بنشره السيد محمد هاشم الندوي؛ مقدمة الناشر مؤرخة ٨ جمادى الآخرة ١٣٥٤هـ؛ لا محقق على صفحة العنوان)			١٢٤–١٢٥			على المطبوع: وإذا رد الشيخ عليه لفظة وظن أن رده خلاف الصواب أو علمه كرر اللفظة مع ما قبلها لينتبه لها الشيخ أو يأتي بلفظ الصواب على سبيل الاستفهام فربما وقع ذلك سهوا أو سبق لسان لغفلة ولا يقل بل هي كذا بل يتلطف في تنبيه الشيخ لها فإن لم ينتبه قال فهل يجوز [١٢٥] فيها كذا فإن رجع الشيخ إلى الصواب فلا كلام وإلا ترك		متحقّق — Verified	التوثيق	مطابقة الإنتاج، ٢٠٢٦/٠٩/٢٤		طوبق على مصوّرة المطبوع؛ طوبق المعنى، والمتن يحكيه بتصرّف؛ كان في المتن: أن الطالب إذا رأى من شيخه ما يخالف الصواب نبّهه بلطف وتعريض، لا بمجاهرة تُحرجه أمام الناس؛ المصوّرة: https://archive.org/details/AAlexandrina-163831؛ الشاهد: مصوّرات/المجلدات-٢-١١/D2/232_tadh124.jpg؛ مصوّرات/المجلدات-٢-١١/D2/232_tadh125.jpg؛ مصوّرات/المجلدات-٢-١١/D2/232_tadh112.jpg
م٦-٠١٣	م٦ ف٠١	حديث	«يُسَلِّمُ الصَّغِيرُ عَلَى الكَبِيرِ، وَالمَارُّ عَلَى القَاعِدِ، وَالقَلِيلُ عَلَى الكَثِيرِ» ... «يُسَلِّمُ الرَّاكِب	نص	البخاري؛ مسلم	البخاري؛ مسلم، الصحيح	صحيح البخاري، الطبعة السلطانية (بولاق ١٣١١هـ) بترقيم محمد فؤاد عبد الباقي كما في طبعة دار طوق النجاة، ط١، ١٤٢٢هـ، بعناية محمد زهير بن ناصر الناصر (المقدمة ص٤٧: اعتماد ترقيم عبد الباقي) ؛ صحيح مسلم، تحقيق محمد فؤاد عبد الباقي، مطبعة دار إحياء الكتب العربية، عيسى البابي الحلبي وشركاه، القاهرة (لا سنة مقروءة على صفحة العنوان)؛ ٥ أجزاء متسلسلة الترقيم		البخاري ٨؛ مسلم ٤	البخاري ٨/٥٢؛ مسلم ٤/١٧٠٣	البخاري ٦٢٣١، ٦٢٣٤ (الأول)؛ ٦٢٣٢، ٦٢٣٣ ومسلم ٢١٦٠ (الثاني)		على المطبوع: البخاري ٦٢٣١ عن أبي هريرة: «يسلّم الصغير على الكبير، والمارّ على القاعد، والقليل على الكثير». البخاري ٦٢٣٢، ٦٢٣٣، ومسلم ٢١٦٠: «يُسَلِّمُ الرَّاكِبُ عَلَى الْمَاشِي، وَالْمَاشِي عَلَى الْقَاعِدِ، وَالْقَلِيلُ عَلَى الْكَثِيرِ»		متحقّق — Verified	التوثيق	مطابقة الإنتاج، ٢٠٢٦/٠٩/٢٤		طوبق على مصوّرة المطبوع؛ المصوّرة: https://archive.org/details/03-54504 (colour copy: https://archive.org/details/SahihBukhariYouniniya) ; https://archive.org/details/saheeh_moslem_Abdulbaqy؛ الشاهد: مصوّرات/المجلدات-٢-١١/H1/174_bukhari_taslim.jpg؛ مصوّرات/المجلدات-٢-١١/H1/174_muslim_2160.jpg
م٦-٠١٤	م٦ ف٠١	حديث	«فَيُسَلِّمُ تَسْلِيمًا لَا يُوقِظُ نَائِمًا، وَيُسْمِعُ اليَقْظَانَ»	نص	مسلم	مسلم، الصحيح	صحيح مسلم، تحقيق محمد فؤاد عبد الباقي، مطبعة دار إحياء الكتب العربية، عيسى البابي الحلبي وشركاه، القاهرة (لا سنة مقروءة على صفحة العنوان)؛ ٥ أجزاء متسلسلة الترقيم		٣	١٦٢٥	٢٠٥٥		على المطبوع: قال: فيجيءُ من الليل فيُسلِّمُ تسليمًا لا يُوقِظُ نائمًا. ويُسْمِعُ اليقظانَ.		متحقّق — Verified	التوثيق	مطابقة الإنتاج، ٢٠٢٦/٠٩/٢٤		طوبق على مصوّرة المطبوع؛ المصوّرة: https://archive.org/details/saheeh_moslem_Abdulbaqy؛ الشاهد: مصوّرات/المجلدات-٢-١١/H1/176_muslim_2055.jpg؛ مصوّرات/المجلدات-٢-١١/H1/muslim_title.jpg
م٦-٠١٥	م٦ ف٠٢	أثر موقوف	«بَابُ مَنْ خَصَّ بِالعِلْمِ قَوْمًا دُونَ قَوْمٍ، كَرَاهِيَةَ أَنْ لَا يَفْهَمُوا» ... «حَدِّثُوا النَّاسَ بِمَا يَعْرِ	نص	البخاري	البخاري، الجامع الصحيح	صحيح البخاري، الطبعة السلطانية (بولاق ١٣١١هـ) بترقيم محمد فؤاد عبد الباقي كما في طبعة دار طوق النجاة، ط١، ١٤٢٢هـ، بعناية محمد زهير بن ناصر الناصر (المقدمة ص٤٧: اعتماد ترقيم عبد الباقي)		١	٣٧	١٢٧		على المطبوع: باب من خصّ بالعلم قومًا دون قوم كراهيةَ أن لا يفهموا. وقال عليّ: حدِّثوا الناسَ بما يعرفون، أتحبّون أن يُكذَّبَ اللهُ ورسولُه. حدثنا عبيد الله بن موسى عن معروف بن خربوذ عن أبي الطفيل عن علي بذلك		متحقّق — Verified	التوثيق	مطابقة الإنتاج، ٢٠٢٦/٠٩/٢٤		طوبق على مصوّرة المطبوع؛ المصوّرة: https://archive.org/details/03-54504 (file 01_54495, leaf 36)؛ الشاهد: مصوّرات/المجلدات-٢-١١/H1/190_bab_khassa_ali.jpg؛ مصوّرات/المجلدات-٢-١١/H1/bukhari_title.jpg
م٦-٠١٦	م٦ ف٠٢	أثر موقوف	«مَا أَنْتَ بِمُحَدِّثٍ قَوْمًا حَدِيثًا لَا تَبْلُغُهُ عُقُولُهُمْ، إِلَّا كَانَ لِبَعْضِهِمْ فِتْنَةً»	نص	مسلم	مسلم، الصحيح (المقدمة)	صحيح مسلم، تحقيق محمد فؤاد عبد الباقي، مطبعة دار إحياء الكتب العربية، عيسى البابي الحلبي وشركاه، القاهرة (لا سنة مقروءة على صفحة العنوان)؛ ٥ أجزاء متسلسلة الترقيم		١	١١	(المقدمة، بلا رقم)		على المطبوع: أنّ عبدَ الله بنَ مسعود قال: ما أنتَ بمحدِّثٍ قومًا حديثًا لا تبلغُه عقولُهم، إلا كان لبعضهم فتنةً.		متحقّق — Verified	التوثيق	مطابقة الإنتاج، ٢٠٢٦/٠٩/٢٤		طوبق على مصوّرة المطبوع؛ المصوّرة: https://archive.org/details/saheeh_moslem_Abdulbaqy؛ الشاهد: مصوّرات/المجلدات-٢-١١/H1/191_muslim_muqaddima.jpg؛ مصوّرات/المجلدات-٢-١١/H1/muslim_title.jpg
م٦-٠١٧	م٦ ف٠٢	حديث	«فَبِأَبِي هُوَ وَأُمِّي، مَا رَأَيْتُ مُعَلِّمًا قَبْلَهُ وَلَا بَعْدَهُ أَحْسَنَ تَعْلِيمًا مِنْهُ، فَوَاللَّهِ مَا كَ	نص	مسلم	مسلم، الصحيح	صحيح مسلم، تحقيق محمد فؤاد عبد الباقي، مطبعة دار إحياء الكتب العربية، عيسى البابي الحلبي وشركاه، القاهرة (لا سنة مقروءة على صفحة العنوان)؛ ٥ أجزاء متسلسلة الترقيم		١	٣٨١–٣٨٢	٥٣٧		على المطبوع: فلمّا صلّى رسولُ الله ﷺ. فبأبي هو وأمّي! ما رأيتُ معلِّمًا قبلَه ولا بعدَه أحسنَ تعليمًا منه. فوالله! ما كَهَرني ولا ضربني ولا شتمني. قال «إنّ هذه الصلاةَ لا يصلُحُ فيها شيءٌ من كلام الناس. إنما هو التسبيحُ والتكبيرُ وقراءةُ القرآن». أو كما قال رسول الله ﷺ.		متحقّق — Verified	التوثيق	مطابقة الإنتاج، ٢٠٢٦/٠٩/٢٤		طوبق على مصوّرة المطبوع؛ المصوّرة: https://archive.org/details/saheeh_moslem_Abdulbaqy؛ الشاهد: مصوّرات/المجلدات-٢-١١/H1/192_muslim_537.jpg
م٦-٠١٨	م٦ ف٠٦	حديث	«إِنَّ أَبْغَضَ الرِّجَالِ إِلَى اللَّهِ الأَلَدُّ الخَصِمُ» (متفق عليه)	نص	البخاري؛ مسلم	البخاري؛ مسلم، الصحيح	صحيح البخاري، الطبعة السلطانية (بولاق ١٣١١هـ) بترقيم محمد فؤاد عبد الباقي كما في طبعة دار طوق النجاة، ط١، ١٤٢٢هـ، بعناية محمد زهير بن ناصر الناصر (المقدمة ص٤٧: اعتماد ترقيم عبد الباقي) ؛ صحيح مسلم، تحقيق محمد فؤاد عبد الباقي، مطبعة دار إحياء الكتب العربية، عيسى البابي الحلبي وشركاه، القاهرة (لا سنة مقروءة على صفحة العنوان)؛ ٥ أجزاء متسلسلة الترقيم		البخاري ٣ (و٦، ٩)؛ مسلم ٤	البخاري ٣/١٣١ (و٦/٢٨، ٩/٧٣)؛ مسلم ٤/٢٠٥٤	البخاري ٢٤٥٧ (و٤٥٢٣، ٧١٨٨)؛ مسلم ٢٦٦٨		على المطبوع: البخاري ٢٤٥٧: «إنّ أبغضَ الرجال إلى الله الألدُّ الخَصِمُ»؛ مسلم ٢٦٦٨: «إنّ أبغضَ الرجال إلى الله الألدُّ الخَصِمُ»		متحقّق — Verified	التوثيق	مطابقة الإنتاج، ٢٠٢٦/٠٩/٢٤		طوبق على مصوّرة المطبوع؛ المصوّرة: https://archive.org/details/03-54504 (colour copy: https://archive.org/details/SahihBukhariYouniniya) ; https://archive.org/details/saheeh_moslem_Abdulbaqy؛ الشاهد: مصوّرات/المجلدات-٢-١١/H1/226_bukhari_2457_4523_7188.jpg؛ مصوّرات/المجلدات-٢-١١/H1/226_muslim_2668.jpg
م٦-٠١٩	م٦ ف٠١	حديث	«إِذَا انْتَهَى أَحَدُكُمْ إِلَى المَجْلِسِ فَلْيُسَلِّمْ، فَإِذَا أَرَادَ أَنْ يَقُومَ فَلْيُسَلِّمْ، فَلَيْسَتِ الأُول	نص	أبو داود	أبو داود، سنن أبي داود	سنن أبي داود، تحقيق محمد محيي الدين عبد الحميد، الجزء الرابع، المكتبة العصرية، صيدا – بيروت (لا رقم طبعة ولا تاريخ على صفحة العنوان في المصوّرة)		٤	٣٥٣	٥٢٠٨	لا تعليق لأبي داود عقب الحديث في المطبوع	على المطبوع: أبو داود ٤/٣٥٣، رقم ٥٢٠٨: عن أبي هريرة، قال: قال رسول الله صلى الله عليه وسلم «إِذَا انْتَهَى أَحَدُكُمْ إلى المجلس فَلْيُسَلِّمْ فإذا أراد أن يقوم فليسلم؛ فليست الأولى بأحقَّ من الآخرة» || الترمذي ٥/٦٢–٦٣، رقم ٢٧٠٦: عَنْ أَبِي هُرَيْرَةَ أَنَّ رَسُولَ اللهِ صَلَّى اللهُ عَلَيْهِ وَسَلَّمَ قَالَ: إِ		متحقّق — Verified	التوثيق	مطابقة الإنتاج، ٢٠٢٦/٠٩/٢٤		طوبق على مصوّرة المطبوع؛ المصوّرة: https://archive.org/details/04-8461-2؛ الشاهد: مصوّرات/المجلدات-٢-١١/H2/177_abudawud5208_v4p353.jpg؛ مصوّرات/المجلدات-٢-١١/H2/177_tirmidhi2706_v5p62-63.jpg؛ مصوّرات/المجلدات-٢-١١/H2/177_albani_sahih-abudawud_5208_v3p278.jpg
م٦-٠٢٠	م٦ ف٠٣	حديث	«لَا يَشْكُرُ اللَّهَ مَنْ لَا يَشْكُرُ النَّاسَ» (رواه أبو داود، ورواه الترمذي بلفظ قريب وقال: حسن صحيح).	نص	أبو داود	أبو داود، سنن أبي داود	سنن أبي داود، تحقيق محمد محيي الدين عبد الحميد، الجزء الرابع، المكتبة العصرية، صيدا – بيروت (لا رقم طبعة ولا تاريخ على صفحة العنوان في المصوّرة)		٤	٢٥٥	٤٨١١	لا تعليق لأبي داود عقب الحديث في المطبوع	على المطبوع: أبو داود ٤/٢٥٥، رقم ٤٨١١: عن أبي هريرة، عن النبي صلى الله عليه وسلم، قال «لَا يَشْكُرُ اللهَ مَنْ لَا يَشْكُرُ النَّاسَ» || الترمذي ٤/٣٣٩، رقم ١٩٥٤: عَنْ أَبِي هُرَيْرَةَ قَالَ: قَالَ رَسُولُ اللهِ صَلَّى اللهُ عَلَيْهِ وَسَلَّمَ: مَنْ لَا يَشْكُرِ النَّاسَ لَا يَشْكُرِ اللهَ. قَالَ هٰذَا: حَدِيثٌ ح		متحقّق — Verified	التوثيق	مطابقة الإنتاج، ٢٠٢٦/٠٩/٢٤		طوبق على مصوّرة المطبوع؛ المصوّرة: https://archive.org/details/04-8461-2؛ الشاهد: مصوّرات/المجلدات-٢-١١/H2/209_abudawud4811_v4p255.jpg؛ مصوّرات/المجلدات-٢-١١/H2/209_tirmidhi1954-1955_v4p339.jpg؛ مصوّرات/المجلدات-٢-١١/H2/209_albani_sahih-abudawud_4811_v3p182.jpg
م٦-٠٢١	م٦ ف٠٣	حديث	«مَنْ صُنِعَ إِلَيْهِ مَعْرُوفٌ فَقَالَ لِفَاعِلِهِ: جَزَاكَ اللَّهُ خَيْرًا، فَقَدْ أَبْلَغَ فِي الثَّنَاءِ» (رواه التر	نص	الترمذي	الترمذي، الجامع الصحيح وهو سنن الترمذي	الجامع الصحيح وهو سنن الترمذي، الجزء الرابع، تحقيق وتعليق إبراهيم عطوة عوض (المدرس في الأزهر الشريف)، شركة مكتبة ومطبعة مصطفى البابي الحلبي وأولاده بمصر، الطبعة الأولى، ١٣٨٢هـ/١٩٦٢م (من صفحة العنوان وظهرها في المصوّرة)		٤	٣٨٠ (والباب يبدأ في ٣٧٩)	٢٠٣٥	قَالَ أَبُو عِيسَى: هٰذَا حَدِيثٌ حَسَنٌ جَيِّدٌ غَرِيبٌ لَا نَعْرِفُهُ مِنْ حَدِيثِ أُسَامَةَ بْنِ زَيْدٍ إِلَّا مِنْ هٰذَا الْوَجْهِ. وَقَدْ رُوِيَ عَنْ أَبِي هُرَيْرَةَ عَنِ النَّبِيِّ صَلَّى اللهُ عَلَيْهِ وَسَلَّمَ بِمِثْلِهِ، وَسَأَلْتُ مُحَمَّدًا فَلَمْ يَعْرِفْهُ.	على المطبوع: الترمذي ٤/٣٨٠، رقم ٢٠٣٥ (بعد الإسناد): عَنْ أُسَامَةَ بْنِ زَيْدٍ قَالَ: قَالَ رَسُولُ اللهِ صَلَّى اللهُ عَلَيْهِ وَسَلَّمَ: مَنْ صُنِعَ إِلَيْهِ مَعْرُوفٌ فَقَالَ لِفَاعِلِهِ: جَزَاكَ اللهُ خَيْرًا فَقَدْ أَبْلَغَ فِي الثَّنَاءِ. قَالَ أَبُو عِيسَى: هٰذَا حَدِيثٌ حَسَنٌ جَيِّدٌ غَرِيبٌ لَا نَعْرِف		متحقّق — Verified	التوثيق	مطابقة الإنتاج، ٢٠٢٦/٠٩/٢٤		طوبق على مصوّرة المطبوع؛ المصوّرة: https://archive.org/details/alfirdwsiy2018_gmail_0915/page/n2181؛ الشاهد: مصوّرات/المجلدات-٢-١١/H2/210_tirmidhi2035_v4p379-380.jpg؛ مصوّرات/المجلدات-٢-١١/H2/tirmidhi4_title.jpg؛ مصوّرات/المجلدات-٢-١١/H2/tirmidhi4_kitab-albirr_p309.jpg
م٦-٠٢٢	م٦ ف٠٦	حديث	«أَنَا زَعِيمٌ بِبَيْتٍ فِي رَبَضِ الجَنَّةِ لِمَنْ تَرَكَ المِرَاءَ وَإِنْ كَانَ مُحِقًّا» (رواه أبو داود، وحسّنه الألب	نص	أبو داود	أبو داود، سنن أبي داود	سنن أبي داود، تحقيق محمد محيي الدين عبد الحميد، الجزء الرابع، المكتبة العصرية، صيدا – بيروت (لا رقم طبعة ولا تاريخ على صفحة العنوان في المصوّرة)		٤	٢٥٣ (والباب يبدأ في ٢٥٢)	٤٨٠٠	لا تعليق لأبي داود عقب الحديث في المطبوع	على المطبوع: أبو داود ٤/٢٥٣، رقم ٤٨٠٠ (بعد الإسناد): عن أبي أمامة قال: قال رسول الله صلى الله عليه وسلم «أنا زعيم ببيت في رَبَض(١) الجنة لمن ترك المراء وإن كان محقا، وببيت في وَسَط الجنة لمن ترك الكذب وإن كان مازحا، وببيت في أعلى الجنة لمن حسن خلقه». وحاشية المحقق (١): «ربض الجنة» بفتح كل من الراء والباء – أي: ف		متحقّق — Verified	التوثيق	مطابقة الإنتاج، ٢٠٢٦/٠٩/٢٤		طوبق على مصوّرة المطبوع؛ المصوّرة: https://archive.org/details/04-8461-2؛ الشاهد: مصوّرات/المجلدات-٢-١١/H2/226_abudawud4800_v4p252-253.jpg؛ مصوّرات/المجلدات-٢-١١/H2/226_albani_sahih-abudawud_4800_v3p179.jpg؛ مصوّرات/المجلدات-٢-١١/H2/226_albani_sahiha273_v1p552-556.jpg
م٦-٠٢٣	م٦ ف٠٧	حديث	ففي سنن الترمذي أن الصحابة قالوا للنبي ﷺ: إنك تداعبنا، فقال: «إِنِّي لَا أَقُولُ إِلَّا حَقًّا» (رواه الترمذي وقال: حسن 	نص	الترمذي	الترمذي، الجامع الصحيح وهو سنن الترمذي	الجامع الصحيح وهو سنن الترمذي، الجزء الرابع، تحقيق وتعليق إبراهيم عطوة عوض (المدرس في الأزهر الشريف)، شركة مكتبة ومطبعة مصطفى البابي الحلبي وأولاده بمصر، الطبعة الأولى، ١٣٨٢هـ/١٩٦٢م (من صفحة العنوان وظهرها في المصوّرة)		٤	٣٥٧	١٩٩٠	قَالَ أَبُو عِيسَى: هٰذَا حَدِيثٌ حَسَنٌ صَحِيحٌ.	على المطبوع: الترمذي ٤/٣٥٧، رقم ١٩٩٠ (بعد الإسناد): عَنْ أَبِي هُرَيْرَةَ قَالَ: قَالُوا يَا رَسُولَ اللهِ إِنَّكَ تُدَاعِبُنَا: قَالَ: إِنِّي لَا أَقُولُ إِلَّا حَقًّا. قَالَ أَبُو عِيسَى: هٰذَا حَدِيثٌ حَسَنٌ صَحِيحٌ.		متحقّق — Verified	التوثيق	مطابقة الإنتاج، ٢٠٢٦/٠٩/٢٤		طوبق على مصوّرة المطبوع؛ المصوّرة: https://archive.org/details/alfirdwsiy2018_gmail_0915/page/n2159؛ الشاهد: مصوّرات/المجلدات-٢-١١/H2/239_tirmidhi1990_v4p357.jpg؛ مصوّرات/المجلدات-٢-١١/H2/tirmidhi4_title.jpg؛ مصوّرات/المجلدات-٢-١١/H2/tirmidhi4_kitab-albirr_p309.jpg
م٦-٠٢٤	م٦ ف٠٢	حديث	تشتهر على الألسنة عبارة «خاطبوا الناس على قدر عقولهم» منسوبةً إلى النبي ﷺ حديثًا مرفوعًا. ويُروى نحوها بلفظ «أُمِرنا أن 	نص	السخاوي	السخاوي، المقاصد الحسنة	ت. عبد المعطي بن عبد الرزاق البكور (المجلد الأول)، دار الميمنة (دمشق) ومكتبة الميمنة المدنية (المدينة المنورة)، الطبعة الأولى، ١٤٣٩هـ/٢٠١٧م		١	٥٣٠–٥٣٤	١٨٢	«وسَنَدُه ضعيفٌ»؛ وعن ابن حجر في لفظ «أُمِرْتُ أنْ أُخاطِبَ…»: «وسَنَدُه ضعيفٌ جدّاً»	على المطبوع: «١٨٢ حديث: «أُمِرنا أنْ نُكَلِّمَ الناسَ على قَدْرِ عُقُولِهم». الدَّيلميُّ مِنْ طريقِ أبي عبدِالرحمٰن السُّلميِّ… عن عكرمة، عن ابن عباس مرفوعاً بهذا. وسَنَدُه ضعيفٌ. وقد عَزَاه شيخُنا لِمُسندِ الحسنِ بن سفيانَ، مِنْ حديثِ ابنِ عباسٍ بلفظ: «أُمِرْتُ أنْ أُخاطِبَ الناسَ على قَدْرِ عقُولهم»، قال: وسَن		متحقّق — Verified	التوثيق	مطابقة الإنتاج، ٢٠٢٦/٠٩/٢٤		طوبق على مصوّرة المطبوع؛ طوبق المعنى، والمتن يحكيه بتصرّف؛ كان في المتن: تشتهر على الألسنة عبارة «خاطبوا الناس على قدر عقولهم» منسوبةً إلى النبي ﷺ حديثًا مرفوعًا. ولم تثبت بهذا اللفظ عنه ﷺ فيما؛ المصوّرة: https://archive.org/details/maqhasana؛ الشاهد: مصوّرات/المجلدات-٢-١١/H3/194_maqasid1_530.jpg؛ مصوّرات/المجلدات-٢-١١/H3/194_maqasid1_531.jpg؛ مصوّرات/المجلدات-٢-١١/H3/maqasid1_title.jpg
م٦-٠٢٥	م٦ ف٠٥	أثر موقوف	وأما عبارة «تقبّل الله منا ومنك» في العيد، فهي مما يُروى بإسناد حسن عن جبير بن نفير أن الصحابة كانوا يتبادلونها يوم العي	نص	ابن حجر	ابن حجر، فتح الباري بشرح صحيح البخاري	المكتبة السلفية، قرأ أصله تصحيحًا وتحقيقًا عبد العزيز بن عبد الله بن باز، رقّمه محمد فؤاد عبد الباقي (الجزء الثاني)		٢	٤٤٥–٤٤٦	٩٥١–٩٥٢	«بإسناد حسن»	على المطبوع: «وقد روى ابن عدي من حديث واثلة أنه لقي رسول الله ﷺ يوم عيد فقال: تقبل الله منا ومنك، فقال: نعم تقبل الله منا ومنك، وفي إسناده محمد بن إبراهيم الشامي وهو ضعيف، وقد تفرد به مرفوعاً، وخولف فيه، فروى البيهقي من حديث عبادة بن الصامت أنه سأل رسول الله ﷺ عن ذلك فقال: «ذلك فعل أهل الكتابين»، وإسناده ضعيف أي		متحقّق — Verified	التوثيق	مطابقة الإنتاج، ٢٠٢٦/٠٩/٢٤		طوبق على مصوّرة المطبوع؛ طوبق المعنى، والمتن يحكيه بتصرّف؛ كان في المتن: وأما عبارة «تقبل الله منا ومنكم» في العيد، فهي مما يُروى عن بعض الصحابة أنهم كانوا يتبادلونها يوم العيد، وليست حديثًا مر؛ المصوّرة: https://archive.org/details/08-2029_202601؛ الشاهد: مصوّرات/المجلدات-٢-١١/H3/220_fath2_446.jpg؛ مصوّرات/المجلدات-٢-١١/H3/220_fath2_445_bab.jpg؛ مصوّرات/المجلدات-٢-١١/H3/fath2_title.jpg
م٦-٠٢٦	م٦ ف٠٦	حديث	كان إسماعيل قد قرأ الكلام على هذا اللفظ في كتاب من كتب الأحاديث المشتهرة على الألسنة، وهو «المقاصد الحسنة» للسخاوي	نص	السخاوي	السخاوي، المقاصد الحسنة	ت. حسام الدين بن أمين حمدان (المجلد الثاني)، دار الميمنة ومكتبة الميمنة المدنية، الطبعة الأولى، ١٤٣٩هـ/٢٠١٧م		٢	٥٤٠–٥٤٢	٤٦٤	«بسندٍ مجهولٍ عن عليٍّ مرفوعاً»	على المطبوع: «٤٦٤ حديث: «خيرُ الأمورِ أوساطُها». ابنُ السَّمعانيِّ في «ذيلِ تاريخِ بغدادَ» بسندٍ مجهولٍ عن عليٍّ مرفوعاً به(١٠). وهو عندَ ابنِ جريرٍ في «التفسير» من قولِ مُطَرِّفِ بنِ عبدِالله ويزيدَ بنِ مُرَّةَ الجعفيِّ، وكذا أخرجهُ البيهقيُّ عن مُطَرِّفٍ. وللدَّيلميِّ بلا سندٍ عن ابنِ عباسٍ مرفوعاً: «خيرُ الأع		متحقّق — Verified	التوثيق	مطابقة الإنتاج، ٢٠٢٦/٠٩/٢٤		طوبق على مصوّرة المطبوع؛ المصوّرة: https://archive.org/details/maqhasana؛ الشاهد: مصوّرات/المجلدات-٢-١١/H3/233_maqasid2_540-542.jpg؛ مصوّرات/المجلدات-٢-١١/H3/maqasid2_title.jpg
م٦-٠٢٧	م٦ ف٠٣	حديث	وَيْحَكَ، قَطَعْتَ عُنُقَ صَاحِبِكَ	نص	البخاري؛ مسلم	البخاري؛ مسلم، الصحيحان	صحيح البخاري، الطبعة السلطانية (بولاق ١٣١١هـ) بترقيم محمد فؤاد عبد الباقي كما في طبعة دار طوق النجاة، ط١، بعناية محمد زهير بن ناصر الناصر (صفحة العنوان والمقدمة: اعتماد ترقيم عبد الباقي) ؛ صحيح مسلم، تحقيق محمد فؤاد عبد الباقي، مطبعة دار إحياء الكتب العربية، فيصل عيسى البابي الحلبي، القاهرة (لا سنة على صفحة العنوان)؛ ٥ أجزاء متسلسلة الترقيم		البخاري ٣، ٨؛ مسلم ٤	البخاري ٣/١٧٦–١٧٧، ٨/١٨؛ مسلم ٤/٢٢٩٦	البخاري ٢٦٦٢ (و٦٠٦١)؛ مسلم ٣٠٠٠		على المطبوع: البخاري ٢٦٦٢: أثنى رجلٌ على رجلٍ عند النبي ﷺ فقال: ويلَك، قطعتَ عنقَ صاحبك، قطعت عنق صاحبك، مرارًا، ثم قال: من كان منكم مادحًا أخاه لا محالة فليقل: أحسِبُ فلانًا، والله حسيبُه، ولا أزكّي على الله أحدًا، أحسبه كذا وكذا، إن كان يعلم ذلك منه. — البخاري ٦٠٦١: ويحك، قطعت عنق صاحبك، يقوله مرارًا، إن كان أ		متحقّق — Verified	التوثيق	مطابقة الإنتاج، ٢٠٢٦/٠٩/٢٤		طوبق على مصوّرة المطبوع؛ صُحّح لفظ المتن على المطبوع؛ المصوّرة: https://archive.org/details/03-54504 (title page from https://archive.org/details/SahihBukhariYouniniya) ; https://archive.org/details/saheeh_moslem_Abdulbaqy (file Saheeh_Moslem01; leaf = page − 1)؛ الشاهد: مصوّرات/المجلدات-٢-١١/HA4/HA104_bukhari2662_v3p176-177.jpg؛ مصوّرات/المجلدات-٢-١١/HA4/HA104_bukhari6061_v8p18.jpg؛ مصوّرات/المجلدات-٢-١١/HA4/HA104_muslim3000_p2296.jpg
م٦-٠٢٨	م٦ ف٠٥	حديث	صلّى النبي ﷺ على جنازة، فحفظ عوف بن مالك رضي الله عنه من دعائه للميت: «اللَّهُمَّ اغْفِرْ لَهُ وَارْحَمْهُ…» (جزء من دعا	نص	مسلم	مسلم، الصحيح	صحيح مسلم، تحقيق محمد فؤاد عبد الباقي، دار إحياء الكتب العربية (عيسى البابي الحلبي وشركاه)؛ النسخة المصوّرة: دار الحديث، القاهرة، ط١، ١٤١٢هـ/١٩٩١م، توزيع دار الكتب العلمية (بترقيم الطبعة الأصلية نفسه)		٢	٦٦٢	٩٦٣ (رقم ٨٥)		على المطبوع: سمعتُ عوف بن مالك يقول: صلّى رسول الله ﷺ على جنازة، فحفظتُ من دعائه وهو يقول: «اللهمّ! اغفر له وارحمه وعافِه واعفُ عنه، وأكرم نُزُله …»		متحقّق — Verified	التوثيق	مطابقة الإنتاج، ٢٠٢٦/٠٩/٢٤		طوبق على مصوّرة المطبوع؛ صُحّح قول المتن على المطبوع؛ كان في المتن قبل التصحيح: علّم النبي ﷺ أصحابه أن يدعوا للميت في صلاة الجنازة بقوله: «اللَّهُمَّ اغْفِرْ لَهُ وَارْحَمْهُ» (جزء من دعاء ثابت في صلا؛ المصوّرة: https://archive.org/details/saheeh_moslem_Abdulbaqy؛ الشاهد: مصوّرات/المجلدات-٢-١١/HA1/HA105_muslim963_v2p662.jpg
م٦-٠٢٩	م٦ ف٠١	حديث	لَا تَدْخُلُونَ الجَنَّةَ حَتَّى تُؤْمِنُوا، وَلَا تُؤْمِنُوا حَتَّى تَحَابُّوا، أَوَلَا أَدُلُّكُمْ عَلَى شَيْءٍ إِذَا 	نص	مسلم	مسلم، الصحيح	صحيح مسلم، وقف على طبعه وتحقيق نصوصه وتصحيحه وترقيمه محمد فؤاد عبد الباقي، مطبعة دار إحياء الكتب العربية (فيصل عيسى البابي الحلبي)، القاهرة، ٥ أجزاء متسلسلة الصفحات (لا سنة على صفحة العنوان)		١	٧٤	٥٤		على المطبوع: «لا تدخلون الجنةَ حتى تؤمنوا. ولا تؤمنوا حتى تحابُّوا. أوَلا أدلُّكم على شيءٍ إذا فعلتموه تحاببتم؟ أفشوا السلامَ بينكم»		متحقّق — Verified	التوثيق	مطابقة الإنتاج، ٢٠٢٦/٠٩/٢٤		طوبق على مصوّرة المطبوع؛ المصوّرة: https://archive.org/details/saheeh_moslem_Abdulbaqy؛ الشاهد: مصوّرات/المجلدات-٢-١١/HA2/HA30_muslim54_v1p74.jpg
م٦-٠٣٠	م٦ ف٠١	حديث	تُطْعِمُ الطَّعَامَ، وَتَقْرَأُ السَّلَامَ عَلَى مَنْ عَرَفْتَ وَمَنْ لَمْ تَعْرِفْ	نص	البخاري؛ مسلم	البخاري؛ مسلم، الصحيح	صحيح البخاري، الطبعة السلطانية (بولاق ١٣١١هـ) بترقيم محمد فؤاد عبد الباقي، في مصوّرة دار طوق النجاة، ط١، بعناية محمد زهير بن ناصر الناصر (صفحة العنوان وظهرها والمقدمة: اعتماد ترقيم عبد الباقي) ؛ صحيح مسلم، تحقيق محمد فؤاد عبد الباقي، مطبعة دار إحياء الكتب العربية، فيصل عيسى البابي الحلبي، القاهرة (لا سنة على صفحة العنوان)؛ ترقيم الصفحات متسلسل عبر الأجزاء		البخاري ١؛ مسلم ١	البخاري ١/١٢؛ مسلم ١/٦٥	البخاري ١٢ (و٢٨)؛ مسلم ٣٩		على المطبوع: أنّ رجلًا سأل النبيّ صلى الله عليه وسلم: أيُّ الإسلام خير؟ قال: تُطعمُ الطعامَ، وتقرأُ السلامَ على من عرفتَ ومن لم تعرف.		متحقّق — Verified	التوثيق	مطابقة الإنتاج، ٢٠٢٦/٠٩/٢٤		طوبق على مصوّرة المطبوع؛ المصوّرة: https://archive.org/details/03-54504 ; https://archive.org/details/saheeh_moslem_Abdulbaqy؛ الشاهد: مصوّرات/المجلدات-٢-١١/HA3/HA31_bukhari12_v1p12.jpg؛ مصوّرات/المجلدات-٢-١١/HA3/HA31_muslim39_p65.jpg
م٦-٠٣١	م٦ ف٠١	حديث	كَانَ النَّبِيُّ ﷺ يَفْعَلُهُ	نص	البخاري	البخاري، الجامع الصحيح	صحيح البخاري، الطبعة السلطانية (بولاق ١٣١١هـ) بترقيم محمد فؤاد عبد الباقي كما في طبعة دار طوق النجاة، ط١، بعناية محمد زهير بن ناصر الناصر (صفحة العنوان والمقدمة: اعتماد ترقيم عبد الباقي)		٨	٥٥	٦٢٤٧		على المطبوع: عن أنس بن مالك رضي الله عنه أنه مرّ على صبيان فسلّم عليهم وقال: كان النبيّ صلى الله عليه وسلم يفعلُه.		متحقّق — Verified	التوثيق	مطابقة الإنتاج، ٢٠٢٦/٠٩/٢٤		طوبق على مصوّرة المطبوع؛ المصوّرة: https://archive.org/details/03-54504 (title page from https://archive.org/details/SahihBukhariYouniniya)؛ الشاهد: مصوّرات/المجلدات-٢-١١/HA4/HA32_bukhari6247_v8p55.jpg
م٦-٠٣٢	م٦ ف٠١	حديث	«وَخَيْرُهُمَا الَّذِي يَبْدَأُ بِالسَّلَامِ» (متفق عليه).	نص	البخاري	البخاري، الجامع الصحيح	صحيح البخاري، الطبعة السلطانية (المطبعة الأميرية ببولاق ١٣١١–١٣١٣هـ) في مصوّرة دار طوق النجاة بعناية محمد زهير بن ناصر الناصر (من صفحة العنوان ومقدمة الناشر)، بترقيم محمد فؤاد عبد الباقي في الهامش		٨	٢١	٦٠٧٧ (وانظر ٦٢٣٧)		على المطبوع: «لا يحلّ لمسلمٍ أن يهجر أخاه فوق ثلاث ليال، يلتقيان فيُعرض هذا ويُعرض هذا، وخيرُهما الذي يبدأ بالسلام» (مسلم؛ والبخاري ٦٠٧٧: لا يحل لرجل …)		متحقّق — Verified	التوثيق	مطابقة الإنتاج، ٢٠٢٦/٠٩/٢٤		طوبق على مصوّرة المطبوع؛ المصوّرة: https://archive.org/details/03-54504 (file 08_54507.pdf)؛ الشاهد: مصوّرات/المجلدات-٢-١١/HA1/HA33_bukhari6077_v8p21.jpg؛ مصوّرات/المجلدات-٢-١١/HA1/HA33_muslim2560_v4p1984.jpg
م٦-٠٣٣	م٦ ف٠١	حديث	وَالقَلِيلُ عَلَى الكَثِيرِ	نص	البخاري؛ مسلم	البخاري؛ مسلم، الصحيح	صحيح البخاري، الطبعة السلطانية (المطبعة الكبرى الأميرية ببولاق، ١٣١١هـ) بترقيم محمد فؤاد عبد الباقي في الحاشية (تحفة)، مصوَّرة دار طوق النجاة، بيروت، ط١، بعناية محمد زهير بن ناصر الناصر ؛ صحيح مسلم، وقف على طبعه وتحقيق نصوصه وتصحيحه وترقيمه محمد فؤاد عبد الباقي، مطبعة دار إحياء الكتب العربية (فيصل عيسى البابي الحلبي)، القاهرة، ٥ أجزاء متسلسلة الصفحات (لا سنة على صفحة العنوان)		البخاري ٨؛ مسلم ٤	البخاري ٨/٥٢؛ مسلم ٤/١٧٠٣	البخاري ٦٢٣١، ٦٢٣٢؛ مسلم ٢١٦٠		على المطبوع: البخاري ٦٢٣١: «يسلِّم الصغيرُ على الكبير، والمارُّ على القاعد، والقليلُ على الكثير». مسلم ٢١٦٠: «يُسلِّمُ الراكبُ على الماشي، والماشي على القاعد، والقليلُ على الكثير».		متحقّق — Verified	التوثيق	مطابقة الإنتاج، ٢٠٢٦/٠٩/٢٤		طوبق على مصوّرة المطبوع؛ المصوّرة: https://archive.org/details/03-54504 ; https://archive.org/details/saheeh_moslem_Abdulbaqy؛ الشاهد: مصوّرات/المجلدات-٢-١١/HA2/HA10-HA34_bukhari6231_v8p52.jpg؛ مصوّرات/المجلدات-٢-١١/HA2/HA34_muslim2160_v4p1703.jpg
م٦-٠٣٤	م٦ ف٠١	حديث	«يُسَلِّمُ الرَّاكِبُ عَلَى المَاشِي»	نص	البخاري؛ مسلم	البخاري؛ مسلم، الصحيح	صحيح البخاري، الطبعة السلطانية (بولاق ١٣١١هـ) بترقيم محمد فؤاد عبد الباقي، في مصوّرة دار طوق النجاة، ط١، بعناية محمد زهير بن ناصر الناصر (صفحة العنوان وظهرها والمقدمة: اعتماد ترقيم عبد الباقي) ؛ صحيح مسلم، تحقيق محمد فؤاد عبد الباقي، مطبعة دار إحياء الكتب العربية، فيصل عيسى البابي الحلبي، القاهرة (لا سنة على صفحة العنوان)؛ ترقيم الصفحات متسلسل عبر الأجزاء		البخاري ٨؛ مسلم ٤	البخاري ٨/٥٢؛ مسلم ٤/١٧٠٣	البخاري ٦٢٣٢ (و٦٢٣٣)؛ مسلم ٢١٦٠		على المطبوع: يُسلِّمُ الراكبُ على الماشي، والماشي على القاعد، والقليلُ على الكثير.		متحقّق — Verified	التوثيق	مطابقة الإنتاج، ٢٠٢٦/٠٩/٢٤		طوبق على مصوّرة المطبوع؛ المصوّرة: https://archive.org/details/03-54504 ; https://archive.org/details/saheeh_moslem_Abdulbaqy؛ الشاهد: مصوّرات/المجلدات-٢-١١/HA3/HA35_bukhari6232_v8p52.jpg؛ مصوّرات/المجلدات-٢-١١/HA3/HA35_muslim2160_p1703.jpg
م٦-٠٣٥	م٦ ف٠١	حديث	لَا تَحْقِرَنَّ مِنَ المَعْرُوفِ شَيْئًا، وَلَوْ أَنْ تَلْقَى أَخَاكَ بِوَجْهٍ طَلْقٍ	نص	مسلم	مسلم، الصحيح	صحيح مسلم، تحقيق محمد فؤاد عبد الباقي، مطبعة دار إحياء الكتب العربية، فيصل عيسى البابي الحلبي، القاهرة (لا سنة على صفحة العنوان)؛ ٥ أجزاء متسلسلة الترقيم		٤	٢٠٢٦	٢٦٢٦		على المطبوع: «لَا تَحْقِرَنَّ مِنَ الْمَعْرُوفِ شَيْئًا، وَلَوْ أَنْ تَلْقَى أَخَاكَ بِوَجْهٍ طَلْقٍ»		متحقّق — Verified	التوثيق	مطابقة الإنتاج، ٢٠٢٦/٠٩/٢٤		طوبق على مصوّرة المطبوع؛ المصوّرة: https://archive.org/details/saheeh_moslem_Abdulbaqy (file Saheeh_Moslem01; leaf = page − 1)؛ الشاهد: مصوّرات/المجلدات-٢-١١/HA4/HA36_muslim2626_p2026.jpg؛ مصوّرات/المجلدات-٢-١١/HA4/muslim_title.jpg
م٦-٠٣٦	م٦ ف٠١	حديث	«مَا حَجَبَنِي النَّبِيُّ ﷺ مُنْذُ أَسْلَمْتُ، وَلَا رَآنِي إِلَّا تَبَسَّمَ فِي وَجْهِي» (متفق عليه).	نص	البخاري	البخاري، الجامع الصحيح	صحيح البخاري، الطبعة السلطانية (المطبعة الأميرية ببولاق ١٣١١–١٣١٣هـ) في مصوّرة دار طوق النجاة بعناية محمد زهير بن ناصر الناصر (من صفحة العنوان ومقدمة الناشر)، بترقيم محمد فؤاد عبد الباقي في الهامش		٨	٢٤	٦٠٨٩		على المطبوع: البخاري: عن جرير قال: ما حجبني النبي ﷺ منذ أسلمت، ولا رآني إلا تبسّم في وجهي. | مسلم (١٣٥): ما حجبني رسول الله ﷺ منذ أسلمت، ولا رآني إلا تبسّم في وجهي. (وفي ١٣٤: إلا ضحك)		متحقّق — Verified	التوثيق	مطابقة الإنتاج، ٢٠٢٦/٠٩/٢٤		طوبق على مصوّرة المطبوع؛ المصوّرة: https://archive.org/details/03-54504 (file 08_54507.pdf)؛ الشاهد: مصوّرات/المجلدات-٢-١١/HA1/HA37_bukhari6089_v8p24.jpg؛ مصوّرات/المجلدات-٢-١١/HA1/HA37_muslim2475_v4p1925.jpg
م٦-٠٣٧	م٦ ف٠١	حديث	وقالت عائشة رضي الله عنها: «مَا رَأَيْتُ النَّبِيَّ ﷺ مُسْتَجْمِعًا قَطُّ ضَاحِكًا حَتَّى أَرَى مِنْهُ لَهَوَاتِهِ، إِنَ	نص	البخاري؛ مسلم	البخاري؛ مسلم، الصحيح	صحيح البخاري، الطبعة السلطانية (المطبعة الكبرى الأميرية ببولاق، ١٣١١هـ) بترقيم محمد فؤاد عبد الباقي في الحاشية (تحفة)، مصوَّرة دار طوق النجاة، بيروت، ط١، بعناية محمد زهير بن ناصر الناصر ؛ صحيح مسلم، وقف على طبعه وتحقيق نصوصه وتصحيحه وترقيمه محمد فؤاد عبد الباقي، مطبعة دار إحياء الكتب العربية (فيصل عيسى البابي الحلبي)، القاهرة، ٥ أجزاء متسلسلة الصفحات (لا سنة على صفحة العنوان)		البخاري ٨؛ مسلم ٢	البخاري ٨/٢٤؛ مسلم ٢/٦١٦–٦١٧	البخاري ٦٠٩٢؛ مسلم ٨٩٩		على المطبوع: البخاري ٦٠٩٢: عن عائشة رضي الله عنها قالت: ما رأيتُ النبيَّ صلى الله عليه وسلم مستجمِعًا قطُّ ضاحكًا حتى أرى منه لَهَواتِه، إنما كان يتبسَّم. مسلم ٨٩٩: أنها قالت: ما رأيتُ رسولَ الله ﷺ مستجمِعًا ضاحكًا. حتى أرى منه لَهَواتِه. إنما كان يتبسَّم.		متحقّق — Verified	التوثيق	مطابقة الإنتاج، ٢٠٢٦/٠٩/٢٤		طوبق على مصوّرة المطبوع؛ صُحّح لفظ المتن على المطبوع؛ كان في المتن قبل التصحيح: مَا رَأَيْتُ رَسُولَ اللَّهِ ﷺ مُسْتَجْمِعًا قَطُّ ضَاحِكًا حَتَّى أَرَى مِنْهُ لَهَوَاتِهِ، إِنَّمَا كَانَ يَتَبَسَّمُ؛ المصوّرة: https://archive.org/details/03-54504 ; https://archive.org/details/saheeh_moslem_Abdulbaqy؛ الشاهد: مصوّرات/المجلدات-٢-١١/HA2/HA38_bukhari6092_v8p24.jpg؛ مصوّرات/المجلدات-٢-١١/HA2/HA38_muslim899_v2p616-617.jpg
م٦-٠٣٨	م٦ ف٠١	حديث	«كُنْتُ لَكِ كَأَبِي زَرْعٍ لِأُمِّ زَرْعٍ»	نص	البخاري؛ مسلم	البخاري؛ مسلم، الصحيح	صحيح البخاري، الطبعة السلطانية (بولاق ١٣١١هـ) بترقيم محمد فؤاد عبد الباقي، في مصوّرة دار طوق النجاة، ط١، بعناية محمد زهير بن ناصر الناصر (صفحة العنوان وظهرها والمقدمة: اعتماد ترقيم عبد الباقي) ؛ صحيح مسلم، تحقيق محمد فؤاد عبد الباقي، مطبعة دار إحياء الكتب العربية، فيصل عيسى البابي الحلبي، القاهرة (لا سنة على صفحة العنوان)؛ ترقيم الصفحات متسلسل عبر الأجزاء		البخاري ٧؛ مسلم ٤	البخاري ٧/٢٧–٢٨؛ مسلم ٤/١٨٩٦–١٩٠١	البخاري ٥١٨٩؛ مسلم ٢٤٤٨		على المطبوع: …قالت عائشة: قال رسولُ الله صلى الله عليه وسلم: كنتُ لكِ كأبي زرعٍ لأمِّ زرع.		متحقّق — Verified	التوثيق	مطابقة الإنتاج، ٢٠٢٦/٠٩/٢٤		طوبق على مصوّرة المطبوع؛ المصوّرة: https://archive.org/details/03-54504 ; https://archive.org/details/saheeh_moslem_Abdulbaqy؛ الشاهد: مصوّرات/المجلدات-٢-١١/HA3/HA39_bukhari5189_v7p27-28.jpg؛ مصوّرات/المجلدات-٢-١١/HA3/HA39_muslim2448_p1896-1901.jpg
م٦-٠٣٩	م٦ ف٠٢	حديث	لَا تُبَشِّرْهُمْ فَيَتَّكِلُوا	نص	البخاري؛ مسلم	البخاري؛ مسلم، الصحيحان	صحيح البخاري، الطبعة السلطانية (بولاق ١٣١١هـ) بترقيم محمد فؤاد عبد الباقي كما في طبعة دار طوق النجاة، ط١، بعناية محمد زهير بن ناصر الناصر (صفحة العنوان والمقدمة: اعتماد ترقيم عبد الباقي) ؛ صحيح مسلم، تحقيق محمد فؤاد عبد الباقي، مطبعة دار إحياء الكتب العربية، فيصل عيسى البابي الحلبي، القاهرة (لا سنة على صفحة العنوان)؛ ٥ أجزاء متسلسلة الترقيم		البخاري ٤؛ مسلم ١	البخاري ٤/٢٩؛ مسلم ١/٥٨–٥٩	البخاري ٢٨٥٦؛ مسلم ٣٠		على المطبوع: البخاري: فقلت: يا رسول الله، أفلا أبشّر به الناس؟ قال: لا تبشّرْهم فيتّكلوا. — مسلم: قُلْتُ: يَا رَسُولَ اللَّهِ! أَفَلَا أُبَشِّرُ النَّاسَ؟ قَالَ: «لَا تُبَشِّرْهُمْ فَيَتَّكِلُوا».		متحقّق — Verified	التوثيق	مطابقة الإنتاج، ٢٠٢٦/٠٩/٢٤		طوبق على مصوّرة المطبوع؛ المصوّرة: https://archive.org/details/03-54504 (title page from https://archive.org/details/SahihBukhariYouniniya) ; https://archive.org/details/saheeh_moslem_Abdulbaqy (file Saheeh_Moslem01; leaf = page − 1)؛ الشاهد: مصوّرات/المجلدات-٢-١١/HA4/HA40_bukhari2856_v4p29.jpg؛ مصوّرات/المجلدات-٢-١١/HA4/HA40_muslim30_p58-59.jpg
م٦-٠٤٠	م٦ ف٠٣	حديث	وسأل النبيُّ ﷺ أُبيَّ بن كعب رضي الله عنه: «أتدري أيُّ آيةٍ من كتاب الله معك أعظم؟» فأجاب بآية الكرسي، فضرب في صدره وقال	نص	مسلم	مسلم، الصحيح	صحيح مسلم، تحقيق محمد فؤاد عبد الباقي، دار إحياء الكتب العربية (عيسى البابي الحلبي وشركاه)؛ النسخة المصوّرة: دار الحديث، القاهرة، ط١، ١٤١٢هـ/١٩٩١م، توزيع دار الكتب العلمية (بترقيم الطبعة الأصلية نفسه)		١	٥٥٦	٨١٠ (رقم ٢٥٨)		على المطبوع: قال رسول الله ﷺ: «يا أبا المنذر! أتدري أيّ آيةٍ من كتاب الله معك أعظم؟» قال: قلت: الله ورسوله أعلم. قال: «يا أبا المنذر! أتدري أيّ آيةٍ من كتاب الله معك أعظم؟» قال: قلت: الله لا إله إلا هو الحيّ القيّوم. قال: فضرب في صدري وقال: «والله! ليَهْنِكَ العلمُ أبا المنذر».		متحقّق — Verified	التوثيق	مطابقة الإنتاج، ٢٠٢٦/٠٩/٢٤		طوبق على مصوّرة المطبوع؛ كان في المتن: وسأل أُبيّ بن كعب رضي الله عنه: أي آية من كتاب الله معك أعظم؟ فأجاب بآية الكرسي، فقال له ﷺ: «وَاللَّهِ لِيَهْنِكَ العِلْ؛ المصوّرة: https://archive.org/details/saheeh_moslem_Abdulbaqy؛ الشاهد: مصوّرات/المجلدات-٢-١١/HA1/HA41_muslim810_v1p556.jpg
م٦-٠٤١	م٦ ف٠٣	حديث	مَنْ كَانَ مِنْكُمْ مَادِحًا أَخَاهُ لَا مَحَالَةَ، فَلْيَقُلْ: أَحْسِبُ فُلَانًا، وَاللَّهُ حَسِيبُهُ، وَلَا أُزَكِّي ع	نص	البخاري؛ مسلم	البخاري؛ مسلم، الصحيح	صحيح البخاري، الطبعة السلطانية (المطبعة الكبرى الأميرية ببولاق، ١٣١١هـ) بترقيم محمد فؤاد عبد الباقي في الحاشية (تحفة)، مصوَّرة دار طوق النجاة، بيروت، ط١، بعناية محمد زهير بن ناصر الناصر ؛ صحيح مسلم، وقف على طبعه وتحقيق نصوصه وتصحيحه وترقيمه محمد فؤاد عبد الباقي، مطبعة دار إحياء الكتب العربية (فيصل عيسى البابي الحلبي)، القاهرة، ٥ أجزاء متسلسلة الصفحات (لا سنة على صفحة العنوان)		البخاري ٣؛ مسلم ٤	البخاري ٣/١٧٦–١٧٧؛ مسلم ٤/٢٢٩٦	البخاري ٢٦٦٢ (و٦٠٦١، ٦١٦٢)؛ مسلم ٣٠٠٠		على المطبوع: البخاري ٢٦٦٢: أثنى رجلٌ على رجلٍ عند النبي صلى الله عليه وسلم فقال: «وَيْلَكَ، قطعتَ عنقَ صاحبك، قطعتَ عنقَ صاحبك» مرارًا، ثم قال: «مَن كان منكم مادحًا أخاه لا محالةَ فليقل: أحسِبُ فلانًا، والله حسيبُه، ولا أزكّي على الله أحدًا، أحسِبُه كذا وكذا إن كان يعلمُ ذلك منه». مسلم ٣٠٠٠: فقال: «ويحكَ! قطعتَ 		متحقّق — Verified	التوثيق	مطابقة الإنتاج، ٢٠٢٦/٠٩/٢٤		طوبق على مصوّرة المطبوع؛ المصوّرة: https://archive.org/details/03-54504 ; https://archive.org/details/saheeh_moslem_Abdulbaqy؛ الشاهد: مصوّرات/المجلدات-٢-١١/HA2/HA42_bukhari2662_v3p176-177.jpg؛ مصوّرات/المجلدات-٢-١١/HA2/HA42_muslim3000_v4p2296.jpg
م٦-٠٤٢	م٦ ف٠٣	حديث	إِذَا رَأَيْتُمُ المَدَّاحِينَ فَاحْثُوا فِي وُجُوهِهِمُ التُّرَابَ	نص	مسلم	مسلم، الصحيح	صحيح مسلم، تحقيق محمد فؤاد عبد الباقي، مطبعة دار إحياء الكتب العربية، فيصل عيسى البابي الحلبي، القاهرة (لا سنة على صفحة العنوان)؛ ترقيم الصفحات متسلسل عبر الأجزاء		٤	٢٢٩٧ (والباب في ٢٢٩٦)	٣٠٠٢ (رقم الرواية ٦٩)		على المطبوع: فقال: إنّ رسول الله ﷺ قال «إذا رأيتُمُ المدّاحينَ، فاحثُوا في وجوهِهمُ الترابَ».		متحقّق — Verified	التوثيق	مطابقة الإنتاج، ٢٠٢٦/٠٩/٢٤		طوبق على مصوّرة المطبوع؛ المصوّرة: https://archive.org/details/saheeh_moslem_Abdulbaqy؛ الشاهد: مصوّرات/المجلدات-٢-١١/HA3/HA43_muslim3002_p2296-2297.jpg
م٦-٠٤٣	م٦ ف٠٣	حديث	اللَّهُمَّ فَقِّهْهُ فِي الدِّينِ	نص	البخاري	البخاري، الجامع الصحيح	صحيح البخاري، الطبعة السلطانية (بولاق ١٣١١هـ) بترقيم محمد فؤاد عبد الباقي كما في طبعة دار طوق النجاة، ط١، بعناية محمد زهير بن ناصر الناصر (صفحة العنوان والمقدمة: اعتماد ترقيم عبد الباقي)		١	٤١	١٤٣		على المطبوع: عن ابن عباس أن النبي صلى الله عليه وسلم دخل الخلاء فوضعتُ له وَضوءًا، قال: مَن وضع هذا؟ فأُخبر، فقال: اللهمّ فقِّهْه في الدين.		متحقّق — Verified	التوثيق	مطابقة الإنتاج، ٢٠٢٦/٠٩/٢٤		طوبق على مصوّرة المطبوع؛ المصوّرة: https://archive.org/details/03-54504 (title page from https://archive.org/details/SahihBukhariYouniniya)؛ الشاهد: مصوّرات/المجلدات-٢-١١/HA4/HA44_bukhari143_v1p41.jpg
م٦-٠٤٤	م٦ ف٠٣	حديث	«اللَّهُمَّ أَكْثِرْ مَالَهُ وَوَلَدَهُ، وَبَارِكْ لَهُ فِيمَا أَعْطَيْتَهُ» (متفق عليه).	نص	البخاري	البخاري، الجامع الصحيح	صحيح البخاري، الطبعة السلطانية (المطبعة الأميرية ببولاق ١٣١١–١٣١٣هـ) في مصوّرة دار طوق النجاة بعناية محمد زهير بن ناصر الناصر (من صفحة العنوان ومقدمة الناشر)، بترقيم محمد فؤاد عبد الباقي في الهامش		٨	٧٥	٦٣٤٤ (وانظر ٦٣٣٤، ٦٣٧٨–٦٣٧٩)		على المطبوع: مسلم: عن أنس، عن أم سليم أنها قالت: يا رسول الله! خادمك أنس، ادع الله له. فقال: «اللهم! أكثر ماله وولده، وبارك له فيما أعطيته».		متحقّق — Verified	التوثيق	مطابقة الإنتاج، ٢٠٢٦/٠٩/٢٤		طوبق على مصوّرة المطبوع؛ المصوّرة: https://archive.org/details/03-54504 (file 08_54507.pdf)؛ الشاهد: مصوّرات/المجلدات-٢-١١/HA1/HA45_bukhari6344_v8p75.jpg؛ مصوّرات/المجلدات-٢-١١/HA1/HA45_muslim2480_v4p1928.jpg
م٦-٠٤٥	م٦ ف٠٣	حديث	إِذَا عَطَسَ أَحَدُكُمْ فَلْيَقُلْ: الحَمْدُ لِلَّهِ، وَلْيَقُلْ لَهُ أَخُوهُ أَوْ صَاحِبُهُ: يَرْحَمُكَ اللَّهُ، فَإِذَ	نص	البخاري	البخاري، الصحيح	صحيح البخاري، الطبعة السلطانية (المطبعة الكبرى الأميرية ببولاق، ١٣١١هـ) بترقيم محمد فؤاد عبد الباقي في الحاشية (تحفة)، مصوَّرة دار طوق النجاة، بيروت، ط١، بعناية محمد زهير بن ناصر الناصر		٨	٤٩–٥٠	٦٢٢٤		على المطبوع: قال: «إذا عطَسَ أحدُكم فليقل: الحمدُ لله، وليقلْ له أخوه أو صاحبُه: يرحمُك الله، فإذا قال له: يرحمُك الله، فليقل: يَهديكمُ اللهُ ويُصلحُ بالَكم»		متحقّق — Verified	التوثيق	مطابقة الإنتاج، ٢٠٢٦/٠٩/٢٤		طوبق على مصوّرة المطبوع؛ المصوّرة: https://archive.org/details/03-54504؛ الشاهد: مصوّرات/المجلدات-٢-١١/HA2/HA46_bukhari6224_v8p49-50.jpg
م٦-٠٤٦	م٦ ف٠٣	حديث	اللَّهُمَّ بَارِكْ لَهُمْ فِي مَا رَزَقْتَهُمْ، وَاغْفِرْ لَهُمْ وَارْحَمْهُمْ	نص	مسلم	مسلم، الصحيح	صحيح مسلم، تحقيق محمد فؤاد عبد الباقي، مطبعة دار إحياء الكتب العربية، فيصل عيسى البابي الحلبي، القاهرة (لا سنة على صفحة العنوان)؛ ترقيم الصفحات متسلسل عبر الأجزاء		٣	١٦١٥–١٦١٦	٢٠٤٢		على المطبوع: فقال «اللهمّ! باركْ لهم في ما رزقتَهم. واغفرْ لهم وارحمْهم».		متحقّق — Verified	التوثيق	مطابقة الإنتاج، ٢٠٢٦/٠٩/٢٤		طوبق على مصوّرة المطبوع؛ المصوّرة: https://archive.org/details/saheeh_moslem_Abdulbaqy؛ الشاهد: مصوّرات/المجلدات-٢-١١/HA3/HA47_muslim2042_p1615-1616.jpg
م٦-٠٤٧	م٦ ف٠٤	حديث	الِاسْتِئْذَانُ ثَلَاثٌ، فَإِنْ أُذِنَ لَكَ، وَإِلَّا فَارْجِعْ	نص	مسلم؛ البخاري	مسلم؛ البخاري، الصحيحان	صحيح مسلم، تحقيق محمد فؤاد عبد الباقي، مطبعة دار إحياء الكتب العربية، فيصل عيسى البابي الحلبي، القاهرة (لا سنة على صفحة العنوان)؛ ٥ أجزاء متسلسلة الترقيم ؛ صحيح البخاري، الطبعة السلطانية (بولاق ١٣١١هـ) بترقيم محمد فؤاد عبد الباقي كما في طبعة دار طوق النجاة، ط١، بعناية محمد زهير بن ناصر الناصر (صفحة العنوان والمقدمة: اعتماد ترقيم عبد الباقي)		مسلم ٣؛ البخاري ٨	مسلم ٣/١٦٩٤؛ البخاري ٨/٥٤	مسلم ٢١٥٣؛ البخاري ٦٢٤٥		على المطبوع: مسلم: هَلْ سَمِعَ أَحَدٌ مِنْكُمْ رَسُولَ اللَّهِ ﷺ يَقُولُ «الِاسْتِئْذَانُ ثَلَاثٌ. فَإِنْ أُذِنَ لَكَ. وَإِلَّا فَارْجِعْ». — البخاري: وقال رسول الله صلى الله عليه وسلم: إذا استأذن أحدُكم ثلاثًا فلم يُؤذَن له فليرجع.		متحقّق — Verified	التوثيق	مطابقة الإنتاج، ٢٠٢٦/٠٩/٢٤		طوبق على مصوّرة المطبوع؛ المصوّرة: https://archive.org/details/saheeh_moslem_Abdulbaqy (file Saheeh_Moslem01; leaf = page − 1) ; https://archive.org/details/03-54504 (title page from https://archive.org/details/SahihBukhariYouniniya)؛ الشاهد: مصوّرات/المجلدات-٢-١١/HA4/HA48_muslim2153_p1694.jpg؛ مصوّرات/المجلدات-٢-١١/HA4/HA48_bukhari6245_v8p54.jpg
م٦-٠٤٨	م٦ ف٠٤	حديث	«مَنْ نَفَّسَ عَنْ مُؤْمِنٍ كُرْبَةً مِنْ كُرَبِ الدُّنْيَا، نَفَّسَ اللهُ عَنْهُ كُرْبَةً مِنْ كُرَبِ يَوْمِ الْقِيَامَ	نص	مسلم	مسلم، الصحيح	صحيح مسلم، تحقيق محمد فؤاد عبد الباقي، دار إحياء الكتب العربية (عيسى البابي الحلبي وشركاه)؛ النسخة المصوّرة: دار الحديث، القاهرة، ط١، ١٤١٢هـ/١٩٩١م، توزيع دار الكتب العلمية (بترقيم الطبعة الأصلية نفسه)		٤	٢٠٧٤	٢٦٩٩ (رقم ٣٨)		على المطبوع: «من نفّس عن مؤمنٍ كُربةً من كُرَب الدنيا، نفّس الله عنه كربةً من كُرَب يوم القيامة، ومن يسّر على مُعسرٍ يسّر الله عليه في الدنيا والآخرة …»		متحقّق — Verified	التوثيق	مطابقة الإنتاج، ٢٠٢٦/٠٩/٢٤		طوبق على مصوّرة المطبوع؛ المصوّرة: https://archive.org/details/saheeh_moslem_Abdulbaqy؛ الشاهد: مصوّرات/المجلدات-٢-١١/HA1/HA49_muslim2699_v4p2074.jpg
م٦-٠٤٩	م٦ ف٠١	حديث	«يُسَلِّمُ الرَّاكِبُ عَلَى المَاشِي، وَالمَاشِي عَلَى القَاعِدِ، وَالقَلِيلُ عَلَى الكَثِيرِ» (متفق عليه).	نص	البخاري؛ مسلم	البخاري؛ مسلم، الصحيح	صحيح البخاري، الطبعة السلطانية (بولاق ١٣١١هـ) بترقيم محمد فؤاد عبد الباقي، في مصوّرة دار طوق النجاة، ط١، بعناية محمد زهير بن ناصر الناصر ؛ صحيح مسلم، تحقيق محمد فؤاد عبد الباقي، مطبعة دار إحياء الكتب العربية، فيصل عيسى البابي الحلبي، القاهرة (لا سنة على صفحة العنوان)؛ ترقيم الصفحات متسلسل عبر الأجزاء		البخاري ٨؛ مسلم ٤	البخاري ٨/٥٢؛ مسلم ٤/١٧٠٣	البخاري ٦٢٣٢؛ مسلم ٢١٦٠		على المطبوع: يُسلِّمُ الراكبُ على الماشي، والماشي على القاعد، والقليلُ على الكثير.		متحقّق — Verified	التوثيق	مطابقة الإنتاج، ٢٠٢٦/٠٩/٢٤		طوبق على مصوّرة المطبوع؛ المصوّرة: https://archive.org/details/03-54504 ; https://archive.org/details/saheeh_moslem_Abdulbaqy (file Saheeh_Moslem01; leaf = page − 1)
م٦-٠٥٠	م٦ ف٠٩	حديث	«تَهَادَوْا تَحَابُّوا» (رواه البخاري في الأدب المفرد)	نص	البخاري	البخاري، الأدب المفرد	الأدب المفرد، خرّج أحاديثه محمد فؤاد عبد الباقي، دار البشائر الإسلامية، بيروت، طبعة ثالثة منقّحة، ١٤٠٩هـ/١٩٨٩م (طُبع بالتعاون مع المطبعة السلفية ومكتبتها بالقاهرة)			٢٠٨	٥٩٤		على المطبوع: ٥٩٤ — حدثنا عمرو بن خالد قال: حدثنا ضمام بن إسماعيل قال: سمعت موسى بن وردان، عن أبي هريرة، عن النبي ﷺ يقول «تهادوا تحابوا».		متحقّق — Verified	التوثيق	مطابقة الإنتاج، ٢٠٢٦/٠٩/٢٤		طوبق على مصوّرة المطبوع؛ المصوّرة: https://archive.org/details/20191216_20191216_1214؛ الشاهد: مصوّرات/المجلدات-٢-١١/HA5/HA5-2_adabmufrad594_p208.jpg؛ مصوّرات/المجلدات-٢-١١/HA5/adabmufrad_title.jpg
م٦-٠٥١	م٦ ف٠٤	حديث	وَاللهُ فِي عَوْنِ الْعَبْدِ مَا كَانَ الْعَبْدُ فِي عَوْنِ أَخِيهِ	نص	مسلم	مسلم، الصحيح	صحيح مسلم، وقف على طبعه وتحقيق نصوصه وتصحيحه وترقيمه محمد فؤاد عبد الباقي، مطبعة دار إحياء الكتب العربية (فيصل عيسى البابي الحلبي)، القاهرة، ٥ أجزاء متسلسلة الصفحات (لا سنة على صفحة العنوان)		٤	٢٠٧٤	٢٦٩٩		على المطبوع: «... واللهُ في عونِ العبدِ ما كان العبدُ في عونِ أخيه. ومن سلك طريقًا يلتمسُ فيه علمًا، سهَّل اللهُ له به طريقًا إلى الجنة ...»		متحقّق — Verified	التوثيق	مطابقة الإنتاج، ٢٠٢٦/٠٩/٢٤		طوبق على مصوّرة المطبوع؛ المصوّرة: https://archive.org/details/saheeh_moslem_Abdulbaqy؛ الشاهد: مصوّرات/المجلدات-٢-١١/HA2/HA50-HA114_muslim2699_v4p2074.jpg
م٦-٠٥٢	م٦ ف٠٤	حديث	مَا سُئِلَ رَسُولُ اللهِ صلى الله عليه وسلم شَيْئًا قَطُّ فَقَالَ: لَا	نص	مسلم	مسلم، الصحيح	صحيح مسلم، تحقيق محمد فؤاد عبد الباقي، مطبعة دار إحياء الكتب العربية، فيصل عيسى البابي الحلبي، القاهرة (لا سنة على صفحة العنوان)؛ ترقيم الصفحات متسلسل عبر الأجزاء		٤	١٨٠٥	٢٣١١		على المطبوع: سمع جابرَ بن عبد الله قال: ما سُئِلَ رسولُ الله ﷺ شيئًا قطُّ فقال: لا.		متحقّق — Verified	التوثيق	مطابقة الإنتاج، ٢٠٢٦/٠٩/٢٤		طوبق على مصوّرة المطبوع؛ المصوّرة: https://archive.org/details/saheeh_moslem_Abdulbaqy؛ الشاهد: مصوّرات/المجلدات-٢-١١/HA3/HA51_muslim2311_p1805.jpg
م٦-٠٥٣	م٦ ف٠٤	حديث	الدَّالُّ عَلَى الْخَيْرِ كَفَاعِلِهِ	نص	الترمذي؛ مسلم	الترمذي؛ مسلم، الصحيحان	الجامع الصحيح وهو سنن الترمذي، الجزء الخامس، تحقيق وتعليق إبراهيم عطوة عوض، شركة مكتبة ومطبعة مصطفى البابي الحلبي وأولاده بمصر، الطبعة الثانية ١٣٩٥هـ/١٩٧٥م ؛ صحيح مسلم، تحقيق محمد فؤاد عبد الباقي، مطبعة دار إحياء الكتب العربية، فيصل عيسى البابي الحلبي، القاهرة (لا سنة على صفحة العنوان)؛ ٥ أجزاء متسلسلة الترقيم		الترمذي ٥؛ مسلم ٣	الترمذي ٥/٤١؛ مسلم ٣/١٥٠٦	الترمذي ٢٦٧٠ (و٢٦٧١)؛ مسلم ١٨٩٣	الترمذي ٢٦٧٠: «هذا حديث غريب من هذا الوجه من حديث أنس عن النبي صلى الله عليه وسلم»؛ ٢٦٧١: «هذا حديث حسن صحيح»	على المطبوع: الترمذي ٢٦٧٠ (عن أنس): … فأتى النبيَّ صلى الله عليه وسلم فأخبره فقال: إنّ الدالَّ على الخير كفاعلِه. — مسلم ١٨٩٣ (عن أبي مسعود): فَقَالَ رَسُولُ اللَّهِ ﷺ «مَنْ دَلَّ عَلَى خَيْرٍ فَلَهُ مِثْلُ أَجْرِ فَاعِلِهِ».		متحقّق — Verified	التوثيق	مطابقة الإنتاج، ٢٠٢٦/٠٩/٢٤		طوبق على مصوّرة المطبوع؛ صُحّح قول المتن على المطبوع؛ المصوّرة: https://archive.org/details/alfirdwsiy2018_gmail_0915 (leaf 2599) ; https://archive.org/details/saheeh_moslem_Abdulbaqy (file Saheeh_Moslem01; leaf = page − 1)؛ الشاهد: مصوّرات/المجلدات-٢-١١/HA4/HA52_tirmidhi2670-2671_v5p41.jpg؛ مصوّرات/المجلدات-٢-١١/HA4/HA52_muslim1893_p1506.jpg؛ مصوّرات/المجلدات-٢-١١/HA4/tirmidhi5_title.jpg
م٦-٠٥٤	م٦ ف٠٥	حديث	«كُلُّ بَنِي آدَمَ خَطَّاءٌ، وَخَيْرُ الْخَطَّائِينَ التَّوَّابُونَ» (رواه الترمذي وابن ماجه).	نص	الترمذي	الترمذي، الجامع (السنن)	الجامع الصحيح وهو سنن الترمذي، ج٤ تحقيق إبراهيم عطوة عوض، شركة مكتبة ومطبعة مصطفى البابي الحلبي وأولاده بمصر، ط١، ١٣٨٢هـ/١٩٦٢م		٤	٦٥٩	٢٤٩٩	هذا حديثٌ غريبٌ لا نعرفه إلا من حديث عليّ بن مسعدة عن قتادة	على المطبوع: الترمذي: «كلُّ ابنِ آدمَ خطّاءٌ، وخيرُ الخطّائين التوّابون». قال أبو عيسى: هذا حديثٌ غريبٌ لا نعرفه إلا من حديث عليّ بن مسعدة عن قتادة. | ابن ماجه: «كلُّ بني آدمَ خطّاء. وخيرُ الخطّائين التوّابون».		متحقّق — Verified	التوثيق	مطابقة الإنتاج، ٢٠٢٦/٠٩/٢٤		طوبق على مصوّرة المطبوع؛ المصوّرة: https://archive.org/details/alfirdwsiy2018_gmail_0915؛ الشاهد: مصوّرات/المجلدات-٢-١١/HA1/HA53_tirmidhi2499_v4p659.jpg؛ مصوّرات/المجلدات-٢-١١/HA1/HA53_ibnmajah4251_v2p1420.jpg؛ مصوّرات/المجلدات-٢-١١/HA1/tirmidhi4_title.jpg
م٦-٠٥٥	م٦ ف٠٥	حديث	لمّا احتُضِر ابنُ ابنته صلى الله عليه وسلم، أرسلت إليه ابنته تدعوه، فأرسل إليها يقول: «إِنَّ لِلَّهِ مَا أَخَذَ، وَلَهُ 	نص	البخاري؛ مسلم	البخاري؛ مسلم، الصحيح	صحيح البخاري، الطبعة السلطانية (المطبعة الكبرى الأميرية ببولاق، ١٣١١هـ) بترقيم محمد فؤاد عبد الباقي في الحاشية (تحفة)، مصوَّرة دار طوق النجاة، بيروت، ط١، بعناية محمد زهير بن ناصر الناصر ؛ صحيح مسلم، وقف على طبعه وتحقيق نصوصه وتصحيحه وترقيمه محمد فؤاد عبد الباقي، مطبعة دار إحياء الكتب العربية (فيصل عيسى البابي الحلبي)، القاهرة، ٥ أجزاء متسلسلة الصفحات (لا سنة على صفحة العنوان)		البخاري ٢؛ مسلم ٢	البخاري ٢/٧٩؛ مسلم ٢/٦٣٥–٦٣٦	البخاري ١٢٨٤؛ مسلم ٩٢٣		على المطبوع: البخاري ١٢٨٤: أرسلت ابنةُ النبي صلى الله عليه وسلم إليه: إنّ ابنًا لي قُبِضَ فأتِنا، فأرسل يُقرئ السلامَ ويقول: «إنّ لله ما أخذ وله ما أعطى، وكلٌّ عنده بأجلٍ مسمًّى، فلتصبرْ ولتحتسبْ». مسلم ٩٢٣: فأرسلت إليه إحدى بناته تدعوه وتخبره أنّ صبيًّا لها، أو ابنًا لها، في الموت. فقال للرسول: «ارجع إليها. فأخ		متحقّق — Verified	التوثيق	مطابقة الإنتاج، ٢٠٢٦/٠٩/٢٤		طوبق على مصوّرة المطبوع؛ صُحّح لفظ المتن على المطبوع؛ كان في المتن قبل التصحيح: إِنَّ لِلَّهِ مَا أَخَذَ، وَلَهُ مَا أَعْطَى، وَكُلُّ شَيْءٍ عِنْدَهُ بِأَجَلٍ مُسَمًّى، فَلْتَصْبِرْ وَلْتَحْتَسِبْ؛ المصوّرة: https://archive.org/details/03-54504 ; https://archive.org/details/saheeh_moslem_Abdulbaqy؛ الشاهد: مصوّرات/المجلدات-٢-١١/HA2/HA54_bukhari1284_v2p79.jpg؛ مصوّرات/المجلدات-٢-١١/HA2/HA54_muslim923_v2p635-636.jpg
م٦-٠٥٦	م٦ ف٠٦	حديث	لَا يُصَلِّيَنَّ أَحَدٌ العَصْرَ إِلَّا فِي بَنِي قُرَيْظَةَ	نص	البخاري	البخاري، الجامع الصحيح	صحيح البخاري، الطبعة السلطانية (بولاق ١٣١١هـ) بترقيم محمد فؤاد عبد الباقي، في مصوّرة دار طوق النجاة، ط١، بعناية محمد زهير بن ناصر الناصر (صفحة العنوان وظهرها والمقدمة: اعتماد ترقيم عبد الباقي)		٢	١٥	٩٤٦ (وانظر ٤١١٩)		على المطبوع: قال النبيّ صلى الله عليه وسلم لنا لمّا رجع من الأحزاب: لا يُصلِّينَّ أحدٌ العصرَ إلا في بني قُريظة. فأدرك بعضَهم العصرُ في الطريق، فقال بعضهم: لا نصلّي حتى نأتيها، وقال بعضهم: بل نصلّي، لم يُرَد منّا ذلك. فذُكر للنبيّ صلى الله عليه وسلم فلم يعنّف واحدًا منهم.		متحقّق — Verified	التوثيق	مطابقة الإنتاج، ٢٠٢٦/٠٩/٢٤		طوبق على مصوّرة المطبوع؛ المصوّرة: https://archive.org/details/03-54504؛ الشاهد: مصوّرات/المجلدات-٢-١١/HA3/HA55_bukhari946_v2p15.jpg
م٦-٠٥٧	م٦ ف٠٦	حديث	إِذَا حَكَمَ الحَاكِمُ فَاجْتَهَدَ ثُمَّ أَصَابَ فَلَهُ أَجْرَانِ، وَإِذَا حَكَمَ فَاجْتَهَدَ ثُمَّ أَخْطَأَ فَلَهُ أَجْ	نص	البخاري؛ مسلم	البخاري؛ مسلم، الصحيحان	صحيح البخاري، الطبعة السلطانية (بولاق ١٣١١هـ) بترقيم محمد فؤاد عبد الباقي كما في طبعة دار طوق النجاة، ط١، بعناية محمد زهير بن ناصر الناصر (صفحة العنوان والمقدمة: اعتماد ترقيم عبد الباقي) ؛ صحيح مسلم، تحقيق محمد فؤاد عبد الباقي، مطبعة دار إحياء الكتب العربية، فيصل عيسى البابي الحلبي، القاهرة (لا سنة على صفحة العنوان)؛ ٥ أجزاء متسلسلة الترقيم		البخاري ٩؛ مسلم ٣	البخاري ٩/١٠٨؛ مسلم ٣/١٣٤٢	البخاري ٧٣٥٢؛ مسلم ١٧١٦		على المطبوع: البخاري: إذا حكم الحاكمُ فاجتهد ثم أصاب فله أجران، وإذا حكم فاجتهد ثم أخطأ فله أجر. — مسلم: «إِذَا حَكَمَ الْحَاكِمُ فَاجْتَهَدَ ثُمَّ أَصَابَ، فَلَهُ أَجْرَانِ. وَإِذَا حَكَمَ فَاجْتَهَدَ، ثُمَّ أَخْطَأَ، فَلَهُ أَجْرٌ».		متحقّق — Verified	التوثيق	مطابقة الإنتاج، ٢٠٢٦/٠٩/٢٤		طوبق على مصوّرة المطبوع؛ المصوّرة: https://archive.org/details/03-54504 (title page from https://archive.org/details/SahihBukhariYouniniya) ; https://archive.org/details/saheeh_moslem_Abdulbaqy (file Saheeh_Moslem01; leaf = page − 1)؛ الشاهد: مصوّرات/المجلدات-٢-١١/HA4/HA56_bukhari7352_v9p108.jpg؛ مصوّرات/المجلدات-٢-١١/HA4/HA56_muslim1716_p1342.jpg
م٦-٠٥٨	م٦ ف٠٧	حديث	«بِحَسْبِ امْرِئٍ مِنَ الشَّرِّ أَنْ يَحْقِرَ أَخَاهُ الْمُسْلِمَ» (رواه مسلم).	نص	مسلم	مسلم، الصحيح	صحيح مسلم، تحقيق محمد فؤاد عبد الباقي، دار إحياء الكتب العربية (عيسى البابي الحلبي وشركاه)؛ النسخة المصوّرة: دار الحديث، القاهرة، ط١، ١٤١٢هـ/١٩٩١م، توزيع دار الكتب العلمية (بترقيم الطبعة الأصلية نفسه)		٤	١٩٨٦	٢٥٦٤ (رقم ٣٢)		على المطبوع: … «التقوى ههنا» ويشير إلى صدره ثلاث مرات «بحسب امرئٍ من الشرّ أن يحقر أخاه المسلم. كلّ المسلم على المسلم حرامٌ: دمُه، ومالُه، وعِرضُه».		متحقّق — Verified	التوثيق	مطابقة الإنتاج، ٢٠٢٦/٠٩/٢٤		طوبق على مصوّرة المطبوع؛ المصوّرة: https://archive.org/details/saheeh_moslem_Abdulbaqy؛ الشاهد: مصوّرات/المجلدات-٢-١١/HA1/HA57_muslim2564_v4p1986.jpg
م٦-٠٥٩	م٦ ف٠٧	حديث	الْكِبْرُ بَطَرُ الْحَقِّ وَغَمْطُ النَّاسِ	نص	مسلم	مسلم، الصحيح	صحيح مسلم، وقف على طبعه وتحقيق نصوصه وتصحيحه وترقيمه محمد فؤاد عبد الباقي، مطبعة دار إحياء الكتب العربية (فيصل عيسى البابي الحلبي)، القاهرة، ٥ أجزاء متسلسلة الصفحات (لا سنة على صفحة العنوان)		١	٩٣	٩١		على المطبوع: قال: «إنّ الله جميلٌ يحبُّ الجمالَ. الكِبْرُ بَطَرُ الحقِّ وغَمْطُ الناسِ». [الحاشية: (غمط الناس) معناه احتقارهم]		متحقّق — Verified	التوثيق	مطابقة الإنتاج، ٢٠٢٦/٠٩/٢٤		طوبق على مصوّرة المطبوع؛ المصوّرة: https://archive.org/details/saheeh_moslem_Abdulbaqy؛ الشاهد: مصوّرات/المجلدات-٢-١١/HA2/HA58_muslim91_v1p93.jpg
م٦-٠٦٠	م٦ ف٠٨	حديث	مَا رَأَيْتُ أَحَدًا أَكْثَرَ تَبَسُّمًا مِنْ رَسُولِ اللهِ صلى الله عليه وسلم	نص	الترمذي	الترمذي، الجامع (السنن)	الجامع الصحيح وهو سنن الترمذي، ج٥، تحقيق وتعليق إبراهيم عطوة عوض، شركة مكتبة ومطبعة مصطفى البابي الحلبي وأولاده بمصر، ط٢، ١٣٩٥هـ/١٩٧٥م		٥	٦٠١	٣٦٤١	هذا حديث حسن غريب	على المطبوع: ٣٦٤١ – حدّثنا قتيبة. حدّثنا ابن لهيعة عن عبيد الله بن المغيرة عن عبد الله بن الحارث بن حزم [كذا] قال: ما رأيتُ أحدًا أكثرَ تبسُّمًا من رسول الله صلى الله عليه وسلم. قال أبو عيسى: هذا حديث حسن غريب.		متحقّق — Verified	التوثيق	مطابقة الإنتاج، ٢٠٢٦/٠٩/٢٤		طوبق على مصوّرة المطبوع؛ المصوّرة: https://archive.org/details/SunanTirmithiHalabii (file suntrmsh5)؛ الشاهد: مصوّرات/المجلدات-٢-١١/HA3/HA59_tirmidhi3641_v5p601.jpg؛ مصوّرات/المجلدات-٢-١١/HA3/tirmidhi5_title.jpg
م٦-٠٦١	م٦ ف٠٨	حديث	وقال ﷺ: «تَبَسُّمُكَ فِي وَجْهِ أَخِيكَ لَكَ صَدَقَةٌ» (رواه الترمذي).	نص	الترمذي	الترمذي، الجامع (السنن)	الجامع الصحيح وهو سنن الترمذي، الجزء الرابع، تحقيق وتعليق إبراهيم عطوة عوض، شركة مكتبة ومطبعة مصطفى البابي الحلبي وأولاده بمصر، الطبعة الأولى ١٣٨٢هـ/١٩٦٢م		٤	٣٣٩–٣٤٠	١٩٥٦	قال أبو عيسى: هذا حديث حسن غريب	على المطبوع: عن أبي ذرّ قال: قال رسول الله صلى الله عليه وسلم: تبسُّمُك في وجه أخيك لك صدقة، وأمرُك بالمعروف ونهيُك عن المنكر صدقة، … قال أبو عيسى: هذا حديث حسن غريب.		متحقّق — Verified	التوثيق	مطابقة الإنتاج، ٢٠٢٦/٠٩/٢٤		طوبق على مصوّرة المطبوع؛ صُحّح لفظ المتن على المطبوع؛ كان في المتن قبل التصحيح: تَبَسُّمُكَ فِي وَجْهِ أَخِيكَ صَدَقَةٌ؛ المصوّرة: https://archive.org/details/alfirdwsiy2018_gmail_0915 (leaves 2141–2142)؛ الشاهد: مصوّرات/المجلدات-٢-١١/HA4/HA60_tirmidhi1956_v4p339-340.jpg؛ مصوّرات/المجلدات-٢-١١/HA4/tirmidhi4_title.jpg؛ مصوّرات/المجلدات-٢-١١/HA4/HA60_tirmidhi3641_v5p601.jpg
م٦-٠٦٢	م٦ ف٠٨	حديث	قال النبي ﷺ: «مَنْ أَحَبَّ أَنْ يَمْثُلَ لَهُ الرِّجَالُ قِيَامًا فَلْيَتَبَوَّأْ مَقْعَدَهُ مِنَ النَّارِ» (رواه أبو دا	نص	أبو داود	أبو داود، السنن	سنن أبي داود، تحقيق محمد محيي الدين عبد الحميد، المكتبة العصرية، صيدا–بيروت (بلا تاريخ على صفحة العنوان)		٤	٣٥٨	٥٢٢٩		على المطبوع: أبو داود: خرج معاوية على ابن الزبير وابن عامر، فقام ابن عامر وجلس ابن الزبير، فقال معاوية لابن عامر: اجلس؛ فإني سمعت رسول الله ﷺ يقول: «مَن أحبَّ أن يَمْثُلَ له الرجالُ قيامًا فليتبوّأ مقعده من النار». | الترمذي: «مَن سرَّه أن يتمثّل له الرجالُ قيامًا فليتبوّأ مقعده من النار». وفي الباب عن أبي أمامة		متحقّق — Verified	التوثيق	مطابقة الإنتاج، ٢٠٢٦/٠٩/٢٤		طوبق على مصوّرة المطبوع؛ صُحّح لفظ المتن على المطبوع؛ كان في المتن قبل التصحيح: «مَنْ أَحَبَّ أَنْ يَتَمَثَّلَ لَهُ الرِّجَالُ قِيَامًا فَلْيَتَبَوَّأْ مَقْعَدَهُ مِنَ النَّارِ» (رواه أبو داود والترمذ؛ المصوّرة: https://archive.org/details/04-8461-2 (file 04_8461-2.pdf)؛ الشاهد: مصوّرات/المجلدات-٢-١١/HA1/HA61_abudawud5229_v4p358.jpg؛ مصوّرات/المجلدات-٢-١١/HA1/HA61_tirmidhi2755_v5p90.jpg؛ مصوّرات/المجلدات-٢-١١/HA1/HA61_tirmidhi2755_v5p91.jpg
م٦-٠٦٣	م٦ ف٠٩	حديث	إِنَّ مِنْ خِيَارِكُمْ أَحَاسِنَكُمْ أَخْلَاقًا	نص	البخاري؛ مسلم	البخاري؛ مسلم، الصحيح	صحيح البخاري، الطبعة السلطانية (المطبعة الكبرى الأميرية ببولاق، ١٣١١هـ) بترقيم محمد فؤاد عبد الباقي في الحاشية (تحفة)، مصوَّرة دار طوق النجاة، بيروت، ط١، بعناية محمد زهير بن ناصر الناصر ؛ صحيح مسلم، وقف على طبعه وتحقيق نصوصه وتصحيحه وترقيمه محمد فؤاد عبد الباقي، مطبعة دار إحياء الكتب العربية (فيصل عيسى البابي الحلبي)، القاهرة، ٥ أجزاء متسلسلة الصفحات (لا سنة على صفحة العنوان)		البخاري ٤؛ مسلم ٤	البخاري ٤/١٨٩؛ مسلم ٤/١٨١٠	البخاري ٣٥٥٩ (و٦٠٣٥)؛ مسلم ٢٣٢١		على المطبوع: البخاري ٣٥٥٩: لم يكن النبيُّ صلى الله عليه وسلم فاحشًا ولا متفحِّشًا وكان يقول: «إنّ مِن خيارِكم أحسنَكم أخلاقًا». مسلم ٢٣٢١: وقال: قال رسول الله ﷺ «إنّ مِن خيارِكم أحاسنَكم أخلاقًا».		متحقّق — Verified	التوثيق	مطابقة الإنتاج، ٢٠٢٦/٠٩/٢٤		طوبق على مصوّرة المطبوع؛ المصوّرة: https://archive.org/details/03-54504 ; https://archive.org/details/saheeh_moslem_Abdulbaqy؛ الشاهد: مصوّرات/المجلدات-٢-١١/HA2/HA62_bukhari3559_v4p189.jpg؛ مصوّرات/المجلدات-٢-١١/HA2/HA62_muslim2321_v4p1810.jpg
م٦-٠٦٤	م٦ ف٠٩	حديث	مَا تَوَاضَعَ أَحَدٌ لِلَّهِ إِلَّا رَفَعَهُ اللهُ	نص	مسلم	مسلم، الصحيح	صحيح مسلم، تحقيق محمد فؤاد عبد الباقي، مطبعة دار إحياء الكتب العربية، فيصل عيسى البابي الحلبي، القاهرة (لا سنة على صفحة العنوان)؛ ترقيم الصفحات متسلسل عبر الأجزاء		٤	٢٠٠١	٢٥٨٨		على المطبوع: «ما نقصتْ صدقةٌ من مالٍ. وما زاد اللهُ عبدًا بعفوٍ إلا عزًّا. وما تواضع أحدٌ لله إلا رفعه الله».		متحقّق — Verified	التوثيق	مطابقة الإنتاج، ٢٠٢٦/٠٩/٢٤		طوبق على مصوّرة المطبوع؛ المصوّرة: https://archive.org/details/saheeh_moslem_Abdulbaqy؛ الشاهد: مصوّرات/المجلدات-٢-١١/HA3/HA63_muslim2588_p2001.jpg
م٦-٠٦٥	م٦ ف٠٩	حديث	حَقُّ الْمُسْلِمِ عَلَى الْمُسْلِمِ خَمْسٌ: رَدُّ السَّلَامِ، وَعِيَادَةُ الْمَرِيضِ، وَاتِّبَاعُ الْجَنَائِزِ، وَإِجَاب	نص	البخاري؛ مسلم	البخاري؛ مسلم، الصحيحان	صحيح البخاري، الطبعة السلطانية (بولاق ١٣١١هـ) بترقيم محمد فؤاد عبد الباقي كما في طبعة دار طوق النجاة، ط١، بعناية محمد زهير بن ناصر الناصر (صفحة العنوان والمقدمة: اعتماد ترقيم عبد الباقي) ؛ صحيح مسلم، تحقيق محمد فؤاد عبد الباقي، مطبعة دار إحياء الكتب العربية، فيصل عيسى البابي الحلبي، القاهرة (لا سنة على صفحة العنوان)؛ ٥ أجزاء متسلسلة الترقيم		البخاري ٢؛ مسلم ٤	البخاري ٢/٧١؛ مسلم ٤/١٧٠٤	البخاري ١٢٤٠؛ مسلم ٢١٦٢		على المطبوع: البخاري: حقُّ المسلم على المسلم خمسٌ: ردُّ السلام، وعيادةُ المريض، واتّباعُ الجنائز، وإجابةُ الدعوة، وتشميتُ العاطس. — مسلم: «حَقُّ الْمُسْلِمِ عَلَى الْمُسْلِمِ خَمْسٌ» ح … «خَمْسٌ تَجِبُ لِلْمُسْلِمِ عَلَى أَخِيهِ: رَدُّ السَّلَامِ، وَتَشْمِيتُ الْعَاطِسِ، وَإِجَابَةُ الدَّعْوَةِ، وَعِيَادَةُ الْم		متحقّق — Verified	التوثيق	مطابقة الإنتاج، ٢٠٢٦/٠٩/٢٤		طوبق على مصوّرة المطبوع؛ صُحّح لفظ المتن على المطبوع؛ المصوّرة: https://archive.org/details/03-54504 (title page from https://archive.org/details/SahihBukhariYouniniya) ; https://archive.org/details/saheeh_moslem_Abdulbaqy (file Saheeh_Moslem01; leaf = page − 1)؛ الشاهد: مصوّرات/المجلدات-٢-١١/HA4/HA64_bukhari1240_v2p71.jpg؛ مصوّرات/المجلدات-٢-١١/HA4/HA64_muslim2162_p1704.jpg
م٦-٠٦٦	م٦ ف٠٩	حديث	«أَدِّ الْأَمَانَةَ إِلَى مَنِ ائْتَمَنَكَ» (رواه أبو داود والترمذي).	نص	أبو داود	أبو داود، السنن	سنن أبي داود، تحقيق محمد محيي الدين عبد الحميد، المكتبة العصرية، صيدا–بيروت (بلا تاريخ على صفحة العنوان)		٣	٢٩٠ (ترجمة الباب ص٢٨٩)	٣٥٣٥ (وقبله ٣٥٣٤)		على المطبوع: أبو داود (٣٥٣٥): عن أبي هريرة قال: قال رسول الله ﷺ: «أدِّ الأمانةَ إلى مَن ائتمنك، ولا تخُن من خانك». | الترمذي (١٢٦٤): قال النبي ﷺ: «أدِّ الأمانة إلى من ائتمنك، ولا تخن من خانك». قال أبو عيسى: هذا حديثٌ حسنٌ غريب.		متحقّق — Verified	التوثيق	مطابقة الإنتاج، ٢٠٢٦/٠٩/٢٤		طوبق على مصوّرة المطبوع؛ المصوّرة: https://archive.org/details/04-8461-2 (file 03_8461-1.pdf)؛ الشاهد: مصوّرات/المجلدات-٢-١١/HA1/HA65_abudawud3534-3535_v3p289-290.jpg؛ مصوّرات/المجلدات-٢-١١/HA1/HA65_tirmidhi1264_v3p555.jpg؛ مصوّرات/المجلدات-٢-١١/HA1/tirmidhi3_title.jpg
م٦-٠٦٧	م٦ ف٠٩	حديث	الْمُؤْمِنُ الْقَوِيُّ خَيْرٌ وَأَحَبُّ إِلَى اللهِ مِنَ الْمُؤْمِنِ الضَّعِيفِ، وَفِي كُلٍّ خَيْرٌ	نص	مسلم	مسلم، الصحيح	صحيح مسلم، وقف على طبعه وتحقيق نصوصه وتصحيحه وترقيمه محمد فؤاد عبد الباقي، مطبعة دار إحياء الكتب العربية (فيصل عيسى البابي الحلبي)، القاهرة، ٥ أجزاء متسلسلة الصفحات (لا سنة على صفحة العنوان)		٤	٢٠٥٢	٢٦٦٤		على المطبوع: «المؤمنُ القويُّ خيرٌ وأحبُّ إلى الله من المؤمن الضعيف. وفي كلٍّ خيرٌ. احرِصْ على ما ينفعك ...»		متحقّق — Verified	التوثيق	مطابقة الإنتاج، ٢٠٢٦/٠٩/٢٤		طوبق على مصوّرة المطبوع؛ المصوّرة: https://archive.org/details/saheeh_moslem_Abdulbaqy؛ الشاهد: مصوّرات/المجلدات-٢-١١/HA2/HA66_muslim2664_v4p2052.jpg
م٦-٠٦٨	م٦ ف٠٣	مرجع حديث	والدعاء هنا يُختار بما يليق بالمقام، كالدعاء بالهداية والعافية، مع حفظ الود وحسن العشرة؛ فقد دعا النبي ﷺ لقوم لم يُسلموا	نص	البخاري؛ مسلم؛ أبو داود؛ الترمذي؛ النووي	البخاري؛ مسلم؛ أبو داود؛ الترمذي؛ النووي، صحيح البخاري؛ صحيح مسلم؛ سنن أبي داود؛ الجامع (سنن الترمذي)؛ الأذكار	البخاري: الطبعة السلطانية (بولاق ١٣١١هـ)، archive 03-54504 (vol. 4 file 04_54505)؛ مسلم: ت. محمد فؤاد عبد الباقي، archive saheeh_moslem_Abdulbaqy (Saheeh_Moslem01, leaf 1956)؛ أبو داود: ت. محمد محيي الدين عبد الحميد، المكتبة العصرية، ج٤، archive 04-8461-2 (leaves 307–308)؛ الترمذي: الجامع الصحيح وهو سنن الترمذي، ج٥ تحقيق وشرح إبراهيم عطوة عوض، شركة مكتبة ومطبعة مصطفى البابي الحلبي وأولاده بمصر، الطبعة الثانية ١٣٩٥هـ/١٩٧٥م (title page read), archive alfirdwsiy2018_gmail_0915 (leaf 2640)؛ النووي: archive AzkarNawawi (leaf 270; no title page)		البخاري ٤؛ مسلم ٤؛ أبو داود ٤؛ الترمذي ٥	البخاري ٤٤–٤٥؛ مسلم ١٩٥٧؛ أبو داود ٣٠٨–٣٠٩؛ الترمذي ٨٢؛ الأذكار ٢٧١ (طبعة غير معيّنة)	البخاري ٢٩٣٧؛ مسلم (٢٥٢٤)؛ أبو داود ٥٠٣٨؛ الترمذي ٢٧٣٩	الترمذي: «هذا حديث حسن صحيح»	على المطبوع: البخاري ٢٩٣٧: «باب الدعاء للمشركين بالهدى ليتألفهم. حدثنا أبو اليمان أخبرنا شعيب حدثنا أبو الزناد أن عبد الرحمن قال: قال أبو هريرة رضي الله عنه: قدم طُفَيل بن عمرو الدوسي وأصحابه على النبي صلى الله عليه وسلم فقالوا: يا رسول الله إن دوسًا عصت وأبت فادعُ الله عليها، فقيل: هلكت دوس، قال: اللهم اهدِ دوس		متحقّق — Verified	التوثيق	مطابقة الإنتاج، ٢٠٢٦/٠٩/٢٤		طوبق على مصوّرة المطبوع؛ كان في المتن: والدعاء هنا يُختار بما يليق بالمقام، كالدعاء بالعافية والتوفيق والهداية، مع حفظ الود وحسن العشرة. ويُرجع في تفصيل ما يجو؛ المصوّرة: https://archive.org/details/03-54504 ; https://archive.org/details/saheeh_moslem_Abdulbaqy ; https://archive.org/details/04-8461-2 ; https://archive.org/details/alfirdwsiy2018_gmail_0915 ; https://archive.org/details/AzkarNawawi؛ الشاهد: مصوّرات/المجلدات-٢-١١/M2/214_bukhari_2937_v4p44-45.jpg؛ مصوّرات/المجلدات-٢-١١/M2/214_bukhari_v4p44_fullpage.jpg؛ مصوّرات/المجلدات-٢-١١/M2/214_muslim_2524_v4p1957.jpg
م٦-٠٦٩	م٦ ف٠١	مرجع حديث	لاحظ عالم الأنثروبولوجيا برونيسلاف مالينوفسكي أن كثيرًا من الكلام اليومي لا يُقال لنقل معلومة، بل لإنشاء الصلة بين المتك	نص	B. Malinowski	B. Malinowski، The Problem of Meaning in Primitive Languages (Supplement I)	in C. K. Ogden and I. A. Richards, The Meaning of Meaning, Seventh Edition, New York: Harcourt, Brace and Company; London: Kegan Paul, Trench, Trubner & Co., 1945 (title page); Supplement I pp. 296–336			313–315			على المطبوع: Inquiries about health, comments on weather, affirmations of some supremely obvious state of things—all such are exchanged, not in order to inform, not in this case to connect people in action, certainly not in order to express any thought. [p.314] ...to a natural man, another man's silence is not a		متحقّق — Verified	التوثيق	مطابقة الإنتاج، ٢٠٢٦/٠٩/٢٤		طوبق على مصوّرة المطبوع؛ رُئي الموضع في المرجع الحديث؛ المصوّرة: https://archive.org/details/meaningofmeaning00ogde؛ الشاهد: مصوّرات/المجلدات-٢-١١/T1/179_malinowski_p313.jpg؛ مصوّرات/المجلدات-٢-١١/T1/179_malinowski_p314.jpg؛ مصوّرات/المجلدات-٢-١١/T1/179_malinowski_p315.jpg
م٦-٠٧٠	م٦ ف٠٢	مرجع حديث	ذهب عالم اللغة الاجتماعي آلان بِل إلى أن المتكلم يصمّم أسلوبه في المقام الأول بحسب جمهوره، وأول من يراعيه المخاطَب نفسه،	نص	Allan Bell	Allan Bell، Language Style as Audience Design	Language in Society 13, no. 2 (June 1984): 145–204 (Cambridge Core record + abstract)						على المطبوع: (publisher abstract) The style dimension of language variation has not been adequately explained in sociolinguistic theory. Stylistic or intraspeaker variation derives from and mirrors interspeaker variation. Style is essentially speakers' response to their audience. In audience design, speakers acc		توثيقٌ ناقص — Citation incomplete	التوثيق	مطابقة الإنتاج، ٢٠٢٦/٠٩/٢٤		بيانات الفهرسة وحدها، والمضمون من الملخّص؛ بلا صفحة محدّدة؛ كان في المتن: ذهب عالم اللغة الاجتماعي آلان بِل إلى أن المتكلم يختار أسلوبه في المقام الأول بحسب جمهوره، وسمّى ذلك «تصميم الأسلوب للجم؛ المصوّرة: https://doi.org/10.1017/S004740450001037X؛ الشاهد: مصوّرات/المجلدات-٢-١١/T1/196_bell_publisher_abstract.txt
م٦-٠٧١	م٦ ف٠٦	مرجع حديث	وصف إرفنغ غوفمان ما سماه «الوجه» (face): الصورة الاجتماعية التي يحرص كل إنسان على أن تبقى محفوظة أمام الناس.	نص	Erving Goffman	Erving Goffman، On Face-Work: An Analysis of Ritual Elements in Social Interaction	Psychiatry 18(3), Aug. 1955, 213–231 (Crossref); seen in Interaction Ritual: Essays on Face-to-Face Behaviour, Harmondsworth: Penguin University Books, 1972 (imprint: first published in the U.S.A. 1967), pp. 5–45			5			على المطبوع: The term face may be defined as the positive social value a person effectively claims for himself by the line others assume he has taken during a particular contact. Face is an image of self delineated in terms of approved social attributes—albeit an image that others may share, as when a person mak		متحقّق — Verified	التوثيق	مطابقة الإنتاج، ٢٠٢٦/٠٩/٢٤		طوبق على مصوّرة المطبوع؛ رُئي الموضع في المرجع الحديث؛ كان في المتن: وصف عالم الاجتماع إرفنغ غوفمان ما سماه «الوجه» (face): الصورة الاجتماعية التي يحرص كل إنسان على أن تبقى محفوظة أمام النا؛ المصوّرة: http://hplinguistics.pbworks.com/w/file/fetch/38289359/Goffman,%20Erving%20%27On%20Face-work%27.pdf؛ الشاهد: مصوّرات/المجلدات-٢-١١/T1/230_goffman_p5.jpg؛ مصوّرات/المجلدات-٢-١١/T1/230_goffman_title_imprint.jpg
م٦-٠٧٢	م٦ ف٠١	مرجع حديث	ومما كُتب في «الاستماع الفعّال» (Active Listening) كرّاسةٌ بهذا العنوان لكارل روجرز وريتشارد فارسون (١٩٥٧).	نص	Carl R. Rogers and Richard E. Farson	Carl R. Rogers and Richard E. Farson، Active Listening	Chicago: Industrial Relations Center, University of Chicago, 1957 (as stated in the reprint heading); read only in an excerpt circulated by Gordon Training International (2007), without page numbers						على المطبوع: «Listen for Total Meaning. Any message a person tries to get across usually has two components: the content of the message and the feeling or attitude underlying this content… Respond to Feelings… Note All Cues… we must convey to the speaker that we are seeing things from his point of view.» / «…he 		توثيقٌ ناقص — Citation incomplete	التوثيق	مطابقة الإنتاج، ٢٠٢٦/٠٩/٢٤		بيانات الفهرسة وحدها، والمضمون من الملخّص؛ بلا صفحة محدّدة؛ كان في المتن: *[تحليل حديث]* يُعرف في أدبيات التواصل مصطلح «الاستماع الفعّال» (Active Listening)، ويُنسب إلى عالم النفس الأمريكي كارل ؛ المصوّرة: http://www.ask-force.org/web/Discourse/Rogers-Farson-ActiveListening-1957.pdf؛ الشاهد: مصوّرات/المجلدات-٢-١١/T2/172_187_266_rogers_farson_reprint_text.txt
م٦-٠٧٣	م٦ ف٠٨	مرجع حديث	تُردَّد كثيرًا مقولة إن التواصل «٧٪ كلمات، و٣٨٪ نبرة صوت، و٥٥٪ لغة جسد»، وتُنسب إلى دراسات الباحث ألبرت مِهرابيان في أوا	نص	Albert Mehrabian	Albert Mehrabian، 'Silent Messages' — Description and Ordering Information (author's web page); Silent Messages (1981); JPSP 6 (1967); J. Consult. Psychol. 31 (1967)	web page http://www.kaaj.com/psych/smorder.html (fetched 25 Sept. 2026); articles from Crossref records only						على المطبوع: «"Silent Messages" contains a detailed discussion of my findings on inconsistent messages of feelings and attitudes (and the relative importance of words vs. nonverbal cues) on pages 75 to 80. Total Liking = 7% Verbal Liking + 38% Vocal Liking + 55% Facial Liking. Please note that this and other equ		توثيقٌ ناقص — Citation incomplete	التوثيق	مطابقة الإنتاج، ٢٠٢٦/٠٩/٢٤		بيانات الفهرسة وحدها، والمضمون من الملخّص؛ بلا صفحة محدّدة؛ كان في المتن: *[تحليل حديث]* تُردَّد كثيرًا مقولة إن التواصل «٧٪ كلمات، و٣٨٪ نبرة صوت، و٥٥٪ لغة جسد»، وتُنسب إلى دراسات الباحث الأمريك؛ المصوّرة: http://www.kaaj.com/psych/smorder.html؛ الشاهد: مصوّرات/المجلدات-٢-١١/T2/243_mehrabian_kaaj_excerpt.txt؛ مصوّرات/المجلدات-٢-١١/T2/crossref_records.txt
م٦-٠٧٤	م٦ ف٠٨	مرجع حديث	ومما يُذكر أيضًا في هذا الباب أن الابتسامة التي تصحبها حركة العضلة المحيطة بالعين، مع العضلة التي ترفع طرفي الفم، أكثر ا	نص	Paul Ekman, Richard J. Davidson, Wallace V. Friesen; Eva G. Krumhuber, Antony S. R. Manstead	Paul Ekman, Richard J. Davidson, Wallace V. Friesen; Eva G. Krumhuber, Antony S. R. Manstead، The Duchenne smile: Emotional expression and brain physiology II (1990); Can Duchenne smiles be feigned? (2009)	JPSP 58, no. 2 (1990): 342–353; Emotion 9, no. 6 (2009): 807–820 — Crossref records and PubMed abstracts (PMID 2319446, 20001124)						على المطبوع: Ekman et al. abstract: «Smiling in which the muscle that orbits the eye is active in addition to the muscle that pulls the lip corners up (the Duchenne smile) was compared with other smiling… As predicted, the Duchenne smile was related to enjoyment…» / Krumhuber & Manstead abstract: «Similar amount		توثيقٌ ناقص — Citation incomplete	التوثيق	مطابقة الإنتاج، ٢٠٢٦/٠٩/٢٤		بيانات الفهرسة وحدها، والمضمون من الملخّص؛ بلا صفحة محدّدة؛ كان في المتن: *[تحليل حديث]* ومما يُذكر أيضًا في هذا الباب أن الابتسامة الصادقة تشرك العينين لا الفم وحده، بخلاف الابتسامة المتكلَّفة ؛ الشاهد: مصوّرات/المجلدات-٢-١١/T2/245_pubmed_ekman1990_abstract.txt؛ مصوّرات/المجلدات-٢-١١/T2/245_pubmed_krumhuber2009_abstract.txt؛ مصوّرات/المجلدات-٢-١١/T2/crossref_records.txt
م٦-٠٧٥	م٦ ف٠٩	مرجع حديث	ألّف الكاتب ديل كارنيجي كتابًا مشهورًا بعنوان «كيف تكسب الأصدقاء وتؤثر في الناس» (١٩٣٦)، جمع فيه ملاحظات عملية عن أسباب 	نص	Dale Carnegie	Dale Carnegie، How to Win Friends and Influence People	Eleventh Indian Edition, Bombay: D. B. Taraporevala Sons & Co., 1943 (first American edition October 1936, per imprint page)			48, 76, 133			على المطبوع: p. 76: «You can make more friends in two months by becoming interested in other people than you can in two years by trying to get other people interested in you.» / p. 133 (In a Nutshell): «Rule 1: Become genuinely interested in other people. … Rule 3: Remember that a man's name is to him the sweete		متحقّق — Verified	التوثيق	مطابقة الإنتاج، ٢٠٢٦/٠٩/٢٤		طوبق على مصوّرة المطبوع؛ صُحّح قول المتن على المطبوع؛ كان في المتن قبل التصحيح: *[تحليل حديث]* ألّف الكاتب الأمريكي ديل كارنيجي كتابًا مشهورًا بعنوان «كيف تكسب الأصدقاء وتؤثر في الناس» (Dale Carnegie,؛ المصوّرة: https://archive.org/details/dli.bengal.10689.22160؛ الشاهد: مصوّرات/المجلدات-٢-١١/T2/246_carnegie_p76.jpg؛ مصوّرات/المجلدات-٢-١١/T2/246_carnegie_p48.jpg؛ مصوّرات/المجلدات-٢-١١/T2/246_carnegie_p133_nutshell.jpg
م٧-٠٠١	م٧ ف٠٢	نقل عالم	ويذكر بعض علماء البلاغة هذه الآية شاهدًا لما يسمونه «الأسلوب الحكيم»، وهو أن يُجاب السائل بغير ما يتطلبه، «تنبيهًا على أ	نص	الخطيب القزويني	الخطيب القزويني، الإيضاح في علوم البلاغة	الإيضاح في علوم البلاغة، شرح وتعليق وتنقيح محمد عبد المنعم خفاجي، المكتبة الأزهرية للتراث، القاهرة، ط٣، ١٤١٣هـ/١٩٩٣م، الجزء الثاني		٢	٩٤–٩٥			على المطبوع: «٤ – الأسلوب الحكيم: ومن خلاف المقتضى ما سماه السكاكي الأسلوب الحكيم، وهو تلقي المخاطب بغير ما يترقب بحمل كلامه على خلاف مراده تنبيهاً على أنه الأولى بالقصد، أو السائل بغير ما يتطلب بتنزيل سؤاله منزلة غيره تنبيهاً على أنه الأولى بحاله أو المهم له… وأما الثاني فكقوله تعالى: «يسألونك عن الأهلة قل: هي 		متحقّق — Verified	التوثيق	مطابقة الإنتاج، ٢٠٢٦/٠٩/٢٤		طوبق على مصوّرة المطبوع؛ طوبق المعنى، والمتن يحكيه بتصرّف؛ كان في المتن: «الأسلوب الحكيم»، وهو أن يُجاب السائل بغير ما يتطلبه، تنبيهًا على أن الأولى به أن يسأل عنه.؛ المصوّرة: https://archive.org/details/BBib-Alex-03137؛ الشاهد: مصوّرات/المجلدات-٢-١١/B1/261_idah_azhariyya2_p94.jpg؛ مصوّرات/المجلدات-٢-١١/B1/261_idah_azhariyya2_p95.jpg؛ مصوّرات/المجلدات-٢-١١/B1/idah_azhariyya2_title.jpg
م٧-٠٠٢	م٧ ف٠٦	نقل عالم	ويُروى عن الإمام الشافعي رحمه الله قوله: «ما ناظرتُ أحدًا فأحببتُ أن يخطئ»، وقوله: «ما ناظرتُ أحدًا إلا ولم أُبالِ بيَّن	نص	ساجقلي زاده؛ البيهقي	ساجقلي زاده؛ البيهقي، الرسالة الولدية في آداب البحث والمناظرة؛ مناقب الشافعي	الولدية: الطبعة الأولى سنة ١٣٢٩هـ، طبع على نفقة محمد أمين الخانجي الكتبي وشركاه بمصر، المطبعة الجمالية بمصر. مناقب الشافعي: تحقيق السيد أحمد صقر (صفحة العنوان في النسخة المصورة بلا ناشر ولا تاريخ؛ الشاملة: مكتبة دار التراث، القاهرة، ط١، ١٣٩٠هـ/١٩٧٠م — digital data)		مناقب ١	الولدية ص [١] (أول المتن)؛ مناقب الشافعي ١/١٧٤–١٧٥			على المطبوع: [الولدية] والمناظرة في العرف هي المدافعة ليظهر الحق، أعني دفع السائل قولَ المعلّل ودفع المعلّل قولَ السائل، وفنّ المناظرة فنّ يُعرف فيه صحيحُ الدفع وفاسدُه. || [مناقب الشافعي ١/١٧٤] قال الشافعي: ما ناظرتُ أحدًا فأحببتُ أن يخطئ… قال الشافعي: ما كلَّمتُ أحدًا قطّ إلا ولم أبالِ بيَّنَ اللهُ الحقَّ [١/١	في مناقب الشافعي للبيهقي (١/١٧٥): «ما كلّمتُ أحدًا قطّ إلا ولم أبالِ…»، والمتن «ما ناظرتُ أحدًا إلا ولم أُبالِ…» على لفظ حلية الأولياء (٩/١١٨، الصف م٧-٠٠٦)	متحقّق مع اختلاف رواية — Verified with variant	التوثيق	مطابقة الإنتاج، ٢٠٢٦/٠٩/٢٤		طوبق على مصوّرة المطبوع؛ المتن ينقل اللفظ بنصّه؛ كان في المتن: …كيف يُعرف الفارق بين اعتراض صحيح يستحق جوابًا واعتراض فاسد… ويُروى عن الإمام الشافعي رحمه الله ما معناه أنه لم يكن يناظ؛ المصوّرة: https://archive.org/details/AAlexandrina-192976 ; https://archive.org/details/Mana9ibShafi3i_1؛ الشاهد: مصوّرات/المجلدات-٢-١١/B2/283_waladiyya_p1.jpg؛ مصوّرات/المجلدات-٢-١١/B2/waladiyya_title.jpg؛ مصوّرات/المجلدات-٢-١١/B2/283_bayhaqi_manaqib_p174-175.jpg
م٧-٠٠٣	م٧ ف٠٥	نقل عالم	ثم إن حكم الكتابة نفسه مسألة للفقهاء فيها كلام، فقد ذهب جمهورهم إلى أن الأمر فيها للندب لا للوجوب، وأوجبها بعضهم، وهو اخ	نص	القرطبي	القرطبي، الجامع لأحكام القرآن	دار الكتب المصرية، الطبعة الثانية (المصوّرة: الهيئة المصرية العامة للكتاب، الطبعة الثالثة مصوّرة عن الثانية، ١٩٨٧م، بالترقيم نفسه)		٣	٣٨٣			على المطبوع: العاشرة — ذهب بعض الناس إلى أن كتب الديون واجب على أربابها، فرض بهذه الآية، بيعا كان أو قرضا، لئلا يقع فيه نسيان أو جحود، وهو اختيار الطبرى... وقال الجمهور: الأمر بالكتب ندبٌ إلى حفظ الأموال وإزالة الريب، وإذا كان الغريم تقيّا فما يضرّه الكتاب، وإن كان غير ذلك فالكتاب ثقاف فى دينه وحاجة صاحب الحق. ق		متحقّق — Verified	التوثيق	مطابقة الإنتاج، ٢٠٢٦/٠٩/٢٤		طوبق على مصوّرة المطبوع؛ طوبق المعنى، والمتن يحكيه بتصرّف؛ كان في المتن: فقد ذهب جمهورهم إلى أن الأمر فيها للإرشاد والندب لا للوجوب؛ المصوّرة: https://archive.org/details/156609؛ الشاهد: مصوّرات/المجلدات-٢-١١/D1/279_qurtubi_dayn.jpg؛ مصوّرات/المجلدات-٢-١١/D1/qurtubi_title.jpg
م٧-٠٠٤	م٧ ف٠١	نقل عالم	وذكر ابن جماعة في آداب طالب العلم مع شيخه ما حاصله: ألا يسأله عن شيء في غير موضعه، ولا يقرأ عليه عند شغل قلبه أو ملله أو	نص	ابن جماعة	ابن جماعة، تذكرة السامع والمتكلم في أدب العالم والمتعلم	بدر الدين ابن جماعة، تذكرة السامع والمتكلم في أدب العالم والمتعلم، ط. دائرة المعارف العثمانية، حيدر آباد الدكن، ١٣٥٣هـ (عني بنشره السيد محمد هاشم الندوي؛ مقدمة الناشر مؤرخة ٨ جمادى الآخرة ١٣٥٤هـ؛ لا محقق على صفحة العنوان)			١٥٦–١٥٧، ١٦١			على المطبوع: التاسع: أن لا يستحيي من سؤال ما أشكل عليه وتفهم ما لم يتعقله [١٥٧] بتلطف وحسن خطاب وأدب وسؤال ... ولا يسأل عن شيء في غير موضعه إلا لحاجة أو علم بإيثار الشيخ ذلك وإذا سكت الشيخ عن الجواب لم يلح عليه وإن أخطأ في الجواب فلا يرد في الحال عليه ... || ص١٦١: ولا يقرأ عند شغل قلب الشيخ أو ملله أو غمه أو غضب		متحقّق — Verified	التوثيق	مطابقة الإنتاج، ٢٠٢٦/٠٩/٢٤		طوبق على مصوّرة المطبوع؛ طوبق المعنى، والمتن يحكيه بتصرّف؛ كان في المتن: ألا يسأله في غير موضع السؤال، ولا حين يراه مشغول القلب أو متعبًا أو مستعجلًا، وأن يتلطف في سؤاله، ولا يستحيي مع ذلك من ا؛ المصوّرة: https://archive.org/details/AAlexandrina-163831؛ الشاهد: مصوّرات/المجلدات-٢-١١/D2/256_tadh156.jpg؛ مصوّرات/المجلدات-٢-١١/D2/256_tadh157.jpg؛ مصوّرات/المجلدات-٢-١١/D2/256_tadh161.jpg
م٧-٠٠٥	م٧ ف٠٢	نقل عالم	وقال الهيثم بن جميل: «سمعتُ مالكًا سُئل عن ثمانٍ وأربعين مسألة، فأجاب في اثنتين وثلاثين منها بـ: لا أدري».	نص	الذهبي	الذهبي، سير أعلام النبلاء	الذهبي، سير أعلام النبلاء، ج٨، أشرف عليه شعيب الأرنؤوط، حققه محمد نعيم العرقسوسي، مؤسسة الرسالة، بيروت، الطبعة الثانية ١٤٠٢هـ/١٩٨٢م (الأولى ١٤٠١هـ) (ترقيم مطابق للطبعة الثالثة ١٤٠٥هـ/١٩٨٥م كما في بطاقة الشاملة)		٨	٧٧			على المطبوع: قال الهيثمُ بنُ جميل: سمعتُ مالكاً سئل عن ثمانٍ وأربعين مسألةً، فأجاب في اثنتين وثلاثين منها بـ«لا أدري». وعن خالد بن خداش، قال: قدمت على مالك بأربعين مسألة، فما أجابني منها إلا في خمسِ مسائل.		متحقّق — Verified	التوثيق	مطابقة الإنتاج، ٢٠٢٦/٠٩/٢٤		طوبق على مصوّرة المطبوع؛ المتن ينقل اللفظ بنصّه؛ كان في المتن: ويُروى عن الإمام مالك أنه سُئل عن مسائل كثيرة في مجلس واحد، فقال في أكثرها: «لا أدري».؛ المصوّرة: https://archive.org/details/DAH1985ARAR؛ الشاهد: مصوّرات/المجلدات-٢-١١/D2/263_siyar8_77.jpg؛ مصوّرات/المجلدات-٢-١١/D2/siyar8_title.jpg؛ مصوّرات/المجلدات-٢-١١/D2/siyar8_edition.jpg
م٧-٠٠٦	م٧ ف٠٦	نقل عالم	ويُروى عن الإمام الشافعي رحمه الله قوله: «ما ناظرتُ أحدًا فأحببتُ أن يخطئ»، وقوله: «ما ناظرتُ أحدًا إلا ولم أُبالِ بيَّن	نص	أبو نعيم الأصبهاني	أبو نعيم الأصبهاني، حلية الأولياء وطبقات الأصفياء	مكتبة الخانجي ومطبعة السعادة، القاهرة، الطبعة الأولى، ١٣٥٧هـ/١٩٣٨م، المجلد التاسع		٩	١١٨			على المطبوع: حدثنا الحسن بن سعيد ثنا زكريا الساجي حدثني أحمد بن العباس الساجي قال سمعت أحمد بن خالد الخلال يقول سمعت محمد بن إدريس الشافعي يقول: ما ناظرت أحداً قط إلا على النصيحة. وسمعت أبا الوليد موسى بن أبي الجارود يقول: سمعت الشافعي يقول: ما ناظرت أحداً قط إلا أحببت أن يوفق ويسدد ويعان، ويكون عليه رعاية من ال		متحقّق — Verified	التوثيق	مطابقة الإنتاج، ٢٠٢٦/٠٩/٢٤		طوبق على مصوّرة المطبوع؛ المتن ينقل اللفظ بنصّه؛ كان في المتن: ويُروى عن الإمام الشافعي رحمه الله ما معناه أنه لم يكن يناظر أحدًا ليظهر هو منتصرًا، بل كان يفرح أن يظهر الحق ولو على لس؛ المصوّرة: https://archive.org/details/AAlexandrina-224208؛ الشاهد: مصوّرات/المجلدات-٢-١١/D2/227_hilya9_118.jpg؛ مصوّرات/المجلدات-٢-١١/D2/hilya9_title.jpg؛ مصوّرات/المجلدات-٢-١١/D2/227_manaqib1_173.jpg
م٧-٠٠٧	م٧ ف٠١	حديث	يَا عُمَرُ، أَتَدْرِي مَنِ السَّائِلُ؟	نص	مسلم	مسلم، الصحيح	صحيح مسلم، وقف على طبعه وتحقيق نصوصه وتصحيحه وترقيمه محمد فؤاد عبد الباقي، مطبعة دار إحياء الكتب العربية (فيصل عيسى البابي الحلبي)، القاهرة، ٥ أجزاء متسلسلة الصفحات (لا سنة على صفحة العنوان)		١	٣٦–٣٨ (اللفظ في ٣٨)	٨		على المطبوع: ثم قال لي: «يا عمرُ! أتدري من السائلُ؟» قلتُ: اللهُ ورسولُه أعلم. قال: «فإنه جبريلُ. أتاكم يعلِّمُكم دينَكم».		متحقّق — Verified	التوثيق	مطابقة الإنتاج، ٢٠٢٦/٠٩/٢٤		طوبق على مصوّرة المطبوع؛ المصوّرة: https://archive.org/details/saheeh_moslem_Abdulbaqy؛ الشاهد: مصوّرات/المجلدات-٢-١١/HA2/HA106_muslim8_v1p36-38.jpg
م٧-٠٠٨	م٧ ف٠٥	حديث	وقد قال النبي ﷺ: "مَنْ سَلَكَ طَرِيقًا يَلْتَمِسُ فِيهِ عِلْمًا، سَهَّلَ اللَّهُ لَهُ بِهِ طَرِيقًا إِلَى الْجَنَّةِ" (ر	نص	مسلم	مسلم، الصحيح	صحيح مسلم، تحقيق محمد فؤاد عبد الباقي، مطبعة دار إحياء الكتب العربية، فيصل عيسى البابي الحلبي، القاهرة (لا سنة على صفحة العنوان)؛ ترقيم الصفحات متسلسل عبر الأجزاء		٤	٢٠٧٤	٢٦٩٩		على المطبوع: …ومن سلك طريقًا يلتمسُ فيه علمًا، سهّل اللهُ له به طريقًا إلى الجنة…		متحقّق — Verified	التوثيق	مطابقة الإنتاج، ٢٠٢٦/٠٩/٢٤		طوبق على مصوّرة المطبوع؛ المصوّرة: https://archive.org/details/saheeh_moslem_Abdulbaqy؛ الشاهد: مصوّرات/المجلدات-٢-١١/HA3/HA107_muslim2699_p2074.jpg
م٧-٠٠٩	م٧ ف٠٢	حديث	وعن أبي هريرة رضي الله عنه أن رجلًا قال للنبي ﷺ: «أَوْصِنِي»، قال: «لَا تَغْضَبْ»، فردّد مرارًا، قال: «لَا تَغْضَبْ» (رو	نص	البخاري	البخاري، الجامع الصحيح	صحيح البخاري، الطبعة السلطانية (بولاق ١٣١١هـ) بترقيم محمد فؤاد عبد الباقي، في مصوّرة دار طوق النجاة، ط١، بعناية محمد زهير بن ناصر الناصر		٨	٢٨	٦١١٦		على المطبوع: عن أبي هريرة رضي الله عنه أن رجلًا قال للنبي ﷺ: أوصني، قال: «لا تغضب»، فردّد مرارًا، قال: «لا تغضب».		متحقّق — Verified	التوثيق	مطابقة الإنتاج، ٢٠٢٦/٠٩/٢٤		طوبق على مصوّرة المطبوع؛ المصوّرة: https://archive.org/details/03-54504؛ الشاهد: مصوّرات/المجلدات-٢-١١/HA5/HA5-5_bukhari6116_v8p28.jpg
م٧-٠١٠	م٧ ف٠١	حديث	سَأَلْتُ النَّبِيَّ ﷺ: أَيُّ الْعَمَلِ أَحَبُّ إِلَى اللَّهِ؟ قَالَ: الصَّلَاةُ عَلَى وَقْتِهَا. قَالَ: ثُمَّ أَيٌّ؟ قَا	نص	البخاري؛ مسلم	البخاري؛ مسلم، الصحيح	صحيح البخاري، الطبعة السلطانية (بولاق ١٣١١هـ) بترقيم محمد فؤاد عبد الباقي، في مصوّرة دار طوق النجاة، ط١، بعناية محمد زهير بن ناصر الناصر (صفحة العنوان وظهرها والمقدمة: اعتماد ترقيم عبد الباقي) ؛ صحيح مسلم، تحقيق محمد فؤاد عبد الباقي، مطبعة دار إحياء الكتب العربية، فيصل عيسى البابي الحلبي، القاهرة (لا سنة على صفحة العنوان)؛ ترقيم الصفحات متسلسل عبر الأجزاء		البخاري ١؛ مسلم ١	البخاري ١/١١٢؛ مسلم ١/٨٩–٩٠	البخاري ٥٢٧ (وانظر ٥٩٧٠)؛ مسلم ٨٥ (رقم الرواية ١٣٧، ١٣٩)		على المطبوع: البخاري ٥٢٧: قال: سألتُ النبيَّ صلى الله عليه وسلم أيُّ العملِ أحبُّ إلى الله؟ قال: الصلاةُ على وقتِها. قال: ثم أيّ؟ قال: ثم برُّ الوالدين. قال: ثم أيّ؟ قال: الجهادُ في سبيل الله. قال: حدّثني بهنّ ولو استزدتُه لزادني. — مسلم ٨٥ (١٣٩): سألتُ رسول الله ﷺ: أيُّ الأعمالِ أحبُّ إلى الله؟ قال «الصلاةُ على		متحقّق — Verified	التوثيق	مطابقة الإنتاج، ٢٠٢٦/٠٩/٢٤		طوبق على مصوّرة المطبوع؛ المصوّرة: https://archive.org/details/03-54504 ; https://archive.org/details/saheeh_moslem_Abdulbaqy؛ الشاهد: مصوّرات/المجلدات-٢-١١/HA3/HA67_bukhari527_v1p112.jpg؛ مصوّرات/المجلدات-٢-١١/HA3/HA67_muslim85_p89-90.jpg
م٧-٠١١	م٧ ف٠٢	حديث	بُعِثْتُ بِجَوَامِعِ الْكَلِمِ	نص	البخاري؛ مسلم	البخاري؛ مسلم، الصحيحان	صحيح البخاري، الطبعة السلطانية (بولاق ١٣١١هـ) بترقيم محمد فؤاد عبد الباقي كما في طبعة دار طوق النجاة، ط١، بعناية محمد زهير بن ناصر الناصر (صفحة العنوان والمقدمة: اعتماد ترقيم عبد الباقي) ؛ صحيح مسلم، تحقيق محمد فؤاد عبد الباقي، مطبعة دار إحياء الكتب العربية، فيصل عيسى البابي الحلبي، القاهرة (لا سنة على صفحة العنوان)؛ ٥ أجزاء متسلسلة الترقيم			(see Vol. 1 verification)	البخاري ٧٢٧٣؛ مسلم ٥٢٣		على المطبوع: «بُعِثْتُ بِجَوَامِعِ الْكَلِمِ»		متحقّق — Verified	التوثيق	مطابقة الإنتاج، ٢٠٢٦/٠٩/٢٤		طوبق على مصوّرة المطبوع؛ المصوّرة: https://archive.org/details/03-54504 (title page from https://archive.org/details/SahihBukhariYouniniya) ; https://archive.org/details/saheeh_moslem_Abdulbaqy (file Saheeh_Moslem01; leaf = page − 1)
م٧-٠١٢	م٧ ف٠٢	حديث	«قُلْتُ: يَا رَسُولَ اللَّهِ، قُلْ لِي فِي الْإِسْلَامِ قَوْلًا لَا أَسْأَلُ عَنْهُ أَحَدًا بَعْدَكَ، قَالَ: قُلْ: آمَنْ	نص	مسلم	مسلم، الصحيح	صحيح مسلم، تحقيق محمد فؤاد عبد الباقي، دار إحياء الكتب العربية (عيسى البابي الحلبي وشركاه)؛ النسخة المصوّرة: دار الحديث، القاهرة، ط١، ١٤١٢هـ/١٩٩١م، توزيع دار الكتب العلمية (بترقيم الطبعة الأصلية نفسه)		١	٦٥	٣٨ (رقم ٦٢)		على المطبوع: عن سفيان بن عبد الله الثقفي قال: قلت: يا رسول الله! قل لي في الإسلام قولًا، لا أسأل عنه أحدًا بعدك (وفي حديث أبي أسامة: غيرَك) قال: «قل: آمنتُ بالله، فاستقم».		متحقّق — Verified	التوثيق	مطابقة الإنتاج، ٢٠٢٦/٠٩/٢٤		طوبق على مصوّرة المطبوع؛ صُحّح لفظ المتن على المطبوع؛ كان في المتن قبل التصحيح: «قُلْتُ: يَا رَسُولَ اللَّهِ، قُلْ لِي فِي الْإِسْلَامِ قَوْلًا لَا أَسْأَلُ عَنْهُ أَحَدًا بَعْدَكَ، قَالَ: قُلْ: آمَنْ؛ المصوّرة: https://archive.org/details/saheeh_moslem_Abdulbaqy؛ الشاهد: مصوّرات/المجلدات-٢-١١/HA1/HA69_muslim38_v1p65.jpg
م٧-٠١٣	م٧ ف٠٢	أثر موقوف	يَا أَيُّهَا النَّاسُ، مَنْ عَلِمَ شَيْئًا فَلْيَقُلْ بِهِ، وَمَنْ لَمْ يَعْلَمْ فَلْيَقُلِ: اللَّهُ أَعْلَمُ، فَإِنَّ م	نص	البخاري	البخاري، الصحيح	صحيح البخاري، الطبعة السلطانية (المطبعة الكبرى الأميرية ببولاق، ١٣١١هـ) بترقيم محمد فؤاد عبد الباقي في الحاشية (تحفة)، مصوَّرة دار طوق النجاة، بيروت، ط١، بعناية محمد زهير بن ناصر الناصر		٦	١٢٤–١٢٥	٤٨٠٩		على المطبوع: عن مسروق قال: دخلنا على عبد الله بن مسعود قال: يا أيها الناسُ، مَن علِمَ شيئًا فليقلْ به، ومَن لم يعلمْ فليقلِ: اللهُ أعلمُ، فإنّ من العلمِ أن يقولَ لما لا يعلمُ: اللهُ أعلمُ، قال الله عز وجل لنبيه صلى الله عليه وسلم: ﴿قل ما أسألكم عليه من أجر وما أنا من المتكلفين﴾		متحقّق — Verified	التوثيق	مطابقة الإنتاج، ٢٠٢٦/٠٩/٢٤		طوبق على مصوّرة المطبوع؛ المصوّرة: https://archive.org/details/03-54504؛ الشاهد: مصوّرات/المجلدات-٢-١١/HA2/HA70_bukhari4809_v6p124-125.jpg
م٧-٠١٤	م٧ ف٠٦	حديث	عن أم سلمة رضي الله عنها أن رسول الله ﷺ قال: «إِنَّمَا أَنَا بَشَرٌ، وَإِنَّكُمْ تَخْتَصِمُونَ إِلَيَّ، وَلَعَلَّ بَعْضَ	نص	البخاري؛ مسلم	البخاري؛ مسلم، الصحيح	صحيح البخاري، الطبعة السلطانية (بولاق ١٣١١هـ) بترقيم محمد فؤاد عبد الباقي، في مصوّرة دار طوق النجاة، ط١، بعناية محمد زهير بن ناصر الناصر (صفحة العنوان وظهرها والمقدمة: اعتماد ترقيم عبد الباقي) ؛ صحيح مسلم، تحقيق محمد فؤاد عبد الباقي، مطبعة دار إحياء الكتب العربية، فيصل عيسى البابي الحلبي، القاهرة (لا سنة على صفحة العنوان)؛ ترقيم الصفحات متسلسل عبر الأجزاء		البخاري ٩؛ مسلم ٣	البخاري ٩/٦٩ (و٩/٢٥)؛ مسلم ٣/١٣٣٧	البخاري ٧١٦٩ (و٦٩٦٧)؛ مسلم ١٧١٣		على المطبوع: البخاري ٧١٦٩: أنّ رسول الله صلى الله عليه وسلم قال: إنّما أنا بشرٌ، وإنّكم تختصمون إليّ، ولعلّ بعضَكم أن يكون ألحنَ بحجّته من بعض، فأقضي نحوَ ما أسمع، فمن قضيتُ له بحقّ أخيه شيئًا فلا يأخذْه، فإنّما أقطعُ له قطعةً من النار. — مسلم ١٧١٣ (٣/١٣٣٧): «إنكم تختصمون إليّ. ولعلّ بعضكم أن يكون ألحن بحجته من 		متحقّق — Verified	التوثيق	مطابقة الإنتاج، ٢٠٢٦/٠٩/٢٤		طوبق على مصوّرة المطبوع؛ صُحّح لفظ المتن على المطبوع؛ كان في المتن قبل التصحيح: إِنَّمَا أَنَا بَشَرٌ، وَإِنَّكُمْ تَخْتَصِمُونَ إِلَيَّ، وَلَعَلَّ بَعْضَكُمْ أَنْ يَكُونَ أَلْحَنَ بِحُجَّتِهِ مِنْ بَ؛ المصوّرة: https://archive.org/details/03-54504 ; https://archive.org/details/saheeh_moslem_Abdulbaqy؛ الشاهد: مصوّرات/المجلدات-٢-١١/HA3/HA71_bukhari6967_7169_v9p25-69.jpg؛ مصوّرات/المجلدات-٢-١١/HA3/HA71_muslim1713_p1337.jpg
م٧-٠١٥	م٧ ف٠٧	حديث	لِلَّهِ وَلِكِتَابِهِ وَلِرَسُولِهِ وَلِأَئِمَّةِ الْمُسْلِمِينَ وَعَامَّتِهِمْ	نص	مسلم	مسلم، الصحيح	صحيح مسلم، تحقيق محمد فؤاد عبد الباقي، مطبعة دار إحياء الكتب العربية، فيصل عيسى البابي الحلبي، القاهرة (لا سنة على صفحة العنوان)؛ ٥ أجزاء متسلسلة الترقيم		١	٧٤	٥٥		على المطبوع: أَنَّ النَّبِيَّ ﷺ قَالَ: «الدِّينُ النَّصِيحَةُ» قُلْنَا: لِمَنْ؟ قَالَ: «لِلَّهِ وَلِكِتَابِهِ وَلِرَسُولِهِ وَلِأَئِمَّةِ الْمُسْلِمِينَ وَعَامَّتِهِمْ».		متحقّق — Verified	التوثيق	مطابقة الإنتاج، ٢٠٢٦/٠٩/٢٤		طوبق على مصوّرة المطبوع؛ صُحّح لفظ المتن على المطبوع؛ المصوّرة: https://archive.org/details/saheeh_moslem_Abdulbaqy (file Saheeh_Moslem01; leaf = page − 1)؛ الشاهد: مصوّرات/المجلدات-٢-١١/HA4/HA72_muslim55_p74.jpg
م٧-٠١٦	م٧ ف٠٧	حديث	«مَنْ رَأَى مِنْكُمْ مُنْكَرًا فَلْيُغَيِّرْهُ بِيَدِهِ، فَإِنْ لَمْ يَسْتَطِعْ فَبِلِسَانِهِ، فَإِنْ لَمْ يَسْتَطِعْ فَ	نص	مسلم	مسلم، الصحيح	صحيح مسلم، تحقيق محمد فؤاد عبد الباقي، دار إحياء الكتب العربية (عيسى البابي الحلبي وشركاه)؛ النسخة المصوّرة: دار الحديث، القاهرة، ط١، ١٤١٢هـ/١٩٩١م، توزيع دار الكتب العلمية (بترقيم الطبعة الأصلية نفسه)		١	٦٩	٤٩ (رقم ٧٨)		على المطبوع: فقال أبو سعيد: أما هذا فقد قضى ما عليه. سمعت رسول الله ﷺ يقول: «من رأى منكم منكرًا فليغيّره بيده، فإن لم يستطع فبلسانه، فإن لم يستطع فبقلبه، وذلك أضعفُ الإيمان».		متحقّق — Verified	التوثيق	مطابقة الإنتاج، ٢٠٢٦/٠٩/٢٤		طوبق على مصوّرة المطبوع؛ المصوّرة: https://archive.org/details/saheeh_moslem_Abdulbaqy؛ الشاهد: مصوّرات/المجلدات-٢-١١/HA1/HA73_muslim49_v1p69.jpg
م٧-٠١٧	م٧ ف٠٤	مرجع حديث	لاحظ ساكس وشيغلوف وجيفرسون في دراستهم للمحادثة أن المتحدثين يتبادلون الكلام بنظام غير مكتوب: فالسامع يتوقع من بناء الجمل	نص	Harvey Sacks, Emanuel A. Schegloff, Gail Jefferson	Harvey Sacks, Emanuel A. Schegloff, Gail Jefferson، A Simplest Systematics for the Organization of Turn Taking for Conversation	Language 50(4), Dec. 1974, 696–735 (Crossref 10.2307/412243); seen as ch. 1 in J. Schenkein (ed.), Studies in the Organization of Conversational Interaction, New York: Academic Press, 1978, pp. 7–55 ('a variant version' of the Language article, footnote p. 7)			12, 35–36, 39, 45 (1978 reprint)			على المطبوع: [p.12] Unit-types for English include sentential, clausal, phrasal, and lexical constructions. Instances of the unit-types so usable allow a projection of the unit-type under way, and what, roughly, it will take for an instance of that unit-type to be completed. ... The first possible completion of 		متحقّق — Verified	التوثيق	مطابقة الإنتاج، ٢٠٢٦/٠٩/٢٤		طوبق على مصوّرة المطبوع؛ رُئي الموضع في المرجع الحديث؛ كان في المتن: يلاحظ من يدرس الحوار الطبيعي أن المتحدثين يتبادلون الكلام بنظام غير مكتوب: كل متحدث يترك إشارة على قرب انتهائه (نبرة هاب؛ المصوّرة: https://liso-archives.liso.ucsb.edu/Jefferson/systematics_Schenkein.pdf؛ الشاهد: مصوّرات/المجلدات-٢-١١/T1/300_ssj_p12.jpg؛ مصوّرات/المجلدات-٢-١١/T1/270_ssj_p35_36.jpg؛ مصوّرات/المجلدات-٢-١١/T1/300_ssj_p39.jpg
م٧-٠١٨	م٧ ف٠٣	مرجع حديث	كثير من سوء الفهم بين المتحاورين لا ينشأ من خطإ في الألفاظ، بل من أن كل طرف يفترض أنه فهم مراد الآخر، فيبني عليه دون أن 	نص	Carl R. Rogers and Richard E. Farson	Carl R. Rogers and Richard E. Farson، Active Listening	Chicago: Industrial Relations Center, University of Chicago, 1957 (per reprint heading); read in reprint excerpt						على المطبوع: «Before either participant in the discussion can make a point or express an opinion of his own, he must first restate aloud the previous point or position of the other person. This restatement must be in his own words (merely parroting the words of another does not prove that one has understood but 		توثيقٌ ناقص — Citation incomplete	التوثيق	مطابقة الإنتاج، ٢٠٢٦/٠٩/٢٤		بيانات الفهرسة وحدها، والمضمون من الملخّص؛ بلا صفحة محدّدة؛ كان في المتن: *[تحليل حديث]* أكثر سوء الفهم بين المتحاورين لا ينشأ من خطإ في الألفاظ، بل من أن كل طرف يفترض أنه فهم مراد الآخر، فيبني ؛ المصوّرة: http://www.ask-force.org/web/Discourse/Rogers-Farson-ActiveListening-1957.pdf؛ الشاهد: مصوّرات/المجلدات-٢-١١/T2/172_187_266_rogers_farson_reprint_text.txt
م٧-٠١٩	م٧ ف٠٥	مرجع حديث	الصيغة الأولى تسمى في دراسة المغالطات «رجل القش»: أن تحرّف قول مخالفك ليسهل عليك ردّه، والحاضرون يعرفون أن أحدًا لم يقل 	نص	Hans Hansen	Hans Hansen، Fallacies	The Stanford Encyclopedia of Philosophy (Fall 2024 Edition), ed. Edward N. Zalta & Uri Nodelman			§1, no. 8			على المطبوع: «A variation of ignoratio elenchi, known under the name of the straw man fallacy, occurs when an opponent's point of view is distorted in order to make it easier to refute.»		توثيقٌ ناقص — Citation incomplete	التوثيق	مطابقة الإنتاج، ٢٠٢٦/٠٩/٢٤		بيانات الفهرسة وحدها، والمضمون من الملخّص؛ بلا صفحة محدّدة؛ كان في المتن: الصيغة الأولى تسمى في علم الحجاج «رجل القش»: تصنع خصمًا ضعيفًا ثم تهزمه، والحاضرون يعرفون أن أحدًا لم يقل ذلك. *[تحليل ح؛ المصوّرة: https://plato.stanford.edu/archives/fall2024/entries/fallacies/؛ الشاهد: مصوّرات/المجلدات-٢-١١/T2/275_281_sep_fallacies_excerpt.txt
م٧-٠٢٠	م٧ ف٠٥	مرجع حديث	قسّم أرسطو في كتابه «الخطابة» وسائل الإقناع التي يحملها الكلام إلى ثلاث: ما يرجع إلى **المتكلم** وخلقه وصدقه في عين السا	نص	Aristotle, tr. W. Rhys Roberts; Stephen E. Toulmin	Aristotle, tr. W. Rhys Roberts; Stephen E. Toulmin، Rhetorica (The Works of Aristotle XI); The Uses of Argument	Oxford: Clarendon Press, 1924 (ed. W. D. Ross); Cambridge University Press, Updated Edition 2003 (eBook NetLibrary, paginated; first published 1958)		XI	1356a1–20; Toulmin 91, 93–94, 96–97			على المطبوع: Aristotle (Roberts): «Of the modes of persuasion furnished by the spoken word there are three kinds. The first kind depends on the personal character of the speaker; the second on putting the audience into a certain frame of mind; the third on the proof, or apparent proof, provided by the words of t		توثيقٌ ناقص — Citation incomplete	التوثيق	مطابقة الإنتاج، ٢٠٢٦/٠٩/٢٤		أرسطو رُئي على مصوّرة المطبوع (ترجمة Roberts، أكسفورد ١٩٢٤)؛ أما تولمن فرُئي في نسخة إلكترونية مرقّمة (CUP Updated Edition 2003، eBook NetLibrary) لا في المطبوع؛ كان في المتن: *[تحليل حديث]* قسّم أرسطو في كتابه «الخطابة» وسائل الإقناع إلى ثلاث: ما يرجع إلى **المتكلم** وصدقه وخلقه في عين السامع، ؛ المصوّرة: https://archive.org/details/worksofaristotle0000unse_e7t7؛ الشاهد: مصوّرات/المجلدات-٢-١١/T2/276_aristotle_rhet_1356a.jpg؛ مصوّرات/المجلدات-٢-١١/T2/aristotle_rhetorica_title.jpg؛ مصوّرات/المجلدات-٢-١١/T2/276_toulmin_p91.jpg
م٧-٠٢١	م٧ ف٠٥	مرجع حديث	ويسمي دارسو المنطق والحجاج كثيرًا من هذه المزالق «مغالطات»، والمغالطة في تعريفهم المتوارث منذ أرسطو: حجةٌ تبدو صحيحة ولي	نص	C. L. Hamblin	C. L. Hamblin، Fallacies	London: Methuen & Co Ltd, 1970 (first published 1970)			12			على المطبوع: «A fallacious argument, as almost every account from Aristotle onwards tells you, is one that seems to be valid but is not so.»		متحقّق — Verified	التوثيق	مطابقة الإنتاج، ٢٠٢٦/٠٩/٢٤		طوبق على مصوّرة المطبوع؛ رُئي الموضع في المرجع الحديث؛ كان في المتن: *[تحليل حديث]* يسمي علم الحجاج الحديث كثيرًا من هذه المزالق «مغالطات»، وهي أنماط من الاستدلال تبدو مقنعة وليست كذلك. وال؛ المصوّرة: https://archive.org/details/charles-leonard-hamblin-fallacies؛ الشاهد: مصوّرات/المجلدات-٢-١١/T2/281_hamblin_p12.jpg؛ مصوّرات/المجلدات-٢-١١/T2/hamblin_title.jpg؛ مصوّرات/المجلدات-٢-١١/T2/275_281_sep_fallacies_excerpt.txt
م٧-٠٢٢	م٧ ف٠٧	مرجع حديث	ونلاحظ أن الملاحظة الموجهة إلى فعل محدد («تأخر التقرير») يسهل على صاحبها أن يتقبلها ويصلحها، بخلاف الملاحظة الموجهة إلى 	نص	Melissa L. Kamins and Carol S. Dweck	Melissa L. Kamins and Carol S. Dweck، Person versus process praise and criticism: Implications for contingent self-worth and coping	Developmental Psychology 35, no. 3 (1999): 835–847 — Crossref record and PubMed abstract (PMID 10380873)						على المطبوع: Abstract: «In Study 1, 67 children (ages 5-6 years) role-played tasks involving a setback and received 1 of 3 forms of criticism… person, outcome, or process criticism… Results indicated that children displayed significantly more "helpless" responses (including self-blame) on all dependent measures 		توثيقٌ ناقص — Citation incomplete	التوثيق	مطابقة الإنتاج، ٢٠٢٦/٠٩/٢٤		بيانات الفهرسة وحدها، والمضمون من الملخّص؛ بلا صفحة محدّدة؛ كان في المتن: *[تحليل حديث]* من المعروف في أدبيات التواصل الفعّال أن الملاحظة الموجهة إلى فعل محدد («تأخر التقرير») يسهل على صاحبها أن؛ الشاهد: مصوّرات/المجلدات-٢-١١/T2/287_pubmed_kamins_dweck1999_abstract.txt؛ مصوّرات/المجلدات-٢-١١/T2/crossref_records.txt
م٨-٠٠١	م٨ ف٠١	نقل عالم	فقد ذكر الجاحظ أن خطباء السلف وأهل البيان من التابعين كانوا يسمّون الخطبة «التي لم تُبتدأ بالتحميد، وتُستفتَح بالتمجيد»:	نص	الجاحظ	الجاحظ، البيان والتبيين	تحقيق وشرح عبد السلام محمد هارون، مكتبة الخانجي، القاهرة، الطبعة السابعة، ١٤١٨هـ/١٩٩٨م (مطبعة المدني)		٢	٦			على المطبوع: وعلى أنّ خطباءَ السَّلَف الطيِّب، وأهلَ البيان من التابعين بإحسان، ما زالوا يسمُّون الخطبةَ التي لم تبتَدَأْ بالتحميد، وتُستفتَحْ بالتمجيد(٢): «البَتراء». ويسمُّون التي لم توشَّح بالقرآن، وتزيَّنْ بالصَّلاة على النبي ﷺ: «الشَّوْهاء». [ح٢: فيما عدا ل: «لم يبتدئ صاحبها بالتحميد، ويستفتح كلامه بالتمجيد		متحقّق — Verified	التوثيق	مطابقة الإنتاج، ٢٠٢٦/٠٩/٢٤		طوبق على مصوّرة المطبوع؛ صُحّح لفظ المتن على المطبوع؛ كان في المتن قبل التصحيح: ذكر الجاحظ أن العرب كانوا يسمّون الخطبة التي لا تُبتدأ بالتحميد «البتراء»، والتي لا تُوشَّح بالقرآن ولا تُزيَّن بالصلاة ؛ المصوّرة: https://archive.org/details/20240524_20240524_0853؛ الشاهد: مصوّرات/المجلدات-٢-١١/B2/313_batra.jpg؛ مصوّرات/المجلدات-٢-١١/B2/bayan2_title.jpg؛ مصوّرات/المجلدات-٢-١١/B2/bayan_title.jpg
م٨-٠٠٢	م٨ ف٠٤	نقل عالم	«إن كنتَ ناقلًا فالصحة، أو مدّعيًا فالدليل»	نص	ساجقلي زاده	ساجقلي زاده، الرسالة الولدية في آداب البحث والمناظرة	الطبعة الأولى، ١٣٢٩هـ، على نفقة محمد أمين الخانجي الكتبي وشركاه، المطبعة الجمالية بمصر			[١]؛ ١٢			على المطبوع: [ص١] اعلم أنك إذا قلتَ شيئًا فذا إما تعريف أو تقسيم أو تصديق أو مركب ناقص أو مفرد أو إنشاء، وأنت في جميع هذه الصور إما ناقل أو لا… [ص١٢] ثم لنشرع في بيان المناظرة على تقدير النقل: إن كنتَ ناقلًا فإن لم تلتزم صحة المنقول فلا يَرِد عليك إلا طلبُ تصحيح النقل، وهذا معنى منع النقل، فلك أن تثبت نقلك بإحضا		متحقّق — Verified	التوثيق	مطابقة الإنتاج، ٢٠٢٦/٠٩/٢٤		طوبق على مصوّرة المطبوع؛ صُحّح لفظ المتن على المطبوع؛ المصوّرة: https://archive.org/details/AAlexandrina-192976؛ الشاهد: مصوّرات/المجلدات-٢-١١/B2/325_waladiyya_p1.jpg؛ مصوّرات/المجلدات-٢-١١/B2/325_waladiyya_p12.jpg؛ مصوّرات/المجلدات-٢-١١/B2/waladiyya_title.jpg
م٨-٠٠٣	م٨ ف٠٤	نقل عالم	في اصطلاح أهل آداب البحث والمناظرة أن اعتراض السائل ثلاثة أنواع: **المنع**، وهو طلب الدليل على مقدمة من مقدمات الدليل؛ و	نص	ساجقلي زاده؛ الشريف الجرجاني	ساجقلي زاده؛ الشريف الجرجاني، الرسالة الولدية؛ التعريفات	الولدية: ط١، ١٣٢٩هـ، المطبعة الجمالية بمصر. التعريفات: شركة مكتبة ومطبعة مصطفى البابي الحلبي وأولاده بمصر، ١٣٥٧هـ/١٩٣٨م (ويليه رسالة في بيان اصطلاحات ابن عربي)			الولدية ٩؛ التعريفات ١٩٥، ٢٠٧، ٢١٩			على المطبوع: [الولدية ٩] …إن المنع في اصطلاحهم طلبُ الدليل على مقدمة الدليل… والمراد طلب الدليل على شيء من مقدمات دليله. [التعريفات ٢٠٧] المناقضة: لغة إبطال أحد القولين بالآخر، واصطلاحًا هي منع مقدمة معينة من مقدمات الدليل. [٢١٩] النقض لغة: هو الكسر، وفي الاصطلاح هو بيان تخلّف الحكم المدّعى ثبوته أو نفيه عن دليل		متحقّق — Verified	التوثيق	مطابقة الإنتاج، ٢٠٢٦/٠٩/٢٤		طوبق على مصوّرة المطبوع؛ طوبق المعنى، والمتن يحكيه بتصرّف؛ كان في المتن: المنع، وهو طلب الدليل على مقدمة من مقدمات الدعوى؛ والنقض، وهو بيان تخلّف الحكم في موضع يشمله الدليل؛ والمعارضة، وهي إقام؛ المصوّرة: https://archive.org/details/AAlexandrina-192976 ; https://archive.org/details/AAlexandrina-188000؛ الشاهد: مصوّرات/المجلدات-٢-١١/B2/334_waladiyya_p9.jpg؛ مصوّرات/المجلدات-٢-١١/B2/334_tarifat_p195.jpg؛ مصوّرات/المجلدات-٢-١١/B2/334_tarifat_p207.jpg
م٨-٠٠٤	م٨ ف٠١	نقل عالم	ومن حاصل ما ذكره: أن يدخل المتعلم على شيخه كامل الهيئة، ويسلّم على الحاضرين ويخص الشيخ بزيادة تحية، وألا يتخطى رقاب الجا	نص	ابن جماعة	ابن جماعة، تذكرة السامع والمتكلم في أدب العالم والمتعلم	بدر الدين ابن جماعة، تذكرة السامع والمتكلم في أدب العالم والمتعلم، ط. دائرة المعارف العثمانية، حيدر آباد الدكن، ١٣٥٣هـ (عني بنشره السيد محمد هاشم الندوي؛ مقدمة الناشر مؤرخة ٨ جمادى الآخرة ١٣٥٤هـ؛ لا محقق على صفحة العنوان)			٩٣–١٠٦، ١٤٦، ١٥٢، ١٥٦–١٥٧، ١٦١			على المطبوع: ص١٤٦ السابع: إذا حضر مجلس الشيخ سلم على الحاضرين بصوت يسمع جميعهم ويخص الشيخ بزيادة تحية وإكرام ... وإذا سلم فلا يتخطى رقاب الحاضرين إلى قرب الشيخ من لم يكن منزلته كذلك بل يجلس حيث انتهى به المجلس. || ص١٥٢ الثامن: ... ولا يجلس وسط الحلقة ولا قدام أحد إلا لضرورة. || ص٩٧–٩٨ الثامن: أن يجلس بين يدي الش		متحقّق — Verified	التوثيق	مطابقة الإنتاج، ٢٠٢٦/٠٩/٢٤		طوبق على مصوّرة المطبوع؛ طوبق المعنى، والمتن يحكيه بتصرّف؛ كان في المتن: أن يدخل المتعلم المجلس بسكينة، ويسلّم على الحاضرين ويخص الشيخ بالتحية، وألا يتخطى رقاب الجالسين ولا يجلس وسط الحلقة، وأن؛ المصوّرة: https://archive.org/details/AAlexandrina-163831؛ الشاهد: مصوّرات/المجلدات-٢-١١/D2/293_tadh146.jpg؛ مصوّرات/المجلدات-٢-١١/D2/293_tadh152.jpg؛ مصوّرات/المجلدات-٢-١١/D2/293_tadh97.jpg
م٨-٠٠٥	م٨ ف٠١	نقل عالم	ويُروى في هذا المعنى عن عطاء بن أبي رباح قوله: «إني لأسمع الحديث من الرجل وأنا أعلم به منه، فأُريه من نفسي أني لا أُحسن 	نص	ابن جماعة	ابن جماعة، تذكرة السامع والمتكلم في أدب العالم والمتعلم	بدر الدين ابن جماعة، تذكرة السامع والمتكلم في أدب العالم والمتعلم، ط. دائرة المعارف العثمانية، حيدر آباد الدكن، ١٣٥٣هـ (عني بنشره السيد محمد هاشم الندوي؛ مقدمة الناشر مؤرخة ٨ جمادى الآخرة ١٣٥٤هـ؛ لا محقق على صفحة العنوان)			١٠٤–١٠٥			على المطبوع: العاشر: إذا سمع الشيخ يذكر حكما في مسألة أو فائدة مستغربة أو يحكي حكاية أو ينشد شعرا وهو يحفظ ذلك أصغى إليه إصغاء مستفيد له في الحال [١٠٥] متعطش إليه فرح به كأنه لم يسمعه قط. قال عطاء: إني لأسمع الحديث من الرجل وأنا أعلم به منه فأريه من نفسي أني لا أحسن منه شيئا. وعنه قال: إن الشاب ليتحدث بحديث فأسم		متحقّق — Verified	التوثيق	مطابقة الإنتاج، ٢٠٢٦/٠٩/٢٤		طوبق على مصوّرة المطبوع؛ صُحّح لفظ المتن على المطبوع؛ كان في المتن قبل التصحيح: ويُروى في هذا المعنى عن عطاء بن أبي رباح أنه كان يسمع الحديث من الرجل فينصت له كأنه لم يسمعه قط، وقد سمعه قبل ذلك.؛ المصوّرة: https://archive.org/details/AAlexandrina-163831؛ الشاهد: مصوّرات/المجلدات-٢-١١/D2/294_tadh104.jpg؛ مصوّرات/المجلدات-٢-١١/D2/294_tadh105.jpg؛ مصوّرات/المجلدات-٢-١١/D2/tadhkira_title.jpg
م٨-٠٠٦	م٨ ف٠١	نقل عالم	وقد جمع ابن عبد البر في «جامع بيان العلم وفضله» آثارًا كثيرة في أدب السؤال والاستماع ومجالسة العلماء، ومن معانيها المتكر	نص	ابن عبد البر	ابن عبد البر، جامع بيان العلم وفضله	ابن عبد البر، جامع بيان العلم وفضله، تحقيق أبي الأشبال الزهيري، دار ابن الجوزي، الدمام، الطبعة الأولى ١٤١٤هـ/١٩٩٤م (جزآن متسلسلا الترقيم)		١	٣٨٢ (وانظر ٣٧٣، ٣٨٠، ٤٧٦–٤٧٧)			على المطبوع: ٥٤٤ – وروينا عن وهب بن منبه وسليمان بن يسار أنهما قالا: «حُسنُ المسألة نصف العلم، والرفق نصف العيش». || ١/٣٨٠: ٥٣٥ ... عن ابن شهاب قال: «إن العلم خزائن [و] تفتحها المسألة». ٥٣٨ – قال أبو عمر: كان الأصمعي ينشد: شفاء العمى طول السؤال وإنما ... تمام العمى طول السكوت على الجهل || ١/٤٧٧: ٧٦٠ ... قال سفيا		متحقّق — Verified	التوثيق	مطابقة الإنتاج، ٢٠٢٦/٠٩/٢٤		طوبق على مصوّرة المطبوع؛ طوبق المعنى، والمتن يحكيه بتصرّف؛ المصوّرة: https://archive.org/details/JameeBayane؛ الشاهد: مصوّرات/المجلدات-٢-١١/D2/297_jami1_373.jpg؛ مصوّرات/المجلدات-٢-١١/D2/297_jami1_380.jpg؛ مصوّرات/المجلدات-٢-١١/D2/297_jami1_382.jpg
م٨-٠٠٧	م٨ ف٠٢	نقل عالم	ومن كلام أهل العلم في أدب الاختلاف قاعدةٌ تناقلها الفقهاء: «مذهبنا صوابٌ يحتمل الخطأ، ومذهبُ من خالفنا خطأٌ يحتمل الصواب	نص	الشريف الجرجاني	الشريف الجرجاني، التعريفات	شركة مكتبة ومطبعة مصطفى البابي الحلبي وأولاده، مصر، ١٣٥٧هـ/١٩٣٨م			١١٨–١١٩			على المطبوع: الصواب: خلاف الخطأ، وهما يستعملان في المجتهدات، والحق والباطل يستعملان في المعتقدات، حتى إذا سئلنا في مذهبنا ومذهب من خالفنا في الفروع يجب علينا أن نجيب بأن مذهبنا صواب يحتمل الخطأ، ومذهب من خالفنا خطأ يحتمل الصواب، وإذا سئلنا عن معتقدنا ومعتقد من خالفنا في المعتقدات يجب علينا أن نقول الحق ما عليه ن		نسبةٌ غير ثابتة — Attribution uncertain	التوثيق	مطابقة الإنتاج، ٢٠٢٦/٠٩/٢٤		طوبق على مصوّرة المطبوع؛ لم تثبت النسبة؛ صيغ المتن على ذلك؛ كان في المتن: ومن كلام أهل العلم في أدب الاختلاف ما يُروى عن الإمام الشافعي رحمه الله: «رأيي صواب يحتمل الخطأ، ورأي غيري خطأ يحتمل الص؛ المصوّرة: https://archive.org/details/AAlexandrina-188000؛ الشاهد: مصوّرات/المجلدات-٢-١١/D2/229_tarifat_118.jpg؛ مصوّرات/المجلدات-٢-١١/D2/229_tarifat_119.jpg؛ مصوّرات/المجلدات-٢-١١/D2/tarifat_title.jpg
م٨-٠٠٨	م٨ ف٠٤	نقل عالم	ومن أشهر ما يُروى في أدب المناظرة العلمية عن الإمام الشافعي رحمه الله قوله: «ما ناظرتُ أحدًا قطُّ على الغَلَبة، ووددتُ إ	نص	النووي	النووي، المجموع شرح المهذب، باب آداب المعلّم؛ وتهذيب الأسماء واللغات، القسم الأول	المجموع: حقّقه وعلّق عليه وأكمله بعد نقصانه محمد نجيب المطيعي، مكتبة الإرشاد، جدة (المملكة العربية السعودية)، «الطبعة الوحيدة الكاملة»، لا تاريخ على صفحة العنوان؛ وتهذيب الأسماء: عنيت بنشره ... شركة العلماء بمساعدة إدارة الطباعة المنيرية (محمد منير عبده أغا الدمشقي)، مصر؛ منشورات مكتبة الأسدي رقم ١١؛ لا تاريخ		١؛ ١ (القسم الأول، الجزء الأول)	٥٤؛ ٥٣			على المطبوع: المجموع (ت. المطيعي) ١/٥٤: وقال رحمه الله تعالى: «ما ناظرت أحدا قط على الغلبة، وودت اذا ناظرت أحدا ان يظهر الحق على يديه» وقال: «ما كلمت أحدا قط الا وددت ان يوفق ويسدد، ويعان، ويكون عليه رعاية من الله وحفظ» || تهذيب الأسماء ١/٥٣: قال الساجي في أول كتابه في الاختلاف سمعت الربيع يقول سمعت الشافعي يقول	في المطبوع (المجموع ١/٥٤): «وودت إذا ناظرت» بدالٍ واحدة، خطأ طباعة، وفي الصفحة نفسها «إلا وددت أن يوفّق»؛ والمتن «ووددتُ» على الصواب	متحقّق مع اختلاف رواية — Verified with variant	التوثيق	مطابقة الإنتاج، ٢٠٢٦/٠٩/٢٤		طوبق على مصوّرة المطبوع؛ في المطبوع (المجموع ١/٥٤): «وودت إذا ناظرت» بدالٍ واحدة، خطأ طباعة، وفي الصفحة نفسها «إلا وددت أن يوفّق»؛ والمتن «ووددتُ» على الصواب؛ كان في المتن قبل التصحيح: «ما ناظرتُ أحدًا إلا أحببتُ أن يظهر الحقُّ على يديه»؛ المصوّرة: https://archive.org/details/MagmNawawi (magm01.pdf) ; https://archive.org/details/TahzibAlAsmaaPt0101؛ الشاهد: مصوّرات/المجلدات-٢-١١/D2/308_majmu1_54.jpg؛ مصوّرات/المجلدات-٢-١١/D2/majmu1_title.jpg؛ مصوّرات/المجلدات-٢-١١/D2/308_tahdhib1_53.jpg
م٨-٠٠٩	م٨ ف٠٢	نقل عالم	قال ابن جماعة في «تذكرة السامع والمتكلم»: «وينبغي أن لا يطيل الدرس تطويلًا يُمِلّ، ولا يقصِّره تقصيرًا يُخِلّ، ويراعي في	نص	ابن جماعة	ابن جماعة، تذكرة السامع والمتكلم في أدب العالم والمتعلم	بدر الدين ابن جماعة، تذكرة السامع والمتكلم في أدب العالم والمتعلم، ط. دائرة المعارف العثمانية، حيدر آباد الدكن، ١٣٥٣هـ (عني بنشره السيد محمد هاشم الندوي؛ مقدمة الناشر مؤرخة ٨ جمادى الآخرة ١٣٥٤هـ؛ لا محقق على صفحة العنوان)			٣٨			على المطبوع: وينبغي أن لا يطيل (٤) الدرس تطويلا يمل ولا يقصره تقصيرا يخل ويراعي في ذلك مصلحة الحاضرين في الفائدة في التطويل ولا يبحث في مقام أو يتكلم على فائدة إلا في موضع ذلك فلا يقدمه عليه		متحقّق — Verified	التوثيق	مطابقة الإنتاج، ٢٠٢٦/٠٩/٢٤		طوبق على مصوّرة المطبوع؛ المتن ينقل اللفظ بنصّه؛ كان في المتن: أن المدرّس لا يطيل مجلسه إطالة تُملّ الطلاب، ولا يقصّره تقصيرًا يُخلّ بما يحتاجون إليه، ويراعي في ذلك مصلحتهم؛ المصوّرة: https://archive.org/details/AAlexandrina-163831؛ الشاهد: مصوّرات/المجلدات-٢-١١/D2/320_tadh38.jpg؛ مصوّرات/المجلدات-٢-١١/D2/tadhkira_title.jpg
م٨-٠١٠	م٨ ف٠١	أثر موقوف	«لا يتعلّمُ العلمَ مُسْتَحْيٍ ولا مُسْتَكْبِرٌ» (ذكره البخاري معلقًا في كتاب العلم، باب الحياء في العلم)	نص	البخاري	البخاري، الجامع الصحيح	صحيح البخاري، الطبعة السلطانية (بولاق ١٣١١هـ) بترقيم محمد فؤاد عبد الباقي كما في طبعة دار طوق النجاة، ط١، ١٤٢٢هـ، بعناية محمد زهير بن ناصر الناصر (المقدمة ص٤٧: اعتماد ترقيم عبد الباقي)		١	٣٨	(معلق في الترجمة، بلا رقم)		على المطبوع: باب الحياء في العلم. وقال مجاهد: لا يتعلّمُ العلمَ مُسْتَحْيٍ ولا مُسْتَكْبِرٌ. وقالت عائشة: نِعمَ النساءُ نساءُ الأنصار لم يمنعهنّ الحياءُ أن يتفقّهن في الدين		متحقّق — Verified	التوثيق	مطابقة الإنتاج، ٢٠٢٦/٠٩/٢٤		طوبق على مصوّرة المطبوع؛ المصوّرة: https://archive.org/details/03-54504 (file 01_54495, leaf 37)؛ الشاهد: مصوّرات/المجلدات-٢-١١/H1/295_bab_haya_mujahid.jpg
م٨-٠١١	م٨ ف٠٢	أثر موقوف	أخرج البخاري في صحيحه عن ابن عباس رضي الله عنهما أن عمر بن الخطاب كان يُدخله مع أشياخ بدر، فكأنّ بعضهم وجد في نفسه، فقال	نص	البخاري	البخاري، الجامع الصحيح	صحيح البخاري، الطبعة السلطانية (بولاق ١٣١١هـ) بترقيم محمد فؤاد عبد الباقي كما في طبعة دار طوق النجاة، ط١، ١٤٢٢هـ، بعناية محمد زهير بن ناصر الناصر (المقدمة ص٤٧: اعتماد ترقيم عبد الباقي)		٦	١٧٩	٤٩٧٠ (وانظر ٣٦٢٧، ٤٢٩٤، ٤٤٣٠، ٤٩٦٩)		على المطبوع: عن ابن عباس قال: كان عمرُ يُدْخِلُني مع أشياخ بدر، فكأنّ بعضَهم وَجَدَ في نفسه فقال: لِمَ تُدخِلُ هذا معنا ولنا أبناءٌ مثلُه؟ فقال عمر: إنّه مَن حيثُ علمتم. فدعا ذاتَ يومٍ فأدخله معهم، فما رُؤِيتُ أنّه دعاني يومئذٍ إلا ليُرِيَهم. قال: ما تقولون في قول الله تعالى: إذا جاء نصر الله والفتح؟ فقال بعضُهم		متحقّق — Verified	التوثيق	مطابقة الإنتاج، ٢٠٢٦/٠٩/٢٤		طوبق على مصوّرة المطبوع؛ صُحّح قول المتن على المطبوع؛ كان في المتن قبل التصحيح: فتغيّر لذلك بعضهم. فسأل عمر الحاضرين يومًا عن تفسير آية من سورة النصر، فأجاب بعضهم بجواب عام، وسكت آخرون، وسكت ابن عباس ؛ المصوّرة: https://archive.org/details/03-54504 (file 06_54498, leaf 178)؛ الشاهد: مصوّرات/المجلدات-٢-١١/H1/302_bukhari_4970_4969.jpg؛ مصوّرات/المجلدات-٢-١١/H1/302_bukhari_4294.jpg؛ مصوّرات/المجلدات-٢-١١/H1/302_bukhari_3627_4430.jpg
م٨-٠١٢	م٨ ف٠١	حديث	«إِنَّ الْحَمْدَ لِلَّهِ، نَحْمَدُهُ وَنَسْتَعِينُهُ وَنَسْتَغْفِرُهُ، وَنَعُوذُ بِاللَّهِ مِنْ شُرُورِ أَنْفُسِنَا وَسَ	نص	الترمذي؛ أبو داود؛ مسلم	الترمذي؛ أبو داود؛ مسلم	الجامع الصحيح وهو سنن الترمذي، ج٣ تحقيق وتخريج وتعليق محمد فؤاد عبد الباقي، شركة مكتبة ومطبعة مصطفى البابي الحلبي وأولاده بمصر، ط٢، ١٣٨٨هـ/١٩٦٨م ؛ سنن أبي داود، تحقيق محمد محيي الدين عبد الحميد، المكتبة العصرية، صيدا–بيروت (لا رقم طبعة ولا سنة على صفحة العنوان) ؛ صحيح مسلم، تحقيق محمد فؤاد عبد الباقي، مطبعة دار إحياء الكتب العربية، عيسى البابي الحلبي وشركاه، القاهرة (لا سنة مقروءة على صفحة العنوان)؛ ٥ أجزاء متسلسلة الترقيم		الترمذي ٣؛ أبو داود ٢؛ مسلم ٢	الترمذي ٣/٤٠٤–٤٠٥؛ أبو داود ٢/٢٣٨–٢٣٩؛ مسلم ٢/٥٩٣	الترمذي ١١٠٥؛ أبو داود ٢١١٨؛ مسلم ٨٦٨	الترمذي: «حديث عبد الله حديث حسن»	على المطبوع: «إنَّ الحمدَ لله نستعينُه ونستغفرُه، ونعوذُ بالله من شرورِ أنفسنا وسيئاتِ أعمالنا، فمن يهدِه اللهُ فلا مضلَّ له، ومن يُضلل فلا هاديَ له، وأشهدُ أن لا إله إلا الله، وأشهدُ أنّ محمدًا عبدُه ورسولُه» ويقرأ ثلاث آيات. قال عَبْثَر: ففسّره لنا سفيان الثوري: اتقوا الله حق تقاته ولا تموتن إلا وأنتم مسلمون، 		متحقّق — Verified	التوثيق	مطابقة الإنتاج، ٢٠٢٦/٠٩/٢٤		طوبق على مصوّرة المطبوع؛ صُحّح لفظ المتن على المطبوع؛ كان في المتن قبل التصحيح: إِنَّ الْحَمْدَ لِلَّهِ، نَحْمَدُهُ وَنَسْتَعِينُهُ وَنَسْتَغْفِرُهُ، وَنَعُوذُ بِاللَّهِ مِنْ شُرُورِ أَنْفُسِنَا وَمِن؛ المصوّرة: https://archive.org/details/SunanTirmithiHalabii ; https://archive.org/details/04-8461-2 ; https://archive.org/details/saheeh_moslem_Abdulbaqy؛ الشاهد: مصوّرات/المجلدات-٢-١١/H1/121_tirmidhi_1105.jpg؛ مصوّرات/المجلدات-٢-١١/H1/121_abudawud_2118.jpg؛ مصوّرات/المجلدات-٢-١١/H1/121_muslim_868_dimad.jpg
م٨-٠١٣	م٨ ف٠١	حديث	ويروي جابر بن سمرة رضي الله عنه أنهم كانوا إذا أتوا النبي ﷺ جلس أحدهم حيث ينتهي به المجلس (رواه أبو داود والترمذي).	نص	أبو داود	أبو داود، سنن أبي داود	سنن أبي داود، تحقيق محمد محيي الدين عبد الحميد، الجزء الرابع، المكتبة العصرية، صيدا – بيروت (لا رقم طبعة ولا تاريخ على صفحة العنوان في المصوّرة)		٤	٢٥٨	٤٨٢٥	لا تعليق لأبي داود عقب الحديث في المطبوع	على المطبوع: أبو داود ٤/٢٥٨، رقم ٤٨٢٥: حدثنا محمد بن جعفر [الوركاني] وهناد، أن شريكا أخبرهم، عن سماك، عن جابر بن سمرة، قال: كنا إذا أتينا النبي صلى الله عليه وسلم جَلَسَ أحدنا حيث ينتهي || الترمذي ٥/٧٣–٧٤، رقم ٢٧٢٥: حَدَّثَنَا عَلِيُّ بْنُ حُجْرٍ. أَخْبَرَنَا شَرِيكٌ عَنْ سِمَاكِ بْنِ حَرْبٍ عَنْ جَابِرِ بْنِ سَ		متحقّق — Verified	التوثيق	مطابقة الإنتاج، ٢٠٢٦/٠٩/٢٤		طوبق على مصوّرة المطبوع؛ طوبق المعنى، والمتن يحكيه بتصرّف؛ المصوّرة: https://archive.org/details/04-8461-2؛ الشاهد: مصوّرات/المجلدات-٢-١١/H2/292_abudawud4825_v4p258.jpg؛ مصوّرات/المجلدات-٢-١١/H2/292_tirmidhi2725_v5p73-74.jpg؛ مصوّرات/المجلدات-٢-١١/H2/292_albani_sahih-abudawud_4825_v3p186.jpg
م٨-٠١٤	م٨ ف٠١	حديث	«سبحانك اللهم وبحمدك، أشهد أن لا إله إلا أنت، أستغفرك وأتوب إليك» (رواه الترمذي وأبو داود).	نص	الترمذي	الترمذي، الجامع الصحيح وهو سنن الترمذي	الجامع الصحيح وهو سنن الترمذي، الجزء الخامس، تحقيق وتعليق إبراهيم عطوة عوض (المدرس في الأزهر الشريف)، شركة مكتبة ومطبعة مصطفى البابي الحلبي وأولاده بمصر، الطبعة الثانية، ١٣٩٥هـ/١٩٧٥م (من صفحة العنوان وظهرها في المصوّرة)		٥	٤٩٤	٣٤٣٣	قَالَ: هٰذَا حَدِيثٌ حَسَنٌ غَرِيبٌ صَحِيحٌ مِنْ هٰذَا الْوَجْهِ لَا نَعْرِفُهُ مِنْ حَدِيثِ سُهَيْلٍ إِلَّا مِنْ هٰذَا الْوَجْهِ.	على المطبوع: الترمذي ٥/٤٩٤، رقم ٣٤٣٣ (بعد الإسناد): عَنْ أَبِي هُرَيْرَةَ قَالَ: قَالَ رَسُولُ اللهِ صَلَّى اللهُ عَلَيْهِ وَسَلَّمَ: مَنْ جَلَسَ فِي مَجْلِسٍ فَكَثُرَ فِيهِ لَغَطُهُ فَقَالَ قَبْلَ أَنْ يَقُومَ مِنْ مَجْلِسِهِ ذٰلِكَ: سُبْحَانَكَ اللّٰهُمَّ وَبِحَمْدِكَ، أَشْهَدُ أَنْ لَا إِلٰهَ إِلَّا أَنْتَ أَ		متحقّق — Verified	التوثيق	مطابقة الإنتاج، ٢٠٢٦/٠٩/٢٤		طوبق على مصوّرة المطبوع؛ المصوّرة: https://archive.org/details/alfirdwsiy2018_gmail_0915/page/n3052؛ الشاهد: مصوّرات/المجلدات-٢-١١/H2/299_tirmidhi3433_v5p494.jpg؛ مصوّرات/المجلدات-٢-١١/H2/299_abudawud4857-4859_v4p264-265.jpg؛ مصوّرات/المجلدات-٢-١١/H2/299_albani_sahih-abudawud_4859_v3p193-194.jpg
م٨-٠١٥	م٨ ف٠٣	حديث	«إنّ مِن إجلالِ اللهِ إكرامَ ذي الشَّيْبَةِ المسلمِ» (رواه أبو داود)	نص	أبو داود	أبو داود، سنن أبي داود	سنن أبي داود، تحقيق محمد محيي الدين عبد الحميد، الجزء الرابع، المكتبة العصرية، صيدا – بيروت (لا رقم طبعة ولا تاريخ على صفحة العنوان في المصوّرة)		٤	٢٦١–٢٦٢	٤٨٤٣	لا تعليق لأبي داود عقب الحديث في المطبوع	على المطبوع: أبو داود ٤/٢٦١–٢٦٢، رقم ٤٨٤٣ (بعد الإسناد): عن أبي موسى الأشعري، قال: قال رسول الله صلى الله عليه وسلم «إِنَّ مِنْ إِجْلَالِ اللهِ إِكْرَامَ ذِي الشَّيْبَةِ الْمُسْلِمِ، وَحَامِلِ الْقُرْآنِ غَيْرِ الْغَالِي فِيهِ والجافي عنه، وَإِكْرَامَ ذِي السُّلْطَانِ الْمُقْسِطِ»		متحقّق — Verified	التوثيق	مطابقة الإنتاج، ٢٠٢٦/٠٩/٢٤		طوبق على مصوّرة المطبوع؛ المصوّرة: https://archive.org/details/04-8461-2؛ الشاهد: مصوّرات/المجلدات-٢-١١/H2/306_abudawud4843_v4p261-262.jpg؛ مصوّرات/المجلدات-٢-١١/H2/306_albani_sahih-abudawud_4843_v3p189.jpg؛ مصوّرات/المجلدات-٢-١١/H2/abudawud4_title.jpg
م٨-٠١٦	م٨ ف٠١	حديث	«اختلاف أمتي رحمة» عبارة لا يُعرف لها إسناد عند أهل الحديث	نص	تقي الدين السبكي	تقي الدين السبكي، قضاء الأرب في أسئلة حلب	دراسة وتحقيق محمد عالم عبد المجيد الأفغاني (رسالة ماجستير، بإشراف حسن أحمد مرعي)، المكتبة التجارية مصطفى أحمد الباز، مكة المكرمة، ١٤٠٩هـ/١٩٨٨م (صفحة الحقوق: ١٤١٣هـ)			٢٦٢–٢٦٤		«هذا الحديث ليس معروفا عند المحدثين ولم أقف له على سند صحيح، ولا ضعيف، ولا موضوع، ولا أظن له أصلا، إلا أن يكون من كلام الناس…» و«وما زلت أعتقد أن هذا الحديث لا أصل له.»	على المطبوع: «المسألة السابعة عشرة: روى في الحديث «اختلاف أمتي رحمة». … الجواب (الحمد لله): هذا الحديث ليس معروفا عند المحدثين ولم أقف له على سند صحيح، ولا ضعيف، ولا موضوع، ولا أظن له أصلا، إلا أن يكون من كلام الناس، بأن يكون أحد قال: اختلاف أمتي رحمة، فأخذه بعض الناس وظنه حديثا فجعله من كلام النبوة. … وما زلت أ		متحقّق — Verified	التوثيق	مطابقة الإنتاج، ٢٠٢٦/٠٩/٢٤		طوبق على مصوّرة المطبوع؛ طوبق المعنى، والمتن يحكيه بتصرّف؛ المصوّرة: https://archive.org/details/alfirdwsiy2018_gmail_702_201810؛ الشاهد: مصوّرات/المجلدات-٢-١١/H3/318_subki_262-264.jpg؛ مصوّرات/المجلدات-٢-١١/H3/subki_title.jpg؛ مصوّرات/المجلدات-٢-١١/H3/318_daifa57_p141.jpg
م٨-٠١٧	م٨ ف٠١	حديث	حتى جلس إلى النبي ﷺ، فأسند ركبتيه إلى ركبتيه، ووضع كفيه على فخذيه	نص	مسلم	مسلم، الصحيح	صحيح مسلم، تحقيق محمد فؤاد عبد الباقي، مطبعة دار إحياء الكتب العربية، فيصل عيسى البابي الحلبي، القاهرة (لا سنة على صفحة العنوان)؛ ٥ أجزاء متسلسلة الترقيم		١	٣٦–٣٨	٨		على المطبوع: … حَتَّى جَلَسَ إِلَى النَّبِيِّ ﷺ. فَأَسْنَدَ رُكْبَتَيْهِ إِلَى رُكْبَتَيْهِ. وَوَضَعَ كَفَّيْهِ عَلَى فَخِذَيْهِ … قَالَ: «فَإِنَّهُ جِبْرِيلُ. أَتَاكُمْ يُعَلِّمُكُمْ دِينَكُمْ».		متحقّق — Verified	التوثيق	مطابقة الإنتاج، ٢٠٢٦/٠٩/٢٤		طوبق على مصوّرة المطبوع؛ المصوّرة: https://archive.org/details/saheeh_moslem_Abdulbaqy (file Saheeh_Moslem01; leaf = page − 1)؛ الشاهد: مصوّرات/المجلدات-٢-١١/HA4/HA108_muslim8_p36-38.jpg
م٨-٠١٨	م٨ ف٠٥	حديث	«إنَّ لله ما أخذ، وله ما أعطى، وكلٌّ عنده بأجلٍ مسمًّى، فلتصبِر ولتحتسِب» (متفق عليه، واللفظ للبخاري).	نص	البخاري	البخاري، الجامع الصحيح	صحيح البخاري، الطبعة السلطانية (المطبعة الأميرية ببولاق ١٣١١–١٣١٣هـ) في مصوّرة دار طوق النجاة بعناية محمد زهير بن ناصر الناصر (من صفحة العنوان ومقدمة الناشر)، بترقيم محمد فؤاد عبد الباقي في الهامش		٢	٧٩	١٢٨٤ (وأطرافه في الهامش: ٥٦٥٥، ٦٦٠٢، ٦٦٥٥، ٧٣٧٧، ٧٤٤٨)		على المطبوع: البخاري (١٢٨٤): أرسلت ابنة النبي ﷺ إليه: إنّ ابنًا لي قُبض فأْتِنا، فأرسل يُقرئ السلام ويقول: «إنّ لله ما أخذ، وله ما أعطى، وكلٌّ عنده بأجلٍ مسمًّى، فلتصبرْ ولتحتسبْ». | مسلم (٩٢٣): «ارجع إليها فأخبرها: أنّ لله ما أخذ وله ما أعطى، وكلُّ شيءٍ عنده بأجلٍ مسمًّى، فمُرْها فلتصبرْ ولتحتسبْ».		متحقّق — Verified	التوثيق	مطابقة الإنتاج، ٢٠٢٦/٠٩/٢٤		طوبق على مصوّرة المطبوع؛ صُحّح لفظ المتن على المطبوع؛ كان في المتن قبل التصحيح: «إنَّ لله ما أخذ، وله ما أعطى، وكلُّ شيءٍ عنده بأجلٍ مسمًّى، فلتصبِر ولتحتسِب» (متفق عليه).؛ المصوّرة: https://archive.org/details/03-54504 (file 02_54496.pdf)؛ الشاهد: مصوّرات/المجلدات-٢-١١/HA1/HA109_bukhari1284_v2p79.jpg؛ مصوّرات/المجلدات-٢-١١/HA1/HA109_muslim923_v2p635-636.jpg
م٨-٠١٩	م٨ ف٠١	حديث	قال رسول الله ﷺ: «الطُّهورُ شَطْرُ الإيمانِ» (رواه مسلم). نصف الإيمان، يا عباد الله، يبدأ من الماء الذي نتوضأ به.	نص	مسلم	مسلم، الصحيح	صحيح مسلم، وقف على طبعه وتحقيق نصوصه وتصحيحه وترقيمه محمد فؤاد عبد الباقي، مطبعة دار إحياء الكتب العربية (فيصل عيسى البابي الحلبي)، القاهرة، ٥ أجزاء متسلسلة الصفحات (لا سنة على صفحة العنوان)		١	٢٠٣	٢٢٣		على المطبوع: قال رسول الله ﷺ «الطُّهورُ شَطْرُ الإيمانِ. والحمدُ لله تملأُ الميزانَ ...»		متحقّق — Verified	التوثيق	مطابقة الإنتاج، ٢٠٢٦/٠٩/٢٤		طوبق على مصوّرة المطبوع؛ المصوّرة: https://archive.org/details/saheeh_moslem_Abdulbaqy؛ الشاهد: مصوّرات/المجلدات-٢-١١/HA2/HA98-HA110_muslim223_v1p203.jpg
م٨-٠٢٠	م٨ ف٠١	حديث	تخلّف كعب بن مالك رضي الله عنه عن غزوة تبوك بلا عذر. فلما رجع النبي ﷺ لم يعتذر إليه بكذب كما فعل غيره، بل صدَقه. وقصته ف	نص	البخاري؛ مسلم	البخاري؛ مسلم، الصحيح	صحيح البخاري، الطبعة السلطانية (بولاق ١٣١١هـ) بترقيم محمد فؤاد عبد الباقي، في مصوّرة دار طوق النجاة، ط١، بعناية محمد زهير بن ناصر الناصر (صفحة العنوان وظهرها والمقدمة: اعتماد ترقيم عبد الباقي) ؛ صحيح مسلم، تحقيق محمد فؤاد عبد الباقي، مطبعة دار إحياء الكتب العربية، فيصل عيسى البابي الحلبي، القاهرة (لا سنة على صفحة العنوان)؛ ترقيم الصفحات متسلسل عبر الأجزاء		البخاري ٦؛ مسلم ٤	البخاري ٦/٣–٥ (القصة ٦/٣–٧)؛ مسلم ٤/٢١٢٠ وما بعدها	البخاري ٤٤١٨؛ مسلم ٢٧٦٩		على المطبوع: البخاري (٦/٥): …ولئن حدّثتك حديثَ صدقٍ تجدُ عليّ فيه إنّي لأرجو فيه عفوَ الله، لا والله ما كان لي من عذر، والله ما كنتُ قطُّ أقوى ولا أيسرَ منّي حين تخلّفتُ عنك. فقال رسول الله صلى الله عليه وسلم: أمّا هذا فقد صدق…		متحقّق — Verified	التوثيق	مطابقة الإنتاج، ٢٠٢٦/٠٩/٢٤		طوبق على مصوّرة المطبوع؛ طوبق المعنى، والمتن يحكيه بتصرّف؛ المصوّرة: https://archive.org/details/03-54504 ; https://archive.org/details/saheeh_moslem_Abdulbaqy؛ الشاهد: مصوّرات/المجلدات-٢-١١/HA3/HA111_bukhari4418_v6p3-5.jpg؛ مصوّرات/المجلدات-٢-١١/HA3/HA111_muslim2769_p2120.jpg
م٨-٠٢١	م٨ ف٠١	حديث	سأل النبي ﷺ أصحابه: «أتدرون ما الغيبة؟» قالوا: الله ورسوله أعلم. قال: «ذِكرُك أخاك بما يكره» (رواه مسلم). ذكرُك أخاك بما	نص	مسلم	مسلم، الصحيح	صحيح مسلم، تحقيق محمد فؤاد عبد الباقي، مطبعة دار إحياء الكتب العربية، فيصل عيسى البابي الحلبي، القاهرة (لا سنة على صفحة العنوان)؛ ٥ أجزاء متسلسلة الترقيم		٤	٢٠٠١	٢٥٨٩		على المطبوع: أَنَّ رَسُولَ اللَّهِ ﷺ قَالَ: «أَتَدْرُونَ مَا الْغِيبَةُ؟» قَالُوا: اللَّهُ وَرَسُولُهُ أَعْلَمُ. قَالَ: «ذِكْرُكَ أَخَاكَ بِمَا يَكْرَهُ» قِيلَ: أَفَرَأَيْتَ إِنْ كَانَ فِي أَخِي مَا أَقُولُ؟ قَالَ: «إِنْ كَانَ فِيهِ مَا تَقُولُ، فَقَدِ اغْتَبْتَهُ. وَإِنْ لَمْ يَكُنْ فِيهِ، فَقَدْ بَهَتَّهُ».		متحقّق — Verified	التوثيق	مطابقة الإنتاج، ٢٠٢٦/٠٩/٢٤		طوبق على مصوّرة المطبوع؛ المصوّرة: https://archive.org/details/saheeh_moslem_Abdulbaqy (file Saheeh_Moslem01; leaf = page − 1)؛ الشاهد: مصوّرات/المجلدات-٢-١١/HA4/HA112_muslim2589_p2001.jpg
م٨-٠٢٢	م٨ ف٠١	حديث	سأل النبي ﷺ أصحابه سؤالًا … «أتدرون ما الغيبة؟» … قال ﷺ: «ذِكرُك أخاك بما يكره». فقيل له: أفرأيتَ إن كان في أخي ما أقول؟	نص	مسلم	مسلم، الصحيح	صحيح مسلم، تحقيق محمد فؤاد عبد الباقي، دار إحياء الكتب العربية (عيسى البابي الحلبي وشركاه)؛ النسخة المصوّرة: دار الحديث، القاهرة، ط١، ١٤١٢هـ/١٩٩١م، توزيع دار الكتب العلمية (بترقيم الطبعة الأصلية نفسه)		٤	٢٠٠١	٢٥٨٩ (رقم ٧٠)		على المطبوع: أن رسول الله ﷺ قال: «أتدرون ما الغيبة؟» قالوا: الله ورسوله أعلم. قال: «ذِكرُك أخاك بما يكره». قيل: أفرأيتَ إن كان في أخي ما أقول؟ قال: «إن كان فيه ما تقول فقد اغتبتَه، وإن لم يكن فيه فقد بهتَّه».		متحقّق — Verified	التوثيق	مطابقة الإنتاج، ٢٠٢٦/٠٩/٢٤		طوبق على مصوّرة المطبوع؛ المصوّرة: https://archive.org/details/saheeh_moslem_Abdulbaqy؛ الشاهد: مصوّرات/المجلدات-٢-١١/HA1/HA113_muslim2589_v4p2001.jpg
م٨-٠٢٣	م٨ ف٠١	حديث	قال رسول الله ﷺ: «ومَن سلك طريقًا يلتمس فيه علمًا، سهّل الله له به طريقًا إلى الجنة» (رواه مسلم).	نص	مسلم	مسلم، الصحيح	صحيح مسلم، وقف على طبعه وتحقيق نصوصه وتصحيحه وترقيمه محمد فؤاد عبد الباقي، مطبعة دار إحياء الكتب العربية (فيصل عيسى البابي الحلبي)، القاهرة، ٥ أجزاء متسلسلة الصفحات (لا سنة على صفحة العنوان)		٤	٢٠٧٤	٢٦٩٩		على المطبوع: «... ومن سلك طريقًا يلتمسُ فيه علمًا، سهَّل اللهُ له به طريقًا إلى الجنة ...»		متحقّق — Verified	التوثيق	مطابقة الإنتاج، ٢٠٢٦/٠٩/٢٤		طوبق على مصوّرة المطبوع؛ المصوّرة: https://archive.org/details/saheeh_moslem_Abdulbaqy؛ الشاهد: مصوّرات/المجلدات-٢-١١/HA2/HA50-HA114_muslim2699_v4p2074.jpg
م٨-٠٢٤	م٨ ف٠١	حديث	وفي صحيح البخاري حديث معناه: أن العبد قد يتكلم بالكلمة لا يُلقي لها بالًا، فيرفعه الله بها درجات، أو يهوي بها في النار.	نص	البخاري	البخاري، الجامع الصحيح	صحيح البخاري، الطبعة السلطانية (بولاق ١٣١١هـ) بترقيم محمد فؤاد عبد الباقي، في مصوّرة دار طوق النجاة، ط١، بعناية محمد زهير بن ناصر الناصر (صفحة العنوان وظهرها والمقدمة: اعتماد ترقيم عبد الباقي)		٨	١٠١	٦٤٧٨		على المطبوع: إنّ العبدَ ليتكلّمُ بالكلمة من رضوانِ الله لا يُلقي لها بالًا يرفعُه اللهُ بها درجات، وإنّ العبدَ ليتكلّمُ بالكلمة من سَخَطِ الله لا يُلقي لها بالًا يهوي بها في جهنّم.		متحقّق — Verified	التوثيق	مطابقة الإنتاج، ٢٠٢٦/٠٩/٢٤		طوبق على مصوّرة المطبوع؛ طوبق المعنى، والمتن يحكيه بتصرّف؛ المصوّرة: https://archive.org/details/03-54504؛ الشاهد: مصوّرات/المجلدات-٢-١١/HA3/HA115_bukhari6478_v8p101.jpg
م٨-٠٢٥	م٨ ف٠١	حديث	قال رسول الله ﷺ: «الظُّلْمُ ظُلُمَاتٌ يَوْمَ الْقِيَامَةِ» (متفق عليه)، فاحذروه.	نص	البخاري؛ مسلم	البخاري؛ مسلم، الصحيحان	صحيح البخاري، الطبعة السلطانية (بولاق ١٣١١هـ) بترقيم محمد فؤاد عبد الباقي كما في طبعة دار طوق النجاة، ط١، بعناية محمد زهير بن ناصر الناصر (صفحة العنوان والمقدمة: اعتماد ترقيم عبد الباقي) ؛ صحيح مسلم، تحقيق محمد فؤاد عبد الباقي، مطبعة دار إحياء الكتب العربية، فيصل عيسى البابي الحلبي، القاهرة (لا سنة على صفحة العنوان)؛ ٥ أجزاء متسلسلة الترقيم		البخاري ٣؛ مسلم ٤	البخاري ٣/١٢٩؛ مسلم ٤/١٩٩٦	البخاري ٢٤٤٧؛ مسلم ٢٥٧٩ (وانظر ٢٥٧٨)		على المطبوع: البخاري: عن عبد الله بن عمر رضي الله عنهما عن النبي ﷺ قال: الظلمُ ظلماتٌ يوم القيامة. — مسلم ٢٥٧٩: «إِنَّ الظُّلْمَ ظُلُمَاتٌ يَوْمَ الْقِيَامَةِ».		متحقّق — Verified	التوثيق	مطابقة الإنتاج، ٢٠٢٦/٠٩/٢٤		طوبق على مصوّرة المطبوع؛ المصوّرة: https://archive.org/details/03-54504 (title page from https://archive.org/details/SahihBukhariYouniniya) ; https://archive.org/details/saheeh_moslem_Abdulbaqy (file Saheeh_Moslem01; leaf = page − 1)؛ الشاهد: مصوّرات/المجلدات-٢-١١/HA4/HA116_bukhari2447_v3p129.jpg؛ مصوّرات/المجلدات-٢-١١/HA4/HA116_muslim2578-2579_p1996.jpg
م٨-٠٢٦	م٨ ف٠١	حديث	«ليس الواصلُ بالمكافئ، ولكنِ الواصلُ الذي إذا قُطِعتْ رحمُه وصلَها» (رواه البخاري)	نص	البخاري	البخاري، الجامع الصحيح	صحيح البخاري، الطبعة السلطانية (بولاق ١٣١١هـ) بترقيم محمد فؤاد عبد الباقي، في مصوّرة دار طوق النجاة، ط١، بعناية محمد زهير بن ناصر الناصر		٨	٦	٥٩٩١		على المطبوع: «ليس الواصلُ بالمكافي، ولكنِ الواصلُ الذي إذا قَطَعَتْ رَحِمُهُ وصلها» [الحاشية (٩): قُطِعَتْ رحمُه]		متحقّق — Verified	التوثيق	مطابقة الإنتاج، ٢٠٢٦/٠٩/٢٤		طوبق على مصوّرة المطبوع؛ المصوّرة: https://archive.org/details/03-54504؛ الشاهد: مصوّرات/المجلدات-٢-١١/HA5/HA5-8_bukhari5991_v8p6.jpg
م٨-٠٢٧	م٨ ف٠١	حديث	أمّا أحدُهم فأوى إلى الله فآواه الله، وأمّا الآخرُ فاستحيا فاستحيا اللهُ منه، وأمّا الآخرُ فأعرضَ فأعرضَ اللهُ عنه	نص	البخاري؛ مسلم	البخاري؛ مسلم، الصحيح	صحيح البخاري، الطبعة السلطانية (المطبعة الكبرى الأميرية ببولاق، ١٣١١هـ) بترقيم محمد فؤاد عبد الباقي في الحاشية (تحفة)، مصوَّرة دار طوق النجاة، بيروت، ط١، بعناية محمد زهير بن ناصر الناصر ؛ صحيح مسلم، وقف على طبعه وتحقيق نصوصه وتصحيحه وترقيمه محمد فؤاد عبد الباقي، مطبعة دار إحياء الكتب العربية (فيصل عيسى البابي الحلبي)، القاهرة، ٥ أجزاء متسلسلة الصفحات (لا سنة على صفحة العنوان)		البخاري ١؛ مسلم ٤	البخاري ١/٢٤؛ مسلم ٤/١٧١٣	البخاري ٦٦ (و٤٧٤)؛ مسلم ٢١٧٦		على المطبوع: البخاري ٦٦: فلما فرغ رسول الله صلى الله عليه وسلم قال: «ألا أخبركم عن النفر الثلاثة؟ أمّا أحدُهم فأوى إلى الله فآواه الله، وأمّا الآخرُ فاستحيا فاستحيا اللهُ منه، وأمّا الآخرُ فأعرضَ فأعرضَ اللهُ عنه».		متحقّق — Verified	التوثيق	مطابقة الإنتاج، ٢٠٢٦/٠٩/٢٤		طوبق على مصوّرة المطبوع؛ المصوّرة: https://archive.org/details/03-54504 ; https://archive.org/details/saheeh_moslem_Abdulbaqy؛ الشاهد: مصوّرات/المجلدات-٢-١١/HA2/HA74_bukhari66_v1p24.jpg؛ مصوّرات/المجلدات-٢-١١/HA2/HA74_muslim2176_v4p1713.jpg
م٨-٠٢٨	م٨ ف٠١	حديث	لا يُقيمُ الرجلُ الرجلَ من مجلسِه ثم يجلسُ فيه	نص	البخاري؛ مسلم	البخاري؛ مسلم، الصحيح	صحيح البخاري، الطبعة السلطانية (بولاق ١٣١١هـ) بترقيم محمد فؤاد عبد الباقي، في مصوّرة دار طوق النجاة، ط١، بعناية محمد زهير بن ناصر الناصر (صفحة العنوان وظهرها والمقدمة: اعتماد ترقيم عبد الباقي) ؛ صحيح مسلم، تحقيق محمد فؤاد عبد الباقي، مطبعة دار إحياء الكتب العربية، فيصل عيسى البابي الحلبي، القاهرة (لا سنة على صفحة العنوان)؛ ترقيم الصفحات متسلسل عبر الأجزاء		البخاري ٨؛ مسلم ٤	البخاري ٨/٦١؛ مسلم ٤/١٧١٤	البخاري ٦٢٦٩؛ مسلم ٢١٧٧		على المطبوع: البخاري: لا يُقيمُ الرجلُ الرجلَ من مجلسه ثم يجلسُ فيه.		متحقّق — Verified	التوثيق	مطابقة الإنتاج، ٢٠٢٦/٠٩/٢٤		طوبق على مصوّرة المطبوع؛ المصوّرة: https://archive.org/details/03-54504 ; https://archive.org/details/saheeh_moslem_Abdulbaqy؛ الشاهد: مصوّرات/المجلدات-٢-١١/HA3/HA75_bukhari6269_v8p61.jpg؛ مصوّرات/المجلدات-٢-١١/HA3/HA75_muslim2177_p1714.jpg
م٨-٠٢٩	م٨ ف٠١	حديث	وقد يقوم أحدكم من مكانه لحاجة ثم يعود، فهو أحق به، لقول النبي ﷺ: «مَن قام من مجلسه ثم رجع إليه، فهو أحقّ به» (رواه مسلم)	نص	مسلم	مسلم، الصحيح	صحيح مسلم، تحقيق محمد فؤاد عبد الباقي، مطبعة دار إحياء الكتب العربية، فيصل عيسى البابي الحلبي، القاهرة (لا سنة على صفحة العنوان)؛ ٥ أجزاء متسلسلة الترقيم		٤	١٧١٥	٢١٧٩		على المطبوع: أن رسول الله ﷺ قال «إِذَا قَامَ أَحَدُكُمْ». وَفِي حَدِيثِ أَبِي عَوَانَةَ «مَنْ قَامَ مِنْ مَجْلِسِهِ ثُمَّ رَجَعَ إِلَيْهِ، فَهُوَ أَحَقُّ بِهِ».		متحقّق — Verified	التوثيق	مطابقة الإنتاج، ٢٠٢٦/٠٩/٢٤		طوبق على مصوّرة المطبوع؛ صُحّح لفظ المتن على المطبوع؛ كان في المتن قبل التصحيح: إذا قام أحدكم من مجلس ثم رجع إليه فهو أحق به؛ المصوّرة: https://archive.org/details/saheeh_moslem_Abdulbaqy (file Saheeh_Moslem01; leaf = page − 1)؛ الشاهد: مصوّرات/المجلدات-٢-١١/HA4/HA76_muslim2179_p1715.jpg
م٨-٠٣٠	م٨ ف٠١	حديث	«مَنْ كَانَ يُؤْمِنُ بِاللهِ وَالْيَوْمِ الآخِرِ فَلْيَقُلْ خَيْرًا أَوْ لِيَصْمُتْ» (متفق عليه)	نص	البخاري؛ مسلم	البخاري؛ مسلم، الصحيحان	صحيح البخاري، الطبعة السلطانية (بولاق ١٣١١هـ) بترقيم محمد فؤاد عبد الباقي كما في طبعة دار طوق النجاة، ط١، بعناية محمد زهير بن ناصر الناصر (صفحة العنوان والمقدمة: اعتماد ترقيم عبد الباقي) ؛ صحيح مسلم، تحقيق محمد فؤاد عبد الباقي، دار إحياء الكتب العربية (عيسى البابي الحلبي وشركاه)؛ النسخة المصوّرة: دار الحديث، القاهرة، ط١، ١٤١٢هـ/١٩٩١م، توزيع دار الكتب العلمية (بترقيم الطبعة الأصلية نفسه)		البخاري ٨؛ مسلم ١	البخاري ٨/١١؛ مسلم ١/٦٨	البخاري ٦٠١٨ (و٦٤٧٥)؛ مسلم ٤٧ (رقم ٧٤)		على المطبوع: البخاري ٦٠١٨: «ومن كان يؤمن بالله واليوم الآخر فليقل خيرًا أو ليصمت». — «من كان يؤمن بالله واليوم الآخر فليقل خيرًا أو ليصمت، ومن كان يؤمن بالله واليوم الآخر فليكرم جاره …»		متحقّق — Verified	التوثيق	مطابقة الإنتاج، ٢٠٢٦/٠٩/٢٤		طوبق على مصوّرة المطبوع؛ المصوّرة: https://archive.org/details/saheeh_moslem_Abdulbaqy؛ الشاهد: مصوّرات/ح٧.png؛ مصوّرات/ح٧-م.png؛ مصوّرات/المجلدات-٢-١١/HA1/HA77_muslim47_v1p68.jpg
م٨-٠٣١	م٨ ف٠١	حديث	إنّ اللهَ لا يستحيي من الحقِّ	نص	البخاري؛ مسلم	البخاري؛ مسلم، الصحيح	صحيح البخاري، الطبعة السلطانية (المطبعة الكبرى الأميرية ببولاق، ١٣١١هـ) بترقيم محمد فؤاد عبد الباقي في الحاشية (تحفة)، مصوَّرة دار طوق النجاة، بيروت، ط١، بعناية محمد زهير بن ناصر الناصر ؛ صحيح مسلم، وقف على طبعه وتحقيق نصوصه وتصحيحه وترقيمه محمد فؤاد عبد الباقي، مطبعة دار إحياء الكتب العربية (فيصل عيسى البابي الحلبي)، القاهرة، ٥ أجزاء متسلسلة الصفحات (لا سنة على صفحة العنوان)		البخاري ١؛ مسلم ١	البخاري ١/٣٨؛ مسلم ١/٢٥١	البخاري ١٣٠ (و٢٨٢)؛ مسلم ٣١٣		على المطبوع: البخاري ١٣٠: جاءت أمُّ سُليم إلى رسول الله صلى الله عليه وسلم فقالت: يا رسول الله، إنّ اللهَ لا يستحيي من الحقِّ، فهل على المرأة من غُسلٍ إذا احتلمت؟ مسلم ٣١٣: فقالت: يا رسولَ الله! إنّ اللهَ لا يستحيي من الحقِّ فهل على المرأة من غسلٍ إذا احتلمت؟		متحقّق — Verified	التوثيق	مطابقة الإنتاج، ٢٠٢٦/٠٩/٢٤		طوبق على مصوّرة المطبوع؛ المصوّرة: https://archive.org/details/03-54504 ; https://archive.org/details/saheeh_moslem_Abdulbaqy؛ الشاهد: مصوّرات/المجلدات-٢-١١/HA2/HA78_bukhari130_v1p38.jpg؛ مصوّرات/المجلدات-٢-١١/HA2/HA78_muslim313_v1p251.jpg
م٨-٠٣٢	م٨ ف٠٣	حديث	...وما تواضع أحد لله إلا رفعه الله	نص	مسلم	مسلم، الصحيح	صحيح مسلم، تحقيق محمد فؤاد عبد الباقي، مطبعة دار إحياء الكتب العربية، فيصل عيسى البابي الحلبي، القاهرة (لا سنة على صفحة العنوان)؛ ترقيم الصفحات متسلسل عبر الأجزاء		٤	٢٠٠١	٢٥٨٨		على المطبوع: «ما نقصتْ صدقةٌ من مالٍ. وما زاد اللهُ عبدًا بعفوٍ إلا عزًّا. وما تواضع أحدٌ لله إلا رفعه الله».		متحقّق — Verified	التوثيق	مطابقة الإنتاج، ٢٠٢٦/٠٩/٢٤		طوبق على مصوّرة المطبوع؛ المصوّرة: https://archive.org/details/saheeh_moslem_Abdulbaqy؛ الشاهد: مصوّرات/المجلدات-٢-١١/HA3/HA63_muslim2588_p2001.jpg
م٨-٠٣٣	م٨ ف٠١	حديث	إِنَّ طُولَ صَلَاةِ الرَّجُلِ، وَقِصَرَ خُطْبَتِهِ، مَئِنَّةٌ مِنْ فِقْهِهِ، فَأَطِيلُوا الصَّلَاةَ، وَاقْصُرُوا الْخُطْ	نص	مسلم	مسلم، الصحيح	صحيح مسلم، تحقيق محمد فؤاد عبد الباقي، مطبعة دار إحياء الكتب العربية، فيصل عيسى البابي الحلبي، القاهرة (لا سنة على صفحة العنوان)؛ ٥ أجزاء متسلسلة الترقيم		٢	٥٩٤ (see Vol. 1 verification)	٨٦٩		على المطبوع: «إِنَّ طُولَ صَلَاةِ الرَّجُلِ، وَقِصَرَ خُطْبَتِهِ، مَئِنَّةٌ مِنْ فِقْهِهِ. فَأَطِيلُوا الصَّلَاةَ وَاقْصُرُوا الْخُطْبَةَ. وَإِنَّ مِنَ الْبَيَانِ سِحْرًا»		متحقّق — Verified	التوثيق	مطابقة الإنتاج، ٢٠٢٦/٠٩/٢٤		طوبق على مصوّرة المطبوع؛ المصوّرة: https://archive.org/details/saheeh_moslem_Abdulbaqy (file Saheeh_Moslem01; leaf = page − 1)
م٨-٠٣٤	م٨ ف٠١	حديث	«كُنْتُ أُصَلِّي مَعَ رَسُولِ اللهِ ﷺ، فَكَانَتْ صَلَاتُهُ قَصْدًا، وَخُطْبَتُهُ قَصْدًا» (رواه مسلم).	نص	مسلم	مسلم، الصحيح	صحيح مسلم، تحقيق محمد فؤاد عبد الباقي، دار إحياء الكتب العربية (عيسى البابي الحلبي وشركاه)؛ النسخة المصوّرة: دار الحديث، القاهرة، ط١، ١٤١٢هـ/١٩٩١م، توزيع دار الكتب العلمية (بترقيم الطبعة الأصلية نفسه)		٢	٥٩١	٨٦٦ (رقم ٤١)		على المطبوع: عن جابر بن سمرة قال: كنت أصلّي مع رسول الله ﷺ، فكانت صلاته قصدًا، وخطبته قصدًا. (وفي الرواية بعدها: كنت أصلي مع النبي ﷺ الصلوات …)		متحقّق — Verified	التوثيق	مطابقة الإنتاج، ٢٠٢٦/٠٩/٢٤		طوبق على مصوّرة المطبوع؛ المصوّرة: https://archive.org/details/saheeh_moslem_Abdulbaqy؛ الشاهد: مصوّرات/المجلدات-٢-١١/HA1/HA81_muslim866_v2p591.jpg
م٨-٠٣٥	م٨ ف٠١	حديث	كَانَتْ لِلنَّبِيِّ ﷺ خُطْبَتَانِ يَجْلِسُ بَيْنَهُمَا، يَقْرَأُ الْقُرْآنَ، وَيُذَكِّرُ النَّاسَ	نص	مسلم	مسلم، الصحيح	صحيح مسلم، وقف على طبعه وتحقيق نصوصه وتصحيحه وترقيمه محمد فؤاد عبد الباقي، مطبعة دار إحياء الكتب العربية (فيصل عيسى البابي الحلبي)، القاهرة، ٥ أجزاء متسلسلة الصفحات (لا سنة على صفحة العنوان)		٢	٥٨٩	٨٦٢		على المطبوع: عن جابر بن سمرة؛ قال: كانت للنبي ﷺ خُطبتانِ يجلسُ بينهما. يقرأُ القرآنَ ويذكِّرُ الناسَ.		متحقّق — Verified	التوثيق	مطابقة الإنتاج، ٢٠٢٦/٠٩/٢٤		طوبق على مصوّرة المطبوع؛ المصوّرة: https://archive.org/details/saheeh_moslem_Abdulbaqy؛ الشاهد: مصوّرات/المجلدات-٢-١١/HA2/HA82_muslim862_v2p589.jpg
م٨-٠٣٦	م٨ ف٠١	حديث	البَيِّعانِ بالخيارِ ما لم يتفرَّقا، فإنْ صدَقا وبيَّنا بُورِكَ لهما في بيعِهما، وإنْ كتَما وكذَبا مُحِقَتْ بركةُ بيعِهم	نص	البخاري؛ مسلم	البخاري؛ مسلم، الصحيح	صحيح البخاري، الطبعة السلطانية (بولاق ١٣١١هـ) بترقيم محمد فؤاد عبد الباقي، في مصوّرة دار طوق النجاة، ط١، بعناية محمد زهير بن ناصر الناصر (صفحة العنوان وظهرها والمقدمة: اعتماد ترقيم عبد الباقي) ؛ صحيح مسلم، تحقيق محمد فؤاد عبد الباقي، مطبعة دار إحياء الكتب العربية، فيصل عيسى البابي الحلبي، القاهرة (لا سنة على صفحة العنوان)؛ ترقيم الصفحات متسلسل عبر الأجزاء		البخاري ٣؛ مسلم ٣	البخاري ٣/٥٨؛ مسلم ٣/١١٦٤	البخاري ٢٠٧٩ (و٢٠٨٢، ٢١١٠)؛ مسلم ١٥٣٢		على المطبوع: البخاري ٢٠٧٩: البيّعانِ بالخيار ما لم يتفرّقا، أو قال: حتى يتفرّقا، فإن صدقا وبيّنا بُورك لهما في بيعهما، وإن كتما وكذبا مُحِقت بركةُ بيعهما. — مسلم ١٥٣٢: …وإن كذبا وكتما مُحقت بركة بيعهما.		متحقّق — Verified	التوثيق	مطابقة الإنتاج، ٢٠٢٦/٠٩/٢٤		طوبق على مصوّرة المطبوع؛ المصوّرة: https://archive.org/details/03-54504 ; https://archive.org/details/saheeh_moslem_Abdulbaqy؛ الشاهد: مصوّرات/المجلدات-٢-١١/HA3/HA83_bukhari2079_v3p58.jpg؛ مصوّرات/المجلدات-٢-١١/HA3/HA83_muslim1532_p1164.jpg
م٨-٠٣٧	م٨ ف٠١	حديث	كَانَ رَسُولُ اللهِ ﷺ إِذَا خَطَبَ احْمَرَّتْ عَيْنَاهُ، وَعَلَا صَوْتُهُ، وَاشْتَدَّ غَضَبُهُ، حَتَّى كَأَنَّهُ مُنْذِر	نص	مسلم	مسلم، الصحيح	صحيح مسلم، تحقيق محمد فؤاد عبد الباقي، مطبعة دار إحياء الكتب العربية، فيصل عيسى البابي الحلبي، القاهرة (لا سنة على صفحة العنوان)؛ ٥ أجزاء متسلسلة الترقيم		٢	٥٩٢	٨٦٧		على المطبوع: كَانَ رَسُولُ اللَّهِ ﷺ إِذَا خَطَبَ احْمَرَّتْ عَيْنَاهُ، وَعَلَا صَوْتُهُ، وَاشْتَدَّ غَضَبُهُ. حَتَّى كَأَنَّهُ مُنْذِرُ جَيْشٍ. يَقُولُ: صَبَّحَكُمْ وَمَسَّاكُمْ.		متحقّق — Verified	التوثيق	مطابقة الإنتاج، ٢٠٢٦/٠٩/٢٤		طوبق على مصوّرة المطبوع؛ المصوّرة: https://archive.org/details/saheeh_moslem_Abdulbaqy (file Saheeh_Moslem01; leaf = page − 1)؛ الشاهد: مصوّرات/المجلدات-٢-١١/HA4/HA84_muslim867_p592.jpg
م٨-٠٣٨	م٨ ف٠٢	حديث	«إِنَّ الصِّدْقَ يَهْدِي إِلَى الْبِرِّ، وَإِنَّ الْبِرَّ يَهْدِي إِلَى الْجَنَّةِ» (متفق عليه)	نص	البخاري	البخاري، الجامع الصحيح	صحيح البخاري، الطبعة السلطانية (المطبعة الأميرية ببولاق ١٣١١–١٣١٣هـ) في مصوّرة دار طوق النجاة بعناية محمد زهير بن ناصر الناصر (من صفحة العنوان ومقدمة الناشر)، بترقيم محمد فؤاد عبد الباقي في الهامش		٨	٢٥	٦٠٩٤		على المطبوع: «إنّ الصدقَ يهدي إلى البرّ، وإنّ البرَّ يهدي إلى الجنة، وإنّ الرجل ليصدق حتى يكون صدّيقًا …»		متحقّق — Verified	التوثيق	مطابقة الإنتاج، ٢٠٢٦/٠٩/٢٤		طوبق على مصوّرة المطبوع؛ المصوّرة: https://archive.org/details/03-54504 (file 08_54507.pdf)؛ الشاهد: مصوّرات/المجلدات-٢-١١/HA1/HA85_bukhari6094_v8p25.jpg؛ مصوّرات/المجلدات-٢-١١/HA1/HA85_muslim2607_v4p2012.jpg
م٨-٠٣٩	م٨ ف٠٣	حديث	إنَّ مِنَ البَيانِ لَسِحْرًا	نص	البخاري	البخاري، الصحيح	صحيح البخاري، الطبعة السلطانية (المطبعة الكبرى الأميرية ببولاق، ١٣١١هـ) بترقيم محمد فؤاد عبد الباقي في الحاشية (تحفة)، مصوَّرة دار طوق النجاة، بيروت، ط١، بعناية محمد زهير بن ناصر الناصر		٧	١٣٨	٥٧٦٧ (و٥١٤٦)		على المطبوع: (Shamela, 5767) أنه قدِم رجلانِ من المشرق فخطبا، فعجِب الناسُ لبيانهما، فقال رسول الله ﷺ: «إنّ من البيان لسحرًا، أو إنّ بعضَ البيان لسحرٌ»		متحقّق — Verified	التوثيق	مطابقة الإنتاج، ٢٠٢٦/٠٩/٢٤		طوبق على مصوّرة المطبوع؛ المصوّرة: https://archive.org/details/03-54504
م٨-٠٤٠	م٨ ف٠٤	حديث	كَانَ إِذَا تَكَلَّمَ بِكَلِمَةٍ أَعَادَهَا ثَلَاثًا حَتَّى تُفْهَمَ عَنْهُ	نص	البخاري	البخاري، الجامع الصحيح	صحيح البخاري، الطبعة السلطانية (بولاق ١٣١١هـ) بترقيم محمد فؤاد عبد الباقي، في مصوّرة دار طوق النجاة، ط١، بعناية محمد زهير بن ناصر الناصر (صفحة العنوان وظهرها والمقدمة: اعتماد ترقيم عبد الباقي)		١	٣٠	٩٥ (وانظر ٩٤)		على المطبوع: عن أنس عن النبيّ صلى الله عليه وسلم أنّه كان إذا تكلّم بكلمةٍ أعادها ثلاثًا حتى تُفهمَ عنه، وإذا أتى على قومٍ فسلّم عليهم سلّم عليهم ثلاثًا.		متحقّق — Verified	التوثيق	مطابقة الإنتاج، ٢٠٢٦/٠٩/٢٤		طوبق على مصوّرة المطبوع؛ المصوّرة: https://archive.org/details/03-54504؛ الشاهد: مصوّرات/المجلدات-٢-١١/HA3/HA87_bukhari95_v1p30.jpg
م٨-٠٤١	م٨ ف٠١	مرجع حديث	درس علماء تحليل المحادثة كيف يتبادل المتحاورون أدوار الكلام، ولاحظوا أن لكل محادثة مواضع يصلح فيها انتقال الكلام من متكل	نص	Harvey Sacks, Emanuel A. Schegloff, Gail Jefferson	Harvey Sacks, Emanuel A. Schegloff, Gail Jefferson، A Simplest Systematics for the Organization of Turn-Taking for Conversation	Language 50(4), 1974, 696–735 (Crossref); seen in Schenkein (ed.), Studies in the Organization of Conversational Interaction, Academic Press, 1978, 7–55 (variant version)			12, 39, 45 (1978 reprint)			على المطبوع: [p.12] The first possible completion of a first such unit constitutes an initial transition-relevance place. Transfer of speakership is coordinated by reference to such transition-relevance places, which any unit-type instance will reach. [p.39] ...the lore and practices of etiquette concerning "int		متحقّق — Verified	التوثيق	مطابقة الإنتاج، ٢٠٢٦/٠٩/٢٤		طوبق على مصوّرة المطبوع؛ رُئي الموضع في المرجع الحديث؛ كان في المتن: درس علماء تحليل المحادثة كيف يتبادل المتحاورون أدوار الكلام، ولاحظوا أن لكل محادثة مواضع يصلح فيها انتقال الكلام من متكل؛ المصوّرة: https://liso-archives.liso.ucsb.edu/Jefferson/systematics_Schenkein.pdf؛ الشاهد: مصوّرات/المجلدات-٢-١١/T1/300_ssj_first_p7.jpg؛ مصوّرات/المجلدات-٢-١١/T1/300_ssj_p12.jpg؛ مصوّرات/المجلدات-٢-١١/T1/300_ssj_p39.jpg
م٨-٠٤٢	م٨ ف٠١	مرجع حديث	وجد علماء النفس المعرفي في تجارب الحفظ أن من يسمع قائمة من الكلمات يتذكر أولها وآخرها أكثر مما يتذكر وسطها، ويسمّون ذلك 	نص	Nash Unsworth, Gene A. Brewer, Gregory J. Spillers	Nash Unsworth, Gene A. Brewer, Gregory J. Spillers، Inter- and intra-individual variation in immediate free recall: An examination of serial position functions and recall initiation strategies	Memory 19, no. 1 (2011): 67–82, Psychology Press (publisher PDF); Murdock 1962 from Crossref only		19	67			على المطبوع: Unsworth et al. 2011, p. 67: «Typically participants recall items presented at the beginning of the list better than items presented in the middle of the list (primacy effect). Additionally, items presented at the end of the list tend to be recalled better than mid-list items (recency effect). … Lar		متحقّق — Verified	التوثيق	مطابقة الإنتاج، ٢٠٢٦/٠٩/٢٤		طوبق على مصوّرة المطبوع؛ رُئي الموضع في المرجع الحديث؛ كان في المتن: > **من علم التواصل: الأول والآخر.** *[تحليل حديث]* يلاحظ علماء النفس المعرفي أن السامع يتذكر ما جاء في أول الكلام وآخره ؛ المصوّرة: https://maidlab.uoregon.edu/PDFs/UnsworthBrewerSpillers(2011)Memory.pdf؛ الشاهد: مصوّرات/المجلدات-٢-١١/T2/139_315_unsworth2011_p67.jpg؛ مصوّرات/المجلدات-٢-١١/T2/crossref_records.txt
م٨-٠٤٣	م٨ ف٠٢	مرجع حديث	ويعرف المعلمون بالتجربة أن انتباه الجمهور يضعف إذا طال نمط واحد من الكلام، ويتجدد إذا تغير النشاط: سؤال، أو مثال، أو كتا	نص	Karen Wilson and James H. Korn	Karen Wilson and James H. Korn، Attention during Lectures: Beyond Ten Minutes	Teaching of Psychology 34, no. 2 (2007): 85–89 — Crossref record with abstract; ERIC EJ772424						على المطبوع: Abstract: «Many authors claim that students' attention declines approximately 10 to 15 min into lectures… We found that the research on which this estimate is based provides little support for the belief that students' attention declines after 10 to 15 min. Most studies failed to account for individ		توثيقٌ ناقص — Citation incomplete	التوثيق	مطابقة الإنتاج، ٢٠٢٦/٠٩/٢٤		بيانات الفهرسة وحدها، والمضمون من الملخّص؛ بلا صفحة محدّدة؛ كان في المتن: > **من علم التواصل: الانتباه يتجدد بالتغيير.** *[تحليل حديث]* يلاحظ المعلمون ويقرر المشتغلون بعلم النفس التربوي أن انتبا؛ المصوّرة: https://doi.org/10.1080/00986280701291291؛ الشاهد: مصوّرات/المجلدات-٢-١١/T2/321_crossref_wilsonkorn.txt
م٩-٠٠١	م٩ ف٠١	نقل عالم	وقد ذكر القرطبي عند هذه الآية أن للمرء أن يخبر بما فيه «من العلم والكفاية» إذا احتيج إلى ذلك، وأنه ممنوع منه في غير الحا	نص	القرطبي	القرطبي، الجامع لأحكام القرآن	دار الكتب المصرية، الطبعة الثانية (المصوّرة: الهيئة المصرية العامة للكتاب، الطبعة الثالثة مصوّرة عن الثانية، ١٩٨٧م، بالترقيم نفسه)		٩	٢١٥–٢١٧			على المطبوع: ٩/٢١٦: «ويخبر بصفاته التي يستحقها به من العلم والكفاية»؛ ٩/٢١٧: «[الرابعة] ودلت الآية أيضًا على أنه يجوز للإنسان أن يصف نفسه بما فيه من علم وفضل؛ قال الماوردي: وليس هذا على الإطلاق في عموم الصفات، ولكنه مخصوص فيما اقترن بوصله، أو تعلق بظاهر من مكسب، وممنوع منه فيما سواه، لما فيه من تزكية ومراءاة»		متحقّق — Verified	التوثيق	مطابقة الإنتاج، ٢٠٢٦/٠٩/٢٤		طوبق على مصوّرة المطبوع؛ ما بين علامتي التنصيص لفظ المطبوع، وما حوله حكاية؛ والجملة الثانية («وممنوع منه فيما سواه، لما فيه من تزكية ومراءاة») من كلام الماوردي ينقله القرطبي (٩/٢١٧)؛ كان في المتن: وقد ذكر بعض المفسرين عند هذه الآية أن للمرء أن يذكر ما فيه من علم وكفاية إذا احتيج إلى ذلك، وقصد به النفع لا الفخر؛ المصوّرة: https://archive.org/details/156609؛ الشاهد: مصوّرات/المجلدات-٢-١١/D1/338_qurtubi_yusuf.jpg؛ مصوّرات/المجلدات-٢-١١/D1/qurtubi_title.jpg
م٩-٠٠٢	م٩ ف٠٣	حديث	بدعاء كفارة المجلس: «سبحانك اللهم وبحمدك، أشهد أن لا إله إلا أنت، أستغفرك وأتوب إليك» (رواه أبو داود والترمذي)	نص	أبو داود	أبو داود، سنن أبي داود	سنن أبي داود، تحقيق محمد محيي الدين عبد الحميد، الجزء الرابع، المكتبة العصرية، صيدا – بيروت (لا رقم طبعة ولا تاريخ على صفحة العنوان في المصوّرة)		٤	٢٦٥ (والباب يبدأ في ٢٦٤)	٤٨٥٩	لا تعليق لأبي داود عقب الحديث في المطبوع	على المطبوع: أبو داود ٤/٢٦٥، رقم ٤٨٥٩ (بعد الإسناد): عن أبي برزة الأسلمي، قال: كان رسول الله صلى الله عليه وسلم يقول بأَخَرَةٍ إذا أراد أن يقوم من المجلس: «سُبْحَانَكَ اللهم وبحمدك، أشهد أن لا إله إلا أنت، أستغفرك وأتوب إليك» فقال رجل: يا رسول الله، إنك لتقول قولا ما كنت تقوله فيما مضى، قال «كَفَّارَةٌ لِمَا يَك		متحقّق — Verified	التوثيق	مطابقة الإنتاج، ٢٠٢٦/٠٩/٢٤		طوبق على مصوّرة المطبوع؛ المصوّرة: https://archive.org/details/04-8461-2؛ الشاهد: مصوّرات/المجلدات-٢-١١/H2/350_abudawud4857-4859_v4p264-265.jpg؛ مصوّرات/المجلدات-٢-١١/H2/350_tirmidhi3433_v5p494.jpg؛ مصوّرات/المجلدات-٢-١١/H2/141_albani_sahih-abudawud_4859_v3p193-194.jpg
م٩-٠٠٣	م٩ ف٠٢	حديث	مَنْ سَلَكَ طَرِيقًا يَلْتَمِسُ فِيهِ عِلْمًا سَهَّلَ اللَّهُ لَهُ بِهِ طَرِيقًا إِلَى الْجَنَّةِ	نص	مسلم	مسلم، الصحيح	صحيح مسلم، تحقيق محمد فؤاد عبد الباقي، مطبعة دار إحياء الكتب العربية، فيصل عيسى البابي الحلبي، القاهرة (لا سنة على صفحة العنوان)؛ ٥ أجزاء متسلسلة الترقيم		٤	٢٠٧٤	٢٦٩٩		على المطبوع: … وَمَنْ سَلَكَ طَرِيقًا يَلْتَمِسُ فِيهِ عِلْمًا، سَهَّلَ اللَّهُ لَهُ بِهِ طَرِيقًا إِلَى الْجَنَّةِ …		متحقّق — Verified	التوثيق	مطابقة الإنتاج، ٢٠٢٦/٠٩/٢٤		طوبق على مصوّرة المطبوع؛ المصوّرة: https://archive.org/details/saheeh_moslem_Abdulbaqy (file Saheeh_Moslem01; leaf = page − 1)؛ الشاهد: مصوّرات/المجلدات-٢-١١/HA4/HA88_muslim2699_p2074.jpg
م٩-٠٠٤	م٩ ف٠٣	حديث	«إِذَا كَانُوا ثَلَاثَةً فَلَا يَتَنَاجَى اثْنَانِ دُونَ الثَّالِثِ» (رواه البخاري).	نص	البخاري	البخاري، الجامع الصحيح	صحيح البخاري، الطبعة السلطانية (المطبعة الأميرية ببولاق ١٣١١–١٣١٣هـ) في مصوّرة دار طوق النجاة بعناية محمد زهير بن ناصر الناصر (من صفحة العنوان ومقدمة الناشر)، بترقيم محمد فؤاد عبد الباقي في الهامش		٨	٦٤–٦٥	٦٢٨٨		على المطبوع: مالك عن نافع عن عبد الله رضي الله عنه أن رسول الله ﷺ قال: «إذا كانوا ثلاثةٌ فلا يتناجى اثنان دون الثالث». (في الهامش: ثلاثةً، صح)		متحقّق — Verified	التوثيق	مطابقة الإنتاج، ٢٠٢٦/٠٩/٢٤		طوبق على مصوّرة المطبوع؛ المصوّرة: https://archive.org/details/03-54504 (file 08_54507.pdf)؛ الشاهد: مصوّرات/المجلدات-٢-١١/HA1/HA89_bukhari6288_v8p64.jpg؛ مصوّرات/المجلدات-٢-١١/HA1/HA89_bukhari6288_v8p65.jpg
م٩-٠٠٥	م٩ ف٠١	مرجع حديث	تعتمد إدارات توظيف كثيرة ما يُسمّى «الأسئلة السلوكية»، وهي التي تبدأ بـ«حدّثنا عن موقف…». وأساسها أن سلوك المرء فيما مضى	نص	Development Dimensions International (DDI)	Development Dimensions International (DDI)، STAR Method for Interviewing and Feedback (web page)	https://www.ddi.com/solutions/behavioral-interviewing/star-method (fetched 26 Sept. 2026)						على المطبوع: «DDI invented the STAR method… It's based on three simple components: ST: Situation/Task - Explain the situation or task so others understand the context. A: Action - Give details about what you or another person did to handle the situation. R: Result - Describe what was achieved by the action and w		توثيقٌ ناقص — Citation incomplete	التوثيق	مطابقة الإنتاج، ٢٠٢٦/٠٩/٢٤		بيانات الفهرسة وحدها، والمضمون من الملخّص؛ بلا صفحة محدّدة؛ كان في المتن: *[تحليل حديث]* تعتمد إدارات التوظيف في مؤسسات كثيرة ما يُسمّى «الأسئلة السلوكية»، وهي التي تبدأ بـ«حدّثنا عن موقف…». وأس؛ المصوّرة: https://www.ddi.com/solutions/behavioral-interviewing/star-method؛ الشاهد: مصوّرات/المجلدات-٢-١١/T2/339_ddi_star_excerpt.txt؛ مصوّرات/المجلدات-٢-١١/T2/crossref_records.txt
م٩-٠٠٦	م٩ ف٠٣	مرجع حديث	وصف عالم النفس إرفينغ جانيس ظاهرة سماها «التفكير الجماعي» (Groupthink): تميل الجماعة المتماسكة إلى طلب الإجماع، فيكتم أف	نص	Irving L. Janis	Irving L. Janis، Victims of Groupthink: A Psychological Study of Foreign-Policy Decisions and Fiascoes	Boston: Houghton Mifflin Company, 1972 (© 1972; LCCN 72-4393)			9, 197–198, 210–211			على المطبوع: p. 9: «I use the term "groupthink" as a quick and easy way to refer to a mode of thinking that people engage in when they are deeply involved in a cohesive in-group, when the members' strivings for unanimity override their motivation to realistically appraise alternative courses of action.» / p. 198		متحقّق — Verified	التوثيق	مطابقة الإنتاج، ٢٠٢٦/٠٩/٢٤		طوبق على مصوّرة المطبوع؛ رُئي الموضع في المرجع الحديث؛ كان في المتن: *[تحليل حديث]* وصف عالم النفس الأمريكي إرفينغ جانيس ظاهرة سماها «التفكير الجماعي» (Groupthink): تميل الجماعة المتماسكة إ؛ المصوّرة: https://archive.org/details/victimsofgroupthinkirvingl.janis؛ الشاهد: مصوّرات/المجلدات-٢-١١/T2/347_janis_p9.jpg؛ مصوّرات/المجلدات-٢-١١/T2/347_janis_p197.jpg؛ مصوّرات/المجلدات-٢-١١/T2/347_janis_p198.jpg
م١٠-٠٠١	م١٠ ف٠١	نقل عالم	«والصوتُ هو آلةُ اللفظ، والجوهرُ الذي يقومُ به التقطيع، وبه يوجدُ التأليف»	نص	الجاحظ	الجاحظ، البيان والتبيين	تحقيق وشرح عبد السلام محمد هارون، مكتبة الخانجي، القاهرة، الطبعة السابعة، ١٤١٨هـ/١٩٩٨م (مطبعة المدني)		١	٧٩			على المطبوع: والصوتُ هو آلةُ اللَّفظِ، والجوهرُ الذي يقوم به التقطيع، وبه يُوجَد التأليف(٢). [ح٢: الكلام من هنا إلى كلمة «التأليف» التالية ساقط من ل.]		متحقّق — Verified	التوثيق	مطابقة الإنتاج، ٢٠٢٦/٠٩/٢٤		طوبق على مصوّرة المطبوع؛ المصوّرة: https://archive.org/details/20240524_20240524_0853؛ الشاهد: مصوّرات/المجلدات-٢-١١/B2/356_sawt.jpg؛ مصوّرات/المجلدات-٢-١١/B2/bayan_title.jpg
م١٠-٠٠٢	م١٠ ف٠٤	نقل عالم	من الحكم المأثورة في وصف الكلام الجيد: «خير الكلام ما قلّ ودلّ»	نص	أبو هلال العسكري؛ الثعالبي	أبو هلال العسكري؛ الثعالبي، كتاب الصناعتين: الكتابة والشعر؛ خاص الخاص	الصناعتين: تحقيق علي محمد البجاوي ومحمد أبو الفضل إبراهيم، دار إحياء الكتب العربية، عيسى البابي الحلبي وشركاه، الطبعة الأولى، ١٣٧١هـ/١٩٥٢م. خاص الخاص: عني بتصحيحه الشيخ محمود السمكري، الطبعة الأولى، سنة ١٣٢٦هـ [والتاريخ الميلادي مطبوع ١٨٠٩، كذا]، مطبعة السعادة بجوار محافظة مصر، على نفقة محمد إسماعيل وعبد العزيز الخانجي			الصناعتين ص ٦٨؛ خاص الخاص ص ٣			على المطبوع: [الصناعتين ٦٨] ولولا كراهةُ الإطالة وتخوّفُ الإملال لزدتُ من هذا النوع، ولكن يكفي من البحر جرعة. وقالوا: خيرُ الكلام ما قلَّ وجَلَّ، ودلَّ ولم يُمِلَّ. وبالله التوفيق. || [خاص الخاص ٣] (أبو عبد الله كاتب المهدي) خير الكلام ما قل ودل ولم يمل.		متحقّق — Verified	التوثيق	مطابقة الإنتاج، ٢٠٢٦/٠٩/٢٤		طوبق على مصوّرة المطبوع؛ صُحّح لفظ المتن على المطبوع؛ المصوّرة: https://archive.org/details/20210124_20210124_1939 ; https://archive.org/details/AAlexandrina-069587؛ الشاهد: مصوّرات/المجلدات-٢-١١/B2/366_askari_sinaatayn_p68.jpg؛ مصوّرات/المجلدات-٢-١١/B2/sinaatayn_title.jpg؛ مصوّرات/المجلدات-٢-١١/B2/366_thaalibi_khass_p3.jpg
م١٠-٠٠٣	م١٠ ف٠١	نقل عالم	ابن قتيبة افتتح كتابه «عيون الأخبار» بـ«كتاب السلطان».	نص	ابن قتيبة	ابن قتيبة، عيون الأخبار	دار الكتب المصرية، مطبعة دار الكتب المصرية بالقاهرة، ١٣٤٣هـ/١٩٢٥م، المجلد الأول (كتاب السلطان – كتاب الحرب – كتاب السؤدد)		١	مقدمة المؤلف ص (ع) [ترقيم حرفي]؛ ص ١ (غير مرقمة، والتي تليها ٢)			على المطبوع: وإني حين قسّمتُ هذه الأخبار والأشعار وصنّفتها وجدتها على اختلاف فنونها وكثرة عدد أبوابها تجتمع في عشرة كتب… فالكتاب الأول من الكتب العشرة المجموعة «كتاب السلطان» وفيه الأخبار عن محل السلطان واختلاف أحواله وعن سيرته وعمّا يحتاج صاحبه إلى استعماله من الآداب في صحبته وفي مخاطبته ومعاملته ومشاورته له وم		متحقّق — Verified	التوثيق	مطابقة الإنتاج، ٢٠٢٦/٠٩/٢٤		طوبق على مصوّرة المطبوع؛ طوبق المعنى، والمتن يحكيه بتصرّف؛ المصوّرة: https://archive.org/details/AAlexandrina-140706؛ الشاهد: مصوّرات/المجلدات-٢-١١/B2/370_uyun_intro.jpg؛ مصوّرات/المجلدات-٢-١١/B2/370_uyun_p1.jpg؛ مصوّرات/المجلدات-٢-١١/B2/uyun_title.jpg
م١٠-٠٠٤	م١٠ ف٠٣	نقل عالم	قال عبد الله بن وهب عن الإمام مالك بن أنس: «وكنتُ أسمعه كثيرًا ما يقول: لا أدري»، مع سعة علمه وإمامته في الفقه والحديث.	نص	ابن عبد البر	ابن عبد البر، جامع بيان العلم وفضله	ابن عبد البر، جامع بيان العلم وفضله، تحقيق أبي الأشبال الزهيري، دار ابن الجوزي، الدمام، الطبعة الأولى ١٤١٤هـ/١٩٩٤م (جزآن متسلسلا الترقيم)		٢	٨٣٩			على المطبوع: ١٥٧٤ – وذكر ابن وهب في «كتاب المجالس» قال: سمعت مالكاً يقول: «ينبغي للعالم أن يألف فيما أشكل عليه قول: لا أدري، فإنه عسى أن يهيأ له خير». ١٥٧٥ – قال ابن وهب: «وكنت أسمعه كثيراً ما يقول: لا أدري». ١٥٧٦ – وقال في موضع آخر: «لو كتبنا عن مالك: لا أدري، لملأنا الألواح».		متحقّق — Verified	التوثيق	مطابقة الإنتاج، ٢٠٢٦/٠٩/٢٤		طوبق على مصوّرة المطبوع؛ كان في المتن: يُروى عن الإمام مالك بن أنس أنه كان كثيرًا ما يُسأل عن المسألة فيقول: «لا أدري»؛ المصوّرة: https://archive.org/details/JameeBayane؛ الشاهد: مصوّرات/المجلدات-٢-١١/D2/263_jami2_839.jpg؛ مصوّرات/المجلدات-٢-١١/D2/263_jami2_838.jpg؛ مصوّرات/المجلدات-٢-١١/D2/jami_title.jpg
م١٠-٠٠٥	م١٠ ف٠٢	حديث	إِنَّ لِكُلِّ أُمَّةٍ أَمِينًا، وَإِنَّ أَمِينَنَا أَيَّتُهَا الْأُمَّةُ أَبُو عُبَيْدَةَ بْنُ الْجَرَّاحِ	نص	البخاري؛ مسلم	البخاري؛ مسلم، الصحيح	صحيح البخاري، الطبعة السلطانية (المطبعة الكبرى الأميرية ببولاق، ١٣١١هـ) بترقيم محمد فؤاد عبد الباقي في الحاشية (تحفة)، مصوَّرة دار طوق النجاة، بيروت، ط١، بعناية محمد زهير بن ناصر الناصر ؛ صحيح مسلم، وقف على طبعه وتحقيق نصوصه وتصحيحه وترقيمه محمد فؤاد عبد الباقي، مطبعة دار إحياء الكتب العربية (فيصل عيسى البابي الحلبي)، القاهرة، ٥ أجزاء متسلسلة الصفحات (لا سنة على صفحة العنوان)		البخاري ٥؛ مسلم ٤	البخاري ٥/٢٥–٢٦؛ مسلم ٤/١٨٨١	البخاري ٣٧٤٤؛ مسلم ٢٤١٩		على المطبوع: «إنّ لكلِّ أمةٍ أمينًا، وإنّ أمينَنا أيتُها الأمةُ أبو عبيدةَ بنُ الجراح»		متحقّق — Verified	التوثيق	مطابقة الإنتاج، ٢٠٢٦/٠٩/٢٤		طوبق على مصوّرة المطبوع؛ المصوّرة: https://archive.org/details/03-54504 ; https://archive.org/details/saheeh_moslem_Abdulbaqy؛ الشاهد: مصوّرات/المجلدات-٢-١١/HA2/HA90_bukhari3744_v5p25-26.jpg؛ مصوّرات/المجلدات-٢-١١/HA2/HA90_muslim2419_v4p1881.jpg
م١٠-٠٠٦	م١٠ ف٠٣	حديث	الصُّلْحُ جَائِزٌ بَيْنَ الْمُسْلِمِينَ إِلَّا صُلْحًا حَرَّمَ حَلَالًا أَوْ أَحَلَّ حَرَامًا	نص	الترمذي؛ أبو داود	الترمذي؛ أبو داود، الجامع؛ السنن	الجامع الصحيح وهو سنن الترمذي، ج٣، تحقيق وتخريج وتعليق محمد فؤاد عبد الباقي، شركة مكتبة ومطبعة مصطفى البابي الحلبي وأولاده بمصر، ط٢، ١٣٨٨هـ/١٩٦٨م ؛ سنن أبي داود، تحقيق محمد محيي الدين عبد الحميد، الجزء الثالث، المكتبة العصرية، صيدا–بيروت (لا رقم طبعة ولا سنة على صفحة العنوان)		الترمذي ٣؛ أبو داود ٣	الترمذي ٣/٦٢٥–٦٢٦؛ أبو داود ٣/٣٠٤	الترمذي ١٣٥٢؛ أبو داود ٣٥٩٤	الترمذي: «هذا حديث حسن صحيح»	على المطبوع: الترمذي: «الصلحُ جائزٌ بين المسلمين، إلّا صلحًا حرّم حلالًا أو أحلّ حرامًا. والمسلمون على شروطهم، إلّا شرطًا حرّم حلالًا أو أحلّ حرامًا». قال أبو عيسى: هذا حديث حسن صحيح. — أبو داود: «الصلحُ جائزٌ بين المسلمين» زاد أحمد «إلّا صلحًا أحلّ حرامًا أو حرّم حلالًا» وزاد سليمان بن داود: وقال رسول الله ﷺ «ا		متحقّق — Verified	التوثيق	مطابقة الإنتاج، ٢٠٢٦/٠٩/٢٤		طوبق على مصوّرة المطبوع؛ صُحّح قول المتن على المطبوع؛ وفي الحاشية الآن أن في إسناد الترمذي كثير بن عبد الله بن عمرو بن عوف المزني (رُئي الإسناد على مصوّرة المطبوع ٣/٦٢٥–٦٢٦)، وحكم ابن حجر عليه في صفٍّ مستقل (تقريب التهذيب، الدفعة R2F)؛ المصوّرة: https://archive.org/details/SunanTirmithiHalabii (suntrmsh3 leaves 625–626) ; https://archive.org/details/04-8461-2 (03_8461-1 leaf 303)؛ الشاهد: مصوّرات/المجلدات-٢-١١/HA3/HA91_tirmidhi1352_v3p625-626.jpg؛ مصوّرات/المجلدات-٢-١١/HA3/HA91_abudawud3594_v3p304.jpg؛ مصوّرات/المجلدات-٢-١١/HA3/tirmidhi3_title.jpg
م١٠-٠٠٧	م١٠ ف٠١	حديث	«جاء رجلٌ إلى رسولِ اللهِ ﷺ فقال: يا رسولَ اللهِ، متى الساعةُ؟ قال: «وما أعددتَ للساعةِ؟» قال: حبَّ اللهِ ورسولِه. قال: 	نص	البخاري؛ مسلم	البخاري؛ مسلم، الصحيحان	صحيح البخاري، الطبعة السلطانية (بولاق ١٣١١هـ) بترقيم محمد فؤاد عبد الباقي كما في طبعة دار طوق النجاة، ط١، بعناية محمد زهير بن ناصر الناصر (صفحة العنوان والمقدمة: اعتماد ترقيم عبد الباقي) ؛ صحيح مسلم، تحقيق محمد فؤاد عبد الباقي، مطبعة دار إحياء الكتب العربية، فيصل عيسى البابي الحلبي، القاهرة (لا سنة على صفحة العنوان)؛ ٥ أجزاء متسلسلة الترقيم		البخاري ٨؛ مسلم ٤	البخاري ٨/٤٠؛ مسلم ٤/٢٠٣٢	البخاري ٦١٧١ (وانظر ٣٦٨٨، ٦١٦٧، ٧١٥٣)؛ مسلم ٢٦٣٩ (والمنقول لفظ الطريق ١٦٣)		على المطبوع: مسلم ١٦١: أَنَّ أَعْرَابِيًّا قَالَ لِرَسُولِ اللَّهِ ﷺ: مَتَى السَّاعَةُ؟ قَالَ لَهُ رَسُولُ اللَّهِ ﷺ: «مَا أَعْدَدْتَ لَهَا؟» قَالَ: حُبَّ اللَّهِ وَرَسُولِهِ. قَالَ: «أَنْتَ مَعَ مَنْ أَحْبَبْتَ». — مسلم ١٦٣: قَالَ: جَاءَ رَجُلٌ إِلَى رَسُولِ اللَّهِ ﷺ فَقَالَ: يَا رَسُولَ اللَّهِ! مَتَى السَّاع		متحقّق — Verified	التوثيق	مطابقة الإنتاج، ٢٠٢٦/٠٩/٢٤		طوبق على مصوّرة المطبوع؛ صُحّح لفظ المتن على المطبوع؛ كان في المتن قبل التصحيح: جاء رجلٌ إلى النبيِّ ﷺ فقال: يا رسولَ اللهِ، متى الساعةُ؟ قال: «وما أعددتَ لها؟» قال: حبَّ اللهِ ورسولِه. قال: «أنتَ مع ؛ المصوّرة: https://archive.org/details/03-54504 (title page from https://archive.org/details/SahihBukhariYouniniya) ; https://archive.org/details/saheeh_moslem_Abdulbaqy (file Saheeh_Moslem01; leaf = page − 1)؛ الشاهد: مصوّرات/المجلدات-٢-١١/HA4/HA92_muslim2639_p2032.jpg؛ مصوّرات/المجلدات-٢-١١/HA4/HA92_bukhari6171_v8p40.jpg
م١٠-٠٠٨	م١٠ ف٠١	مرجع حديث	في الميكروفونات الموجَّهة يغلظ الصوت ويثقل كلما اقترب الفم منها، ويقوى صدى المكان وضجيجه كلما ابتعد عنها.	نص	Shure Incorporated (text by Gino Sigismondi, Rick Waller, Tim Vear et al.)	Shure Incorporated (text by Gino Sigismondi, Rick Waller, Tim Vear et al.)، Microphone Techniques for Live Sound Reinforcement (A Shure Educational Publication)	Shure Incorporated, ©2014 (publisher PDF)			10, 20			على المطبوع: p. 10: «Proximity effect - With unidirectional microphones, bass response increases as the mic is moved closer (within 2 feet) to the sound source.» / p. 20: «The closer a microphone is to a sound source, the louder the sound source is compared to reverberation and ambient noise.»		متحقّق — Verified	التوثيق	مطابقة الإنتاج، ٢٠٢٦/٠٩/٢٤		طوبق على مصوّرة المطبوع؛ رُئي الموضع في المرجع الحديث؛ كان في المتن: *[تحليل حديث]* يلاحظ مهندسو الصوت أن الاقتراب الشديد من كثير من الميكروفونات يغلّظ الصوت ويثقله، وأن الابتعاد عنها يضعفه؛ المصوّرة: https://www.shure.com/damfiles/default/global/documents/publications/en/performance-production/microphone_techniques_for_live_sound_reinforcement_english.pdf-3df433145fca686a736beeb5da588efa.pdf؛ الشاهد: مصوّرات/المجلدات-٢-١١/T2/358_shure_p10.jpg؛ مصوّرات/المجلدات-٢-١١/T2/358_shure_p20.jpg؛ مصوّرات/المجلدات-٢-١١/T2/shure_live_title.jpg
م١٠-٠٠٩	م١٠ ف٠٣	مرجع حديث	انتهى الباحث أندرس إريكسون وزميلاه في دراستهم لإتقان العازفين وغيرهم إلى أن الإتقان لا ينشأ من أداء واحد جيد، بل من تدرّ	نص	K. Anders Ericsson, Ralf Th. Krampe, Clemens Tesch-Römer	K. Anders Ericsson, Ralf Th. Krampe, Clemens Tesch-Römer، The Role of Deliberate Practice in the Acquisition of Expert Performance	Psychological Review 100, no. 3 (1993): 363–406 (Crossref); text read in a re-typeset reproduction preserving journal pagination (PDF dated 2004, circulated via nytimes.com)		100	363–406 (pinpoint 367 in the reproduction)			على المطبوع: «The subjects should receive immediate informative feedback and knowledge of results of their performance. The subjects should repeatedly perform the same or similar tasks… In the absence of adequate feedback, efficient learning is impossible and improvement only minimal even for highly motivated su		توثيقٌ ناقص — Citation incomplete	التوثيق	مطابقة الإنتاج، ٢٠٢٦/٠٩/٢٤		بيانات المقال من Crossref، والنص مقروءٌ في نسخةٍ أُعيد صفّها بترقيم المجلة (والموضع فيها ص٣٦٧)، لا في المطبوع؛ كان في المتن: *[تحليل حديث]* من المسلَّمات في علم اكتساب المهارات أن الإتقان لا ينشأ من أداء واحد جيد، بل من تكرار موزَّع عبر زمن طويل؛ المصوّرة: https://graphics8.nytimes.com/images/blogs/freakonomics/pdf/DeliberatePractice(PsychologicalReview).pdf؛ الشاهد: مصوّرات/المجلدات-٢-١١/T2/388_ericsson_p367_reproduction.jpg؛ مصوّرات/المجلدات-٢-١١/T2/crossref_records.txt
م١١-٠٠١	م١١ ف٠١	حديث	«إِنَّمَا الْأَعْمَالُ بِالنِّيَّاتِ، وَإِنَّمَا لِكُلِّ امْرِئٍ مَا نَوَى» (متفق عليه)	نص	البخاري	البخاري، الجامع الصحيح	صحيح البخاري، الطبعة السلطانية (المطبعة الأميرية ببولاق ١٣١١–١٣١٣هـ) في مصوّرة دار طوق النجاة بعناية محمد زهير بن ناصر الناصر (من صفحة العنوان ومقدمة الناشر)، بترقيم محمد فؤاد عبد الباقي في الهامش		١	٦	١		على المطبوع: البخاري: «إنما الأعمالُ بالنيات، وإنما لكل امرئٍ ما نوى، فمن كانت هجرته إلى دنيا يصيبها …» | مسلم: «إنما الأعمال بالنية، وإنما لامرئ ما نوى …»		متحقّق — Verified	التوثيق	مطابقة الإنتاج، ٢٠٢٦/٠٩/٢٤		طوبق على مصوّرة المطبوع؛ المصوّرة: https://archive.org/details/03-54504 (file 01_54495.pdf)؛ الشاهد: مصوّرات/المجلدات-٢-١١/HA1/HA93_bukhari1_v1p6.jpg؛ مصوّرات/المجلدات-٢-١١/HA1/HA93_muslim1907_v3p1515-1516.jpg
م١١-٠٠٢	م١١ ف٠١	حديث	الْمُسْلِمُ مَنْ سَلِمَ الْمُسْلِمُونَ مِنْ لِسَانِهِ وَيَدِهِ	نص	البخاري؛ مسلم	البخاري؛ مسلم، الصحيح	صحيح البخاري، الطبعة السلطانية (المطبعة الكبرى الأميرية ببولاق، ١٣١١هـ) بترقيم محمد فؤاد عبد الباقي في الحاشية (تحفة)، مصوَّرة دار طوق النجاة، بيروت، ط١، بعناية محمد زهير بن ناصر الناصر ؛ صحيح مسلم، وقف على طبعه وتحقيق نصوصه وتصحيحه وترقيمه محمد فؤاد عبد الباقي، مطبعة دار إحياء الكتب العربية (فيصل عيسى البابي الحلبي)، القاهرة، ٥ أجزاء متسلسلة الصفحات (لا سنة على صفحة العنوان)		البخاري ١؛ مسلم ١	البخاري ١/١١؛ مسلم ١/٦٥	البخاري ١٠؛ مسلم ٤١		على المطبوع: البخاري ١٠: «المسلمُ مَن سلِمَ المسلمون من لسانه ويده، والمهاجرُ مَن هجرَ ما نهى الله عنه». مسلم ٤١: «المسلمُ مَن سلِمَ المسلمون من لسانه ويده».		متحقّق — Verified	التوثيق	مطابقة الإنتاج، ٢٠٢٦/٠٩/٢٤		طوبق على مصوّرة المطبوع؛ المصوّرة: https://archive.org/details/03-54504 ; https://archive.org/details/saheeh_moslem_Abdulbaqy؛ الشاهد: مصوّرات/المجلدات-٢-١١/HA2/HA94_bukhari10_v1p11.jpg؛ مصوّرات/المجلدات-٢-١١/HA2/HA94_muslim41_v1p65.jpg
م١١-٠٠٣	م١١ ف٠٣	مرجع حديث	يعتمد علماء الأصوات في تحديد الوحدات الصوتية على الكلمتين اللتين تختلفان في صوت واحد فقط فيختلف معناهما، مثل «قالَ» و«قا	نص	كمال بشر	كمال بشر، علم الأصوات	دار غريب للطباعة والنشر والتوزيع، القاهرة، تاريخ النشر ٢٠٠٠ (رقم الإيداع ١١٦٢٨؛ لا رقم طبعة على صفحة العنوان)			٤٨٦، ٤٩١			على المطبوع: «١ – الفونيم وحدة صوتية تميز كلمة من أخرى ... فكلمة «نام» مثلًا تختلف عن «قام» في المعنى ... ٢ – الفونيم وسيلة مهمة في تسهيل عملية تعليم اللغات الأجنبية» (٤٩١)		متحقّق — Verified	التوثيق	مطابقة الإنتاج، ٢٠٢٦/٠٩/٢٤		طوبق على مصوّرة المطبوع؛ رُئي الموضع في المرجع الحديث؛ كان في المتن: يعتمد علماء الأصوات مفهوم «الزوج الأدنى» ... وتدريب الأذن واللسان على هذه الأزواج المتقابلة من أنجع الطرق المعروفة لضبط ؛ المصوّرة: https://archive.org/details/ar113lang115؛ الشاهد: مصوّرات/المجلدات-٢-١١/M1/390_bishr486_phoneme.jpg؛ مصوّرات/المجلدات-٢-١١/M1/9_bishr491_phoneme.jpg
م١١-٠٠٤	م١١ ف٠٦	مرجع حديث	يبيّن كمال بشر أن التنغيم يفرّق بين الجملة الخبرية والاستفهامية والتعجبية، وأن العبارة الواحدة قد يتغير معناها المفهوم ب	نص	كمال بشر	كمال بشر، علم الأصوات	دار غريب للطباعة والنشر والتوزيع، القاهرة، تاريخ النشر ٢٠٠٠ (رقم الإيداع ١١٦٢٨؛ لا رقم طبعة على صفحة العنوان)			٥٤٠، ٥٤٣			على المطبوع: «وكلها مع أنماط التنغيم المختلفة تقود إلى الاختلاف أو التباين في المعنى السياقي contextual meaning لهذه العبارة الواحدة حسب مقتضيات المقام أو السياق الاجتماعي» (٥٤٠)؛ «ومن أهم الوظائف النحوية للتنغيم دوره في تصنيف الجمل إلى أنماطها المختلفة، من تقريرية واستفهامية وتعجبية» (٥٤٣)		متحقّق — Verified	التوثيق	مطابقة الإنتاج، ٢٠٢٦/٠٩/٢٤		طوبق على مصوّرة المطبوع؛ رُئي الموضع في المرجع الحديث؛ كان في المتن: يُفرد علماء الأصوات العرب المحدثون بابًا لأثر النبر والتنغيم في الفهم والتأثير ... فتغيّر طبقة الصوت وموضع الوقف قد يُبق؛ المصوّرة: https://archive.org/details/ar113lang115؛ الشاهد: مصوّرات/المجلدات-٢-١١/M1/393_bishr540_tanghim.jpg؛ مصوّرات/المجلدات-٢-١١/M1/393_bishr543_tanghim.jpg
م١١-٠٠٥	م١١ ملحق	مرجع حديث	أما ربط خطأ بعينه بلغة بعينها فلا يصح إلا ببيّنة من دراسة تقابلية موثقة، وليس ذلك من غرض هذا الملحق.	نص											متحقّق — Verified	التوثيق	مطابقة الإنتاج، ٢٠٢٦/٠٩/٢٤		طوبق على مصوّرة المطبوع؛ حُسمت المسألة من كتب المختصين؛ كان في المتن: …وتُوضع العلامة *[يُعرض على مختص في الأصوات]* أو ما يقاربها، تنبيهًا إلى أن الربط النهائي بلغة بعينها يحتاج مراجعة متخصص
م١١-٠٠٦	م١١ ملحق	مرجع حديث	صوت الضاد المفخّم نادر جدًّا في لغات العالم، فلا يكاد يوجد إلا في العربية ولغات قليلة جاورتها، فيقرّبه المتعلم من أقرب ص	نص	Moran & McCloy (eds.)	Moran & McCloy (eds.)، PHOIBLE 2.0	Jena: MPI for the Science of Human History, 2019 (online database; 3020 inventories, 2186 languages)						على المطبوع: PHOIBLE segment page «Consonant dˤ»: «Showing 1 to 7 of 7 entries» (Shilha SPA 123; Egyptian Arabic SPA 132; Moroccan Arabic SPA 133; arabe [Sudanese Arabic] AA 659; Tadaksahak GM 1372; Tachelhit GM 1648; Modern Aramaic (Northeastern) EA 2281). Home page: «Release 2.0 from 2019 includes 3020 invento		متحقّق — Verified	التوثيق	مطابقة الإنتاج، ٢٠٢٦/٠٩/٢٤		طوبق على مصوّرة المطبوع؛ حُسمت المسألة من كتب المختصين؛ كان في المتن: صوت الضاد المطبق نادر بين لغات العالم، وغير موجود في النظام الصوتي الأصلي لبعض اللغات، فيُقرَّب من أقرب صوت متاح؛ المصوّرة: https://phoible.org؛ الشاهد: مصوّرات/المجلدات-٢-١١/M2/396_phoible_dph.jpg؛ مصوّرات/المجلدات-٢-١١/M2/phoible_home.jpg
م١١-٠٠٧	م١١ ملحق	مرجع حديث	غياب الأصوات الاحتكاكية المفخّمة من أكثر الأنظمة الصوتية، فيُقرَّب الصوت من الزاي أو الذال	نص	Moran & McCloy (eds.)	Moran & McCloy (eds.)، PHOIBLE 2.0	Jena: MPI for the Science of Human History, 2019 (online database; 3020 inventories, 2186 languages)						على المطبوع: PHOIBLE «Consonant ðˤ»: 2 entries (Egyptian Arabic SPA 132; Najdi Arabic EA 2607); «Consonant zˤ»: 8 entries; segment list: sˤ «10 (0%)».		متحقّق — Verified	التوثيق	مطابقة الإنتاج، ٢٠٢٦/٠٩/٢٤		طوبق على مصوّرة المطبوع؛ حُسمت المسألة من كتب المختصين؛ كان في المتن: قلة الأصوات المفخّمة الاحتكاكية في أنظمة صوتية كثيرة؛ المصوّرة: https://phoible.org؛ الشاهد: مصوّرات/المجلدات-٢-١١/M2/397_phoible_dhph.jpg؛ مصوّرات/المجلدات-٢-١١/M2/397_phoible_zph.jpg؛ مصوّرات/المجلدات-٢-١١/M2/phoible_home.jpg
م١١-٠٠٨	م١١ ملحق	مرجع حديث	ندرة صوت العين في لغات العالم، فأكثر الأنظمة الصوتية تخلو منه ومن الحاء	نص	Ian Maddieson	Ian Maddieson، Presence of Uncommon Consonants (WALS Online, ch. 19)	WALS Online v2020.4, ed. Dryer & Haspelmath, Zenodo doi:10.5281/zenodo.13950591 (online chapter, no page numbers)						على المطبوع: «One or more pharyngeal consonants occur in 23 (or 4.1%) of the languages surveyed. … They are found in a number of languages in several branches of the Afro-Asiatic family, including Modern Standard Arabic, Tigre and Soqotri in the Semitic branch, Middle Berber Atlas and Tashlhiyt in the Berber bra		متحقّق — Verified	التوثيق	مطابقة الإنتاج، ٢٠٢٦/٠٩/٢٤		طوبق على مصوّرة المطبوع؛ صُحّح قول المتن على المطبوع؛ كان في المتن قبل التصحيح: ندرة صوت العين خارج اللغات السامية؛ المصوّرة: https://wals.info/chapter/19؛ الشاهد: مصوّرات/المجلدات-٢-١١/M2/399_wals19_pharyngeals.jpg؛ مصوّرات/المجلدات-٢-١١/M2/wals19_intro_values.jpg؛ مصوّرات/المجلدات-٢-١١/M2/wals19_title.jpg
م١١-٠٠٩	م١١ ملحق	مرجع حديث	غياب الأصوات الأسنانية الاحتكاكية من أكثر الأنظمة الصوتية	نص	Ian Maddieson	Ian Maddieson، Presence of Uncommon Consonants (WALS Online, ch. 19)	WALS Online v2020.4, ed. Dryer & Haspelmath, Zenodo doi:10.5281/zenodo.13950591 (online chapter, no page numbers)						على المطبوع: «Dental or alveolar non-sibilant fricatives are just as rare as labial-velar plosives, occurring in just 43 (or 7.6%) of the languages surveyed, but the distribution of these languages is practically worldwide.»		متحقّق — Verified	التوثيق	مطابقة الإنتاج، ٢٠٢٦/٠٩/٢٤		طوبق على مصوّرة المطبوع؛ حُسمت المسألة من كتب المختصين؛ كان في المتن: غياب الأصوات الأسنانية الاحتكاكية من كثير من الأنظمة الصوتية؛ المصوّرة: https://wals.info/chapter/19؛ الشاهد: مصوّرات/المجلدات-٢-١١/M2/400_wals19_th.jpg؛ مصوّرات/المجلدات-٢-١١/M2/wals19_intro_values.jpg؛ مصوّرات/المجلدات-٢-١١/M2/400_phoible_eth.jpg
م١١-٠١٠	م١١ ملحق	مرجع حديث	كثير من اللغات لا تجمع المعدود بعد العدد، فيبقى الاسم بعده مفردًا	نص	Martin Haspelmath	Martin Haspelmath، Occurrence of Nominal Plurality (WALS Online, ch. 34)	WALS Online v2020.4, ed. Dryer & Haspelmath, Zenodo doi:10.5281/zenodo.13950591 (online chapter, no page numbers)						على المطبوع: «…languages with otherwise obligatory plural marking very often allow it to be absent when the noun cooccurs with numerals and other quantity words. For instance, in Lezgian … the plural is normally obligatory, but it is impossible when the noun is accompanied by a numeral (e.g. nük'-er ‘birds’, but		متحقّق — Verified	التوثيق	مطابقة الإنتاج، ٢٠٢٦/٠٩/٢٤		طوبق على مصوّرة المطبوع؛ حُسمت المسألة من كتب المختصين؛ كان في المتن: بعض الأنظمة العددية لا تُصرِّف المعدود بعد الرقم؛ المصوّرة: https://wals.info/chapter/34؛ الشاهد: مصوّرات/المجلدات-٢-١١/M2/401_wals34_numerals.jpg؛ مصوّرات/المجلدات-٢-١١/M2/401_wals34_values.jpg
م٨-٠٤٤	م٨ ف٠٥	حديث	كان إذا رفّأ الإنسان إذا تزوج قال: «بارك اللهُ لك، وبارك عليك، وجمع بينكما في خير» (وقال الترمذي: حديث حسن صحيح)	نص	أبو داود؛ الترمذي	أبو داود؛ الترمذي، السنن؛ الجامع	سنن أبي داود، تحقيق محمد محيي الدين عبد الحميد، المكتبة العصرية، صيدا–بيروت (لا سنة على صفحة العنوان) ؛ الجامع الصحيح وهو سنن الترمذي، ج٣: تحقيق وتخريج وتعليق محمد فؤاد عبد الباقي، شركة مكتبة ومطبعة مصطفى البابي الحلبي وأولاده بمصر، ط٢، ١٣٨٨هـ/١٩٦٨م		أبو داود ٢؛ الترمذي ٣	أبو داود ٢/٢٤١؛ الترمذي ٣/٣٩١	أبو داود ٢١٣٠؛ الترمذي ١٠٩١	الترمذي: «حديثُ أبي هريرة حديثٌ حسنٌ صحيحٌ»	على المطبوع: أبو داود ٢١٣٠: عن أبي هريرة أن النبي صلى الله عليه وسلم كان إذا رَفَّأَ الانسان إذا تزوج قال: «بارك الله لك، وبارك عليك، وجمع بينكما في خير». الترمذي ١٠٩١: ... كان إذا رَفَّأَ الإنسانَ، إذا تزوَّج قال: «بارَكَ اللهُ لكَ وبارَكَ عليكَ وجمعَ بينكما في الخيرِ». قال: وفي الباب عن عليّ [أو: عقيل] بن أبي 		متحقّق — Verified	التوثيق	مطابقة الإنتاج، ٢٠٢٦/٠٩/٢٤		طوبق على مصوّرة المطبوع؛ المصوّرة: https://archive.org/details/04-8461-2 (02_8460-2) ; https://archive.org/details/SunanTirmithiHalabii (suntrmsh3)؛ الشاهد: مصوّرات/المجلدات-٢-١١/HA2/HA2_abudawud2130_v2p241.jpg؛ مصوّرات/المجلدات-٢-١١/HA2/HA2_tirmidhi1091_v3p391.jpg؛ مصوّرات/المجلدات-٢-١١/HA2/abudawud_title.jpg
م٨-٠٤٥	م٨ ف٠٥	نقل عالم	«بارك الله لك في الموهوب لك، وشكرت الواهب، وبلغ أشده، ورُزقت بره.»	نص	النووي	النووي، الأذكار	تحقيق محيي الدين مستو، دار ابن كثير (دمشق–بيروت) ومكتبة دار التراث (المدينة المنورة)، الطبعة الثانية، ١٤١٠هـ/١٩٩٠م			٤٥٣			على المطبوع: يُستحبّ تهنئة المولود له، قال أصحابنا: ويُستحبّ أن يُهَنَّأ بما جاءَ عن الحسين رضي الله عنه أنه علَّم إنساناً التهنئة فقال: قل باركَ الله لكَ في الموهوب لك، وشكرتَ الواهبَ، وبلغَ أشدَّه ورُزقت برّه. ويُستحبّ أن يردّ على المُهنىء فيقول: باركَ الله لك، وباركَ عليك، وجزاكَ الله خيراً، ورزقكَ الله مثلَه		متحقّق — Verified	التوثيق	مطابقة الإنتاج، ٢٠٢٦/٠٩/٢٤		طوبق على مصوّرة المطبوع؛ المصوّرة: https://archive.org/details/alfirdwsiy2018_gmail_0166_20180918؛ الشاهد: مصوّرات/المجلدات-٢-١١/D1/95_adhkar_tahniah.jpg؛ مصوّرات/المجلدات-٢-١١/D1/adhkar_title.jpg
م٨-٠٤٦	م٨ ف٠٥	حديث	«حقُّ المسلمِ على المسلمِ خمسٌ: ردُّ السلامِ، وعيادةُ المريضِ، واتباعُ الجنائزِ، وإجابةُ الدعوةِ، وتشميتُ العاطسِ» (متفق	نص	البخاري؛ مسلم	البخاري؛ مسلم، الصحيحان	صحيح البخاري، الطبعة السلطانية (بولاق ١٣١١هـ) بترقيم محمد فؤاد عبد الباقي كما في طبعة دار طوق النجاة، ط١، بعناية محمد زهير بن ناصر الناصر (صفحة العنوان والمقدمة: اعتماد ترقيم عبد الباقي) ؛ صحيح مسلم، تحقيق محمد فؤاد عبد الباقي، مطبعة دار إحياء الكتب العربية، فيصل عيسى البابي الحلبي، القاهرة (لا سنة على صفحة العنوان)؛ ٥ أجزاء متسلسلة الترقيم		البخاري ٢؛ مسلم ٤	البخاري ٢/٧١؛ مسلم ٤/١٧٠٤	البخاري ١٢٤٠؛ مسلم ٢١٦٢		على المطبوع: البخاري: حقُّ المسلم على المسلم خمسٌ: ردُّ السلام، وعيادةُ المريض، واتّباعُ الجنائز، وإجابةُ الدعوة، وتشميتُ العاطس. — مسلم: «حَقُّ الْمُسْلِمِ عَلَى الْمُسْلِمِ خَمْسٌ» ح … «خَمْسٌ تَجِبُ لِلْمُسْلِمِ عَلَى أَخِيهِ: رَدُّ السَّلَامِ، وَتَشْمِيتُ الْعَاطِسِ، وَإِجَابَةُ الدَّعْوَةِ، وَعِيَادَةُ الْم		متحقّق — Verified	التوثيق	مطابقة الإنتاج، ٢٠٢٦/٠٩/٢٤		طوبق على مصوّرة المطبوع؛ المصوّرة: https://archive.org/details/03-54504 (title page from https://archive.org/details/SahihBukhariYouniniya) ; https://archive.org/details/saheeh_moslem_Abdulbaqy (file Saheeh_Moslem01; leaf = page − 1)؛ الشاهد: مصوّرات/المجلدات-٢-١١/HA4/HA64_bukhari1240_v2p71.jpg؛ مصوّرات/المجلدات-٢-١١/HA4/HA64_muslim2162_p1704.jpg
م٨-٠٤٧	م٨ ف٠٥	حديث	«أذهبِ الباسَ ربَّ الناسِ، اشفِ وأنتَ الشافي، لا شفاءَ إلا شفاؤك، شفاءً لا يغادِر سقمًا.»	نص	البخاري؛ مسلم	البخاري؛ مسلم، الصحيحان	صحيح البخاري، الطبعة السلطانية (بولاق ١٣١١هـ) بترقيم محمد فؤاد عبد الباقي كما في طبعة دار طوق النجاة، ط١، بعناية محمد زهير بن ناصر الناصر (صفحة العنوان والمقدمة: اعتماد ترقيم عبد الباقي) ؛ صحيح مسلم، تحقيق محمد فؤاد عبد الباقي، مطبعة دار إحياء الكتب العربية، فيصل عيسى البابي الحلبي، القاهرة (لا سنة على صفحة العنوان)؛ ٥ أجزاء متسلسلة الترقيم		البخاري ٧؛ مسلم ٤	البخاري ٧/١٢١؛ مسلم ٤/١٧٢١–١٧٢٢	البخاري ٥٦٧٥؛ مسلم ٢١٩١		على المطبوع: البخاري: أنّ رسول الله ﷺ كان إذا أتى مريضًا أو أُتي به قال: أذهِبِ الباسَ ربَّ الناس، اشفِ وأنت الشافي، لا شفاءَ إلا شفاؤك، شفاءً لا يغادر سقمًا. — مسلم: كَانَ إِذَا عَادَ مَرِيضًا يَقُولُ «أَذْهِبِ الْبَاسَ. رَبَّ النَّاسِ. اشْفِهِ أَنْتَ الشَّافِي. لَا شِفَاءَ إِلَّا شِفَاؤُكَ. شِفَاءً لَا يُغَادِ		متحقّق — Verified	التوثيق	مطابقة الإنتاج، ٢٠٢٦/٠٩/٢٤		طوبق على مصوّرة المطبوع؛ المصوّرة: https://archive.org/details/03-54504 (title page from https://archive.org/details/SahihBukhariYouniniya) ; https://archive.org/details/saheeh_moslem_Abdulbaqy (file Saheeh_Moslem01; leaf = page − 1)؛ الشاهد: مصوّرات/المجلدات-٢-١١/HA4/HA96_bukhari5675_v7p121.jpg؛ مصوّرات/المجلدات-٢-١١/HA4/HA96_muslim2191_p1721-1722.jpg
م٨-٠٤٨	م٨ ف٠٤	نقل عالم	«ما ناظرتُ أحدًا قطُّ إلا أحببتُ أن يُوفَّق ويُسدَّد ويُعان… وما ناظرتُ أحدًا إلا ولم أُبالِ بيَّن اللهُ الحقَّ على لسان	نص	أبو نعيم الأصبهاني	أبو نعيم الأصبهاني، حلية الأولياء وطبقات الأصفياء	مكتبة الخانجي ومطبعة السعادة، القاهرة، الطبعة الأولى، ١٣٥٧هـ/١٩٣٨م، المجلد التاسع		٩	١١٨			على المطبوع: حدثنا الحسن بن سعيد ثنا زكريا الساجي حدثني أحمد بن العباس الساجي قال سمعت أحمد بن خالد الخلال يقول سمعت محمد بن إدريس الشافعي يقول: ما ناظرت أحداً قط إلا على النصيحة. وسمعت أبا الوليد موسى بن أبي الجارود يقول: سمعت الشافعي يقول: ما ناظرت أحداً قط إلا أحببت أن يوفق ويسدد ويعان، ويكون عليه رعاية من ال		متحقّق — Verified	التوثيق	مطابقة الإنتاج، ٢٠٢٦/٠٩/٢٤		طوبق على مصوّرة المطبوع؛ المصوّرة: https://archive.org/details/AAlexandrina-224208؛ الشاهد: مصوّرات/المجلدات-٢-١١/D2/227_hilya9_118.jpg؛ مصوّرات/المجلدات-٢-١١/D2/hilya9_title.jpg؛ مصوّرات/المجلدات-٢-١١/D2/227_manaqib1_173.jpg
م٥-٠١٧	م٥ ف٠١	حديث	«كَانَ النَّبِيُّ ﷺ يَتَخَوَّلُنَا بِالْمَوْعِظَةِ فِي الْأَيَّامِ، كَرَاهَةَ السَّآمَةِ عَلَيْنَا» (متفق عليه)	نص	البخاري	البخاري، الصحيح	صحيح البخاري، الطبعة السلطانية (المطبعة الكبرى الأميرية ببولاق، ١٣١١هـ) بترقيم محمد فؤاد عبد الباقي في الحاشية (تحفة)، مصوَّرة دار طوق النجاة، بيروت، ط١، بعناية محمد زهير بن ناصر الناصر		١	٢٥	٦٨ (ومسلم ٢٨٢١)		على المطبوع: كان النبي صلى الله عليه وسلم يتخوَّلُنا بالموعظة في الأيام كراهةَ السآمة علينا		متحقّق — Verified	التوثيق	مطابقة الإنتاج، ٢٠٢٦/٠٩/٢٤		طوبق على مصوّرة المطبوع؛ المصوّرة: https://archive.org/details/03-54504؛ الشاهد: مصوّرات/المجلدات-٢-١١/HA2/HA14-HA18_bukhari68-69_v1p25.jpg
م٥-٠١٨	م٥ ف٠١	حديث	«أَنَّهُ كَانَ إِذَا تَكَلَّمَ بِكَلِمَةٍ أَعَادَهَا ثَلَاثًا حَتَّى تُفْهَمَ عَنْهُ» (رواه البخاري)	نص	البخاري	البخاري، الجامع الصحيح	صحيح البخاري، الطبعة السلطانية (المطبعة الأميرية ببولاق ١٣١١–١٣١٣هـ) في مصوّرة دار طوق النجاة بعناية محمد زهير بن ناصر الناصر (من صفحة العنوان ومقدمة الناشر)، بترقيم محمد فؤاد عبد الباقي في الهامش		١	٣٠	٩٥		على المطبوع: عن أنس عن النبي صلى الله عليه وسلم أنه كان إذا تكلّم بكلمةٍ أعادها ثلاثًا حتى تُفهم عنه، وإذا أتى على قومٍ فسلّم عليهم سلّم عليهم ثلاثًا.		متحقّق — Verified	التوثيق	مطابقة الإنتاج، ٢٠٢٦/٠٩/٢٤		طوبق على مصوّرة المطبوع؛ المصوّرة: https://archive.org/details/03-54504 (file 01_54495.pdf)؛ الشاهد: مصوّرات/المجلدات-٢-١١/HA1/HA5_bukhari95_v1p30.jpg
م٥-٠١٩	م٥ ف٠٢	حديث	«أَنَّ النَّبِيَّ ﷺ كَانَ يُحَدِّثُ حَدِيثًا لَوْ عَدَّهُ الْعَادُّ لَأَحْصَاهُ» (متفق عليه)	نص	البخاري؛ مسلم	البخاري؛ مسلم، الصحيح	صحيح البخاري، الطبعة السلطانية (بولاق ١٣١١هـ) بترقيم محمد فؤاد عبد الباقي، في مصوّرة دار طوق النجاة، ط١، بعناية محمد زهير بن ناصر الناصر (صفحة العنوان وظهرها والمقدمة: اعتماد ترقيم عبد الباقي) ؛ صحيح مسلم، تحقيق محمد فؤاد عبد الباقي، مطبعة دار إحياء الكتب العربية، فيصل عيسى البابي الحلبي، القاهرة (لا سنة على صفحة العنوان)؛ ترقيم الصفحات متسلسل عبر الأجزاء		البخاري ٤؛ مسلم ٤	البخاري ٤/١٩٠؛ مسلم ٤/٢٢٩٨	البخاري ٣٥٦٧؛ مسلم ٢٤٩٣		على المطبوع: البخاري: عن عائشة رضي الله عنها أنّ النبيّ صلى الله عليه وسلم كان يُحدِّثُ حديثًا لو عدَّه العادُّ لأحصاه. — مسلم: إنّما كان النبيُّ ﷺ يُحدِّثُ حديثًا، لو عدَّه العادُّ لأحصاه.		متحقّق — Verified	التوثيق	مطابقة الإنتاج، ٢٠٢٦/٠٩/٢٤		طوبق على مصوّرة المطبوع؛ المصوّرة: https://archive.org/details/03-54504 ; https://archive.org/details/saheeh_moslem_Abdulbaqy؛ الشاهد: مصوّرات/المجلدات-٢-١١/HA3/HA3_bukhari3567_v4p190.jpg؛ مصوّرات/المجلدات-٢-١١/HA3/HA3_muslim2493_p2298.jpg؛ مصوّرات/المجلدات-٢-١١/HA3/bukhari_title.jpg
م٤-٠٣٢	م٤ ف٠٥	حديث	«فحمد الله ثم أثنى عليه، ثم قال: أما بعد»	نص	البخاري	البخاري، الجامع الصحيح	صحيح البخاري، الطبعة السلطانية (بولاق ١٣١١هـ) بترقيم محمد فؤاد عبد الباقي كما في طبعة دار طوق النجاة، ط١، ١٤٢٢هـ، بعناية محمد زهير بن ناصر الناصر (المقدمة ص٤٧: اعتماد ترقيم عبد الباقي)		٢	١٠	٩٢٣		على المطبوع: فحمد الله ثم أثنى عليه ثم قال أما بعد فوالله إني لأعطي الرجل وأدع الرجل… (وفي الحاشية ١٣: «وأثنى»)		متحقّق — Verified	التوثيق	مطابقة الإنتاج، ٢٠٢٦/٠٩/٢٤		طوبق على مصوّرة المطبوع؛ المصوّرة: https://archive.org/details/03-54504 (file 02_54496, leaf 9)؛ الشاهد: مصوّرات/المجلدات-٢-١١/R2E/923_bukhari_v2p10_a.png؛ مصوّرات/المجلدات-٢-١١/R2E/923_bukhari_v2p10_b.png؛ مصوّرات/المجلدات-٢-١١/R2E/923_bukhari_v2p10_margin.png
م٤-٠٣٣	م٤ ف١٠	شعر	«على قدر أهل العزم تأتي العزائمُ، وتأتي على قدر الكرام المكارمُ»	نص	المتنبي	المتنبي، ديوان أبي الطيب المتنبي، وفي أثناء متنه شرح الواحدي	نشره فريدرخ ديتريصي، برلين، ١٨٦١م (البيانات من صفحة عنوانٍ مُعادة الصفّ في المصوّرة)			٥٤٨			على المطبوع: على قدر اهل العزم تأتى العزائم • وتأتى على قدر الكرام المكارم		متحقّق — Verified	التوثيق	مطابقة الإنتاج، ٢٠٢٦/٠٩/٢٤		طوبق على مصوّرة المطبوع؛ المصوّرة: https://archive.org/details/3190pdf_202001 (leaf 547)؛ الشاهد: مصوّرات/المجلدات-٢-١١/R2E/mutanabbi_dieterici_p548.png؛ مصوّرات/المجلدات-٢-١١/R2E/mutanabbi_dieterici_title_repro.png
م٤-٠٣٤	م٤ ف١٠	نقل عالم	«الصبر مفتاح الفرج، والزهد غنى الأبد»	نص	السخاوي	السخاوي، المقاصد الحسنة في بيان كثير من الأحاديث المشتهرة على الألسنة	ت. عبد المعطي بن عبد الرزاق البكور، دار الميمنة (دمشق) ومكتبة الميمنة المدنية (المدينة المنورة)، الطبعة الأولى، ١٤٣٩هـ/٢٠١٧م		٣	٣٧٢	٦٢٥	«معناه صحيحٌ، ولكنْ لا أصلَ له، كما قالَه ابنُ كثيرٍ»	على المطبوع: ٦٢٥ حديث: [ق١١٦/أ] «الصبر مفتاح الفرج، والزهد غنى الأبد». ذكره الديلمي بلا إسناد، عن الحسين بن علي به مرفوعًا.		متحقّق — Verified	التوثيق	مطابقة الإنتاج، ٢٠٢٦/٠٩/٢٤		طوبق على مصوّرة المطبوع؛ المصوّرة: https://archive.org/details/maqhasana (vol. 3)؛ الشاهد: مصوّرات/المجلدات-٢-١١/R2E/maqasid3_p372.png
م٩-٠٠٧	م٩ ف٠٤	حديث	«مَا بَالُ أَقْوَامٍ يَرْفَعُونَ أَبْصَارَهُمْ إِلَى السَّمَاءِ فِي صَلَاتِهِمْ» (رواه البخاري)	نص	البخاري	البخاري، الجامع الصحيح	صحيح البخاري، الطبعة السلطانية (المطبعة الأميرية ببولاق ١٣١١–١٣١٣هـ) في مصوّرة دار طوق النجاة بعناية محمد زهير بن ناصر الناصر (من صفحة العنوان ومقدمة الناشر)، بترقيم محمد فؤاد عبد الباقي في الهامش		١	١٥٠	٧٥٠		على المطبوع: عن أنس بن مالك قال: قال النبي ﷺ: «ما بالُ أقوامٍ يرفعون أبصارهم إلى السماء في صلاتهم؟» فاشتدّ قوله في ذلك حتى قال: «لينتهُنَّ عن ذلك أو لتُخطفنَّ أبصارُهم».		متحقّق — Verified	التوثيق	مطابقة الإنتاج، ٢٠٢٦/٠٩/٢٤		طوبق على مصوّرة المطبوع؛ المصوّرة: https://archive.org/details/03-54504 (file 01_54495.pdf)؛ الشاهد: مصوّرات/المجلدات-٢-١١/HA1/HA97_bukhari750_v1p150.jpg
م٩-٠٠٨	م٩ ف٠٤	حديث	«الدِّينُ النَّصِيحَةُ» قُلْنَا: لِمَنْ؟ قَالَ: «لِلَّهِ، وَلِكِتَابِهِ، وَلِرَسُولِهِ، وَلِأَئِمَّةِ الْمُسْلِمِينَ وَع	نص	مسلم	مسلم، الصحيح	صحيح مسلم، تحقيق محمد فؤاد عبد الباقي، مطبعة دار إحياء الكتب العربية، فيصل عيسى البابي الحلبي، القاهرة (لا سنة على صفحة العنوان)؛ ٥ أجزاء متسلسلة الترقيم		١	٧٤	٥٥		على المطبوع: أَنَّ النَّبِيَّ ﷺ قَالَ: «الدِّينُ النَّصِيحَةُ» قُلْنَا: لِمَنْ؟ قَالَ: «لِلَّهِ وَلِكِتَابِهِ وَلِرَسُولِهِ وَلِأَئِمَّةِ الْمُسْلِمِينَ وَعَامَّتِهِمْ».		متحقّق — Verified	التوثيق	مطابقة الإنتاج، ٢٠٢٦/٠٩/٢٤		طوبق على مصوّرة المطبوع؛ المصوّرة: https://archive.org/details/saheeh_moslem_Abdulbaqy (file Saheeh_Moslem01; leaf = page − 1)؛ الشاهد: مصوّرات/المجلدات-٢-١١/HA4/HA72_muslim55_p74.jpg
م١٠-٠١٠	م١٠ ف٠٢	مرجع حديث	وقرر الفيلسوف هربرت بول غرايس أن السامع يفهم من الكلام أكثر مما يقوله لفظه، إذا عرف السياق وافترض أن المتكلم متعاون معه.	نص	H. P. Grice	H. P. Grice، Logic and Conversation	P. Cole and J. L. Morgan (eds.), Syntax and Semantics 3: Speech Acts, New York: Academic Press, 1975, 41–58			49–50			على المطبوع: [Grice p.49–50] A man who, by (in, when) saying (or making as if to say) that p has implicated that q, may be said to have conversationally implicated that q, PROVIDED THAT (1) he is to be presumed to be observing the conversational maxims, or at least the cooperative principle; ... To work out that		متحقّق — Verified	التوثيق	مطابقة الإنتاج، ٢٠٢٦/٠٩/٢٤		طوبق على مصوّرة المطبوع؛ رُئي الموضع في المرجع الحديث؛ المصوّرة: https://archive.org/details/grice-logic-and-conversation؛ الشاهد: مصوّرات/المجلدات-٢-١١/T1/378_grice_p49_50.jpg
م١٠-٠١١	م١٠ ف٠٢	مرجع حديث	وصف إرفنغ غوفمان ما سمّاه «الوجه» (face)، أي الصورة التي يحب المرء أن تبقى له أمام الناس.	نص	Erving Goffman	Erving Goffman، On Face-Work: An Analysis of Ritual Elements in Social Interaction	Psychiatry 18(3), Aug. 1955, 213–231 (Crossref); seen in Interaction Ritual: Essays on Face-to-Face Behaviour, Harmondsworth: Penguin University Books, 1972 (imprint: first published in the U.S.A. 1967), pp. 5–45			5			على المطبوع: The term face may be defined as the positive social value a person effectively claims for himself by the line others assume he has taken during a particular contact. Face is an image of self delineated in terms of approved social attributes—albeit an image that others may share, as when a person mak		متحقّق — Verified	التوثيق	مطابقة الإنتاج، ٢٠٢٦/٠٩/٢٤		طوبق على مصوّرة المطبوع؛ المصوّرة: http://hplinguistics.pbworks.com/w/file/fetch/38289359/Goffman,%20Erving%20%27On%20Face-work%27.pdf؛ الشاهد: مصوّرات/المجلدات-٢-١١/T1/230_goffman_p5.jpg؛ مصوّرات/المجلدات-٢-١١/T1/230_goffman_title_imprint.jpg
م٣-٠٢٦	م٣ ف٠٣	نقل عالم	يفرّق علم الصرف بين المادة والوزن… والمادة الواحدة تحمل معنى عامًّا مشتركًا، لكن كل وزن يضيف إليه معنى خاصًّا: التعدية، 	نص	سيبويه	سيبويه، الكتاب	تحقيق وشرح عبد السلام محمد هارون، عالم الكتب، بيروت، الطبعة الثالثة ١٤٠٣هـ/١٩٨٣م (كما على صفحة العنوان؛ ترقيمها مطابق لترقيم طبعة الخانجي ط٣ ١٤٠٨هـ/١٩٨٨م المثبت في بطاقة الشاملة ٢٣٠١٨)		٤	٥٥، ٧٠			على المطبوع: «هذا باب افتراق فعلت وأفعلت في الفعل للمعنى: تقول: دخل وخرج وجلس. فإذا أخبرت أن غيره صيّره إلى شيء من هذا قلت: أخرجه وأدخله وأجلسه» (٤/٥٥)؛ «وتقول: استعطيت أي طلبت العطية، واستعتبته أي طلبت إليه العتبى. ومثل ذلك استفهمت واستخبرت، أي طلبت إليه أن يخبرني» (٤/٧٠)		متحقّق — Verified	التوثيق	مطابقة الإنتاج، ٢٠٢٦/٠٩/٢٤		طوبق على مصوّرة المطبوع؛ الكلام بصوت المؤلف، والحاشية تحيل على بابَي سيبويه في معاني الأوزان، وقد رُئيا على المطبوع؛ كان في المتن: *[تحليل حديث]* يفرّق علم الصرف بين المادة ... والوزن ... لكن كل وزن يضيف إليه معنى خاصًّا: التعدية، أو المشاركة، أو المط؛ المصوّرة: https://archive.org/details/1_20220620_20220620_0955؛ الشاهد: مصوّرات/المجلدات-٢-١١/M1/78_sibawayh4_55_afala.jpg؛ مصوّرات/المجلدات-٢-١١/M1/78_sibawayh4_70_istafala.jpg
م٣-٠٢٧	م٣ ف٠٣	نقل عالم	أكثر أبواب الصرف قياسي… لكن بعض الأبواب يغلب عليه السماع، فيُحفظ كما ورد عن العرب.	نص	ابن جني	ابن جني، الخصائص	تحقيق محمد علي النجار، المكتبة العلمية (من الغلاف؛ الجزء الأول)		١	٩٧			على المطبوع: «ثم اعلم من بعد هذا أن الكلام في الاطّراد والشذوذ على أربعة أضرب: مطّرد في القياس والاستعمال جميعًا، وهذا هو الغاية المطلوبة ... ومطّرد في القياس، شاذ في الاستعمال ...» (١/٩٧)		متحقّق — Verified	التوثيق	مطابقة الإنتاج، ٢٠٢٦/٠٩/٢٤		طوبق على مصوّرة المطبوع؛ الكلام بصوت المؤلف، والحاشية تحيل على تقسيم ابن جني للمطّرد والشاذّ، وقد رُئي على المطبوع؛ كان في المتن: *[تحليل حديث]* أكثر أبواب الصرف قياسي ... لكن بعض الأبواب سماعي ... وأشهرها جموع التكسير؛ فلا قاعدة واحدة تصرف كل اسم إل؛ المصوّرة: https://archive.org/details/BBib-Alex-03214؛ الشاهد: مصوّرات/المجلدات-٢-١١/M1/80_khasais1_97_ittirad.jpg؛ مصوّرات/المجلدات-٢-١١/M1/khasais1_title.jpg
م٣-٠٢٨	م٣ ف٠٧	شعر	وَأَعْلَمُ عِلْمَ اليَوْمِ وَالأَمْسِ قَبْلَهُ — وَلَكِنَّنِي عَنْ عِلْمِ مَا فِي غَدٍ عَمِ (زهير بن أبي سلمى، في معلقته	نص	ابن الأنباري	ابن الأنباري، شرح القصائد السبع الطوال الجاهليات	تحقيق وتعليق عبد السلام محمد هارون، ذخائر العرب ٣٥، دار المعارف، القاهرة، الطبعة الخامسة (بلا سنة على صفحة العنوان)			٢٨٩	البيت ٥٩		على المطبوع: ٥٩ — وأعلمُ ما فى اليومِ والأمسِ قبلَه • ولكنّنى عن عِلمِ ما فى غدٍ عَمِ	صدر البيت في المطبوع (ابن الأنباري ص٢٨٩): «وأعلمُ ما في اليوم والأمس قبله»، والمتن على رواية تلخيص المفتاح «وأعلمُ علمَ اليوم…»، والحاشية تبيّن ذلك	متحقّق مع اختلاف رواية — Verified with variant	التوثيق	مطابقة الإنتاج، ٢٠٢٦/٠٩/٢٤		طوبق على مصوّرة المطبوع؛ صدر البيت في المطبوع (ابن الأنباري ص٢٨٩): «وأعلمُ ما في اليوم والأمس قبله»، والمتن على رواية تلخيص المفتاح «وأعلمُ علمَ اليوم…»، والحاشية تبيّن ذلك؛ المصوّرة: https://archive.org/details/3855pdf_202001 (leaf n307)؛ الشاهد: مصوّرات/المجلدات-٢-١١/R2F/anbari_p289.png؛ مصوّرات/المجلدات-٢-١١/B1/anbari_title.jpg
م٣-٠٢٩	م٣ ف٠٧	حديث	قالَ رَسولُ اللهِ ﷺ «إِنَّ مِنْ خِيارِكُمْ أَحْسَنَكُمْ أَخْلاقًا»؛ والحديث متفق عليه	نص	البخاري؛ مسلم	البخاري؛ مسلم، الصحيح	صحيح البخاري، الطبعة السلطانية (المطبعة الكبرى الأميرية ببولاق، ١٣١١هـ) بترقيم محمد فؤاد عبد الباقي في الحاشية (تحفة)، مصوَّرة دار طوق النجاة، بيروت، ط١، بعناية محمد زهير بن ناصر الناصر ؛ صحيح مسلم، وقف على طبعه وتحقيق نصوصه وتصحيحه وترقيمه محمد فؤاد عبد الباقي، مطبعة دار إحياء الكتب العربية (فيصل عيسى البابي الحلبي)، القاهرة، ٥ أجزاء متسلسلة الصفحات (لا سنة على صفحة العنوان)		البخاري ٤؛ مسلم ٤	البخاري ٤/١٨٩؛ مسلم ٤/١٨١٠	البخاري ٣٥٥٩ (و٦٠٣٥)؛ مسلم ٢٣٢١		على المطبوع: البخاري ٣٥٥٩: لم يكن النبيُّ صلى الله عليه وسلم فاحشًا ولا متفحِّشًا وكان يقول: «إنّ مِن خيارِكم أحسنَكم أخلاقًا». مسلم ٢٣٢١: وقال: قال رسول الله ﷺ «إنّ مِن خيارِكم أحاسنَكم أخلاقًا».		متحقّق — Verified	التوثيق	مطابقة الإنتاج، ٢٠٢٦/٠٩/٢٤		طوبق على مصوّرة المطبوع؛ المصوّرة: https://archive.org/details/03-54504 ; https://archive.org/details/saheeh_moslem_Abdulbaqy؛ الشاهد: مصوّرات/المجلدات-٢-١١/HA2/HA62_bukhari3559_v4p189.jpg؛ مصوّرات/المجلدات-٢-١١/HA2/HA62_muslim2321_v4p1810.jpg
م٤-٠٣٥	م٤ ف٠٢	حديث	«السلام عليكم. بارك الله لكما، وبارك عليكما، وجمع بينكما في خير.» — والحاشية: ولفظ الحديث: «بارك الله لك، وبارك عليك، وج	نص	أبو داود؛ الترمذي	أبو داود؛ الترمذي، السنن؛ الجامع	سنن أبي داود، تحقيق محمد محيي الدين عبد الحميد، المكتبة العصرية، صيدا–بيروت (لا سنة على صفحة العنوان) ؛ الجامع الصحيح وهو سنن الترمذي، ج٣: تحقيق وتخريج وتعليق محمد فؤاد عبد الباقي، شركة مكتبة ومطبعة مصطفى البابي الحلبي وأولاده بمصر، ط٢، ١٣٨٨هـ/١٩٦٨م		أبو داود ٢؛ الترمذي ٣	أبو داود ٢/٢٤١؛ الترمذي ٣/٣٩١	أبو داود ٢١٣٠؛ الترمذي ١٠٩١	الترمذي: «حديثُ أبي هريرة حديثٌ حسنٌ صحيحٌ»	على المطبوع: أبو داود ٢١٣٠: عن أبي هريرة أن النبي صلى الله عليه وسلم كان إذا رَفَّأَ الانسان إذا تزوج قال: «بارك الله لك، وبارك عليك، وجمع بينكما في خير». الترمذي ١٠٩١: ... كان إذا رَفَّأَ الإنسانَ، إذا تزوَّج قال: «بارَكَ اللهُ لكَ وبارَكَ عليكَ وجمعَ بينكما في الخيرِ». قال: وفي الباب عن عليّ [أو: عقيل] بن أبي 		متحقّق — Verified	التوثيق	مطابقة الإنتاج، ٢٠٢٦/٠٩/٢٤		طوبق على مصوّرة المطبوع؛ المصوّرة: https://archive.org/details/04-8461-2 (02_8460-2) ; https://archive.org/details/SunanTirmithiHalabii (suntrmsh3)؛ الشاهد: مصوّرات/المجلدات-٢-١١/HA2/HA2_abudawud2130_v2p241.jpg؛ مصوّرات/المجلدات-٢-١١/HA2/HA2_tirmidhi1091_v3p391.jpg؛ مصوّرات/المجلدات-٢-١١/HA2/abudawud_title.jpg
م٤-٠٣٦	م٤ ف١٠	نقل عالم	«خير الأمور أوسطها»… من الحكم المتداولة على الألسنة، لا من الأحاديث الثابتة عن النبي ﷺ	نص	السخاوي	السخاوي، المقاصد الحسنة	ت. حسام الدين بن أمين حمدان (المجلد الثاني)، دار الميمنة ومكتبة الميمنة المدنية، الطبعة الأولى، ١٤٣٩هـ/٢٠١٧م		٢	٥٤٠–٥٤٢	٤٦٤	«بسندٍ مجهولٍ عن عليٍّ مرفوعاً»	على المطبوع: «٤٦٤ حديث: «خيرُ الأمورِ أوساطُها». ابنُ السَّمعانيِّ في «ذيلِ تاريخِ بغدادَ» بسندٍ مجهولٍ عن عليٍّ مرفوعاً به(١٠). وهو عندَ ابنِ جريرٍ في «التفسير» من قولِ مُطَرِّفِ بنِ عبدِالله ويزيدَ بنِ مُرَّةَ الجعفيِّ، وكذا أخرجهُ البيهقيُّ عن مُطَرِّفٍ. وللدَّيلميِّ بلا سندٍ عن ابنِ عباسٍ مرفوعاً: «خيرُ الأع		متحقّق — Verified	التوثيق	مطابقة الإنتاج، ٢٠٢٦/٠٩/٢٤		طوبق على مصوّرة المطبوع؛ المصوّرة: https://archive.org/details/maqhasana؛ الشاهد: مصوّرات/المجلدات-٢-١١/H3/233_maqasid2_540-542.jpg؛ مصوّرات/المجلدات-٢-١١/H3/maqasid2_title.jpg
م٥-٠٢٠	م٥ ف٠٦	مرجع حديث	وصف إرفنغ غوفمان ما سمّاه «الوجه» (face): صورة المرء الاجتماعية التي يحرص على سلامتها أمام الناس	نص	Erving Goffman	Erving Goffman، On Face-Work: An Analysis of Ritual Elements in Social Interaction	Psychiatry 18(3), Aug. 1955, 213–231 (Crossref); seen in Interaction Ritual: Essays on Face-to-Face Behaviour, Harmondsworth: Penguin University Books, 1972 (imprint: first published in the U.S.A. 1967), pp. 5–45			5			على المطبوع: The term face may be defined as the positive social value a person effectively claims for himself by the line others assume he has taken during a particular contact. Face is an image of self delineated in terms of approved social attributes—albeit an image that others may share, as when a person mak		متحقّق — Verified	التوثيق	مطابقة الإنتاج، ٢٠٢٦/٠٩/٢٤		طوبق على مصوّرة المطبوع؛ رُئي الموضع في المرجع الحديث؛ المصوّرة: http://hplinguistics.pbworks.com/w/file/fetch/38289359/Goffman,%20Erving%20%27On%20Face-work%27.pdf؛ الشاهد: مصوّرات/المجلدات-٢-١١/T1/230_goffman_p5.jpg؛ مصوّرات/المجلدات-٢-١١/T1/230_goffman_title_imprint.jpg
م٦-٠٧٦	م٦ ف٠٢	مرجع حديث	وقرر الفيلسوف غرايس في قواعد المحادثة قاعدتَي «الكمّ»: أن تجعل كلامك مفيدًا بالقدر المطلوب، لا أقل منه ولا أكثر	نص	H. P. Grice	H. P. Grice، Logic and Conversation	P. Cole and J. L. Morgan (eds.), Syntax and Semantics 3: Speech Acts, New York: Academic Press, 1975, 41–58			45			على المطبوع: [45] Make your conversational contribution such as is required… the COOPERATIVE PRINCIPLE… QUANTITY: 1. Make your contribution as informative as is required (for the current purposes of the exchange). 2. Do not make your contribution more informative than is required. [46] …such overinformativeness 		متحقّق — Verified	التوثيق	مطابقة الإنتاج، ٢٠٢٦/٠٩/٢٤		طوبق على مصوّرة المطبوع؛ رُئي الموضع في المرجع الحديث؛ المصوّرة: https://archive.org/details/grice-logic-and-conversation؛ الشاهد: مصوّرات/و٦.png
م٦-٠٧٧	م٦ ف٠٢	نقل عالم	قول بشر بن المعتمر فيما رواه الجاحظ: أن يوازن المتكلم بين أقدار المعاني وأقدار المستمعين وأقدار الحالات، «فيجعلَ لكل طبق	نص	الجاحظ	الجاحظ، البيان والتبيين	تحقيق وشرح عبد السلام محمد هارون، مكتبة الخانجي، القاهرة، الطبعة السابعة، ١٤١٨هـ/١٩٩٨م (مطبعة المدني)		١	١٣٨–١٣٩			على المطبوع: وقال: ينبغي للمتكلم أن يعرف أقدار المعاني، ويوازن بينها وبين أقدار المستمعين وبين أقدار الحالات، فيجعل لكل طبقة من ذلك كلامًا، ولكل [١٣٩] حالة من ذلك مقامًا، حتى يقسم أقدار الكلام على أقدار المعاني		متحقّق — Verified	التوثيق	مطابقة الإنتاج، ٢٠٢٦/٠٩/٢٤		طوبق على مصوّرة المطبوع؛ المصوّرة: https://archive.org/details/20240524_20240524_0853 (الجزء 01، leaves 137–138)؛ الشاهد: مصوّرات/المجلدات-٢-١١/R2F/bayan1_p138.png؛ مصوّرات/المجلدات-٢-١١/R2F/bayan1_p139.png؛ مصوّرات/المجلدات-٢-١١/B2/bayan_title.jpg
م٦-٠٧٨	م٦ ف٠٤	حديث	فقد ثبت أنه ﷺ منع أبا ذرٍّ من الإمارة لما رأى فيه ضعفًا عنها (رواه مسلم) — والحاشية: «يا أبا ذر، إنك ضعيف، وإنها أمانة»	نص	مسلم	مسلم، الصحيح	صحيح مسلم، تحقيق محمد فؤاد عبد الباقي، مطبعة دار إحياء الكتب العربية، فيصل عيسى البابي الحلبي، القاهرة (لا سنة على صفحة العنوان)؛ ٥ أجزاء متسلسلة الترقيم		٣	١٤٥٧	١٨٢٥		على المطبوع: (٤) باب كراهة الإمارة بغير ضرورة. ١٦ — (١٨٢٥) … عن أبي ذر قال: قلت: يا رسول الله، ألا تستعملني؟ قال: فضرب بيده على منكبي، ثم قال: «يا أبا ذر، إنك ضعيف، وإنها أمانة، وإنها يوم القيامة خزي وندامة، إلا من أخذها بحقها وأدى الذي عليه فيها».		متحقّق — Verified	التوثيق	مطابقة الإنتاج، ٢٠٢٦/٠٩/٢٤		طوبق على مصوّرة المطبوع؛ المصوّرة: https://archive.org/details/saheeh_moslem_Abdulbaqy (file Saheeh_Moslem01; leaf = page − 1)؛ الشاهد: مصوّرات/المجلدات-٢-١١/R2F/muslim1825_p1457.png؛ مصوّرات/المجلدات-٢-١١/H1/muslim_title.jpg
م٦-٠٧٩	م٦ ف٠٤	نقل عالم	ومعنى الحديث، كما بيّنه ابن حجر، أنه ﷺ لم يكن ينطق بالرد منعًا للعطاء — والحاشية: «وليس المراد أنه يعطي ما يطلب منه جزمً	نص	ابن حجر	ابن حجر، فتح الباري بشرح صحيح البخاري	المكتبة السلفية، بترقيم محمد فؤاد عبد الباقي، الجزء العاشر		١٠	٤٥٧			على المطبوع: …وليس المراد أنه يعطي ما يطلب منه جزما، بل المراد أنه لا ينطق بالرد، بل إن كان عنده أعطاه إن كان الإعطاء سائغا وإلا سكت… وقال الشيخ عز الدين بن عبد السلام: معناه لم يقل لا منعا للعطاء، ولا يلزم من ذلك أن لا يقولها اعتذارا		متحقّق — Verified	التوثيق	مطابقة الإنتاج، ٢٠٢٦/٠٩/٢٤		طوبق على مصوّرة المطبوع؛ المصوّرة: https://archive.org/details/08-2029_202601 (10_2031.pdf, leaf 456)؛ الشاهد: مصوّرات/المجلدات-٢-١١/R2F/fath10_p457.png؛ مصوّرات/المجلدات-٢-١١/D1/fath10_title.jpg
م٦-٠٨٠	م٦ ف٠٩	نقل عالم	«تَهَادَوْا تَحَابُّوا» (رواه البخاري في الأدب المفرد) — والحاشية: وقال ابن حجر في «بلوغ المرام» (٩٣٥): «رواه البخاري في	نص	ابن حجر	ابن حجر، بلوغ المرام من أدلة الأحكام	حقّقه وخرّج أحاديثه وعلّق عليه ماهر ياسين الفحل، دار القبس للنشر والتوزيع، الرياض، الطبعة الأولى، ربيع الأول ١٤٣٥هـ/يناير ٢٠١٤م (من صفحتي العنوان والحقوق)			٣٦١	٩٣٥	«بإسناد حسن» (ابن حجر)	على المطبوع: ٩٣٥ — وعن أبي هريرة رضي الله عنه عن النبي ﷺ قال: «تهادوا تحابوا» رواه البخاري في «الأدب المفرد» وأبو يعلى بإسناد حسن.		متحقّق — Verified	التوثيق	مطابقة الإنتاج، ٢٠٢٦/٠٩/٢٤		طوبق على مصوّرة المطبوع؛ المصوّرة: https://archive.org/details/145220_202609 (leaf 360)؛ الشاهد: مصوّرات/المجلدات-٢-١١/R2F/bulugh_p361.png؛ مصوّرات/المجلدات-٢-١١/R2F/bulugh_title.png
م٣-٠٣٠	م٣ ف٠٨	نقل عالم	وذكر الجاحظ… «إلا أن يكون المتكلّم بدويًّا أعرابيًّا؛ فإنّ الوحشيّ من الكلام يفهمه الوحشيّ من الناس»	نص	الجاحظ	الجاحظ، البيان والتبيين	تحقيق وشرح عبد السلام محمد هارون، مكتبة الخانجي، القاهرة، الطبعة السابعة، ١٤١٨هـ/١٩٩٨م (مطبعة المدني)		١	١٤٤			على المطبوع: وكما لا ينبغي أن يكون اللفظ عاميًّا، وساقطًا سوقيًّا، فكذلك لا ينبغي أن يكون غريبًا وحشيًّا؛ إلا أن يكون المتكلم بدويًّا أعرابيًّا؛ فإن الوحشي من الكلام يفهمه الوحشي من الناس، كما يفهم السوقي رطانة السوقي.		متحقّق — Verified	التوثيق	مطابقة الإنتاج، ٢٠٢٦/٠٩/٢٤		طوبق على مصوّرة المطبوع؛ المصوّرة: https://archive.org/details/20240524_20240524_0853 (الجزء 01، leaf 143)؛ الشاهد: مصوّرات/المجلدات-٢-١١/R2F/bayan1_p144.png؛ مصوّرات/عروس-الأفراح-١-٥١٥-والجاحظ-هارون-١-١٤٤.png؛ مصوّرات/المجلدات-٢-١١/B2/bayan_title.jpg
م٣-٠٣١	م٣ ف٠٧	مرجع حديث	وضع الفيلسوف البريطاني بول غرايس ما سمّاه «مبدأ التعاون» في المحادثة، وفصّله في قواعد، منها قاعدة الكمّ… ومنها قاعدة الط	نص	H. P. Grice	H. P. Grice، Logic and Conversation	P. Cole and J. L. Morgan (eds.), Syntax and Semantics 3: Speech Acts, New York: Academic Press, 1975, 41–58			45–46			على المطبوع: [45] Make your conversational contribution such as is required… the COOPERATIVE PRINCIPLE… QUANTITY: 1. Make your contribution as informative as is required (for the current purposes of the exchange). 2. Do not make your contribution more informative than is required. [46] …such overinformativeness 		متحقّق — Verified	التوثيق	مطابقة الإنتاج، ٢٠٢٦/٠٩/٢٤		طوبق على مصوّرة المطبوع؛ رُئي الموضع في المرجع الحديث؛ المصوّرة: https://archive.org/details/grice-logic-and-conversation؛ الشاهد: مصوّرات/و٦.png
م٤-٠٣٧	م٤ ف٠٧	مرجع حديث	يرى الفيلسوف البريطاني بول غرايس أن المتكلم الناجح يلتزم في حديثه بقدر المعلومة التي يحتاجها المخاطَب: لا أقل… ولا أكثر 	نص	H. P. Grice	H. P. Grice، Logic and Conversation	P. Cole and J. L. Morgan (eds.), Syntax and Semantics 3: Speech Acts, New York: Academic Press, 1975, 41–58			45–46			على المطبوع: [45] Make your conversational contribution such as is required… the COOPERATIVE PRINCIPLE… QUANTITY: 1. Make your contribution as informative as is required (for the current purposes of the exchange). 2. Do not make your contribution more informative than is required. [46] …such overinformativeness 		متحقّق — Verified	التوثيق	مطابقة الإنتاج، ٢٠٢٦/٠٩/٢٤		طوبق على مصوّرة المطبوع؛ رُئي الموضع في المرجع الحديث؛ المصوّرة: https://archive.org/details/grice-logic-and-conversation؛ الشاهد: مصوّرات/و٦.png
م٧-٠٢٣	م٧ ف٠٢	مرجع حديث	قرر الفيلسوف البريطاني بول غرايس أن المتحاورين يفترضون… أن كلًّا منهما يتعاون مع الآخر… وصاغ لهذا التعاون أربع قواعد	نص	H. P. Grice	H. P. Grice، Logic and Conversation	P. Cole and J. L. Morgan (eds.), Syntax and Semantics 3: Speech Acts, New York: Academic Press, 1975, 41–58			45–46			على المطبوع: [45] Make your conversational contribution such as is required… the COOPERATIVE PRINCIPLE… QUANTITY: 1. Make your contribution as informative as is required (for the current purposes of the exchange). 2. Do not make your contribution more informative than is required. [46] …such overinformativeness 		متحقّق — Verified	التوثيق	مطابقة الإنتاج، ٢٠٢٦/٠٩/٢٤		طوبق على مصوّرة المطبوع؛ رُئي الموضع في المرجع الحديث؛ المصوّرة: https://archive.org/details/grice-logic-and-conversation؛ الشاهد: مصوّرات/و٦.png
م١١-٠١١	م١١ ف٠٨	مرجع حديث	وضع الفيلسوف البريطاني بول غرايس ما سمّاه «مبدأ التعاون» في الحوار، ومن قواعده قاعدة الكمّ: أن يقول المتكلم بقدر الحاجة،	نص	H. P. Grice	H. P. Grice، Logic and Conversation	P. Cole and J. L. Morgan (eds.), Syntax and Semantics 3: Speech Acts, New York: Academic Press, 1975, 41–58			45–46			على المطبوع: [45] Make your conversational contribution such as is required… the COOPERATIVE PRINCIPLE… QUANTITY: 1. Make your contribution as informative as is required (for the current purposes of the exchange). 2. Do not make your contribution more informative than is required. [46] …such overinformativeness 		متحقّق — Verified	التوثيق	مطابقة الإنتاج، ٢٠٢٦/٠٩/٢٤		طوبق على مصوّرة المطبوع؛ رُئي الموضع في المرجع الحديث؛ المصوّرة: https://archive.org/details/grice-logic-and-conversation؛ الشاهد: مصوّرات/و٦.png
م٧-٠٢٤	م٧ ف٠٥	حديث	«إِنَّ الرِّفْقَ لَا يَكُونُ فِي شَيْءٍ إِلَّا زَانَهُ، وَلَا يُنْزَعُ مِنْ شَيْءٍ إِلَّا شَانَهُ» (رواه مسلم)	نص	مسلم	مسلم، الصحيح	صحيح مسلم، تحقيق محمد فؤاد عبد الباقي، دار إحياء الكتب العربية (عيسى البابي الحلبي وشركاه)؛ النسخة المصوّرة: دار الحديث، القاهرة، ط١، ١٤١٢هـ/١٩٩١م، توزيع دار الكتب العلمية (بترقيم الطبعة الأصلية نفسه)		٤	٢٠٠٤ (ترجمة الباب ص٢٠٠٣)	٢٥٩٤ (رقم ٧٨ في الكتاب)		على المطبوع: عن عائشة زوج النبي ﷺ، عن النبي ﷺ قال: «إنّ الرفق لا يكون في شيءٍ إلا زانه، ولا يُنزع من شيءٍ إلا شانه».		متحقّق — Verified	التوثيق	مطابقة الإنتاج، ٢٠٢٦/٠٩/٢٤		طوبق على مصوّرة المطبوع؛ المصوّرة: https://archive.org/details/saheeh_moslem_Abdulbaqy؛ الشاهد: مصوّرات/المجلدات-٢-١١/HA1/HA21_muslim2594_v4p2003-2004.jpg
م٨-٠٤٩	م٨ ف٠١	حديث	«مَنْ كَانَ يُؤْمِنُ بِاللهِ وَالْيَوْمِ الْآخِرِ فَلْيَقُلْ خَيْرًا أَوْ لِيَصْمُتْ» (مُتَّفَقٌ عَلَيْهِ)	نص	البخاري؛ مسلم	البخاري؛ مسلم، الصحيحان	صحيح البخاري، الطبعة السلطانية (بولاق ١٣١١هـ) بترقيم محمد فؤاد عبد الباقي كما في طبعة دار طوق النجاة، ط١، بعناية محمد زهير بن ناصر الناصر (صفحة العنوان والمقدمة: اعتماد ترقيم عبد الباقي) ؛ صحيح مسلم، تحقيق محمد فؤاد عبد الباقي، مطبعة دار إحياء الكتب العربية، فيصل عيسى البابي الحلبي، القاهرة (لا سنة على صفحة العنوان)؛ ٥ أجزاء متسلسلة الترقيم		البخاري ٨؛ مسلم ١	البخاري ٨/١١؛ مسلم ١/٦٨	البخاري ٦٠١٨ (و٦٤٧٥)؛ مسلم ٤٧		على المطبوع: البخاري ٦٠١٨: «ومن كان يؤمن بالله واليوم الآخر فليقل خيرًا أو ليصمت». — «من كان يؤمن بالله واليوم الآخر فليقل خيرًا أو ليصمت، ومن كان يؤمن بالله واليوم الآخر فليكرم جاره …»		متحقّق — Verified	التوثيق	مطابقة الإنتاج، ٢٠٢٦/٠٩/٢٤		طوبق على مصوّرة المطبوع؛ المصوّرة: https://archive.org/details/03-54504 ; https://archive.org/details/saheeh_moslem_Abdulbaqy (file Saheeh_Moslem01; leaf = page − 1)؛ الشاهد: مصوّرات/ح٧.png؛ مصوّرات/ح٧-م.png؛ مصوّرات/المجلدات-٢-١١/HA1/HA77_muslim47_v1p68.jpg
م٨-٠٥٠	م٨ ف٠١	حديث	«وَالْكَلِمَةُ الطَّيِّبَةُ صَدَقَةٌ» (جُزْءٌ مِنْ حَدِيثٍ مُتَّفَقٍ عَلَيْهِ)	نص	البخاري؛ مسلم	البخاري؛ مسلم، الصحيحان	صحيح البخاري، الطبعة السلطانية (بولاق ١٣١١هـ) بترقيم محمد فؤاد عبد الباقي كما في طبعة دار طوق النجاة، ط١، بعناية محمد زهير بن ناصر الناصر (صفحة العنوان والمقدمة: اعتماد ترقيم عبد الباقي) ؛ صحيح مسلم، تحقيق محمد فؤاد عبد الباقي، مطبعة دار إحياء الكتب العربية، فيصل عيسى البابي الحلبي، القاهرة (لا سنة على صفحة العنوان)؛ ٥ أجزاء متسلسلة الترقيم		البخاري ٤؛ مسلم ٢	البخاري ٤/٥٦؛ مسلم ٢/٦٩٩	البخاري ٢٩٨٩؛ مسلم ١٠٠٩		على المطبوع: البخاري ٢٩٨٩ ومسلم ١٠٠٩: «والكلمة الطيبة صدقة» (طرفٌ من حديث «كل سُلامى من الناس عليه صدقة»)		متحقّق — Verified	التوثيق	مطابقة الإنتاج، ٢٠٢٦/٠٩/٢٤		طوبق على مصوّرة المطبوع؛ المصوّرة: https://archive.org/details/03-54504 ; https://archive.org/details/saheeh_moslem_Abdulbaqy (file Saheeh_Moslem01; leaf = page − 1)؛ الشاهد: مصوّرات/ح٨.png؛ مصوّرات/ح٨-م.png
م٨-٠٥١	م٨ ف٠١	حديث	«كَفَى بِالْمَرْءِ كَذِبًا أَنْ يُحَدِّثَ بِكُلِّ مَا سَمِعَ» (رَوَاهُ مُسْلِمٌ فِي مُقَدِّمَةِ صَحِيحِهِ)	نص	مسلم	مسلم، الصحيح (المقدمة)	صحيح مسلم، تحقيق محمد فؤاد عبد الباقي، مطبعة دار إحياء الكتب العربية، فيصل عيسى البابي الحلبي، القاهرة (لا سنة على صفحة العنوان)؛ ترقيم الصفحات متسلسل عبر الأجزاء		١	١٠	المقدمة، رقم (٥) كما في المطبوع		على المطبوع: قال رسول الله ﷺ «كفى بالمرءِ كذبًا أن يُحدِّثَ بكلِّ ما سمع».		متحقّق — Verified	التوثيق	مطابقة الإنتاج، ٢٠٢٦/٠٩/٢٤		طوبق على مصوّرة المطبوع؛ المصوّرة: https://archive.org/details/saheeh_moslem_Abdulbaqy؛ الشاهد: مصوّرات/المجلدات-٢-١١/HA3/HA19_muslim_muqaddima5_p10.jpg
م٨-٠٥٢	م٨ ف٠١	نقل عالم	✘ «اطلبوا العلم ولو بالصين» — العبارة الأولى مشهورة على الألسنة، لكنها لا تثبت عند أهل الحديث؛ والحاشية: «وهو ضعيفٌ من ا	نص	السخاوي	السخاوي، المقاصد الحسنة	ت. عبد المعطي بن عبد الرزاق البكور، دار الميمنة (دمشق) ومكتبة الميمنة المدنية (المدينة المنورة)، الطبعة الأولى، ١٤٣٩هـ/٢٠١٧م		١	٣٩٠–٣٩١	١٢٦	«ضعيف من الوجهين»؛ وعن ابن حبان: «باطل لا أصل له»	على المطبوع: ١٢٦ حديث: «اطلبوا العلم ولو بالصين، فإن طلب العلم فريضة على كل مسلم»… [٣٩١] وهو ضعيفٌ من الوجهين، بل قال ابن حبان: إنه باطلٌ لا أصل له، وذكره ابن الجوزي في «الموضوعات».		متحقّق — Verified	التوثيق	مطابقة الإنتاج، ٢٠٢٦/٠٩/٢٤		طوبق على مصوّرة المطبوع؛ المصوّرة: https://archive.org/details/maqhasana (mhama1.pdf, leaves 390–391)؛ الشاهد: مصوّرات/المجلدات-٢-١١/R2F/maqasid1_p390.png؛ مصوّرات/المجلدات-٢-١١/R2F/maqasid1_p391.png؛ مصوّرات/المجلدات-٢-١١/H3/maqasid1_title.jpg
م٨-٠٥٣	م٨ ف٠١	نقل عالم	✘ «النظافة من الإيمان» — لا تُعرف حديثًا بهذا اللفظ؛ والحاشية: أن الديلمي عزا إلى الطبراني عن ابن مسعود مرفوعًا: «والنظا	نص	السخاوي	السخاوي، المقاصد الحسنة	ت. حسام الدين بن أمين حمدان (المجلد الثاني)، دار الميمنة ومكتبة الميمنة المدنية، الطبعة الأولى، ١٤٣٩هـ/٢٠١٧م		٢	١٩٦ (والمادة رقم ٣٠٨ تبدأ في ١٩٥)	٣٠٨		على المطبوع: ٣٠٨ حديث: «بُني الدين على النظافة»… [١٩٦] وعزا الديلميُّ إلى الطبرانيِّ عن ابن مسعودٍ مرفوعًا: «والنظافةُ تدعو إلى الإيمان»		متحقّق — Verified	التوثيق	مطابقة الإنتاج، ٢٠٢٦/٠٩/٢٤		طوبق على مصوّرة المطبوع؛ المصوّرة: https://archive.org/details/maqhasana (mhama2.pdf, leaves 195–196)؛ الشاهد: مصوّرات/المجلدات-٢-١١/R2F/maqasid2_p195.png؛ مصوّرات/المجلدات-٢-١١/R2F/maqasid2_p196.png؛ مصوّرات/المجلدات-٢-١١/H3/maqasid2_title.jpg
م٨-٠٥٤	م٨ ف٠٤	أثر موقوف	وأخرج البخاري في كتاب العلم من قول علي رضي الله عنه: «حَدِّثُوا النَّاسَ بِمَا يَعْرِفُونَ، أَتُحِبُّونَ أَنْ يُكَذَّبَ 	نص	البخاري	البخاري، الجامع الصحيح	صحيح البخاري، الطبعة السلطانية (بولاق ١٣١١هـ) بترقيم محمد فؤاد عبد الباقي كما في طبعة دار طوق النجاة، ط١، بعناية محمد زهير بن ناصر الناصر (صفحة العنوان والمقدمة: اعتماد ترقيم عبد الباقي)		١	٣٧	١٢٧		على المطبوع: وقال عليّ: حدِّثوا الناسَ بما يعرفون، أتحبّون أن يُكذَّبَ اللهُ ورسولُه		متحقّق — Verified	التوثيق	مطابقة الإنتاج، ٢٠٢٦/٠٩/٢٤		طوبق على مصوّرة المطبوع؛ المصوّرة: https://archive.org/details/03-54504 (title page from https://archive.org/details/SahihBukhariYouniniya)؛ الشاهد: مصوّرات/المجلدات-٢-١١/HA4/HA16_bukhari127_v1p37.jpg
م٨-٠٥٥	م٨ ف٠٢	أثر موقوف	«حَدِّثُوا النَّاسَ بِمَا يَعْرِفُونَ، أَتُحِبُّونَ أَنْ يُكَذَّبَ اللهُ وَرَسُولُهُ» (رواه البخاري موقوفًا على علي رضي 	نص	البخاري	البخاري، الجامع الصحيح	صحيح البخاري، الطبعة السلطانية (بولاق ١٣١١هـ) بترقيم محمد فؤاد عبد الباقي كما في طبعة دار طوق النجاة، ط١، بعناية محمد زهير بن ناصر الناصر (صفحة العنوان والمقدمة: اعتماد ترقيم عبد الباقي)		١	٣٧	١٢٧		على المطبوع: وقال عليّ: حدِّثوا الناسَ بما يعرفون، أتحبّون أن يُكذَّبَ اللهُ ورسولُه		متحقّق — Verified	التوثيق	مطابقة الإنتاج، ٢٠٢٦/٠٩/٢٤		طوبق على مصوّرة المطبوع؛ المصوّرة: https://archive.org/details/03-54504 (title page from https://archive.org/details/SahihBukhariYouniniya)؛ الشاهد: مصوّرات/المجلدات-٢-١١/HA4/HA16_bukhari127_v1p37.jpg
م٨-٠٥٦	م٨ ف٠١	أثر موقوف	فالسكوت من «الحياء» الذي ذمّه مجاهد — والحاشية: «لا يتعلّمُ العلمَ مُسْتَحْيٍ ولا مُسْتَكْبِرٌ»، ذكره البخاري معلقًا… ط.	نص	البخاري	البخاري، الجامع الصحيح	صحيح البخاري، الطبعة السلطانية (بولاق ١٣١١هـ) بترقيم محمد فؤاد عبد الباقي كما في طبعة دار طوق النجاة، ط١، ١٤٢٢هـ، بعناية محمد زهير بن ناصر الناصر (المقدمة ص٤٧: اعتماد ترقيم عبد الباقي)		١	٣٨	(معلق في الترجمة، بلا رقم)		على المطبوع: باب الحياء في العلم. وقال مجاهد: لا يتعلّمُ العلمَ مُسْتَحْيٍ ولا مُسْتَكْبِرٌ. وقالت عائشة: نِعمَ النساءُ نساءُ الأنصار لم يمنعهنّ الحياءُ أن يتفقّهن في الدين		متحقّق — Verified	التوثيق	مطابقة الإنتاج، ٢٠٢٦/٠٩/٢٤		طوبق على مصوّرة المطبوع؛ المصوّرة: https://archive.org/details/03-54504 (file 01_54495, leaf 37)؛ الشاهد: مصوّرات/المجلدات-٢-١١/H1/295_bab_haya_mujahid.jpg
م٨-٠٥٧	م٨ ف٠١	مرجع حديث	وسمّى عالم الاجتماع إرفنغ غوفمان صورة المرء التي يحب أن يحفظها أمام الناس «الوجه»	نص	Erving Goffman	Erving Goffman، On Face-Work: An Analysis of Ritual Elements in Social Interaction	Psychiatry 18(3), Aug. 1955, 213–231 (Crossref); seen in Interaction Ritual: Essays on Face-to-Face Behaviour, Harmondsworth: Penguin University Books, 1972 (imprint: first published in the U.S.A. 1967), pp. 5–45			5			على المطبوع: The term face may be defined as the positive social value a person effectively claims for himself by the line others assume he has taken during a particular contact. Face is an image of self delineated in terms of approved social attributes—albeit an image that others may share, as when a person mak		متحقّق — Verified	التوثيق	مطابقة الإنتاج، ٢٠٢٦/٠٩/٢٤		طوبق على مصوّرة المطبوع؛ رُئي الموضع في المرجع الحديث؛ المصوّرة: http://hplinguistics.pbworks.com/w/file/fetch/38289359/Goffman,%20Erving%20%27On%20Face-work%27.pdf؛ الشاهد: مصوّرات/المجلدات-٢-١١/T1/230_goffman_p5.jpg؛ مصوّرات/المجلدات-٢-١١/T1/230_goffman_title_imprint.jpg
م٨-٠٥٨	م٨ ف٠١	نقل عالم	وقال الألباني في صحيح سنن أبي داود (٣/١٩٤): «حسن صحيح» (حديث أبي برزة في كفارة المجلس، أبو داود ٤٨٥٩)	نص	الألباني	الألباني، صحيح سنن أبي داود	مكتبة المعارف للنشر والتوزيع، الرياض، الطبعة الأولى للطبعة الجديدة، ١٤١٩هـ/١٩٩٨م، ٣ مجلدات (من صفحة عنوان المجلد الثالث وبطاقة فهرسته)		٣	١٩٣–١٩٤	٤٨٥٩	«حسن صحيح»	على المطبوع: ٣٢ — باب في كفارة المجلس. ٤٨٥٩ — عن أبي برزة الأسلمي… «سبحانك اللهم وبحمدك، أشهد أن لا إله إلا أنت، أستغفرك وأتوب إليك»… [١٩٤] «كفارة لما يكون في المجلس». — حسن صحيح: المصدر نفسه.		متحقّق — Verified	التوثيق	مطابقة الإنتاج، ٢٠٢٦/٠٩/٢٤		طوبق على مصوّرة المطبوع؛ الشاهد: مصوّرات/المجلدات-٢-١١/H2/299_albani_sahih-abudawud_4859_v3p193-194.jpg؛ مصوّرات/المجلدات-٢-١١/H2/albani_sahih-abudawud3_title.jpg
م٨-٠٥٩	م٨ ف٠٣	نقل عالم	«إنّ مِن إجلالِ اللهِ إكرامَ ذي الشَّيْبَةِ المسلمِ» (رواه أبو داود، وحسّنه الألباني) — والحاشية: وقال الألباني في صحيح 	نص	الألباني	الألباني، صحيح سنن أبي داود	مكتبة المعارف للنشر والتوزيع، الرياض، الطبعة الأولى للطبعة الجديدة، ١٤١٩هـ/١٩٩٨م، ٣ مجلدات (من صفحة عنوان المجلد الثالث وبطاقة فهرسته)		٣	١٨٩	٤٨٤٣	«حسن»	على المطبوع: ٢٣ — باب في تنزيل الناس منازلهم. ٤٨٤٣ — عن أبي موسى الأشعري… «إن من إجلال الله إكرام ذي الشيبة المسلم، وحامل القرآن غير الغالي فيه والجافي عنه، وإكرام ذي السلطان المقسط». — حسن: «صحيح الجامع» (٢١٩٥).		متحقّق — Verified	التوثيق	مطابقة الإنتاج، ٢٠٢٦/٠٩/٢٤		طوبق على مصوّرة المطبوع؛ الشاهد: مصوّرات/المجلدات-٢-١١/H2/306_albani_sahih-abudawud_4843_v3p189.jpg؛ مصوّرات/المجلدات-٢-١١/H2/albani_sahih-abudawud3_title.jpg
م٩-٠٠٩	م٩ ف٠٣	حديث	وجاء في حديث عبد الله بن مسعود رضي الله عنه في الصحيحين تعليل النهي بأن ذلك يُحزن الثالث — والحاشية: ولفظ مسلم: «حتى تخت	نص	البخاري؛ مسلم	البخاري؛ مسلم، الصحيحان	صحيح البخاري، الطبعة السلطانية (بولاق ١٣١١هـ) بترقيم محمد فؤاد عبد الباقي كما في طبعة دار طوق النجاة، ط١، بعناية محمد زهير بن ناصر الناصر (صفحة العنوان والمقدمة: اعتماد ترقيم عبد الباقي) ؛ صحيح مسلم، تحقيق محمد فؤاد عبد الباقي، مطبعة دار إحياء الكتب العربية، فيصل عيسى البابي الحلبي، القاهرة (لا سنة على صفحة العنوان)؛ ٥ أجزاء متسلسلة الترقيم		البخاري ٨؛ مسلم ٤	البخاري ٨/٦٥؛ مسلم ٤/١٧١٨	البخاري ٦٢٩٠؛ مسلم ٢١٨٤		على المطبوع: البخاري ٦٢٩٠ (باب إذا كانوا أكثر من ثلاثة فلا بأس بالمسارّة والمناجاة): «إذا كنتم ثلاثة فلا يتناجى رجلان دون الآخر حتى تختلطوا بالناس أجلَ أن يحزنه». — مسلم ٢١٨٤: «إذا كنتم ثلاثة فلا يتناجى اثنان دون الآخر، حتى تختلطوا بالناس، من أجل أن يحزنه».		متحقّق — Verified	التوثيق	مطابقة الإنتاج، ٢٠٢٦/٠٩/٢٤		طوبق على مصوّرة المطبوع؛ المصوّرة: https://archive.org/details/03-54504 (08_54507.pdf, leaf 64) ; https://archive.org/details/saheeh_moslem_Abdulbaqy (file Saheeh_Moslem01; leaf = page − 1)؛ الشاهد: مصوّرات/المجلدات-٢-١١/R2F/bukhari6290_v8p65.png؛ مصوّرات/المجلدات-٢-١١/R2F/muslim2184_p1718.png؛ مصوّرات/المجلدات-٢-١١/H1/bukhari_title.jpg
م٩-٠١٠	م٩ ف٠٣	حديث	«سبحانك اللهم وبحمدك، أشهد أن لا إله إلا أنت، أستغفرك وأتوب إليك» (رواه أبو داود والترمذي)	نص	الترمذي	الترمذي، الجامع الصحيح وهو سنن الترمذي	الجامع الصحيح وهو سنن الترمذي، الجزء الخامس، تحقيق وتعليق إبراهيم عطوة عوض (المدرس في الأزهر الشريف)، شركة مكتبة ومطبعة مصطفى البابي الحلبي وأولاده بمصر، الطبعة الثانية، ١٣٩٥هـ/١٩٧٥م (من صفحة العنوان وظهرها في المصوّرة)		٥	٤٩٤	٣٤٣٣	قَالَ: هٰذَا حَدِيثٌ حَسَنٌ غَرِيبٌ صَحِيحٌ مِنْ هٰذَا الْوَجْهِ لَا نَعْرِفُهُ مِنْ حَدِيثِ سُهَيْلٍ إِلَّا مِنْ هٰذَا الْوَجْهِ.	على المطبوع: الترمذي ٥/٤٩٤، رقم ٣٤٣٣ (بعد الإسناد): عَنْ أَبِي هُرَيْرَةَ قَالَ: قَالَ رَسُولُ اللهِ صَلَّى اللهُ عَلَيْهِ وَسَلَّمَ: مَنْ جَلَسَ فِي مَجْلِسٍ فَكَثُرَ فِيهِ لَغَطُهُ فَقَالَ قَبْلَ أَنْ يَقُومَ مِنْ مَجْلِسِهِ ذٰلِكَ: سُبْحَانَكَ اللّٰهُمَّ وَبِحَمْدِكَ، أَشْهَدُ أَنْ لَا إِلٰهَ إِلَّا أَنْتَ أَ		متحقّق — Verified	التوثيق	مطابقة الإنتاج، ٢٠٢٦/٠٩/٢٤		طوبق على مصوّرة المطبوع؛ المصوّرة: https://archive.org/details/alfirdwsiy2018_gmail_0915/page/n3052؛ الشاهد: مصوّرات/المجلدات-٢-١١/H2/299_tirmidhi3433_v5p494.jpg؛ مصوّرات/المجلدات-٢-١١/H2/299_abudawud4857-4859_v4p264-265.jpg؛ مصوّرات/المجلدات-٢-١١/H2/299_albani_sahih-abudawud_4859_v3p193-194.jpg
م١٠-٠١٢	م١٠ ف٠٢	حديث	«مَنْ كَانَ يُؤْمِنُ بِاللهِ وَالْيَوْمِ الآخِرِ فَلْيَقُلْ خَيْرًا أَوْ لِيَصْمُتْ» (متفق عليه)	نص	البخاري؛ مسلم	البخاري؛ مسلم، الصحيحان	صحيح البخاري، الطبعة السلطانية (بولاق ١٣١١هـ) بترقيم محمد فؤاد عبد الباقي كما في طبعة دار طوق النجاة، ط١، بعناية محمد زهير بن ناصر الناصر (صفحة العنوان والمقدمة: اعتماد ترقيم عبد الباقي) ؛ صحيح مسلم، تحقيق محمد فؤاد عبد الباقي، مطبعة دار إحياء الكتب العربية، فيصل عيسى البابي الحلبي، القاهرة (لا سنة على صفحة العنوان)؛ ٥ أجزاء متسلسلة الترقيم		البخاري ٨؛ مسلم ١	البخاري ٨/١١؛ مسلم ١/٦٨	البخاري ٦٠١٨ (و٦٤٧٥)؛ مسلم ٤٧		على المطبوع: البخاري ٦٠١٨: «ومن كان يؤمن بالله واليوم الآخر فليقل خيرًا أو ليصمت». — «من كان يؤمن بالله واليوم الآخر فليقل خيرًا أو ليصمت، ومن كان يؤمن بالله واليوم الآخر فليكرم جاره …»		متحقّق — Verified	التوثيق	مطابقة الإنتاج، ٢٠٢٦/٠٩/٢٤		طوبق على مصوّرة المطبوع؛ المصوّرة: https://archive.org/details/03-54504 ; https://archive.org/details/saheeh_moslem_Abdulbaqy (file Saheeh_Moslem01; leaf = page − 1)؛ الشاهد: مصوّرات/ح٧.png؛ مصوّرات/ح٧-م.png؛ مصوّرات/المجلدات-٢-١١/HA1/HA77_muslim47_v1p68.jpg
م١٠-٠١٣	م١٠ ف٠٢	حديث	«إِنَّ طُولَ صَلَاةِ الرَّجُلِ، وَقِصَرَ خُطْبَتِهِ، مَئِنَّةٌ مِنْ فِقْهِهِ، فَأَطِيلُوا الصَّلَاةَ، وَاقْصُرُوا الْخُط	نص	مسلم	مسلم، الصحيح	صحيح مسلم، تحقيق محمد فؤاد عبد الباقي، مطبعة دار إحياء الكتب العربية، فيصل عيسى البابي الحلبي، القاهرة (لا سنة على صفحة العنوان)؛ ٥ أجزاء متسلسلة الترقيم		٢	٥٩٤ (see Vol. 1 verification)	٨٦٩		على المطبوع: «إِنَّ طُولَ صَلَاةِ الرَّجُلِ، وَقِصَرَ خُطْبَتِهِ، مَئِنَّةٌ مِنْ فِقْهِهِ. فَأَطِيلُوا الصَّلَاةَ وَاقْصُرُوا الْخُطْبَةَ. وَإِنَّ مِنَ الْبَيَانِ سِحْرًا»		متحقّق — Verified	التوثيق	مطابقة الإنتاج، ٢٠٢٦/٠٩/٢٤		طوبق على مصوّرة المطبوع؛ المصوّرة: https://archive.org/details/saheeh_moslem_Abdulbaqy (file Saheeh_Moslem01; leaf = page − 1)
م١٠-٠١٤	م١٠ ف٠٣	نقل عالم	نسبة «خير الأمور أوسطها» إلى النبي ﷺ خطأ…، فهذه عبارة مشهورة على الألسنة وليست حديثًا نبويًّا ثابتًا	نص	السخاوي	السخاوي، المقاصد الحسنة	ت. حسام الدين بن أمين حمدان (المجلد الثاني)، دار الميمنة ومكتبة الميمنة المدنية، الطبعة الأولى، ١٤٣٩هـ/٢٠١٧م		٢	٥٤٠–٥٤٢	٤٦٤	«بسندٍ مجهولٍ عن عليٍّ مرفوعاً»	على المطبوع: «٤٦٤ حديث: «خيرُ الأمورِ أوساطُها». ابنُ السَّمعانيِّ في «ذيلِ تاريخِ بغدادَ» بسندٍ مجهولٍ عن عليٍّ مرفوعاً به(١٠). وهو عندَ ابنِ جريرٍ في «التفسير» من قولِ مُطَرِّفِ بنِ عبدِالله ويزيدَ بنِ مُرَّةَ الجعفيِّ، وكذا أخرجهُ البيهقيُّ عن مُطَرِّفٍ. وللدَّيلميِّ بلا سندٍ عن ابنِ عباسٍ مرفوعاً: «خيرُ الأع		متحقّق — Verified	التوثيق	مطابقة الإنتاج، ٢٠٢٦/٠٩/٢٤		طوبق على مصوّرة المطبوع؛ المصوّرة: https://archive.org/details/maqhasana؛ الشاهد: مصوّرات/المجلدات-٢-١١/H3/233_maqasid2_540-542.jpg؛ مصوّرات/المجلدات-٢-١١/H3/maqasid2_title.jpg
م١٠-٠١٥	م١٠ ف٠٣	حديث	ما جرى في صلح الحديبية: حين تنازل النبي ﷺ عن ألفاظ كان أصحابه يعتزّون بها في نص الكتاب… — والحاشية: «اكتب باسمك اللهم»… 	نص	البخاري	البخاري، الجامع الصحيح	صحيح البخاري، الطبعة السلطانية (بولاق ١٣١١هـ) بترقيم محمد فؤاد عبد الباقي كما في طبعة دار طوق النجاة، ط١، بعناية محمد زهير بن ناصر الناصر (صفحة العنوان والمقدمة: اعتماد ترقيم عبد الباقي)		٣	١٩٣–١٩٥ (الألفاظ المنقولة في ١٩٥)	٢٧٣١، ٢٧٣٢		على المطبوع: [١٩٣] باب الشروط في الجهاد والمصالحة مع أهل الحرب وكتابة الشروط… [١٩٥] فقال المسلمون: والله لا نكتبها إلا بسم الله الرحمن الرحيم، فقال النبي ﷺ: اكتب باسمك اللهم… والله إني لرسول الله وإن كذبتموني، اكتب محمد بن عبد الله. قال الزهري: وذلك لقوله: لا يسألوني خطة يعظمون فيها حرمات الله إلا أعطيتهم إياها.		متحقّق — Verified	التوثيق	مطابقة الإنتاج، ٢٠٢٦/٠٩/٢٤		طوبق على مصوّرة المطبوع؛ المصوّرة: https://archive.org/details/03-54504 (03_54504.pdf, leaves 192–194)؛ الشاهد: مصوّرات/المجلدات-٢-١١/R2F/bukhari2731_v3p193.png؛ مصوّرات/المجلدات-٢-١١/R2F/bukhari2731_v3p195.png؛ مصوّرات/المجلدات-٢-١١/H1/bukhari_title.jpg
م١٠-٠١٦	م١٠ ف٠٣	نقل عالم	والحاشية: وفي إسناد الترمذي كثير بن عبد الله بن عمرو بن عوف المزني… وقال فيه ابن حجر: «ضعيف أفرط من نسبه إلى الكذب»: تقر	نص	ابن حجر	ابن حجر، تقريب التهذيب	تحقيق محمد عوامة، دار الرشيد، حلب، الطبعة الثالثة المنقّحة، ١٤١١هـ/١٩٩١م			٤٦٠	٥٦١٧	«ضعيف، أفرط من نسبه إلى الكذب»	على المطبوع: ٥٦١٧ — كثير بن عبد الله بن عمرو بن عوف المزني، المدني، ضعيف، أفرط من نسبه إلى الكذب، من السابعة. د ت ق. (الطبعة الثالثة المنقّحة ١٤١١هـ/١٩٩١م، ص٤٦٠)		متحقّق — Verified	التوثيق	مطابقة الإنتاج، ٢٠٢٦/٠٩/٢٤		طوبق على مصوّرة المطبوع: الطبعة الثالثة المنقّحة، ص٤٦٠، رقم ٥٦١٧، وصفحة عنوانها؛ والحاشية تحيل إليها.؛ المصوّرة: https://archive.org/details/alfirdwsiy2018_gmail_1957 (the 3rd printing; leaf 466)؛ الشاهد: مصوّرات/المجلدات-٢-١١/R2F/taqrib_p460_ed3.png؛ مصوّرات/المجلدات-٢-١١/R2F/taqrib_title_ed3.png
م١١-٠١٢	م١١ ف٠١	حديث	والحاشية: وأخرجه البخاري أيضًا في كتاب الإيمان، باب ما جاء أن الأعمال بالنية والحسبة ولكل امرئ ما نوى، بغير «إنما»	نص	البخاري	البخاري، الجامع الصحيح	صحيح البخاري، الطبعة السلطانية (بولاق ١٣١١هـ) بترقيم محمد فؤاد عبد الباقي كما في طبعة دار طوق النجاة، ط١، بعناية محمد زهير بن ناصر الناصر (صفحة العنوان والمقدمة: اعتماد ترقيم عبد الباقي)		١	٢٠	٥٤		على المطبوع: باب ما جاء أن الأعمال بالنية والحسبة ولكل امرئ ما نوى… ٥٤ — … عن عمر أن رسول الله ﷺ قال: «الأعمال بالنية، ولكل امرئ ما نوى…»		متحقّق — Verified	التوثيق	مطابقة الإنتاج، ٢٠٢٦/٠٩/٢٤		طوبق على مصوّرة المطبوع؛ المصوّرة: https://archive.org/details/03-54504 (01_54495.pdf, leaf 19)؛ الشاهد: مصوّرات/المجلدات-٢-١١/R2F/bukhari54_v1p20.png؛ مصوّرات/المجلدات-٢-١١/H1/bukhari_title.jpg
م١١-٠١٣	م١١ ف٠١	أثر موقوف	«لكل مقام مقال»: مرويّة من كلام أبي الطفيل عامر بن واثلة، موقوفةً عليه — والحاشية: عن قتادة قال: «سألتُ أبا الطفيل … فقا	نص	أبو الطفيل عامر بن واثلة؛ البخاري؛ السخاوي	أبو الطفيل عامر بن واثلة؛ البخاري؛ السخاوي، التاريخ الكبير؛ المقاصد الحسنة	التاريخ الكبير، دائرة المعارف العثمانية، حيدر آباد الدكن ؛ المقاصد الحسنة، ت. عبد المولى عبد السلام سالم الهاشمي، المدينة المنورة، ١٤٣٨هـ		التاريخ ج٢ ق١؛ المقاصد ٤	التاريخ ٥٩؛ المقاصد ٢١٣	التاريخ ٢١٥ (رقم الترجمة)؛ المقاصد ٨٨٠	«والأثر صحيح ثابت عن أبي الطفيل» (محقّق المقاصد)	على المطبوع: التاريخ الكبير: «سألت أبا الطفيل عن مسلمة (كذا في المطبوع) فقال: لكل مقام مقال»؛ والمقاصد ٤/٢١٣ (٨٨٠) مع تنبيه المحقق		متحقّق — Verified	التوثيق	مطابقة الإنتاج، ٢٠٢٦/٠٩/٢٤		طوبق على مصوّرة المطبوع؛ المصوّرة: https://archive.org/details/8_20210217 ; https://archive.org/details/maqhasana؛ الشاهد: مصوّرات/ع٧٥.png؛ مصوّرات/ع٧٦.png
م١١-٠١٤	م١١ ف٠١	نقل عالم	«خير الأمور أوسطها»: رُويت مرفوعةً بسندٍ مجهول — والحاشية: المقاصد الحسنة ٢/٥٤٠–٥٤٢ (رقم ٤٦٤)	نص	السخاوي	السخاوي، المقاصد الحسنة	ت. حسام الدين بن أمين حمدان (المجلد الثاني)، دار الميمنة ومكتبة الميمنة المدنية، الطبعة الأولى، ١٤٣٩هـ/٢٠١٧م		٢	٥٤٠–٥٤٢	٤٦٤	«بسندٍ مجهولٍ عن عليٍّ مرفوعاً»	على المطبوع: «٤٦٤ حديث: «خيرُ الأمورِ أوساطُها». ابنُ السَّمعانيِّ في «ذيلِ تاريخِ بغدادَ» بسندٍ مجهولٍ عن عليٍّ مرفوعاً به(١٠). وهو عندَ ابنِ جريرٍ في «التفسير» من قولِ مُطَرِّفِ بنِ عبدِالله ويزيدَ بنِ مُرَّةَ الجعفيِّ، وكذا أخرجهُ البيهقيُّ عن مُطَرِّفٍ. وللدَّيلميِّ بلا سندٍ عن ابنِ عباسٍ مرفوعاً: «خيرُ الأع		متحقّق — Verified	التوثيق	مطابقة الإنتاج، ٢٠٢٦/٠٩/٢٤		طوبق على مصوّرة المطبوع؛ المصوّرة: https://archive.org/details/maqhasana؛ الشاهد: مصوّرات/المجلدات-٢-١١/H3/233_maqasid2_540-542.jpg؛ مصوّرات/المجلدات-٢-١١/H3/maqasid2_title.jpg
م١١-٠١٥	م١١ ف٠١	حديث	✔ «رَوى مسلمٌ عن النبي ﷺ: "الطُّهُورُ شَطْرُ الْإِيمَانِ".»	نص	مسلم	مسلم، الصحيح	صحيح مسلم، وقف على طبعه وتحقيق نصوصه وتصحيحه وترقيمه محمد فؤاد عبد الباقي، مطبعة دار إحياء الكتب العربية (فيصل عيسى البابي الحلبي)، القاهرة، ٥ أجزاء متسلسلة الصفحات (لا سنة على صفحة العنوان)		١	٢٠٣	٢٢٣		على المطبوع: قال رسول الله ﷺ «الطُّهورُ شَطْرُ الإيمانِ. والحمدُ لله تملأُ الميزانَ ...»		متحقّق — Verified	التوثيق	مطابقة الإنتاج، ٢٠٢٦/٠٩/٢٤		طوبق على مصوّرة المطبوع؛ المصوّرة: https://archive.org/details/saheeh_moslem_Abdulbaqy؛ الشاهد: مصوّرات/المجلدات-٢-١١/HA2/HA98-HA110_muslim223_v1p203.jpg
م١١-٠١٦	م١١ ف٠١	حديث	وقد رواه النسائي وأحمد من حديث أبي هريرة بلفظ «سلم الناس»	نص	النسائي؛ أحمد بن حنبل	النسائي؛ أحمد بن حنبل	طبعتا مؤسسة الرسالة (كما ذكر الفريق، على الشاملة)								توثيقٌ ناقص — Citation incomplete	التوثيق	مطابقة الإنتاج، ٢٠٢٦/٠٩/٢٤		رُئي على نسخةٍ رقمية (الشاملة) وحدها، والمتن بلا رقمٍ ولا صفحة؛ وتبقى مطابقته على المطبوع
م١١-٠١٧	م١١ ف٠٧	نقل عالم	عُنيت كتب آداب طلب العلم بأدب السؤال والتنبيه على خطأ الشيخ، ومنها كتاب ابن جماعة «تذكرة السامع والمتكلم» في كلامه على أ	نص	ابن جماعة	ابن جماعة، تذكرة السامع والمتكلم في أدب العالم والمتعلم	بدر الدين ابن جماعة، تذكرة السامع والمتكلم في أدب العالم والمتعلم، ط. دائرة المعارف العثمانية، حيدر آباد الدكن، ١٣٥٣هـ (عني بنشره السيد محمد هاشم الندوي؛ مقدمة الناشر مؤرخة ٨ جمادى الآخرة ١٣٥٤هـ؛ لا محقق على صفحة العنوان)			١٢٤–١٢٥، ١٥٦–١٥٧، ١٦١			على المطبوع: وإذا رد الشيخ عليه لفظة وظن أن رده خلاف الصواب أو علمه كرر اللفظة مع ما قبلها لينتبه لها الشيخ أو يأتي بلفظ الصواب على سبيل الاستفهام فربما وقع ذلك سهوا أو سبق لسان لغفلة ولا يقل بل هي كذا بل يتلطف في تنبيه الشيخ لها فإن لم ينتبه قال فهل يجوز [١٢٥] فيها كذا فإن رجع الشيخ إلى الصواب فلا كلام وإلا ترك		متحقّق — Verified	التوثيق	مطابقة الإنتاج، ٢٠٢٦/٠٩/٢٤		طوبق على مصوّرة المطبوع؛ طوبق المعنى، والمتن يحكيه بتصرّف؛ المصوّرة: https://archive.org/details/AAlexandrina-163831؛ الشاهد: مصوّرات/المجلدات-٢-١١/D2/232_tadh124.jpg؛ مصوّرات/المجلدات-٢-١١/D2/232_tadh125.jpg؛ مصوّرات/المجلدات-٢-١١/D2/232_tadh112.jpg
م١١-٠١٨	م١١ ملحق	حديث	«إن لله ما أخذ، وله ما أعطى، وكلٌّ عنده بأجل مسمى» (متفق عليه)	نص	البخاري	البخاري، الجامع الصحيح	صحيح البخاري، الطبعة السلطانية (المطبعة الأميرية ببولاق ١٣١١–١٣١٣هـ) في مصوّرة دار طوق النجاة بعناية محمد زهير بن ناصر الناصر (من صفحة العنوان ومقدمة الناشر)، بترقيم محمد فؤاد عبد الباقي في الهامش		٢	٧٩	١٢٨٤ (وأطرافه في الهامش: ٥٦٥٥، ٦٦٠٢، ٦٦٥٥، ٧٣٧٧، ٧٤٤٨)		على المطبوع: البخاري (١٢٨٤): أرسلت ابنة النبي ﷺ إليه: إنّ ابنًا لي قُبض فأْتِنا، فأرسل يُقرئ السلام ويقول: «إنّ لله ما أخذ، وله ما أعطى، وكلٌّ عنده بأجلٍ مسمًّى، فلتصبرْ ولتحتسبْ». | مسلم (٩٢٣): «ارجع إليها فأخبرها: أنّ لله ما أخذ وله ما أعطى، وكلُّ شيءٍ عنده بأجلٍ مسمًّى، فمُرْها فلتصبرْ ولتحتسبْ».		متحقّق — Verified	التوثيق	مطابقة الإنتاج، ٢٠٢٦/٠٩/٢٤		طوبق على مصوّرة المطبوع؛ المصوّرة: https://archive.org/details/03-54504 (file 02_54496.pdf)؛ الشاهد: مصوّرات/المجلدات-٢-١١/HA1/HA109_bukhari1284_v2p79.jpg؛ مصوّرات/المجلدات-٢-١١/HA1/HA109_muslim923_v2p635-636.jpg
م١-١٤٨	ملحق التحقيق	نقل عالم	وأعلمُ ما في اليوم والأمس قبله… / تمّت قصيدة زهير بغريبها، وهي تسعة وخمسون بيتًا	نص	أبو بكر ابن الأنباري	شرح القصائد السبع الطوال الجاهليات	ذخائر العرب ٣٥، دار المعارف، القاهرة، ط٥ (بلا سنة على صفحة العنوان)	عبد السلام محمد هارون		٢٨٩–٢٩٠			على المطبوع: شرح القصائد السبع الطوال الجاهليات، ت. عبد السلام محمد هارون، دار المعارف، ط٥، ص٢٨٩–٢٩٠ (المصوّرة: https://archive.org/details/3855pdf_202001/page/n307)		متحقّق — Verified	التوثيق	مطابقة الإنتاج، ٢٠٢٦/٠٩/٢٤		طوبق على مصوّرة المطبوع: الصفحة بالعين في رأس الصفحة، والنص البيت ٥٩ «وأعلمُ ما فى اليوم والأمسِ قبلَه…» في ص٢٨٩، وفي ص٢٩٠ (n308): «تمت قصيدة زهير بغريبها وهى تسعة وخمسون بيتا»؛ البيت ٥٩ آخر القصيدة (ص٢٨٩)، وخاتمة الشارح في ص٢٩٠؛ وكانت الحاشية ص٢٨٥–٢٨٦ (رقمٌ للنسخة الرقمية) فصُحّحت
م١-١٤٩	ف٥	نقل عالم	من الغريب الواقع	نص	ابن خلدون	المقدمة، الفصل الثالث والأربعون	دار الفكر، بيروت		١	٧٤٧			على المطبوع: تاريخ ابن خلدون، دار الفكر، بيروت، ١٤٠١هـ/١٩٨١م، ص٧٤٧ (المصوّرة: https://archive.org/details/01-17270/page/n746)		متحقّق — Verified	التوثيق	مطابقة الإنتاج، ٢٠٢٦/٠٩/٢٤		طوبق على مصوّرة المطبوع: الصفحة بالعين في تذييل الصفحة، والنص «من الغريب الواقع أن حملة العلم في الملة الإسلامية أكثرهم العجم»؛ أول الفصل، قبل «أن حملة العلم…» (الصف ع٣٦)
م١-١٥٠	ف٥	نقل عالم	المراد بالعجم هنالك عجم النسب… وأما عجمة اللغة فليست من ذلك	نص	ابن خلدون	المقدمة، الفصل الرابع والأربعون	دار الفكر، بيروت		١	٧٥٢			على المطبوع: تاريخ ابن خلدون، دار الفكر، بيروت، ١٤٠١هـ/١٩٨١م، ص٧٥٢ (المصوّرة: https://archive.org/details/01-17270/page/n751)		متحقّق — Verified	التوثيق	مطابقة الإنتاج، ٢٠٢٦/٠٩/٢٤		طوبق على مصوّرة المطبوع: الصفحة بالعين في تذييل الصفحة، والنص «لأنّ المراد بالعجم هنالك عجم النسب… وأمّا عجمة اللغة فليست من ذلك»؛ والمتن «عجمة اللغة فليست من ذلك» بلا «وأما»
م١-١٥١	ف٦	نقل عالم	ويُقال بإشارة عليٍّ رضي الله عنه	نص في حاشية	ابن خلدون	المقدمة، الفصل الخامس والأربعون	دار الفكر، بيروت		١	٧٥٤			على المطبوع: تاريخ ابن خلدون، دار الفكر، بيروت، ١٤٠١هـ/١٩٨١م، ص٧٥٤ (المصوّرة: https://archive.org/details/01-17270/page/n753)		متحقّق — Verified	التوثيق	مطابقة الإنتاج، ٢٠٢٦/٠٩/٢٤		طوبق على مصوّرة المطبوع: الصفحة بالعين في تذييل الصفحة، والنص «وأول من كتب فيها أبو الأسود الدؤلي من بني كنانة، ويقال بإشارة علي رضي الله عنه»؛ في أول من كتب في النحو (أبو الأسود الدؤلي)
م١-١٥٢	ف١١	نقل عالم	أمّا فصاحة المفرد فهي خلوصه من تنافر الحروف والغرابة ومخالفة القياس اللغوي	نص في حاشية	الخطيب القزويني	الإيضاح في علوم البلاغة	المكتبة الأزهرية للتراث، ط٣، ١٤١٣هـ/١٩٩٣م	محمد عبد المنعم خفاجي	١	٢١			على المطبوع: الإيضاح للقزويني، شرح وتعليق محمد عبد المنعم خفاجي، المكتبة الأزهرية للتراث، ط٣، ١٤١٣هـ/١٩٩٣م، ج١، ص٢١ (المصوّرة: https://archive.org/details/0862pdf1/page/n22)		متحقّق — Verified	التوثيق	مطابقة الإنتاج، ٢٠٢٦/٠٩/٢٤		طوبق على مصوّرة المطبوع: الصفحة بالعين أسفل الصفحة، والنص «أما فصاحة المفرد فهي خلوصه من تنافر الحروف والغرابة ومخالفة القياس اللغوي»؛ لفظ الإيضاح لا التلخيص (الصف ع٥٦ للتلخيص)
م١-١٥٣	ملحق التحقيق	خبر	تمثّل الأحنف بن قيس بالبيت الأول («وكائنْ ترى من صامتٍ لكَ مُعجِبٍ…»)	إحالة	الدينوري	المجالسة وجواهر العلم، الخبر ٥٣١	جمعية التربية الإسلامية (البحرين) ودار ابن حزم (بيروت)، ط١، ١٤١٩هـ/١٩٩٨م	مشهور بن حسن آل سلمان	٢	٣٦٥–٣٦٦					توثيقٌ ناقص — Citation incomplete	التوثيق	مطابقة الإنتاج، ٢٠٢٦/٠٩/٢٤		طوبق على نسخةٍ رقمية موافقةٍ للمطبوع؛ بقيت مطابقة اللفظ والصفحة على مصوّرة الطبعة المعتمدة؛ والحالة بعدها: متحقّق؛ رُئي في نسخة الشاملة ٩٩٤٨ الموافقة للمطبوع (الدفعتان V1، R2A)
