المعرّف	الملف	السطر	المسألة	القرار	البيان
1-trainer-plans				صُحّح	Scripted scan of all 86 trainer time tables (every «الزمن المقترح» table in vols 1-10; vol 11 has none): 81 summed correctly. Fixed V5 ف03-ج S1 (70→90, added «المرآة» on lesson-1 tongues, 20 min), ف04-ج S1 (70→90, «المرآة» on father/mother tongues, 20 min) and S2 (85→90, «جلسة العائلة», named in the trainer note, added to the situation-bank row 20→25), ف05-ج S1 (80→90, «محكمة الأدب», named in the trainer note, 10 min).
1-trainer-plans-V10-13-02ج				صُحّح	Simulation-day table (phases, not sessions) totals 160 min while the text said «نحو ثلاث ساعات»; changed to «نحو ساعتين وأربعين دقيقة». V10 13/ف03-ج (90 prep + 60 per trainee) matches its stated lengths and is OK.
2-khayr-al-umur				صُحّح	V1 ف01-ج:200 and V11 ف01-ب:172 are exercises asking the learner to verify (no verdict): no change. V6 ف06-ج already carries the al-Sakhawi note. V10 ف03-ج note cited an unledgered edition (al-Khisht 1985, p.332 no.455): replaced with the V4 wording of the verified ledger row م٦-٠٢٦ (Dar al-Maymana 2/540–542 no.464). V11 ف01-ب:44 judged both sayings non-prophetic but sourced only «لكل مقام مقال»: added «والثانية رُويت مرفوعةً بسندٍ مجهول» with the V4-worded note; renumbered (notes 4-8 → 5-9).
3-tadmin				صُحّح	The chapter does teach citing others' poetry/proverbs (ف10-ب lessons 3-4), so the title is kept and one author's-voice sentence defining التضمين (and, by contrast, الاقتباس) was added at the opening of «الدرس الثالث: الاستشهاد بالشعر»; no attribution to anyone.
F001	المجلد-الثامن/الباب-الثامن/ف01-ب-الكلام-في-المجلس.md	455	The footnote gives a volume and page (٣/١٩٤) but names no edition. The volume's bibliography names a different edition from the one where the page was seen, so a reader who follows the bibliography will not find the grading at 3/194.	صُحّح	The footnote's 3/194 is correct for the edition actually seen (scan H2/299 + title page: Maktabat al-Ma'arif, Riyadh, 1419/1998, 3 vols); the mismatch was fixed in the thabat entry (see F008), footnote unchanged.
F002	pdf/ledger.py	306	For volumes 2–11 the ledger's النص is taken from the pre-correction manuscript text (JSON 'text'), and النص المقارن is left empty. The printed wording ('printed') is never carried over. As a result, rows for this chunk marked «متحقّق» contain wordings the verifier rejected, and the book's corrected text matches none of them. Anyone checking the book against the ledger, or restoring text from it, would reintroduce the errors.	صُحّح	pdf/ledger.py series_rows() now takes النص from the record's new «book» field (the book's present wording, filled for 106 records in نقول-المجلدات-٢-١١.json) and moves the pre-correction wording into the notes («كان في المتن قبل التصحيح: …»). النص المقارن keeps the printed wording; ledger regenerated (423 rows, IDs unchanged).
F003	_production/التحقيق/نقول-المجلدات-٢-١١.json	6001	Mujāhid's saying, a Successor's statement (مقطوع), is classed «حديث», and that label passes into ledger row م٨-٠١٠. The same happens to H1-302 (م٨-٠١١, the ʿUmar/Ibn ʿAbbās report), which the book itself calls «هذا الأثر». The JSON uses only three kinds (حديث / مرجع حديث / نقل عالم), so the hadith-versus-athar distinction the standard requires is lost for volumes 2–11. The main ledger does have the types «أثر موقوف» and «أثر مرفوع حكمًا».	صُحّح	Eight records reclassified «حديث» → «أثر موقوف» (the ledger's existing kind): H1-295 Mujāhid (maqṭūʿ, noted as such), H1-302 ʿUmar/Ibn ʿAbbās, HA16 and H1-190 ʿAlī, HA17, H1-191 and HA70 Ibn Masʿūd, H3-220 the Companions' ʿĪd greeting; ledger rows م٨-٠١٠, م٨-٠١١, م٥-٠٠١ etc. now show it.
F004	المجلد-الثامن/الباب-الثامن/ف01-د-التطبيق-الختامي-والتقويم.md	123	This is a factual phonetic error. «اسْأَلْ» has no ḥāʾ; the letters next to each other are the sīn and the hamza. The pronunciation note sends the learner to a sound that is not in the word.	كان قد صُحّح	Line 123 now reads «والسين والهمزة المتجاورتين في «اسْأَلْ»».
F005	المجلد-الثامن/الباب-الثامن/ف01-د-التطبيق-الختامي-والتقويم.md	123	The cross-reference points the wrong way. Bab 2 (اللسان, volume 2) comes before Bab 8 (volume 8), so «سيأتي» (will come later) misstates the order of the series.	كان قد صُحّح	Line 123 now reads «وقد سبق تفصيل الأصوات الحرجة في الباب الثاني (المجلد الثاني)».
F006	المجلد-الثامن/الباب-الثامن/ف02-ب-التصحيح-والمطالب-وحوار-ممتد.md	165	The sentence is ungrammatical and has no clear meaning. اكتمل is intransitive, so it cannot take the object pronoun (تكتملها), and the clause does not hold together. The intended point, judging from س٤ to س٥, is that Khadija proposed a radical change (abolishing the conversation classes) before she had heard why the current system exists.	صُحّح	Ungrammatical «لم تكتملها» clause rewritten from س٤–س٥: «أعطت إجابة قاطعة (إلغاء حصص المحادثة الحالية) قبل أن تسمع سبب النظام القائم».
F007	المجلد-الثامن/الباب-الثامن/ف05-ج-التطبيق-والتقويم.md	187	The voice drill recites Usama's hadith in exactly the mixed wording that verification rejected: Muslim's «وكل شيء عنده» joined to Bukhari's «فلتصبر ولتحتسب» without «فمرها». The chapter's own «من التراث» section (ف05-أ line 55) was already corrected to Bukhari's wording («وكلٌّ عنده … فلتصبر ولتحتسب»), and the drill now contradicts it. The dialogue at line 67 stops at «مسمًّى» and so follows Muslim's clause; it can stand as it is.	كان قد صُحّح	Voice drill (ف05-ج 187) already reads Bukhari's «وَكُلٌّ عِنْدَهُ … فَلْتَصْبِرْ وَلْتَحْتَسِبْ», matching ف05-أ and ledger م٨-٠١٨.
F008	المجلد-الثامن/الخواتيم/ثبت-المصادر.md	10	The bibliography gives the wrong edition for al-Albani. Volume 8's footnotes cite his grading by volume and page (ف03-أ [^1] «٣/١٨٩»; also ف01-ب [^3] «٣/١٩٤»). That page was checked on the three-volume Maktabat al-Ma'arif edition, not on the eight-volume Ghiras edition listed here, so a reader who follows the entry will not find 3/189. The Ghiras data is an unconfirmed candidate taken from a Shamela catalogue card. The degree «إحالةٌ عامّة» is also wrong: the grading is quoted verbatim and was m	صُحّح	Thabat entry for al-Albani changed to the edition seen on the title-page scan (مكتبة المعارف، الرياض، الأولى للطبعة الجديدة، ١٤١٩هـ/١٩٩٨م، ٣ مجلدات) with degree «طوبق على المطبوع» (pages 3/189 and 3/193–194 seen). thabat.md is generated: the base row مص-٠٥٧ (or an EDITION override in pdf/thabat.py) must be changed too or a regeneration will revert this; vols 6 and 11 carry the same wrong edition.
F009	المجلد-الثامن/الباب-الثامن/ف02-ج-التطبيق-الختامي-والتقويم.md	156	The quiz asks learners to ground the rule «a question, not a direct denial, when objecting to a senior» in the Ibn Abbas report. In that report, as the chapter itself gives it, Ibn Abbas answered Umar with a direct «لا». The chapter draws only two lessons from it: he waited until asked, and then answered precisely even against the others (ف02-أ line 57). The question therefore credits the transmitted report with a teaching it does not contain, and in fact contradicts. The interrogative-form rule	صُحّح	Quiz Q3 no longer grounds the question-not-denial rule in the Ibn Abbas athar (where he answers «لا»); it now points to the graded model where Dr Yusuf objects to Dr Salih (ف02-أ, الموقف الثاني).
F010	المجلد-الثامن/الباب-الثامن/ف05-ج-التطبيق-والتقويم.md	159	The tone drill repeats the same composite wording of the ruqya as ف05-ب line 44, which is not the text of either verified narration. It should follow whatever wording is fixed at ف05-ب line 44.	كان قد صُحّح	Tone drill line 159 now matches ف05-ب line 44 («أذهب الباس رب الناس، اشفِ وأنت الشافي»). The ledger point in why_referred (م٨-٠٠٨ page) is a production-record task in verify.py/ledger.py, outside this batch.
F011	المجلد-الثامن/الخواتيم/ثبت-المصادر.md	23	Several sources carry the degree «إحالةٌ عامّة», which the page itself defines as «لما أُحيل إليه بلا نقلٍ منصوص، أو حُكي معناه». Yet this volume quotes them verbatim, and each quotation was matched on a printed scan. Affected: Hilya (ف04-أ [^1] quotes 9/118), al-Nawawi's al-Majmu' (line 24; the body quote is al-Majmu' 1/54's text) and Sacaklizade (line 17; «إن كنتَ ناقلًا فالصحة، أو مدّعيًا فالدليل», ledger م٨-٠٠٢, «متحقّق» on the print). The cause is in the generator: thabat.degree() looks onl	صُحّح	Degrees for Hilya (9/118) and al-Majmu' (1/54) set to «طوبق على المطبوع» after viewing scans D2/227 and D2/308 (and Hilya title page). Sacaklizade kept as «إحالةٌ عامّة» because the book's own note says the maxim was not found verbatim. Generator thabat.degree() must be fed matching ledger rows or regeneration reverts.
F012	المجلد-الثامن/الباب-الثامن/ف02-ج-التطبيق-الختامي-والتقويم.md	85	Within one three-item list of duration labels, item 2 is in the accusative («ثلاثين ثانية», line 84) and item 3 in the nominative («عشرون ثانية»). The same syntactic slot takes two different case endings.	صُحّح	«عشرون ثانية» -> «عشرين ثانية» to match «ثلاثين ثانية» in the same list (the accusative is the series' dominant form).
F013	المجلد-الثامن/الباب-الثامن/ف02-ج-التطبيق-الختامي-والتقويم.md	108	Latin double quotation marks are used for a first-level quotation in the author's Arabic text. The table under the same text quotes these words as «لَعَلَّ» و«أَنْتَ» (line 115).	صُحّح	Latin quotes in the voice text replaced by «لَعَلَّ» … «أَنْتَ», as in the table below.
F014	المجلد-الثامن/الباب-الثامن/ف03-أ-المدخل-وحوار-اللقاء-الأول.md	46	The extended dialogue is introduced as the same scene in full («الموقف نفسه في مدخل الفصل، وهذه صورته كاملة حوارًا», line 78). Yet there the line «لكل مكان تجربته … خذ وقتك في التعرف علينا أولًا» is said by the director (س١١, line 100), and the analysis depends on that («فاضطر المدير إلى تصريح مباشر في س١١», line 116). The opening scene gives the same line to Professor Ibrahim.	صُحّح	Opening scene now gives «لكل مكان تجربته…» to the director, as the 'same scene' replay (س١١) and its analysis do.
F015	المجلد-الثامن/الباب-الثامن/ف04-ج-التطبيق-والتقويم.md	107	The author's table text uses Latin double quotation marks for a first-level quote.	كان قد صُحّح	Table row 8 already uses «قبول مع تعديلات جوهرية».
F016	المجلد-الثامن/الباب-الثامن/ف04-ج-التطبيق-والتقويم.md	107	«رغم» is followed directly by the adverb «دون», with no noun or clause. The construction is ungrammatical and unclear; the intended meaning is 'even though the result fell short of expectation'.	كان قد صُحّح	Row 8 now reads «الشكر مع أن النتيجة دون المتوقع».
F017	المجلد-الثامن/الباب-الثامن/ف05-ب-عيادة-المريض-والزيارة.md	20	«زيارة مرضية» means a 'sick' or 'pathological' visit, not a visit to a sick person, which the text calls «عيادة المريض» throughout. «جلستها» also makes the intransitive verb جلس take a direct object.	صُحّح	«مرضية» had already become «لمريض»; the remaining «جلستها» (intransitive verb with object) changed to «جلست فيها».
F018	المجلد-الثامن/الخواتيم/ثبت-المصادر.md	12	The title is printed twice in a row: the short title «الجامع (سنن الترمذي)» and then the title-page title «الجامع الصحيح وهو سنن الترمذي». The redundant string comes from joining the short-title and edition columns of قاعدة-المصادر.tsv (row مص-٠٣٧) in pdf/thabat.py.	صُحّح	Duplicated title removed from the Tirmidhi thabat entry; parts 3 (Fuad Abd al-Baqi, 2nd ed. 1388/1968) and 5 (Ibrahim Atwa Awad, 2nd ed. 1395/1975), which the volume cites (1091, 1105, 3433), added from verified ledger rows م٨-٠١٢/م٨-٠١٤. Base row مص-٠٣٧ / thabat.py needs the same change.
F019	المجلد-الثامن/الخواتيم/ثبت-المصادر.md	10	Dates in the same list use two formats: «١٤٢٣ هـ - ٢٠٠٢ م» here and in line 20 (spaced, with a Latin hyphen), against «١٣٥٧هـ / ١٩٣٨م» in lines 18, 19 and 23. Place names also use a Latin hyphen («صيدا - بيروت», «دار ابن الجوزي - السعودية»). The source is قاعدة-المصادر.tsv.	صُحّح	Dates were already normalised by the regenerated thabat; the remaining Latin hyphens fixed (صيدا – بيروت; دار ابن الجوزي، السعودية).
F020				صُحّح	thabat.py tidy() already normalised «هـ - م» but the files were stale and EDITION/OUTSIDE entries bypassed tidy; tidy now applies to all entries, also accepts «مـ» and spaces «،١٤١٠». All thabats regenerated (vols 1–10 and the series list); no «هـ - … م» form remains.
F021	المجلد-التاسع/الباب-العاشر/ف04-أ-المدير-وموظفوه.md	375	This takhrij names the chapter (باب) but not the book (كتاب). Every other hadith note in this chunk names the book: ف03-ب [^2] «في كتاب الاستئذان», [^3] «في كتاب الأدب… في كتاب الدعوات», and ف04-ب [^1] «في كتاب الإيمان». The book name is already verified, so this is a safe consistency fix.	صُحّح	Added the book name (كتاب الأذان) to the Bukhari 750 takhrij for consistency with the volume's other notes; verified on Shamela's Sultaniyya edition (1/150, within كتاب الأذان).
F022	المجلد-التاسع/الباب-العاشر/ف03-ب-إدارة-الاجتماع.md	375	The note prints al-Tirmidhi's number, chapter and his own grading, quoted word for word. The quotation ledger row covering this hadith, م٩-٠٠٢, records only Abu Dawud 4859 (vol. 4 p. 265). Its درجة الحديث column says «لا تعليق لأبي داود عقب الحديث في المطبوع». So the Tirmidhi citation (vol. 5 p. 494, no. 3433) and the grading quoted in the book are not in the ledger's columns. The text itself is correct: the Shakir print scan reads exactly «هذا حديث حسن غريب صحيح من هذا الوجه» under كتاب الدعوات	رُدّ (ليس خطأً أو هو قرارٌ مقصود)	The Tirmidhi citation and grading are correct as printed (per the referral's own scan check); the gap is a missing ledger row in _production, not a text defect, and the ledger is outside this batch's files.
F023	المجلد-التاسع/الباب-العاشر/ف03-ج-إدارة-الاجتماع.md	374	The pronunciation note says «حفصة» contains a ضاد, but the name is spelled ح ف ص ة and has a صاد. The learner is told to watch for the wrong phoneme in a pronunciation drill.	كان قد صُحّح	Line 374 now reads «والضاد في «تعرضه» و«تفضّلي»»; «حفصة» is no longer listed under the ḍād.
F024	المجلد-التاسع/الباب-العاشر/ف02-ب-المقابلة-الأكاديمية.md	232	This is production language in the book text. «التي يشترطها المشروع في ④» points the reader to the project's authoring specification for model ④, not to anything the reader has been taught.	كان قد صُحّح	The production phrase «التي يشترطها المشروع في ④» is gone; line 232 now reads «التي تميّز المتكلم الرفيع».
F025	المجلد-التاسع/الباب-العاشر/ف01-أ-بناء-الجواب.md	24	This is production language in the book text. It cites the commission or brief the book was written under («التكليف الذي كُتب به هذا الكتاب») as the authority for the chapter's aim. The reader has no access to that brief, and the rules keep it out of the book text.	كان قد صُحّح	The reference to «التكليف الذي كُتب به هذا الكتاب» has been removed; the paragraph now states the chapter's aim in the author's voice.
F026	المجلد-التاسع/الباب-العاشر/ف01-أ-بناء-الجواب.md	120	The ledger row no longer matches the book. Row م٩-٠٠١ still holds the old wording («وقد ذكر بعض المفسرين… أن يذكر ما فيه من علم وكفاية… وقصد به النفع لا الفخر»), and its notes say «طوبق المعنى، والمتن يحكيه بتصرّف». The book now names القرطبي and puts two verbatim fragments in guillemets. Both fragments are correct against the scanned print: «من العلم والكفاية» on 9/216, and al-Mawardi's «لما فيه من تزكية ومراءاة» on 9/217, which footnote 1 credits to him. The book text needs no change. The ledg	رُدّ (ليس خطأً أو هو قرارٌ مقصود)	The book text (Qurtubi 9/216 and al-Mawardi 9/217 fragments) is correct and footnoted; only ledger row م٩-٠٠١ needs its النص field updated, which is a _production task outside this batch.
F027	المجلد-التاسع/الباب-العاشر/ف02-ب-المقابلة-الأكاديمية.md	22	The author's analogy from the word «طريقًا» in the hadith is turned into a cause («ولهذا»). The sentence also asserts, with no support, that this is «the first» thing admission committees ask. The hadith does not explain what committees do. What the paragraph actually offers is a reflection by the author, and the wording should present it as one.	صُحّح	Recast the causal «ولهذا كان أول ما تسأل عنه لجنة القبول» as the author's practical inference («ومن هنا كان أولى ما يستعدّ له المتقدم…»), removing the unsupported empirical claim.
F028	المجلد-التاسع/الباب-العاشر/ف02-ب-المقابلة-الأكاديمية.md	169	This contradicts Chapter 1 of the same bab. There, «أنا شغوف بـ…» is listed as a literal translation that «تُسمع مترجمة» and should be replaced (ف01-أ line 241), and «شغوف» is marked «ترجمة» (ف01-أ lines 398 and 501; ف01-ب line 581). Here «شغف» is offered as the exact Arabic equivalent to use instead of «passion».	كان قد صُحّح	The sentence offering «شغف» as the exact equivalent of «passion» is gone; line 169 no longer recommends it, so no contradiction with ف01-أ remains.
F029	المجلد-التاسع/الباب-العاشر/ف01-ب-الأسئلة-والمحاكاة.md	187	Gender agreement error in the author's own prose. The subject of the whole clause is «اللجنة» (feminine): «يُربك اللجنة: فإما أن تأخذه … وإما ألا تصدقه». The middle verb has the same subject but is masculine: «فيعطيه».	صُحّح	«فيعطيه» → «فتعطيه» to agree with the feminine subject «اللجنة».
F030	المجلد-التاسع/الخواتيم/ثبت-المصادر.md	10	صحيح البخاري غائب عن ثبت المصادر، مع أن حواشي المجلد التاسع تحيل إليه مرتين. الثبت يعرّف نفسه بأنه «ما أُحيل إليه في حواشي هذا المجلد»، وthabat.py يَعِد بألّا يسقط منه كتابٌ تحيل إليه الحواشي. سبب الغياب أن حقل «المجلدات» في سجلّ البخاري بقاعدة المصادر لا يذكر المجلد التاسع.	صُحّح	Added صحيح البخاري (series-standard Sultaniyya entry, print-verified per م٩-٠٠٤) to the Volume 9 thabat. Hand edit to a generated file: the المجلدات field for Bukhari in قاعدة-المصادر must also list المجلد التاسع before thabat.py 9 is rerun.
F031	المجلد-التاسع/الخواتيم/ثبت-المصادر.md	12	صحيح مسلم غائب عن ثبت المصادر، مع أن حواشي المجلد التاسع تحيل إليه مرتين. السبب هو السبب نفسه في حال البخاري: سجلّ مسلم في قاعدة المصادر لا يذكر المجلد التاسع.	صُحّح	Added صحيح مسلم (series-standard ʿAbd al-Bāqī entry, print-verified per م٩-٠٠٣) to the Volume 9 thabat; same generator caveat (قاعدة-المصادر المجلدات field for Muslim).
F032	المجلد-التاسع/الخواتيم/ثبت-المصادر.md	10	مدخل الترمذي يصف الجزء الرابع في طبعته الأولى، ولا يحيل المجلد التاسع إلى شيء منه. الحديث الوحيد الذي يحيل إليه المجلد من الترمذي هو رقم ٣٤٣٣، وهو في الجزء الخامس، وقد طوبق على طبعته الثانية. والثبت يَعِد بذكر «الطبعة التي أُحيل إليها». ثم إن قاعدة الثبت نفسها («حيث ذُكر للكتاب طبعتان فالأولى للإحالة والثانية للمقابلة») تجعل القارئ يفهم أن الإحالة إلى الطبعة الأولى، وهذا خلاف الواقع.	صُحّح	Tirmidhi entry now names part 5, 2nd printing 1395/1975 (where no. 3433 sits, per ledger rows م٤-٠١١/م٨-٠١٤ title-page reading) instead of part 4, 1st printing. Generator/base string must be split per volume or it will revert on regeneration.
F033	المجلد-التاسع/الباب-العاشر/ف05-أ-الاعتذار-والاعتراض.md	169	«وضع» needs «في» before the position. As written, 'places the manager a defensive position' is ungrammatical.	كان قد صُحّح	The cell now reads «يضع المدير في موقف دفاعي».
F034	المجلد-العاشر/الباب-الثاني-عشر/ف02-أ-المدخل-والمجاملة.md	83	This verbatim hadith has no ledger row for volume 10. Verification covered its occurrences in vols 1, 2 and 8 (HA77 = م٨-٠٣٠), but the HA batches for vol 10 (HA90–92) left out this file. The text is identical to the verified text of م٨-٠٣٠, and footnote 1 (البخاري ٦٠١٨، ٦٤٧٥؛ مسلم ٤٧، كتاب الإيمان) matches م١-٠٣٩. So the fix belongs in the ledger, not the text: add a م١٠ row for this position.	رُدّ (ليس خطأً أو هو قرارٌ مقصود)	Book text and footnote are correct (identical to verified م٨-٠٣٠ / م١-٠٣٩); the gap is a missing م١٠ ledger row, which needs pdf/ledger.py + pdf/verify.py (outside this batch). Coordinator follow-up: add the row.
F035	المجلد-العاشر/الباب-الثالث-عشر/ف01-أ-المدخل-وسلم-الارتجال.md	211	Muslim's hadith 2639 has several routes with different wording. The footnote says «واللفظ له» without naming the route that gives the quoted wording. That wording is route ١٦٣. Route ١٦١ reads «ما أعددت لها؟» … «أنت مع من أحببت», so a reader who checks 2639 will first meet a different text. This hadith was already corrected once for blending these two routes.	صُحّح	Footnote now names the route that gives the quoted wording: Muslim (٢٦٣٩/١٦٣), via Thabit al-Bunani, seen on the printed scan (Abd al-Baqi 4/2032).
F036	المجلد-العاشر/الباب-الثالث-عشر/ف01-أ-المدخل-وسلم-الارتجال.md	24	The count of earlier babs is wrong: twelve precede bab 13. This is the same old-structure leftover as in the bab's opening.	كان قد صُحّح	Line 24 already reads «في الأبواب الاثني عشر السابقة».
F037	المجلد-العاشر/الباب-الثالث-عشر/00-فاتحة-الباب-الثالث-عشر.md	26	Three places send the reader to this opening with «(انظر أهداف الباب في فاتحته)» for the criterion «يرتجل المتدرب في ثلاثة مواقف مفاجئة بتقدير كلي لا يقل عن ثمانين من مئة»: ف01-ج line 188, ف03-أ line 149 and ف03-ج line 248, which adds «الذي افتُتح به هذا الباب». The objectives here do not contain that criterion; they give only the 75-point graduation threshold. Each of those cross-references therefore points to nothing. The criterion itself comes from the levels guide.	صُحّح	Added objective 7 to the bab 13 opening stating the level criterion (three surprise situations, ≥80/100) in the author's own wording, so the three cross-references (ف01-ج:188, ف03-أ:149, ف03-ج:248) and quiz q8 now point to something real.
F038	المجلد-العاشر/الباب-الثالث-عشر/ف01-ب-سلم-الارتجال-والحوار-الممتد.md	184	The same issue as line 197: the composed representative dialogue is introduced as what «actually happened».	رُدّ (ليس خطأً أو هو قرارٌ مقصود)	Hamza is a narrative teaching story set up in ف01-أ; «ما وقع فعلًا» contrasts the story's actual scene with its counterfactual, the same convention as «كما وقع في أول تدريب لبلال» elsewhere.
F039	المجلد-العاشر/الباب-الثالث-عشر/ف01-ب-سلم-الارتجال-والحوار-الممتد.md	219	The failing model at line 206 has Hamza say «النبي صلى الله عليه وسلم حث عليه، وقال آيات كثيرة في القرآن عن الزواج». That line makes Quranic verses the Prophet's own speech, which is a doctrinal slip. The line-by-line analysis, the «ماذا تغيّر» table and the quiz flag only the unkept promise, so a reader may take the attribution as acceptable.	صُحّح	Failing model left intact; added one analysis bullet flagging that س٦ attributes Quranic verses to the Prophet's speech.
F040	المجلد-العاشر/الباب-الثالث-عشر/ف01-ب-سلم-الارتجال-والحوار-الممتد.md	79	Case error in the model of successful speech ③, which is not marked as an error. The dual subject with the first-person ya must be nominative, «أستاذايَ»; «أستاذي» is either singular or the oblique dual, which clashes with «الكريمان ذكرا».	كان قد صُحّح	«أستاذايَ الكريمان» is already nominative. Also harmonised the absent person as «مقدمة الحفل» (line 109 and models ③④), matching the card and table.
F041	المجلد-العاشر/الخواتيم/ثبت-المصادر.md	10	The degree label understates the verification. Vol. 10 quotes «خيرُ الكلام ما قلَّ ودلَّ ولم يُمِلَّ» word for word and attributes it through خاص الخاص p. 3 (ف04-أ, fn 1). The ledger shows that exact wording was matched on the scanned printed page. The thabat's own definitions reserve «إحالةٌ عامّة» for sources cited without a quoted text or by meaning only, so the label should be «طوبق على المطبوع». Cause: the file is generated by pdf/thabat.py, whose degree() relies on ledger.ON_PRINT, and tha	لم يُحسم في دفعته	Correct: خاص الخاص was matched on the print (م١٠-٠٠٢) but the generated thabat labels it «إحالةٌ عامّة». Needs authorisation to fix pdf/ledger.py ON_PRINT (or thabat.py degree()) and regenerate; a hand edit of the generated file would be overwritten.
F042	المجلد-العاشر/الخواتيم/ثبت-المصادر.md	11	The entry drops the edition that vol. 10 actually cites, although the thabat's subtitle says each source is listed «بالطبعة التي أُحيل إليها». Vol. 10's footnote and the ledger both name the seventh Khanji printing, 1418/1998. The text comes from the generic EDITION entry for الجاحظ in pdf/thabat.py, which is shared across volumes, so the fix belongs there (or in a vol-10-specific override), followed by regeneration.	لم يُحسم في دفعته	Correct: entry should carry ط٧، ١٤١٨هـ/١٩٩٨م as in the vol. 10 footnote and م١٠-٠٠١. Needs a change to the shared EDITION tuple / a vol-10 override in pdf/thabat.py and regeneration (not allowed in this batch).
F043	المجلد-العاشر/الخواتيم/ثبت-المصادر.md	12	The date format is inconsistent within this bibliography. This entry uses a space before هـ/م and a hyphen between the dates. The other dated entries (lines 10, 13, 14) attach هـ/م to the number and separate the two dates with a slash: «١٣٤٣هـ / ١٩٢٥م», «١٣٧١هـ / ١٩٥٢م».	لم يُحسم في دفعته	Date format «١٤١٤ هـ - ١٩٩٤ م» comes verbatim from قاعدة-المصادر.tsv row مص-٢٦٨ via thabat.py and also feeds vol. 8. Needs a fix in the sources base or a date normaliser in thabat.py, then regeneration.
F044	المجلد-العاشر/الباب-الحادي-عشر/ف03-ج-التطبيق-والتقويم.md	58	The line states a verdict on a hadith's status (that it is not an established marfu' hadith) as fact, with no takhrij or authority. Nothing supports it: there is no footnote, no row in سجل-النقول.tsv, and no entry in خريطة-نسب-القول.tsv. The same undocumented verdict recurs in vol. 4 ف10-أ l.117/140, vol. 11 ف01-ب l.44, vol. 1 ف01-ج l.200 and vol. 6 ف06-ج. Per the standard, a hadith-status judgement needs a source, such as a work of al-maqasid or mawdu'at checked against a printed edition. Other	صُحّح	Added a footnote sourcing the verdict: al-Sakhawi, al-Maqasid al-Hasana (ed. al-Khisht, 1405/1985), p.332 no.455, seen on Shamela (digital copy of that edition, so «توثيق ناقص» until matched on print). A ledger row is still needed (pdf/ledger.py). The same unsourced verdict recurs in vols 1, 4, 6, 11.
F045	المجلد-العاشر/الباب-الحادي-عشر/ف02-ب-الدرس-الثاني.md	72	This occurrence of the hadith has no row in the quotation ledger under position م١٠. Its wording matches the verified text of م٨-٠٣٣, and footnote [^1] is correct (Muslim 869, كتاب الجمعة، باب تخفيف الصلاة والخطبة). Other vol. 10 quotations, e.g. م١٠-٠٠٥ in the same chapter, do have their own rows. The ledger gap should be closed; the book text needs no change.	رُدّ (ليس خطأً أو هو قرارٌ مقصود)	Text and footnote (Muslim 869) are correct and match verified م٨-٠٣٣; only a م١٠ ledger row is missing (pdf/ledger.py, outside batch). Coordinator follow-up.
F046	_production/التحقيق/سجل-النقول.tsv	409	The ledger's النص column still holds an old paraphrase. The book text (ف03-ب l.25) is now a direct quotation of Ibn Wahb: «وكنتُ أسمعه كثيرًا ما يقول: لا أدري». That quotation matches the printed text in the النص المقارن column (جامع بيان العلم ٢/٨٣٩، رقم ١٥٧٥), so the book is correct. Only the ledger's النص column needs updating to the book's current wording.	صُحّح	م١٠-٠٠٤ (D2-364) النص now carries the book's Ibn Wahb quotation; the old paraphrase is kept in the notes.
F047	المجلد-العاشر/الباب-الحادي-عشر/ف03-ب-الدرس-الثاني.md	12	الهدف (ومعه هدف الفصل ٦ ومعيار الإتقان في ف03-ج: «فأوصل ثلاث رسائل رئيسة») يطلب ثلاث رسائل رئيسة، والدرس لا يعلّم ذلك: قسم «البقاء على الرسالة» يتكلم عن رسالة واحدة. والمحاكاة (٢) تطلب «رسالة رئيسة واحدة»، والارتجال ٢ «رسالة رئيسة واحدة»، والنسخة المحسّنة تقول «رسالته الرئيسة وثلاث حقائق». ثم يسأل الاختبار «ما رسائل الحوار الثلاث؟» دون أن تكون قد عُرّفت.	صُحّح	Reconciled to the objective: section رابعًا now teaches three key messages in a short paragraph; guided practice, simulation (٢), self-check and quiz q6 aligned. The one-minute warm-up with one message stays as a graded step.
F048	المجلد-العاشر/الباب-الحادي-عشر/ف02-أ-المدخل-والدرس-الأول.md	276	في الجداول الأربعة عشرة مقامات مرقّمة (٤ + ٣ + ٣)، ثم خمس درجات للرسمية في الجدول (د)، فالمجموع خمسة عشر لا اثنا عشر.	صُحّح	Heading changed to «في عشرة مقامات»: the numbered situations are ten, and formality degrees are counted separately, as in the parallel ف01-ب heading (12 situations + 5 degrees).
F049	المجلد-العاشر/الباب-الحادي-عشر/ف02-ج-التطبيق-والتقويم.md	76	التعليمة تحدد زمنين متعارضين: «دقيقة» في أولها، و«في ثلاثين ثانية» في متنها. فلا يعرف المتعلم أيهما المطلوب.	صُحّح	Label changed to «ثلاثين ثانية» and inner duplicate removed, matching the mastery criterion (introduce a speaker in thirty seconds).
F050	المجلد-العاشر/الباب-الحادي-عشر/ف03-ب-الدرس-الثاني.md	21	الدرس يعد المتعلم بالعودة إلى جوابه في آخره، ولا يعود إليه لا في آخر الدرس ولا في التطبيق الختامي (ف03-ج). وفي ف01-ج مثلًا فقرة «عودة إلى السؤال الافتتاحي».	صُحّح	Added «عودة إلى السؤال الافتتاحي» at the end of ف03-ب, following the ف01-ج convention.
F051	المجلد-العاشر/الباب-الحادي-عشر/ف03-ج-التطبيق-والتقويم.md	250	الدرس الأول لم يعلّم علامات للسؤال الموحي. قدّم مثالين فقط (مث٦ «الإيحائي» ومث٧ «يحمل الحكم داخل صيغته») ولم يعدّد علامات. فالاختبار يقيس ما لم يُدرَّس.	صُحّح	Quiz item 2 now asks what makes a question leading, with the two kinds taught (مث٦, مث٧), and asks for an open reformulation.
F052	المجلد-العاشر/الباب-الحادي-عشر/ف04-أ-المدخل-والدرس-الأول.md	16	هدف الفصل يعتمد على «الأسئلة الستة»، والدرس الأول لا يعرّفها ولا يعدّدها. يذكر «ماذا، ولماذا، ومتى» فقط، وهدف الدرس المقابل حذف الإشارة إليها.	صُحّح	The six news questions (what, who, where, when, why, how) are now defined in the lede section of the lesson.
F053	المجلد-العاشر/الباب-الحادي-عشر/ف04-أ-المدخل-والدرس-الأول.md	97	في النموذج الناجح تناقض داخلي: الافتتاح كان مقررًا «هذا الأسبوع» (النموذج ①)، والتأجيل «أسبوعين»، فلا يكون الموعد الجديد «الجمعة القادمة». والدرس يمتدح هذا النموذج لأنه «لا فجوة» فيه.	صُحّح	Model ③ now reads «أسبوعًا» so that 'this week' + one week = 'next Friday' holds.
F054	المجلد-الحادي-عشر/الملاحق/ملحق-ب-معجم-الترجمة-الحرفية-٢.md	53	The column «التعبير المترجم حرفيًّا» should show the calque, but this row puts the correct form there and repeats it word for word as the natural alternative. The actual calque («صنعت تنازلات») appears only in the note, so a learner reading down the column meets a correct sentence presented as a calque.	كان قد صُحّح	Row 53 of ملحق-ب-٢ now shows the calque «صنعت الشركة تنازلات» in the calque column, with «قدّمت» as the alternative.
F055	المجلد-الحادي-عشر/الملاحق/ملحق-أ-المعجم-التطبيقي-٣.md	86	«موثوقة الوثاقة» is a tautological, unnatural phrase. The when-not column shows the intended meaning: the speaker's certainty about the verse's wording and number.	كان قد صُحّح	«موثوقة الوثاقة» is gone; line 86 now reads «يضبط الخطيب لفظها وموضعها».
F056	المجلد-الحادي-عشر/المرجع-الأول-بنك-الأخطاء/ف01-أ-اللحن-في-القرآن.md	44	Every correct Quranic form in this file (Fatiha 7, 5, 7; al-Baqara 153, 102, 255; al-Nisa' 43) is set in «…» in standard spelling, not ﴿…﴾ in Uthmani script. So pdf/quran.py never finds these verses and they are not in مطابقة-القرآن.json. The chapter whose subject is exact Quranic wording is the only place where its Quran is not checked or set in sapphire. The ✘ forms may stay in «» because they are deliberate mistakes. Each ✔ form should be ﴿…﴾ with its reference so quran.py can match it and re	صُحّح	All seven ✔ verse forms in ف01-أ are now ﴿…﴾ with a plain (سورة: آية) reference. They were aligned to the Uthmani text with quran.py's own functions on this file only, and quran.py reports all seven «مطابق». ✘ forms stay in «».
F057	المجلد-الحادي-عشر/المرجع-الأول-بنك-الأخطاء/ف01-أ-اللحن-في-القرآن.md	84	This is a grammatical error. In naḥw, «إنْ المخففة» is the technical name for إنْ المخففة من الثقيلة, a particle of emphasis, not a conditional. The conditional إنْ is a separate particle, as is the negative إنْ. With اللهَ in the accusative, the sentence cannot be read as a condition waiting for its apodosis.	صُحّح	The explanation no longer says the sukūn إنْ is only conditional. It now says the hearer takes it as a conditional awaiting an apodosis or as a negative that inverts the meaning, so the emphasis is lost.
F058	المجلد-الحادي-عشر/المرجع-الأول-بنك-الأخطاء/ف01-أ-اللحن-في-القرآن.md	38	«إمالة» is a technical term of qirā'āt and tajwīd: tilting a fatḥa or alif toward kasra or yā'. It does not mean replacing one consonant with another. Using it here for ḍād becoming dāl misuses the term in a chapter on Quranic recitation.	كان قد صُحّح	The heading now reads «تقريب الضاد من الدال», and «إمالة» is gone.
F059	المجلد-الحادي-عشر/المرجع-الأول-بنك-الأخطاء/ف01-ب-اللحن-في-الحديث-والأذكار.md	16	Saying the hadith without «إنما» is presented as a meaning-changing error (◐), and the explanation says that dropping إنما «يحوّل الجملة إلى خبر عام لا يفيد القصر». But al-Bukhari's own collection has a riwāya without إنما: «الأعمال بالنية، ولكل امرئ ما نوى» (كتاب الإيمان, باب ما جاء أن الأعمال بالنية والحسبة). Calling a transmitted wording an error misrepresents the tradition. The card should separate mixing riwāyāt or paraphrasing from a wording that is actually transmitted, and should not say	صُحّح	The card no longer calls a transmitted wording an error. The fault is now framed as dropping the قصر from the well-known «إنما الأعمال بالنيات», and severity goes from ◐ to ◔ لافت. Note 1 adds al-Bukhari's كتاب الإيمان bab title for the riwāya without إنما, with no number. Source: Shamela, Ta'sil ed. 1/229 no. 54, digital only. The print match and a ledger row are still needed.
F060	المجلد-الحادي-عشر/المرجع-الأول-بنك-الأخطاء/ف01-ب-اللحن-في-الحديث-والأذكار.md	43	Two problems. (1) The ledger already establishes that «لكل مقام مقال» is an authentic athar mawqūf of the Companion Abu al-Tufayl. A version is also related as marfu' from Abu al-Darda', which al-Sakhawi's editor corrects to Abu al-Tufayl. Volume 1 was corrected for this reason: «كان المتن ينفي أن يكون أثرًا عن صحابي». Volume 11 presents it only as «المثل السائر» and so repeats the error volume 1 fixed. (2) The claims that «خير الأمور أوسطها» is not an established hadith, and the heading «وهما ل	صُحّح	The explanation now states that «لكل مقام مقال» is an athar mawqūf of Abu al-Tufayl, with a new note copied verbatim from vol. 1's verified notes (ledger م١-١٣٩/١٤٠). «خير الأمور أوسطها» stays described as not an established hadith, with no note: al-ʿIraqi says it is mursal (seen on Shamela only), but adding it needs a new ledger row.
F061	المجلد-الحادي-عشر/المرجع-الأول-بنك-الأخطاء/ف01-ب-اللحن-في-الحديث-والأذكار.md	56	A hadith is given as the corrective with no takhrīj note, although its neighbours (cards 8, 9, 12) have notes. The ledger holds a verified print match for it. A page note is needed (Muslim, no. 223, narrated by Abu Malik al-Ash'ari); then renumber with pdf/renumber.py. The companion claim at line 57, that «النظافة من الإيمان» is not established, also has no source.	صُحّح	Added a takhrīj note for «الطهور شطر الإيمان»: Muslim 223, كتاب الطهارة, باب فضل الوضوء, Abu Malik al-Ash'ari. Its wording is identical to vol. 4/8 notes (ledger م٤-٠٢٧). Ran renumber.py.
F062	المجلد-الحادي-عشر/المرجع-الأول-بنك-الأخطاء/ف01-ب-اللحن-في-الحديث-والأذكار.md	70	The «الناس» wording is itself transmitted. Al-Nasa'i and Ahmad relate from Abu Hurayra: «المسلم من سلم الناس من لسانه ويده، والمؤمن من أمنه الناس على دمائهم وأموالهم». So treating «الناس» as a lexical error (◔) and calling it a widening of the hadith's wording erases a real variant. The card should say the variant exists and make the point about citing one riwāya precisely, instead of calling the other wording wrong.	صُحّح	The ✘ form is now «سلم الناس» attributed to «متفق عليه». The explanation now says al-Nasa'i and Ahmad relate the «الناس» wording from Abu Hurayra, so the error is mixing the two riwāyāt. Seen on Shamela, Risala eds.; the body names the collections without numbers.
F063	المجلد-الحادي-عشر/المرجع-الأول-بنك-الأخطاء/ف01-ب-اللحن-في-الحديث-والأذكار.md	89	This contradicts the lexicons. Al-Jawhari and «جمهور أهل اللغة», as al-Nawawi reports them, say «آمين في الدعاء يمد ويقصر»: the short form أَمِينَ is a recognised variant of the same word, not the adjective أمين. Calling it a ● «قاتل» error that turns the supplication into a description is unfounded. (Also «الثقة الأمانة» is garbled.)	صُحّح	The آمين card is rewritten. The lexicons say آمين in supplication «تُمدّ وتُقصر» (al-Jawhari via al-Nawawi; Mukhtar al-Sihah, checked on Shamela). Short أمين is now a recognised variant, «خلاف الأشهر», rated ○ هنة instead of ● قاتل, and the title and the hearer row were adjusted.
F064	المجلد-الحادي-عشر/المرجع-الأول-بنك-الأخطاء/ف01-ب-اللحن-في-الحديث-والأذكار.md	128	Cards 15 to 18 quote prophetic adhkār word for word as the ✔ form: «سُبْحَانَ اللَّهِ وَبِحَمْدِهِ», «بِاسْمِكَ اللَّهُمَّ أَمُوتُ وَأَحْيَا», «الْحَمْدُ لِلَّهِ الَّذِي أَحْيَانَا بَعْدَ مَا أَمَاتَنَا وَإِلَيْهِ النُّشُورُ», «سُبْحَانَ رَبِّيَ الْعَظِيمِ / الْأَعْلَى», «لَا حَوْلَ وَلَا قُوَّةَ إِلَّا بِاللَّهِ». They are declared «صحيحان ثابتان» with no takhrīj, and none is in the ledger. Each needs a ledger row matched on the adopted print and a page note (collection and number).	لم يُحسم في دفعته	The adhkār in cards 15–18 have no ledger rows. Takhrīj notes need print matching on the adopted Bukhari and Muslim editions (collection, number, page images) and new ledger and verify.py rows, which I cannot create (pdf/*.py is off-limits).
F065	المجلد-الحادي-عشر/المرجع-الأول-بنك-الأخطاء/ف01-ب-اللحن-في-الحديث-والأذكار.md	154	This overstates the rule. When «لا» is repeated, grammarians allow five readings, among them «لا حولَ ولا قوةً» (the second noun in the accusative with tanwīn, joined to the first noun's position). The ✘ form «لا حَوْلًا ولا قوةً» is wrong only because of the tanwīn on the first noun. The instruction that neither noun may take nasb with tanwīn, and «احفظ الذكر… بلا تنوين على الاسمين», treats a permitted reading as an error.	صُحّح	The rule is now stated correctly. The first noun after لا النافية للجنس is built on fatḥ with no tanwīn. The second, after the repeated لا, allows several readings, and the formula's preserved wording has fatḥ, so tanwīn on the second departs from the formula without breaking grammar.
F066	المجلد-الحادي-عشر/المرجع-الأول-بنك-الأخطاء/ف01-ب-اللحن-في-الحديث-والأذكار.md	22	The drill mixes a Quranic verse («إنما المؤمنون إخوة», al-Hujurat 10) and a hadith («إنما الصبر عند الصدمة الأولى») with ordinary drill sentences. None is marked, referenced or sourced, so the reader cannot tell a verse or hadith from an invented example. The Quran here is not in ﴿﴾ either.	صُحّح	Three drill sentences replaced with invented «إنما» sentences: an unmarked verse (al-Hujurat 10), a hadith, and «إنما العلم بالتعلم», itself a hadith fragment.
F067	المجلد-الحادي-عشر/المرجع-الأول-بنك-الأخطاء/ف02-الخطأ-في-السلام-والبسملة-والحمدلة.md	217	The grammatical analysis is wrong. The mufassirūn and muʿribūn parse «ما شاء الله» (al-Kahf 39) as a relative «ما» in the nominative, predicate of an omitted subject («هي/الأمر ما شاء الله»), or as a conditional with the apodosis omitted («ما شاء الله كان»). Exclamatory «ما» needs the «ما أفعلَه» pattern. The same wrong label appears at line 216 («ما» التعجبية) and line 221.	صُحّح	ما in «ما شاء الله» is now parsed as relative (هذا ما شاء الله) or conditional (ما شاء الله كان), not exclamatory. Lines 216, 217 and 221 were rewritten together.
F068	المجلد-الحادي-عشر/المرجع-الأول-بنك-الأخطاء/ف02-الخطأ-في-السلام-والبسملة-والحمدلة.md	161	The nasb «الحمدَ لله» is a recognised iʿrāb: a maṣdar governed by an understood verb («أحمدُ الحمدَ»). It is also cited as a shādhdh reading of al-Fatiha 2. It is not a violation of the rules. Outside recitation of the Mushaf it is grammatically valid. The explanation should say it goes against the established wording of the formula and the reading of the Mushaf, not that it breaks the grammar.	صُحّح	The الحمدَ nasb card now says nasb is a valid iʿrāb with an understood verb, and the fault is departing from the fixed wording of the formula and the Mushaf. The card stays ○.
F069	المجلد-الحادي-عشر/المرجع-الأول-بنك-الأخطاء/ف03-أخطاء-النطق-الأصوات-الحرجة.md	114	Two errors that recur through the qāf cards (lines 113, 117, 125, 135, 146 to 150). (1) In the classical tradition qāf comes from «أقصى اللسان وما فوقه من الحنك», not «أقصى الحلق», which is the place of hamza and hā'. (2) Qāf is classed «مجهور» in Sibawayh's system, but the standard qāf of present-day recitation and speech is described by modern Arab phoneticians as voiceless. The card's advice to «تحسّس اهتزاز حلقك» to tell qāf from kāf would train a voiced [ɢ]. The classical and modern descrip	صُحّح	The qāf cards follow Bible decision 8 (the modern recited norm). Qāf is placed at أقصى اللسان وما فوقه من الحنك; kāf slightly lower and forward. The «feel the throat vibrate» advice is replaced by a breath test (breath held for qāf, flowing for kāf).
F070	المجلد-الحادي-عشر/المرجع-الأول-بنك-الأخطاء/ف03-أخطاء-النطق-الأصوات-الحرجة.md	125	This is phonetically inverted. Hamza is the deepest sound («أقصى الحلق», the glottis), lower than qāf, not «أعلى». Line 162 repeats the error for ʿayn: «والهمزة صوت انفجاري من الحنجرة أعلى منه قليلًا». ʿAyn is from وسط الحلق, above the glottis.	صُحّح	Line 125: hamza is now from أقصى الحلق, deeper than qāf («أعمق منه بمسافة واضحة»), and qāf is from أقصى اللسان. The drill on line 129 is aligned.
F071	المجلد-الحادي-عشر/المرجع-الأول-بنك-الأخطاء/ف03-أخطاء-النطق-الأصوات-الحرجة.md	136	The place labels are wrong. Ghayn and khā' come from «أدنى الحلق», and qāf from أقصى اللسان. Line 209 to 210 likewise says «الخاء أشد احتكاكًا من أقصاه», meaning أقصى الحلق. Line 221 gives khā' «استطالة», a ṣifa that belongs only to ḍād.	صُحّح	Lines 136, 209, 213 and 221: ghayn and khā' are now from أدنى الحلق, and qāf is no longer called a throat letter. Line 220's «استطالة» for ḥā' is replaced.
F072	المجلد-الحادي-عشر/المرجع-الأول-بنك-الأخطاء/ف03-أخطاء-النطق-الأصوات-الحرجة.md	256	Qāf and ḥā' are not muṭbaq letters; the iṭbāq letters are only ص ض ط ظ. Line 236 likewise calls ḍ/ẓ «حرف حلقي مطبق», but they are not guttural.	كان قد صُحّح	Line 256 now says «أصوات الضاد والقاف والحاء» with no إطباق claim, and line 236 says «حرف مطبق بعد حاء».
F073	المجلد-الحادي-عشر/المرجع-الأول-بنك-الأخطاء/ف03-أخطاء-النطق-الأصوات-الحرجة.md	54	The chapter describes ḍād in two incompatible ways without separating them. Lines 39, 51 and 61 give the modern realisation: an apical stop at the upper incisors like dāl. Lines 54, 63 and 65 give the classical lateral ḍād («حافته», «مخرج الضاد الجانبي»). A learner told to do both gets contradictory instructions. The chapter should state that the classical description (lateral, Sibawayh) and today's recitation (stop) differ, and choose which one to train.	صُحّح	Lines 54, 63, 65 and 81 now use the modern ḍād (tongue tip at the roots of the upper incisors) that lines 39, 51 and 61 already gave, per Bible decision 8. The lateral-ḍād and «حافة اللسان» wording is removed.
F074	المجلد-الحادي-عشر/المرجع-الأول-بنك-الأخطاء/ف04-أ-الأخطاء-النحوية-والصرفية-والمعجمية-والتركيبية.md	157	«بحث» also takes a direct object in the accepted sense of «examined, studied» (بحث الأمرَ/المسألةَ), and this is recorded in the standard modern lexicon. «بحثتُ الموضوعَ طويلًا» (I studied the topic at length) is therefore correct. The proposed correction «بحثتُ عن الموضوعِ» (I searched for the topic) changes the meaning, which inverts the card. The line-159 claim that بحث is «لازم لا يتعدى إلا بحرف جر» is also inaccurate. A different example (e.g. رغب في) would be safe.	صُحّح	Card 12's example is now «اهتممتُ الموضوعَ» ✘ / «اهتممتُ بالموضوعِ» ✔ (اهتمّ takes only بـ). The rule list and drill no longer present بحث as intransitive.
F075	المجلد-الحادي-عشر/المرجع-الأول-بنك-الأخطاء/ف04-أ-الأخطاء-النحوية-والصرفية-والمعجمية-والتركيبية.md	192	«وجب» overstates the rule. «لولاي/لولاك/لولاه» (with an attached pronoun) is attested and accepted by Sibawayh and many grammarians. The Kufans hold it is in the nominative position, and the question is a known khilāf (al-Insaf, mas'ala 97). «لولا إياك» is wrong, but the rule as stated wrongly excludes لولاك.	صُحّح	The لولا rule is limited to separate pronouns. It now notes that «لولاك/لولاي» is attested, that Sibawayh accepted it, and that its parsing is a known khilāf; «إياك» remains wrong.
F076	المجلد-الحادي-عشر/المرجع-الأول-بنك-الأخطاء/ف04-أ-الأخطاء-النحوية-والصرفية-والمعجمية-والتركيبية.md	55	The numbers 3 to 10 are العدد المفرد, not المركّب (compounds are 11 to 19). Card 14 (line 176) names them correctly («العدد المفرد من ٣ إلى ١٠»). Line 63 is also garbled («عدد مؤنث (بلا تاء) مع معدود مذكر لا، بل العكس تمامًا»).	كان قد صُحّح	The heading says «العدد المفرد من ٣ إلى ١٠», and line 63 is no longer garbled.
F077	المجلد-الحادي-عشر/الخواتيم/المصادر-والمراجع.md	80	The description of the volumes is garbled: «أجزاء» is repeated after the parenthesis. This looks like a pasted catalogue field. The same number-agreement error from copied cards appears at lines 60 («١١ أجزاء»), 67 («٢٦ أجزاء») and 71 («١٧ أجزاء»).	لم يُحسم في دفعته	This was not actually fixed: line 80 still reads «٢٠ جزءًا (في ١٠ مجلدات) أجزاء». The file is generated by pdf/thabat.py, so I did not hand-edit it (an edit was made and reverted). The fix belongs in the generator: either correct قاعدة-المصادر's «عدد الأجزاء» for al-Qurtubi (مص-…, value «٢٠ جزءا (في ١٠ مجلدات)»), or stop bibliography.py:519 / thabat.py's counted() from appending « أجزاء» after a value that already names its noun. Vols 7 and 9 ثبت-المصادر carry the same string.
F078	المجلد-الحادي-عشر/المرجع-الأول-بنك-الأخطاء/ف02-الخطأ-في-السلام-والبسملة-والحمدلة.md	216	«ما» in «ما شاء الله» is not the exclamatory ما. Exclamatory ما only comes with the pattern ما أفعلَه. Here ما is a relative (هذا ما شاء الله) or conditional (ما شاء الله كان) particle. The exclamation is a pragmatic use, not the grammatical type. The same claim is repeated in line 217 («ما» هنا للتعجب) and in the drill in line 221. All three lines need rewording.	صُحّح	Fixed together with F067 (lines 216, 217, 221).
F079	المجلد-الحادي-عشر/المرجع-الأول-بنك-الأخطاء/ف03-أخطاء-النطق-الأصوات-الحرجة.md	113	Qaf is not a throat letter. Its articulation point is أقصى اللسان with the palate above it. The book itself says so in lines 128 and 146 («انطباق مؤخر لسانك على أقصى حنكك»). The claim 'من أقصى الحلق' recurs in lines 114, 115, 117, 118, 124, 125, 135, 136, 147, 148, 150 and 151. Line 114 also puts the kaf «من وسط الحنك», but kaf comes from أقصى اللسان, just below the qaf. The chapter contradicts itself and teaches a wrong articulation point.	صُحّح	Fixed together with F069: every «من أقصى الحلق» for qāf and «من وسط الحنك» for kāf in the qāf cards was corrected, and the chapter is now consistent with lines 128 and 146.
F080	المجلد-الحادي-عشر/المرجع-الأول-بنك-الأخطاء/ف03-أخطاء-النطق-الأصوات-الحرجة.md	54	The chapter gives contradictory articulation instructions for the dad. Lines 39, 51 and 61 describe it as a tip-of-tongue sound («بطرف اللسان عند أصول الثنايا العليا كالدال»). This line says the edge of the tongue is used, and lines 63 and 65 speak of «مخرج الضاد الجانبي». Line 81 then gives the zha the edge («حافة اللسان»), against this same line. The learner gets two incompatible models.	صُحّح	Fixed together with F073. The ẓā' drill on line 81 now says «طرف اللسان», not «حافة اللسان».
F081	المجلد-الحادي-عشر/المرجع-الأول-بنك-الأخطاء/ف04-أ-الأخطاء-النحوية-والصرفية-والمعجمية-والتركيبية.md	118	The rule taught is wrong. A ya after a preposition is in the genitive, not a direct object. نون الوقاية is used only with مِن and عَن (منّي، عنّي), not with بي، لي، فيّ. «دون استثناء» turns the error into a general rule.	كان قد صُحّح	Line 118 now states the نون الوقاية rule correctly (with verbs; among prepositions only مِن and عن).
F082	المجلد-الحادي-عشر/المرجع-الأول-بنك-الأخطاء/ف04-أ-الأخطاء-النحوية-والصرفية-والمعجمية-والتركيبية.md	157	The marked error is correct Arabic. «بحث المسألةَ» (he examined it) is standard, while «بحث عنه» means he searched for it. The ✔ form (line 158) changes the meaning, and line 159 wrongly calls بحث intransitive. The example needs a verb that takes only a preposition, such as «حرص على» or «رغب في». The two lines need a combined rewrite, so no single safe substring replacement is given.	صُحّح	Fixed together with F074.
F083	المجلد-الحادي-عشر/المرجع-الأول-بنك-الأخطاء/ف04-أ-الأخطاء-النحوية-والصرفية-والمعجمية-والتركيبية.md	230	No word in the three sentences is underlined, so the learner cannot tell which words to parse. Also, the sentences are already fully voweled, so asking only for «الحركة الصحيحة» makes the task empty.	صُحّح	Exercise 3 now names the words to parse («خالدًا»، «مسرورًا»، «دقائقَ») and asks for their position and case sign, not just the vowel.
F084	المجلد-الحادي-عشر/المرجع-الأول-بنك-الأخطاء/ف07-المقابلات-والخطابة-والإعلام-والعلماء.md	214	This is a claim about a named book with no source note, and the ledger has no row for this position. The wording «أفردت… بابًا» describes the book's structure. The ledger shows only that the content appears on certain pages, inside the chapter on the student's conduct with his teacher; it does not show a dedicated باب. The claim should be anchored to the pages already checked in the ledger and should not assert a structure nobody has verified. «عند العرب» also stretches a claim about Islamic sch	صُحّح	The «أفردت… بابًا» structural claim is gone. The text now says the book treats أدب السؤال and correcting the shaykh within the student's conduct with his teacher. Added a note (Hyderabad 1353H, pp. 124–125, 156–157, 161, from ledger م٦-٠١٢/م٧-٠٠٤), and «عند العرب» became «في تراثنا العلمي».
F085	المجلد-الحادي-عشر/المرجع-الأول-بنك-الأخطاء/ف04-ب-الأخطاء-الصرفية-والمعجمية-والتركيبية.md	47	The card labels «الله غافرٌ» an error. Line 51 then says the form is «أضعف مما يقتضيه مقام الثناء على الله بأسمائه الحسنى». Yet the Quran itself praises God with the form غافر (﴿غَافِرِ الذَّنبِ﴾, غافر: ٣, and ﴿خَيْرُ الْغَافِرِينَ﴾, الأعراف: ١٥٥). So presenting غافر as a weaker or faulty choice when praising God is a theological and linguistic claim that the Quranic text contradicts. The distinction between غافر and غفور is valid, but it should be taught as a difference in shade of meaning, not	صُحّح	The غافر/غفور card now teaches a difference in shade, not an error. It cites ﴿غَافِرِ ٱلذَّنۢبِ﴾ (غافر: ٣), set in Uthmani with the quran.py functions, and says both forms are sound praise of God. ✘ is limited to contexts meant to stress abundant forgiveness, and the card stays ○ هنة.
F086	المجلد-الحادي-عشر/المرجع-الأول-بنك-الأخطاء/ف04-ب-الأخطاء-الصرفية-والمعجمية-والتركيبية.md	165	This is a linguistic error. The example is fully vowelled, and «الجديدَ» is accusative, so it can only agree with «كتابَ». It cannot modify the genitive «الأستاذِ», so the sentence is not ambiguous. The rule at line 167 («يعود في الغالب إلى الأقرب ما لم يمنع مانع») also leaves out that case agreement is exactly the مانع here. Real ambiguity arises only when the مضاف and the مضاف إليه share the same case, or when the adjective is pronounced in pause. Exercise 3.2 at line 219 has the same problem:	كان قد صُحّح	The case vowel on «الجديد» was dropped (as in pause), which settles the ambiguity point.
F087	المجلد-الحادي-عشر/المرجع-الأول-بنك-الأخطاء/ف04-ب-الأخطاء-الصرفية-والمعجمية-والتركيبية.md	144	The grammatical terms are inaccurate. In «ذهبتُ» the subject is the تاء, an attached pronoun that is pronounced (ضمير متصل بارز), not a hidden one (مستتر). Line 148 («حين يكون فاعله ضميرًا مستترًا») and the card title «البدء الدائم بالفاعل الظاهر» make the same mistake: «أنا» in «أنا ذهبتُ» is a separate pronoun acting as the topic (مبتدأ), not an overt subject (فاعل ظاهر).	كان قد صُحّح	Card 28 now names the تاء as an attached pronoun, not مستتر.
F088	المجلد-الحادي-عشر/المرجع-الأول-بنك-الأخطاء/ف05-الأسلوب-والثقافة-والمقام.md	374	The mastery criterion asks for six out of eight sentences in the «التصحيح» exercise, but that exercise (lines 340–348) has only five items.	كان قد صُحّح	The criterion now reads «ستًّا من ثماني عبارات معروضة عليه، على نمط تدريب «التصحيح»».
F089	المجلد-الحادي-عشر/المرجع-الأول-بنك-الأخطاء/ف05-الأسلوب-والثقافة-والمقام.md	381	The imperative is misspelled. The imperative of نبّه (form II) is نبِّه, which has no initial alif.	كان قد صُحّح	Line 381 now reads «نبّه المتدربين».
F090	المجلد-الحادي-عشر/الملاحق/ملحق-د-النماذج-الكاملة-٢.md	185	Prophetic wording is given with no quotation marks, so it cannot be told apart from the speaker's own words. It is labelled «متفق عليه» with no indication whose wording is used, and it has no footnote, while the other two hadiths in the same appendix have full takhrij. The wording «وكل شيء عنده» is Muslim's (923). Bukhari (1284) reads «وكلٌّ عنده». Elsewhere in the ledger this exact wording was marked «قبل التصحيح» and changed to Bukhari's text. The analysis at line 189 then calls it «صحيح اللفظ	صُحّح	The condolence hadith now has al-Bukhari's wording «وكلٌّ عنده بأجل مسمى» (متفق عليه), with a takhrīj note identical to vol. 8 (Bukhari 1284 واللفظ له، Muslim 923 بنحوه; ledger م٨-٠١٨).
F091	المجلد-الحادي-عشر/الملاحق/ملحق-ج-أخطاء-قد-تظهر-عند-بعض-المتعلمين.md	98	This footnote's data point has no row in the quotation ledger. The other five typological footnotes of this appendix have rows (م١١-٠٠٦ to م١١-٠١٠), but the qāf figure (verification item M2-398) was never carried into سجل-النقول.tsv. Separately, ledger row م١١-٠٠٥ marks as «متحقّق» an editorial sentence («وتُوضع العلامة *[يُعرض على مختص في الأصوات]*…») that no longer appears in the file and cites no source.	رُدّ (ليس خطأً أو هو قرارٌ مقصود)	No text change is needed: footnote 3's PHOIBLE figure stays. Ledger bookkeeping for the coordinator: there is no row for the qāf 256/3020 figure. Row م١١-٠٠٥ now matches a sentence that is in ملحق-ج line 5.
F092	المجلد-الحادي-عشر/الملاحق/ملحق-د-النماذج-الكاملة.md	34	The hadiths in models 1 and 3 («فليقل خيرًا أو ليصمت» here, and «إنما الأعمال بالنيات، وإنما لكل امرئ ما نوى» at line 102) have no ledger rows for this position. Their wording and takhrij do match rows verified elsewhere, so the only gap is the ledger record.	رُدّ (ليس خطأً أو هو قرارٌ مقصود)	The text is correct. Ledger rows for the ملحق-د positions (0 matches) are bookkeeping outside my files, so I referred them to the coordinator.
F093	المجلد-الحادي-عشر/الملاحق/ملحق-ب-معجم-الترجمة-الحرفية.md	122	The attributed foreign source does not explain the error. The English idiom is 'focus on', which would give «على», the form recommended here. The note also presents «ركّز على» as the established usage when it is itself a modern sense (classical ركز = to plant: ركز الرمح في الأرض). A similar mismatch is at line 120: «تأثر على» is attributed to English 'affected by', which would give «بـ».	صُحّح	The source column for «ركّز في» and «تأثر على» now reads «خطأ في حرف التعدية، لا يُعرف له مصدر أجنبي محدد», the appendix's own wording for such rows, because focus on and affected by do not explain these errors. «ركّز على» is now qualified as the modern sense.
F094	المجلد-الحادي-عشر/الملاحق/ملحق-ب-معجم-الترجمة-الحرفية.md	44	The cross-reference points to a «دليل الأخطاء» that does not exist in the series. The reference volume is called «بنك الأخطاء» (18 uses in volume 11), and «دليل الأخطاء» appears only here and at line 61 («خ-١٦ في دليل الأخطاء، من أشيع الأخطاء وأخفاها»).	كان قد صُحّح	Both references now read «بنك الأخطاء».
F095	المجلد-الحادي-عشر/الملاحق/ملحق-ج-أخطاء-قد-تظهر-عند-بعض-المتعلمين.md	47	The stated rule is wrong and contradicts the card's own correct example «ثلاثَ عشرةَ بنتًا». In 13–19 the first part takes the opposite gender to the counted noun and only «عشرة/عشر» agrees with it. Both parts agree only in 11 and 12. A learner who applies the rule as written will produce «ثلاثة عشرة بنتًا».	كان قد صُحّح	The rule for compound numbers in ملحق-ج line 47 is correct (13–19 and 11–12 are distinguished). I made no edit there, so nothing regressed.
F096	المجلد-الحادي-عشر/الملاحق/ملحق-ج-أخطاء-قد-تظهر-عند-بعض-المتعلمين.md	41	The error form shown, «الطالب نجح», is a correct sentence (masculine subject), so it does not display the error the card names (dropping the feminine ta with a feminine subject). The drill on the same row does the transformation correctly.	كان قد صُحّح	The error form reads «الطالبة نجح».
F097	المجلد-الحادي-عشر/الملاحق/ملحق-ج-أخطاء-قد-تظهر-عند-بعض-المتعلمين.md	19	Phonetic mislabelling. The qaf is not one of the throat letters (ء ه ع ح غ خ). It is articulated at the back of the tongue (uvular, «لهوي»). The same table uses «حَلْقية» correctly for ع and ح, and footnote 4 defines حلقية as pharyngeal, so the term is inconsistent within the chunk.	كان قد صُحّح	The qāf entry reads «من أقصى اللسان عند اللهاة».
F098	المجلد-الحادي-عشر/الملاحق/ملحق-ج-أخطاء-قد-تظهر-عند-بعض-المتعلمين.md	21	«اجتهادًا» makes no sense for a sound. It is almost certainly a slip for «احتكاكًا»: the ح is the more strongly fricative sound, which is exactly what separates it from the ه.	كان قد صُحّح	«اجتهادًا» is gone; the ḥā' row now contrasts its place with hā'.
F099	المجلد-الحادي-عشر/الملاحق/ملحق-ج-أخطاء-قد-تظهر-عند-بعض-المتعلمين.md	73	«أنّ» with fatha never opens a sentence; it introduces a clause that functions as a noun. Only «إنّ» can be استئنافية at the start of a paragraph, and the drill on the same row mentions only «إن».	كان قد صُحّح	The row mentions only «إنّ».
F100	المجلد-الحادي-عشر/الملاحق/ملحق-د-النماذج-الكاملة-٢.md	189	The situation card for model 12 names the speaker «صديق العائلة», not Ibrahim. Ibrahim is the speaker of model 8 and of the companion scripts. The analysis therefore credits the condolence to a character who does not speak in this model, which confuses the reader.	كان قد صُحّح	The analysis now reads «أوجز المتكلم هنا ما أطاله إبراهيم هناك».
F101	المجلد-الحادي-عشر/الملاحق/ملحق-د-النماذج-الكاملة.md	36	This religious claim has no source (it sits outside the passage's quoted verse and hadith), and it is at odds with the well-known hadith «أول ما يحاسب عليه العبد يوم القيامة الصلاة». A model sermon offered for imitation should not state an unsourced ranking of reckoning.	كان قد صُحّح	The unsourced ranking of reckoning is gone from line 36.
F102	المجلد-الأول/الافتتاحية/06-منزلة-العربية.md	94	Two verbatim quotations from Ibn Khaldūn are not in the ledger, nor is «من الغريب الواقع» in the same paragraph. Footnote 11 says «والنصوص الثلاثة في ١/٧٥٢», but only one of the three (the الدؤوب passage, م١-٠٩٤) has been matched on the print. The page claim for the other two has not been seen, which breaks «لا رقم صفحةٍ لم يُرَ». «من الغريب الواقع» is the opening of the sentence recorded in م١-٠٩٣ (1/747), but the phrase itself is not recorded.	رُدّ (ليس خطأً أو هو قرارٌ مقصود)	Text is correct: archive.org OCR of scan 01-17270 shows «عجم النسب» and «…وأما عجمة اللغة فليست من ذلك» on leaf n751 (p.752, same page as the الدؤوب passage) and «من الغريب الواقع» on n746 (p.747). Only ledger rows are missing (outside this batch).
F103	المجلد-الأول/الافتتاحية/05-البيان-عند-علماء-العربية.md	195	The ledger contradicts itself on the printed page of «فهو علمٌ بكيفيّةٍ، لا نفسُ كيفيّة». Its الصفحة column says 772 (as the footnote does), but its النص المقارن says «ص773 (المصوّرة n772)», and n772 is p.773 by the pattern of the other rows. The page must be checked again on the scan before it can count as verified.	رُدّ (ليس خطأً أو هو قرارٌ مقصود)	Footnote 14's ١/٧٧٢ is right: «…معرفة قوانين هذه الملكة… هي بمثابة» opens fasl 50 on leaf n771, whose neighbours n769=770 and n773=774 fix it at p.772. The «ص773 (n772)» in ledger row م١-٠٦٠ is a ledger copying slip (outside batch).
F104	المجلد-الأول/الافتتاحية/07-العربية-والوحي.md	134	This verbatim quotation from Ibn Khaldūn, set inside a footnote, is not in the ledger. Only the main quotation (م١-٠٩٦, «وخشي أهل العلوم…», 1/754) has been matched on the print.	رُدّ (ليس خطأً أو هو قرارٌ مقصود)	Verified: «ويقال بإشارة علي رضي الله عنه» is on leaf n753 = p.754 of the cited scan, as the footnote says; ledger row to be added by the ledger owner.
F105	المجلد-الأول/الافتتاحية/08-من-المعرفة-إلى-الملكة.md	99	A specific set of claims is attributed to Hymes (lines 39–45, including that the child acquires this knowledge along with the language itself) without a page. The ledger marks the item «توثيقٌ ناقص», and the bibliography marks it «إحالةٌ عامّة». This also falls short of the preface's promise («لم أنسب قولًا إلى قائله إلا بعد أن رأيتُه في موضعه ودللتُ عليه في الحاشية»). The page should be matched on the print and added.	لم يُحسم في دفعته	Needs the page in Pride & Holmes (eds.), Sociolinguistics: Selected Readings (Penguin 1972) where Hymes says the child acquires competence as to when to speak, what, with whom; the archive.org copy (sociolinguistics0000unse_n0z7) is lending-restricted, so no page was seen.
F106	المجلد-الأول/الافتتاحية/08-من-المعرفة-إلى-الملكة.md	15	The example teaches nothing as written: the two forms are the same word, one unvocalised and one vocalised. The distinguishing vowel of the intended first form is missing, and «الحَضور» is not a standard contrasting pair. The author needs to supply the intended pair; no fix is proposed because the intention cannot be recovered from the text.	صُحّح	Replaced the empty pair «الحضور»/«الحُضور» with «الحَضَر» غير «الحُضور» (same root, different form and meaning), which illustrates lexical/morphological knowledge as the rank intends.
F107	المجلد-الأول/الافتتاحية/12-تصورات-تحتاج-إلى-تصحيح.md	67	The author's first-hand testimony is restated differently from the account it points to. Chapter 8 describes the professor lecturing in a flexible modern Fuṣḥā, turning to a colleague in dialect, then going back to the lecture: a switch between Fuṣḥā and dialect. This line presents it as moving between the three levels of Fuṣḥā within one lecture.	كان قد صُحّح	Line 67 now reads «ينتقل بين مستويات العربية», consistent with the account in ch.8.
F108	المجلد-الأول/الافتتاحية/12-تصورات-تحتاج-إلى-تصحيح.md	111	This verbatim quotation from al-Īḍāḥ (1/21), inside a footnote, is not in the ledger. Only the definition of الغرابة at 1/23 (م١-٠٨٤) has been matched on the print. The ledger has the Talkhīṣ wording («فالفصاحة في المفرد…», م١-١١٩), not the Īḍāḥ wording.	رُدّ (ليس خطأً أو هو قرارٌ مقصود)	Verified on scan 0862pdf1 leaf n22 (p.21): the definition «فصاحة [المفرد] … من تنافر الحروف والغرابة…» is there; text needs no change, only a ledger row.
F109	المجلد-الأول/الافتتاحية/06-منزلة-العربية.md	98	The cross-reference points the wrong way. The text says Sibawayh's Persian origin «has already been mentioned» (قد مرّ). Nothing before Chapter 5 says so: Chapter 4 cites the «الكتاب» but not his origin. The footnote itself sends the reader forward to «الفصل الثامن، §١٣» (09-ما-رأيته.md line 340, footnote 7). A reader who looks back will find nothing, and the earlier «والشاهد فيهم هو الشاهد في سيبويه» (line 94) relies on information not yet given.	كان قد صُحّح	Line 98 now reads «وسيأتي أن سيبويه كان فارسيّ الأصل», pointing forward to ch.8 §13.
F110	المجلد-الأول/الافتتاحية/08-من-المعرفة-إلى-الملكة.md	15	The example is empty. The two words compared are the same word: «الحضور» without vowel marks and «الحُضور» with an optional damma. The learner sees 'X is different from X', and the example of 'linguistic knowledge' (vocabulary/forms) shows no distinction. The text has been this way since it was first written (commit b3c7331), so the intended pair cannot be recovered from the file. The author has to supply it. No fix is proposed because the wording must not be invented. One option already used in	صُحّح	Duplicate of F106; resolved by the same edit («الحَضَر» غير «الحُضور»).
F111	المجلد-الأول/الافتتاحية/90-ملحق-التحقيق.md	13	This is a verbatim quotation from Ibn al-Anbari, but the ledger and the attribution map record only part of it. The longer wording «تمّت قصيدة زهير بغريبها» is recorded nowhere as matched: not on print and not on a digital copy. The bibliography also grades Ibn al-Anbari «إحالةٌ عامّة», which by its own definition means no verbatim quotation was taken from him.	صُحّح	Ibn al-Anbari's closing note «تمت قصيدة زهير بغريبها وهي تسعة وخمسون بيتا» verified on Shamela 124335 (Dar al-Maʿārif 5th ed., numbering matched to print) and the scan 3855pdf_202001 (leaves 307–308): printed pp. 289–290, not 285–286 (Shamela page ids). Footnote corrected; thabat degree changed from «إحالةٌ عامّة» to «على نسخةٍ رقمية» since a verbatim quotation is taken.
F112	المجلد-الأول/الافتتاحية/90-ملحق-التحقيق.md	15	The text says Qabawa places the two verses after verse 59 in al-Zawzani's recension. But the al-Zawzani edition the book itself cites (pp. 151–152) numbers the two verses themselves 59 and 60. The ledger does not record this statement of Qabawa's. As printed, the detail contradicts the cited edition. It should be checked against Tha'lab p. 37 n. 4, or the verse number dropped.	صُحّح	Qabawa's note (scan 3918pdf p.37 n.4) counts by Thaʿlab's numbering, so the sentence now says the two verses follow verse 59 «من رواية ثعلب» in al-Zawzani, removing the clash with Zawzani's own numbering 59–60. Also corrected thabat degrees to «طوبق على المطبوع» for Thaʿlab, Ibn Qutayba, al-Shāṭibī (al-Maqāṣid), al-Bilādī and Ibn Hishām per their V1R ledger rows.
F113	المجلد-الأول/الافتتاحية/91-ثبت-المصادر.md	54	The bibliography grades al-Mustasfa «على نسخةٍ رقمية», but the ledger says both Ghazali quotations were matched on the scan of this very printed edition. The entry also drops «وتعليق» from the editor's role, which the footnote and the ledger both give. The file is generated: pdf/thabat.py degree() checks ledger.ON_PRINT against the unrevised ROWS and ignores the on_print flags from the V1R revision. The fix must therefore also go into the generator.	صُحّح	al-Mustasfa entry now «تقديم وضبط وتعليق» and «طوبق على المطبوع» (ledger م١-١٠٣/١٠٤ matched on scan). Dinawari ٢/٣٦٥–٣٦٦ confirmed on Shamela 9948 (print-matched, no. 531). NOTE: 91-ثبت is generated by pdf/thabat.py; its degree source (ledger ON_PRINT/OVERRIDE) must be aligned or regeneration will revert these hand edits.
F114	المجلد-الأول/الافتتاحية/91-ثبت-المصادر.md	30	The entry calls the work «المقدمة» in eight parts. The printed work actually matched is «تاريخ ابن خلدون», of which the Muqaddima is part 1; that is why the footnotes cite «١/٧٥٣» and similar. The edition number «الأولى» is also not recorded in any ledger row. The ledger gives only «دار الفكر، بيروت، ١٤٠١هـ/١٩٨١م».	صُحّح	Ibn Khaldun entry now names the work actually matched (تاريخ ابن خلدون، العبر وديوان المبتدأ والخبر، the Muqaddima being its part 1) with editor/reviewer; «الأولى ١٤٠١/١٩٨١» confirmed on the scan's rights page (leaf 1). Same generator caveat as F113.
F115	المجلد-الأول/الباب-الأول/ف01-أ-المدخل-والدرس-الأول.md	152	The verdict says model ① failed four criteria, but the analysis directly above it (lines 122–126) lists a failure under all five: الصحة، الوضوح، الأدب، التأثير، المناسبة. A learner comparing the two cannot tell which criterion is supposed to have passed. Related but softer: line 349 says «أخفق عمر في أربعة معايير», while the table at lines 341–347 records a fault in all five rows. That one may be intended, since الصحة is only «صحيحة غالبًا».	كان قد صُحّح	Line 152 now reads «فأخفق في المعايير الخمسة كلها». Line 349 (Omar, four criteria) left as authorial since الصحة is rated «صحيحة غالبًا».
F116	المجلد-الأول/الباب-الأول/ف01-ج-التطبيق-والتقويم.md	353	This quiz item tests a distinction the chapter never teaches. No file in the chunk, and nothing earlier in volume 1 (الافتتاحية، المدخل، فاتحة الباب), defines «الموقف» against «المقام». Lesson 2 only says what المقام covers (ف01-ب line 163). The learner is examined on a concept that was never taught. There is no safe text fix. The author should either add the definition to lesson 2 (§«أين ومتى؟») or replace the question with one on taught content, for example «ما الذي يجمعه «المقام» في النموذج ا	صُحّح	Added to lesson 2 (ف01-ب, §«أين ومتى؟») the series' own definition (V11 glossary) distinguishing «الموقف» from «المقام», so quiz item 5 tests taught content.
F117	المجلد-الأول/الافتتاحية/18-كيف-تقرأ-المجلدات-وعهد-المؤلف.md	47	The introduction promises that every comparison of models in the book uses the same ten fixed dimensions (اللغة، النطق، السجلّ، البنية، النبرة، الأدب، الثقة، مراعاة المخاطَب، المقام، الطبيعية). The very first chapter breaks this. Its three comparison tables use ad-hoc dimensions: ف01-أ lines 140–150 (الاستئذان، التعريف بالنفس، التحديد، تحمّل المسؤولية، الأثر…), ف01-ب lines 70–78 (التحقق من المخاطَب، سبب الاتصال، الصلة بالوظيفة…), and ف01-ج lines 36–42 (الافتتاح، المضمون، الطول…). There is no saf	صُحّح	Softened the promise in ch.18 to «بالرجوع إلى هذه الأبعاد … وقد يُفصَّل منها في الموقف الواحد ما يقتضيه», matching the chapter tables' situation-specific breakdowns.
F118	المجلد-الأول/الافتتاحية/18-كيف-تقرأ-المجلدات-وعهد-المؤلف.md	64	The skill path calls the target model «المثال الصحيح». The four degrees defined in the table just above (lines 38–43) name it «الناجح». The book also teaches that correct is not the same as successful: chapter 14 says «الصحة… لا تكفي», and the chapter 1 quiz asks the learner to correct «الكلام الصحيح ناجح دائمًا». Calling the successful model «الصحيح» confuses exactly these two terms.	كان قد صُحّح	The skill path now reads «المثال الناجح ← المثال الرفيع».
F119	المجلد-الأول/الباب-الأول/ف03-ب-التطبيق-والتقويم.md	60	The author's own analysis misapplies a classical technical term. In al-Qazwini (as quoted in this chapter), «تنافر الكلمات» means that words become hard to pronounce together, as in «وقبر حرب بمكان قفر». Piling up synonyms is a different fault, which the lesson itself calls «الإطالة بالمترادف» (in classical terms it belongs under الحشو/التطويل). The claim that the lesson explained «تنافر الكلمات» as repetition of meaning is false: the lesson defines it phonetically.	كان قد صُحّح	س١٧ analysis now uses «الإطالة بالمترادف» and explicitly distinguishes it from تنافر الكلمات.
F120	المجلد-الأول/الباب-الأول/ف03-ب-التطبيق-والتقويم.md	47	The model dialogue, which the analysis at line 61 endorses ("ربطت حفصة الملاحظة العملية بالمصطلح"), teaches a wrong meaning of the balāghī term «تنافر الكلمات». The term covers heaviness in pronunciation only; it has no sense of "repeated meaning". The reader leaves with a corrupted definition of a term the chapter defines from al-Qazwini.	كان قد صُحّح	Hafsa's س٢٠ line now says «الإطالة بالمترادف».
F121	المجلد-الأول/الباب-الأول/ف02-ب-الدرس-الثاني.md	16	Production language in the book text. «التكليف» is the internal commissioning document (00-التكليف-الرسمي.md), which is a production file and is not printed. The reader is sent to a document they cannot see. The book's own Introduction states the problem, so the sentence should point there.	كان قد صُحّح	No reference to «التكليف» as a production document remains in ف02-ب (only the fiqh term in a dialogue).
F122	المجلد-الأول/الباب-الأول/ف03-ب-التطبيق-والتقويم.md	204	The simulation prompt says Abu ʿAlqama spoke after a fall. In the lesson's verified account from Ibn Jinnī, Abu ʿAlqama had an attack of bile («ثار به المُرار… فلما أفاق»). The fall from a donkey belongs to the variant told of ʿĪsā ibn ʿUmar, and the lesson keeps the two apart. The exercise merges the two transmitted versions.	كان قد صُحّح	Line 204 now reads «أبو علقمة النحوي حين أفاق والناس مجتمعون عليه», consistent with Ibn Jinni's account.
F123	المجلد-الأول/الباب-الأول/ف02-ب-الدرس-الثاني.md	335	The plural pronoun «هم» has no antecedent. The nearest nouns are «الأدب وحس المقام» (two abstract nouns) and «آلاف المستمعين», and neither fits «أول ما يتذكره المستمع». The intended referent is the dismissal of the caller's question, the failure just described.	كان قد صُحّح	Line 335 now reads «وهو أول ما يتذكره المستمع».
F124	المجلد-الأول/الباب-الأول/ف03-ب-التطبيق-والتقويم.md	5	Number and counted noun: the numeral follows the gender of the singular «تدريب», which is masculine. So it should be «أحد عشر تدريبًا», and as an adjective after the noun, «التدريبات الأحد عشر». The same chunk treats masculine singulars correctly, e.g. «ثلاثةَ أمورٍ» and «في اثني عشر مقامًا».	كان قد صُحّح	Line 5 now reads «والتدريبات الأحد عشر».
F125	المجلد-الأول/الباب-الأول/ف03-ب-التطبيق-والتقويم.md	76	The situation card says Professor Anīsa is retiring after 25 years of teaching balāgha (line 16: «تتقاعد بعد خمسة وعشرين عامًا»). In the same scene Hafsa says twenty. This is an internal contradiction.	كان قد صُحّح	Hafsa's line now says «خمسة وعشرين عامًا», matching the card.
F126	المجلد-الأول/الباب-الأول/ف04-ب-الدرس-الثاني.md	55	A colloquial sentence carries the ✔ (correct model) mark, which breaks rule 5 on the same page: dialect appears only as an error to correct or to show the difference. The bracketed aside reads like a drafting note rather than book text. The Fusha sentence alone serves the example (avoiding a sudden rise in formality).	كان قد صُحّح	The colloquial sentence is now marked ✘ «(نزول إلى العامية)» and the ✔ is fuṣḥā only.
F127	المجلد-الأول/الباب-الأول/ف04-ب-الدرس-الثاني.md	173	خطأ في المصاحبة اللفظية: «الانزعاج» حال نفسية للعاقل، والانطباع لا ينزعج. والمقصود أن الانطباع يضطرب أو يهتزّ.	كان قد صُحّح	Line 174 now reads «ويسوء انطباع الضيف».
F128	المجلد-الأول/الباب-الأول/ف04-ج-التطبيق-والتقويم.md	255	الخلاصة تخالف الدرس. ف04-أ س٧٢ والحاشيتان ٢–٣ تثبت العبارة مرويّةً من كلام أبي الطفيل موقوفةً، بإسناد قال فيه المحقّق: «والأثر صحيح ثابت». والخلاصة تقول إن مصدرها لم يثبت يقينًا، فتنقص ما قرّره الدرس دون بيان، ويحفظ المتعلم حكمًا مخالفًا.	كان قد صُحّح	The summary (ف04-ج 255) now states the saying is transmitted mawqūf from Abu al-Ṭufayl, matching the lesson.
F129	المجلد-الأول/الباب-الأول/ف05-أ-المدخل-والدرس.md	223	المعطوف بـ«لا» يتبع المعطوف عليه في إعرابه، و«أسلوب» مجرور بالباء، فلا يصح نصب «أسلوبًا».	كان قد صُحّح	Line 223 now reads «لا بأسلوبٍ مستعار».
F130	المجلد-الثاني/الباب-الثاني/ف03-ب-الدرس-الثاني-والأزواج.md	138	There are two problems. (1) The sentence states a claim about child language acquisition as established fact («أصوات الأسنان من آخر ما يكتسبه الأطفال») with no source and no ledger record. (2) The comment talks about «خطأ الطفل», but the example's ✘ line is the father's utterance: «(أب يعلّم ابنه…) ✘ اجلس في زِلّ الشجرة». The reader can't tell whose error is being discussed. The safe fix drops the unsupported claim and ties the comment to the actual speaker, in line with the book's own point in 	صُحّح	Commentary on مث٩ blamed the child for the father's ✘ line and asserted an unsourced child-acquisition claim; rewritten to tie the error to the father (the model speaker) and the claim dropped.
F131	المجلد-الثاني/الباب-الثاني/ف03-ب-الدرس-الثاني-والأزواج.md	47	The text calls the confusion of حضر with حظر a grammatical (نحوي) error. It is a lexical error: the wrong word was chosen, and nothing in the syntax is wrong. The book itself describes it correctly twice in the same section: «خطأ في اختيار الفعل» (line 62) and «بقي خطأ في اختيار الفعل نفسه» (line 68). The linguistic label is wrong and inconsistent.	كان قد صُحّح	Text now reads «خطأ معجمي لا صوتي».
F132	المجلد-الثاني/الباب-الثاني/ف01-ب-التطبيق-والتقويم.md	82	In the fully vocalised improved dialogue, the imperative ends in sukun right before the hamzat al-wasl of «الآن», which gives two consecutive sukuns. It must carry a kasra: «فرّقِ الآنَ».	كان قد صُحّح	Text now reads «فرّقِ الآنَ».
F133	المجلد-الثاني/الباب-الثاني/ف01-ب-التطبيق-والتقويم.md	315	The quiz asks for the tasting method in four steps, but the lesson teaches it in five numbered steps.	كان قد صُحّح	Quiz now asks for the tasting method «في خمس خطوات».
F134	المجلد-الثاني/الباب-الثاني/ف02-أ-المدخل-والصفات.md	224	The day name is written with a hamzat al-qat' («الإثنين»). Its initial hamza is a hamzat al-wasl: «الاثنين». The same misspelling is in the ✘ line 223, which should mirror the fix; its intended error is only س/ص.	كان قد صُحّح	Both ✘/✔ lines now spell «الاثنين».
F135	المجلد-الثاني/الباب-الثاني/ف02-أ-المدخل-والصفات.md	343	«الإثنين» is misspelled three times in this example; it should be «الاثنين».	كان قد صُحّح	مث٢٤ now spells «الاثنين» throughout.
F136	المجلد-الثاني/الباب-الثاني/ف02-أ-المدخل-والصفات.md	389	Same misspelling: «الإثنين» should be «الاثنين».	كان قد صُحّح	Table row now reads «صوم الاثنين».
F137	المجلد-الثاني/الباب-الثاني/ف03-ب-الدرس-الثاني-والأزواج.md	166	Straight Latin quotes appear in an explanatory note that is outside the «» quotation.	كان قد صُحّح	Note now uses «ضوءًا» in guillemets.
F138	المجلد-الثاني/الباب-الثاني/ف09-أ-المدخل-والدرسان.md	284	The rule leaves out the condition that the first of the two identical letters must be sakin (voweless), and it gives no source. As written it covers voweled letters too (hence the «قال لك» example), which contradicts line 294. The same unconditioned wording appears in the lesson objective (line 213) and in the ف09-ب checklist (line 227: «حين يلتقي حرفان متماثلان بين كلمتين متصلتين»).	صُحّح	Added the sukun condition to the between-word idgham rule (objective 4, rule para, تنبيه, ف09-ب checklist) and replaced مث١٨ «قالَ لك» (moving lam = idgham kabir) with «هلْ لكم رأيٌ آخر؟» keeping its ID.
F139	المجلد-الثاني/الباب-الثاني/ف09-أ-المدخل-والدرسان.md	145	Wrong cross-reference. The opening and closing of the hamza in «إنّ»/«أنّ» (kasra after القول, fatha elsewhere) is not taught in chapter 1 of volume 3. It is taught in chapter 2, lesson 3 (النواسخ). Chapter 1 only mentions «إنّ» as a sentence opener and itself defers its details to chapter 2.	كان قد صُحّح	Cross-reference now points to المجلد الثالث، الباب الثالث، الفصل الثاني.
F140	المجلد-الثاني/الباب-الثاني/ف08-أ-المدخل-والدرسان.md	62	The book now quotes Abu al-Aswad's instruction verbatim from إيضاح الوقف والابتداء 1/41. Ledger row م٢-٠٣٥ still holds the old paraphrase («جعل علامتها صورة الفم: فإذا فتح القارئ فمه بالحرف وُضعت نقطة ف…»), which no longer appears in the book, and its النص المقارن is empty. Its status «نسبةٌ غير ثابتة» was given for the old claim that the vowel names derive from this report. The book has since recast that claim as the author's own observation («ما يناسب أسماء الحركات…»). The ledger should record	رُدّ (ليس خطأً أو هو قرارٌ مقصود)	No defect in the book: ف08-أ:62 quotes the printed text of إيضاح الوقف 1/41 exactly as in the ledger's comparison column. The stale النص column/status note of ledger row م٢-٠٣٥ is a production-register update outside this batch's files (pdf/ledger.py ROWS).
F141	المجلد-الثاني/الباب-الثاني/ف09-أ-المدخل-والدرسان.md	59	Ledger row م٢-٠٣٨ still holds a superseded text («ذكر علماء اللغة القدماء… فتميم وقيس وأهل نجد يحققونها في كل موضع…») that is no longer in the book. The book now attributes the statement to Sibawayh and names only بنو تميم and أهل الحجاز. Row م٢-٠١٥ is out of date in the same way for ف07-أ line 101: the ledger has «يصف علماء الأصوات المحدثون المفخّم بأن له حركة ثانية…», but the book now reads «يصف كمال بشر المفخّم بأن له موضعين من النطق…». In both cases the book is supported by the scans; the le	رُدّ (ليس خطأً أو هو قرارٌ مقصود)	Book text (Sibawayh on Tamim/Hijaz; Bishr's two places of articulation) matches the verified scans; only ledger rows م٢-٠٣٨ and م٢-٠١٥ hold superseded النص wording — a register regeneration outside this batch's files.
F142	المجلد-الثاني/الباب-الثاني/ف09-أ-المدخل-والدرسان.md	247	The ✘ line is meant to show the error of adding a shadda («فإن شدّده صار «سلَّم»», line 249), but it is printed without the shadda. As printed, the wrong form is indistinguishable from an unvowelled correct one, so the example does not show its error.	كان قد صُحّح	✘ line now shows the shadda «سلَّمتَ».
F143	المجلد-الثاني/الباب-الثاني/ف09-أ-المدخل-والدرسان.md	284	The rule for natural assimilation between two words leaves out the condition that the first letter be sakin. Example 18 (lines 287–288, «قالَ لك» with a moving lam) then recommends merging the two lams. That drops the fatha of «قالَ» and amounts to al-idgham al-kabir, which line 294 itself confines to Quranic recitation. The rule is repeated in objective 4 (line 213) and in the ف09-ب checklist (line 227).	صُحّح	Same fix as F138 (sukun condition + new مث١٨ example).
F144	المجلد-الثاني/الباب-الثاني/ف09-أ-المدخل-والدرسان.md	49	«بلال» is the object here: the anchor asks Bilal. It must carry the accusative «بلالًا». As written, it reads as 'then Bilal asked', which reverses who asked.	كان قد صُحّح	Text now reads «سأل بلالًا».
F145	المجلد-الثاني/الباب-الثاني/ف08-ب-التطبيق-والتقويم.md	112	In a chapter built on حَضَرَ/حاضَرَ, the prompt uses the ambiguous «حاضر» for 'attended'. It reads naturally as «حاضَرَ» ('lectured'), the opposite of the intended meaning, and the parallel «لا ألقاها» expects a past verb.	كان قد صُحّح	Situation now reads «تقديم زميل حضر محاضرة ولم يُلقها».
F146	المجلد-الثاني/الباب-الثاني/ف08-ب-التطبيق-والتقويم.md	304	This is a progression problem. The trainer plan schedules the guided training in session 1, before lesson 2 is taught. But the chapter's only guided training (ف08-أ lines 477–486, placed after lesson 2) contains lesson-2 items: 4 «ابنٌ طبيبٌ/ابنُ طبيبٍ» and 5 «جزيلا/جزيلَنْ». The session-1 assignment of exercises 1–2 (line 305) also includes waqf and tanwin items (ex.1 item 2; ex.2 items 3–4). The same pattern occurs in ف07-ب line 321, where exercise 2 is entirely about rāʾ and lām al-jalāla fro	صُحّح	ف08-ب trainer plan: guided training moved to session 2 and session-1 homework limited to lesson-1 items; same progression fix applied to ف07-ب (lesson-2 items of exercises 1–2 moved to session 2). Times unchanged.
F147	المجلد-الثاني/الباب-الثاني/ف07-ب-التطبيق-والتقويم.md	100	The «السطر» column of the «ماذا تغيّر؟» table mixes two numberings. Rows س٥–س٧ and س١٥–س١٧ use the first dialogue's lines. Rows س٧ (الصلام, which is س٩–س١١ in the first dialogue), س٩ (إرسال الموقع) and س١١ (الكاعة, which is س١٣ in the first dialogue) use the improved version's lines. In the first dialogue, س٧ is «سوك الخُدار…», so the learner cannot locate the 'before' text.	صُحّح	«ماذا تغيّر؟» table in ف07-ب now uses the first dialogue's line numbers throughout (س٩–س١١، س١٤، س١٣).
F148	المجلد-الثاني/الباب-الثاني/ف09-أ-المدخل-والدرسان.md	145	This cross-reference points to the wrong chapter. Vol. 3 ch. 1 (الجملة الاسمية والفعلية) mentions «إنّ» only as a sentence opener. The fatḥ/kasr rule for the hamza of إنّ/أنّ is taught in ch. 2 (ف02-ب-الإعراب-والنواسخ.md, objective at line 185; rule at line 214: «بعد القول تُكسر الهمزة… أما بعد غيره من الأفعال فتُفتح»).	كان قد صُحّح	Same as F139.
F149	المجلد-الثاني/الباب-الثاني/ف04-ب-التطبيق-والتقويم.md	338	The summary repeats the classical voicing of ط as the operative contrast.	صُحّح	Summary already corrected; fixed the two remaining residues teaching ط/ت as إطباق+جهر (ف04-أ error table, ف04-ب «ماذا تغيّر؟»).
F150	المجلد-الثاني/الباب-الثاني/ف05-ج-التطبيق-والتقويم.md	341	The author's pedagogical hypothesis, that stress drops throat sounds first because they lie far from the front of the mouth, is stated as an established causal fact with no source. The same unsupported causal claim appears in ف05-ب line 16 («أصوات الحلق أكثر ما يتأثر بالانفعال والاستعجال، لأن موضعها بعيد عن مقدمة الفم»).	صُحّح	Causal claim recast as the author's training observation with «لعل» in ف05-ب:16 and ف05-ج:341.
F151	المجلد-الثاني/الباب-الثاني/ف06-ب-التطبيق-والتقويم.md	346	«باب اللسان كله» is equated with chapters 1–6, but the bab has twelve chapters. Line 350 («مستوفيًا مخرج إتقان الباب الثاني كاملًا») makes the same overclaim.	كان قد صُحّح	Mastery line now reads «ولما مضى من باب اللسان (الفصول ١-٦)» and «اقترابًا من مخرج إتقان الباب الثاني».
F152	المجلد-الثاني/الباب-الثاني/ف06-ب-التطبيق-والتقويم.md	197	This is a vocalization error in a drill sentence that learners read aloud. The verb is رَبِحَ (فَعِلَ), as the same file vocalizes it correctly at line 128 («رَبِحَ / لَبِحَ»).	كان قد صُحّح	Drill now vocalises «رَبِحَ».
F153	المجلد-الثاني/الباب-الثاني/ف04-ب-التطبيق-والتقويم.md	358	A production file-part code («ف٤-أ») appears in book text.	كان قد صُحّح	Production code removed («يُضاف إلى زمن الدرس»).
F154	_production/التحقيق/نقول-المجلدات-٢-١١.json	876	The ledger row م٢-٠٢٦ (سجل-النقول.tsv line 174, generated from this field by pdf/ledger.py) carries this sentence as the quotation and marks it «متحقّق». The same entry's verification found that the sentence does not exist in al-Kitāb (outcome quote-corrected). The book (ف04-أ line 59) now quotes different wording, 4/433 and 4/464, which appears in no النص or النص المقارن field. The ledger therefore certifies a non-existent Sibawayh sentence and does not record the words actually printed.	صُحّح	م٢-٠٢٦ (P-25) النص is now the book's two Sibawayh quotations (4/433, 4/464); the non-existent sentence appears only in the notes as «كان في المتن قبل التصحيح».
F155	المجلد-الثاني/الباب-الثاني/ف06-ب-التطبيق-والتقويم.md	5	The text says chapter 6 closes the whole of Bab 2. It does not: the Bab has twelve chapters (ف07–ف12 follow, and ف12-ب is the one headed «وخاتمة الباب»).	كان قد صُحّح	Intro now says the chapter closes «الفصول الستة الأولى من الباب».
F156	المجلد-الثاني/الباب-الثاني/ف04-أ-المدخل-والأزواج.md	186	The rule contradicts itself. Its first clause says voicing depends on إطباق («مجهورتان أو مهموستان بحسب إطباقهما»); its last sentence says the two are independent features. The first clause teaches exactly the confusion the rule warns against.	كان قد صُحّح	Rule now reads «الإطباق غير الجهر…».
F157	المجلد-الثاني/الباب-الثاني/ف03-ج-التطبيق-والتقويم.md	87	The error was ظ→ذ (نذرية), and both sounds already put the tongue tip between the teeth. What fixes it is adding إطباق. «بلا زيادة صفير» names a feature that plays no part in this pair, so the stated reason teaches the wrong mechanism.	صُحّح	Reason column now names the real mechanism: adding إطباق (ظ = mutbaq ذ) instead of «بلا زيادة صفير». Note: in the first dialogue of ف03-ج the errors (س٦ النذرية، س١٠ عردتَ، س١٢ حاظرة، س١٦ ملاحزاتي) are put in Dr. Khadija's mouth while the analysis and «ماذا تغيّر؟» attribute them to Yusuf — a speaker-assignment problem left for the author.
F158	المجلد-الثاني/الباب-الثاني/ف06-أ-المدخل-وحروف-الذلاقة.md	245	The coded examples are filed under the wrong pairs. Under «الباء والفاء», مث٨ (سرّ/سلّ) is ر/ل and مث٩ (لام/نام) is ل/ن. Under «لام لفظ الجلالة» (line 271), مث١٣ (باحت/فاحت) is ب/ف and مث١٤ (نمّ/لمّ) is ن/ل. A learner reading by heading learns the wrong pair. The fix is regrouping or renaming headings, not renumbering: the IDs must be kept.	صُحّح	Added accurate sub-headings «الراء واللام، واللام والنون» before مث٨ and «الباء والفاء، والنون واللام» before مث١٣; IDs and order unchanged.
F159	المجلد-الثاني/الباب-الثاني/ف06-أ-المدخل-وحروف-الذلاقة.md	293	The extended example is internally broken. (1) The ✔ model keeps the wrong verb «بات» and then corrects itself with «بل استغرق», so the correct model is not clean. (2) The analysis on line 295 mislabels the errors: «بال/بات» differ in ل/ت, not «ب/ت»; «الفه/الله» replaces ل with ف, it is not «سقوط لام كاملة»; «مالني/لي» is not a sound substitution at all. Exercise items in ف06-ب lines 135–136 reuse these forms. The example needs to be redesigned by the author, so no mechanical fix is proposed.	صُحّح	Extended example مث١٥ rebuilt on chapter sounds only (عذل/عذر ر←ل، كامنة/كاملة ل←ن، الفه/الله); ✔ model now clean; analysis relabelled; ف06-ب ex.3 item 1 aligned («لي عذلٌ واحد»).
F160	المجلد-الثاني/الباب-الثاني/ف04-أ-المدخل-والأزواج.md	286	The ✔ model is not natural Arabic. «طاب للفريق كل مراحل التقييم بنجاح» does not mean the team passed every stage. It also differs from its ✘ («تاب الفريق») by more than the target sound (an added لـ). One possible repair is ✘ «تختّى الفريق» / ✔ «تخطّى الفريق كل مراحل التقييم بنجاح», but the author should choose.	صُحّح	✘/✔ now «تختّى/تخطّى الفريق كل مراحل التقييم بنجاح», keeping the ط/ت pair.
F161	المجلد-الثاني/الباب-الثاني/ف05-ب-الدرس-الثاني-والأزواج.md	122	The ✔ sentence is ungrammatical: «هاله» already carries its object (ـه), so «كثيرًا من المتابعين» has no function. The ✘ on line 121 («حاله») mirrors it and would need the parallel change («حال كثيرًا»).	صُحّح	«هاله/حاله كثيرًا» → «هال/حال كثيرًا» in both lines (object pronoun removed).
F162	المجلد-الثاني/الباب-الثاني/ف05-ب-الدرس-الثاني-والأزواج.md	104	A case error. What follows «لا» العاطفة takes the case of what precedes it, here the nominative خبر أنّ «مظلومٌ».	كان قد صُحّح	Text now reads «مظلومٌ لا ظالمٌ».
F163	المجلد-الثاني/الباب-الثاني/ف05-أ-المدخل-وأصوات-الحلق.md	24	A dual form («اللهويّان») is used for a single sound (ق).	كان قد صُحّح	Text now reads «واللهويّ (ق)».
F164	المجلد-الثاني/الباب-الثاني/ف03-ج-التطبيق-والتقويم.md	53	«جهوزية» is a colloquial formation. The book itself uses the standard «جاهزية» (ف04-ب line 20). The same form appears on line 89.	صُحّح	«جهوزية» → «جاهزية» (analysis and table).
F165	المجلد-الثاني/الباب-الثاني/ف04-ب-التطبيق-والتقويم.md	223	Wrong vocalization of the مصدر: the form is اِلْتِزام, with sukun on the لام and kasra on the تاء.	صُحّح	«التَزامَ» → «الْتِزامَ».
F166	المجلد-الثاني/الباب-الثاني/ف04-ب-التطبيق-والتقويم.md	227	Wrong vocalization of the quadriliteral verb: طَمْأَنَ has sukun on the ميم.	صُحّح	«طَمَأَنَ» → «طَمْأَنَ».
F167	المجلد-الثاني/الباب-الثاني/ف05-ج-التطبيق-والتقويم.md	197	Hamzat al-wasl in the imperative of يَفْعُل takes damma, not kasra.	صُحّح	«اِكْتُبوا» → «اُكْتُبوا».
F168	المجلد-الثاني/الملاحق/ملحق-الباب-الثاني-برنامج-النطق.md	164	The gloss is wrong. Both words begin with a hamza, so the pair does not separate the hamza from the ha. It contrasts the ح (middle of the throat) with the ه (far end of the throat). As written, the gloss teaches the learner a false place-of-articulation contrast.	صُحّح	Gloss now says the pair separates الحاء from الهاء, in the appendix's standard formula.
F169	المجلد-الثالث/الباب-الثالث/ف02-أ-المطابقة.md	267	The sentence contradicts the scholarly distinction just set out. In the Corder paragraph (line 265) the first type named is «خطأ» (error), and «زلّة» (mistake) is the second. So «زلّات من النوع الأول» either misstates Corder's categories or points ambiguously to the order of the self-test sentence. The reader may conclude that Corder's first category is the slip. The book's point is that Abdullah knows the rules, so his lapses are mistakes, not errors, and the wording should say that plainly.	كان قد صُحّح	Line 267 now reads «زلّات لا أخطاء», consistent with Corder's error/mistake order.
F170	المجلد-الثالث/الباب-الثالث/ف02-ج-التطبيق-والتقويم.md	443	Concepts are used before they are taught. The timing plan puts exercises ١ (التصحيح) and ٢ (الاختيار), plus the take-home «سلاسل التحويل» on the next row, in session 1, which covers only lesson 1 (المطابقة). Almost every item in these exercises tests lesson 3 material, which is taught only in sessions 2 and 3: «إنّ الحاضرون», «كان… قصيرٌ», «أبو الطالب/أخوه», «معلمين المدرسة… يحضرون», «أشياءً/مساجدًا», «إنّ في القاعة ضيوف», «قال المدير أنّ», «ذوو/ذوي», «أخطاءَ», «رغب عن/في». The chains cover إنّ,	صُحّح	Trainer plan: exercises 1-2 and the transformation-chain homework moved from session 1 to session 3 (after lesson 3); session times rebalanced so each still totals 90 minutes.
F171	المجلد-الثالث/الباب-الثالث/ف02-ج-التطبيق-والتقويم.md	52	A permissible form is marked as an error. In «المدربين كانوا أربعة، اثنين من القسم واثنين من خارجه», «أربعة» is the منصوب خبر of كان. The detailing «اثنين… واثنين» is therefore sound as a بدل تفصيل from it. The nominative «اثنان… واثنان» is equally valid by القطع (خبر for an omitted مبتدأ), but it is not obligatory, so «لأنهما في موضع الرفع» is wrong. Line 98 repeats the claim as «والتفصيل مرفوع».	صُحّح	«اثنين… واثنين» is now explained as a valid بدل تفصيل from the منصوب خبر «أربعة», with the nominative by قطع as optional; the 'what changed' table row dropped «اثنين/اثنان» and «والتفصيل مرفوع». No error count in the file depended on it.
F172	المجلد-الثالث/الباب-الثالث/ف02-ج-التطبيق-والتقويم.md	327	«بالقراءتين» does not say which two readings. The phonetic drill that follows prescribes four readings (line 351: «اقرأ النص أربع مرات»), and the trainer's plan also says «بالقراءات الأربع» (line 446). The learner cannot tell which two to record.	صُحّح	«بالقراءتين» changed to «بالقراءات الأربع» (and «واحفظها») to match the four-reading drill and the trainer plan.
F173	المجلد-الثاني/الملاحق/ملحق-الباب-الثاني-برنامج-النطق-٢.md	360	Two lines of Qur'an (al-A'raf 7:43, «الحمد لله الذي هدانا لهذا وما كنا لنهتدي لولا أن هدانا الله») are used as a speed drill with no ﴿﴾, no reference and no Uthmani spelling. Pause marks are placed inside the verse. The «//» full stop after «لِلَّهِ» makes the reader resume at «الَّذِي هَدَانَا». Because the verse is not bracketed, pdf/quran.py cannot see it, and it is missing from مطابقة-القرآن.json. The chapter says it does not handle the Mushaf's pause rules (ف10-أ line 57), yet here it marks	صُحّح	Per coordinator decision A: al-Aʿrāf 7:43 removed from the day-28 speed drill and replaced by a non-Qur'anic vowelled sermon opening with the same marks ([بطء] // [/] (ت)).
F174	المجلد-الثاني/الباب-الثاني/ف12-أ-المدخل-والدرسان.md	109	خ is placed in «أقصى الحلق». In the book and in the classical scheme, خ is in أدنى الحلق (the part nearest the mouth), next to أقصى اللسان. That closeness is exactly why خ can slide to ك. Labelling it «أقصى الحلق» contradicts chapters 1 and 5.	كان قد صُحّح	Row now reads «خ (أدنى الحلق)».
F175	المجلد-الثاني/الباب-الثاني/ف11-أ-المدخل-والدرسان.md	124	This method note describes «الأرقام الآتية», but the table that follows gives no numbers, only qualitative descriptions («الأبطأ»، «معتدلة»…). The note is left over from an earlier version and misdescribes the table.	صُحّح	Method note now says «الأوصاف الآتية… لا بالقياس الدقيق», matching the qualitative table.
F176	المجلد-الثاني/الباب-الثاني/ف11-أ-المدخل-والدرسان.md	274	There is a typo in the definition of clarity: «تعثم» is not a word.	كان قد صُحّح	Definition now reads «ولا تلعثم».
F177	المجلد-الثاني/الباب-الثاني/ف12-أ-المدخل-والدرسان.md	42	The book quotes its own earlier instruction inside «» but drops words from it, so the quotation is not exact.	صُحّح	Self-quotation in ف12-أ now reproduces the opening's wording exactly («في كل فصل من فصول الباب»).
F178	المجلد-الثاني/الباب-الثاني/ف10-أ-المدخل-والدرسان.md	134	المركب الإضافي يُثنّى بتثنية المضاف: «شِبْهَي الجملة». أما «شبه الجملتين» فيثنّي المضاف إليه، فيصير المعنى «ما يشبه جملتين».	صُحّح	«شبه الجملتين» → «شِبْهَي الجملة».
F179	المجلد-الثاني/الباب-الثاني/ف10-أ-المدخل-والدرسان.md	173	جدول المقارنة يصف وقف النموذج ③ بأنه «تام بعد جملة الاستثناء كاملة»، والعلامة المكتوبة «/»، وهي في اصطلاح الفصل علامة الوقف الجائز لا التام. والوقف هنا بعد نقطة تنهي الجملة.	صُحّح	Pause marks after full sentences in models ③ and ④ changed from «/» to «//» to match the table's «تام».
F180	المجلد-الثاني/الباب-الثاني/ف10-أ-المدخل-والدرسان.md	271	«ينفس» ليس فعل التنفس: «نفَّس» معناه فرّج ونفّس عن غيره. المراد «يتنفّس».	كان قد صُحّح	Text now reads «وهو يتنفس».
F181	المجلد-الثاني/الباب-الثاني/ف10-أ-المدخل-والدرسان.md	275	المصطلح النحوي مقلوب: الذي يُعلَّق عن صلته هو «الاسم الموصول» («الذين»)، أما «الصلة» فهي الجملة بعده. عبارتا «الصلة الموصولة عن صلتها» و«جملة موصولة بصلتها» لا معنى لهما اصطلاحًا.	صُحّح	First half already fixed («لعلّق الاسم الموصول عن صلته»); remaining «يصل كل جملة موصولة بصلتها» → «يصل كل اسم موصول بصلته».
F182	المجلد-الثاني/الباب-الثاني/ف10-ب-التطبيق-والتقويم.md	131	الخلل نفسه: فاصلة قبل «إلا» في جملة النموذج التي يعيد بها بلال القاعدة.	صُحّح	Removed the comma before «إلا» in Bilal's model rule (س٦) and in س٤ of the improved dialogue.
F183	المجلد-الثاني/الباب-الثاني/ف10-ب-التطبيق-والتقويم.md	243	نص التدريب الصوتي يأمر المتعلم بالتنفس في مواضع «(ت)»، وقد وُضعت «(ت)» مباشرة قبل «إلا». وهذا عين الوقف الممنوع الذي يدور عليه الفصل، وينقضه التنبيه بعده مباشرة.	كان قد صُحّح	«(ت)» no longer precedes «إلا» in the drill.
F184	المجلد-الثالث/الباب-الثالث/ف07-ب-التكرار-والغموض.md	18	The book quotes a full verse word for word and attributes it to Zuhayr's Mu'allaqa, but neither the verse nor the attribution has its own ledger row. Row م٣-٠٠١ (Talkhis, Arus 1/578–582) confirms only the first hemistich, which the Talkhis introduces with a bare «كقوله» and no poet's name. It also confirms the Idah's remark that «قبله» is superfluous but does not corrupt the meaning. The second hemistich («وَلَكِنَّنِي عَنْ عِلْمِ مَا فِي غَدٍ عَمِ») and the attribution to Zuhayr's Mu'allaqa are	صُحّح	Verified on the print scan of Ibn al-Anbari, Sharh al-Qasa'id al-Sab' (ed. Harun, Dar al-Ma'arif), p.289, verse 59 of Zuhayr's Mu'allaqa: second hemistich matches; first hemistich there reads «وأعلم ما في اليوم». Added footnote documenting the attribution and the riwaya difference (book follows the Talkhis riwaya). Ledger/verify.py rows still need adding by whoever owns _production/pdf (scan pages: archive.org 3855pdf_202001, PDF index 307).
F185	المجلد-الثالث/الباب-الثالث/ف07-ج-التطبيق-والتقويم.md	348	The hadith «إِنَّ مِنْ خِيارِكُمْ / أَحْسَنَكُمْ أَخْلاقًا» (line 343) is given verbatim with only a bare «متفق عليه» line under the reading block. It has no takhrij (collections, numbers, narrator) and no ledger row for this position. The wording given is al-Bukhari's; Muslim's printed wording is «أحاسنكم». Without a note, «متفق عليه» suggests both collections share the exact wording. The file has no footnotes, so a page note is needed.	صُحّح	Added a takhrij footnote: al-Bukhari 3559 (K. al-Manaqib) with this wording, Muslim 2321 (K. al-Fada'il) with «أحاسنكم»; narrator 'Abdullah b. 'Amr confirmed on the print scans HA62_bukhari3559_v4p189.jpg and HA62_muslim2321_v4p1810.jpg; renumber.py run. A م٣ ledger row for this position still needs adding.
F186	المجلد-الثالث/الباب-الثالث/ف08-أ-الفصيح-المأنوس.md	79	The book prints a word-for-word quotation from al-Jahiz, but its ledger row (م١-١٢٨) has the form «حكاية معنى». Its النص field holds a different paraphrase («الوحشي من الكلام يفهمه الوحشي من الناس، كما يفهم السوقي رطانة السوقي»), and its النص المقارن is empty. The structural-corrections log (row for this file, line 79) says the exact wording was checked on 1/144 (ع٦٦), but the ledger does not record the printed wording or this vol. 3 position. So the verbatim text cannot be checked from the ledg	رُدّ (ليس خطأً أو هو قرارٌ مقصود)	The book text is correct; the gap is a missing vol-3 ledger row in book/_production (outside this batch). No book change.
F187	المجلد-الثالث/الباب-الثالث/ف04-أ-التذكير-والتأنيث-والعدد.md	155	The rule is wrong. On its own, «عشرة» takes the opposite gender to the counted noun, exactly like 3–9. The book's own examples show this («عشرةُ طلابٍ», «عشرُ طالباتٍ»), so the heading contradicts them. The same error appears in the table on line 225.	كان قد صُحّح	Heading now says standalone 10 takes the opposite gender like 3-9.
F188	المجلد-الثالث/الباب-الثالث/ف04-أ-التذكير-والتأنيث-والعدد.md	165	This heading has the same wrong rule for 13–19 (see line 167).	كان قد صُحّح	Heading now distinguishes 11-12 from 13-19 correctly.
F189	المجلد-الثالث/الباب-الثالث/ف04-أ-التذكير-والتأنيث-والعدد.md	46	This misdescribes the correction. In «خمس عشرة» the first part takes the opposite gender and the second part agrees; the two parts do not both agree.	كان قد صُحّح	Line 46 now says the first part differs and the second agrees («خمس عشرة»).
F190	المجلد-الثالث/الباب-الثالث/ف04-أ-التذكير-والتأنيث-والعدد.md	231	The word «فقط» is wrong. Opposite gender also applies to 10 on its own and to the first part of 13–19.	كان قد صُحّح	Rule box now: opposite gender for 3-10 and the first part of 13-19.
F191	المجلد-الثالث/الباب-الثالث/ف04-ب-الإضافة.md	390	The chapter summary repeats the wrong «فقط» rule, and it contradicts the next line, which groups 3–10 together.	كان قد صُحّح	Summary line in ف04-ب now reads «من ٣ إلى ١٠، وفي صدر المركّب من ١٣ إلى ١٩».
F192	المجلد-الثالث/الباب-الثالث/ف03-ب-النسبة-والجموع-والمعتل.md	285	The tā' in استشارة is not «أصلية»; it is added as compensation for the weak middle letter that was dropped (see ف03-أ line 195).	كان قد صُحّح	Line 285 now calls the ta' a compensation (عوض) for the dropped middle radical.
F193	المجلد-الثالث/الباب-الثالث/ف03-ب-النسبة-والجموع-والمعتل.md	46	This is self-contradictory. If the root is ب ن ي, the hamza of بناء is substituted for yā' and is not original. For a hamza substituted from a root letter, the nisba allows two forms (بنائي and بناوي). The table on line 26 has the same error («بناء ← بنائي (أصلية)»).	كان قد صُحّح	Nisba table and line 46 now say the hamza of بناء is substituted for a ya' and both forms are allowed.
F194	المجلد-الثالث/الباب-الثالث/ف04-أ-التذكير-والتأنيث-والعدد.md	120	The pattern فَعّال does not take the same form for masculine and feminine; it regularly adds tā' in the feminine (كذّابة، نوّاحة). Among intensive forms, فَعول with the meaning of an active participle is the one used for both genders, as the note on line 123 correctly says.	كان قد صُحّح	Note now restricted to فَعول; فعّال removed.
F195	المجلد-الثالث/الباب-الثالث/ف04-أ-التذكير-والتأنيث-والعدد.md	84	Marking the masculine as an error overstates the case: السوق is used as both masculine and feminine in Arabic, with the feminine better known. The masculine is at most less preferred, not wrong. This needs checking against a standard dictionary before it is taught as an error.	صُحّح	The ✘ example on masculine السوق replaced with «الأرض» (feminine, already in the lesson's table); the table row for السوق now notes «وتُذكَّر أيضًا».
F196	المجلد-الثالث/الباب-الثالث/ف06-أ-أثر-اللغات-المحلية.md	80	The ledger no longer matches the book. The النص column of ledger row م٣-٠٠٥ still holds the old wording («…إلا بطول المران…»), without the «قبل التصحيح» prefix that rows ٠٢٠–٠٢٢ use. The book was corrected to Ibn Khaldun's real exception, so the ledger row describes text that is no longer in the book. The book text itself is consistent with the seen print (1/751). The quoted phrase «مقصّرًا في اللغة العربية» matches.	رُدّ (ليس خطأً أو هو قرارٌ مقصود)	The book text matches Ibn Khaldun's print; only the ledger row م٣-٠٠٥ text field is stale, which is a _production fix outside this batch.
F197	المجلد-الثالث/الباب-الثالث/ف04-أ-التذكير-والتأنيث-والعدد.md	225	The summary table repeats the wrong rule that a standalone ١٠ agrees with the counted noun. It takes the opposite gender (عشرةُ طلابٍ / عشرُ طالباتٍ).	كان قد صُحّح	Summary table row for 10 now reads «تخالف المعدود».
F198	المجلد-الثالث/الباب-الثالث/ف04-أ-التذكير-والتأنيث-والعدد.md	167	This line again says both parts always agree with the counted noun, which is wrong for ١٣–١٩. It also contradicts line 139 and مث١٥.	كان قد صُحّح	Line 167 now separates 11-12 (both agree) from 13-19 (first part differs).
F199	المجلد-الثالث/الباب-الثالث/ف04-أ-التذكير-والتأنيث-والعدد.md	226	The summary table says both parts of ١١–١٩ agree with the counted noun. This is wrong for ١٣–١٩, where the first part takes the opposite gender.	كان قد صُحّح	Table row 11-19 now correct.
F200	المجلد-الثالث/الباب-الثالث/ف04-أ-التذكير-والتأنيث-والعدد.md	193	«تلزمان الإفراد والتذكير» is inaccurate. «مئة» is feminine in form and does not become masculine. Both words take dual and plural forms (مئتان، ألفان، آلاف). The intended point is that they do not change with the gender of the counted noun. The summary table (line 228) repeats the wording.	صُحّح	The heading had been fixed, but summary table row 228 still said «تلزم الإفراد والتذكير»; changed it to «لا تتغير بتذكير المعدود وتأنيثه». The rest of the number rules (verified) are untouched.
F201	المجلد-الثالث/الباب-الثالث/ف04-ب-الإضافة.md	193	The explanation contradicts itself. It calls the error «حذف نون المثنى» before «النعت المضاف إليه», then says there is no إضافة. The real error is a mismatch in definiteness: an indefinite noun («مدرستين») with a definite adjective («الأخريين»). The alternative «مدرستَي الحيين الآخرين» has nothing to do with the sentence. A learner cannot extract a rule from this.	كان قد صُحّح	س٩ analysis now explains the definiteness mismatch and gives «المدرستين الأخريين».
F202	المجلد-الثالث/الباب-الثالث/ف04-ب-الإضافة.md	408	The session table does not add up to what is announced. Session 1 is 45+20+5 = 70 minutes and session 2 is 35+25+20 = 80 minutes, not 90 each.	صُحّح	Session times adjusted (55+30+5 and 40+30+20) so both sessions total the announced 90 minutes.
F203	المجلد-الثالث/الباب-الثالث/ف03-ب-النسبة-والجموع-والمعتل.md	506	Session 1 in the table is 40+25+5 = 70 minutes, not the announced 90. Session 2 does sum to 90.	صُحّح	Session 1 times changed to 50+35+5 = 90.
F204	المجلد-الثالث/الباب-الثالث/ف03-أ-الأوزان-والمصادر.md	122	The rule given for forming the verbal noun is wrong. «ضم الأول وكسر ما قبل الآخر» is the rule for the passive or the active participle. The verbal noun of افتعل and استفعل is formed by giving the third letter a kasra and adding an alif before the last letter (اِتِّصال، اسْتِقبال). Applied as written, the rule yields forms like «اُستُقبِل».	كان قد صُحّح	Rule now: kasra on the third letter plus alif before the last.
F205	المجلد-الثالث/الباب-الثالث/ف03-أ-الأوزان-والمصادر.md	195	The trainer's note contradicts itself. It first says استشارة and استضافة are on «اسْتِفْعال» with nothing added, «like استقبال without ta». It then says «بخلاف «استشار»», which is the same verb just cited. The correct explanation is that the middle radical of these verbs is weak, so it drops and is compensated by a final ta. The trainer is left without a usable explanation.	كان قد صُحّح	Trainer note now explains the ta' as compensation for the dropped weak middle radical.
F206	المجلد-الثالث/الباب-الثالث/ف03-ب-النسبة-والجموع-والمعتل.md	118	The sentence marked ✘ is correct Arabic. The ✔ line differs only by a kasra diacritic, and the next paragraph (line 121) says the ya stays with «أل». The learner is shown a correct sentence as an error. The typical error the rule addresses is keeping the ya on the indefinite form (or dropping it after أل).	كان قد صُحّح	✘ line is now «جاء داعيٌ».
F207	المجلد-الثالث/الباب-الثالث/ف03-ب-النسبة-والجموع-والمعتل.md	163	The explanation is wrong. In «اسعَوا» the verb's own final alif is dropped; the waw is the plural-subject waw; the الألف الفارقة is written, not dropped. The ✘ line (162) also contains the correct unvowelled plural «اسعوا» plus a correct «اسعَ». So the learner cannot tell what the error is.	صُحّح	The explanation had been fixed; the ✘ line still held correct forms, so it is now «اسعى في طلب العلم» (for the singular), matching the neighbouring ادعو/امشي pattern.
F208	المجلد-الثالث/الباب-الثالث/ف03-ب-النسبة-والجموع-والمعتل.md	40	This is incomplete in a way that misleads. Deleting only the ta from «المدينة» gives «مدينيّ». The form «مدنيّ» also requires deleting the ya of فعيلة and giving the dal a fatha.	كان قد صُحّح	Note now says both the ta' and the ya' of فعيلة are dropped (كحنفي).
F209	المجلد-الثالث/الباب-الثالث/ف03-ب-النسبة-والجموع-والمعتل.md	95	The boxed rule contradicts the lesson's own introduction (line 16: «وإن كان لبعض أوزانها ضوابط غالبة»). It is also inaccurate: patterns such as مفاعل/فواعل (مكاتب، مساجد، شوارع) are largely regular.	كان قد صُحّح	Rule now reads «يغلب عليها السماع».
F210	المجلد-الثالث/الباب-الثالث/ف05-أ-الأفعال-وحروف-الجر.md	17	The objective promises ten verbs, repeated in the lesson objective (line 56) and the self-check (ف05-ج line 262). The table has only nine entries, five of which are adjectives (مسؤول، مشهور، مختلف، فخور، غاضب), not verbs. The objective is not delivered as stated.	صُحّح	The count now reads «تسعة أفعال وصفات» in all three places (ف05-أ lines 17 and 56, ف05-ج line 262), matching the nine-row table.
F211	المجلد-الثالث/الخواتيم/ثبت-المصادر.md	18	The source list names the Khanji edition (3rd, 1408/1988) and marks it «طوبق على المطبوع». The copy actually matched on print is a different imprint: عالم الكتب، بيروت، ط٣، ١٤٠٣هـ/١٩٨٣م, per its title page. The Khanji data came only from Shamela card 23018, which gives the pagination as identical. So the entry claims print verification of an edition nobody saw. That breaks «بالطبعة التي أُحيل إليها» and «لا طبعة من الذاكرة».	صُحّح	Sibawayh entry now leads with the edition actually seen (عالم الكتب، بيروت، ط٣، ١٤٠٣/١٩٨٣, ledger م٣-٠٢٣) and names the Khanji 1408/1988 imprint as having the same pagination. File is generated: pdf/thabat.py EDITION needs the same change or regeneration will revert it.
F212	المجلد-الثالث/الباب-الثالث/ف09-أ-متى-توجز.md	86	This is a grammatical error taught as fact. In «من جدّ وجد» the answer of the condition is present: «وجد» is جواب الشرط, and the object is not deleted either in the way the note claims. So the example does not show deletion of جواب الشرط. A learner would take away a wrong analysis.	كان قد صُحّح	The example now says the object of «وجد» is deleted.
F213	المجلد-الثالث/الباب-الثالث/ف09-ب-متى-تطيل.md	62	The model answer states a disputed ruling as settled. Joining prayers while travelling, by advancing or delaying, is the majority view; the Hanafis restrict it to Arafa and Muzdalifa. The example teaches that «الاختصار المخلّ قد يُفهم على غير مراده», yet it gives one school's position as though there were no disagreement. Nothing marks it as a teaching formulation rather than an established ruling.	صُحّح	The model sentence now marks joining prayers while travelling as disputed («عند من قال بذلك من الفقهاء، وفي المسألة خلاف معروف»), with no school named. It also uses «سفرًا تُقصر فيه الصلاة» and spells out جمع تقديم/تأخير.
F214	المجلد-الثالث/الخواتيم/ثبت-المصادر.md	21	The degree label is wrong. The volume quotes al-Adhkar verbatim: ف06-ب line 145, the congratulation formula, with footnote [^5] giving p. 453 and a quoted phrase. The ledger records the wording as matched and corrected against the printed scan. Under the list's own definition the entry should read «طوبق على المطبوع», not «إحالةٌ عامّة». There is also a missing space after «الثانية،».	صُحّح	Nawawi degree changed to «طوبق على المطبوع» (ledger م٣-٠٠٧, p.453 on print scan); the missing space was already fixed. Generator: ledger.ON_PRINT/thabat.py must be updated too.
F215	المجلد-الثالث/الخواتيم/ثبت-المصادر.md	10	Footnote ف08-أ [^2] quotes the verse verbatim from p. 63 of this edition, and the ledger records p. 63 as seen on the print scan. The entry should therefore read «طوبق على المطبوع». It also leaves out the editor, عبد السلام محمد هارون, whom both the footnote and the ledger name.	صُحّح	Ibn al-Anbari entry: editor (عبد السلام محمد هارون) and القاهرة added, degree set to «طوبق على المطبوع». Same generator caveat.
F216	المجلد-الثالث/الخواتيم/ثبت-المصادر.md	17	The entry misdescribes the book. The eight volumes belong to تاريخ ابن خلدون; the Muqaddima is its first volume, and that is where the cited pages (1/750–778) fall. The entry also omits the editor, خليل شحادة (reviewed by سهيل زكار), whom the ledger records from the title page.	صُحّح	Ibn Khaldun entry now «المقدمة (الجزء الأول من تاريخ ابن خلدون)», with editor خليل شحادة and reviewer سهيل زكار added, and «٨ أجزاء» dropped. Same generator caveat.
F217	المجلد-الثالث/الخواتيم/ثبت-المصادر.md	20	«أجزاء» is duplicated at the end («٢٠ جزءا (في ١٠ مجلدات) أجزاء»). The date ١٣٨٤هـ/١٩٦٤م is not what the ledger records as seen. The ledger names Dar al-Kutub, 2nd edition, consulted in the الهيئة المصرية العامة للكتاب photo-reprint (3rd, 1987, same pagination). The date appears to come from a catalogue card, not the print.	صُحّح	Trailing «أجزاء» removed. The consulted photo-reprint (الهيئة المصرية العامة للكتاب، ط٣ مصوّرة عن الثانية، ١٩٨٧) added and the degree set to «طوبق على المطبوع» per ledger م٣-٠٠٦. The 1384/1964 date is kept as not refuted. Same generator caveat.
F218	المجلد-الثالث/الخواتيم/ثبت-المصادر.md	19	The editor, عبد الله بن عبد المحسن التركي, is missing from the entry, though the footnote (ف07-ب [^2], «ت. التركي») and the ledger both name him. Also, «٢٦ أجزاء» is ungrammatical; it should be «٢٦ جزءًا».	صُحّح	Editor التركي added. «٢٦ جزءًا» had already been fixed. Same generator caveat.
F219	المجلد-الثالث/الباب-الثالث/ف09-أ-متى-توجز.md	140	The time is inconsistent. The situation card (line 39) gives the answer two minutes, and the ③ column in the same row says «يملأ الدقيقتين».	كان قد صُحّح	The ① cell now reads «يستحق الدقيقتين المتاحتين».
F220	المجلد-الثالث/الباب-الثالث/ف09-ب-متى-تطيل.md	86	The heading does not match its content. This model is Maryam's apology to Professor Sulayman (the situation card and ①②③). Choosing a research topic is the extended dialogue (Khadija and Dr Hamza) in line 142.	كان قد صُحّح	Heading now «النموذج الثاني: مريم تعتذر عن خطئها».
F221	المجلد-الثالث/الباب-الثالث/ف09-ب-متى-تطيل.md	329	Typo: two words («كلمات» and «ممكن») have run together into «كلممكن».	كان قد صُحّح	«كلممكن» no longer occurs.
F222	المجلد-الثالث/الخواتيم/ثبت-المصادر.md	19	Number-noun agreement error: a number from 11 to 99 takes a singular accusative noun (تمييز), so «٢٦ جزءًا».	كان قد صُحّح	Now «٢٦ جزءًا».
F223	المجلد-الثالث/الخواتيم/ثبت-المصادر.md	20	The word «أجزاء» after the parenthesis is left over and repeats the noun already counted. Also, «جزءا» lacks the tanwin al-fath («جزءًا»).	صُحّح	Redundant «أجزاء» removed (tanwin already present); see F217.
F224	المجلد-الثالث/الخواتيم/ثبت-المصادر.md	21	Missing space after the Arabic comma.	كان قد صُحّح	The space after «الثانية،» is present.
F225	المجلد-الثالث/الباب-الثالث/ف08-ج-التطبيق-والتقويم.md	270	Session 1 adds up to 80 minutes (50 + 30), but the plan says each session is ninety minutes. The plan also has no slot for Lesson 1 (الفصيح المأنوس), its model, guided exercise (١) or simulation (١). Only lesson 2's material is scheduled.	صُحّح	Session 1 of ف08-ج now includes Lesson 1 (with its model, guided exercise 1 and simulation 1): 40+25+25 = 90. The 'review if taught before' parenthesis was dropped.
F226	المجلد-الرابع/الباب-الرابع/ف03-أ-فن-الافتتاح.md	198	The hadith is quoted in guillemets as verbatim, but its opening does not match the verified printed wording. The ledger's comparative text (Bukhari 5971, 8/2) reads «جاء رجلٌ إلى رسول الله ﷺ فقال: يا رسولَ الله، مَن أحقُّ الناس بحُسنِ صَحابتي؟». The ledger's own «قبل التصحيح» text is identical to the current book text, so the correction the ledger records («صُحّح لفظ المتن على المطبوع») was never carried into the manuscript. The text is also marked «متفق عليه» with no note that the wording is Bu	كان قد صُحّح	ف03-أ l.198/203 already read «جاء رجلٌ إلى رسولِ اللهِ ﷺ فقال: يا رسولَ اللهِ…» as on the print (ledger م٤-٠٢٨), and note 2 says «واللفظ له» for Bukhari.
F227	_production/التحقيق/سجل-النقول.tsv	241	The Bus et al. (1995) reference behind ف03-أ footnote 1 is marked «متحقّق», but the only evidence is a Crossref abstract record (a .txt file), not the printed article. Under the binding rule («لا متحقّق إلا ما طوبق على المطبوع نفسه»; a digital copy counts as «توثيقٌ ناقص»), this row should be «توثيقٌ ناقص» until it is checked against the printed Review of Educational Research 65/1. The book footnote itself is honest («والنتيجة في ملخّصه»).	صُحّح	Acted on the problem text (the why_referred text belongs to another item). New ledger rule: a series row whose only evidence is .txt catalogue/abstract records cannot be «متحقّق»; م٤-٠٢٩ (T2-124, Bus et al. 1995) is now «توثيقٌ ناقص». It was the only such row.
F228	المجلد-الرابع/الباب-الرابع/ف02-أ-المدخل-والدرس-الأول.md	301	The model wedding greeting reproduces the Prophet's du'a for newlyweds with the pronouns changed to the dual (لكما/عليكما). It is not marked as prophetic, is not in the ledger, and the change of wording is not flagged. A reader cannot tell a Sunnah formula from the author's own model sentence. A short verified takhrij note (or a cross-reference to where the series documents it) would make the voice clear. No source is proposed because none is in the ledger.	صُحّح	Added a note to the wedding greeting in ف02-أ (now [^5]): it says the formula comes from the Prophet's du'a with the pronoun made dual, and gives the verified takhrij used in vols 3/8 (ledger م٣-٠٠٩: Abu Dawud 2130, al-Tirmidhi 1091). The why_referred text (the 1/10 timing rule against the 15 s / 8 s / 12 s figures) is a different issue and was not changed.
F229	المجلد-الرابع/الباب-الرابع/ف01-ب-الدرس-الثاني.md	19	The lesson says there are seven templates, but it teaches eight. The table (lines 21–29) lists seven, starting with «خريطة الدقيقة الواحدة» and leaving out «السؤال والجواب». The subsections that follow (#### ١–٧) also number seven, but they drop «خريطة الدقيقة الواحدة» and add «٧. السؤال والجواب» (line 93). So the table's numbers and the subsection numbers disagree: table #2 = مشكلة، table #7 = الموقف والعبرة, while subsection ١ = مشكلة and ٧ = السؤال والجواب. The chapter summary (ف01-ج:309) lis	صُحّح	The table in ف01-ب now lists the seven templates that are actually taught, matching subsections ١–٧ and the summary. The baseline one-minute map (taught in lesson 1) was removed, and «السؤال والجواب» was added as no. 7. The why_referred text (the «أما بعد» criterion in ف02) is a separate issue and was left untouched.
F230	المجلد-الرابع/الباب-الرابع/ف08-أ-من-علم-البيان.md	137	The balagha analysis is wrong. The whole (المؤسسة) is already named as the subject, so «يد» cannot be a part standing for it. Here «يد العون» means help, not the person. Giving a hand to an institution is personification, which is استعارة مكنية by the file's own definition (line 86), not مجاز مرسل with the part-for-whole relation (جزئية). As written, the example teaches learners the wrong classification.	صُحّح	Replaced example مث١٦ with «يحتاج المصنع إلى أيدٍ عاملة ماهرة.» (the hands stand for the workers, so the relation is جزئية). This keeps the relation the definition lists and fixes the wrong analysis.
F231	المجلد-الرابع/الباب-الرابع/ف08-ب-التطبيق-والتقويم.md	247	The pronunciation instruction names letters that are not in the words it cites. «البيانيةُ» has no ض and «البيانُ» has no ق. The vocal text (L238–241) has no ض at all, so the learner cannot carry out the instruction.	كان قد صُحّح	ف08-ب l.247 now asks for stress on «البيانيةُ» and «البيانُ». The wrong ض/ق instruction is gone.
F232	المجلد-الرابع/الباب-الرابع/ف07-ب-التطبيق-والتقويم.md	221	A Quranic verse (al-Fatiha 5) sits among ordinary drill sentences inside «» with ad-hoc partial vocalisation (نَسْتَعينُ, وإيّاكَ), a full stop, and no reference. It will be typeset as ordinary text, not as Quran. The same chapter renders this verse correctly elsewhere.	كان قد صُحّح	ف07-ب l.221 already gives the verse as ﴿إِيَّاكَ نَعْبُدُ وَإِيَّاكَ نَسْتَعِينُ﴾ (الفاتحة: ٥).
F233	المجلد-الرابع/الباب-الرابع/ف08-أ-من-علم-البيان.md	137	The analysis of the مجاز مرسل example is wrong. In «مدّت المؤسسة يدَ العون» the institution is already the subject, so «اليد» does not stand for the whole person or institution; that is the جزئية pattern of «أعتق رقبة». Here the idiom is either استعارة مكنية (the institution pictured as a person with a hand) or مجاز مرسل whose علاقة is الآلية/السببية (اليد = العون). Learners are taught a wrong علاقة. Needs the author's re-annotation or a different example; no safe mechanical fix.	صُحّح	Duplicate of F230; resolved by the same replacement of مث١٦.
F234	المجلد-الرابع/الباب-الرابع/ف07-ب-التطبيق-والتقويم.md	344	Progression problem in the trainer schedule: exercises on القصر and الإيجاز are done in session 1, but those tools are taught only in session 2 (L345). Exercise ٣ (التحويل) is entirely «من الإطناب العشوائي إلى الإيجاز المقصود». Correction items 3 and 5 (L158, L160) and choice items 2, 4 and 5 (L166–173) also need القصر or الإيجاز. The schedule also leaves out the chapter's first comparison (ف07-أ L182–218) and «القاعدة الجامعة».	صُحّح	Reallocated the trainer schedule in ف07-ب with all timings kept. Session 1 now teaches all four tools, then the two comparisons and «القاعدة الجامعة». Session 2 holds the exercises (40 min), the dialogue and the bank.
F235	المجلد-الرابع/الباب-الرابع/ف08-ب-التطبيق-والتقويم.md	328	Progression problem: the first comparison is placed in session 1, but it is built entirely on الكناية («كناية مبهمة» / «كناية واضحة»), which is taught in session 2 (L330). The session-1 exercises (L329) also include كناية items (١.٣, ٢.٢, ٢.٥) and stale-image items (١.١, ١.٥, ٣.١, ٣.٥), which belong to «متى تضرّ الصورة», also a session-2 section.	صُحّح	Reallocated the trainer schedule in ف08-ب with timings kept. Session 1 teaches all four images, then «متى تضر الصورة» and both comparisons. The exercises move to session 2, so the كناية and stale-image items come after they are taught.
F236	المجلد-الرابع/الباب-الرابع/ف08-أ-من-علم-البيان.md	135	The مجاز مرسل example does not show مجاز. With the لام, the name keeps its literal meaning (the author) and the object is simply left unstated («قرأتُ [كتبًا] لـ…»), so the name is not used in a non-literal sense. The standard pattern for this علاقة names the author and means his work: «قرأتُ المتنبي».	كان قد صُحّح	مث١٥ already reads «قرأتُ نجيبَ محفوظ.»
F237	المجلد-الرابع/الباب-الرابع/ف06-ج-التطبيق-والتقويم.md	128	The trainer drill cannot work for two of the three situations named. Situations ٤ and ٦ are 20-second closings (L118, L120), so a «30 seconds» card raised mid-performance shortens nothing, and the skill the note targets («أن تنقذ خاتمتك حين يتغير الوقت») cannot be practised. Only situations of 45 seconds or more (٥، ٧، ١١، ١٢) allow it. The author needs to choose the replacement situations.	صُحّح	The trainer note now names situations ٥ و٧ و١١ (60 s / 45 s / 60 s) instead of ٤ و٦, which are 20-second closings.
F238	المجلد-الرابع/الباب-الرابع/ف06-أ-فن-الخاتمة.md	244	Hamza spelling: «الاثنين» begins with همزة وصل, so it is written without hamza under the alif. The error is in a ✔ model sentence.	صُحّح	Changed «الإثنين» to «الاثنين» in ف06-أ l.244, following the series-wide normalisation already applied in vols 1, 3, 4, 5 and 9 (earlier logs). The one other volume-4 occurrence (ف05-ب l.218) is listed under extra.
F239	المجلد-الرابع/الباب-الرابع/ف10-ب-الشعر-والأمثال.md	9	The book quotes a line of poetry verbatim and presents it as a model of what «تيقنتَ من لفظه ونسبته». It has no ledger row, no footnote, and no diwan of al-Mutanabbi appears in the volume's bibliography. The same line is repeated with no documentation at l.17, in ف10-د l.46 («بيت المتنبي الموثوق النسبة») and l.84. Bible ch.83 §1 item 4 requires a note wherever a line of verse is quoted, and ch.42 §5 requires it to be checked in the edited diwan. The chapter that teaches «لا تستشهد ببيت إلا وأنت 	لم يُحسم في دفعته	Al-Mutanabbi's line (ف10-ب l.9, l.17; ف10-د l.46) still has no note. Shamela shows the line only in digital copies (al-Hamasa al-Maghribiyya, al-Mathal al-Sa'ir); no printed diwan was seen. Needed: a printed diwan or commentary (for example ديوان المتنبي or شرح العكبري) with volume and page, then a ledger row via pdf/verify.py and pdf/ledger.py and a ثبت entry.
F240	المجلد-الرابع/الباب-الرابع/ف10-ب-الشعر-والأمثال.md	37	This definition of hadith is wrong in terminology. A hadith is whatever is attributed to the Prophet ﷺ (saying, act or approval), whether it is authentic or not. That is why the same chapter speaks of «الحديث الضعيف» and «الموضوع» (ف10-أ l.98, l.111, and quiz ف10-د l.158). Defining hadith as authentic by definition confuses the authenticity of a report with its category, which is the distinction the standard requires. The three-way taxonomy (hadith, proverb, wisdom saying) also leaves out athar 	كان قد صُحّح	ف10-ب l.37 already defines hadith as «ما أُضيف إلى النبي ﷺ من قول أو فعل أو تقرير، ومنه الثابت وغير الثابت». The why_referred text («لا يجوز الاستدلال بالضعيف…») points at a different sentence and was not handled here.
F241	المجلد-الرابع/الباب-الرابع/ف10-أ-الاقتباس-والتضمين.md	52	The «من التراث» section cites no traditional text at all. It builds a saying from a known meaning («حتى قيل إن…») and gives it a traditional air with no source, beside the vague «ما نُقل عن أهل العلم». The standard forbids manufacturing a quotation from a known meaning, and Bible ch.83 §3 requires one of three things: verify it, drop the attribution, or state it as the author's own analysis. The fix recasts the maxim as the author's inference. If a documented statement is wanted here (for exampl	كان قد صُحّح	ف10-أ l.52 no longer has «حتى قيل…». The point is now the author's own inference: «ومقتضى هذه العناية أن يتوقف الناقل عند الشك».
F242	المجلد-الرابع/الباب-الرابع/ف10-أ-الاقتباس-والتضمين.md	46	The chapter judges the hadith status of «خير الأمور أوسطها» («لا من الأحاديث الثابتة») five times (ف10-أ l.46, 117, 140; ف10-ب l.39; ف10-د l.160) without any takhrij. Bible ch.42 §2 item 13 and ch.83 §1 require a note wherever something widespread is flagged as not established as marfu'. A verified source is already in the series. Suggested fix: add a call at the first occurrence and append this definition, then run python3 pdf/renumber.py: «[^awsat]: السخاوي، المقاصد الحسنة، دار الميمنة، دمشق، 	صُحّح	Added a note at the first judgement on «خير الأمور أوسطها» (ف10-أ l.46, now [^1]). It cites al-Sakhawi, al-Maqasid al-Hasana, Maymana ed., 2/540–542, no. 464, using the wording of verified ledger row م٦-٠٢٦. The notes were renumbered.
F243	المجلد-الرابع/الخواتيم/ثبت-المصادر.md	13	The Tirmidhi entry describes a volume that this volume never cites. Vol. 4 cites al-Tirmidhi 1105 (ف02-أ fn4, ف02-ج fn1), which is in vol. 3, edited by Muhammad Fu'ad Abd al-Baqi, 2nd ed. 1388/1968. It also cites al-Tirmidhi 3433 (ف06-ب fn1), which is in vol. 5, edited by Atwa Awad, 2nd ed. 1395/1975. The volume 4, 1st ed. 1382, is copied from another volume's bibliography, since the same entry appears in 6 volumes.	صُحّح	Corrected the Tirmidhi entry in the ثبت: vol. 3 (ed. Abd al-Baqi, 2nd ed. 1388/1968) and vol. 5 (ed. Atwa Awad, 2nd ed. 1395/1975), the volumes this book actually cites (ledger rows م٤-٠٠٨, م٤-٠١١, م٣-٠٠٩). The .md file is generated by pdf/thabat.py from قاعدة-المصادر, so the same fix must be made there or it will be overwritten on regeneration.
F244	المجلد-الرابع/الخواتيم/ثبت-المصادر.md	11	Every Bukhari citation in the volume gives a hadith number (١، ١٤٦٩، ٥١٤٦، ٥٧٦٧، ٧٤٠٥…). The original Sultaniyya print carries no numbers. The numbers are Abd al-Baqi's, printed in the margin of the Dar Tawq al-Najat reprint, which is the scan actually checked. Bible ch.43 §1 says: «أرقام الأحاديث… تتبع الطبعة… وإذا دعت الحاجة إلى ترقيمٍ آخر ذُكر معه اسم طبعته». As it stands, a reader holding the edition named cannot find «٧٤٠٥».	صُحّح	The Bukhari entry in the ثبت now says the hadith numbers are Abd al-Baqi's, as in the Tawq al-Najat photo-reprint (ledger م٤-٠٢٨). The generator (thabat.py and the source base) still needs the same change.
F245	المجلد-الرابع/الخواتيم/ثبت-المصادر.md	16	The entry has no publisher, place, edition or year, which Bible ch.43 §1 requires, although ف06-أ fn1 cites a specific volume and page (٢/٥٠٤). The ledger already records the edition that was seen.	صُحّح	Completed the Khizanat al-Adab entry from ledger م٤-٠٠٥: Dar wa-Maktabat al-Hilal, Beirut, 1st ed., 1987. Its grade was left as «إحالةٌ عامّة». The generator's OUTSIDE list in thabat.py needs the same edition.
F246	المجلد-الرابع/الباب-الرابع/ف10-ب-الشعر-والأمثال.md	113	The model («④ الرفيع») speaker attributes the hadith both as «فيما رواه البخاري» and as «(متفق عليه)». The chapter's own table (ف10-أ l.106–108) reserves «رواه البخاري» for Bukhari alone and «متفق عليه» for hadith in both Sahihs. The ledger text is «…» (متفق عليه) only. Removing the redundant frame leaves the verified quotation untouched. (ف10-د l.111 correctly has «فيما رواه البخاري ومسلم».)	كان قد صُحّح	ف10-ب l.113 already reads «وقد ثبت عن النبي ﷺ: … (متفق عليه)» without «فيما رواه البخاري».
F247	المجلد-الرابع/الباب-الرابع/ف10-ب-الشعر-والأمثال.md	104	The text rules on the hadith status of a phrase («غير ثابتة حديثًا») three times (l.104, l.119, l.125) with no ledger row or source. Bible ch.42 §2 item 13 requires the «ما اشتهر ولم يثبت مرفوعًا» judgement to rest on the hadith authorities. Either verify it (for example in al-Sakhawi's al-Maqasid, which is already in this volume's ثبت) and add a note, or recast the fault as the speaker's unverified certainty rather than as a grading.	صُحّح	Added a note to «الصبر مفتاح الفرج» (ف10-ب l.104, now [^2]): al-Sakhawi, al-Maqasid al-Hasana, Maymana ed., 3/372, no. 625, where al-Daylami cites it «بلا إسناد». I matched it this session on the print scan (archive.org maqhasana, vol. 3, title page and p.372; page image in scratchpad/audit/v04/maqasid3_p372.png). A ledger row still needs to be added through pdf/verify.py and pdf/ledger.py.
F248	المجلد-الرابع/الباب-الرابع/ف10-ج-الحوار-الممتد.md	94	This note repeats, word for word, note [^1] of the same file (l.93), itself identical to ف10-أ fn3. Three full copies of one takhrij in one chapter is clutter («ولا تُحقِّق ما لا يحتاج إلى إطالة»). A back-reference is enough the second time.	صُحّح	ف10-ج note 2, which repeated note 1 word for word, is now a back-reference: «أخرجه البخاري (٥٧٦٧)، وقد سبق تخريجه في الحوار الأول قبله.»
F249	المجلد-الرابع/الباب-الرابع/ف09-أ-من-علم-البديع.md	108	The ✔ model contradicts itself. It says what he harvests is «علمًا», then immediately «لا عِلمًا وحده، بل عملًا». The first «علمًا» is redundant and garbles the meaning. The jinas the gloss points to is between «عِلمًا» and «عملًا», which only needs the second «علمًا».	صُحّح	Removed the first, self-contradicting «علمًا»: «…ما يحصده غدًا: لا عِلمًا وحده، بل عملًا.»
F250	المجلد-الرابع/الباب-الرابع/ف09-أ-من-علم-البديع.md	122	This ✔ model is the centerpiece of the chapter (Anas's corrected ending), and its gloss says it contains light saj'. Its phrase-ends are «العلن، الصلاة، بينكم، بها»: no two share a final letter, so by the chapter's own definition there is no saj'. The same claim is repeated in the dialogue (ف09-ب lines 91, 103, 120). A learner cannot find what the book tells them to notice.	صُحّح	Anas's improved ending now ends «…وأصلحوا ذات بينكم، فذلك أزكى لقلوبكم.», so a real light saj' (بينكم/قلوبكم) arises under the chapter's definition. Changed in ف09-أ l.122 and in ف09-ب s13/s14 and the improved s11/s12.
F251	المجلد-الرابع/الباب-الرابع/ف09-ب-التطبيق-والتقويم.md	8	The ✘ sentence «منهج مُحكم… بشكل مُلائم» has no jinas: the two words do not sound alike. What it has is two phrase-ends that both end in م, which is saj'. The label teaches the wrong term.	كان قد صُحّح	ف09-ب l.8 already labels the ✘ sentence «محاولة سجع خفيفة».
F252	المجلد-الرابع/الباب-الرابع/ف09-ب-التطبيق-والتقويم.md	81	Factually wrong about the example. Every clause of Anas's ending (ربكم، بشرعكم، وقتكم، إخوتكم، ذكركم، خالقكم) ends in «كم», kaf plus mim, and none contains a ya at the end. The same error is repeated in the improved version at line 112 («انتهَتْ بالياءِ والكافِ»).	كان قد صُحّح	ف09-ب l.81 and l.112 already say «بالكاف والميم».
F253	المجلد-الرابع/الباب-الرابع/ف09-ب-التطبيق-والتقويم.md	205	The instruction names the wrong device. Pairing «نفع الصدق» with «ضرر الكذب» sets two meanings against their two opposites, which the chapter calls مقابلة, not طباق. Item 1 of the same exercise correctly says «بمقابلة».	صُحّح	ف09-ب exercise 6.2 now says «وسّعها بمقابلة». The why_referred issue (session-1 progression in ف09-ب) was also fixed; see extra.
F254	المجلد-الرابع/الباب-الرابع/ف09-ب-التطبيق-والتقويم.md	288	The quiz asks for an example of complete jinas (الجناس التام), but the chapter never gives one: every labelled jinas example (تحفظ/تُحفظ، علمًا/عملًا، يثاب/يهاب، منظَّم/منظِّر) is incomplete (ناقص). The concept is tested without having been modelled.	صُحّح	Quiz item 3 now asks for an example of the incomplete jinas only («ومثّل للناقص منهما»), because the chapter never models الجناس التام.
F255	المجلد-الرابع/الباب-الرابع/ف10-ب-الشعر-والأمثال.md	119	Morphology error. «انتفى» (form VIII) is intransitive and has no passive, so «تُنتفى» does not exist. The correct form is «فتنتفي المخاطرة».	كان قد صُحّح	ف10-ب l.119 already reads «فتنتفي المخاطرة». No ASCII «...» remains in ف10-ب.
F256	المجلد-الرابع/الباب-الرابع/ف10-ب-الشعر-والأمثال.md	129	«آخر» implies a previous hadith, but the third speaker cited only a verse. The fourth added a hadith to that verse, not «another» hadith.	كان قد صُحّح	ف10-ب l.129 already reads «وزاد الرابع حديثًا صحيحًا يخدم المعنى نفسه» (no «آخر»).
F257	المجلد-الرابع/الباب-الرابع/ف10-ج-الحوار-الممتد.md	68	The model answer of the improved dialogue swaps an unverified verse for an unverified attribution («عند كثير من العلماء»), and Dr Hafsa praises it as «بلا مخاطرة في النسبة». This contradicts the chapter's core rule, the publisher's standard (never attribute merely because something is commonly attributed; if attribution cannot be established, state it as the author's own analysis), and the «ماذا تغيّر» table (line 80), which says it is replaced by «جملة من عند الباحث».	كان قد صُحّح	ف10-ج s10 already reads «والإنصاتُ لا يقلُّ قيمةً عن الكلامِ نفسِه» with no attribution.
F258	المجلد-الرابع/الباب-الرابع/ف10-د-التطبيق-والتقويم.md	208	Progression problem. Session 1 teaches only the Quran and hadith lessons, but the exercises assigned in it include poetry items (correction 5 «قال الشاعر أبياتًا…», choice 1(ب) and choice 5 on al-Mutanabbi's verse), which belong to the poetry lesson taught in session 2 (line 209).	صُحّح	ف10-د session-1 exercises are now limited to «ما يتصل منها بالقرآن والحديث». The poetry and proverb items fall to «باقي التدريبات» in session 3, after the poetry lesson.
F259				لم يُحسم في دفعته	Routed: book/المجلد-الرابع/الباب-الرابع/ف10-د-التطبيق-والتقويم.md line 208 (session 1 row «تدريبات التصحيح والاختيار») schedules exercises 1.5, 1.6, 2.1b, 2.4, 2.5 before poetry and proverbs are taught in session 2. Needs the author to choose: move those items to session 3's «باقي التدريبات», or reword line 208 to «تدريبات التصحيح والاختيار في القرآن والحديث».
F260				أُحيل إلى دفعةٍ أخرى	Routed (volume file, not edited): book/المجلد-الرابع/الباب-الرابع/ف10-د-التطبيق-والتقويم.md lines 31 («قال...»), 38 («قال الشاعر...»), 53 («قال...») and 147 («حديث حسن...»): ASCII «...» → «…» under Bible 05 l.17. The same file family's ف10-أ has three more at lines 102, 127 and 143.
F261				صُحّح	thabat.py tidy() now makes the counted noun agree with its number (3–10 أجزاء/مجلدات; 11–99 جزءًا/مجلدًا; ٢ → جزآن/مجلدان; ١ → جزء واحد; round hundreds → جزء; «جزءا» → «جزءًا»). Regenerated: «٢٦ جزءًا», «١١ جزءًا», etc.
F262				صُحّح	Same generator fix as F020; regenerated thabats now use «…هـ / …م» throughout (vol 8 l.10 and the others included).
F263	المجلد-الخامس/الباب-الخامس/ف03-أ-المدخل-والدرس-الأول.md	64	Words of al-Naml 32 are quoted in ordinary spelling inside «», the marks for non-Quranic quotations, instead of in ﴿…﴾ in the Uthmani script of the verse cited just above. The Quran then loses its distinct setting and its mushaf spelling (يَٰٓأَيُّهَا ٱلْمَلَؤُا۟), and pdf/quran.py cannot check it. Elsewhere in this chunk (ف02-أ line 69) a Quranic fragment used in analysis is set as ﴿قَوْلًا لَّيِّنًا﴾. This is the only place in the book where «يا أيها الملأ» appears in «».	صُحّح	The two Quranic fragments from al-Naml 32 in the analysis are now set in ﴿﴾ in the Uthmani spelling copied from the verse cited just above, replacing «يا أيها الملأ» and «أفتوني» in guillemets.
F264	المجلد-الخامس/الباب-الخامس/ف02-أ-المدخل-والدرس-الأول.md	54	The author's frame «فقالت:» is followed by a fully vocalized quotation that opens with «أَنَّ» (fatha). After a verb of saying, the particle must be «إنّ» (kasra), so the frame makes the verified text read ungrammatically. The quotation opens with «أنّ» because in the source it follows «عن عائشة». The verified wording must not change, so the frame is what needs fixing.	كان قد صُحّح	The frame now reads «فذكرت:», after which «أَنَّ» is grammatical; the verified wording is untouched.
F265	المجلد-الخامس/الباب-الخامس/ف03-ب-الدرس-الثاني.md	64	The verb does not agree with its subject. «اللجنة» is feminine but the verb is masculine «يقبل». As written, the cell reads «he accepts the committee» rather than «the committee accepts [the answer] with reservation».	كان قد صُحّح	The cell now reads «تقبل اللجنة الرد مع تحفظ» with correct feminine agreement.
F266	المجلد-الخامس/الباب-الخامس/ف05-ج-التطبيق-والتقويم.md	398	The sentence is in quotation marks and credited to the objectives in the bab's opening, but it does not appear there. The opening (00-فاتحة-الباب-الخامس.md, lines 23–24) phrases objectives 3 and 4 differently. The quoted wording survives only in the archived old structure (book/_production/الأرشيف/البنية-القديمة/02-مدخل.md:108), which CLAUDE.md says must never be cited or printed. The result is an internal quotation with no source at the place named.	كان قد صُحّح	Line 398 now quotes objective 3 of the bab opening verbatim and names it as the third objective.
F267	المجلد-الخامس/الباب-الخامس/ف05-أ-المدخل-والدرس-الأول.md	54	A comparative theological claim — that Moses ranked above everyone of his time, which by implication includes al-Khidr, whose status is itself debated — is stated as fact with no text cited. The lesson's point, Moses' humility despite his high rank, does not need the superlative. Per CLAUDE.md, shariʿa matters are stated by text, and the claim can be reduced to what the text establishes (a prophet to whom God spoke, of high rank).	صُحّح	Removed the unsupported superlative (above everyone of his time, al-Khidr included); now «نبيٌّ كلّمه الله، رفيع المنزلة عنده», which the text establishes.
F268	المجلد-الخامس/الباب-الخامس/ف05-ج-التطبيق-والتقويم.md	398	The mastery section quotes, in guillemets, a level outcome «يخاطب الأعلى منزلة والنظير والأدنى والجمهور بما يناسب كلًّا منهم» and sends the reader to the objectives in the chapter opening. That sentence does not appear in 00-فاتحة-الباب-الخامس.md. The matching objective there (no. 3) reads differently. The quotation is invented and attributed to the book's own opening.	كان قد صُحّح	Same position as F266; the quotation now matches objective 3 in 00-فاتحة verbatim.
F269	المجلد-الخامس/الباب-الخامس/ف05-ج-التطبيق-والتقويم.md	282	A Quranic passage (al-Isra 23) is printed as a plain, unvocalized sentence in «» with no ﴿﴾ and no reference, inside a stress-and-pause drill. It is not marked as Quran, so it will not be typeset in the Quranic style and pdf/quran.py will not check it (the tool reads only ﴿…﴾). The learner is also asked to add / and // pause marks inside a verse, which cuts across the waqf conventions of recitation.	صُحّح	The unmarked verse (al-Isra 23) in the pause/stress drill was replaced by an ordinary sentence to a father in the same register, so no verse receives non-waqf marks.
F270	المجلد-الخامس/الباب-الخامس/ف04-ج-التطبيق-والتقويم.md	225	The improved dialogue has five characters (يوسف، سليمان، الأب إبراهيم، الأم خديجة، حفصة), not four. The dialogue drill on line 109 likewise says «في مجموعة من أربعة».	صُحّح	«للشخصيات الأربع» -> «للشخصيات الخمس»: the improved dialogue has five speakers.
F271	المجلد-الخامس/الباب-الخامس/ف04-ج-التطبيق-والتقويم.md	109	The group size of four does not cover the five speaking roles in the improved dialogue. By contrast, ف03-ج sizes its group to its three roles («مع زميلين»).	صُحّح	«في مجموعة من أربعة» -> «في مجموعة من خمسة» to cover the five speaking roles.
F272	المجلد-الخامس/الباب-الخامس/ف04-ج-التطبيق-والتقويم.md	63	Agreement error: the head noun «إشارتان» is feminine dual, so the verb needs the feminine prefix, «لم تُقرَآ». The spelling «يُقرأا» is also nonstandard for the dual jussive, which is written with madda.	كان قد صُحّح	Text now reads «لم تُقرَآ».
F273	المجلد-الخامس/الباب-الخامس/ف04-أ-المدخل-والدرس-الأول.md	183	Definite number construction: «الست سنين» puts the article on the number while the counted noun stays indefinite. In the standard (Basran) usage a number in construct is made definite through its counted noun («ستّ السنين»), or the construction is recast.	كان قد صُحّح	Text now reads «ذي السنوات الست».
F274	المجلد-الخامس/الباب-الخامس/ف09-ج-التوليف-والتدريبات.md	343	The bolded wording is presented as quoted from a «دليل المستويات» that no published volume or companion book contains. The only source of this wording is the internal planning file 03-المستويات-والمخرجات.md at the repository root. The reader cannot find the cited guide, and pointing to a production document breaks the rule that production material stays out of the book text. The same outcome is printed in this bab's own opening as objective 6.	صُحّح	«كما ورد في دليل المستويات» -> «كما ورد في الهدف السادس من أهداف الباب في فاتحته»; no published «دليل المستويات» exists and objective 6 carries the same outcome.
F275	المجلد-الخامس/الخواتيم/ثبت-المصادر.md	12	By this ثبت's own definitions (line 6), «طوبق على المطبوع» means a quotation was matched on the page of the printed edition. «إحالةٌ عامّة» means a reference with no quoted text. Volume 5 quotes nothing from الإيضاح: its only mention is «وبسطه في كتابه الإيضاح في علوم البلاغة» in the opening's note [^1], with no page. So the grade describes use in other volumes (Vol. 1 and 7 rows), not this volume's notes, which the heading says the ثبت lists. The grade comes from pdf/thabat.py degree(), which s	لم يُحسم في دفعته	Real problem: الإيضاح is only mentioned (no quotation) in Vol. 5, yet graded «طوبق على المطبوع». The ثبت is generated by pdf/thabat.py, whose degree() grades a source series-wide; a hand edit would be overwritten. Needs a per-volume grading change (or an OVERRIDE) in pdf/thabat.py, which this batch may not edit.
F276	المجلد-الخامس/الباب-الخامس/ف09-ج-التوليف-والتدريبات.md	119	The adjective must agree with the dual noun: «الدرجتين الوُسطَيَين», not the singular «الوسطى».	كان قد صُحّح	Text now reads «الدرجتين الوُسطَيَين».
F277	المجلد-السادس/الباب-السادس/ف01-السلام-والبشاشة-والاستماع.md	430	The lesson builds on the unstated scene from line 428. «استمع النبي ﷺ إلى حديث طويل حتى آخره، ولم يقطعه ليختصره» states as fact an event the report does not describe, and it sits under «من الوحي والسنة». The point that does hold is that his words draw on the story's details, which shows he had taken in the whole of it. That should be worded as an inference.	صُحّح	Umm Zar' (ف01 l.428-430): removed the unattested framing (Aisha telling the Prophet the story, 'when she finished', he listened without interrupting); verified Bukhari 5189 wording ends «قالت عائشة: قال رسول الله ﷺ: كنت لكِ…», so the narration now says 'in its end he said to her' and the lesson is worded as an inference from his detail-based reply.
F278	المجلد-السادس/الباب-السادس/ف01-السلام-والبشاشة-والاستماع.md	960	The footnote misstates what was read and gives publication details no one has seen. The only evidence is a web excerpt © 2007 Gordon Training International. Its header says the text is an 'Excerpt from 1957 article… also in: Newman… (eds.), Communication in Business Today, Washington C.C. (Heath and Company) 1987'. So the Newman volume was never consulted. The title «Communicating…» and the place «Lexington, Mass.» appear in no evidence file; that is edition data from memory. The same wording ap	صُحّح	Footnote 19 (Rogers & Farson) now says it was read in the Gordon Training International 2007 excerpt (the saved witness), dropping the unseen Newman volume and the unattested title/place; same fix in the thabat .md. Ledger row م٦-٠٧٢ edition field and thabat.py FOREIGN still name Newman and need the same correction.
F279	المجلد-الخامس/الباب-الخامس/ف07-مخاطبة-الجمهور-العام.md	347	The model dialogue gives exact health time limits as settled fact with no source: two hours out of the fridge «في هذا الحر» (line 347), one hour for infant milk (line 355), and no more than one reheating (line 351). This breaks the chapter's own rule. At line 178 the chapter labels a number as 'an example of what the official authority announces'. Line 528 has «لا أستعمل رقمًا أو نسبة لا أوثق منها», and line 594 has «يذكرون أرقامًا… على أنها حقائق مؤكدة». Trainees will repeat this 'successful' m	صُحّح	Added after the improved dialogue the chapter's own caveat (as at line 178): the durations are an example of what the official health authority announces, and no figure is stated except as transmitted from it. Figures themselves left unchanged (no source verified in session).
F280	المجلد-الخامس/الباب-الخامس/ف06-مخاطبة-الأقران-والأدنى.md	321	This passage attributes a concept to Goffman by name and gives a footnote with page numbers ([^4]), but the ledger has no row for this position. Its verification item T1-165 was marked «recast-author-voice», and pdf/ledger.py skips that outcome (SERIES_SKIP) on the assumption that no citation is left in the text. Here the citation remains. T1-165's «text» is also stale: it still carries the Brown and Levinson wording.	صُحّح	Per coordinator decision «(Face)» -> «(face)» at line 321; article title in note [^4] left as published. The citation itself is sound (ledger row م٦-٠٧١ verifies the same p. 5 on the print scan); the missing Vol. 5 ledger row / stale T1-165 is a _production ledger task outside this batch.
F281	_production/التحقيق/سجل-النقول.tsv	257	Ledger row م٥-٠١٤ records only al-Bukhari (author «البخاري», source «البخاري، الجامع الصحيح», number ٦١١٤, 8/28). The book says «متفق عليه», and footnote [^1] cites Muslim 2609. The row therefore does not document the Muslim half of the claim, even though a scan of the print exists.	صُحّح	Acted on the problem text (the why_referred text belongs to another item). HA29 now records both collections: «البخاري؛ مسلم», part ٨؛ ٤, page ٢٨؛ ٢٠١٤, «خ ٦١١٤؛ م ٢٦٠٩», with the Muslim edition of the same batch's scans (the Muslim 2609 scan at 4/2014 is in the evidence). Ledger row م٥-٠١٤ is regenerated to match.
F282	_production/التحقيق/سجل-النقول.tsv	244	The book correctly presents this saying (ف07 line 53, footnote [^1]) as an athar that stops at Ali (موقوف على عليّ). The only ledger row that matches its text (م٥-٠٠١, position م٥ ف٠١) classifies it as «حديث», although the ledger has an «أثر موقوف» category. The ف07 occurrence also has no row of its own. This goes against the standard's hadith/athar distinction.	صُحّح	م٥-٠٠١ (HA16) is now «أثر موقوف», and its position reads «م٥ ف٠١، ف٠٧» through a new «also» field in the JSON that ledger.py reads.
F283	المجلد-الخامس/الباب-الخامس/ف08-أ-التهدئة-وحفظ-الكرامة.md	213	In this passage «الباب» is a figure of speech (the three «ways» of keeping one's dignity), not a cross-reference. The move to eleven volumes appended «(المجلد الأول)» to it by mistake, so the reader now takes it as a pointer to Part 1 of Volume 1, which is about الأصول and not about dignity.	كان قد صُحّح	«(المجلد الأول)» no longer appears; heading is «الباب الأول: رفض قبول الإهانة داخليًا».
F284	المجلد-الخامس/الباب-الخامس/ف08-أ-التهدئة-وحفظ-الكرامة.md	215	Same bad migration insertion: the second figurative «باب» of dignity has become a false reference to Volume 2 (اللسان).	كان قد صُحّح	«(المجلد الثاني)» removed already.
F285	المجلد-الخامس/الباب-الخامس/ف08-أ-التهدئة-وحفظ-الكرامة.md	217	Same bad migration insertion: the third figurative «باب» has become a false reference to Volume 3 (العبارة).	كان قد صُحّح	«(المجلد الثالث)» removed already.
F286	المجلد-الخامس/الباب-الخامس/ف08-ب-التطبيق-والتقويم.md	342	The quiz asks about the term «الإصغاء الانعكاسي», which the chapter never introduces. The «من علم التواصل» box in ف08-أ (line 155) describes the technique (the listener restating in their own words what the other person said) but no longer gives it this name. The learner is tested on a term they were never taught.	كان قد صُحّح	Quiz item 6 now asks about «أداة الإصغاء التي وصفها روجرز وفارسون», matching ف08-أ.
F287	المجلد-الخامس/الباب-الخامس/ف07-مخاطبة-الجمهور-العام.md	239	Broken construction in a ✔ model. The prepositional phrase «لمن يريد» cannot take a فاء in its complement, and «له» repeats «لمن». The clause is also joined to the previous sentence by a comma. It should start a new sentence with a conditional or relative «مَن» as the subject, whose predicate takes the فاء.	كان قد صُحّح	Now reads «ومن أراد التفصيل التقني فسأشرحه له بعد اللقاء».
F288	المجلد-الخامس/الباب-الخامس/ف06-مخاطبة-الأقران-والأدنى.md	408	Case error in a ✔ model: «بلال» is the object and a fully declinable name, so it takes tanwin al-fath and an alif (بلالًا).	صُحّح	«أشكر بلال» -> «أشكر بلالًا» (declinable object).
F289	المجلد-الخامس/الباب-الخامس/ف07-مخاطبة-الجمهور-العام.md	177	Hamza spelling in a ✔ model does not match the book's house style: a medial hamza with damma after a fatha sits on a واو (تبدؤوا), as the chapter writes «يقرؤون» and the previous chapter «فيملؤون».	صُحّح	«تبدأوا» -> «تبدؤوا», per the book's hamza convention.
F290	المجلد-السادس/الباب-السادس/ف03-المدح-والشكر-والدعاء.md	73	«هذه الأحاديث» refers back to the four hadiths just cited (Ashajj, Ubayy, Abū Bakra, al-Miqdād). Only the prohibition hadiths are in that bāb: the Ashajj hadith is in Kitāb al-Īmān and the Ubayy hadith in Ṣalāt al-Musāfirīn, as notes [^1] and [^2] themselves say. The printed-edition check flagged this as a correction, but it was not applied.	صُحّح	ف03 l.73 «جاءت هذه الأحاديث» -> «جاء حديثا أبي بكرة والمقداد» (only these are in Muslim's bab al-nahy 'an al-madh). The why_referred concerns (Abu Dharr takhrij, 'ردّ طلبات كثيرة', unattributed meaning) belong to ف04-ب and are resolved under F293.
F291	المجلد-السادس/الباب-السادس/ف04-أ-المدخل-والدرس-الأول.md	77	«فَلْتَصْبِرْ» comes from the condolence hadith on a dying grandchild (ف05, Bukhārī 1284). It has nothing to do with refusing a request, and it does not appear anywhere in lesson 2 of this chapter. The reference is broken, and a prophetic phrase is attached to a principle it does not concern. The textual basis lesson 2 actually uses for refusal is Jābir's hadith.	كان قد صُحّح	The table row now cites «مَا سُئِلَ… شَيْئًا قَطُّ فَقَالَ: لَا»; «فَلْتَصْبِرْ» no longer appears there.
F292	المجلد-السادس/الباب-السادس/ف04-أ-المدخل-والدرس-الأول.md	68	Two clauses of a single hadith (Muslim 2699) are presented as two separate sayings («قال…» then «وقال…»), and they carry two identical footnotes ([^2] and [^3]). The second note is clutter, and the framing hides that both clauses come from one hadith. After the change, delete the [^3] definition (line 263) and run python3 pdf/renumber.py on the file.	صُحّح	ف04-أ: the second clause is now introduced as «وفي الحديث نفسه» and the duplicate note [^3] deleted; notes renumbered. Ledger row م٦-٠٦٨ text drift (mentioned in why_referred) is a ledger matter outside the book text.
F293	المجلد-السادس/الباب-السادس/ف04-ب-الدرس-الثاني.md	20	The author's interpretation of Jābir's hadith (the Prophet gave, excused himself gently, or stayed silent) is stated as the definitive meaning, with no commentator cited and no ledger row. It should either be sourced to a verified sharḥ or voiced as the author's reading.	صُحّح	ف04-ب l.20: Abu Dharr report given takhrij (Muslim 1825, Kitab al-Imara, bab karahat al-imara bi-ghayr darura, 3/1457, seen on Shamela 1727); unsupported «وردّ طلبات كثيرة…» removed; the meaning is attributed to Ibn Hajar with a note quoting Fath al-Bari 10/457 (Salafiyya; Shamela 1673), incl. his citation of al-Izz b. Abd al-Salam. Ledger rows needed (توثيقٌ ناقص, digital only).
F294	المجلد-السادس/الباب-السادس/ف04-ج-التطبيق-والتقويم.md	220	Hamza spelling: the first-person imperfect «أستأذنك» takes hamzat al-qat'. «استأذنك» reads as the past tense («he asked your permission»). This is a cue to be expanded, not a marked error, like the other items in the exercise.	كان قد صُحّح	The cue already reads «أستأذنك.»
F295	المجلد-السادس/الباب-السادس/ف04-ج-التطبيق-والتقويم.md	261	This is a progression problem: the task asks for a reply to mockery, a skill taught only in Chapter 7 («تجنب السخرية والاحتقار…») and not covered anywhere in Chapter 4 or earlier.	صُحّح	ف04-ج exercise 11.4: «ردًّا على سخرية» (a chapter-7 skill) replaced with «طلبَ مساعدة», keeping the comparison of tones within this chapter's two skills.
F296	المجلد-السادس/الباب-السادس/ف05-أ-المدخل-والدرس-الأول.md	56	The words in quotation marks are presented as if taken from the verse just cited (الأعراف: ٢٣), but that verse reads «وَإِن لَّمْ تَغْفِرْ لَنَا وَتَرْحَمْنَا». The quoted wording is not in it. A Quranic wording is being manufactured inside quotation marks.	كان قد صُحّح	The quoted words now match the verse: «وإن لم تغفر لنا وترحمنا».
F297	المجلد-السادس/الباب-السادس/ف05-أ-المدخل-والدرس-الأول.md	135	The second pillar of apology has two different names within the chapter. The rule and the summary (ف05-ج line 320) call it «تعاطف مع الأثر», while the pillars table (line 142) and the «ماذا تغيّر؟» table (ف05-ج line 120) call it «تسمية الأثر». The learner is asked to list the five pillars «بالترتيب» (quiz Q1) and gets two labels for one of them.	صُحّح	Second apology pillar unified as «التعاطف مع الأثر» in the pillars table (ف05-أ) and the 'ماذا تغيّر؟' table (ف05-ج), matching the rule, quiz analysis and summary.
F298	المجلد-السادس/الباب-السادس/ف05-أ-المدخل-والدرس-الأول.md	115	Model ④ («الرفيع») is supposed to be ③ plus something more, but it drops the explicit apology and acknowledgement («أعتذر عن هذا الخطأ») found in ③. Yet the analysis table credits ④ with «صريح مع شكر وتقدير للتصحيح» under الاعتراف. In a lesson on the complete apology, the top model leaves out the first pillar.	صُحّح	Model ④ in ف05-أ now includes «أعتذر عن هذا الخطأ؛» so it is ③ plus more and matches the table's 'صريح' acknowledgement.
F299	المجلد-السادس/الباب-السادس/ف06-أ-المدخل-والدرس-الأول.md	91	The book now quotes al-Shafi'i word for word, and the wording does match the printed Hilya 9/118. But the ledger row still records a paraphrase («يُروى عن الإمام الشافعي معنى أنه…») with the note «طوبق المعنى، والمتن يحكيه بتصرّف». The ledger no longer matches the book. The same drift affects م٦-٠٠٧ (Qurtubi is now quoted verbatim: «هذا على وجه الإنصاف في الحجة») and م٦-٠١١, whose recorded text differs from line 93. The fix belongs in the ledger, not the book text.	رُدّ (ليس خطأً أو هو قرارٌ مقصود)	No book change: line 91 quotes the Hilya wording correctly. The defect is ledger drift (م٦-٠٠٩, م٦-٠٠٧, م٦-٠١١ text fields record older paraphrases); fix belongs in نقول-المجلدات-٢-١١.json/ledger.py, outside this batch's files.
F300	المجلد-السادس/الباب-السادس/ف07-ج-التطبيق-والتقويم.md	224	A Qur'anic verse (Luqman 19) appears in the intonation exercise as a plain quoted sentence, without ﴿﴾, without its reference and not in the Uthmani text. It escapes quran.py and the Qur'an styling, and a reader cannot tell it is Qur'an. Elsewhere in this chapter (ف07-أ lines 72 and 98) the same verse is marked and referenced. Marking it may also require checking how the exercise's pause marks sit on a verse.	صُحّح	Exercise item 5 rendered as Qur'an: ﴿وَٱقْصِدْ فِى مَشْيِكَ وَٱغْضُضْ مِن صَوْتِكَ﴾ (لقمان: ١٩); quran.py reports it «مطابق».
F301	المجلد-السادس/الباب-السادس/ف07-ج-التطبيق-والتقويم.md	92	Wrong cross-reference. The «مريم» example (the head of department who turns the discussion from the person to the idea) is [م٢-ب٦-ف٧-مث٢٠] in the first lesson of this same chapter, not in the previous chapter (chapter 6).	كان قد صُحّح	Line 92 already says «في الدرس الأول من هذا الفصل».
F302	المجلد-السادس/الباب-السادس/ف07-ب-الدرس-الثاني.md	47	The analysis table says the successful model ③ contains a «نداء» (vocative address), but model ③ has none: «أستأذنك في مقاطعة قصيرة…». The first of the four steps is «النداء مع الاعتذار», so the model does not show what the table credits it with.	صُحّح	ف07-ب table cell for model ③ changed from «نداء واستئذان» to «استئذان صريح، وانتظار الإذن», describing what the model actually contains.
F303	_production/التحقيق/سجل-النقول.tsv	338	The ledger's النص column no longer matches the book at three places in this chunk. The book was corrected to follow the printed source, but the ledger still holds the older wording. (a) م٧-٠٠٤: the book (ف01-ب line 128) now reads «ألا يسأله عن شيء في غير موضعه، ولا يقرأ عليه عند شغل قلبه أو ملله أو تعبه أو استيفازه، وأن يسأل بتلطف وحسن خطاب…». (b) م٧-٠٠١: the book (ف02-ب line 88) now quotes «تنبيهًا على أنه الأولى بحاله أو المهمّ له», but the ledger still has «تنبيهًا على أن الأولى به أن يسأل عن	صُحّح	م٧-٠٠١ (B1-261), م٧-٠٠٤ (D2-256) and م٧-٠٠٥ (D2-263) النص now show the book's corrected wording. م٧-٠٠٥, which is now a verbatim al-Haytham quotation, carries the note «المتن ينقل اللفظ بنصّه» in place of «يحكيه بتصرّف».
F304	المجلد-السادس/الباب-السادس/ف09-أ-المدخل-والدرس-الأول.md	156	The hadith «تهادوا تحابوا» is outside the two Sahihs (al-Adab al-Mufrad) and is used as a foundational «سبب شرعي للمحبة», but no grading is given. Under the standard, grading is relevant here; the reader cannot tell how strong the report is. The other non-Sahihayn hadith in this chunk (ف09-ب fn1, Tirmidhi's «حسن غريب») does carry a grading. The ledger row has no grading either.	صُحّح	Note [^2] in ف09-أ now adds Ibn Hajar's grading from Bulugh al-Maram no. 935: «رواه البخاري في الأدب المفرد وأبو يعلى بإسناد حسن» (ed. al-Fahl, Dar al-Qabas 1435/2014, p.361, seen on Shamela 17757). New source: needs a ledger row and an entry in قاعدة-المصادر/thabat.
F305	المجلد-السادس/الخواتيم/ثبت-المصادر.md	15	The entry describes only vol. 4 (ed. إبراهيم عطوة عوض), but the volume cites Tirmidhi 1264 (ف09-ب fn1) and 1091 (ف05-ب fn1), which are in vol. 3 of the Halabi edition, a volume with a different editor. The verification witness for 1264 is on vol. 3 p. 555. The bibliography therefore misdescribes the edition used for these citations.	صُحّح	Thabat .md Tirmidhi entry now also names vol. 3: تحقيق محمد فؤاد عبد الباقي، ط٢، ١٣٨٨هـ/١٩٦٨م, read from the title-page scan HA1/HA2 tirmidhi3_title.jpg. The thabat is generated; the same must go into thabat.py EDITION or base row مص-٠٣٧ or regeneration reverts it.
F306	المجلد-السادس/الخواتيم/ثبت-المصادر.md	25	The word «أجزاء» is duplicated at the end of the entry (an import residue), which leaves a malformed bibliographic description.	صُحّح	Trailing «أجزاء» removed from the Qurtubi entry in the thabat .md (generator source: base row مص-٢٣٩ / tidy() must carry it).
F307	المجلد-السادس/الباب-السادس/ف09-أ-المدخل-والدرس-الأول.md	151	The preceding comparison (lines 81–116) is about حمزة, a senior student, and a hesitant beginner. There is no بلال in it, and nobody in it asks a precise question. The reader is sent to a scene that does not exist. بلال belongs to chapter 6 of the same Bab, and his behaviour there does not match this description either.	كان قد صُحّح	ف09-أ l.151 now refers to حمزة, who is in the comparison.
F308	المجلد-السادس/الباب-السادس/ف09-ج-التطبيق-والتقويم.md	227	This simulation item gives the wrong characters. In this chapter's study-circle comparison the senior student is حمزة and the other party is an unnamed beginner. There is no بلال, so the learner cannot tell whom to play.	كان قد صُحّح	Simulation item 2 now reads «حمزة والمبتدئ… فكيف يتصرف حمزة؟».
F309	المجلد-السادس/الباب-السادس/ف09-ج-التطبيق-والتقويم.md	228	In the graduation-invitation comparison (ف09-ب, lines 95–130) the invited employee is صالح and the host is his unnamed colleague. حمزة is not in that scene, so the swapped name makes the item impossible to act out as intended.	كان قد صُحّح	Simulation item 3 now reads «صالح وزميله في دعوة التخرج».
F310	المجلد-السادس/الباب-السادس/ف09-ج-التطبيق-والتقويم.md	344	The trainer is told to remind learners of an example that is not in this chapter. The false reference first made at ف09-أ line 151 is repeated here. No character in chapter 9 asks a precise question without compromising.	كان قد صُحّح	Trainer note now cites «مثال حمزة الذي زاد على أدبه التفاتًا دون تنازل عن الحق».
F311	المجلد-السادس/الباب-السادس/ف09-أ-المدخل-والدرس-الأول.md	73	Lesson One promises this objective but never delivers it. Nowhere in the lesson or the closing application is excessive, artificial deference to a scholar contrasted with useful respect: no rule, no ✘/✔ example, no exercise. The word «التوقير» does not appear again in the chapter.	صُحّح	Lesson objective 2 (undelivered «التوقير المتكلف») replaced by the chapter's own objective-2 wording (adab that keeps the scholar's right vs. the extra behaviour that wins affection), which the lesson does deliver; numbering unchanged.
F312	المجلد-السادس/الخواتيم/ثبت-المصادر.md	14	The number is doubled. The numeral ٢ is written before a dual form that already expresses 'two', which is not Arabic usage.	كان قد صُحّح	The regenerated thabat now reads «جزآن».
F313	المجلد-السادس/الخواتيم/ثبت-المصادر.md	25	The word «أجزاء» is left over at the end, and «جزءا» lacks the tanwin al-fath mark that the rest of the list uses («جزءًا»).	صُحّح	Same line as F306: «٢٠ جزءًا (في ١٠ مجلدات).» (tanwin already present after regeneration; residue «أجزاء» removed).
F314	المجلد-السادس/الخواتيم/ثبت-المصادر.md	30	A space is missing after the Arabic comma before the date.	كان قد صُحّح	The regenerated thabat reads «الثانية، ١٤١٠هـ / ١٩٩٠م» with the space.
F315	المجلد-السابع/الباب-السابع/ف05-أ-الإقناع-المدخل-والدرس-الأول.md	228	This well-known unauthenticated narration is quoted in a wording («ولو في الصين») that differs from the form in which it is transmitted and from the form the series uses elsewhere («ولو بالصين», vol. 8, bab 9, ch. 1 [م٣-ب٩-ف١-مث٣٧]). The ruling that follows on line 230 («وقد حكم علماء الحديث بأنها لا تثبت عن النبي ﷺ») has no footnote, and the text is in no ledger row. The claim about authenticity therefore has no documentation, although the standard requires grading to be documented. No source i	لم يُحسم في دفعته	Applied the wording alignment «ولو بالصين» (as transmitted and as in vol. 8), but the grading sentence on line 230 still has no note: it needs a takhrij/grading source seen on its printed page (e.g. al-Sakhawi's al-Maqasid, Dar al-Maymana ed., or al-Bayhaqi's al-Madkhal/Shuʿab) plus a ledger row; only digital copies (al-ʿIraqi's al-Mughni, Dar Ibn Hazm, p.16: «متنه مشهور وأسانيده ضعيفة») were reachable.
F316	المجلد-السابع/الباب-السابع/ف05-أ-الإقناع-المدخل-والدرس-الأول.md	90	This hadith is verbatim and correctly footnoted (Muslim 2594, البر والصلة، باب فضل الرفق), but no ledger row covers it at this position (م٧ ف٠٥). The ledger rows for vol. 7 ch. 5 are م٧-٠٠٣، ٠٠٨، ٠١٩، ٠٢٠، ٠٢١ only. The wording is identical to the verified text in vol. 5 (م٥-٠٠٦ / م٥-٠١٥), so only the registration of this occurrence is missing. The text itself is sound.	رُدّ (ليس خطأً أو هو قرارٌ مقصود)	The rifq hadith text and its footnote (Muslim 2594) are correct; only the ledger registration of this occurrence is missing, a _production task outside this batch.
F317	المجلد-السابع/الباب-السابع/ف02-ج-الجواب-التطبيق-والتقويم.md	290	Typo: «يستفاده» should be «يستفيده». The Ibn Mas'ud quotation itself matches the verified text (ledger م٧-٠١٣, Bukhari 4809).	كان قد صُحّح	Line 290 now reads «يستفيده».
F318	المجلد-السابع/الباب-السابع/ف04-أ-المداخلة-والمناقشة.md	225	The quotation marks are unbalanced: the closing guillemet after «…» ends the utterance early, so «جزاكم الله خيرًا.» is left outside it with a stray closing mark.	كان قد صُحّح	Line 225 now has balanced guillemets: «أعتذر، أختم بجملة واحدة: … جزاكم الله خيرًا.»
F319	المجلد-السابع/الباب-السابع/ف03-ب-الاستيضاح-التطبيق-والتقويم.md	181	Wrong characters. The second comparison in ف03-أ, lines 113–133, is between أنس and حمزة. مصطفى belongs to the opening scene. The simulation instruction sends the learner to a scene that does not exist.	كان قد صُحّح	Line 181 now reads «موقف حمزة وأنس (المقارنة الثانية)».
F320	_production/التحقيق/سجل-النقول.tsv	336	Ledger rows م٧-٠٠٢ and م٧-٠٠٦ still describe the old text. The النص field quotes the old paraphrase («ما معناه… يفرح أن يظهر الحق»), and the notes say «طوبق المعنى، والمتن يحكيه بتصرّف». The book (ف06-أ line 61) now quotes both sayings verbatim, so the rows no longer match the text they cover. Row م٧-٠٠٢ is also marked plain «متحقّق», although the Bayhaqi wording differs from the printed wording (كلّمت vs ناظرت). It should be «متحقّق مع اختلاف رواية», with the variant entered in اختلاف الروايات.	صُحّح	م٧-٠٠٢ (B2-283) and م٧-٠٠٦ (D2-284) النص now show the verbatim sayings, with the note «المتن ينقل اللفظ بنصّه». م٧-٠٠٢ is now «متحقّق مع اختلاف رواية», and اختلاف الروايات records Bayhaqī's «ما كلّمتُ» against the book's «ما ناظرتُ» (Ḥilya 9/118). م٧-٠٢٢ (T2-287) shows the current ف07-أ wording.
F321	المجلد-السابع/الخواتيم/ثبت-المصادر.md	11	The page's own key (line 6) defines «إحالةٌ عامّة» as a reference with no verbatim quotation, or one that retells a meaning. This volume, however, quotes Bayhaqi verbatim («ما ناظرتُ أحدًا فأحببتُ أن يخطئ»), and that quotation was checked against a scan of the printed page. The grade should be «طوبق على المطبوع». Also, «٢ جزءان» is a doubled count; it should be «جزءان».	صُحّح	Bayhaqi, Manaqib al-Shafiʿi: grade changed to «طوبق على المطبوع» (verbatim quote checked on the scan, م٧-٠٠٢) and «٢ جزءان» → «جزآن». Generator caveat: OUTSIDE string in thabat.py and degree() ignoring م٧ rows must be fixed before regeneration.
F322	المجلد-السابع/الخواتيم/ثبت-المصادر.md	15	Footnote 2 of ف06-أ quotes the Waladiyya verbatim («يُعرف فيه صحيح الدفع وفاسده», p. 1), and the ledger records a check against the printed page. The bibliography grades the work «إحالةٌ عامّة», which contradicts the page's own key.	صُحّح	Waladiyya grade changed to «طوبق على المطبوع» (verbatim, p.1 scan, م٧-٠٠٢); same thabat.py degree() caveat.
F323	المجلد-السابع/الخواتيم/ثبت-المصادر.md	18	The second Shafi'i saying at ف06-أ line 61 reproduces the Hilya's printed wording at 9/118, and the ledger records it as checked on the printed page. The grade «إحالةٌ عامّة» understates that verification and contradicts the page's key.	صُحّح	Hilya grade changed to «طوبق على المطبوع» (9/118 scan, م٧-٠٠٦); same thabat.py degree() caveat.
F324	المجلد-السابع/الخواتيم/ثبت-المصادر.md	16	This entry is copied from digital catalogue metadata: the wording matches the Shamela card, including the doubled «أجزاء» after «٢٠ جزءا (في ١٠ مجلدات)». The year ١٣٨٤هـ/١٩٦٤م does not appear anywhere in the ledger's edition field. The ledger names only «دار الكتب المصرية، الطبعة الثانية», read in the 1987 reprint by the Egyptian General Book Organization (الهيئة المصرية العامة للكتاب), third printing of the second edition with the same pagination. A date not seen on the printed title page break	صُحّح	Qurtubi entry rewritten from the ledger's edition reading (Dar al-Kutub 2nd ed., in the GEBO 1987 photo-reprint, 20 parts), dropping the catalogue date 1384/1964 and the doubled «أجزاء». Grade set to «طوبق على المطبوع» since ف05-ب note 1 quotes 3/383 verbatim (م٧-٠٠٣ verified). Base/generator must carry the same correction.
F325	المجلد-السابع/الباب-السابع/ف06-ب-المناظرة-التطبيق-والتقويم.md	75	The table says the improved S2 gives a specific proof «(رقم، مصدر)». The improved line (61) has neither: it says «وزارة التعليم في إحدى الدول… بنسبة ملحوظة», with no number and no named source. That is exactly the vague appeal ʿAʾisha rejects in the first version («أعطيني اسم دولة واحدة بالضبط!»). It also contradicts the chapter's own rule (ف05-ج line 238: «ولا أستعمل رقمًا أو نصًّا لا أعرف مصدره»). The model answer teaches the reader to present anonymous, unsourced evidence as if it were specif	كان قد صُحّح	The table now reads «دعوى ودليل محدد (واقعة وأثرها) واستنتاج», no longer claiming a number and source that S2 lacks.
F326	المجلد-السابع/الباب-السابع/ف06-أ-المناظرة-وأدبها.md	244	The footnote quotes Muslim's wording (no. 1713) verbatim. The ledger's comparison field for م٧-٠١٤ records only Bukhari 7169's printed text, so Muslim's wording has no recorded comparison. An evidence image for Muslim p. 1337 is listed, but the ledger does not transcribe this wording. The Muslim text should be added to النص المقارن so this quotation is covered.	رُدّ (ليس خطأً أو هو قرارٌ مقصود)	The Muslim 1713 wording in the footnote is correct (per the scan cited in the referral); adding it to the ledger's النص المقارن is a _production task outside this batch.
F327	المجلد-السابع/الباب-السابع/ف07-ب-النقد-والنصيحة-الدرس-الثاني.md	125	يعلن القسم معنى ثابتًا واحدًا، ويختم بأن «أصل الأمر» ثبت (السطر ١٦١). لكن الصيغ ٨ و٩ وصيغ الجدول (د) كلها لا تقول «التزم بالموعد»؛ فهي «توقف الآن، وارتدِ القفازين…» و«لاحظت هذا الأمر يتكرر…» و«لا تفعل هذا يا بني…». فالتمرين ينقض ما يعلنه، ويفقد المتعلم مقارنة المعنى الواحد في المقامات.	صُحّح	Rewrote formulations 8 and 9 and the three (د) formulations so every one expresses the declared fixed meaning «التزم بالموعد», keeping each row's addressee/register/channel.
F328	المجلد-السابع/الخواتيم/ثبت-المصادر.md	11	جُمع الرقم مع صيغة المثنى، والمثنى لا يُسبق بعدد. وسائر المداخل تكتب «٩ أجزاء» و«١٠ أجزاء».	صُحّح	«٢ جزءان» → «جزآن» (series spelling); covered by the F321 edit.
F329	المجلد-السابع/الخواتيم/ثبت-المصادر.md	16	في المدخل بقية بيانات منقولة آليًّا: «أجزاء» زائدة بعد «٢٠ جزءا»، وتنوين النصب لم يُرسم على الهمزة («جزءًا»)، ويستعمل المدخل شرطة لاتينية «دار الكتب المصرية - القاهرة» و«١٣٨٤ هـ - ١٩٦٤ م» خلافًا لنمط الثبت (الفاصلة، و«١٣٥٧هـ / ١٩٣٨م»).	صُحّح	Qurtubi catalogue residue (doubled «أجزاء», «جزءا» without tanwin, Latin hyphens) removed; covered by the F324 edit.
F330	المجلد-الثامن/الباب-التاسع/ف01-ب-العبارة-والصوت-والنموذج.md	327	The model khutba quotes a hadith verbatim and gives only an in-text attribution. It has no footnote with takhrij (number, bab, companion), and the ledger has no row for this position; the only row is م٥-٠٠٤ for volume 5. Every other hadith in this chapter gets a page note, including the one inside the earlier model at line 129.	صُحّح	Footnote added in the vol-5 house form: Muslim, Muqaddima (5), باب النهي عن الحديث بكل ما سمع، ١/١٠ (scan HA3/HA19 seen). Needs an م٨ ledger row.
F331	المجلد-الثامن/الباب-التاسع/ف01-ب-العبارة-والصوت-والنموذج.md	351	The hadith is labelled «متفق عليه» but has no footnote. The ledger row for volume 8 (م٨-٠٣٠) records only Muslim 47, so the Bukhari half of «متفق عليه» is not documented for this position.	صُحّح	Footnote added with Bukhari 6018 (and 6475) and Muslim 47, same wording as the volume's ف01-ب (باب ٨) [^1]. Ledger row م٨-٠٣٠ should add the Bukhari half.
F332	المجلد-الثامن/الباب-التاسع/ف01-ب-العبارة-والصوت-والنموذج.md	363	A hadith fragment is quoted as «متفق عليه» with no footnote and no ledger row for this volume or position.	صُحّح	Footnote added (Bukhari 2989, Muslim 1009) in the vol-1 house form backed by verified row م١-٠٤٠. Needs an م٨ ledger row.
F333	المجلد-الثامن/الباب-التاسع/ف01-ب-العبارة-والصوت-والنموذج.md	158	The book states a grading verdict on «اطلبوا العلم ولو بالصين» as established fact («لا تثبت عند أهل الحديث»), and repeats it in the error table at line 285. No source is given, and the phrase has no ledger row anywhere. Under the standard, a claim about a hadith's authenticity needs a documented source, or it has to be restated as the book's own finding. The parallel case «اختلاف أمتي رحمة» (ف01-ج fn 1) is documented through al-Subki and al-Sakhawi.	صُحّح	Same as F409: note at line 158 names al-Sakhawi, Ibn Hibban and Ibn al-Jawzi.
F334	المجلد-الثامن/الباب-التاسع/ف01-أ-المدخل-وبناء-الخطبة.md	283	The book states that «النظافة من الإيمان» is not known as a hadith in this wording, with no source and no ledger row. It is the same kind of unsupported grading claim as «اطلبوا العلم ولو بالصين». Volume 11 hedges the same verdict with «فيما تحقق منه هذا الكتاب».	صُحّح	Note added: al-Sakhawi, al-Maqasid (Maymana) 2/196 (no. 308) reports the nearest narration as al-Tabarani's «والنظافة تدعو إلى الإيمان», a different wording; seen on shamela book 1266 (print-matched pagination). Wording of the text kept.
F335	المجلد-الثامن/الباب-التاسع/ف01-أ-المدخل-وبناء-الخطبة.md	401	The footnote cites Murdock (1962) as the first source for the serial-position finding, but the ledger records that this reference was taken from Crossref metadata only. The article itself was not seen, so this citation does not meet «لا متحقّق إلا ما طوبق على المطبوع». The second source (Unsworth et al. 2011, p. 67) was seen and does support the claim.	صُحّح	Murdock 1962 (never seen; Crossref metadata only) removed as a standalone citation; the note now rests on Unsworth et al. 2011 p.67 (scan seen), which itself names Deese and Kaufman (1957) and Murdock (1962). The thabat still lists Murdock from the base; drop it from the base if the editor wants.
F336	المجلد-الثامن/الباب-التاسع/ف02-أ-المدخل-وبناء-المحاضرة.md	294	An English sentence («Then the bridge.») sits in the Arabic book text. It looks like a leftover drafting note, and the example gives no bridge step, although the five-step segment structure it illustrates ends with «الجسر».	كان قد صُحّح	The English «Then the bridge.» is gone; text reads «ثم الجسر إلى ما بعده».
F337	المجلد-الثامن/الباب-التاسع/ف01-أ-المدخل-وبناء-الخطبة.md	67	Doubled introduction. Line 65 already says «وروى مسلم عن جابر بن سمرة رضي الله عنه قال:», and line 67 repeats «قال جابر بن سمرة رضي الله عنه:» before the quotation, so the attribution clause appears twice in a row. The other two hadiths in this section have a single introduction.	كان قد صُحّح	The doubled «قال جابر بن سمرة» introduction is gone.
F338	المجلد-الثامن/الباب-التاسع/ف02-ج-التطبيق-والتقويم.md	135	Inconsistent with the lecture plan in the same chapter. Yusuf's lecture proposed «عشر دقائق قبل النوم» and «كتاب واحد» (ف02-ب lines 176–178), not «صفحة واحدة», so he cannot have proposed a page «في المحاضرة». Line 147 («مثال محدد صغير من المحاضرة نفسها») and quiz question 7 (line 289) repeat the claim.	صُحّح	س٥ now proposes the one-page habit on the spot («لهذا أقترحُ عليك…») rather than claiming it was in the lecture, and the change table reads «مثال محدد أصغر من اقتراح المحاضرة نفسها»; quiz Q7 stays valid.
F339	المجلد-الثامن/الباب-التاسع/ف04-أ-المدخل-والدرس-الأول.md	250	The section is headed «من علم اللغة الحديث» and sets out a specific, named model from modern genre analysis: the three-move description of research-article introductions (establishing a territory, establishing a niche, occupying the niche). It gives no attribution and no note, so a particular scholar's model is presented as anonymous common knowledge. The model needs a source note, and that source must be verified against the printed work before it is cited (no source or page may be supplied fro	لم يُحسم في دفعته	The three-move model is Swales's (Genre Analysis, CUP 1990), but no page could be seen: the archive.org copy is lending-only (403) and shamela does not have it. Needs a sight of the printed chapter on research-article introductions (page numbers) before a note can be written.
F340	المجلد-الثامن/الباب-التاسع/ف04-أ-المدخل-والدرس-الأول.md	71	This verbatim mawquf athar has no footnote and no number or chapter. Every other hadith in the chunk carries a footnote takhrij, and this position has no ledger row. The wording itself is verified elsewhere in the ledger. A footnote is needed, for example: «أخرجه البخاري (١٢٧) في كتاب العلم، باب من خصّ بالعلم قومًا دون قوم كراهية أن لا يفهموا، موقوفًا على عليّ رضي الله عنه». Then run renumber.py and add a ledger row for م٨.	صُحّح	Footnote added using the volume's own existing note for this athar (ف02-أ [^3]): Bukhari (127), كتاب العلم، باب من خصّ بالعلم قومًا…، mawquf on Ali. Needs an م٨ ledger row.
F341	المجلد-الأول/الافتتاحية/07-العربية-والوحي.md	125	Line 64 («ولا أذكر منها هنا إلا ما وقفتُ عليه في مصدره الأول، بنصّ أصحابه») and this line claim that every case rests on its authors' own texts, with dates. Case (ج) does not. Fahmī's proposal is known only through al-ʿAqqād's reply («علم القرّاء أن… قد اقترح») and through al-Ziriklī. Fahmī's own text is never quoted, the proposal's own date is undocumented (the heading «مصر، ١٩٤٤» is the date of al-ʿAqqād's article), and Aḥmad Shākir's rebuttal is also known only through al-Ziriklī. A primary source (Fahmī's published proposal) would be a reasonable basis here.	صُحّح	Lines 64 and 125 of ch.6 (07-العربية-والوحي) now say the cases rest on their authors' texts «أو بنصّ من ردّ عليهم في حينه», and the proposal is «حكاه من ردّ عليه», matching the sources actually cited for case (ج).
F342	المجلد-الأول/الباب-الأول/ف01-أ-المدخل-والدرس-الأول.md	224	A judgment on a hadith's status is made at its first occurrence with no takhrij and no cross-reference. The documentation exists only in ف04-أ, which refers back to this example (المثال ٩). There the saying is shown to be transmitted as a mawquf report from the Companion Abu al-Tufayl, and as half a verse attributed to al-Hutay'a. Without a note, the reader here is not told this, and the standard requires the marfu'/mawquf distinction. Fix: add a forward cross-reference note: «[^2]: انظر: الفصل الرابع من هذا الباب، الدرس الأول، «من التراث: المثل السائر لا الحديث النبوي»؛ وفيه أنها مرويّةٌ من ك	صُحّح	Added a cross-reference note at المثال ٩ to ف04-أ «من التراث: المثل السائر لا الحديث النبوي» where the takhrij is; notes renumbered.
F343	المجلد-الأول/الباب-الأول/ف03-أ-المفاهيم-والدرس.md	89	This column is headed «مثال البلاغيين», but it quotes the hemistich the balaghiyyun do not cite as the example. The Talkhis cites «وليس قرب قبر حرب قبر», and the heaviness the row describes is concentrated there. Quoting only the first hemistich hides the illustration the row is meant to give, and it repeats the misattribution in note 2.	رُدّ (ليس خطأً أو هو قرارٌ مقصود)	The table says the verse's «أوله» is «وقبر حرب بمكان قفر», which is literally true, and note 2 already gives the Talkhis shahid «وليس قربَ قبرِ حربٍ قبرُ» (verified ledger row م١-١٢٤); no error.
F344	المجلد-الأول/المدخل/ف01-العربية-ومستوياتها.md	30	Footnote 3 cites Mitchell 1986 as a whole, with no page, for the description of this middle variety. Mitchell has no row in the quotation ledger. The sources base records only a Crossref metadata match, never a check against the article. The specific claim that the variety rests on الفصحى in its syntax (تركيبها) as well as its lexicon is therefore unverified. It also risks misrepresenting the cited work, since Educated Spoken Arabic is often described as having a largely vernacular grammatical base with standard lexical borrowing. The neighbouring Ferguson and Badawi claims are ledger-verified	صُحّح	Detached the unverified characterisation from Mitchell: the note now supports only the name «العربية المنطوقة للمتعلّمين», and the description is presented as the author's observation («فيما نشاهد»), wording otherwise kept.
F345	المجلد-الأول/الباب-الأول/ف04-ب-الدرس-الثاني.md	102	In a ✔ model the fixed adverbial expression is «أولًا بأوّل», with the first word manṣūb and tanwīn. «أول بأول» is the colloquial form.	صُحّح	«أول بأول» → «أولًا بأول» in the ✔ model, the standard fuṣḥā form.
F346	المجلد-الأول/الباب-الأول/ف04-ب-الدرس-الثاني.md	241	The model («النسخة المحسّنة») keeps the friend-talk colloquial: س١ «بس بخبرك فيه بعدين», س٢ «تمام، اتصلي لما تفضين», س١٣ «خلصت الآن» and س١٤ «شو صار مع المديرة؟». The same lesson's القاعدة الخامسة permits colloquial only as a corrected error or a contrast, and ف01-ب teaches that the friendly register is reached inside fuṣḥā. The model contradicts the rule it is meant to embody. The fix is an author decision: rewrite these four lines in friendly fuṣḥā, or mark them explicitly as a contrast.	صُحّح	The four friend-talk lines of the improved model (س١، س٢، س١٣، س١٤) rewritten in friendly fuṣḥā, per Rule 5 of the same lesson (descending formality stays inside fuṣḥā); the colloquial original version is kept as the error sample.
F347	المجلد-الأول/الباب-الأول/ف04-ب-الدرس-الثاني.md	248	Continuity break in the model dialogue. Khadija never mentioned half an hour before this line, yet the definite «نصفُ الساعةِ» and «فعلًا» presuppose that she did. She first names it in the next line (س٩). The verb is also feminine with a masculine subject «نصف».	صُحّح	«هل تكفيكِ نصفُ الساعةِ فعلًا؟» → «هل يكفيكِ نصفُ ساعةٍ؟», since half an hour had not been mentioned before.
F348	المجلد-الأول/الباب-الأول/ف05-ب-التطبيق-والتقويم.md	216	The instruction is ambiguous for the learner. «تأكده» (his certainty) can mean the sheikh's insistence on his wrong claim, or Ḥafṣa's certainty that he erred (which would need «تأكدها من خطئه»). The simulation can be played two different ways. Author to choose the intended reading.	صُحّح	«تأكده من الخطأ» → «يقينه بما أخطأ فيه», making clear it is the sheikh's certainty in his error.
F349	المجلد-الثاني/الباب-الثاني/ف01-أ-المدخل-والمخارج.md	500	No ledger row covers the Anīs page range. Row م٢-٠١٦ records Bishr's pages only, and no scan of these Anīs pages exists in مصوّرات/M1. The verification note gives a different range (16–19). Under the rule «لا رقم صفحةٍ لم يُرَ», the range must be checked on the scan and recorded.	كان قد صُحّح	The Anīs page range no longer appears (ف01-أ footnote 4 cites Bishr only). For the record, checked on the archive scan (ar113lang04, 5th ed. 1975): chapter «أعضاء النطق» opens on unnumbered p.16 with the figure, organs enumerated pp.17–19.
F350	المجلد-الثاني/الباب-الثاني/ف03-ب-الدرس-الثاني-والأزواج.md	162	The speaker of the ✘ sentence and the person blamed do not match. «قميصك ... يا بنيّ» is plainly the teacher speaking to a boy (the label is «معلمة ... تصحح تلميذًا»), but the note says the pupil made the error. The sentence is also a compliment, not the correction the label promises. Either the ✘ sentence should be something the pupil says, or the label and note should be aligned. This is the author's decision.	صُحّح	مث١٤ ✘/✔ made the pupil's own words («قميصي الأذرق/الأزرق جديد يا معلّمتي»), matching the label and note.
F351	المجلد-الثاني/الباب-الثاني/ف05-أ-المدخل-وأصوات-الحلق.md	59	In the «من التراث» paragraph, footnoted to Ibn al-Jazarī and Sibawayh 4/433, the qāf is placed «مما يحاذي اللهاة». The cited sources say «أقصى اللسان وما فوقه من الحنك الأعلى». The verified modern source the book quotes at line 67 states that the classical tradition places it at أقصى الحنك, and that the uvular place is the modern one. So the paragraph projects the modern description back onto the tradition. To keep «اللهاة» as a classical term, a classical source would have to be verified on the printed edition; none is in the ledger.	صُحّح	Heritage paragraph now follows its cited sources (Sibawayh 4/433, Ibn al-Jazarī): qāf «مع ما فوقه من الحنك الأعلى», kāf «أسفل منه قليلًا مما يليه من الحنك»; the uvular description stays in the modern-standard rule.
F352	المجلد-الثاني/الخواتيم/ثبت-المصادر.md	22	The imprint given here does not match the imprint the ledger records from the title page of the scan that was actually matched. The ledger has «مطبعة دار إحياء الكتب العربية، فيصل عيسى البابي الحلبي»; the source list has «مطبعة عيسى البابي الحلبي وشركاه». The edition graded «طوبق على المطبوع» should be the one seen.	لم يُحسم في دفعته	ثبت-المصادر.md is generated by pdf/thabat.py from _production/المصادر/قاعدة-المصادر.tsv (row مص-٠٣٣), outside this batch; and the fix needs the title page of the Muslim copy matched for vol.1 (ledger: «مطبعة عيسى البابي الحلبي») to decide whether it is the same printing as vol.2's («مطبعة دار إحياء الكتب العربية، فيصل عيسى البابي الحلبي»).
F353	المجلد-الثاني/الباب-الثاني/ف10-أ-المدخل-والدرسان.md	277	The analysis is inaccurate. Only the third part is joined by «و»; the second, «مع انخفاض…», is a prepositional phrase, not a sentence. A break after «درجات» separates مضاف from مضاف إليه («درجات الحرارة»), not a description from what it describes.	كان قد صُحّح	Analysis now reads «ثلاثة أجزاء متتابعة بينها فاصلتان»; the remaining «يقطع الوصف عن موصوفه» is defensible (break inside «انخفاض طفيف»).
F354	المجلد-الثاني/الباب-الثاني/ف11-أ-المدخل-والدرسان.md	102	A specific descriptive claim about Arabic intonation (including a «متموج» contour for exclamations, repeated as an objective at line 68 and a mastery criterion in ف11-ب line 329) is stated as established fact with no support. Chapter 11 has no footnotes at all, while every comparable phonetic claim in volume 2 carries a modern-source note (Anis, Bishr, Hassan). Either support it from a verified source already in the source list (for example the treatment of intonation in تمام حسان, matched on the print with page), or present it as the book's working training description.	صُحّح	Intonation contours recast as the book's working training description («في الوصف العملي الذي يعتمده هذا الكتاب للتدريب»), since no verified source is in hand.
F355	المجلد-الثاني/الباب-الثاني/ف12-ب-التطبيق-والتقويم.md	92	The learner's profile is inconsistent across the two parts of the chapter. In ف12-أ (lines 44, 107) Suleiman's diagnosed ض pattern is a swap with ظ (فضللت، حظرت؛ ظ→ض), and «لم يكن يعرف أن ضلّ وظلّ كلمتان مختلفتان». Here the same Suleiman's top ● sound is ض→د, explained at line 95 as approximation to «الدال المفخّمة». The author should either align the error or rename the learner.	صُحّح	ف12-ب improved dialogue aligned with ف12-أ's diagnosis of Suleiman: ض is confused with ظ («أخلِطُها بالظاءِ»; «وهو الظاءُ هنا») instead of ض→د.
F356	المجلد-الثاني/الملاحق/ملحق-الباب-الثاني-برنامج-النطق.md	186	«القناعة كنز لا يفنى» is a fixed, well-known wording. It circulates widely as a marfu' Prophetic hadith whose authenticity is contested; this is from general knowledge and has not been checked against an edition, so it needs verification before any note is written. Here a fictional speaker utters it as a piece of wisdom. It is not in the quotation ledger and has no note. A reader who knows it as «a hadith» will take the book to be passing it on unmarked, in a series that grades every report. There are two options: (a) verify it with shamela.py/hadith.py and add a functional note on its status;	صُحّح	Verified on Shamela: al-Bayhaqī, al-Zuhd al-kabīr, reports «القناعة كنز لا يفنى» marfūʿ and says «هذا إسناد ضعيف». Replaced the character's line with an original line keeping the ق target («القَناعَةُ رِزْقٌ يَقي صاحِبَهُ القَلَقَ»).
F357	المجلد-الثاني/الملاحق/ملحق-الباب-الثاني-برنامج-النطق.md	457	The vocalization gives the wrong word. The causal فاء («فما تحدّث إلا بإذن») and the مجلس العلم setting require «ضبط نَفْسَه» (self-restraint, a fixed idiom). The text vocalizes «نَفَسَه» (his breath), which does not motivate speaking only with permission and is not an idiom. Read aloud, the learner says a different word from the one meant.	صُحّح	Day 15 (sound review, مجلس العلم adab context, causal فاء) → «ضَبَطَ نَفْسَهُ»; l.315 «ضَبْطِ نَفَسِهِ» left as an intentional breath reading.
F358	المجلد-الثالث/الباب-الثالث/ف06-أ-أثر-اللغات-المحلية.md	82	A broad historical claim («غزير», «قرونًا», four named fields) is stated as fact with no source. The book's rule requires historical facts from their primary source and without generalisation. No row in the ledger or JSON covers it, so either document it on a seen printed reference or narrow it to what can be documented. No citation is proposed here, so as not to supply one from memory.	صُحّح	Removed the undocumented quantifiers («غزير»، «قرونًا»). The sentence now just says West African scholars wrote in Arabic in these fields, with no claim of scale.
F359	المجلد-الثالث/الباب-الثالث/ف06-أ-أثر-اللغات-المحلية.md	255	Read with the table that follows, the text implies Arabic repetition serves only distribution and succession. The table row at line 268 then lists «رفع الصوت والتكرار» as the transferred, non-Arabic way of emphasising a statement. But classical grammar has a whole chapter on التوكيد اللفظي, emphasis by repeating a word. The real contrast is repetition to express degree or quantity («صعب صعب»), which the passage should name precisely.	صُحّح	The text now says Arabic knows التوكيد اللفظي as well as distributive repetition, and the verse is introduced as an example of the latter. The table's transferred pattern now reads «رفع الصوت، وتكرار الكلمة في كل جملة», with no absolute claim added.
F360	المجلد-الثالث/الباب-الثالث/ف06-ب-المخاطبة-والتحية-والتطبيق.md	559	The note gives only al-Nawawi's attribution to al-Husayn, which makes the formula a Companion's athar. The older sources give a nearly identical formula from al-Hasan al-Basri. The disputed attribution is not shown. No fix is proposed: the older sources were seen only in digital copies. Verify Musnad Ibn al-Ja'd or Ibn Abi al-Dunya's al-'Iyal on a print first. Then add «ويُروى نحوه عن الحسن البصري» with its source.	رُدّ (ليس خطأً أو هو قرارٌ مقصود)	Footnote 5 faithfully reports al-Adhkar p.453 (confirmed on scan) and the main text does not present the formula as a Companion's report. Adding the al-Hasan al-Basri variant would first need Musnad Ibn al-Ja'd / al-'Iyal checked on a print, so nothing was added.
F361	المجلد-الثالث/الباب-الثالث/ف09-ب-متى-تطيل.md	126	«أطنب» is intransitive (أطنب في الكلام); unlike «أوجز الكلامَ», it does not take a direct object. The chapter repeatedly uses it with one: ف09-أ line 17 «يطنب فكرة موجزة»; ف09-ب line 10 «يطنب فكرة موجزة»; line 214 «ما يوجزه وما يطنبه»; line 287 «متمهلة للمطنب»; line 344 «أطنب فكرة موجزة»; line 357 «أطنب: «القراءة مفيدة.»»; line 386 «وأطنب الخمس الأخرى». Vol. 4 uses the correct form, «أطنب في نقد جهة سابقة».	صُحّح	«أطنب» is intransitive (أطنب في الكلام), so the volume's transitive uses were corrected: ف09-أ:17; ف09-ب:10, 126, 214, 344, 386; «للمطنب» at 287 was reworded. The list label «٤. أطنب: «القراءة مفيدة.»» (357) is left as a colon label, not a governed object.
F362	المجلد-الثالث/الباب-الثالث/ف09-ب-متى-تطيل.md	287	The exercise asks the learner to place pause and stress marks, but items 1–3 (lines 289–291) already have them, along with speed labels, so there is nothing left to do. Either remove the marks from the items, or change the instruction to reading with the marks. Elsewhere in the volume the items are left unmarked for this instruction (ف01-ب, ف06-ب).	صُحّح	Volume-wide decision: wherever exercise 8 items are pre-marked, the instruction now reads «اقرأ مراعيًا رموز…» instead of «ضع رموز…». Applied in ف03-ب, ف04-ب, ف05-ج, ف07-ج, ف08-ج and ف09-ب. The chapters with unmarked items (ف01-ب, ف02-ج, ف06-ب) keep «ضع».
F363	المجلد-الثالث/الباب-الثالث/ف09-ب-متى-تطيل.md	309	The pointer is wrong. The audio text is not 'at the end of this lesson': it sits in the chapter's closing application, directly after the exercises (line 313, «التدريب الصوتي»). Lesson 2 ends at line 136. A learner looking at the end of the lesson will not find it.	صُحّح	Volume-wide: «سجّل النص الصوتي في آخر هذا الدرس» changed to «سجّل نص «التدريب الصوتي» الآتي» in all five chapters (ف03-ب, ف04-ب, ف05-ج, ف08-ج, ف09-ب). In each, that section directly follows the exercises (checked).
F364	المجلد-الثالث/الباب-الثالث/ف08-ج-التطبيق-والتقويم.md	158	The exercise asks the learner to place pause and stress marks on the key words, but items 1–3 (lines 160–162) already have the marks and the bolded stressed words. The task is already done, so the instruction is unclear. Either remove the marks from the items, or change the instruction to reading with the marks.	صُحّح	See F362: ف08-ج heading now «اقرأ مراعيًا رموز السكتة والنبر الموضوعة على الألفاظ المفتاحية».
F365	المجلد-الثالث/الباب-الثالث/ف08-ج-التطبيق-والتقويم.md	180	The pointer is wrong. This file is the chapter's closing application, not a lesson, and the audio text («التدريب الصوتي», line 184) comes right after the exercises, not at the end of a lesson. The learner may look for it at the end of Lesson 2 (ف08-ب).	صُحّح	See F363.
F366	المجلد-الرابع/الباب-الرابع/ف03-ج-التطبيق-والتقويم.md	222	The scene presents this as خطبة الحاجة, and the analysis at line 204 calls it «أُديت كاملة وصحيحة… التمهيد المأثور». The wording drops the opening «إنّ» of the transmitted text. Everywhere else in this volume the formula is written «إنّ الحمد لله، نحمده ونستعينه…». Line 185 (س٣ of the first dialogue) has the same omission: «الحمد لله نحمده ونستعينه...».	صُحّح	The improved recitation of khutbat al-haja (ف03-ج s3) now opens «إنَّ الحمدَ للهِ، …», as in every verified version (Muslim 868, Abu Dawud 2118, al-Tirmidhi 1105) and the volume's own ch. 2, since the analysis calls the recitation complete and correct.
F367	المجلد-الرابع/الباب-الرابع/ف03-ج-التطبيق-والتقويم.md	185	The line is labelled «خطبة الحاجة كاملة» and later judged «صحيحة» (line 204), but it omits the opening «إنّ» of the transmitted formula.	صُحّح	Same fix in the first dialogue (ف03-ج l.185): «إنّ الحمد لله، نحمده ونستعينه...».
F368	المجلد-الرابع/الباب-الرابع/ف03-ج-التطبيق-والتقويم.md	346	The activity is titled 'the four elements' and promises «افتتاح كامل», but it uses groups of three and builds only three elements; the fourth, خريطة الطريق, is dropped. The learner is left unsure whether the result counts as complete.	صُحّح	The «سباق العناصر الأربعة» activity now uses groups of four and builds all four elements, adding «خريطة طريق», as its title and «افتتاح كامل» promise.
F369	المجلد-الرابع/الباب-الرابع/ف07-ب-التطبيق-والتقويم.md	123	The improved version does not model the fix the analysis asks for. L91 faults Bilal, the speaker being trained, for not preparing how to open the call («وهذا مما ينبغي أن يستحضره المتكلم قبل أن يُسأل عنه»). In the improved dialogue the director still supplies it (س٩, L107: «فابدأْ بالسؤالِ عن حالِه بلطفٍ»), and the table credits the change to her. The learner never sees Bilal do it.	صُحّح	In the improved dialogue of ف07-ب, the director now asks how Bilal will open the call, and Bilal answers with the gentle opening himself (s9–s10). The «ماذا تغيّر؟» row was updated to match, so the model now shows the preparation the analysis (L91) asks for.
F370	المجلد-الرابع/الباب-الرابع/ف10-ب-الشعر-والأمثال.md	45	A classical proverb is given, in a chapter about exact wording, in a shortened form without «لك», and it is not in the ledger. The classical collections list it as a مثل, in the form «رُبَّ أخٍ لك لم تلده أمك», attributed to Luqman b. 'Ad and narrated as a saying of al-Hasan. The book calls it «حكمة» with no known speaker.	رُدّ (ليس خطأً أو هو قرارٌ مقصود)	The ✔ model gives the common modern wording and deliberately attributes it to no one, which is the chapter's own rule. The «لك» variant and the مثل/حكمة classification rest only on a digital copy of مجمع الأمثال, and the chapter's definition of حكمة (known or unknown speaker) covers the usage. Not an error.
F371	المجلد-الرابع/الباب-الرابع/ف09-أ-من-علم-البديع.md	175	The preposition is wrong. تصدّر takes its object directly (تصدّر المجلسَ/القائمةَ). «تصدّر على» is not an attested construction, and the intended meaning is «did not take precedence over it». The same wording appears in ف09-ب l.347.	صُحّح	«ولم يتصدر عليه» → «ولم يتقدّم عليه» (تصدّر takes its object directly; the intended meaning is precedence).
F372	المجلد-الرابع/الباب-الرابع/ف09-ب-التطبيق-والتقويم.md	347	Same collocation error as ف09-أ l.175: تصدّر does not take «على». The intended meaning is «took precedence over».	صُحّح	«أم تصدر عليه؟» → «أم تقدّم عليه؟», matching F371.
F373	المجلد-الرابع/الباب-الرابع/ف10-د-التطبيق-والتقويم.md	161	The chapter gives no criterion to answer this quiz item, and its two statements conflict. The rule at ف10-ب l.5 says: if in doubt about the wording or the attribution, «فاترك البيت كله». Six lines later (l.11), when in doubt, it offers two equal options: leave it, or «تقدّمه بصيغة تُعلن عدم يقينك». Nothing says when each applies.	صُحّح	Added one sentence to ف10-ب l.11 that reconciles the rule and the hedged alternative. Leaving the verse out is the default the rule requires, and the hedge is allowed only in an informal setting where the verse is a passing allusion. Quiz 6 is now answerable.
F374	المجلد-الخامس/الباب-الخامس/ف04-ب-الدرس-الثاني.md	10	The objectives all complete the stem «يكون المتدرب قادرًا على أن:». This one switches to a new subject (الأخت), so it reads «قادرًا على أن تهدئ الأخت أختها» and no longer fits the stem or the other objectives.	صُحّح	Objective 2 recast to complete the stem with the learner as subject while keeping the sister-to-sister scope: «يؤدي لسان الأخت التي تهدّئ أختها الغاضبة أو الحزينة…».
F375	المجلد-الخامس/الباب-الخامس/ف04-ج-التطبيق-والتقويم.md	15	The chapter's characters contradict each other. In ف04-أ line 36, Yusuf is the middle son «في المرحلة الثانوية». Here he is a third-year university student (line 90: «في السنةِ الثالثةِ ... مع يوسفَ»), and his father is named Ibrahim. Exercise 10.3 (line 218) and quiz 10 (line 295) tie this Yusuf to the Yusuf of the opening scene. His brother Bilal, who is older than him (ف04-ب line 29), is only in his second year. A learner following the chapter's family will be confused.	رُدّ (ليس خطأً أو هو قرارٌ مقصود)	The opening scene family (father, mother, Omar, Yusuf) and the guest-dialogue family (Ibrahim, Khadija, Hafsa, Yusuf) are separate illustrative families; nothing in the text identifies them, and quiz 10 refers only to the opening scene.
F376	المجلد-الخامس/الباب-الخامس/ف05-ب-الدرس-الثاني.md	145	The full «successful» model for addressing the university president makes two requests in a five-minute meeting: financial support and attendance at the opening. The lesson's own table (line 127) lists «عرض أكثر من طلب واحد في لقاء قصير» among the phrases to avoid.	رُدّ (ليس خطأً أو هو قرارٌ مقصود)	The invitation to the opening is a courtesy closing the single support request, not a second agenda item; the author's model stands.
F377	المجلد-الخامس/الباب-الخامس/ف09-أ-مختبر-المقام.md	38	The addressee named does not match the cited verse. The wording of the verse is correct (مطابقة-القرآن.json: «مطابق»), but النساء: ٥ is about السفهاء: «وَلَا تُؤْتُوا۟ ٱلسُّفَهَآءَ أَمْوَٰلَكُمُ … وَقُولُوا۟ لَهُمْ قَوْلًا مَّعْرُوفًا». The verse that names اليتامى and المساكين is النساء: ٨ («وَإِذَا حَضَرَ ٱلْقِسْمَةَ أُو۟لُوا۟ ٱلْقُرْبَىٰ وَٱلْيَتَٰمَىٰ وَٱلْمَسَٰكِينُ … قَوْلًا مَّعْرُوفًا»). As written, the book assigns the Quranic context wrongly.	صُحّح	Reference corrected from (النساء: ٥), which concerns السفهاء, to (النساء: ٨), which names اليتامى والمساكين with the identical words «قَوْلًا مَّعْرُوفًا» (checked against the Uthmani cache; quran.py reports all 236 citations مطابق).
F378	المجلد-الخامس/الباب-الخامس/ف09-أ-مختبر-المقام.md	38	The author's framing is stated as a fact about the verses, and it is inaccurate. The speakers differ: Moses and Aaron to Pharaoh (طه ٤٤), the believers (الأحزاب ٧٠), the son to his parents (الإسراء ٢٣). «إبلاغ الحق» is also not the purpose of «قولًا كريمًا» to parents or «قولًا ميسورًا» to someone in need. Line 40 already says the grouping of the verses is the author's own pedagogical observation. This clause should say only what that observation needs: the act, speech, is the same.	صُحّح	Deleted the inaccurate clause «مع أن القائل واحد والغاية واحدة: إبلاغ الحق»; the next paragraph already states «ستة أوصاف لفعل واحد هو القول».
F379	المجلد-الخامس/الباب-الخامس/ف09-ب-مختبر-المقام.md	39	الملاحظة موضوعة بعد موقفَي الإعلام (١٣–١٤) لا قبلهما، ومع ذلك تقول «ننتقل الآن» من الميادين الأربعة الأولى إلى الإعلام والمقام الرسمي؛ وسائر ملاحظات الانتقال تصل ميدانًا منتهيًا بالذي يليه. فالانتقال المعلن هنا قد وقع قبلها.	صُحّح	Transition note reworded to fit its position after the media situations: «من الإعلام إلى المقام الرسمي نبقى في ميادين…», following the pattern of the other notes.
F380	المجلد-السادس/الباب-السادس/ف01-السلام-والبشاشة-والاستماع.md	908	معيار الإتقان لا يتسق مع الهدف ٣ ولا مع بنك المواقف. الهدف ٣ يطلب جملة الوصل «في عشرة مقامات مختلفة على الأقل». والبنك فيه عشرة مواقف، لكن ملاحظة المدرب (السطر ٧١٧) تنص على أن المواقف ٤ و٥ و٦ و٧ و٩ «يُقاس [فيها] الاستماع لا الكلام»، فلا يبقى للسلام وجملة الوصل إلا خمسة مواقف، وهي أقل من الثمانية التي يطلبها المعيار.	صُحّح	Mastery criterion now «في ثمانية مقامات من بنك المواقف وتدريبات الفصل», since the trainer note leaves only five speaking situations in the bank.
F381	المجلد-السادس/الباب-السادس/ف05-ب-الدرس-الثاني.md	91	Objective 5 of this lesson (line 13) and the checklist in ف05-ج line 291 ask the learner to tell formulas established by the text from customary ones. This table does not make that distinction. It mixes a Qur'anic phrase (الاسترجاع), a fragment of the Prophet's janaza prayer (اللهم اغفر له وارحمه), formulas reported from later scholars (عظّم الله أجركم…), and purely colloquial custom (البقية في حياتكم) under one label, so the reader cannot tell which is which.	صُحّح	Added a sentence after the condolence-formula table separating text-based formulas (istirja', the janaza du'a, both established earlier in the lesson) from the rest as good custom not attributed to the Prophet ﷺ.
F382	المجلد-السادس/الباب-السادس/ف03-المدح-والشكر-والدعاء.md	16	Objective 2, repeated in the mastery criterion at line 784, sets a measure of «ثمانية أمثلة من عشرة». The chapter has no set of ten examples or exercise that asks the learner to sort مداراة, مداهنة, تملق and مدح صادق. None of the eleven exercise groups or the short test provides it. The criterion cannot be measured from the chapter.	رُدّ (ليس خطأً أو هو قرارٌ مقصود)	The 'ثمانية من عشرة' measure is a trainer-administered assessment (answer keys and assessment models are in the teacher's guide, ف03 l.815); the chapter's exercises and quiz address the distinction. A curriculum choice, not an error.
F383	المجلد-السادس/الباب-السادس/ف04-أ-المدخل-والدرس-الأول.md	89	The lesson objective asks for at least eight addressees. The lesson's application table («التطبيقات: المعنى الواحد بحسب المخاطَب والرسمية») gives only five (father, friend, teacher, manager, unknown official), and chapter objective 3 names no number. The objective and the content do not match.	صُحّح	Lesson objective 3 now asks for «خمسة مخاطَبين», matching the lesson's application table (five addressees).
F384	المجلد-السادس/الباب-السادس/ف05-ب-الدرس-الثاني.md	13	The lesson never delivers this objective. The only such distinction it draws is for the Eid greeting «تقبل الله منا ومنك» (line 29). The condolence formulas table (lines 93–99) mixes «أحسن الله عزاءكم» and «البقية في حياتكم» with the prophetic «اللهم اغفر له وارحمه» without saying which rests on a text and which is custom. The self-check list (ف05-ج line 291) and the trainer notes (line 354) nonetheless assume the learner can make this distinction.	صُحّح	Resolved by the same added sentence as F381, which now delivers objective 5 inside the lesson.
F385	المجلد-السادس/الباب-السادس/ف06-أ-المدخل-والدرس-الأول.md	87	This is the only hadith in the heritage section with no takhrij note. The ones around it (notes 3, 4 and 5) give the collection, number and chapter. The ledger already holds the verified data, so the note can be written without guessing. Adding it requires running pdf/renumber.py afterwards.	صُحّح	Added takhrij note for «إن أبغض الرجال إلى الله الألد الخصم»: Bukhari 2457 (Kitab al-Mazalim, bab qawl Allah ﴿وهو ألد الخصام﴾) and Muslim 2668 (Kitab al-Ilm, bab fi al-aladd al-khasim), checked on Shamela and matching verified ledger row م٦-٠١٨; notes renumbered.
F386	المجلد-السادس/الباب-السادس/ف06-أ-المدخل-والدرس-الأول.md	51	The narration places the phrase in «الفصول التي عقدها للملكة اللسانية» (Ibn Khaldun's later chapters on language as a habit). The verified location is the علم النحو subsection of the chapter on علوم اللسان العربي (ch. 45, 1/754), which is what footnote 1 itself says. The ledger note also records that an earlier wrong placement of this phrase was corrected. The model answers ③ and ④ repeat the imprecise placement («في فصوله عن الملكة اللسانية»), and the ledger has no row for this position (م٦ ف٠٦); the text is verified only at م١-٠٦١.	صُحّح	Narration and models ③/④ now place the phrase in Ibn Khaldun's discussion of علم النحو within علوم اللسان العربي (verified on Shamela 12320, 1/754, matching note 1 and ledger م١-٠٦١), not in the chapters on the linguistic malaka.
F387	المجلد-السادس/الباب-السادس/ف09-ب-الدرس-الثاني.md	69	Examples مث١٢ and مث١٣ (line 73: «موظفة تلاحظ زميلها مرهقًا من ضغط العمل») sit under the heading «ثلاثة سلوكيات تكسب المحبة في المجتمع». They are workplace scenes and illustrate none of the three society behaviours in the table (accepting invitations, following up, remembering details). The domain split this lesson is built on becomes blurred for the learner.	صُحّح	Inserted the label «ومثالان آخران من بيئة العمل:» before مث١٢ so the two workplace examples no longer sit unmarked under the society heading; IDs and order untouched.
F388	المجلد-السابع/الباب-السابع/ف02-ب-الجواب-الدرس-الثاني.md	67	«أيه» is unclear and reads as colloquial («إيه»). It also has no plural antecedent: «احتمال واحد» is singular, but «أيّ» here asks which of several possibilities is meant.	صُحّح	«لا تدري أيه المقصود» → «لا تدري أيُّ الاحتمالات هو المقصود».
F389	المجلد-السابع/الباب-السابع/ف03-أ-الاستيضاح-وإعادة-الصياغة.md	19	The lesson does not deliver this objective. The «with four addressees» section (lines 220–236) covers شيخ، زميل، طالب، اجتماع رسمي. The angry person gets one example (مث١٢) and the hurried person is covered indirectly (مث١٨), but clarifying with a specialist or with a layperson (العامي) is never taught. The self-check list in ف03-ب line 232 still asks for it.	صُحّح	Objective 5 (ف03-أ) and the matching self-check item (ف03-ب l.232) now name the addressees the chapter actually teaches (senior, peer, junior, formal meeting, angry, hurried) instead of the untaught specialist/layperson.
F390	المجلد-السابع/الباب-السابع/ف02-ج-الجواب-التطبيق-والتقويم.md	95	The explanation names the four-part «لا أدري» rule but lists three different components. The chapter defines it as الإقرار، وما تعرفه، ومن يعرف، والوعد (line 310). The table misstates the rule it cites.	صُحّح	The table cell no longer calls the three listed steps «الرباعية»; it now reads «من قاعدة «لا أدري»: إقرار، ودلالة على من يعرف، ثم الجواب بعد التثبّت».
F391	المجلد-السابع/الباب-السابع/ف07-ب-النقد-والنصيحة-الدرس-الثاني.md	87	This is a juristic reading stated as if it were the plain meaning of the hadith. The hadith's own condition is استطاعة; restricting action «by hand» to those with authority (ولاية) is a scholarly elaboration, and scholars have stated it in different ways. It is given as settled fact with no source, only the general pointer «مبسوطة في كتب الفقه». Attributing the restriction to the scholars keeps the substance without presenting an interpretation as the text itself.	صُحّح	The تنبيه now distinguishes the hadith's own condition (الاستطاعة) from the restriction to ولاية/صلاحية, which is attributed to «كثير من أهل العلم».
F392	المجلد-الثامن/الباب-الثامن/ف01-أ-المدخل-والدخول-والجلوس.md	302	No speaker can say this model sentence coherently. If Yusuf says it, «هذا يوسف … في سنته» refers to himself in the third person. If the father says it, as the bracket suggests, he cannot address his own brother as «يا عمي». The model self-introduction is therefore inconsistent with its stated speaker.	صُحّح	Only the bracket was incoherent: «[أو يقولها الأب عن ابنه]» -> «[يقولها أحد إخوته]» (a brother can say «يا عمي، ابن أخيك»). The model sentence is unchanged.
F393	المجلد-الثامن/الباب-الثامن/ف04-ج-التطبيق-والتقويم.md	68	In the model answer to a grammar examiner, «الإضمار» (as opposed to «الحذف») is defined as putting a pronoun in place of an explicit noun. In the grammatical terminology the examiner is asking about, إضمار is an element dropped from the wording but kept in intent, with an effect (for example «أن مضمرة», «على إضمار فعل»), not pronominal substitution. The «successful» answer confuses two technical senses. This is my own reasoning and needs checking: confirm on print, for example in al-Jurjānī's التعريفات (s.v. الإضمار), which is already in this volume's source list.	رُدّ (ليس خطأً أو هو قرارٌ مقصود)	Pronominalisation is an attested technical sense of الإضمار set against الحذف. Ibn Malik, شواهد التوضيح (ed. Taha Muhsin, p.180 on shamela 98123) draws exactly this line in tanazu': «وظهر الفرق بين الحذف والإضمار بالتثنية والجمع… ضرباني… ويقال على الحذف: ضربني».
F394	المجلد-الثامن/الباب-الثامن/ف03-ج-التطبيق-الختامي-والتقويم.md	204	The cross-reference probably points to the wrong example. مث٣ contrasts self-boasting (✘ «أنا خريج جامعة مرموقة…») with modest self-introduction; it shows no flattery. The example that contrasts over-praise with balanced respect is مث١٣: ✘ «هنا أفضل بكثير من مكاني السابق في كل شيء» / ✔ «لكل مكان ما يميزه…».	صُحّح	Cross-reference [مث٣] (self-praise) changed to [مث١٣], whose ✘/✔ actually contrast over-praise with measured praise.
F395	المجلد-التاسع/الباب-العاشر/ف02-أ-الدرس-التجريبي.md	157	The phrase contrasts زمن with معنى, which is incoherent because tense is part of a verb's meaning. It also repeats the same flawed idea as the criterion above.	صُحّح	«الفرق بينهما فرق زمن لا فرق معنى» → «الفرق بينهما فرق زمن، والحدث واحد» (the verb signifies event plus time). The broader form-vs-time criterion in models ③/④ remains an author decision already referred.
F396	المجلد-التاسع/الباب-العاشر/ف03-ب-إدارة-الاجتماع.md	212	This is a claim about hadith transmission: that another version in both Sahihs gives the reason for the prohibition. It has no takhrij and no ledger row. It also calls it «رواية أخرى» of the hadith just quoted, which is Ibn Umar's (البخاري ٦٢٨٨). The wording that gives the reason («من أجل أن ذلك يحزنه») is recognisably a separate report through another Companion (to my knowledge Ibn Mas'ud's). So the text blurs two different hadiths into one report with variants, which the standard asks us to keep apart. Nothing in the ledger, مواضع-الأحاديث.md or the chunk backs the claim.	صُحّح	The «رواية أخرى في الصحيحين» is now attributed to Ibn Masʿud's separate hadith with a new takhrij note: al-Bukhari 6290 (كتاب الاستئذان, Sultaniyya 8/65) and Muslim 2184 (كتاب السلام, ʿAbd al-Bāqī 4/1718), both seen on Shamela; notes renumbered. Ledger rows still need adding.
F397	المجلد-العاشر/الباب-الثاني-عشر/ف03-ب-التنازل-والعرض-المقابل.md	32	A historical report about the Prophet (ﷺ) (giving up wordings in the Hudaybiya document) is stated as fact with no takhrij and no footnote, and it has no ledger row. The event itself is well known, but it is a report about the Prophet's conduct and needs its primary source (the account of the treaty's writing in the two Sahihs), taken from a verified printed edition. The evaluative parts («إرضاءً لمنطق الاتفاق»، «ولا عن كرامة أصحابه»، «فتحًا لم يكن يُحتسب») are the author's interpretation woven into the report, and the reader cannot separate them from the transmitted event. There is also a typ	صُحّح	The double full stop was already fixed. Added a footnote with the primary source: Bukhari 2731–2732, كتاب الشروط, باب الشروط في الجهاد…, quoting the bismika/«محمد بن عبد الله» exchange and al-Zuhri's explanation. Wording and number verified on Shamela, Sultaniyya 3/193. A ledger row is still needed.
F398	المجلد-العاشر/الباب-الثاني-عشر/ف03-ب-التنازل-والعرض-المقابل.md	28	The only grading given, in the text and in footnote 1 (line 197), is al-Tirmidhi's own «حسن صحيح». Al-Tirmidhi's chain for this narration (from 'Amr b. 'Awf al-Muzani) is disputed among hadith critics because of a transmitter in it, and his grading here is itself contested. The standard requires that a disputed narration not be silently upgraded, and that the dispute be shown in proportion. The reader currently sees only the most favourable verdict. The Abu Dawud chain from Abu Hurayra, which the footnote already cites, is the natural support. Its strength should be stated, with the grading ta	صُحّح	Footnote 1 now states that al-Tirmidhi's chain runs through Kathir b. Abdullah b. Amr b. Awf (chain seen on the printed scan, 3/625–626). It adds Ibn Hajar's verdict «ضعيف أفرط من نسبه إلى الكذب» (Taqrib, ed. Awwama, 1406/1986, p.460 no.5617, seen on Shamela), notes the grading is disputed, and points to Abu Dawud's corroborating route. A ledger row is still needed.
F399	المجلد-العاشر/الباب-الثاني-عشر/ف03-ب-التنازل-والعرض-المقابل.md	30	The author's inference goes beyond the quoted text. The hadith says the settlement is «جائز» (permissible). It contains no encouragement (ترغيب). Adding «والترغيب» presents an interpretive extension as if it came from the text just cited.	صُحّح	Removed «والترغيب»: the hadith says «جائز» only, and the inference should not exceed it.
F400	المجلد-الحادي-عشر/المرجع-الأول-بنك-الأخطاء/ف01-ب-اللحن-في-الحديث-والأذكار.md	115	The card rates «سبحانه والحمد لله» as ◐ meaning-changing and says tasbīḥ joined to «الحمد لله» is an unattested third formula. But «سبحان الله والحمد لله» is itself transmitted, in the same hadith of Muslim that card 11 cites: «وسبحان الله والحمد لله تملآن…». Joining the two praises changes nothing in meaning. The card presents the author's preference as if it were a rule of transmission.	صُحّح	«سبحانه والحمد لله» is now rated ◔ لافت instead of ◐. The explanation no longer says the form is unattested; it says the meaning is unchanged but the transmitted dhikr is kept in its wording.
F401	المجلد-الحادي-عشر/المرجع-الأول-بنك-الأخطاء/ف01-ب-اللحن-في-الحديث-والأذكار.md	57	«فيما تحقق منه هذا الكتاب» is verification-process language inside the text, and the negative claim still has no source (for example a work on mashhūr ḥadīth). Also, line 44 «وقد نهى عن ذلك أشد النهي» alludes to the hadith «من كذب عليّ متعمدًا» with no takhrīj.	صُحّح	Removed the verification phrase «فيما تحقق منه هذا الكتاب» from the text. The negative claim about «النظافة من الإيمان» stays with no note: al-ʿIraqi records a weak Ibn Mas'ud riwāya (seen on Shamela only), and a note needs a ledger row.
F402	المجلد-الحادي-عشر/الخواتيم/المسرد.md	7	The glossary says it is ordered alphabetically after dropping «ال», but «ارتجال» (ا-ر) comes after «أصوات» (أ-ص), while ر precedes ص.	صُحّح	Put «الارتجال» before «الأصوات الحرجة», with hamzated and bare alif treated as one letter. A script check of the whole glossary (dropping the term's leading ال) now finds it fully alphabetical.
F403	المجلد-الحادي-عشر/الملاحق/ملحق-ب-معجم-الترجمة-الحرفية-٢.md	128	The calque «أخذت ... مكانًا» (take + place) matches the English «take place» word for word. The French «avoir lieu» means «have place» and would not produce the verb «أخذ». The primary attribution here is backwards.	صُحّح	The source now reads «الإنجليزية (take place)، ويقابلها في الفرنسية (avoir lieu)». The row stays in section ١٤, whose title covers expressions shared with French.
F404	المجلد-الحادي-عشر/الملاحق/ملحق-ب-معجم-الترجمة-الحرفية-٢.md	128	The calque «أخذت ... مكانًا» renders English «take place» word for word. French «avoir lieu» means «have place» and contains no verb of taking, so naming French as the primary source misleads the learner. The same entry in part 1, line 61, correctly gives English/French.	صُحّح	Same edit as F403.
F405	المجلد-الحادي-عشر/الملاحق/ملحق-ب-معجم-الترجمة-الحرفية-٢.md	12	The word «نقطة» in the calque has no counterpart in either cited source. «put an end to» and «mettre fin à» give «وضع نهاية/حدًّا». The dot comes from French «mettre un point final à».	كان قد صُحّح	The source now reads «put a full stop to / mettre un point final à».
F406	المجلد-الحادي-عشر/الملاحق/ملحق-ب-معجم-الترجمة-الحرفية-٢.md	35	«أضاء ضوءًا أحمر» does not translate «raise a red flag» (a flag, not a light), so the calque and its cited source do not match.	صُحّح	The source column is now «flash a red light, close to raise a red flag», to match the light-based calque. The calque is unchanged.
F407	المجلد-الحادي-عشر/الملاحق/ملحق-ب-معجم-الترجمة-الحرفية.md	151	A disputed usage question is presented as settled: that «نفس الوقت» is a calque and non-fasih. Placing «نفس» first as a governing noun is an old question among grammarians, and some permitted it; only the emphatic construction placed after the noun is undisputed.	صُحّح	The note now says postposed emphatic «نفس» is the agreed form and the preposed construct is disputed, so the postposed form is safer. The row's classification is kept.
F408	المجلد-السادس/الباب-السادس/ف01-السلام-والبشاشة-والاستماع.md	82	«تَسْلِيمًا لَا يُوقِظُ نَائِمًا، وَيُسْمِعُ اليَقْظَانَ» is the wording of al-Miqdād's hadith woven into the narrative with no attribution or note; and a table row in this chapter reads «الكبير يمر بالصغار: يجوز» where a reader expects «يُسنّ» with takhrij. Attribute and add a verified takhrij note (from the printed edition via shamela/hadith.py data), or recast as the author's description without implied quotation; fix «يجوز» only if the cited hadith establishes sunnah.	صُحّح	Miqdad hadith (ف01 l.82) was already attributed «(رواه مسلم)» with note [^8] in house form; verified on Shamela 1727: Muslim 2055, كتاب الأشربة، باب إكرام الضيف وفضل إيثاره, 3/1625, wording «فيسلم تسليمًا لا يوقظ نائمًا ويسمع اليقظان» matches (ledger م٦-٠١٤ verified on print). Table row changed «يجوز أن يبدأ» -> «يُسنّ أن يبدأ»: the cited Bukhari 6247 (verified, 8/55) reports a habitual practice of the Prophet ﷺ («كان النبي ﷺ يفعله»).
F409	المجلد-الثامن/الباب-التاسع/ف01-ب-العبارة-والصوت-والنموذج.md	285	«اطلبوا العلم ولو بالصين» is called unestablished (also at line ~155) with no note naming who judged it. Add a note naming the critic(s) and the work, only from a source you have actually seen (shamela page); otherwise leave as is and report blocked.	صُحّح	Note added at ف01-ب (باب ٩) line 158 quoting al-Sakhawi, al-Maqasid al-Hasana (Dar al-Maymana, 1439/2017) 1/390–391 no. 126: «وهو ضعيفٌ من الوجهين، بل قال ابن حبان: إنه باطلٌ لا أصل له، وذكره ابن الجوزي في الموضوعات». Seen on shamela book 1266, which is this edition and marked print-matched. Also seen: Ibn Hibban, al-Majruhin (Sumay'i) 1/489 «وهذا باطل لا أصل له». Ledger row needed; printed-page check pending (digital match = توثيق ناقص).
F410	المجلد-الثامن/الباب-الثامن/ف01-ب-الكلام-في-المجلس.md	51	«الحياء الذي ذمّه مجاهد»: the athar of Mujāhid (لا يتعلم العلم مستحٍ ولا مستكبر, Bukhārī's ta'līq in كتاب العلم) has no note. Add a verified note (kitab/bab as the edition heads them; number only if seen).	صُحّح	Note added in the house form of ف01-أ [^7]: «يعني قوله: «لا يتعلّمُ العلمَ مُسْتَحْيٍ ولا مُسْتَكْبِرٌ»، ذكره البخاري معلقًا في ترجمة باب الحياء في العلم من كتاب العلم، ط. السلطانية ١/٣٨». Checked on scan H1/295 (page ٣٨, باب الحياء في العلم) and verified row م٨-٠١٠; no number, since a ta'liq has none.
F411	المجلد-الأول/الافتتاحية/03-القول-في-القرآن.md	33	The Quranic descriptions of speech (السديد، الحسن، الميسور، الكريم، الليّن، البليغ): a reader found them without verse references or cross-reference near V1 opening ch.10 (p.122). Check this chapter and opening ch.10; every Quranic phrase presented as Quran needs its (سورة: آية) reference and Uthmani text verified with pdf/quran.py.	صُحّح	All 13 Qur'anic citations in ch.2 (03-القول-في-القرآن) checked with pdf/quran.py: all «مطابق» with correct (سورة: آية). Added in ch.10 (11-اعتراضات-وأجوبة, line 68) a note referring the six descriptions to ch.2 §2 where their verses are cited; notes renumbered.
F412	المجلد-الأول/الافتتاحية/01-تمهيد.md	5	The salutation on the Prophet appears twice in one sentence («وأرسل رسوله ﷺ … صلّى الله عليه وعلى آله وصحبه»). Keep one, preserving the author's style.	صُحّح	Removed the ﷺ after «رسوله» in the opening sentence; the full salutation at the sentence's end is kept in the author's style.
F413	المجلد-الرابع/الباب-الرابع/ف02-ج-التطبيق-والتقويم.md	54	Model/answer opens a workshop with the full khuṭbat al-ḥāja as the failing example. Add one clause making clear the fault is the setting (a short workshop opening), not the sunnah of khuṭbat al-ḥāja itself.	صُحّح	Author's decision applied at ف02-ج l.54: added «والخلل في وضعها في هذا المقام لا في السنة المأثورة نفسها». The setting at that line is a short (15-minute) radio programme, not a workshop. The workshop model (ف02-أ l.54/137) already says the fault is not in the formula («فهي صيغة مأثورة جليلة»، «على جلالها»).
F414	المجلد-الأول/الافتتاحية/16-علوم-العربية-وطريق-التكوين.md	18	«القدرة التواصلية» here vs «الكفاية التواصلية» in ch.7 for Hymes's communicative competence: one term for the series; prefer the one the rest of the book uses (check counts).	صُحّح	Unified on «الكفاية التواصلية» (ch.7 text, sources base, ledger, shawahid register, bibliography.py and termaudit.py all use it; «القدرة» only in ch.16's table). Note: Bible ch.13 lines 424/507 still say «القدرة التواصلية» in the five-way distinction.
F415	المجلد-الأول/الباب-الأول/ف04-ب-الدرس-الثاني.md	51	«لا يُصعد فجأة إلى الرسمية الشديدة» vs the Bible's wording «شديد الرسمية» (bab 5 §3): align.	صُحّح	Rule 2 in ف04-ب now reads «لا يُصعد فجأة إلى «شديد الرسمية» في مقام ودي», as in Bible ch.2 and the five-degree scale used elsewhere in V1.
F416	المجلد-الثالث/الباب-الثالث/ف05-أ-الأفعال-وحروف-الجر.md	61	«الترجمة الحرفية» glossed «Calque» here vs «Literal translation» in the register and glossary: make the gloss consistent and accurate.	صُحّح	Decision: the gloss is «Literal translation», matching the term register and the glossary (vol 11). The definition in the text (word-for-word transfer, grammatical but unnatural) fits it, and the register and glossary are outside this batch.
F417	المجلد-الثالث/الباب-الثالث/ف07-ب-التكرار-والغموض.md	87	«الحشو اللفظي» used for fillers like «في الحقيقة»، «كما تعلمون» vs «الحشو الصوتي» / «عبارات الملء» elsewhere: settle one consistent naming.	صُحّح	Decision: «في الحقيقة»، «كما تعلمون»، «بصراحة» are «عبارات الملء», a type of الحشو الصوتي, as in lesson 1, the register and the glossary. «الحشو اللفظي» is kept for the longer empty formulas («الشيء الذي أريد أن أقوله هو…»، «في هذا الإطار»). ف07-ب:89 now says this and presents the shared table as covering both; the summary table (347-348) examples were realigned.
F418	المجلد-الحادي-عشر/الخواتيم/المسرد.md	14	Glossary term «التعبير الطبيعي» while the text uses «العربية الطبيعية» (17 times). Align the glossary entry with the text's term (the register row in _production/التحقيق/سجل-المصطلحات.tsv is handled by the coordinator).	صُحّح	As the coordinator decided, the glossary entry is now «العربية الطبيعية» (Natural Arabic), with the same definition and moved to its alphabetical place. This matches the register row.
R001	المجلد-الأول/الافتتاحية/90-ملحق-التحقيق.md	13	Two passages are quoted word for word from Ibn al-Anbari (Harun edition), and the page «ص٢٨٥–٢٨٦» is given in [^3] (line 35), but nothing records that either was seen on the print or matched on a copy. The line of the verse is itself a variant: the commoner reading is «وأعلمُ علمَ اليوم…». So the wording this recension gives cannot be taken for granted. It breaks «لا رقم صفحةٍ لم يُرَ» and «لا متحقّق إلا ما طوبق على المطبوع». Fix: match both quotations and the page on the print of Harun's edition. If they cannot be seen, restate the sentence without quotation marks and without the page, or dro	كان قد صُحّح	Page was corrected to ٢٨٩–٢٩٠ in round 1. This session both quotations were seen verbatim on the scan of Harun's Dar al-Maʿārif print (archive.org 3855pdf_202001, leaves n307–n308: verse 59 «وأعلمُ ما فى اليوم والأمسِ قبلَه» on p.289; «تمت قصيدة زهير بغريبها وهى تسعة وخمسون بيتا» on p.290) and on print-matched Shamela 124335, so the text stands. Ledger row م١-٠٣١ and pdf/ledger.py ROWS ش١ still say «ص٢٨٥–٢٨٦» and should record this print match (outside batch).
R002	المجلد-الأول/الافتتاحية/91-ثبت-المصادر.md	54	Several degree labels in the thabat contradict the ledger: sources that were matched on scans of the print are shown at a lower degree. (1) Al-Ghazali: ledger rows م١-١٠٣ and م١-١٠٤ say «طوبق على مصوّرة المطبوع», but the entry says «على نسخةٍ رقمية». The entry also drops «وتعليق», which ch.15 [^6] and the ledger both carry. (2) The same applies to ابن هشام، شرح شذور الذهب (line 63; row م١-٠٧٨, scan) and الشاطبي، المقاصد الشافية (line 44; row م١-٠٧٧, scan): both are shown «على نسخةٍ رقمية». (3) ابن قتيبة، أدب الكاتب (line 56; row م١-٠٥١, scan, quoted verbatim in ch.4 [^6]) and البلادي (line 49;	لم يُحسم في دفعته	91-ثبت-المصادر.md is generated; round-1 hand edits already show the right degrees, but a scratch regeneration (thabat.py 1) reverts all eight lines (16, 22, 30, 44, 49, 54, 56, 63). Needs authorisation to edit pdf/thabat.py/ledger.py: make degree() honour the TSV ledger's «طوبق على مصوّرة المطبوع» rows (or add print OVERRIDEs) for ثعلب م١-٠٣١، أدب الكاتب م١-٠٥١، البلادي م١-٠٦٨، المقاصد الشافية م١-٠٧٧، شرح شذور الذهب م١-٠٧٨، المستصفى م١-١٠٣/١٠٤ and ابن الأنباري (print pp.289–290 seen this session); set EDITION for al-Ghazali to «تقديم وضبط وتعليق» and Ibn Khaldun's entry as in round-1 F114; the
R003	المجلد-الأول/الافتتاحية/90-ملحق-التحقيق.md	17	This historical report is given with a page (٢/٣٦٥–٣٦٦ in [^5], line 37), but nothing records that the page was seen on the print or matched on a copy. It breaks «لا رقم صفحةٍ لم يُرَ».	رُدّ (ليس خطأً أو هو قرارٌ مقصود)	The citation is correct: seen this session on Shamela 9948 (ed. Mashhur Hasan Al Salman, marked print-matched), report no. 531, part 2, pp. 365–366 (page break ⦗٣٦٦⦘ inside it), al-Ahnaf quoting the first verse. No text change needed; only a match record in the ledger is missing (outside batch).
R004	المجلد-الأول/الافتتاحية/15-المفاهيم-الخمسة.md	54	The closing sentence defines «الفصاحة» as saying the right thing where it is needed, in the needed measure and in the needed manner. That is the chapter's own definition of البلاغة (matching the speech to مقتضى الحال so that it reaches its effect), not of الفصاحة, which the chapter defines as the word and phrase being free of heaviness, strangeness and complexity (line 34). The chapter itself forbids using one of the five concepts in place of another (line 6).	كان قد صُحّح	Line 54 now reads «فالبلاغة ليست أن تقول كلامًا صحيحًا فحسب».
R005	المجلد-الأول/الباب-الأول/ف01-ب-الدرس-الثاني.md	186	The instruction, and the heading «متى يكفي سؤال واحد لإفساد الكلام؟», say each example failed because one question was neglected, and the learner is asked to identify «السؤال المهمل» (singular). Yet the keys for مث٤٣ («لماذا؟ … وأين؟») and مث٤٤ («مَن؟ ولمن؟») each give two questions. The instruction and its key disagree.	صُحّح	The instruction now reads «أهمل سؤالًا واحدًا أو سؤالين… حدّد ما أهمله», so it agrees with the two-question keys of مث٤٣ and مث٤٤. The author's keys and the heading are kept.
R006	المجلد-الأول/الباب-الأول/ف01-أ-المدخل-والدرس-الأول.md	368	The note is meant to show a statement failing «أكثر من معيار», but its second label, «الأمانة العلمية», is not one of the five criteria the lesson has just fixed (الوضوح، الصحة، المناسبة، التأثير، الأدب). Misattribution is already classed under الصحة (line 207: «ونسبة القول إلى غير قائله»). So the example names one criterion plus a term from outside the system and does not illustrate a multi-criterion failure.	صُحّح	The trainer's parenthesis now gives statement 3, which fails two of the five criteria by the lesson's own lists: التأثير for the «جدًّا جدًّا» exaggeration and الصحة for the inaccurate claim. This replaces «الأمانة العلمية», which is outside the system. The note's remark on statement 5 is kept.
R007	المجلد-الأول/الباب-الأول/ف01-ب-الدرس-الثاني.md	163	The chapter quiz (ف01-ج:353) asks «ما الفرق بين «المقام» و«الموقف» في مصطلح هذا الكتاب؟», but nothing in chapter 1 or the preceding introduction defines «الموقف» as a term distinct from «المقام». The distinction exists only in the glossary (المسرد, volume 11) and in سجل-المصطلحات. The test therefore asks for a concept that has not been taught. The fix inserts the book's own glossary definition where المقام is defined.	كان قد صُحّح	Round 1 (F116) added the المقام/الموقف distinction at line 163 of ف01-ب, so the quiz now tests taught content.
R008	المجلد-الأول/الافتتاحية/18-كيف-تقرأ-المجلدات-وعهد-المؤلف.md	47	The introduction promises that every comparison of models in the book is analysed «في الأبعاد نفسها», meaning the ten fixed dimensions (اللغة، النطق، السجلّ، البنية، النبرة، الأدب، الثقة، مراعاة المخاطَب، المقام، الطبيعية). None of chapter 1's three 'البعد' tables uses them. ف01-أ:140 uses اللغة/الاستئذان/التعريف بالنفس/ترتيب الأفكار/التحديد/…; ف01-ب:70 uses التحقق من المخاطَب/سبب الاتصال/الصلة بالوظيفة/…; ف01-ج:36 uses الافتتاح/المضمون/الطول/الثقة/التأثير. The first chapter breaks the stated method. Either the promise is softened (proposed wording below, an author decision) or the tables are 	كان قد صُحّح	Round 1 (F117) softened line 47 to «بالرجوع إلى هذه الأبعاد… وقد يُفصَّل منها في الموقف الواحد ما يقتضيه».
R009	المجلد-الأول/الباب-الأول/ف03-ب-التطبيق-والتقويم.md	204	This line brings back the conflation the ledger already corrected. Abu Alqama did not fall: Ibn Jinni says «ثار به المُرار», and he spoke when he came to. The fall from the donkey belongs to the version told of Isa ibn Umar. The lesson (ف03-أ line 445) keeps the two apart correctly, but this simulation prompt joins them again.	كان قد صُحّح	Line 204 now reads «أبو علقمة النحوي حين أفاق والناس مجتمعون عليه».
R010	المجلد-الأول/الباب-الأول/ف03-ب-التطبيق-والتقويم.md	60	The analysis, in the author's voice, misapplies a classical term and says the lesson taught it this way. For the balaghiyyun (القزويني), «تنافر الكلمات» is phonetic heaviness when certain words come together. The lesson defines it the same way: «أن تثقل الكلمات مجتمعة وإن خفّت مفردة», with the Qabr Harb verse and مث٦ «جملة يتعثر فيها اللسان». Piling up synonyms is not تنافر. The lesson names it «الإطالة بالمترادف» (ف03-أ line 408). As written, the passage teaches a wrong definition of one of the six faults of fasaha that the checklist (line 245) asks the trainee to know.	كان قد صُحّح	Line 60 now names «الإطالة بالمترادف» and distinguishes it from تنافر الكلمات.
R011	المجلد-الأول/الباب-الأول/ف03-ب-التطبيق-والتقويم.md	47	Hafsa is the model reviewer, introduced as known for her linguistic taste. Here she gives the wrong term: she calls repeated meaning «تنافر الكلمات», which by definition is about sounds. The analysis (line 61, «ربطت حفصة الملاحظة العملية بالمصطلح الذي درسته الصديقتان») then endorses her. The line should name the concept the lesson actually taught (الإطالة بالمترادف).	كان قد صُحّح	Hafsa's line 47 now says «الإطالة بالمترادف».
R012	المجلد-الأول/الباب-الأول/ف03-أ-المفاهيم-والدرس.md	527	The fourth example is not the wording of the Talkhis matn. The matn's example of تنافر الكلمات is the second hemistich, «وليس قرب قبر حرب قبر», which is where the q-r-b clustering lies. The first hemistich «وقبر حرب بمكان قفر» comes from al-Subki's commentary, which completes the verse. The footnote attributes commentary text to the matn. Ledger row م١-١٢٤ records the same wrong text, so the ledger entry needs to be re-matched on the printed scan.	كان قد صُحّح	Footnote 2 already quotes «وليس قربَ قبرِ حربٍ قبرُ», confirmed this session as the matn on Shamela 11151, 1/76. Ledger row م١-١٢٤ still records «وقبر حرب بمكان قفر» as the matn wording and needs re-matching on the scan (outside batch).
R013	المجلد-الأول/الباب-الأول/ف03-ب-التطبيق-والتقويم.md	223	This pronunciation note makes false statements about letters. «يخلُص» has no ظاء (it has خ ل ص). «فَصُحَ» and «الحال» have no ضاد. «صحيح» does not occur in the drill text at all. The only ظاء is in «اللَّفظُ». The letters to watch are the صاد in يخلص/فصاحة/فصح/يصل and the حاء in فصاحة/فصح/الحال. A trainee following the note would be drilled on letters that are not there.	كان قد صُحّح	Line 223 now names the ظاء in «اللَّفظُ», the صاد and the حاء correctly.
R014	المجلد-الأول/الباب-الأول/ف02-ب-الدرس-الثاني.md	16	Production language in the book text. «التكليف الذي كُتب له هذا الكتاب» points to the commissioning brief, which the reader never sees and which nothing in the printed book introduces. The word «التكليف» appears nowhere else in Volume 1 except in its fiqh sense. The same problem is stated to the reader in the Introduction (المقدمة, its chapter «من يعرف العربية ولا يتكلم بها»), and this file elsewhere sends the reader there with «(انظر المقدمة)».	كان قد صُحّح	Line 16 of ف02-ب now reads «عرضت المقدمة مشكلةً…»; «التكليف» survives only in its fiqh sense.
R015	المجلد-الأول/الباب-الأول/ف03-ب-التطبيق-والتقويم.md	312	A modern teaching question is presented as Jahiz's own («سؤال الجاحظ نفسه»). Al-Jahiz made a statement about wahshi words and who understands them. He did not pose this question. The trainer should be told to rely on what al-Jahiz established and then ask the question in the book's own voice.	كان قد صُحّح	Line 312 now reads «ذكّرهم بما قرره الجاحظ في الوحشي من الكلام، ثم اسألهم…».
R016	المجلد-الأول/الباب-الأول/ف03-ب-التطبيق-والتقويم.md	223	This articulation note gets the drill text's letters wrong. «يخلُص» has a ṣād, not a ẓāʾ. «فَصُحَ» has a ṣād, and «الحال» has no ḍād; in fact there is no ḍād anywhere in the drill text. «صحيح» does not occur in the text. A learner following the note would practise letters that are not in the passage. The ẓāʾ is actually in «اللَّفظُ», the ṣād in «يَخلُصِ» / «فَصُحَ» / «يَصِلْ», and the ḥāʾ in «فَصاحَةَ» / «الحالَ».	كان قد صُحّح	Duplicate of R013; line 223 is already corrected.
R017	المجلد-الأول/الباب-الأول/ف03-ب-التطبيق-والتقويم.md	60	The analysis says piling up synonyms is «تنافر الكلمات» «بالمعنى الذي شرحه الدرس». The lesson defined تنافر الكلمات as phonetic heaviness: words that are light alone but heavy together, with clustered articulation points. It listed synonym-padding separately, as «الإطالة بالمترادف», one of the sources of heaviness. So the term is misapplied, and the analysis endorses Ḥafṣa's loose extension of it at line 47 («تنافر الكلمات، لا في مخارجها هذه المرة، بل في تكرار معناها»).	كان قد صُحّح	Duplicate of R010; line 60 is already corrected.
R018	المجلد-الأول/الباب-الأول/ف03-ب-التطبيق-والتقويم.md	283	«متلازمان» means the two always go together, but the same sentence says «وقد يفترقان». The lesson's whole point is that they can come apart (a reader who never slips but sounds monotonous; a good performer who mispronounces). The chapter summary therefore contradicts itself.	كان قد صُحّح	Line 283 reads «متكاملان».
R019	المجلد-الأول/الباب-الأول/ف03-ب-التطبيق-والتقويم.md	5	Number–noun agreement error. The counted noun is تدريب, which is masculine (its plural تدريبات does not change that), so eleven takes «الأحد عشر», not «الإحدى عشرة».	كان قد صُحّح	Line 5 reads «والتدريبات الأحد عشر».
R020	المجلد-الأول/الباب-الأول/ف03-ب-التطبيق-والتقويم.md	217	The instruction says two sentences, but the drill has three parallel conditional sentences (… فلا فصاحة // … فلا بلاغة // … فلا بيان), one for each of the chapter's three terms.	كان قد صُحّح	Line 217 reads «في ثلاث جمل».
R021	المجلد-الأول/الباب-الأول/ف03-ب-التطبيق-والتقويم.md	56	The title is missing its definite article. Without ال, «أستاذة أنيسة» reads as an idafa, «Anisa's teacher», instead of the title-plus-name «الأستاذة أنيسة» used everywhere else in the dialogue.	كان قد صُحّح	Line 56 reads «عن الأستاذة أنيسة».
R022	المجلد-الأول/الباب-الأول/ف03-ب-التطبيق-والتقويم.md	56	The doubled nisba yāʾ is missing its shadda before tanwīn al-fatḥ. The chunk writes «يًّا» everywhere else, e.g. «لغويًّا», «عمليًّا», «إجرائيًّا».	كان قد صُحّح	Line 56 reads «نحويًّا».
R023	المجلد-الأول/الباب-الأول/ف03-ب-التطبيق-والتقويم.md	137	Shadda missing on the nisba yāʾ (house spelling is «يًّا»). The option is meant to show over-elaborate register, not a spelling error, so the spelling should be correct.	كان قد صُحّح	Line 137 reads «معجميًّا».
R024	المجلد-الأول/الباب-الأول/ف03-ب-التطبيق-والتقويم.md	167	Shadda missing on the nisba yāʾ. The parallel exercise heading in chapter 2 spells it «طبيعيًّا».	كان قد صُحّح	Line 167 reads «طبيعيًّا».
R025	المجلد-الأول/الباب-الأول/ف03-ب-التطبيق-والتقويم.md	97	The instruction contradicts itself. The variation takes Ḥafṣa out (the professor listens «لا حفصة»), then asks how Ḥafṣa's presenting style changes. The presenter is ʿĀʾisha; Ḥafṣa presents nothing. A learner cannot tell whose performance to adjust.	كان قد صُحّح	Line 97 reads «أسلوب عائشة».
R026	المجلد-الأول/الباب-الأول/ف03-ب-التطبيق-والتقويم.md	204	This contradicts the lesson's account. In the Ibn Jinni version told in the lesson, Abū ʿAlqama collapses from a fit of bile («ثار به المُرار… فلما أفاق»). The fall from a donkey belongs to the version attributed to ʿĪsā ibn ʿUmar. The simulation merges the two.	كان قد صُحّح	Duplicate of R009; line 204 is already corrected.
R027	المجلد-الأول/الباب-الأول/ف03-ب-التطبيق-والتقويم.md	300	Chapter 3 has a single lesson («الفصل في درس واحد»), so there is no «الدرس الأول» to refer to. The time table that follows (30+15+20+15+10 = 90 minutes) covers only the closing application. The lesson's own sessions (three announcements, the three terms, both comparisons, articulation, natural Arabic, affectation) are timed nowhere, unlike chapters 1, 2, 4, 5 and 6, whose plans cover the whole chapter.	كان قد صُحّح	Line 300 reads «تكملةً لجلسات الدرس». The plan says it complements the lesson's sessions, so no false statement remains. Timing the lesson's own sessions would be new authorial content, not a correction.
R028	المجلد-الأول/الباب-الأول/ف03-ب-التطبيق-والتقويم.md	76	Internal inconsistency in the model dialogue: the situation card says the professor retires after twenty-five years of teaching, but the improved version calls it twenty years. The book's own pattern (the Bilal dialogue in ch. 2) treats a careless number in a model as a fault.	كان قد صُحّح	Line 76 reads «خمسة وعشرين عامًا».
R029	المجلد-الأول/الباب-الأول/ف03-ب-التطبيق-والتقويم.md	91	In the «ماذا تغيّر؟» table, the other rows taken from the first version are marked «(الأولى)» (س٣ (الأولى), س١٧ (الأولى)), but this row is not. س١١ in the improved version is a different line («[تقف وتتدرب على الإلقاء…]»), so the line reference is ambiguous.	كان قد صُحّح	Line 91 reads «س١١ (الأولى)».
R030	المجلد-الأول/الباب-الأول/ف03-ب-التطبيق-والتقويم.md	197	Wrong collocation. The verb عبّر takes عن for the thing expressed («عبّر عن رأيك»); «عبّر بـ» names the means of expression. This slip sits in the chapter that teaches collocations (المتلازمات اللفظية).	كان قد صُحّح	Line 197 reads «عبّر عن رأيك».
R031	المجلد-الأول/الباب-الأول/ف02-ب-الدرس-الثاني.md	335	The pronoun «وهم» (masculine plural) has no antecedent in the sentence. The intended referent is the brushing-off of the caller's question (singular). The plural pronoun makes the clause unintelligible.	كان قد صُحّح	Line 335 reads «وهو أول ما يتذكره المستمع».
R032	المجلد-الأول/الباب-الأول/ف02-ب-الدرس-الثاني.md	332	Agreement error: a singular demonstrative and separating pronoun («هذا هو») with a dual predicate («طرفا»). The parallel sentence in the same chapter uses the dual correctly.	كان قد صُحّح	Line 332 reads «وهذان هما طرفا معرفة القدر».
R033	المجلد-الأول/الباب-الأول/ف02-ب-الدرس-الثاني.md	268	In this table the bracket after «الباب» always holds the volume name («العبارة», «اللسان», «البيان», «الأدب»…). Here it holds a chapter title, so الباب الثالث appears under a second name, «الجملة القصيرة والطويلة». Three rows below, the same unit is called «الباب الثالث (العبارة، المجلد الثالث)». The topic is chapter 9 of that volume.	كان قد صُحّح	Line 268 reads «الباب الثالث (العبارة، المجلد الثالث)، الفصل التاسع».
R034	المجلد-الأول/الباب-الأول/ف02-أ-المدخل-والدرس-الأول.md	250	The same pole of the same trait (the excess side of «حسن الاستماع») is named «صمت سلبي» in the summary table and «سماع سلبي» in the detailed section. «سماع سلبي» is also a different concept in chapter 6 (listening to a lecture without attention), so the double name causes confusion.	كان قد صُحّح	Line 250 reads «صمت سلبي», as in the summary table.
R035	المجلد-الأول/الباب-الأول/ف02-أ-المدخل-والدرس-الأول.md	369	Hamza error in a ✔ model sentence: the alif of «الاثنين» is a hamzat al-waṣl and takes no hamza. The same file writes «الاثنان» correctly at line 454.	كان قد صُحّح	Line 369 reads «يوم الاثنين».
R036	المجلد-الأول/الباب-الأول/ف02-أ-المدخل-والدرس-الأول.md	54	Agreement error: the masculine singular «التطبيقي» cannot qualify «اللغة» (feminine) or «علماء» (plural). This is the clipped colloquial form of «علم اللغة التطبيقي». The speech belongs to Ṣāliḥ, the unsuccessful candidate, but this slip is not one of the faults the book marks. The analysis table (line 449) names «بدون» as his only naturalness slip, so the error reads as the author's.	كان قد صُحّح	Line 54 reads «علماء اللغة التطبيقيون».
R037	المجلد-الأول/الباب-الأول/ف04-ج-التطبيق-والتقويم.md	255	The chapter summary says the saying's source has not been established with certainty. The lesson and the ledger say the athar is established from Abu al-Tufayl: it was checked on the printed page, and the editor of al-Maqasid calls it «صحيح ثابت». The summary also reduces the three-part account (athar, then a verse attributed to al-Hutay'a, then a proverb) to 'a proverb', which understates a narration whose attribution is established.	كان قد صُحّح	Line 255 no longer says the source is unestablished; it gives the Abu al-Tufayl mawquf athar, the al-Hutay'a hemistich and the proverb, matching the lesson.
R038	المجلد-الأول/الباب-الأول/ف04-ب-الدرس-الثاني.md	55	A dialect sentence is printed under the ✔ (correct) mark. This contradicts Rule 5 of the same lesson, 25 lines later, which allows colloquial Arabic only as a corrected error or as an explicit contrast. As printed, the learner sees dialect labelled correct. The example ID must remain.	كان قد صُحّح	The colloquial sentence (line 55) is now marked ✘ «(نزول إلى العامية)», and the ✔ on line 56 is fuṣḥā only.
R039	المجلد-الأول/الباب-الأول/ف04-أ-المدخل-ومقتضى-الحال.md	58	The lesson objective denies that the saying is an athar. The lesson itself (line 72) establishes that it is transmitted from the Companion Abū al-Ṭufayl as mawqūf, and footnote 3 quotes the editor: «والأثر صحيح ثابت عن أبي الطفيل». The objective teaches the opposite of the lesson and erases the hadith/athar distinction.	كان قد صُحّح	Line 58 reads «بوصفه أثرًا موقوفًا على أبي الطفيل جرى مثلًا سائرًا، لا حديثًا نبويًّا».
R040	المجلد-الأول/الباب-الأول/ف04-أ-المدخل-ومقتضى-الحال.md	90	Wrong passive construction. The two prophets are the ones commanded, so they are the nāʾib fāʿil without a preposition. «أُمر بموسى» means «Mūsā was ordered (as the thing commanded)», which is wrong. The parallel clause «وأُمر بمخاطبة …» is correct because there the bāʾ governs the thing commanded.	كان قد صُحّح	Line 90 reads «فقد أُمر موسى وهارون عليهما السلام».
R041	المجلد-الأول/الباب-الأول/ف04-أ-المدخل-ومقتضى-الحال.md	43	The scene is internally inconsistent. The time available is five minutes, yet Bilal's four-minute speech is said to have overrun («أربع دقائق تجاوزت الوقت», line 130), and the MC «اختصر الفقرة التالية ليعوّض الوقت» (line 45). Line 137 repeats «خمس دقائق في حفل مكتظ». Four minutes cannot exceed five, so the analysis the learner is asked to accept does not hold.	صُحّح	The time available is now «ثلاث دقائق» on both line 43 (card) and line 137, so Bilal's four-minute speech does overrun. Models ③/④ («نحو دقيقة») still fit, and no other line depended on five minutes.
R042	المجلد-الأول/الباب-الأول/ف04-ب-الدرس-الثاني.md	69	Spelling error in a ✔ model. Hamza followed by yāʾ al-mutakallim takes kasra and is written on a nabira: أبنائي.	كان قد صُحّح	Line 70 reads «أبنائي».
R043	المجلد-الأول/الباب-الأول/ف04-ب-الدرس-الثاني.md	80	«هذا المشروع» is production language for the book inside a printed rule box. It is the only occurrence in volume 1, and everywhere else the text says «هذا الكتاب».	كان قد صُحّح	Line 81 reads «لا عامية في هذا الكتاب».
R044	المجلد-الأول/الباب-الأول/ف05-ب-التطبيق-والتقويم.md	99	The timeline is contradictory. The card (line 55) places the first dialogue «الأسبوع الماضي» with سليمان and the improved one «اليوم» with رقية, but the heading says «الأسبوع نفسه». The card also says Maryam «تلقي محاضرتها الأولى», although the first version shows her giving a lecture the week before.	صُحّح	The headings no longer carry clashing time markers: «الحوار الأول (كما يقع)», as in every other chapter, and «النسخة المحسّنة (بأدوات هذا الفصل)». The improved version thus replays the same first lecture, which agrees with the card and with س٩ «معيدةٌ جديدةٌ… محاضرتي اليومَ». The card row was already neutral.
R045	المجلد-الأول/الباب-الأول/ف05-ب-التطبيق-والتقويم.md	137	Number agreement error in a heading. «موقف» is masculine, so numbers 3–10 take the feminine form: ثمانية مواقف. The counted noun follows the number here, so no variation is allowed. ف06-ب:177 correctly has «ثمانية مواقف».	كان قد صُحّح	Line 137 reads «ثمانية مواقف».
R046	المجلد-الأول/الباب-الأول/ف05-ب-التطبيق-والتقويم.md	313	Session 1 is announced as ninety minutes («جلستان، كل منهما تسعون دقيقة») but its rows add up to 30 + 40 + 5 = 75. Session 2 and the session tables of ف04 and ف06 all sum to 90.	صُحّح	Session 1's second row is now ٥٥ دقيقة, so the session sums to 30+55+5 = 90 as announced. This is the minimal one-figure correction.
R047	المجلد-الثاني/الباب-الثاني/ف03-ب-الدرس-الثاني-والأزواج.md	47	Using «حضر» for «حظر» is a lexical error (the wrong verb), not a grammatical one. The book itself calls it «خطأ في اختيار الفعل» in the table (line 62) and in the explanation (line 68), so «نحوي» mislabels it.	كان قد صُحّح	Text now reads «خطأ معجمي لا صوتي».
R048	_production/التحقيق/سجل-النقول.tsv	156	For many vol. 2 rows in this chunk, the ledger's «النص» still holds wording the book has since corrected. pdf/ledger.py treats «النص» as the book's current wording except for quote-corrected and claim-wrong outcomes, so the ledger now marks superseded wording «متحقّق». Two rows, م٢-٠٠٨ and م٢-٠١١, record as verified the ḍād description that the verifier found inaccurate (the lateral molar place). Stale rows: م٢-٠٠١ (book has dropped «بهذا اللفظ»); م٢-٠٠٥ (book now quotes «عنوان على عدد من الأصوات»); م٢-٠٠٦ and ٠٠٧ (now names Anīs and Bishr); م٢-٠٠٨ and ٠١١ (now tip at the incisor roots); م٢-٠٠	صُحّح	Most النص values were already current via the previous batch's `book` field (re-checked against the book today). M1-2/M1-23 now carry outcome claim-wrong so the old lateral-molar wording is marked «قبل التصحيح»; P-4 and P-16 get a note that the quoted words are the print's (scans re-read).
R049	المجلد-الثاني/الباب-الثاني/ف02-ب-التطبيق-والتقويم.md	337	Objective 5 of chapter 2 (ف02-أ line 20) is «يقرأ نصًّا مشكولًا من ثمانين كلمة تتجاور فيه المطبقات والمنفتحات». Neither the chapter nor its mastery criterion delivers this. The performance text has only 39 words, and the criterion checks only the performance text and the repetition sentences. Chapter 1 handles this correctly: its mastery criterion adds «ونصًّا مشكولًا آخر من ثمانين كلمة» to match its objective.	صُحّح	Mastery criterion now adds «ونصًّا مشكولًا آخر من ثمانين كلمة تتجاور فيه المطبقات والمنفتحات», matching objective 5 and the chapter-1 pattern.
R050	المجلد-الثاني/الباب-الثاني/ف03-ب-الدرس-الثاني-والأزواج.md	155	Example مث١٣ marks a correct sentence as an error. The ✘ line is identical to the ✔ line (line 156), so the learner sees no error. The note on line 156 then says «هذا نطق سليم», and line 157 adds a third line marked ✔ that is commentary, not a model sentence. The example is clearly meant to show ظ→ذ (نظرتُ → نذرتُ), as in the testimony scene at line 39. The ✘ line should display that error, and the note on line 156 and the extra line 157 should be rewritten to fit.	صُحّح	The ✘ line already showed «نَذَرْتُ»; the leftover commentary line that carried a ✔ mark is now a plain comment paragraph after the pair.
R051	المجلد-الثاني/الباب-الثاني/ف03-ب-الدرس-الثاني-والأزواج.md	156	If the note is kept, two problems remain. First, gender: «الظاء» is treated as feminine throughout the book («الظاء مطبقة»، «صارت الظاء»), so the verb should be «تُبدَل». Second, the cross-reference is wrong: مث١٥ is about the ضاد («ذوءًا» for «ضوءًا»), not ظ→ذ. The book's own style for such references is «المثال ١٥» (compare «المثال ٢٢», «المثال ٢٧»), not a bare «مث١٥».	كان قد صُحّح	The misgendered note with the wrong مث١٥ reference is no longer in the text.
R052	المجلد-الثاني/الباب-الثاني/ف05-ج-التطبيق-والتقويم.md	37	A deliberately mispronounced form of Taha 114 («وَكُلْ» for «وَقُل», and «زِدْنِي» in non-Uthmani spelling) sits inside Quranic brackets ﴿﴾. The page will typeset it as Quran (Amiri Quran, sapphire). This is altered Quran text dressed as the mushaf. quran.py does not catch it because it carries no reference and is vowelled, so it is missing from مطابقة-القرآن.json, while the correct form two lines later is matched. The scene only needs the reader to know that the qaf slipped toward kaf; it does not need an altered verse in print.	كان قد صُحّح	The candidate's attempt now appears as «وَكُلْ رَبِّ…» in guillemets, without Quran brackets.
R053	المجلد-الثاني/الباب-الثاني/ف05-أ-المدخل-وأصوات-الحلق.md	49	The shaykh is the authority figure whose correction the reader is meant to adopt, and he places the kāf at the middle of the tongue. This is wrong in both the classical and the modern description. The kāf comes from the back of the tongue, slightly forward of the qāf. The middle of the tongue is the place of jīm, shīn and yāʾ. The chapter's own table at line 74 says «الكاف | أقصى اللسان عند أقصى الحنك».	كان قد صُحّح	The shaykh now says «لا من موضع الكاف الأقرب إلى الفم».
R054	المجلد-الثاني/الباب-الثاني/ف05-ج-التطبيق-والتقويم.md	170	Taha 114 is retyped by hand in guillemets, in non-Uthmani spelling, with no Quranic marking or reference, and used as an intonation drill. Without ﴿﴾ and a reference it escapes quran.py and is not set in sapphire. The same verse is properly marked at lines 39 and 70 of this file. Either mark it as Quran with its reference, or replace the drill item with a non-Quranic sentence.	كان قد صُحّح	Drill item is now ﴿وَقُل رَّبِّ زِدْنِى عِلْمًا﴾ (طه: ١١٤), and quran.py reports it as matched.
R055	المجلد-الثاني/الباب-الثاني/ف06-أ-المدخل-وحروف-الذلاقة.md	295	The phonetic labels are wrong. «بال»/«بات» differ in lām against tāʾ, not bāʾ/tāʾ. Lām is not a شديدة sound, so «من جنس أخطاء الشدة» does not apply. «الفه»/«الله» is a substitution (fāʾ for lām), not «سقوط لام كاملة». The paired ✔ sentence at line 293 is also garbled («لكنه بات ساعة كاملة ليصل، بل استغرق ساعة كاملة»; «بات» means to spend the night), so the author needs to redesign the example. The proposed fix corrects only the analysis labels.	كان قد صُحّح	مث١٥ was rebuilt in round one (عذل/عذر، كامنة/كاملة، الفه/الله) with correct labels.
R056	_production/التحقيق/سجل-النقول.tsv	161	The ledger's النص column for four rows in this chunk still holds the pre-correction text, which no longer appears in the book, so matching by text fails. The rows are م٢-٠١٣ (l.161, now ف05-أ:67 «أما إبراهيم أنيس فذكر…»), م٢-٠١٤ (l.162, «وهذا تطبيع طبيعي في كل لغات العالم…», now ف06-أ:107 «وهذا من «المماثلة» الصوتية… كثيرة الشيوع في العربية وفي غيرها»), م٢-٠٢٠ (l.168, «وهذا من أشيع الإبدالات لغياب الحلقيات…», now ف05-أ:123 «وهو إبدال شائع، لأن العين والحاء…») and م٢-٠٢٧ (l.175, «قسّم علماء التجويد والأصوات», now ف05-أ:59 «قسّم علماء العربية والتجويد»). Rows م٢-٠٢٦/٠٢٨/٠٢٩ mark the old text wit	صُحّح	M1-31, M1-36 and M2-33 already matched the book. P-28 (م٢-٠٢٧) was stale after today's edit and now has the current wording; the Sībawayh 4/433 scan was added as evidence.
R057	المجلد-الثاني/الباب-الثاني/ف03-ج-التطبيق-والتقويم.md	129	Item 5 of «صحّح النطق، واذكر الصوت الذي أُبدل» contains no substituted sound: «دلّ» and «ضلّوا» are both correct, so there is nothing to correct. The sentence is also semantically inverted: it says the guard guided the road to the visitors.	صُحّح	Item 5 now reads «دلّ الحارس الزوارَ على الطريق، فما دلّوا.»: the word order is fixed and it plants a ض→د substitution (ضلّوا→دلّوا).
R058	المجلد-الثاني/الباب-الثاني/ف04-أ-المدخل-والأزواج.md	186	The rule opens by saying that voicing in ص and ط depends on their إطباق. It then says ص is voiceless despite إطباق, and ends «لا تخلط بين الإطباق والجهر». The first clause teaches exactly the confusion the rule warns against.	كان قد صُحّح	The rule now reads «الإطباق غير الجهر…».
R059	المجلد-الثاني/الباب-الثاني/ف04-أ-المدخل-والأزواج.md	286	The corrected ✔ model is unidiomatic and close to meaningless («all stages of evaluation became pleasant for the team successfully»). It is also not the mirror of the ✘ («تاب الفريق كل مراحل…»), so the pair does not isolate the ط/ت error. Both lines need rewriting, for example with a ط-word such as «تخطّى الفريق» (✔) and «تختّى» (✘). The author must choose the wording.	كان قد صُحّح	The pair is now تختّى/تخطّى الفريق (round one).
R060	المجلد-الثاني/الباب-الثاني/ف04-ب-التطبيق-والتقويم.md	62	The timeline contradicts itself: «the next day, after a week of training». Line 46 sets a one-week training before the retest, but lines 74–75 have Suleiman ask «ماذا تغيّر منذ أمس؟» and Mustafa answer «التي أخطأتُ فيها أمس».	صُحّح	Timeline made coherent: «في اليوم التالي» removed at line 62; «منذ أمس» changed to «منذ الأسبوع الماضي»; «أخطأتُ فيها أمس» changed to «في الاختبار الأول».
R061	المجلد-الثاني/الباب-الثاني/ف05-أ-المدخل-وأصوات-الحلق.md	87	This bullet contradicts the chapter's table and rule. It puts العين in أقصى الحلق, but the table (line 78), line 111 and the rule (line 170) put العين in وسط الحلق and the hamza in أقصاه. It also calls العين «رخوة», while the table gives «بين الشدة والرخاوة».	كان قد صُحّح	The bullet now places العين in وسط الحلق and الهمزة in أقصاه.
R062	المجلد-الثاني/الباب-الثاني/ف05-ب-الدرس-الثاني-والأزواج.md	9	ف05-أ:24 and objective 4 (ف05-أ:18) distinguish «أصوات الحلق الست» from القاف (لهوية) and الكاف (أقصى اللسان). Lesson 2 and the application nevertheless speak of «أصوات الحلق الثمانية»: here, at ف05-ب:166, ف05-ج:5 and ف05-ج:295.	صُحّح	«أصوات الحلق الثمانية» changed to «الأصوات الثمانية» in all four places (ف05-ب:9 and 166, ف05-ج:5 and 295).
R063	المجلد-الثاني/الباب-الثاني/ف05-ب-الدرس-الثاني-والأزواج.md	76	The rule box calls the friction of الخاء voiced. The chapter's table (ف05-أ:76) and line 99 say الخاء is مهموسة («بلا جهر», «بلا طنين»).	كان قد صُحّح	The rule now says «باحتكاك مهموس».
R064	المجلد-الثاني/الباب-الثاني/ف05-ب-الدرس-الثاني-والأزواج.md	140	Example مث١٢ («الخائرين»/«الحائرين») is a ح/خ substitution but sits under the subheading «العين والهمزة». It belongs with «الخاء والحاء والهاء». The ID must be kept; fix by moving the example or adding a subheading.	صُحّح	Added the subheading «الحاء والخاء، والعين والهمزة» before مث١٢; IDs and order are unchanged (same method as round one in ف06-أ).
R065	المجلد-الثاني/الباب-الثاني/ف05-ب-الدرس-الثاني-والأزواج.md	164	The analysis of مث١٥ is inaccurate. Only one guttural error occurs (سألت/سعلت). «هالساعة» is a colloquial contraction of «هذه الساعة», with the ه left over from ها/هذه; it is neither a guttural substitution nor an inserted extra هاء. The colloquial «كويسة», which the ✔ corrects, is not mentioned, and the ✔ «قبل هذه الساعة» is semantically odd.	صُحّح	مث١٥ redesigned: ✘ now has two real guttural errors (سألت/سعلت, خالتها/حالتها) and mirrors the ✔; the ✔ has «دواء السعال قبل ساعة»; the analysis was rewritten to match.
R066	المجلد-الثاني/الباب-الثاني/ف05-ج-التطبيق-والتقويم.md	61	The frame contradicts itself: «the same interview» but at another mosque, two weeks later, yet with the same committee (الحاج مصطفى، الأستاذ سليمان، الشيخ حمزة). Line 87 then speaks of «المقابلة الثانية».	كان قد صُحّح	The frame is now counterfactual («لو أعادها عبد الله بعد أسبوعين»), which fits the same committee.
R067	المجلد-الثاني/الباب-الثاني/ف06-أ-المدخل-وحروف-الذلاقة.md	85	The number of taps for الراء is inconsistent within the chapter. Objective 2 (line 17) says «بقرعة واحدة خفيفة». The table (line 66), the rule (line 211) and the checklist (ف06-ب:304) say «قرعة أو قرعتان». This success sign requires «قرعتين واضحتين في كل راء».	صُحّح	Success sign had already been fixed; objective 2 now also says «بقرعة أو قرعتين خفيفتين», matching the table, rule and checklist.
R068	المجلد-الثاني/الباب-الثاني/ف06-أ-المدخل-وحروف-الذلاقة.md	255	Under the subheading «الباء والفاء» (line 245), مث٨ (سرّ/سلّ) is a ر/ل pair and مث٩ (لام/نام) a ل/ن pair. Neither involves ب or ف, so the learner is told the wrong pair. IDs must be kept; fix by moving the examples or inserting an accurate subheading.	كان قد صُحّح	Round one added the subheading «الراء واللام، واللام والنون».
R069	المجلد-الثاني/الباب-الثاني/ف06-أ-المدخل-وحروف-الذلاقة.md	281	Under the subheading «لام لفظ الجلالة» (line 271), مث١٣ (باحت/فاحت) is a ب/ف substitution and مث١٤ (نمّ/لمّ) a ل/ن substitution. Neither concerns the lam of the divine name. Fix by moving the examples or inserting an accurate subheading, keeping the IDs.	كان قد صُحّح	Round one added the subheading «الباء والفاء، والنون واللام».
R070	المجلد-الثاني/الباب-الثاني/ف06-أ-المدخل-وحروف-الذلاقة.md	293	The ✔ model of the extended example مث١٥ is incoherent: it keeps the wrong verb «بات ساعة كاملة ليصل» and then corrects itself with «بل استغرق ساعة كاملة». The analysis at line 295 is also wrong: «بال» for «بات» is a ل/ت change, not «ب/ت»; «الفه» for «الله» substitutes ف for ل and is not «سقوط لام»; and «مالني» → «لي» is no single-sound error. The exercises ف06-ب:135–136 reuse these items. The example needs rewriting by the author.	كان قد صُحّح	Round one rebuilt مث١٥ with a clean ✔ and corrected analysis.
R071	المجلد-الثاني/الباب-الثاني/ف06-ب-التطبيق-والتقويم.md	5	Chapter 6 does not close الباب الثاني, which has twelve chapters (00-فاتحة-الباب-الثاني.md; ف07–ف12 follow, with ف12 «الفصل الختامي للباب»). The same false claim appears at lines 365 («أصوات الباب كله (الفصول ٣-٦)») and 373.	كان قد صُحّح	Intro now says the chapter closes «الفصول الستة الأولى من الباب».
R072	المجلد-الثاني/الباب-الثاني/ف06-ب-التطبيق-والتقويم.md	135	The instruction asks the learner to «name the sound that changed», but «مالني» → «لي» is no single-sound change. Item 2 («الفه» → «الله») is a ف/ل change the chapter never teaches. Both come from the flawed مث١٥ (ف06-أ:292).	كان قد صُحّح	Item 1 is now «لي عذلٌ واحد»←«لي عذرٌ واحد». Item 2 (الفه/الله) stays: it can be answered (فاء for لام, both chapter sounds), and the extended example teaches it.
R073	المجلد-الثاني/الباب-الثاني/ف06-ب-التطبيق-والتقويم.md	197	Wrong vowelling in a drill sentence: the verb is رَبِحَ, from the pattern فَعِلَ يَفْعَلُ. Exercise 2 (line 128) in the same file has it correctly as «رَبِحَ».	كان قد صُحّح	The drill now reads «رَبِحَ».
R074	المجلد-الثاني/الباب-الثاني/ف06-ب-التطبيق-والتقويم.md	373	This says Chapter 6 is the last chapter of the bab, and the same sentence goes on «قبل التقويم الختامي للباب». Six more chapters follow (ف07–ف12), and the bab's diagnostic close is ف12. Line 365 «مراجعة عامة لأصوات الباب كله (الفصول ٣-٦)» repeats the error.	كان قد صُحّح	Now reads «هذا آخر فصول المخارج والأزواج الحرجة في الباب».
R075	المجلد-الثاني/الباب-الثاني/ف07-أ-المدخل-والدرسان.md	553	The phrase being analysed, «درجات الحرارة مرتفعة», has no ṭāʾ. «مُرْتَفِعة» is m-r-t-f-ʿ. The phonetic note describes a sound that is not there.	كان قد صُحّح	Row 4 no longer mentions a ṭāʾ.
R076	المجلد-الثاني/الباب-الثاني/ف07-أ-المدخل-والدرسان.md	554	The analysis is phonetically wrong. The ṭāʾ in «مصطفى» is itself an emphatic letter (it came from the tāʾ of iftiʿāl assimilating to the ṣād), so the ṣād cannot «infect» it. «مصطفى» also has no sīn. The only sīn in the phrase is in «اسمي».	كان قد صُحّح	Row 5 now reads «الصاد والطاء في «مصطفى» لا تُعديان الفاء…».
R077	المجلد-الثاني/الباب-الثاني/ف07-أ-المدخل-والدرسان.md	559	The vowels are wrong. «تَقْرِيرُ» has the pattern تَفْعِيل: the first rāʾ takes kasra and is muraqqaqa. The second rāʾ carries the case ending, which here is ḍamma («تقريرُ الربع» is the subject), so it is mufakhkhama. Neither rāʾ is maftūḥa. The row therefore teaches the wrong ruling for the very letter it is about.	كان قد صُحّح	Row 10 now reads «مكسورة ثم مضمومة».
R078	المجلد-الثاني/الباب-الثاني/ف09-أ-المدخل-والدرسان.md	284	The rule leaves out the condition that the first letter be sakin, and states as unsupported fact that 'the fluent tongue' tends to merge the two letters. Merging two voweled identical letters across words is al-idghām al-kabīr, characteristic of Abū ʿAmr's reading (al-Sūsī). It is not the norm the book teaches elsewhere: Ḥafṣ-based recitation, and ch. 8's rule that short vowels are pronounced in full («والقِصر غير الاختلاس»). The obligatory, standard case is first letter sakin («مِن نُّور»). The same rule recurs in the lesson objective (l. 213), the تنبيه (l. 294), and ف09-ب lines 227 and 258.	كان قد صُحّح	Sukun condition now in rule (l.284), objective (l.213), تنبيه (l.294) and ف09-ب checklist; مث١٨ replaced by «هلْ لكم» (first-round v02). ف09-ب summary l.258 names the defined concept and was left.
R079	المجلد-الثاني/الباب-الثاني/ف09-أ-المدخل-والدرسان.md	288	In «قالَ لَكَ» the first lām carries a fatḥa. Merging it into the second lām means dropping a full short vowel, which the book elsewhere forbids (ch. 8, «صِلْ بالحركات»). The real contrast with the ◐ form is connecting the words without a pause, not idghām.	كان قد صُحّح	«قالَ لك» example replaced by «هلْ لكم رأيٌ آخر؟» (sakin first lam) in the first round.
R080	المجلد-الثاني/الباب-الثاني/ف09-ب-التطبيق-والتقويم.md	98	«الفريق الفائز» is classed as shamsiyya, but fāʾ is a moon letter (qamariyya), so the lām is pronounced in «الْفريق» and «الْفائز». This contradicts the book's own letter lists.	كان قد صُحّح	Situation bank now reads «الفريق الفائز» و«القرار» قمرية.
R081	_production/التحقيق/سجل-النقول.tsv	183	Four ledger rows for this chunk still hold superseded wording in النص that no longer appears in the book: م٢-٠١٥ (l.163), م٢-٠٣٤ (l.182), م٢-٠٣٥ (l.183) and م٢-٠٣٨ (l.186). The book now reads differently: ف07-أ:101 «يصف كمال بشر…», ف07-أ:78 «بعض العرب… «ليكون العملُ من وجهٍ واحد»», ف08-أ:62, and ف09-أ:59 «فبنو تميم… «بين بين»». For م٢-٠٣٥ the status «نسبةٌ غير ثابتة» refers to the dropped claim «ومن هنا جاءت أسماء الحركات». The book now quotes Abū al-Aswad's instruction verbatim from Ibn al-Anbārī 1/41 (no. 59), and that matches النص المقارن and the scan. Matching the ledger by النص no longer 	صُحّح	M1-45, P-43 and P-51 already matched the book; P-43 and P-51 got the quoted-words note. P-48 (م٢-٠٣٥) was re-reviewed on the scan of Ibn al-Anbārī 1/41: the quotation is verbatim, so it is now «متحقّق», with a note that the report is transmitted (يُروى) and that the names-of-vowels claim was dropped. Report number 59 was not added because only no. 60 is visible on the scan.
R082	المجلد-الثاني/الباب-الثاني/ف07-أ-المدخل-والدرسان.md	513	The reading text has five occurrences of lafz al-jalala, not six: بسم الله، لله، على رسول الله، قال رسول الله، بالله. The ① annotation marks exactly five, and the note at line 507 counts «المواضع الأربعة التي قبلها كسر» plus one after a damma, which also makes five.	كان قد صُحّح	Now reads «المواضع الخمسة».
R083	المجلد-الثاني/الباب-الثاني/ف07-أ-المدخل-والدرسان.md	560	The phrase «أظهرت النتائج فرقًا واضحًا» has no ṣād. Its emphatic letters are the ظ in أظهرت, the ق in فرقًا and the ض in واضحًا.	كان قد صُحّح	Now reads «الظاء والقاف والضاد».
R084	المجلد-الثاني/الباب-الثاني/ف07-ب-التطبيق-والتقويم.md	100	The «ماذا تغيّر؟» table mixes two line-numbering systems without marking which is which. Rows س٣, س٥–س٧ and س١٥–س١٧ use the first dialogue's numbers. Rows س٧, س٩ and س١١ use the improved dialogue's numbers: «الصَّلام» is at س٩/س١١ of the first dialogue, and «الكاعة… التّابَق» is at its س١٣. So «س٧» means two different lines in the same table. Chapters 8 and 9 key this table to the first dialogue throughout.	كان قد صُحّح	Round one renumbered the table to the first dialogue; I also put its rows in ascending order (see extra).
R085	المجلد-الثاني/الباب-الثاني/ف08-أ-المدخل-والدرسان.md	205	The grammatical reason given is wrong. In «في شهرِ ذي القعدة», «ذي» is genitive because it is muḍāf ilayh of «شهر», not because of the preposition. It would still be «ذي» with no preposition, as in «هذا شهرُ ذي القعدة». A learner who follows the stated rule will get the nominative context wrong.	صُحّح	«بعد حرف الجر تُقال «ذي»» replaced: «ذي» is genitive as muḍāf ilayh, so not «ذو».
R086	المجلد-الثاني/الباب-الثاني/ف08-ب-التطبيق-والتقويم.md	82	The vocative is wrongly vowelled in a dialogue the book says has been vowelled for performance («وضُبطت أواخر الكلمات للأداء»). «أستاذ» here is a title used as نكرة مقصودة, so it is مبني على الضم. The fatha makes it a muḍāf («teacher of Sulaymān»). By contrast, «أستاذَنا» in ف08-أ line 471 is correct, because there it really is muḍāf.	صُحّح	Vocative corrected to «نعم، يا أستاذُ سليمانُ.» (nakira maqsuda on damma, name as badal; يا added since dropping it here is qalil).
R087	المجلد-الثاني/الباب-الثاني/ف08-ب-التطبيق-والتقويم.md	131	In this correction item the error cannot be seen. «المُمْتَحَنون» is already the correct form, and «المراقبين» has no vowels, yet the parenthesis says the speaker meant «المراقِبين لا المراقَبين». The other four items all show their error on the page. As written, the learner has nothing to correct.	كان قد صُحّح	Item 3 now shows the errors on the page («المُمْتَحِنون… المُراقَبين»).
R088	المجلد-الثاني/الباب-الثاني/ف08-ب-التطبيق-والتقويم.md	304	The trainer's plan puts «التدريب الموجّه» in session 1, with lesson 1. But the chapter's only guided exercise sits at the end of lesson 2 (ف08-أ lines 477–486) and includes lesson-2 material: item 4, «ابنٌ طبيبٌ / ابنُ طبيبٍ» (tanwin), and item 5, «جزيلا / جزيلَنْ» (waqf). So learners would practise these before they are taught. The plan also does not schedule «المحاكاة» at all.	صُحّح	Guided training was already moved to session 2 by v02; added the unscheduled «المحاكاة» to the same session-2 row, matching chs 7, 9–12.
R089	المجلد-الثاني/الباب-الثاني/ف09-أ-المدخل-والدرسان.md	124	The parenthesis says «عشرة أسماء» but lists only seven, and it puts «ال» التعريف inside the list as if it were one of the ten nouns. «ال» is a particle (حرف), not a noun. The learner gets a wrong count and a wrong classification.	كان قد صُحّح	Now «وفي أسماء محفوظة منها (…)، وفي «ال» التعريف».
R090	المجلد-الثاني/الباب-الثاني/ف09-أ-المدخل-والدرسان.md	145	The cross-reference points to the wrong chapter. The rule for opening or breaking the hamza of أنّ/إنّ (kasra after القول, fatha after other verbs) is taught in Volume 3, chapter 2 (ف02-ب-الإعراب-والنواسخ.md line 214: «بعد القول تُكسر الهمزة… أما بعد غيره من الأفعال فتُفتح»). Chapter 1 (الجملة الاسمية والفعلية) only treats «إنّ» as a sentence opener.	كان قد صُحّح	Cross-reference now points to الفصل الثاني.
R091	المجلد-الثاني/الباب-الثاني/ف09-أ-المدخل-والدرسان.md	247	In the gemination section, the ✘ form shows a vowel change (سلَمتَ, with a fatha) rather than a shadda. The explanation on line 249 says the error is gemination: «فإن شدّده صار «سلَّم»». The situation bank (ف09-ب line 99) also gives «سلِمتَ» لا «سلَّمتَ». So the example does not show the error it describes.	كان قد صُحّح	✘ line now «سلَّمتَ».
R092	المجلد-الثاني/الباب-الثاني/ف09-أ-المدخل-والدرسان.md	287	The ✔ model on line 288 recommends «إدغام خفيف طبيعي للامين» in «قالَ لَكَ», where both lāms carry a vowel. Merging them means dropping the fatha of «قالَ». That is the إدغام الكبير of Abū ʿAmr's reading, not the standard fuṣḥā the book adopts, and not Ḥafṣ. It also contradicts chapter 8's rule «صِلْ بالحركات». The rule on line 284 («إذا انتهت كلمة بحرف والتقت بحرف مثله») needs the condition that the first letter is sākin, as it is in the second example, «مِنْ نور», which is correct.	كان قد صُحّح	Same as R078/R079.
R093	المجلد-الثاني/الباب-الثاني/ف09-أ-المدخل-والدرسان.md	196	The item is ambiguous for the learner. Both members are the same imperative with no preceding word, so there is no waṣl context in which the hamza could correctly fall, and no visible «wrong» dropping either. The second form, «اسْتِمع» with a kasra on the tāʾ, is also a wrong vowelling of the imperative «اسْتَمِعْ».	صُحّح	Item 5 redesigned to the intended contrast: «اسْتَمِعْ… / فاسْتَمِعْ…» with a note on initial vs connected hamzat al-wasl; wrong vowelling «اسْتِمع» removed.
R094	المجلد-الثاني/الباب-الثاني/ف09-أ-المدخل-والدرسان.md	38	The opening scene's بطاقة المقام has no «العلاقة» field. The Bible makes the card mandatory with this field, and every other card in chapters 7, 8 and 9-ب includes it.	صُحّح	Added «العلاقة» row to the opening card.
R095	المجلد-الثاني/الباب-الثاني/ف09-أ-المدخل-والدرسان.md	160	The card for comparison 1 lacks both the «العلاقة» field and the place/channel field. Both are mandatory in the Bible's card template.	صُحّح	Added «العلاقة» and «المكان والقناة» (الإذاعة، نشرة المساء) to the comparison-1 card.
R096	المجلد-الثاني/الباب-الثاني/ف09-أ-المدخل-والدرسان.md	305	The card for comparison 2 lacks the «العلاقة» field. This matters here because the model analysis turns on the teacher addressing both a superior (the principal) and her students.	صُحّح	Added «العلاقة: أدنى من المديرة، وأعلى من الطالبات، ولا معرفة سابقة بهن».
R097	المجلد-الثاني/الملاحق/ملحق-الباب-الثاني-برنامج-النطق-٢.md	360	This is a verbatim run of a Quranic verse (al-A'raf 43), but it is not marked as Quran. It has no ﴿﴾ and no reference, is in plain script rather than the Uthmani text, and is not sapphire. Because it is unbracketed, pdf/quran.py never reads it. The drill also puts a full stop («//») between «الحمد لله» and «الذي هدانا», adds a «[/]» inside the verse, and frames it with [بطء] and [إسراع] tempo tags. That imposes stops on a verse in a book that says (ف10-أ, line 57) it does not rule on Quranic waqf. This breaks the binding rules that the Quran is sapphire, never altered, and matched by quran.py.	كان قد صُحّح	Al-A'raf 43 removed from the drill and replaced by a non-Qur'anic sermon opening (first round).
R098	المجلد-الثاني/الخواتيم/ثبت-المصادر.md	15	The source list grades Ibn al-Jazari «إحالةٌ عامّة», which its own key at line 6 defines as «بلا نقلٍ منصوص، أو حُكي معناه». The volume quotes his verses verbatim, and every one was matched on the printed scan, so the grade should be «طوبق على المطبوع». Cause: pdf/thabat.py degree() looks only at ledger.ROWS, which holds no م٢ rows (checked: 0). Every source used only from volume 2 onward therefore falls to «general». The fix belongs in thabat.py (read the volume 2–11 rows), followed by regeneration; a hand edit to the .md would be overwritten.	لم يُحسم في دفعته	Needs a generator change in pdf/thabat.py (outside this batch; generated file not hand-edited): degree() iterates only ledger.ROWS (no volume-2 rows); it must also read ledger.series_rows() (all volume-2 rows are ON_PRINT). Simulated: Anis, Bishr, Ibn al-Jazari, al-Khalil, Tammam Hassan, Bergstraesser and Ibn al-Anbari then all grade «طوبق على المطبوع»; regenerate with python3 pdf/thabat.py 2.
R099	المجلد-الثاني/الخواتيم/ثبت-المصادر.md	17	Kitab al-'Ayn is graded «إحالةٌ عامّة», yet the volume quotes it verbatim and the quotations were matched on the printed scan. Same generator cause as the Ibn al-Jazari entry.	لم يُحسم في دفعته	Needs a generator change in pdf/thabat.py (outside this batch; generated file not hand-edited): degree() iterates only ledger.ROWS (no volume-2 rows); it must also read ledger.series_rows() (all volume-2 rows are ON_PRINT). Simulated: Anis, Bishr, Ibn al-Jazari, al-Khalil, Tammam Hassan, Bergstraesser and Ibn al-Anbari then all grade «طوبق على المطبوع»; regenerate with python3 pdf/thabat.py 2.
R100	المجلد-الثاني/الخواتيم/ثبت-المصادر.md	19	The list names the al-Khanji 3rd edition (1408/1988) as the edition «طوبق على المطبوع». Every Sibawayh quotation in this volume was matched on a different print: 'Alam al-Kutub, Beirut, 3rd ed., 1403/1983. The claim that its page numbers match al-Khanji's rests on a Shamela catalogue card, which is digital metadata. The source list should name the print actually seen (rule: «لا متحقّق إلا ما طوبق على المطبوع نفسه»). thabat.py already supports a per-volume EDITION override (line 90, used for Ibn al-Jazari).	لم يُحسم في دفعته	Needs a generator change in pdf/thabat.py (outside this batch; generated file not hand-edited): vol-2 Sibawayh quotations were matched on 'Alam al-Kutub, Beirut, 3rd ed. 1403/1983 (title page; pagination = al-Khanji per Shamela card 23018), while vol-1 row ع١ is al-Khanji 1408/1988. Needs a per-volume EDITION override for vols 2–3 naming the 'Alam al-Kutub print (optionally al-Khanji second, for comparison); part count not in ledger, do not add.
R101	المجلد-الثاني/الخواتيم/ثبت-المصادر.md	10	Anis is graded «إحالةٌ عامّة» (meaning no verbatim quotation), but a volume 2 footnote quotes him verbatim and the ledger records his passages as matched on the printed scan. Same generator cause (degree() ignores the volume 2–11 rows).	لم يُحسم في دفعته	Needs a generator change in pdf/thabat.py (outside this batch; generated file not hand-edited): degree() iterates only ledger.ROWS (no volume-2 rows); it must also read ledger.series_rows() (all volume-2 rows are ON_PRINT). Simulated: Anis, Bishr, Ibn al-Jazari, al-Khalil, Tammam Hassan, Bergstraesser and Ibn al-Anbari then all grade «طوبق على المطبوع»; regenerate with python3 pdf/thabat.py 2.
R102	المجلد-الثاني/الخواتيم/ثبت-المصادر.md	21	Bishr is graded «إحالةٌ عامّة», but the volume says it carries his wording («واللفظ المنقول له»), and the ledger records it as matched on the printed scan. Same generator cause.	لم يُحسم في دفعته	Needs a generator change in pdf/thabat.py (outside this batch; generated file not hand-edited): degree() iterates only ledger.ROWS (no volume-2 rows); it must also read ledger.series_rows() (all volume-2 rows are ON_PRINT). Simulated: Anis, Bishr, Ibn al-Jazari, al-Khalil, Tammam Hassan, Bergstraesser and Ibn al-Anbari then all grade «طوبق على المطبوع»; regenerate with python3 pdf/thabat.py 2.
R103	المجلد-الثاني/الخواتيم/ثبت-المصادر.md	11	The volume's Bukhari footnotes cite hadith numbers only («البخاري (٣٨)», «(٦٠١٨)», «(٦٤٧٥)»). These are Muhammad Fu'ad 'Abd al-Baqi's numbers, as printed in the Dar Tawq al-Najat facsimile; the 1311 Bulaq print does not carry them. The entry names only the Bulaq printing, so a reader cannot find the cited numbers in the edition listed.	لم يُحسم في دفعته	Needs a generator change in pdf/thabat.py (outside this batch; generated file not hand-edited): or base row مص-٠٣١: append «بترقيم محمد فؤاد عبد الباقي، في مصوّرة دار طوق النجاة، الأولى، بعناية محمد زهير بن ناصر الناصر» (ledger HA5-3/HA5-4). An EDITION entry keyed on short title would collide with the دار التأصيل row, so change the base edition field or special-case it.
R104	المجلد-الثاني/الباب-الثاني/ف12-ب-التطبيق-والتقويم.md	37	The guide says the diagnostic text's stops include a تاء مربوطة. None of the ten «//» stops in the text (lines 13–22) ends in one. The endings are: باردٍ، الأخضرِ، وصبرٍ، بإنصافٍ، وُدَّهُ، شيءٍ، أبدًا، عليكَ، قليلًا، والتوفيقِ.	كان قد صُحّح	Guide now says «سكون، وتنوين فتح، وهاء ضمير».
R105	المجلد-الثاني/الباب-الثاني/ف12-ب-التطبيق-والتقويم.md	273	This is a factual claim about the book's own text and it is inaccurate. The diagnostic text (lines 13–22) has about 114 words, not «نحو مئة وخمسين». The mastery outcome of the باب (opener, line 41) requires a vowelled text of 150 words, so the text as given does not meet the criterion it is used to certify. Either extend the text or state the requirement separately; no safe one-line fix.	صُحّح	Per R901: ف12-ب now «قرأ النص التشخيصي المعتمد (مئة وأربع عشرة كلمة)»; exact count 114.
R106	المجلد-الثاني/الباب-الثاني/ف10-أ-المدخل-والدرسان.md	24	The example does not show a vowel changing a word. ظَلَّ and ضَلَّ have the same vowels and differ only in a consonant (the ض/ظ pair of chapter 3). The recap therefore misuses «الحركة», which chapter 8 (الحركات والمدود) teaches as 'vowel'.	صُحّح	«أن الحركة تغيّر الكلمة» → «أن الحرف الواحد يغيّر الكلمة».
R107	المجلد-الثاني/الباب-الثاني/ف10-أ-المدخل-والدرسان.md	230	The ✘ and ✔ breathe at exactly the same place: after «بنعمة الإسلام», before «وهدانا». So the example does not show the rule it illustrates («تنفّس في موضع الوقف»). The label is also wrong grammatically: there is no حال here and no شبه جملة is split. The breath falls between two coordinated صلة clauses (أنعم… وهدانا), which is the ✔ position.	كان قد صُحّح	✘ now breathes between muḍāf and muḍāf ilayh with the matching label.
R108	المجلد-الثاني/الباب-الثاني/ف10-أ-المدخل-والدرسان.md	234	In «تحتاج إلى (نفَس) دراسة», «دراسة» is a اسم مجرور after إلى, not a direct object, and the breath comes after the preposition. The grammatical description is wrong, which matters in a lesson built on naming grammatical junctures.	كان قد صُحّح	Label now «بين حرف الجر ومجروره».
R109	المجلد-الثاني/الباب-الثاني/ف10-أ-المدخل-والدرسان.md	249	The rule says to repeat the last two or three words, but the models and their commentary repeat the head of the sentence or the whole sentence. Examples: مث١٣ («يعيد رأس الجملة»); Comparison 2 ③ («أعيد القاعدة كاملة»); line 316 calls it «القاعدة التي تعلمتها: إعادة رأس الجملة»; line 318 says ③ «طبّقت قاعدة الدرس بحرفها… فأعادت الجملة كاملة»; ف10-ب situation bank ٦ and summary ٤ say «أعاد رأس الجملة». The rule as stated is not the one applied or assessed.	صُحّح	Rule changed to «فأعِد الجملة من رأسها قبل المتابعة», matching مث١٣–١٤, comparison 2, the simulation and ف10-ب summary 4.
R110	المجلد-الثاني/الباب-الثاني/ف10-أ-المدخل-والدرسان.md	275	Wrong grammatical term. A pause after «الذين» separates the relative pronoun (الاسم الموصول) from its صلة; «الصلة الموصولة عن صلتها» has no meaning.	كان قد صُحّح	Now «لعلّق الاسم الموصول عن صلته».
R111	المجلد-الثاني/الباب-الثاني/ف10-أ-المدخل-والدرسان.md	275	The same term error in the same example: what is joined to its صلة is the relative pronoun, not a «جملة موصولة».	كان قد صُحّح	Now «أن يصل كل اسم موصول بصلته».
R112	المجلد-الثاني/الباب-الثاني/ف10-ب-التطبيق-والتقويم.md	243	The voice-drill text places a breath mark (ت) immediately before «إلا». The «انتبه إلى» note right after it says «لا وقف قبل إلا في الموضعين… والتنفس عند (ت) فقط». The model therefore trains the very error the chapter forbids.	كان قد صُحّح	(ت) no longer precedes «إلا».
R113	المجلد-الثاني/الباب-الثاني/ف11-أ-المدخل-والدرسان.md	124	The note refers to «الأرقام الآتية», but the table that follows (lines 126–132) has no numbers, only qualitative pace descriptions (الأبطأ، معتدلة، طبيعية).	كان قد صُحّح	Now «الأوصاف الآتية».
R114	المجلد-الثاني/الباب-الثاني/ف11-ب-التطبيق-والتقويم.md	252	An case-ending (iʿrāb) error in a fully vowelled model text that learners read aloud. «واحدة» is an adjective of «كلمةُ» (nominative, feminine), so it must be «واحدةٌ». As written («واحدةٍ») it would describe «جُرحٍ», which is masculine. Compare the parallel line 251: «فَكلمةُ شُكرٍ صادقةٌ».	كان قد صُحّح	Now «واحدةٌ».
R115	المجلد-الثاني/الباب-الثاني/ف11-ب-التطبيق-والتقويم.md	301	Typo: «الإيقاء» should be «الإيقاع».	كان قد صُحّح	Now «الإيقاع».
R116	المجلد-الثاني/الباب-الثاني/ف11-ب-التطبيق-والتقويم.md	332	«التأثير» is not an item of «سلّم المئة درجة», and the stated total of 30 cannot be formed. «الصوت والأداء» is 10, and no single other item is 20 (the maximum is 15). The mastery criterion cannot be scored. The author must choose the second item and restate the threshold, for example «مراعاة المخاطب والمقام» (15), giving a total of 25.	صُحّح	Second rubric item set to «مراعاة المخاطب والمقام» (15), threshold 17 of 25 (lower bound of the 'good' band in both items; keeps the author's two-thirds ratio).
R117	المجلد-الثاني/الباب-الثاني/ف12-أ-المدخل-والدرسان.md	44	Suleiman's errors here are ض↔ظ (فضللت، حظرت). Chapter 3 covers that pair; chapter 8 is الحركات والمدود and does not treat ض/ظ (a grep of ف08 finds no الضاد/الظاء). The cross-reference to chapter 8 is unsupported. The author should confirm which chapter is meant, or drop it.	صُحّح	Dropped «والفصل الثامن» (ch.8 never treats ض/ظ); reference table maps them to ch.3.
R118	المجلد-الثاني/الباب-الثاني/ف12-أ-المدخل-والدرسان.md	108	Wrong place of articulation. The book places الهاء in أقصى الحلق (farthest from the mouth) and uses أدنى الحلق for غ/خ. Labelling هـ «حلق أدنى» contradicts the volume's own scheme. «حلق وسط» should also follow the volume's term «وسط الحلق».	صُحّح	Row ٢ rewritten under R120, removing the «حلق وسط» label; هـ had already been corrected.
R119	المجلد-الثاني/الباب-الثاني/ف12-أ-المدخل-والدرسان.md	109	Wrong place of articulation: الخاء is أدنى الحلق (nearest the mouth) in the volume's scheme, not أقصى الحلق.	كان قد صُحّح	Row now «خ (أدنى الحلق)».
R120	المجلد-الثاني/الباب-الثاني/ف12-أ-المدخل-والدرسان.md	108	The worked example contradicts its own story. Line 44 says Suleiman said «حَظَرْتُ» instead of «حَضَرْتُ», so his ح was correct and the error was ض→ظ. Row ٢ of his partly filled log records ح→هـ for the same word, and the ض→ظ error the story highlights is never logged. The author should align the row with the story.	صُحّح	Row ٢ realigned with the story: حَضَرْتُ, target ض, heard ظ (matches l.44 and the ف12-ب dialogue).
R121	المجلد-الثاني/الباب-الثاني/ف12-ب-التطبيق-والتقويم.md	273	The approved diagnostic text (lines 13–22) has 114 words, not about 150. The parenthetical «(مع الكلام الحر)» does not resolve this, since free speech is measured in minutes («وارتجل دقيقتين»). The level's exit criterion («قراءة مئة وخمسين كلمة») is therefore not met by the text the criterion names. The author decides whether to lengthen the text or restate the criterion.	صُحّح	Same as R105/R901.
R122	المجلد-الثاني/الملاحق/ملحق-الباب-الثاني-برنامج-النطق-٢.md	138	The hamza of «اسم» falls inside «بسم الله» (and is dropped even in writing there), not after it.	كان قد صُحّح	Now «تسقط همزته في «بِسْمِ اللهِ»».
R123	المجلد-الثاني/الملاحق/ملحق-الباب-الثاني-برنامج-النطق-٢.md	217	«صبرًا طويلًا» is accusative with tanwīn al-fatḥ, and the pause on it is with alif («طَوِيلَا»), not sukūn («طَوِيلْ»). The programme teaches this itself on days 21 and 24, so the model trains a pause the programme forbids. Making the phrase مجرور keeps the line's point (sukūn after dropping the case vowel).	كان قد صُحّح	Now «يَحْتَاجُ إِلَى صَبْرٍ طَوِيلْ».
R124	المجلد-الثاني/الملاحق/ملحق-الباب-الثاني-برنامج-النطق-٢.md	314	The item contradicts itself. It is labelled a declarative with ↓ and a full stop, yet the note asks for a slight rise at the end. That contour is the one chapter 11 assigns to a question without an interrogative particle. As written it teaches the wrong contour for الخبر.	كان قد صُحّح	Now «وَصَلَ الضَّيْفُ ↑؟» (استفهام بلا أداة).
R125	المجلد-الثاني/الملاحق/ملحق-الباب-الثاني-برنامج-النطق-٢.md	360	Lines 360–361 reproduce, unmarked, what appears to be a Qur'anic verse (apparently الأعراف ٤٣: «الحمد لله الذي هدانا لهذا وما كنا لنهتدي لولا أن هدانا الله»; confirm with pdf/quran.py). It has no ﴿﴾, no reference and is not in the Uthmani text, and drill marks are inserted into it («//», «[/]», «(ت)», «[بطء]»). Pedagogically, the «//» full stop between «الحمد لله» and «الذي» splits a noun from its relative clause. That contradicts ف10's definition of الابتداء («بكلمة تصلح أن يُبدأ بها الكلام معنًى وتركيبًا»). The text should be marked and set as Qur'an without inserted marks, or the drill shou	كان قد صُحّح	Same as R097.
R126	المجلد-الثاني/الملاحق/ملحق-الباب-الثاني-برنامج-النطق-٢.md	416	The warm-up tells the learner to begin with the basmala (as on day 1: «بِاسْمِ اللهِ أَبْدَأُ»), but the day-30 model speech (lines 419–426) begins with «السلام عليكم» and has no basmala. The instruction and the model do not match. The author should either add the basmala to the text or change the instruction.	صُحّح	Warm-up changed to «ثم ابدأ بالسلام والحمد كما تعلمت في اليوم الأول», matching the model speech (no basmala added to avoid altering the model).
R127	المجلد-الثاني/الملاحق/ملحق-الباب-الثاني-برنامج-النطق-٢.md	434	The phrase meant to review the critical sound ط contains no ط at all (أتقن، عملك، بصبر), so the drill cannot do its job. The suggested replacement is one possibility; the author chooses the phrase.	كان قد صُحّح	Phrase now «أَتْقِنْ عَمَلَكَ بِضَبْطٍ وَصَبْرٍ» (contains ط).
R128	المجلد-الثاني/الملاحق/ملحق-الباب-الثاني-برنامج-النطق.md	285	The gloss presents الدال as coming from «another مخرج» than الطاء. The book's own articulation table puts الطاء, الدال and التاء at a single مخرج (طرف اللسان مع أصول الثنايا العليا); the only difference between them is الإطباق. Separately, the pair is not minimal (ر/ق also differ); that is a pedagogy issue for the pedagogy pass.	صُحّح	Item replaced by the real minimal pair «طارَ» ≠ «دارَ» with gloss «من مخرج واحد: الطاء مطبقة، والدال مجهورة غير مطبقة» (consistent with ch.1 table and the day's goal).
R129	المجلد-الثالث/الباب-الثالث/ف02-أ-المطابقة.md	169	The rule is stated as if eloquent Arabic always follows the form of the word. In fact, agreement by meaning (الحمل على المعنى) with collective nouns occurs in the Qur'an. Advising singular agreement in modern institutional speech is a fair pedagogical choice, but it should be framed as the safer option, not as what fasīḥ Arabic requires. If the rule is softened, the author may also want to reconsider the ✘ marking of «اللجنة اجتمعوا» (مث٧).	صُحّح	Rule now says singular agreement is the more common and preferred usage in formal speech, while agreement by meaning is allowed in fasih Arabic (cf. al-Hujurat 9, al-Baqara 146). مث٧ «اللجنة اجتمعوا» moved from ✘ to ◐ (acceptable but can be improved), «خطأ آخر» became «موضعٌ آخر», and in ف02-ج:156 «والصواب» became «والمختار».
R130	المجلد-الثالث/الباب-الثالث/ف02-أ-المطابقة.md	205	This is stated as an absolute rule, but the plural demonstrative (أولاء / هؤلاء / أولئك) also refers to non-rational plurals in classical usage, including the Qur'an. It is mostly used for rational referents. Recommending «هذه» for non-rational plurals is sound advice, but the categorical wording is inaccurate.	صُحّح	Rule softened to «أكثر ما تُستعمل للعاقل، والمختار… «هذه»». مث١٢ «هؤلاء الكتب» moved from ✘ to ◐, since أولاء is used for any plural (al-Isra' 36).
R131	المجلد-الثالث/الباب-الثالث/ف02-أ-المطابقة.md	267	In the Corder typology set out two lines earlier (line 265), the first type is «خطأ» (error) and the second is «زلّة» (mistake). «زلّات من النوع الأول» therefore contradicts itself and blurs the very distinction the section teaches. The intended meaning (Abdullah's slips are mistakes, not errors) fits Corder, since Abdullah counted the errors himself on hearing the recording.	كان قد صُحّح	Line 267 already reads «زلّات لا أخطاء», which is consistent with Corder's order. The general use of «أخطاء» earlier in the sentence follows the author's own usage in the same paragraph.
R132	المجلد-الثالث/الباب-الثالث/ف02-ج-التطبيق-والتقويم.md	327	The instruction refers to «القراءتين» (two readings), but the voice drill it points to prescribes four readings («اقرأ النص أربع مرات», line 351), and the trainer's plan says «بالقراءات الأربع» (line 446). The learner cannot tell which two are meant.	كان قد صُحّح	Line 327 already reads «بالقراءات الأربع، واحفظها» (first round, F172).
R133	المجلد-الثالث/الباب-الثالث/ف03-أ-الأوزان-والمصادر.md	201	This footnote quotes two of Sibawayh's chapter headings verbatim, with volume and page, but neither has a row in سجل-النقول.tsv. The verification is recorded only in نقول-المجلدات-٢-١١.json (entry M1-78), and its outcome «recast-author-voice» belongs to SERIES_SKIP in pdf/ledger.py. That set is meant for outcomes that «leave no citation in the text», yet this text does carry a citation. The JSON entry also types the item «مرجع حديث» (it is نقل عالم). Its edition field is still provisional («بيانات صفحة العنوان يثبتها الدفعة P»), while batch P settled the Hārūn edition as عالم الكتب ط٣ ١٤٠٣هـ (	لم يُحسم في دفعته	The book text is correct: on the scans M1/78_sibawayh4_55_afala.jpg and 78_sibawayh4_70_istafala.jpg (عالم الكتب print, P-4/P imprint), both chapter headings are at 4/55 and 4/70. The remaining defect is outside this batch and is a _production change: give JSON M1-78 an outcome that keeps a citation (not in SERIES_SKIP) and the kind «نقل عالم», copy P-4's edition (عالم الكتب ط٣ ١٤٠٣هـ/١٩٨٣م), and regenerate the ledger so it has a م٣ ف٠٣ row.
R134	المجلد-الثالث/الباب-الثالث/ف03-ب-النسبة-والجموع-والمعتل.md	46	The sentence contradicts itself and the doctrine: if the root is ب ن ي, the hamza is not a root letter. It is a substitute for the root ya (منقلبة عن أصل), like كساء. For this class the grammarians allow both keeping the hamza and changing it to waw (كسائي/كساوي). The conclusion «بنائي» is correct, but the stated reason and the implied single form are not.	كان قد صُحّح	Line 46 now says the hamza is substituted for a radical ya (منقلبة عن ياء أصلية) and that both forms are allowed.
R135	المجلد-الثالث/الباب-الثالث/ف03-ب-النسبة-والجموع-والمعتل.md	26	The table labels the hamza of «بناء» as «أصلية». It is a substitute for the root ya (see the finding at line 46).	كان قد صُحّح	The table already reads «منقلبة عن ياء، ويجوز «بناوي»» and adds a third case.
R136	المجلد-الثالث/الباب-الثالث/ف03-ب-النسبة-والجموع-والمعتل.md	40	This misstates the nisba rule. Removing only the taa gives «مديني», which is the nisba to other cities. «مدني» comes from removing both the taa and the ya, following the فَعِيلة → فَعَلِيّ pattern.	كان قد صُحّح	The note already says both the taa and the yaa of فَعِيلة are dropped (كحنفي).
R137	المجلد-الثالث/الباب-الثالث/ف03-ب-النسبة-والجموع-والمعتل.md	525	The footnote cites a volume and page (1/97), but the citation has no row in سجل-النقول.tsv. Its JSON entry M1-80 has outcome «recast-author-voice», which pdf/ledger.py skips on the assumption that no citation remains in the text. Here a citation does remain. The JSON entry also types it «مرجع حديث» instead of a classical scholar's statement.	لم يُحسم في دفعته	The footnote matches JSON M1-80 and scan M1/80_khasais1_97_ittirad.jpg (1/97). The remaining defect is outside this batch and is a _production change: give M1-80 an outcome that keeps a citation and the kind «نقل عالم», and regenerate the ledger so it has a م٣ ف٠٣ row.
R138	المجلد-الثالث/الباب-الثالث/ف04-أ-التذكير-والتأنيث-والعدد.md	155	This is a false grammatical rule. When not compounded, عشرة takes the gender opposite to its counted noun, exactly like 3–9 (عشرة طلاب، عشر طالبات). The section's own correct forms (عشرةُ طلابٍ، عشرُ طالباتٍ) show that it disagrees in gender, so the heading contradicts its own examples.	كان قد صُحّح	Heading 155 now says a standalone 10 takes the opposite gender, like 3–9.
R139	المجلد-الثالث/الباب-الثالث/ف04-أ-التذكير-والتأنيث-والعدد.md	165	This is false for 13–19. In those numbers the first element takes the opposite gender to the counted noun (ثلاثة عشر رجلًا، خمس عشرة جائزة); only 11 and 12 agree in both parts. Line 139 of the same file states this correctly («وكذا ٣ إلى ٩ مع «عشر» المركبة: يخالف»), and example مث١٥ (خمسَ عشرةَ جائزةً) shows it, so the heading contradicts both.	كان قد صُحّح	Heading 165 now separates 11–12 from 13–19.
R140	المجلد-الثالث/الباب-الثالث/ف04-أ-التذكير-والتأنيث-والعدد.md	167	This repeats the false claim that both parts agree with the counted noun across 11–19 (see the finding at line 165).	صُحّح	The main fix was already in. Precision added: «ويُعرب صدرُ «اثنا عشر» إعراب المثنى», because «عشر» is indeclinable.
R141	المجلد-الثالث/الباب-الثالث/ف04-أ-التذكير-والتأنيث-والعدد.md	46	The explanation says «خمس عشرة» agrees with «جائزة» in both parts. In fact «خمس» (no taa, with a feminine noun) disagrees and only «عشرة» agrees. The explanation contradicts the corrected form it gives.	كان قد صُحّح	Line 46 now says the first part differs and the second agrees.
R142	المجلد-الثالث/الباب-الثالث/ف04-أ-التذكير-والتأنيث-والعدد.md	127	The «القاعدة الجامعة» («عكس المخالفة عند القلة») is garbled and, read literally, wrong. «عكس المخالفة» means agreement, yet 3–10 disagree. It also leaves out the opposite-gender first element of 13–19.	صُحّح	The rule had been partly fixed. «والموافقة فيما عدا ذلك» became «والموافقة أو الثبات فيما عدا ذلك», since the tens, مئة and ألف do not change with the gender of the counted noun.
R143	المجلد-الثالث/الباب-الثالث/ف04-أ-التذكير-والتأنيث-والعدد.md	225	The summary table repeats the false rule that a single عشرة agrees with its counted noun.	كان قد صُحّح	Table row 225 now reads «تخالف المعدود».
R144	المجلد-الثالث/الباب-الثالث/ف04-أ-التذكير-والتأنيث-والعدد.md	226	The summary table repeats the false rule that both parts agree across 11–19.	كان قد صُحّح	Table row now correct; also made precise as «ويُعرب صدر ١٢ إعراب المثنى» (logged with R140).
R145	المجلد-الثالث/الباب-الثالث/ف04-أ-التذكير-والتأنيث-والعدد.md	231	The rule box says gender disagreement applies to 3–9 «فقط». That is false for a single 10 and for the first element of 13–19.	صُحّح	Rule box now: opposite gender 3–10 and in the first part of 13–19; agreement in 1, 2, 11, 12 and in compound «عشر»; the tens, مئة and ألف do not change. Before this, «فيما عدا ذلك» counted the invariant numbers as agreeing.
R146	المجلد-الثالث/الباب-الثالث/ف04-ب-الإضافة.md	390	The chapter summary repeats the false rule that gender disagreement is limited to 3–9 (see ف04-أ lines 155, 165, 231).	صُحّح	ف04-ب:391 summary given the same precise wording as the rule box.
R147	المجلد-الثالث/الباب-الثالث/ف04-أ-التذكير-والتأنيث-والعدد.md	193	«تلزمان الإفراد والتذكير» is inaccurate. مئة is feminine in form, and both words have duals and plurals (مئتان، ألفان، ثلاثة آلاف). What is meant is that they do not change with the gender of the counted noun. The table at line 228 («تلزم الإفراد والتذكير») has the same wording.	كان قد صُحّح	Heading 193 and table row 228 now read «لا تتغير بتذكير المعدود وتأنيثه».
R148	المجلد-الثالث/الباب-الثالث/ف04-ب-الإضافة.md	193	The analysis is wrong. Nothing was deleted, and the phrase is not an iḍāfa. The actual error is that an indefinite noun (مدرستين) takes a definite adjective (الأخريين). The parenthesis also reads like the author thinking aloud («يستوجب تأمل السياق»), which does not belong in the printed text.	كان قد صُحّح	س٩ analysis now explains the definiteness mismatch and gives «المدرستين الأخريين».
R149	المجلد-الثالث/الباب-الثالث/ف04-ب-الإضافة.md	192	«طلبٌ أغلبهم» is grouped with the first annexed noun as «تنوين خطأ على المضاف», but the correction makes it a verb (طلبَ). A verb is not an annexed noun, so the classification is wrong. The 'what changed' table at line 225 repeats it.	صُحّح	The analysis line had been fixed. The 'what changed' row (226) still listed «طلبٌ» under «حذف تنوين المضاف». It now adds «وردّ «طلبَ» فعلًا ماضيًا» and writes «طلبَ» with its fatha.
R150	المجلد-الثالث/الباب-الثالث/ف06-أ-أثر-اللغات-المحلية.md	257	This two-verse citation has no numbered verse-end mark between verse 21 («…دَكًّا دَكًّا») and verse 22 («وَجَآءَ…»). Every other multi-verse citation in the series carries one (e.g., «۝٢٥»), as pdf/quran.py requires. The words themselves match the Uthmani text. The mark should be inserted by the tool, not by hand: «۝٢١» goes between «دَكًّا دَكًّا» and «وَجَآءَ».	صُحّح	Inserted «۝٢١» between «دَكًّا دَكًّا» and «وَجَآءَ», exactly as quran.py's rebuild() produces it once fixed. I ran a patched copy in the scratchpad and pdf/quran.py itself was not edited; series-wide, only this citation changes. Tool fix needed (pdf owner): in rebuild(), words.index((v, w)) finds the first identical word, so a repeated word such as «دَكًّا دَكًّا» hides the verse end; use the absolute index i + k. Until that is done, quran.py --apply would remove the mark again.
R151	_production/التحقيق/نقول-المجلدات-٢-١١.json	1351	Ledger row م٣-٠٠٥ (Ibn Khaldūn, ف06-أ line 80) still records the old wording «إلا بطول المران وكثرة السماع» as the book's text, marked «متحقّق» with the note «طوبق المعنى». The verification found that this exception contradicts the print (Ibn Khaldūn's exception is that the first habit had not yet taken root), and the book has been corrected accordingly. Because the outcome is «meaning-verified» and not «claim-wrong», the ledger does not prefix «قبل التصحيح:». It therefore presents as verified a wording that the print contradicts and that the book no longer uses. Either change B2-84's outcome 	صُحّح	B2-84 outcome changed to claim-wrong (outcome_was kept), so the old «إلا بطول المران» wording now shows as «قبل التصحيح». Its `book` field is extended to the full current paragraph.
R152	المجلد-الثالث/الباب-الثالث/ف03-أ-الأوزان-والمصادر.md	122	The stated rule for forming the masdar of five- and six-letter verbs is wrong. «ضم الأول وكسر ما قبل الآخر» is the rule for building the passive past (استُخرِج). The masdar of verbs beginning with hamzat al-wasl is formed by giving the third letter a kasra and adding an alif before the last letter (استخرج ← استخراج، اتّصل ← اتّصال), as the chapter's own examples show.	كان قد صُحّح	Line 122 now reads «بكسر ثالثه وزيادة ألف قبل آخره».
R153	المجلد-الثالث/الباب-الثالث/ف03-أ-الأوزان-والمصادر.md	195	The trainer's key contradicts itself. It says استشارة and استضافة are on اسْتِفْعال with nothing added, «like استقبال without ta». It then contrasts them with «استشار» itself and says the ta is due to the hollow middle letter. In fact these are hollow verbs: the masdar lost its middle letter (استشوار ← استشارة) and the ta compensates for it (تاء العوض). The pattern is اسْتِفالة, not اسْتِفْعال.	كان قد صُحّح	Trainer key now explains the taa as compensation for the dropped hollow middle radical.
R154	المجلد-الثالث/الباب-الثالث/ف03-ب-النسبة-والجموع-والمعتل.md	162	The ✘ line holds two correct forms («اسعوا» for a plural, «اسعَ» for a singular), so it shows no error. The ✔ note is also wrong: in «اسعَوا» the separating alif after the waw of the plural is written but not pronounced. It is not «deleted in writing», and the book's own spelling «اسعَوا» includes it. What is dropped is the verb's final alif.	صُحّح	The ✘ line had already been fixed («اسعى…» for the singular). The scene label «(معلم لطلابه)» conflicted with the singular address, so it now reads «(معلم يخاطب أحد طلابه)».
R155	المجلد-الثالث/الباب-الثالث/ف05-أ-الأفعال-وحروف-الجر.md	56	The preposition table (lines 137–147) has nine rows, not ten. Five of them are adjectives (مسؤول، مشهور، مختلف، فخور، غاضب), not verbs. The same «عشرة أفعال» appears in chapter objective 3 (line 17) and the self-check list (ف05-ج:262).	كان قد صُحّح	«تسعة أفعال وصفات» now appears in all three places (ف05-أ:17, 56; ف05-ج:262), matching the nine-row table.
R156	المجلد-الثالث/الباب-الثالث/ف03-ب-النسبة-والجموع-والمعتل.md	285	The ta of «استشارة» is a compensation ta (عوض) for the deleted middle letter, not a root letter. «أصلية» conflicts with the chapter's sarf definition of root letters.	كان قد صُحّح	ف03-ب:285 now calls the taa «عوض من العين المحذوفة».
R157	المجلد-الثالث/الباب-الثالث/ف03-أ-الأوزان-والمصادر.md	183	The rule box states the no-ta rule absolutely, but the drill key at line 195 marks «استشارة» and «استضافة» (masdars of استفعل) as correct with ta. Learners following the box will wrongly correct them, which is the over-correction the trainer warns against (ف03-ب:518).	كان قد صُحّح	Rule box 183 now restricts the rule to «اسْتَفْعَلَ الصحيحِ العين».
R158	المجلد-الثالث/الباب-الثالث/ف03-ب-النسبة-والجموع-والمعتل.md	48	«مثال آمن» is an editorial or production remark about the writer's choice of example. It has no meaning for the learner and should not appear in the reader-facing text.	كان قد صُحّح	Label now reads «(تاريخ إسلامي)».
R159	المجلد-الثالث/الباب-الثالث/ف03-ب-النسبة-والجموع-والمعتل.md	510	The trainer plan promises «جلستان، كل منهما تسعون دقيقة», but session 1 adds up to 40 + 25 + 5 = 70 minutes. Chapters 1, 2 and 5 total exactly 90 per session.	كان قد صُحّح	The ف03-ب plan now totals 50+35+5 and 40+30+20 = 90 per session.
R160	المجلد-الثالث/الباب-الثالث/ف04-ب-الإضافة.md	412	The plan promises two 90-minute sessions, but session 1 adds up to 45 + 20 + 5 = 70 minutes and session 2 to 35 + 25 + 20 = 80.	كان قد صُحّح	The ف04-ب plan now totals 55+30+5 and 40+30+20 = 90 per session.
R161	المجلد-الثالث/الخواتيم/ثبت-المصادر.md	11	جامع الترمذي is missing from the ثبت although ف06-ب [^2] cites it: الترمذي (١٠٩١), with his grading «حسن صحيح». Base row مص-٠٣٧ does not list «المجلد الثالث». Adding it to the base alone will not be enough. The base's generic entry describes «الجزء الرابع بتحقيق إبراهيم عطوة عوض، ط١، ١٣٨٢هـ», while this volume cites ج٣, which the ledger records as edited by محمد فؤاد عبد الباقي, ط٢ ١٣٨٨هـ/١٩٦٨م. Volume 3 therefore needs an entry describing ج٣, for example through an EDITION override in pdf/thabat.py, or the generic entry needs widening. By key() order it goes after «بهاء الدين السبكي» and befo	لم يُحسم في دفعته	Tirmidhi is still missing from the vol-3 ثبت, which is generated and was not hand-edited. Generator/base change needed: add «المجلد الثالث» to base row مص-٠٣٧, and let thabat.py describe the part actually cited (ج٣، تحقيق محمد فؤاد عبد الباقي، مصطفى البابي الحلبي، ط٢، ١٣٨٨هـ/١٩٦٨م, ledger م٣-٠٠٩) through a per-volume EDITION/OUTSIDE entry or a widened base edition. Vols 4, 6 and 8 already show this ج٣/ج٤ wording, apparently by hand.
R162	المجلد-الثالث/الخواتيم/ثبت-المصادر.md	19	The entry leaves out the editor, التركي, whom ف07-ب [^2] names («ت. التركي») and the ledger records. «٢٦ أجزاء» is also ungrammatical; numbers from 11 up take the singular accusative, so «٢٦ جزءًا». The second error comes from tidy() in pdf/thabat.py, which removes «(٢٤ والفهارس)» from the base string but leaves the plural.	لم يُحسم في دفعته	The vol-3 ثبت file already has التركي and «٢٦ جزءًا» (round 1, hand-edited). The current thabat.py still regenerates the entry without the editor. Needed: an EDITION entry for الطبري/جامع البيان with «تحقيق عبد الله بن عبد المحسن التركي» (ledger م٣-٠٠٦), which also serves vols 1, 4 and 11.
R163	المجلد-الثالث/الخواتيم/ثبت-المصادر.md	18	The ثبت names the Khānjī 3rd edition (1408/1988) as the edition used and marks it «طوبق على المطبوع». The only print on which this volume's Sībawayh quotation (ف01-أ [^2], 1/34) was matched is a different one: عالم الكتب, Beirut, 3rd ed., 1403/1983. That the two editions share page numbers rests on the Shamela catalogue card, which is a digital source. Under «لا متحقّق إلا ما طوبق على المطبوع نفسه», page 1/34 should either be matched on the Khānjī scan used for م١-٠٤٥, or the edition actually seen should be named, using the ثبت's own convention for two editions. This needs a decision, so no te	لم يُحسم في دفعته	Evidence settled: every vol-3 Sibawayh citation (1/34; 4/55, 70) was seen on archive.org item 1_20220620_20220620_0955, which P-4 identifies as عالم الكتب ط٣ ١٤٠٣هـ/١٩٨٣م (title page and vol-4 imprint). The hand-edited ثبت names that edition first, but thabat.py would revert it to the Khanji 1408/1988 edition. Needed: a per-volume edition for سيبويه/الكتاب in thabat.py, because vol 1 cites the Khanji print (م١-٠٤٥). The equal page numbering of the two editions still rests only on the Shamela card.
R164	المجلد-الثالث/الباب-الثالث/ف09-أ-متى-توجز.md	86	The grammatical analysis is wrong. In «من جدّ وجد» the answer to the condition is present: it is «وجد». What is left out is the object of «وجد» (وجد ما طلب). A learner is taught a false parse. Secondary point: the same cell lists «الفاعل» among the elements that context lets you drop, but grammatically the subject is not dropped; it becomes hidden or gives way to a passive subject. The author may want to say «المبتدأ» or «المسند إليه» instead.	كان قد صُحّح	The note already reads «حُذف مفعول «وجد» لظهوره». Secondary point rejected: «حذف الفاعل» (with the passive) is standard terminology (يحذف الفاعل فينوب عنه المفعول).
R165	المجلد-الثالث/الباب-الثالث/ف08-ج-التطبيق-والتقويم.md	270	The trainer's plan for the whole chapter ('two sessions, each ninety minutes') leaves out Lesson 1 entirely: الفصيح المأنوس, the spectrum, Omar's models, guided exercise (1) and simulation (1). No other file in ch. 8 schedules them; ف08-أ has only a short trainer note. Session 1 also adds up to 50+30 = 80 minutes, not the stated 90. Every other chapter plan in this volume, ف09-ب included, schedules both lessons and totals 90 per session.	كان قد صُحّح	The ف08-ج plan now schedules lesson 1 (40+25+25 = 90; 35+30+25 = 90).
R166	المجلد-الثالث/الباب-الثالث/ف09-أ-متى-توجز.md	140	Two problems in the analysis. (1) The card gives two minutes, but the same row says the question 'deserves a full minute'. (2) Model ③ is about 40 words, roughly 20 seconds of speech, yet the analysis says it 'fills the two minutes'; line 146 says the same: «فملأ وقته المتاح كاملًا». The chapter's core skill is matching length to the situation, and the model held up as the match is about a sixth of the stated time. Learners who perform it in simulation (1) will learn the wrong length.	صُحّح	Analysis made consistent with a model of about 40 words. The ① cell is now «يستحق جوابًا مفصّلًا», the ③ cell «يفي بغرض السؤال في حدود وقته…», and line 146 «فأعطى السؤال حقه في حدود وقته المتاح…» (no longer «ملأ الدقيقتين»).
R167	المجلد-الثالث/الباب-الثالث/ف09-ب-متى-تطيل.md	86	The heading does not match its content. The second model is Maryam's apology to Ustadh Sulayman. The research-topic consultation is the extended dialogue at line 142, «الحوار الممتد: استشارة موضوع البحث». The heading was carried over by mistake and points the learner to the wrong scene.	كان قد صُحّح	Heading already reads «النموذج الثاني: مريم تعتذر عن خطئها».
R168	المجلد-الثالث/الباب-الثالث/ف09-ب-متى-تطيل.md	62	Imprecise wording in a ✔ model whose stated point is wording a ruling so it cannot be misread. In combining early (جمع التقديم), the second prayer is brought forward into the time of the first. «قدّم الأولى» literally says the first prayer is brought forward, which makes no sense and can be misread.	كان قد صُحّح	Line 62 now reads «جمعَ تقديمٍ في وقت الأولى أو جمعَ تأخيرٍ في وقت الثانية».
R169	المجلد-الثالث/الباب-الثالث/ف09-ب-متى-تطيل.md	329	Typo: two words have merged into the non-word «كلممكن».	كان قد صُحّح	Now reads «أقل عدد ممكن من الكلمات».
R170	المجلد-الثالث/الخواتيم/ثبت-المصادر.md	20	A generator artifact: «أجزاء» is appended after a count that already names its noun, and «جزءا» lacks its tanwin. Vol. 11's list was corrected for this (log row 1428), but the vol. 3 thabat and the source base still have it (قاعدة-المصادر.tsv row مص-٢٣٩; bibliography.py line 519).	لم يُحسم في دفعته	The vol-3 ثبت file already reads «٢٠ جزءًا (في ١٠ مجلدات)؛ …» (round-1 hand edit), but the current thabat.py still emits «٢٠ جزءًا (في ١٠ مجلدات) أجزاء» from base row مص-٢٣٩. Needed: fix the base row (or make tidy() drop a counted noun repeated after a count that already names it). Same caveat for the Qurtubi reprint and degree, Nawawi, Ibn al-Anbari and Ibn Khaldun entries (round-1 F214–F217), which the generator would also revert.
R171	المجلد-الثالث/الخواتيم/ثبت-المصادر.md	21	Missing space after the Arabic comma. It is inherited from قاعدة-المصادر.tsv row مص-٠٦٠ and also appears in the vol. 6 and vol. 11 lists.	كان قد صُحّح	Space present in the file; thabat.py tidy() now also emits «الثانية، ١٤١٠».
R172	المجلد-الثالث/الباب-الثالث/ف09-أ-متى-توجز.md	131	Wrong word for the meaning: suppliers (موردون) are not clients (عملاء). 'Suppliers' accounts for more than fifty clients' does not make sense for an accountant at a trading company. That is ironic in the chapter right after the one on word precision (ch. 8). Change the analysis table at line 138 to match: «(خمسون عميلًا)» → «(خمسون مورّدًا)».	صُحّح	«حسابات الموردين شهريًّا لأكثر من خمسين عميلًا» became «حسابات أكثر من خمسين عميلًا شهريًّا», so the analysis table «(خمسون عميلًا)» stays right with one edit.
R173	المجلد-الرابع/الباب-الرابع/ف03-أ-فن-الافتتاح.md	198	The hadith is set in quotation marks as a verbatim text, and line 200 says it was quoted «بنصه الدقيق» (in its exact wording). But its narrative frame («إلى النبيِّ ﷺ فسأله: مَن أحقُّ…») matches neither the verified Bukhari wording nor Muslim's. Both printed texts read «إلى رسول الله ﷺ فقال». Bukhari also has «يا رسول الله» before the question. «فسأله» appears in no version. The 2026 correction fixed only the last reply («ثم أبوك») and left the frame as it was before the correction.	كان قد صُحّح	ف03-أ l.198 already reads «جاء رجلٌ إلى رسولِ اللهِ ﷺ فقال: يا رسولَ اللهِ، مَن أحقُّ الناسِ…» (fixed in round 1, F226); no «فسأله» remains in the volume.
R174	المجلد-الرابع/الباب-الرابع/ف01-ب-الدرس-الثاني.md	19	The chapter cannot tell the learner which seven templates are meant. The table (lines 21–29) counts seven by including «خريطة الدقيقة الواحدة» and leaving out «السؤال والجواب». The subsections that follow are numbered ١–٧ without the خريطة, and they make «السؤال والجواب» the seventh (line 93). Table (أ) row ٣ uses it as a template, and the chapter summary (ف01-ج lines 308–309) lists eight: the خريطة plus seven others. Yet the chapter objective (ف01-أ:17), the lesson objective (line 9), the listening task (ف01-ج:259), the checklist (ف01-ج:275) and the trainer plan (ف01-ج:337) all ask for «القوا	كان قد صُحّح	Round 1 (F229) made the ف01-ب table list the seven templates taught in subsections ١–٧ (السؤال والجواب is no. 7; the one-minute map is lesson 1's baseline), matching the summary (ف01-ج item 3) and the objectives.
R175	المجلد-الرابع/الباب-الرابع/ف02-أ-المدخل-والدرس-الأول.md	153	The time rule contradicts the lesson's own models. One tenth of the one-minute welcome is 6 seconds. Yet the situation card allots «والافتتاح منها نحو خمس عشرة ثانية» (line 104), and the analysis table gives the successful model ③ «نحو ثماني ثوانٍ» and the excellent model ④ «نحو اثنتي عشرة ثانية» before the welcome (line 133). Both exceed the rule but are held up as the ones to imitate. ف02-ج later asks for a one-minute opening that reaches the topic «في عشرين ثانية» (ف02-ج:110), but also drills «اختصر الافتتاح إلى عُشر وقت الكلام» (ف02-ج:172).	صُحّح	Rule changed from «عُشر الوقت» to «خُمس الوقت» (ف02-أ l.153), which agrees with the card (15 s), model ③ (~8 s) and ④ (~12 s) and ف02-ج s.110; the matching drill heading in ف02-ج (exercise 5) changed likewise. The closing rule «عُشر الكلام» (ف06) is untouched.
R176	المجلد-الرابع/الباب-الرابع/ف02-أ-المدخل-والدرس-الأول.md	132	Model ② (basmala, then «أما بعد») is judged to put «أما بعد» in the wrong place «لم يسبقها ثناء», with line 139 repeating «بلا ثناء قبلها». But the chapter's placement rule says «موضعها: بعد ما يُفتتح به من بسملة أو حمدلة أو سلام… فلا تأتي في أول الكلام بلا شيء قبلها» (line 265), and the Heraclius letter (line 62) has «أما بعد» after basmala and salam with no thanā'. By line 265 and line 62, ② is correct, so the learner gets two incompatible criteria. The author should reconcile them, for example by stating the defect of ② as the missing salam and hamdala, or by narrowing line 265.	صُحّح	Reconciled the «أما بعد» criterion with line 265 and the Heraclius letter: model ②'s defect is now «جاءت بعد بسملة مجردة، ولا حاجة إليها في كلمة من دقيقة» (table and l.139); the rule (l.151 and ف02-ج summary) now says «للفصل بين الافتتاح والموضوع», and the gloss at l.261 reads «بعد ما تقدم».
R177	المجلد-الرابع/الباب-الرابع/ف05-أ-فن-الانتقال.md	364	This footnote quotes the wording of Bukhari 923 verbatim, but the ledger has no row for it. Row م٤-٠١٠ verifies only the chapter heading («باب من قال في الخطبة بعد الثناء: أما بعد») and the numbers 922–927, not the text of 923. The wording needs to be matched on the Sultaniyya print and entered in the ledger, or the quotation marks dropped.	رُدّ (ليس خطأً أو هو قرارٌ مقصود)	No text change needed: I matched the quoted wording of Bukhari 923 on the Sultaniyya scan used by ledger م٤-٠١٠ (archive.org 03-54504, file 02_54496, leaf 9 = vol.2 p.10): «فحمد الله ثم أثنى عليه ثم قال أما بعد» (margin variant 13: «وأثنى»). The ledger still needs a row for this wording via pdf/verify.py and pdf/ledger.py (evidence crops: scratchpad/r2b4/b2_923b.png, b2_923c.png, b2_923m.png).
R178	المجلد-الرابع/الباب-الرابع/ف10-أ-الاقتباس-والتضمين.md	117	The chapter judges the status of a narration here, saying it is not an established hadith, but gives no takhrij. The same judgement appears unsourced at line 46 (Sheikh Sulayman's scene), in ف10-ب line 39, and in ف10-د lines 29, 160 and 217. Sakhawi reports it as marfu' from Ali with an unknown chain, and as a saying of Mutarrif and Yazid b. Murra. That matters, because the standard requires disputed narrations to be shown in proportion and backed by a source. A print-verified source already exists in the ledger, so the missing note is a real gap.	كان قد صُحّح	Round 1 (F242) put the al-Maqasid note (2/540–542, no. 464, ledger م٦-٠٢٦) on the first mention (ف10-أ l.46, [^1]); a second marker at l.117 would be clutter.
R179	المجلد-الرابع/الباب-الرابع/ف10-أ-الاقتباس-والتضمين.md	98	This gives a fiqh-methodology ruling as settled fact. That a weak hadith is no proof for a legal ruling is broadly agreed. But «لا يجوز» extended to «أدب اجتماعي» (manners and virtues) presents one strict position as the only one. Many scholars accepted a narration that is not severely weak in فضائل الأعمال والآداب, under conditions. The standard requires disputed questions to be shown in proportion. The chapter's practical advice (the table row and مث٩) can stay as advice without the categorical ruling.	صُحّح	ف10-أ l.98 now reads «ولا يُحتجّ بالضعيف في حكم شرعي، والأسلم للمتكلم ألّا يستشهد به في غيره إلا مبيَّنًا ضعفُه»: the categorical ruling on manners becomes advice, with no new claim needing a source; the table, مث٩ and quiz 3 in ف10-د remain consistent.
R180	المجلد-الرابع/الباب-الرابع/ف10-ب-الشعر-والأمثال.md	9	A verse is quoted word for word and attributed to al-Mutanabbi, and it is offered as the model of a line «تيقنتَ من لفظه ونسبته». Yet it is not in the quotation ledger and has no source note. It appears again at line 17 (مث١٣) and in ف10-د lines 46 and 84. In a chapter whose rule is «لا تستشهد ببيت شعر إلا وأنت متيقن من لفظه ونسبته», the book's own positive example is the one poem left undocumented.	صُحّح	Matched al-Mutanabbi's verse on the print scan of Dieterici's edition with al-Wahidi's commentary (Berlin 1861, p.548; archive.org 3190pdf_202001, leaf 547), confirmed also in Dar Beirut 1403/1983 p.385, and added a note at its first occurrence (ف10-ب l.9, now [^2]); renumbered. Follow-ups outside my files: a ledger row (verify.py/ledger.py), and a source-base/OUTSIDE entry in thabat.py so the volume-4 ثبت lists the Dieterici edition (title-page data taken from the scan's reproduced title, so confirm the imprint).
R181	المجلد-الرابع/الباب-الرابع/ف10-ب-الشعر-والأمثال.md	104	The book judges the status of a narration here with no takhrij and no ledger row, and repeats it in ف10-د line 40. The phrase is in fact narrated as marfu' (al-Daylami, without an isnad, from al-Husayn b. Ali). The judgement «غير ثابتة» is correct, but the standard requires support for a claim about what the Prophet ﷺ did or did not say, and the parallel cases in this series carry a note (volume 6, «خاطبوا الناس…», م٦-٠٢٤).	كان قد صُحّح	Round 1 (F247) added the note on «الصبر مفتاح الفرج» (al-Maqasid 3/372, no. 625, print scan); ف10-د l.40 uses it as a deliberately wrong option. The ledger row is still to be added through verify.py/ledger.py.
R182	المجلد-الرابع/الباب-الرابع/ف09-أ-من-علم-البديع.md	52	The «من التراث» section states the classical order of the three sciences, and the rhetoricians' reason for it, as established fact with no source. «لا لقلة شأنه» and «تحسينًا لا تأسيسًا» are the author's reading. The textual basis is al-Qazwini's definition of علم البديع (وجوه تحسين الكلام بعد رعاية المطابقة ووضوح الدلالة), but it is neither quoted nor cited. The heritage sections of the sibling chapters each carry a source note (ف07-أ note 1 on al-Jurjani; ف08-أ note 1 citing عروس الأفراح ١/٩٠), so this one is missing a necessary note.	لم يُحسم في دفعته	A source note for the order of the three sciences (al-Qazwini's definition of البديع) needs the page of the definition in a print this volume uses (عروس الأفراح ed. Hindawi vol.2, or الإيضاح Dar al-Kitab al-Lubnani ط٦), which I did not see. Needed: that page seen on the print, then a note and a ledger row.
R183	المجلد-الرابع/الباب-الرابع/ف09-أ-من-علم-البديع.md	122	The chapter's central model of «السجع غير المتكلف» contains no saj'. The improved closing is «اتقوا الله في السر والعلن، وأقيموا الصلاة، وأصلحوا ذات بينكم، فذلك خير من كل قربة تتقربون بها». Its clause endings (العلن / الصلاة / بينكم / بها) share no final letter. By the book's own definition at line 116 («توافق الفاصلتين أو أكثر في الحرف الأخير»), that is not saj'. The same wrong claim is the climax of the dialogue in ف09-ب lines 91–92, 103 and 120–121 («أصلحوا ذات بينكم» و«خير من كل قربة» فيهما سجع خفيف). The only sound play in the sentence is the derivational echo «قربة / تتقربون».	كان قد صُحّح	Round 1 (F250) rewrote the improved closing to end «…وأصلحوا ذات بينكم، فذلك أزكى لقلوبكم», so بينكم/قلوبكم is real light saj' by the l.116 definition; ف09-ب s13–14 and improved s11–12 agree.
R184	المجلد-الرابع/الخواتيم/ثبت-المصادر.md	19	The volume-4 ثبت says the Azhariyya edition (ط٣، ١٤١٣هـ) was «طوبق على المطبوع». But every volume-4 ledger row that uses الإيضاح was matched on a different edition, and the ledger says explicitly that it is not the Azhariyya. Volume 4 quotes from al-Idah (ف05-أ note 1: «وفي الإيضاح: «حتى تكون»»), so the reader-facing apparatus claims a print match on an edition that was never seen for this volume. The same Azhariyya line recurs in the other volumes' ثبت, which suggests it comes from pdf/bibliography.py or قاعدة-المصادر (مص-١٥١), so the source base needs the same correction.	كان قد صُحّح	The ثبت .md already shows the Lebanese 6th ed. (1405/1985). But thabat.py's EDITION list still gives the Azhariyya for الإيضاح, so regenerating will revert it: the generator needs a per-volume edition for vol. 4 (I did not edit pdf/ or the generated file).
R185	المجلد-الرابع/الخواتيم/ثبت-المصادر.md	11	The footnotes cite Bukhari by hadith number (١، ١٤٦٩، ٥١٤٦، ٥٧٦٧، ٧٤٠٥). The original Sultaniyya print carries no hadith numbers: they are Muhammad Fu'ad Abd al-Baqi's numbering, printed in the Tawq al-Najat photo-reprint that was actually matched. As the ثبت describes the edition, a reader cannot locate the numbers. The فتح الباري entry in the same list does name the numbering.	كان قد صُحّح	The ثبت .md already adds Abd al-Baqi's numbering and the Tawq al-Najat reprint. The source-base row مص-٠٣١ edition field lacks it, so regeneration will drop it: add it to the base (or an EDITION entry in thabat.py).
R186	المجلد-الرابع/الخواتيم/ثبت-المصادر.md	17	This is production and verification language in the reader-facing book: it says where a catalogue datum came from. It also shows that the edition dates were taken from a digital catalogue card rather than the printed title page, while the entry is labelled «طوبق على المطبوع». The dates should be confirmed on the print's title page and the provenance phrase removed. Until then the date is not established, so no replacement text is proposed.	كان قد صُحّح	The ثبت .md no longer has «بحسب بطاقة الشاملة». But source-base row مص-٠٤٧ still carries «(الطبعة السلفية الأولى ١٣٨٠–١٣٩٠هـ بحسب بطاقة الشاملة)» and tidy() does not strip it, so regeneration will restore it: remove it from the base and confirm the dates on the title page.
R187	المجلد-الرابع/الباب-الرابع/ف09-أ-من-علم-البديع.md	136	The ledger row for this passage no longer matches the book. Its النص holds an older wording that is no longer in the text. Its status is «متحقّق», although the page cited (34) is the pagination of the Taylor & Francis e-Library PDF, as the footnote itself says («بترقيم نسخته الإلكترونية»), and the ثبت grades it «إحالةٌ عامّة». The book text is sound: it is a paraphrase marked «بتصرّف», and the content matches Ong. The ledger row needs updating (النص; status in line with the digital-copy rule).	لم يُحسم في دفعته	The book text is sound (paraphrase marked «بتصرّف»). The fix belongs to ledger row م٤-٠٣١ (update النص to the current wording, status consistent with a publisher PDF = digital copy) in نقول-المجلدات-٢-١١.json / ledger.py, which are outside this batch's files.
R188	المجلد-الرابع/الباب-الرابع/ف09-أ-من-علم-البديع.md	122	The improved closing is presented throughout as containing «سجع خفيف», but by the chapter's own definition it has none. Its فواصل are العلن / الصلاة / بينكم / بها, and the pair the Sheikh singles out (ف09-ب س١٤ l.91, improved س١٢ l.120, analysis l.103, «ماذا تغيّر» l.130) is «بينكم» against «قربة», whose last letters are م and ة. Learners are trained to hear سجع where the book's definition finds none, which undermines objective 1.	كان قد صُحّح	Duplicate of R183; resolved by round 1's بينكم/قلوبكم revision.
R189	المجلد-الرابع/الباب-الرابع/ف09-أ-من-علم-البديع.md	129	«القارئ / الناظر / الكاتب» end in ئ / ر / ب. That is a match of pattern (موازنة), not سجع in the chapter's own definition. The example sits under «السجع غير المتكلف» and labels itself سجع, which teaches the wrong identification.	كان قد صُحّح	مث١٣ now reads «…أن ينفع قارئه، ويرضي ناظره، ويؤجر عليه كاتبه» (round 1), endings agreeing in ـه.
R190	المجلد-الرابع/الباب-الرابع/ف09-ب-التطبيق-والتقويم.md	81	This is factually wrong about the text it analyses. Every clause of the draft (ربكم، بشرعكم، وقتكم، إخوتكم، ذكركم، خالقكم) ends in «ـكم», that is كاف + ميم. None of them ends in ياء. The same error recurs in the improved dialogue at l.112.	كان قد صُحّح	ف09-ب l.81 already reads «بالكاف والميم، ضميرِ الجمع».
R191	المجلد-الرابع/الباب-الرابع/ف09-ب-التطبيق-والتقويم.md	112	Same factual error as l.81: the clauses end in «ـكم» (كاف + ميم), not ياء + كاف.	كان قد صُحّح	ف09-ب l.112 already reads «انتهَتْ بالكافِ والميمِ».
R192	المجلد-الرابع/الباب-الرابع/ف09-ب-التطبيق-والتقويم.md	336	Progression problem in the trainer plan. Session 1 covers only الطباق والمقابلة, yet it includes المقارنة الأولى, whose ① model is analysed as «جناس وسجع مُقحمان», and the correction, choice and transformation exercises, most of which are about جناس and سجع (1.2, 1.3, 2.1–2.3, 3.1, 3.3, 3.4) or «متى يضر البديع» (1.4). All of these are taught only in session 2 («الجناس والسجع، ومتى يضر البديع»).	كان قد صُحّح	Round 1 moved the ف09-ب exercises to session 2, after jinas, saj' and «متى يضر البديع» are taught (timings kept).
R193	المجلد-الرابع/الباب-الرابع/ف09-ب-التطبيق-والتقويم.md	111	Anas «[يقرأ]» the same draft he reads at l.80 and that is quoted at ف09-أ l.46, where it has «إخوتكم». Here it changes silently to «إخوانِكم». Likewise «صلةِ الإخوانِ» at l.117 differs from «صلة الإخوة» used everywhere else in the chapter.	صُحّح	l.111 already read «إخوتِكم» (fixed earlier); I also harmonised l.117 «صلةِ الإخوانِ» to «صلةِ الإخوةِ», the chapter's term, which Anas is echoing from the Sheikh.
R194	المجلد-الرابع/الباب-الرابع/ف10-أ-الاقتباس-والتضمين.md	102	ASCII «...» is used instead of the Arabic ellipsis «…» at l.102 («عن فلان...»)؛»), l.127 («قال رسول الله ﷺ...»») and l.143 («ﷺ قال...»،»). A mechanical replace-all of «...» with «…» in this file is safe: it touches only author text and no verified quotation.	صُحّح	ف10-أ l.102, 127, 143: ASCII «...» → «…» (author text and constructed examples only; no verified quotation). Routed item (a) done.
R195	المجلد-الرابع/الباب-الرابع/ف10-أ-الاقتباس-والتضمين.md	1	The chapter title uses the rhetorical terms الاقتباس and التضمين, but «التضمين» never appears again in the chapter, and neither term gets a «تعريف» box as the ف09 terms do. The body speaks throughout of «الاستشهاد», and uses «اقتباس» loosely for any quotation (bank l.11 and l.20 of ف10-د, ف10-ب l.82). A learner never learns what the title's second term means.	لم يُحسم في دفعته	No determined fix without the author: retitling the chapter (it is in pdf/volumes.py/headers and cross-references) or adding definitions of الاقتباس/التضمين that would need a sourced rhetorical definition (e.g. الإيضاح) seen on the print. Needed: the author's choice of retitle vs. definition, and for the latter the page of the definition on the print.
R196	المجلد-الرابع/الباب-الرابع/ف10-ب-الشعر-والأمثال.md	37	The local definition contradicts the chunk's own usage. Here «الحديث» means only sayings with a sahih chain. Yet ف10-أ l.98 divides «الأحاديث» into صحيح/حسن/ضعيف/موضوع, the chapter speaks of «حديث ضعيف» and «حديث حسن», and the table at l.109 accepts حسن for citation. The term changes meaning within the chapter.	كان قد صُحّح	ف10-ب l.37 now defines الحديث as «ما أُضيف إلى النبي ﷺ من قول أو فعل أو تقرير، ومنه الثابت وغير الثابت…», consistent with ف10-أ.
R197	المجلد-الرابع/الباب-الرابع/ف10-ج-الحوار-الممتد.md	68	The improved model repeats the fault it is meant to cure. Yusuf replaces an unverified verse with an unverified collective attribution («عند كثيرٍ من العلماءِ»). Yet س٨ and the «ماذا تغيّر» table (l.80) say the verse was replaced by «جملة من عند الباحث».	كان قد صُحّح	ف10-ج s10 already reads «والإنصاتُ لا يقلُّ قيمةً عن الكلامِ نفسِه» with no collective attribution.
R198	المجلد-الرابع/الباب-الرابع/ف10-د-التطبيق-والتقويم.md	208	Minor progression gap. Session 1 teaches only the Qur'an and hadith lessons, yet its exercises include poetry (1.5, 2.5 on المتنبي), proverbs (2.4) and «misuse of a correct citation» (1.6). All of these are taught only in session 2 (ف10-ب).	كان قد صُحّح	Routed item (b) confirmed: ف10-د session 1 now runs only «تدريبات التصحيح والاختيار، ما يتصل منها بالقرآن والحديث»; the poetry/proverb items (1.5, 2.5 etc.) fall to «باقي التدريبات» in session 3, after the poetry lesson.
R199	المجلد-الرابع/الباب-الرابع/ف10-د-التطبيق-والتقويم.md	31	ASCII «...» is used instead of «…» at l.31, l.38 («قال الشاعر...»), l.53 («ﷺ قال...»») and l.147 («حديث حسن...)»). A replace-all of «...» with «…» in this file is safe: exercise and author text only, and the file already uses «…» at l.20.	صُحّح	ف10-د l.31, 38, 53, 147: ASCII «...» → «…» (exercise/author text only). Other volume-4 files still have about 39 ASCII «...» (mostly hesitation marks in dialogues, ف03-ب/ج, ف04-أ/ج, ف07-ب), left for the planned global typographic pass.
R200	المجلد-الرابع/الخواتيم/ثبت-المصادر.md	22	Number–noun agreement error: «٢٦ أجزاء» should be «٢٦ جزءًا». Numbers 11–99 take a singular accusative. The same list writes «١٣ جزءًا» correctly at l.17. This file is GENERATED: pdf/thabat.py tidy() (line 154, `re.sub(r"،\s*([٠-٩]+) أجزاء", lambda m: f"، {m.group(1)} أجزاء", ed)`) keeps «أجزاء» for every number except ٢. The fix belongs in that lambda (use «جزءًا» for numbers from ١١ up), then regenerate; editing the .md alone would be overwritten.	كان قد صُحّح	Fixed in the generator: thabat.py tidy() now uses counted() («٢٦ جزءًا»), and the current ثبت shows it.
R201	المجلد-الرابع/الخواتيم/ثبت-المصادر.md	12	Dates are formatted inconsistently within the list. l.12 and l.22 keep the raw Shamela-card form «١٤٢٣ هـ - ٢٠٠٣ م» (spaced هـ, hyphen), while the other entries use «…هـ / …م». This also comes from the generator: tidy() in pdf/thabat.py does not normalise the date. The fix belongs there, for example by rewriting «(\d+) هـ - (\d+) م» as «\1هـ / \2م».	كان قد صُحّح	Fixed in the generator: tidy() now normalises «١٤٢٣ هـ - ٢٠٠٣ م» to «١٤٢٣هـ / ٢٠٠٣م»; the current ثبت lines 12 and 22 show it.
R202	المجلد-الخامس/الباب-الخامس/ف01-أ-المدخل-والدرس-الأول.md	72	This hadith is quoted verbatim, with its takhrij in the footnote, but the ledger has no row for this position (vol. 5 ch. 1) and neither does نقول-المجلدات-٢-١١.json (its vol.-5 items here are only HA16–HA20). The wording and takhrij are correct. The ledger needs a row for this position; the text should not change.	لم يُحسم في دفعته	Book text and takhrij are correct (match verified row م٤-٠٢١, HA14: Bukhari 68, 1/25; Muslim 2821); no book edit. Blocked only by scope: the ledger needs a Vol-5 record for ف01-أ l.72 (new م٥ record in نقول-المجلدات-٢-١١.json, copied from HA14, then pdf/ledger.py), a _production file outside this batch.
R203	المجلد-الخامس/الباب-الخامس/ف01-ب-الدرس-الثاني.md	77	This hadith is quoted verbatim, with its takhrij (Bukhari 95), but the ledger and the vol. 2–11 quotations file have no row for this position. The text itself matches the verified wording. The ledger needs a row for this position; the text should not change.	لم يُحسم في دفعته	Book text and takhrij are correct (match verified HA5/م٣-٠١٢ and HA87/م٨-٠٤٠: Bukhari 95, 1/30); no book edit. Needs a Vol-5 record for ف01-ب l.77 in نقول-المجلدات-٢-١١.json (copied from HA5), then pdf/ledger.py; outside this batch's files.
R204	المجلد-الخامس/الباب-الخامس/ف02-أ-المدخل-والدرس-الأول.md	54	This hadith is quoted verbatim and marked muttafaq 'alayh, with a variant wording given in the footnote, but the ledger has no row for this position. The text and the footnote are correct: the Muslim wording and the book/bab were checked against the witness image. The ledger needs a row for this position; the text should not change.	لم يُحسم في دفعته	Book text and footnote are correct (match verified HA3/م٣-٠١٠ and HA7/م٤-٠٢٤: Bukhari 3567, 4/190; Muslim 2493, 4/2298); no book edit. Needs a Vol-5 record for ف02-أ l.54 in نقول-المجلدات-٢-١١.json (copied from HA3/HA7), then pdf/ledger.py; outside this batch's files.
R205	المجلد-الخامس/الباب-الخامس/ف05-ج-التطبيق-والتقويم.md	282	This is Quran (al-Isra' 23), but it appears in plain «» without ﴿﴾, without its reference, and not in Uthmani script, so it escapes the Quran rule (sapphire, never altered). It is also absent from مطابقة-القرآن.json. The exercise also asks the reader to add the book's own pause marks (/ و //) and stress to the verse. That puts non-tajwid waqf marks on Quranic text, which conflicts with the rule that the Quran is never altered.	كان قد صُحّح	Round 1 (F269) replaced the unmarked verse in the pause/stress drill with an ordinary sentence to a father («جزاك الله خيرًا يا أبي على نصيحتك، وسأفكر فيها قبل أن أقرر.»), so no verse gets non-waqf marks.
R206	المجلد-الخامس/الباب-الخامس/ف03-ج-التطبيق-والتقويم.md	241	The book gives the wrong place of articulation for qaf. Qaf is not a throat letter; the far end of the throat (أقصى الحلق) is where hamza and ha are produced. Learners are being taught the wrong sound.	كان قد صُحّح	ف03-ج l.241 now reads «تُنطق من أقصى اللسان مع ما يحاذيه من الحنك الأعلى، لا كافًا مفخمة».
R207	المجلد-الخامس/الباب-الخامس/ف04-ج-التطبيق-والتقويم.md	248	Neither «اجلس» nor «الفصل» has the letter ʿayn in it, so the learner is told to watch a sound that is not there. The two words point to jim and sad instead.	كان قد صُحّح	ف04-ج l.248 now names ʿayn in words that contain it («عادة» و«للّعب»).
R208	المجلد-الخامس/الباب-الخامس/ف05-ج-التطبيق-والتقويم.md	327	Neither «فرصة» nor «يطمئنك» has a qaf in it, so the pronunciation note does not match its examples. The emphatic letters actually in these words are sad and ta.	كان قد صُحّح	ف05-ج l.327 now reads «والقاف في «القرار» و«قد»», words that contain qaf.
R209	المجلد-الخامس/الباب-الخامس/ف05-ج-التطبيق-والتقويم.md	282	A Quranic passage is printed like an ordinary sentence: in «» quotation marks, without its vowelling and without a reference. This breaks the book's rule that the Quran is set apart («ياقوتي») and never altered, and the reader cannot tell it is a verse. The same verse appears properly in ف05-ب line 81.	كان قد صُحّح	Same position as R205: the verse was replaced by an ordinary sentence in round 1, which removes both the unmarked-verse problem and the conflict with the pause marks.
R210	المجلد-الخامس/الباب-الخامس/ف05-ج-التطبيق-والتقويم.md	402	The mastery criterion cannot be checked with the exercise it names. Exercise ٧ (تغيير المقام, lines 270–275) covers only three addressees: a shaykh, a manager and a parent. It does not include the scholar, the university president or the official. Chapter objective 6 (ف05-أ line 20), «لخمسة ممن هم أعلى منزلة», also has no exercise that covers it.	صُحّح	The criterion was already aligned in round 1 («للمخاطَبين الثلاثة»). The remaining mismatch, chapter objective 6 (ف05-أ l.20) asking for five addressees that no exercise practises, now reads «لثلاثة ممن هم أعلى منزلة», matching exercise 7. The five-addressee outcome stays the bab objective.
R211	المجلد-الخامس/الباب-الخامس/ف05-أ-المدخل-والدرس-الأول.md	97	The comparison table contradicts itself for model ③. The next row (line 98) says ③ makes the correction reach everyone («ويصل التصحيح للجميع في موضعه»), and ③ happens «أمام الجميع» (line 95) with a raised hand. The voice kept to the shaykh alone belongs to ④ (line 89: «بصوت لا يتجاوزه إلى الصف»). This muddles the chapter's rule (line 110) on when a correction should be made publicly.	صُحّح	ف05-أ l.97: model ③'s voice cell (it happens before everyone, and the correction reaches everyone) now reads «هادئ، مسموع في الحلقة بلا حدّة». The voice kept to the shaykh, which is model ④'s stage direction, moved to ④'s cell.
R212	المجلد-الخامس/الباب-الخامس/ف04-أ-المدخل-والدرس-الأول.md	19	No exercise in the chapter delivers this objective. The «تغيير المقام» exercise (ف04-ج lines 193–196) uses three speakers, and «محكمة الألسنة» (line 258) uses three. Nowhere does the learner render one message in all five voices.	صُحّح	ف04-أ objective 5 now reads «يؤدي رسالة واحدة بثلاثة من الألسنة الخمسة، ويعلّل الفرق بين صيغها». This is what «محكمة الألسنة» (أب/أم/أخ, inferring from tone and wording) and the opening scene practise; no exercise covers all five.
R213	المجلد-الخامس/الباب-الخامس/ف08-أ-التهدئة-وحفظ-الكرامة.md	155	Ledger row م٥-٠١٦ records the note in an old wording («يُعرف في أدبيات التواصل الحديث ما يُسمى «الإصغاء الانعكاسي»...») that no longer appears in the book. Its type is also given oddly as «مرجع حديث». The ledger text should be updated to the current wording; the row correctly stays «توثيقٌ ناقص». The book's own wording is sound, and footnote [^2] states «بلا رقم صفحة».	كان قد صُحّح	Ledger row م٥-٠١٦ was regenerated and now carries the current wording, with the old one in the notes. «مرجع حديث» is ledger.py's standard kind for modern references. Its edition field still names the Newman reprint; see 'extra'.
R214	المجلد-الخامس/الباب-الخامس/ف07-مخاطبة-الجمهور-العام.md	347	The model («successful») health educator gives concrete safety thresholds: two hours for cooked food here, and one hour for infant milk at line 355. They carry no source, and the chapter's own rule (line 178) forbids unsourced figures. A short source note, verified against the print of the health authority's guidance, is needed; otherwise the figures should be stated as the authority's guidance, not the book's own claim. No figure should be changed from memory.	كان قد صُحّح	Round 1 (F279) added after the improved dialogue (ف07 l.356) that the durations are an example of what the official health authority announces; no figure was altered.
R215	المجلد-الخامس/الباب-الخامس/ف07-مخاطبة-الجمهور-العام.md	363	Wrong internal cross-reference. «قراءة الحضور والتصحيح الفوري» is section «خامسًا» of Lesson 2 (line 222); «سادسًا» is the mixed audience (line 234). The lesson also has no numbered «قواعد».	كان قد صُحّح	ف07 l.365 now reads «التقنية الخامسة: قراءة الحضور والتصحيح الفوري», matching «خامسًا» under «الدرس الثاني: تقنيات الصياغة».
R216	المجلد-الخامس/الباب-الخامس/ف07-مخاطبة-الجمهور-العام.md	53	The wording matches the verified text and the takhrij is correct (a mawquf athar of Ali, given mu'allaq by Bukhari and then connected by his isnad). The only gap is that the ledger records this athar only at its ف01 position (م٥ ف٠١); this ف07 occurrence has no ledger row or position entry.	كان قد صُحّح	Ledger row م٥-٠٠١ (HA16) now gives its position as «م٥ ف٠١، ف٠٧» through the record's «also» field; the text and takhrij are unchanged and correct.
R217	المجلد-الخامس/الباب-الخامس/ف08-أ-التهدئة-وحفظ-الكرامة.md	321	The footnote cites Muslim 2609 as a second source («متفق عليه»). Ledger row م٥-٠١٤ lists only Bukhari in المؤلف/الجزء/الصفحة/رقم الحديث; Muslim appears only as an image file name in the notes. The Muslim half of the takhrij therefore has no recorded volume or page in the ledger.	كان قد صُحّح	Ledger row م٥-٠١٤ (HA29) now records both collections in its structured fields: البخاري؛ مسلم, parts ٨؛ ٤, pages ٢٨؛ ٢٠١٤, «خ ٦١١٤؛ م ٢٦٠٩».
R218	المجلد-الخامس/الباب-الخامس/ف08-أ-التهدئة-وحفظ-الكرامة.md	213	The three «أبواب» here are metaphorical ways of preserving dignity (the text says «له ثلاثة أبواب لا باب واحد»). The labels «(المجلد الأول)» «(المجلد الثاني)» «(المجلد الثالث)» appear to be a mechanical mis-conversion of the series cross-reference pattern «الباب الأول (المجلد الأول)» used elsewhere in the book. As a result they read as false cross-references to Volumes 1–3, which do not treat these three responses. Lines 215 and 217 have the same defect.	كان قد صُحّح	«(المجلد الأول)» is gone; the heading reads «الباب الأول: رفض قبول الإهانة داخليًا».
R219	المجلد-الخامس/الباب-الخامس/ف08-أ-التهدئة-وحفظ-الكرامة.md	215	This is the same mis-conversion: a false cross-reference to Volume 2 attached to the second metaphorical «باب».	كان قد صُحّح	«(المجلد الثاني)» is gone from l.215.
R220	المجلد-الخامس/الباب-الخامس/ف08-أ-التهدئة-وحفظ-الكرامة.md	217	This is the same mis-conversion: a false cross-reference to Volume 3 attached to the third metaphorical «باب».	كان قد صُحّح	«(المجلد الثالث)» is gone from l.217.
R221	المجلد-الخامس/الباب-الخامس/ف07-مخاطبة-الجمهور-العام.md	577	The session plan does not add up to the stated time. Session 1 is 15+40+15+10 = 80 minutes and session 2 is 35+30+15 = 80 minutes, but the heading says 90 minutes each. The parallel plans in ف06 and ف08-ب add up to exactly 90 per session.	صُحّح	ف07 session plan: both sessions summed to 80 against the stated 90 (the Bible's session unit, and every sibling chapter's plan). Session 1 «تدريبا التصحيح والاختيار» went from 15 to 25 minutes. Session 2's bank row now also schedules «السائل الصامت» and «محكمة الجمهور» (the trainer note covers them, but they had no time) and went from 15 to 25. Both sessions now total 90.
R222	المجلد-الخامس/الباب-الخامس/ف07-مخاطبة-الجمهور-العام.md	24	The phrase is semantically incoherent: literally «the old man whose two shoulders weighed down the hearing». The intended meaning is clearly an old man who is hard of hearing, and in the author's own prose it reads as a garbled construction.	صُحّح	ف07 l.24 «والشيخ الذي أثقل السمعَ كتفاه» → «والشيخ الذي ثقُل سمعُه». This keeps the author's «السمع» and fits the chapter's own treatment of elderly listeners (slower sentences, repetition).
R223	المجلد-الخامس/الباب-الخامس/ف08-ب-التطبيق-والتقويم.md	342	The quiz asks about a named term that the chapter never teaches. In ف08-أ (line 155) the technique is described (restating the speaker's words, «إذن أنت تقول إن…») but never named «الإصغاء الانعكاسي»; an earlier wording of that box was revised and the name dropped. The concept is tested before it is named.	كان قد صُحّح	ف08-ب quiz item 6 now reads «ما أداة الإصغاء التي وصفها روجرز وفارسون؟ ومتى تُستعمل مع الغاضب؟», matching ف08-أ.
R224	المجلد-الخامس/الخواتيم/ثبت-المصادر.md	10	The bibliography gives only the Bulaq Sultaniyya edition. The volume's footnotes cite hadith numbers (e.g. «البخاري (١٢٧)»), and that edition has none. The ledger shows the numbers follow محمد فؤاد عبد الباقي's numbering as printed in the Dar Tawq al-Najat photographic reprint. The bibliography does not say this, so a reader cannot locate the cited numbers from it. Similarly, several Muslim rows were read in the Dar al-Hadith 1412/1991 reprint, which is not mentioned. The same Bukhari entry appears in six volumes, so this is a series-wide issue.	لم يُحسم في دفعته	Real problem, but the file is generated (pdf/thabat.py) and this is series-wide. Needed: in the Bukhari source (قاعدة-المصادر.tsv مص-٠٣١ / thabat.py), after «٩ أجزاء» add «؛ وأرقام الأحاديث بترقيم محمد فؤاد عبد الباقي، كما في مصوّرتها عن دار طوق النجاة، بعناية محمد زهير بن ناصر الناصر», the wording Vol. 4's thabat already has. The Muslim entry likewise should name the photo-reprint read for some rows (دار الحديث، القاهرة، ط١، ١٤١٢هـ/١٩٩١م). Then regenerate all thabats.
R225	المجلد-الخامس/الباب-الخامس/ف09-أ-مختبر-المقام.md	32	«آذان» جمع «أُذُن» (الجارحة)، والمقصود النداء إلى الصلاة: «أذان» بهمزة قطع مفتوحة بلا مدّ.	كان قد صُحّح	ف09-أ l.32 now reads «بين أذان الفجر».
R226	المجلد-الخامس/الباب-الخامس/ف09-ج-التوليف-والتدريبات.md	83	«دعم» يتعدى بنفسه (دعمه)، فتعديته باللام خطأ في نثر النموذج الناجح ③ (وهو ليس مثال خطأ موسومًا).	كان قد صُحّح	ف09-ج l.83 now reads «اللذين دعماني».
R227	المجلد-السادس/الباب-السادس/ف01-السلام-والبشاشة-والاستماع.md	428	The chapter says, as established fact, that Aisha told the story to the Prophet ﷺ and that he listened to the end without interrupting (line 430: «استمع النبي ﷺ إلى حديث طويل حتى آخره، ولم يقطعه ليختصره»). The lesson on listening is built on this. But the verified Sahih text only has Aisha narrating the story and then «قالت عائشة: قال رسول الله ﷺ: كنت لك كأبي زرع لأم زرع». It does not say the story was told to him, or that he heard all of it without interrupting. How this hadith is framed is also a known point of dispute: some routes make the whole story the Prophet's own narration to Aisha. S	كان قد صُحّح	Round 1 (F277) rewrote ف06 ف01 l.428: «تروي فيه عائشة… وفي آخره قال لها ﷺ: «كُنْتُ لَكِ…»», with no claim that the story was told to him or that he heard it out.
R228	المجلد-السادس/الباب-السادس/ف01-السلام-والبشاشة-والاستماع.md	430	This is the inference that goes with the previous finding. It is stated as a historical fact about the Prophet ﷺ ('he did not interrupt it to shorten it'), but no verified wording of the hadith says so. It is the author's reading of the context and should be phrased as one.	كان قد صُحّح	ف01 l.430 now gives the lesson as an inference from his detail-based reply («جاء قوله ﷺ مبنيًّا على تفصيل القصة…»), not as a historical fact about uninterrupted listening.
R229	المجلد-السادس/الباب-السادس/ف04-ب-الدرس-الثاني.md	20	Three problems. (1) A hadith report (the Prophet refusing Abu Dharr the governorship) is stated as «ثبت» with no takhrij, and it has no ledger row. (2) «وردّ طلبات كثيرة» is a generalization with no support. (3) A scholar's explanation of Jabir's hadith, including the claim that he would stay silent, is stated as the settled meaning with no attribution. This is interpretation presented as established fact.	كان قد صُحّح	Round 1 (F293) gave the Abu Dharr report its takhrij (Muslim 1825, Kitab al-Imara), removed «ردّ طلبات كثيرة», and attributed the meaning to Ibn Hajar with a note quoting Fath al-Bari 10/457. Ledger records for these digitally-seen citations remain a registers task.
R230	المجلد-السادس/الباب-السادس/ف04-أ-المدخل-والدرس-الأول.md	77	The table sends the reader to Lesson Two for the principle of clear, non-wounding refusal and names «فَلْتَصْبِرْ». That word is not in Lesson Two of this chapter (ف04-ب), which rests on Jabir's hadith and «مَنْ دَلَّ عَلَى خَيْرٍ». «فلتصبر ولتحتسب» is the condolence hadith of Chapter Five (ف05-ب) and has nothing to do with refusal. The cross-reference is wrong, and a hadith word is cited for a principle it does not support.	كان قد صُحّح	The ف04-أ table row now cites «مَا سُئِلَ… شَيْئًا قَطُّ فَقَالَ: لَا» *(انظر الدرس الثاني)*; «فَلْتَصْبِرْ» is gone.
R231	المجلد-السادس/الباب-السادس/ف03-المدح-والشكر-والدعاء.md	463	The book text differs from what ledger row م٦-٠٦٨ records for this passage («كالدعاء بالعافية والتوفيق والهداية»). The current book wording is the more defensible one, since it fits al-Nawawi's al-Adhkar: guidance, bodily health and wellbeing. The ledger النص is therefore stale and should be updated to match the book.	كان قد صُحّح	Ledger row م٦-٠٦٨ was regenerated with the book's wording «كالدعاء بالهداية والعافية»; the old wording is kept in the notes.
R232	المجلد-السادس/الباب-السادس/ف03-المدح-والشكر-والدعاء.md	702	A drafting self-correction was left in the printed text: the author writes «الضاد» and then corrects himself with «… بل الصاد فيها». The reader sees a slip and its repair inside the author's own instruction.	كان قد صُحّح	ف03 l.702 now reads «وميّز بين الصاد في «فَصْلٍ» و«أَصْدَقَ» والسين…» with no visible self-correction.
R233	المجلد-السادس/الباب-السادس/ف05-ج-التطبيق-والتقويم.md	39	The congratulation for a newborn used in models ③ and ④ («بارك الله لك في الموهوب، وبلغ أشده، ورزقك بره») is called a «prophetic» du'a here and again at line 47 («الدعاء النبوي المحدد»). The chapter gives no marfu' source for it: ف05-ب line 41 presents it without attribution or footnote. Calling it «نبوي» silently upgrades an unsourced formula to hadith status.	كان قد صُحّح	The ف05-ج table now reads «دعاء مأثور محدد» for ③ and ④.
R234	المجلد-السادس/الباب-السادس/ف05-ج-التطبيق-والتقويم.md	47	This repeats the unsourced «نبوي» label for the newborn congratulation formula.	كان قد صُحّح	ف05-ج l.47 now reads «الدعاء المأثور المحدد».
R235	المجلد-السادس/الباب-السادس/ف05-ج-التطبيق-والتقويم.md	255	A line has been appended to the verified hadith text in the voice exercise. It garbles the known wording «الصبر عند الصدمة الأولى» into «أَنَّ الصَّبْرَ أَوَّلُ الصَّدْمَةِ», which says «patience is the first of the shock». The line also switches addressee: «فلتصبر» is third-person feminine, «واعلم» second-person masculine. The reader cannot tell a transmitted wording from the author's addition.	كان قد صُحّح	The appended line «وَاعْلَمْ أَنَّ الصَّبْرَ / أَوَّلُ الصَّدْمَةِ» is gone; the voice drill ends at «فَلْتَصْبِرْ / وَلْتَحْتَسِبْ».
R236	المجلد-الثامن/الباب-الثامن/ف02-ج-التطبيق-الختامي-والتقويم.md	156	The quiz tells the learner to ground «question, not direct negation, toward an elder» in the Ibn ʿAbbās report. In that report Ibn ʿAbbās answers ʿUmar with a direct «لا». The book itself (ف02-أ, line 57) draws a different lesson from it: he did not speak until asked, then answered precisely even against the others. So the question misstates what the source says. «بن» should also be «ابن», since it does not stand between two names.	كان قد صُحّح	Round 1 (F009) rewrote quiz Q3 to tie the question-not-negation rule to Dr Yusuf's objection to Dr Salih (ف02-أ, الموقف الثاني), whose model ③ is a question. The Ibn ʿAbbās reference and «بن» are gone.
R237	المجلد-الثامن/الخواتيم/ثبت-المصادر.md	10	The edition does not match the page cited. Footnote [^1] in ف03-أ quotes al-Albānī's «حسن» at 3/189. The page actually seen is from the 3-volume Maktabat al-Maʿārif edition (Riyadh, 1419/1998), not the Gharās edition (Kuwait 1423/2002, 8 parts) listed here. The grade label «إحالةٌ عامّة» is also wrong: this is a verbatim grading seen in print. The entry comes from قاعدة-المصادر مص-٠٥٧ (Shamela card 25881), so fix it there and check volume 6's citations, which share the entry.	لم يُحسم في دفعته	The vol-8 .md already shows the Maʿārif edition (1419/1998, 3 vols) and «طوبق على المطبوع» through a round-1 hand edit, but thabat.py output still gives Gharās/«إحالةٌ عامّة», so a regeneration will revert it. Needed: مص-٠٥٧ (or an EDITION override for الألباني، صحيح سنن أبي داود) set to «مكتبة المعارف للنشر والتوزيع، الرياض، الأولى للطبعة الجديدة، ١٤١٩هـ / ١٩٩٨م، ٣ مجلدات». degree() must also see the print-matched series rows (H2-299/H2-306); vols 6 and 11 share the entry.
R238	المجلد-الثامن/الخواتيم/ثبت-المصادر.md	12	This volume's source list describes the one Tirmidhi part that volume 8 never cites, and leaves out the two parts it does cite. Volume 8 cites Tirmidhi 1091 and 1105 (Part 3, ed. Muḥammad Fuʾād ʿAbd al-Bāqī, 2nd ed. 1388/1968) and 3433 (Part 5, ed. ʿAwaḍ, 2nd ed. 1395/1975). No volume-8 note cites Part 4. Tirmidhi 2725 (كتاب الاستئذان) also appears to fall in Part 5, but that should be confirmed. The entry is copied from قاعدة-المصادر مص-٠٣٧, which serves all volumes.	لم يُحسم في دفعته	The vol-8 .md shows parts 3 and 5 (round-1 hand edit). The generator still emits the shared string (duplicated title «الجامع (سنن الترمذي)، …», part 4 only). Needed: a per-volume Tirmidhi EDITION in thabat.py. Vol 8: part 3 (ʿAbd al-Bāqī, ط٢ ١٣٨٨هـ/١٩٦٨م) and part 5 (ʿAwaḍ, ط٢ ١٣٩٥هـ/١٩٧٥م), per ledger م٣-٠٠٩/م٨-٠١٢/م٨-٠١٤. Part 4 stays only if Tirmidhi 2725 is shown to sit in it; that has not been checked on the print.
R239	_production/التحقيق/سجل-النقول.tsv	364	Ledger row م٨-٠٠٨ is marked «متحقّق», but it records Tahdhīb 1/53 as the source. After correction, the book's wording comes from al-Majmūʿ (ed. al-Muṭīʿī) 1/54, which Tahdhīb does not contain word for word. Al-Majmūʿ appears in this row only as a scan file name, not in the source, edition or page columns. The النص المقارن column is empty, so the row cannot be used to check the printed wording.	صُحّح	D2-308 (م٨-٠٠٨) now gives al-Majmūʿ (ed. al-Muṭīʿī, Maktabat al-Irshād) 1/54 as the primary source, with Tahdhīb 1/53 second. The page, title page and archive.org scan (MagmNawawi, magm01.pdf) were seen. The print reads «وودت» (a misprint); the row is now «متحقّق مع اختلاف رواية» and declares this.
R240	المجلد-الثامن/الخواتيم/ثبت-المصادر.md	23	The grade label is wrong. The source list defines «إحالةٌ عامّة» as a reference with no verbatim quotation. Footnote [^1] in ف04-أ quotes Ḥilya 9/118 word for word, and that page was seen in print. The al-Majmūʿ entry (line 24) has the same problem: its 1/54 wording is quoted verbatim in the main text and was seen in the scan.	لم يُحسم في دفعته	The vol-8 .md shows «طوبق على المطبوع» for Ḥilya and al-Majmūʿ (round-1 hand edit); the generator still outputs «إحالةٌ عامّة». Cause: degree() iterates only ledger.ROWS (the vol-1 rows), so series ids put in ON_PRINT (D2-227 Ḥilya 9/118, D2-308 al-Majmūʿ 1/54) are never consulted. Needed: degree() must also consult ledger.series_rows()/SCANNED.
R241	_production/التحقيق/سجل-النقول.tsv	374	Several verbatim quotations in volume 8, chapter 5 have no م٨ ledger row. They are Abū Dāwūd 2130 / al-Tirmidhī 1091 (ف05-أ), Bukhari 1240 / Muslim 2162 (ف05-ب), the «الموهوب» formula (ف05-أ) and the ruqya dua (ف05-ب). They are covered only by rows for other volumes (م٣-٠٠٩, م٦-٠٦٥, م٣-٠٠٧) or only in part (م٣-٠١٤/٠١٥). The Ḥilya wording quoted in ف04-أ [^1] has only meaning-level rows (م٦-٠٠٩, م٧-٠٠٦), not a verbatim one. The hadith texts that are there match their verified wordings; the gap is that the volume-8 ledger does not record them.	صُحّح	Five new م٨ rows (م٨-٠٤٤…٠٤٨): Abū Dāwūd 2130/Tirmidhī 1091, the «الموهوب» formula (Adhkār 453), Bukhārī 1240/Muslim 2162, the ruqya dua (Bukhārī 5675), and the Ḥilya 9/118 wording in ف04-أ [^1]. Each wording was matched today on the print scans. Stale م٨-٠١٨ (HA109) was also updated to the book's «وكلٌّ عنده».
R242	المجلد-الثامن/الباب-الثامن/ف02-ج-التطبيق-الختامي-والتقويم.md	188	The mastery criterion asks for 8 of 10 situations from the situation bank, but this chapter's bank has only eight (heading on line 9: «بنك المواقف: ثمانية مواقف»). As written, the criterion cannot be met. The wording seems copied from ف01-د, whose bank has ten.	صُحّح	The mastery criterion now reads «في سبعة مواقف من ثمانية»: the bank has eight situations, and 7/8 is the smallest count that keeps the original ≥80% bar.
R243	المجلد-الثامن/الباب-الثامن/ف03-أ-المدخل-وحوار-اللقاء-الأول.md	17	The chapter never delivers this objective. Nothing in ف03-أ/ب/ج (exercises, pair and group work, recording task, real-world task, self-check list, quiz, mastery criteria) asks the learner to build a speaking plan for the first month. The chapter teaches observation before initiative only as principles and examples (مث٩، مث١٤، «متى تتغير القاعدة»).	صُحّح	Objective 2 (first-month speaking plan) is now practised and assessed. The real-world task asks for a week-by-week plan in which observation comes before initiative, and a matching mastery-criterion bullet was added.
R244	المجلد-الثامن/الباب-الثامن/ف03-أ-المدخل-وحوار-اللقاء-الأول.md	46	The opening scene gives the key rebuke to الأستاذ إبراهيم. Line 50 promises to replay «هذا اللقاء نفسه… كما وقع», but in that replay (س١١, line 100) the director says it: «لكل مكان تجربته يا يوسف. خذ وقتك…». A learner comparing the two versions of "the same" meeting meets a changed speaker.	كان قد صُحّح	The opening scene already gives «لكل مكان تجربته…» to the director (round 1, F014), matching س١١.
R245	المجلد-الثامن/الباب-الثامن/ف03-ب-مقارنتان-وتطبيقات.md	64	«أحد» is nominative, so it is the subject of يجد, and the clause says "if no one other than me finds [something]". The intended meaning is "if no one else is available". Model ② is meant to be pragmatically weak, not linguistically wrong. The same phrase is quoted on line 73 («إن لم يجد أحد غيري» تُفهم فتورًا) and line 79, and both need the same change.	صُحّح	«إن لم يجد أحد غيري» → «إن لم يوجد أحد غيري» in model ② and in both quotations of it (table, analysis). The weak tone is kept; the grammar error is removed.
R246	المجلد-الثامن/الباب-الثامن/ف04-ب-مناقشة-الرسائل.md	52	The thesis changes size between models. Model ② has four chapters, while model ① of the same researcher (رقية) says «فصول الرسالة الخمسة» (line 48), and the extended dialogue in ف04-ج says «خمسة فصول» and «فصولها الخمسة» (lines 27, 47).	صُحّح	Model ② now has five chapters, like ① and ف04-ج: «وفي الثالث والرابع الدراسة التطبيقية، وفي الخامس النتائج». No new chapter content was invented, and ③'s 'result in chapter 3' stays consistent.
R247	المجلد-الثامن/الباب-الثامن/ف05-أ-المدخل-والتهنئة-والتعزية.md	96	Both graded models in this lesson (the congratulation, line 96, and the condolence, «البقية في حياتك…», line 146) give no «لماذا قُبل الثاني ولم يبلغ الغاية؟» explanation. They go straight from ① to ③. Every other graded ①②③ model in الباب الثامن (ف01-أ/ب, ف02-أ/ب, ف03-ب, ف04-أ/ب) explains ②. Without it, the learner is not told what keeps ② short of ③.	صُحّح	Added «لماذا قُبل الثاني ولم يبلغ الغاية؟» to both ف05-أ graded models. Birth: brief and free of prying, but only a general blessing. Condolence: prays for the deceased but omits the prayer of patience for the family, the second half of the lesson's own rule.
R248	المجلد-الثامن/الباب-الثامن/ف05-ب-عيادة-المريض-والزيارة.md	40	The sick-visit graded model also has no explanation for model ②. Lines 46–48 explain ① and ③ only.	صُحّح	Added the ② explanation to the sick-visit model: brief, with a prayer for healing, but no offer of concrete help, the third element of the lesson's rule.
R249	المجلد-الثامن/الخواتيم/ثبت-المصادر.md	10	Dates are formatted in four ways in one list: «١٤٢٣ هـ - ٢٠٠٢ م» (lines 10, 20: spaced, with a Latin hyphen), «١٣٨٢هـ/١٩٦٢م» (12), «١٣٥٧هـ / ١٩٣٨م» (19, 23), «١٣١١ هـ» (11), and «١٤٠٩هـ» (13). The file is generated by pdf/thabat.py from book/_production/المصادر/قاعدة-المصادر.tsv, which carries catalogue strings verbatim, so an edit to the .md would be overwritten. The dates should be normalized in the generator or the base.	كان قد صُحّح	The vol-8 thabat dates are now uniform («١٤١٩هـ / ١٩٩٨م» etc.), and thabat.py tidy() itself normalises date pairs, as confirmed by simulating the generator. Remaining generator residue: Latin hyphens «صيدا - بيروت», «دار ابن الجوزي - السعودية», «دار الكتب المصرية - القاهرة». The vol-8 .md is hand-fixed for these; tidy() should turn them into «، ».
R250	المجلد-التاسع/الباب-العاشر/ف02-أ-الدرس-التجريبي.md	157	A grammatical claim is stated as fact inside the model lessons offered as successful and elevated. Line 153 (③) says «إذن نعرف المضارع بزمنه لا بطوله», and this line (④) says «العلامة زمن الوقوع لا شكل الحرف» and «الفرق بينهما فرق زمن لا فرق معنى». Classical Arabic grammar identifies the مضارع by its form: the prefixes أنيت and taking لم. Time cannot be the criterion, because the مضارع after لم refers to the past. Teaching time as 'the single sign that suffices in all sentences' contradicts the grammatical tradition, with no source and no qualification. Line 128 ('لا بشكله فقط') is softer, but	صُحّح	Rewrote the mudāriʿ criterion across the model lesson. ③ now says «نعرف المضارع بزمنه، وبحرف من أحرف المضارعة في أوله». ④'s «علامة واحدة تكفيكم في كل الجمل» is now acceptance of «لم» (pupil: «لم أكتبْ»), keeping the convert-to-past step (the mudāriʿ accepts لم, the past does not). مث١٢ reads «بقبوله 'لم' لا بزمنه وحده». The analysis table stays valid as written.
R251	المجلد-التاسع/الباب-العاشر/ف01-أ-بناء-الجواب.md	120	The text now carries two verbatim fragments in guillemets, but the ledger has not been updated to match. Ledger row م٩-٠٠١ still records the old paraphrase («وقد ذكر بعض المفسرين…») under الصيغة «نص», and its note says «طوبق المعنى، والمتن يحكيه بتصرّف». Its النص المقارن ends before the second fragment, so «لما فيه من تزكية ومراءاة» appears nowhere in the ledger's Arabic comparison text; it appears only in the English summary in نقول-المجلدات-٢-١١.json. That fragment is also al-Māwardī's wording as quoted by al-Qurṭubī (footnote 1 says «والقول الأخير للماوردي»), while the ledger names only al-	لم يُحسم في دفعته	Book text is correct and unchanged. The ledger النص column now shows the current wording, but row م٩-٠٠١ still needs: (a) النص المقارن extended through 9/217 «[الرابعة] … قال الماوردي: وليس هذا على الإطلاق في عموم الصفات، ولكنه مخصوص فيما اقترن بوصله، أو تعلق بظاهر من مكسب، وممنوع منه فيما سواه، لما فيه من تزكية ومراءاة» (seen in this session on scan D1/338_qurtubi_yusuf.jpg); (b) a note that the second fragment is al-Māwardī quoted by al-Qurṭubī, replacing «طوبق المعنى، والمتن يحكيه بتصرّف». This is pdf/ledger.py work, outside this batch.
R252	المجلد-التاسع/الباب-العاشر/ف02-ب-المقابلة-الأكاديمية.md	169	This contradicts chapter 1 of the same part. There, «أنا شغوف بـ…» is listed under «الترجمة الحرفية» (ف01-أ line 241, alternative «أحب هذا العمل…»), and «شغوف» is called «ترجمة» (ف01-أ lines 399 and 501, and ف01-ب line 617). Here «شغف» is recommended as the exact equivalent of passion. The reader gets two opposite rulings on the same word.	كان قد صُحّح	Line 169 no longer offers «شغف» as the exact equivalent of «passion» (round 1, F028).
R253	المجلد-التاسع/الباب-العاشر/ف02-أ-الدرس-التجريبي.md	157	The 'elevated' model ④, which learners are told to imitate, teaches a wrong grammatical rule. It says the مضارع is recognised by when the action happens, not by its form. In fact the مضارع is defined by its form (a prefix from أحرف المضارعة, and accepting لم/لن), and its time can change: «لم يكتبْ» refers to the past. The same line adds «الفرق بينهما فرق زمن لا فرق معنى», but time is part of meaning. Line 153 (③) says «نعرف المضارع بزمنه لا بطوله», and line 128 says «لا بشكله فقط».	صُحّح	Fixed together with R250: ④ no longer says «العلامة زمن الوقوع لا شكل الحرف».
R254	المجلد-التاسع/الباب-العاشر/ف02-أ-الدرس-التجريبي.md	153	«لا بطوله» (not by its length) has no clear meaning, since no length criterion was ever mentioned. It also repeats the time-only definition that grammar does not support.	صُحّح	Fixed together with R250: «بزمنه لا بطوله» replaced (see R250).
R255	المجلد-التاسع/الباب-العاشر/ف02-ب-المقابلة-الأكاديمية.md	232	Production language in the book text. «المشروع» refers to the authoring project and its specification, not to anything the reader knows.	كان قد صُحّح	Line 232 already reads «التي تميّز المتكلم الرفيع».
R256	المجلد-التاسع/الباب-العاشر/ف04-أ-المدير-وموظفوه.md	60	The wording matches a verified text (Bukhari 750). But the ledger has no row for this position (م٩ ف٠٤). Its only rows for this hadith sit under م٣ ف٠٧ (volume 3). So this occurrence is not recorded in the ledger.	لم يُحسم في دفعته	Book text and note (Bukhari 750, كتاب الأذان) are correct and unchanged. Needed: an م٩ ف٠٤ ledger row (pdf/verify.py ITEMS + pdf/ledger.py ROWS) built from verified م٣-٠١٣/م٣-٠١٦ (Sultaniyya 1/150, no. 750). Outside this batch.
R257	المجلد-التاسع/الباب-العاشر/ف04-ب-الموظف-المخطئ.md	24	The wording matches the verified printed text of Muslim 55 (only punctuation differs). But this position has no ledger row. The only row for this hadith is at م٧ ف٠٧.	لم يُحسم في دفعته	Book text and note (Muslim 55) are correct and unchanged. Needed: an م٩ ف٠٤ ledger row built from verified م٧-٠١٥ (ʿAbd al-Bāqī 1/74, no. 55). Outside this batch.
R258	المجلد-التاسع/الباب-العاشر/ف04-ج-التطبيق-والتقويم.md	194	The trainer's plan («جلستان، كل منهما تسعون دقيقة») gives lesson 1 only a 15-minute «مراجعة سريعة». Lesson 1 is never actually taught: its objectives, the change-announcement models ①–④, the dean-and-students models, the four applications, التدريب الموجّه (١) and المحاكاة (١) get no time. The trainer plans in ف02-ج and ف03-ج schedule every lesson in full. Lesson 2 gets 40 minutes plus practice.	صُحّح	The trainer plan now has three 90-minute sessions. A new first session teaches lesson 1 in full (opening and heritage, announcements and change models, praise, delegation, the dean models and applications, guided practice (1) and simulation (1)). The author's lesson-2 rows are kept unchanged as sessions 2–3.
R259	المجلد-التاسع/الخواتيم/ثبت-المصادر.md	10	This volume cites al-Tirmidhi only for hadith 3433 (كفارة المجلس, note [^3] in ف03-ب-إدارة-الاجتماع.md), which is in volume 5 of the Halabi edition and was checked against the 2nd printing (1395/1975). The entry here describes volume 4 in its 1st printing (1382/1962). So the edition and part named in this volume's ثبت are not the ones that were checked. The text is a shared EDITION string that thabat.py applies to every volume, and the source base (مص-٠٣٧) says only volume 4 was approved. The line claims «طوبق على المطبوع» for a part this volume never uses.	لم يُحسم في دفعته	Generated file, not hand-edited. The vol-9 thabat (identical to current generator output) gives Tirmidhi part 4, ط١ 1382/1962, with the duplicated title. Vol 9 cites only 3433 (part 5, ط٢ ١٣٩٥هـ/١٩٧٥م, ledger م٤-٠١١/م٨-٠١٤). Needed: a per-volume Tirmidhi EDITION in thabat.py, then «python3 pdf/thabat.py 9». The round-1 hand edit was overwritten by regeneration.
R260	المجلد-التاسع/الخواتيم/ثبت-المصادر.md	8	The subtitle says this list covers «ما أُحيل إليه في حواشي هذا المجلد», but صحيح البخاري and صحيح مسلم are missing. Both are cited in this volume's notes and both are verified in print: البخاري ٦٢٨٨ in ف03-ب note [^2], البخاري ٧٥٠ in ف04-أ note [^1], مسلم ٢٦٩٩ in ف02-ب note [^1], and مسلم ٥٥ in ف04-ب note [^1]. The cause is in the source base: its «المجلدات» column for مص-٠٣١ (البخاري) and مص-٠٣٣ (مسلم) lists volumes 1–8 only. The fix belongs there, followed by a rerun of pdf/thabat.py 9. The entries should not be written in by hand.	لم يُحسم في دفعته	Generated file, not hand-edited. Bukhari and Muslim are still missing from the vol-9 thabat; round-1 hand additions were overwritten. Needed: add «المجلد التاسع» to المجلدات of مص-٠٣١ and مص-٠٣٣ in قاعدة-المصادر.tsv and rerun thabat.py 9.
R261	المجلد-التاسع/الخواتيم/ثبت-المصادر.md	12	Al-Qurtubi is graded «إحالةٌ عامّة», meaning cited with no quoted text. But this volume's note (ف01-أ [^1], ٩/٢١٥–٢١٧) is recorded in the ledger as checked against a scan of the print, so the grade should be «طوبق على المطبوع». The cause is degree() in thabat.py: it looks the row up in ledger.ON_PRINT, and no م٩ row is in that set. The entry also carries a copied catalogue card that says «أجزاء» twice («٢٠ جزءا (في ١٠ مجلدات) أجزاء»).	لم يُحسم في دفعته	Generated file, not hand-edited. Al-Qurṭubī is still «إحالةٌ عامّة» with «٢٠ جزءًا (في ١٠ مجلدات) أجزاء». Needed: degree() must consult series rows in ON_PRINT (D1-338 = م٩-٠٠١), and an EDITION/tidy fix for the card. The same defect is back in vol 7's thabat (round-1 F321–F324/F329 hand edits were overwritten).
R262	المجلد-التاسع/الخواتيم/ثبت-المصادر.md	12	The entry has several text faults: «أجزاء» repeats what «٢٠ جزءا» already says; «جزءا» is missing its tanwin (the book writes «جزءًا»); and «الثانية … ١٣٨٤ هـ - ١٩٦٤ م» uses a different format from the Tirmidhi entry in the same list («ط١، ١٣٨٢هـ/١٩٦٢م»), with a Latin hyphen as separator. The identical string appears in the source lists of Volumes 3, 6 and 7, so it probably comes from pdf/bibliography.py. Fix it at the generator and regenerate rather than hand-editing.	لم يُحسم في دفعته	Generated file, not hand-edited. tidy() now fixes the tanwin and the date pair. Still wrong: the trailing «أجزاء» after «(في ١٠ مجلدات)» and «دار الكتب المصرية - القاهرة». Needed: a tidy() rule or an EDITION entry (also affects vols 3, 6, 7, 11), then regenerate.
R263	المجلد-العاشر/الباب-الثالث-عشر/ف03-أ-الملف-الصوتي-ومشروع-التخرج.md	149	الإحالة لا تقع على ما تدّعيه. أهداف الباب في الفاتحة (00-فاتحة-الباب-الثالث-عشر.md الأسطر ٢١–٢٦) ليس فيها معيار «ثلاثة مواقف مفاجئة بثمانين من مئة». فيها «بتقدير مقبول فأعلى» ومتوسط «خمس وسبعين». والإحالة نفسها مكررة في ف01-ج-التطبيق-والتقويم.md السطر ١٨٨، وفي ف03-ج-التطبيق-والتقويم-والخاتمة.md السطر ٢٤٨، وهناك بلفظ «الذي افتُتح به هذا الباب». وينسب النص المعيار أيضًا إلى «دليل المستويات» دون تحديد موضع. فإما أن يُضاف المعيار إلى أهداف الفاتحة، وإما أن تُصحَّح الإحالات الثلاث إلى الموضع الذي يرد فيه فعلًا.	كان قد صُحّح	The criterion now exists as objective 7 in the bab-13 opening (round 1, F037). The remaining ghost attribution to an unprinted «دليل المستويات» was removed in ف01-ج:188, ف03-أ:149 and quiz ف03-ج:219 (logged under extra).
R264	المجلد-العاشر/الباب-الثالث-عشر/ف03-أ-الملف-الصوتي-ومشروع-التخرج.md	50	صف السجل م١٠-٠٠٩ لا يطابق النص الحالي. فعمود «النص» فيه ما زال يحمل الصيغة القديمة غير المنسوبة («من المسلَّمات في علم اكتساب المهارات…»)، والمتن صار الآن ينسب القول صراحةً إلى إريكسون وزميليه. وحالة الصف «توثيقٌ ناقص»: قُرئ النص في نسخة مُعاد جمعها لا في المطبوع، ولم تُحدَّد صفحة. والحاشية [^1] تذكر النطاق ٣٦٣–٤٠٦ و«بتصرّف»، وهذا مقبول، لكن المطابقة على المطبوع لم تكتمل بعد. والمطلوب تحديث عمود «النص» في الصف ليطابق المتن، وإبقاء الحالة ناقصة حتى تُطابق الصفحة ٣٦٧ على المجلة نفسها. ولا يلزم تغيير المتن.	كان قد صُحّح	Ledger م١٠-٠٠٩ النص now carries the current Ericsson wording; status stays «توثيقٌ ناقص», as proposed. Its ملاحظات still says «بلا صفحة محدّدة» while الصفحة gives pinpoint 367; a cosmetic ledger note for the coordinator.
R265	المجلد-العاشر/الباب-الثالث-عشر/00-فاتحة-الباب-الثالث-عشر.md	7	This is the thirteenth door, so only twelve came before it. The next paragraph lists them from the second to the twelfth, and ف02-أ and ف03-أ both say «اثني عشر بابًا».	كان قد صُحّح	The opening already reads «الأبواب الاثني عشر».
R266	المجلد-العاشر/الباب-الثالث-عشر/ف03-أ-الملف-الصوتي-ومشروع-التخرج.md	149	The Malaka level is level 13, not 12. The door heading says «(المستوى ١٣)», and ف03-ج line 219 says «المستوى الثالث عشر كاملًا (الملكة)».	كان قد صُحّح	The line already reads «ومستوى الملكة (الثالث عشر)».
R267	المجلد-العاشر/الباب-الثالث-عشر/ف03-ج-التطبيق-والتقويم-والخاتمة.md	248	The mastery criterion (three surprise situations at 80/100 or more) is said to be stated in the door's objectives and to open the door. The opening does not contain it: objective 4 there asks for «مقبول فأعلى» and objective 6 for an average of 75. The same cross-reference appears in ف01-ج line 188 and ف03-أ line 149. The learner is sent to a criterion that does not exist where the text points.	كان قد صُحّح	Same as R263: objective 7 now states the criterion; the «دليل المستويات» attributions were removed.
R268	المجلد-العاشر/الباب-الثالث-عشر/ف01-ب-سلم-الارتجال-والحوار-الممتد.md	106	The same person is named «مقدمة الحفل» here and in the table (lines 125, 126, 133) but «منظمة الحفل» on line 109 and in models ③ and ④ («ستعود منظمة حفلنا»). The learner cannot tell whether one person or two are meant.	كان قد صُحّح	Round 1 (F040) harmonised the absent person as «مقدمة الحفل» on line 109 and in models ③④ («مقدمة حفلنا»).
R269	المجلد-العاشر/الباب-الثاني-عشر/ف02-ب-التحفظ-والسؤال-الحساس.md	404	The citation checks out against the printed text (Grice 1975, pp. 49–50), but the quotation ledger has no row for it. The only Grice row (م١-١٤٣) covers a different claim, the four maxims, on pp. 45–46. The Goffman note [^1] at line 224 likewise has no row for this position; its source and page are recorded only for volume 6 (row م٦-٠٧١, p. 5). Under the project rule every new citation must be entered in the ledger (ITEMS/ROWS, then ledger.py), and at present these two are verified only in the working JSON.	لم يُحسم في دفعته	Book text correct and unchanged. Needed: م١٠ ledger rows for Grice 1975 pp. 49–50 (scan T1/378_grice_p49_50.jpg) and for Goffman at this position (p. 5, scan T1/230_goffman_p5.jpg), via pdf/verify.py ITEMS + pdf/ledger.py ROWS, with the editor choosing the status. Outside this batch.
R900	المجلد-الثاني/الباب-الثاني/ف03-ج-التطبيق-والتقويم.md		In the first dialogue the pronunciation errors (النذرية، عردتَ، حاظرة، ملاحزاتي) are spoken by Dr. Khadija while the analysis attributes them to Yusuf (the learner). Decision: the learner makes the errors; correct the speaker labels (or the analysis) so dialogue and analysis agree, with the teacher speaking correctly.	صُحّح	In the ف03-ج first dialogue Yusuf now makes all the errors (نذرية، عردتُها، حاظرة، ملاحزات) and Dr. Khadija speaks correctly. His comic line «أنا لم أنذر شيئًا» is kept by having her echo his word. Analysis, line ranges, discussion question, «ماذا تغيّر؟» table and improved s8–s9 («حاضرة» now Yusuf's) were updated to match.
R901	المجلد-الثاني/الباب-الثاني/ف12-ب-التطبيق-والتقويم.md		The diagnostic text is about 114 words while the mastery criterion (and the bab opening, 00-فاتحة-الباب-الثاني.md) say «مئة وخمسين كلمة». Decision: state the real length (count the words exactly; e.g. «نحو مئة وخمس عشرة كلمة») wherever the figure appears in Volume 2.	صُحّح	Diagnostic text counted: 114 words. ف12-ب states «مئة وأربع عشرة كلمة»; the exit statements in فاتحة l.41, ف08-ب l.293, ف09-ب l.270, ف10-ب l.326 now say «نحو مئة وخمس عشرة كلمة». STILL 150 outside this batch: ف01-ب:348, ف02-ب:338, ف05-ج:352, ف06-ب:350, ف07-ب:308, and the series level standard in 03-المستويات-والمخرجات.md:75,85, Vol 1 الافتتاحية/18:17, ملحق-ز-أدوات-التقويم-٢:93. ف10-ب:322 (dividing a 150-word text into breath units) is a separate task and was left.
extra-2				صُحّح	Coordinator additions: Vol. 4 rows م٤-٠٣٢…٠٣٤ (Bukhārī 923; al-Mutanabbī in Dieterici p.548, whose imprint comes from a reproduced title page; al-Maqāṣid 3/372), all on print-scan crops now under مصوّرات/المجلدات-٢-١١/R2E. م٤-٠٣١ (Ong) set to «توثيقٌ ناقص» as a publisher PDF. Vol. 3 M1-78/M1-80 now kept as rows م٣-٠٢٦/٠٢٧, moved to the JSON end so existing IDs do not shift. م٩-٠٠١ compared text extended through 9/217 with the al-Māwardī note. New rows م٩-٠٠٧/٠٠٨ (Bukhārī 750, Muslim 55) and م١٠-٠١٠/٠١١ (Grice 49–50, Goffman p.5; both scans of printed pages, so «متحقّق»). The م١٠-٠٠٩ note is co
