الملف (قبل النقل)	السطر	قبل	بعد	السبب	المرات
الملاحق/ملحق-ز-أدوات-التقويم.md	1	# ملحق ز: أدوات التقويم⏎⏎## مقدمة: كيف تستعمل هذا الملحق	# أدوات التقويم⏎⏎## مقدمة: كيف تستعمل هذه الأدوات	كتاب مرافق: البنية الجديدة	1
الملاحق/ملحق-ز-أدوات-التقويم.md	5	جمعنا في هذا الملحق كل أداة	جمعنا هنا كل أداة	كتاب مرافق: البنية الجديدة	1
الملاحق/ملحق-ز-أدوات-التقويم.md	5	في فصول الكتاب باسم	في فصول السلسلة باسم	كتاب مرافق: البنية الجديدة	1
الملاحق/ملحق-ز-أدوات-التقويم.md	5	في أول الكتاب (انظر الباب الأول، الفصل الأول)	في أول السلسلة (انظر المجلد الأول، الباب الأول، الفصل الأول)	الإحالة إلى مجلدٍ آخر يُذكر فيها المجلد	1
الملاحق/ملحق-ز-أدوات-التقويم.md	7	كل أداة في هذا الملحق من إنشاء الكتاب	كل أداة هنا من إنشاء الكتاب	كتاب مرافق: البنية الجديدة	1
الملاحق/ملحق-ز-أدوات-التقويم.md	9	كل استمارة في هذا الملحق فيها	كل استمارة هنا فيها	كتاب مرافق: البنية الجديدة	1
الملاحق/ملحق-ز-أدوات-التقويم.md	62	| أقل من ٤٠ | المستوى ٠ بمسار كامل |⏎| ٤٠–٥٩ | المستوى ٠ ثم ١ و٢ مكثفين |⏎| ٦٠–٧٤ | المستوى ٣ مع علاج فردي لنقاط الضعف في ١ و٢ |⏎| ٧٥–٨٤ | المستوى ٤ |⏎| ٨٥ فأعلى | المسارات التخصصية (٧–١٢) مباشرة |	| أقل من ٤٠ | المستوى ١ بمسار كامل |⏎| ٤٠–٥٩ | المستوى ١ ثم ٢ و٣ مكثفين |⏎| ٦٠–٧٤ | المستوى ٤ مع علاج فردي لنقاط الضعف في ٢ و٣ |⏎| ٧٥–٨٤ | المستوى ٥ |⏎| ٨٥ فأعلى | المسارات التخصصية (٨–١٣) مباشرة |	المستويات ١–١٣ (رقم المستوى رقم الباب)	1
الملاحق/ملحق-ز-أدوات-التقويم.md	122	تُستعمل من المستوى ٧ فما فوق	تُستعمل من المستوى ٨ فما فوق	المستويات ١–١٣ (رقم المستوى رقم الباب)	1
الملاحق/ملحق-ز-أدوات-التقويم-٢.md	1	*(تتمة ملحق ز: أدوات التقويم. راجع الملف الأول لاختبار تحديد المستوى واستمارة سلّم المئة درجة. هذا الملف يتضمن:	*(تتمة أدوات التقويم. راجع القسم الأول لاختبار تحديد المستوى واستمارة سلّم المئة درجة. هذا القسم يتضمن:	كتاب مرافق: البنية الجديدة؛ ولا لغة ملفات في النص	1
الملاحق/ملحق-ز-أدوات-التقويم-٢.md	80	«وقفة الثواني العشر» التي تعلمتها في الباب الأول:	«وقفة الثواني العشر» التي تعلمتها في المجلد الأول، الباب الأول:	الإحالة إلى مجلدٍ آخر يُذكر فيها المجلد	1
الملاحق/ملحق-ز-أدوات-التقويم-٢.md	93	| التأسيس | ٠–٣ |	| التأسيس | ١–٤ |	المستويات ١–١٣ (رقم المستوى رقم الباب)	1
الملاحق/ملحق-ز-أدوات-التقويم-٢.md	94	| التواصل | ٤–٦ |	| التواصل | ٥–٧ |	المستويات ١–١٣ (رقم المستوى رقم الباب)	1
الملاحق/ملحق-ز-أدوات-التقويم-٢.md	95	| المنصات | ٧–٩ |	| المنصات | ٨–١٠ |	المستويات ١–١٣ (رقم المستوى رقم الباب)	1
الملاحق/ملحق-ز-أدوات-التقويم-٢.md	96	| التمكين | ١٠–١٢ |	| التمكين | ١١–١٣ |	المستويات ١–١٣ (رقم المستوى رقم الباب)	1
الملاحق/ملحق-ز-أدوات-التقويم-٢.md	128	| ٠ | الأسس | | | | |⏎| ١ | اللسان | | | | |⏎| ٢ | العبارة | | | | |⏎| ٣ | البيان | | | | |⏎| ٤ | المقام | | | | |⏎| ٥ | الأدب | | | | |⏎| ٦ | الحوار | | | | |⏎| ٧ | المجالس | | | | |⏎| ٨ | المنبر والمنصة | | | | |⏎| ٩ | المؤسسة | | | | |⏎| ١٠ | الإعلام | | | | |⏎| ١١ | الدبلوماسية | | | | |⏎| ١٢ | الملكة | | | | |	| ١ | الأسس | | | | |⏎| ٢ | اللسان | | | | |⏎| ٣ | العبارة | | | | |⏎| ٤ | البيان | | | | |⏎| ٥ | المقام | | | | |⏎| ٦ | الأدب | | | | |⏎| ٧ | الحوار | | | | |⏎| ٨ | المجالس | | | | |⏎| ٩ | المنبر والمنصة | | | | |⏎| ١٠ | المؤسسة | | | | |⏎| ١١ | الإعلام | | | | |⏎| ١٢ | الدبلوماسية | | | | |⏎| ١٣ | الملكة | | | | |	المستويات ١–١٣ (رقم المستوى رقم الباب)	1
الملاحق/ملحق-ز-أدوات-التقويم-٢.md	147	| نهاية المرحلة الأولى (م٣) |	| نهاية المرحلة الأولى (م٤) |	المستويات ١–١٣ (رقم المستوى رقم الباب)	1
الملاحق/ملحق-ز-أدوات-التقويم-٢.md	148	| نهاية المرحلة الثانية (م٦) |	| نهاية المرحلة الثانية (م٧) |	المستويات ١–١٣ (رقم المستوى رقم الباب)	1
الملاحق/ملحق-د-نصوص-الحلقات.md	1	# ملحق د: نصوص الحلقات⏎⏎## عن هذا الملحق	# سكريبتات الحلقات⏎⏎## عن هذا الكتاب المرافق	كتاب مرافق: البنية الجديدة	1
الملاحق/ملحق-د-نصوص-الحلقات.md	5	يرافق هذا الكتاب برنامج تدريبي	يرافق هذه السلسلة برنامج تدريبي	كتاب مرافق: البنية الجديدة	1
الملاحق/ملحق-د-نصوص-الحلقات.md	5	هذا الملحق سكريبت (نص) تلك الحلقات: خمس حلقات رائدة كاملة الجاهزية للتصوير أو التسجيل، ثم أربع عشرة حلقة موجزة، حلقة لكل باب من أبواب الكتاب.	وهذا الكتاب المرافق سكريبت (نص) تلك الحلقات: خمس حلقات رائدة كاملة الجاهزية للتصوير أو التسجيل، ثم أربع عشرة حلقة موجزة: حلقة لكل باب من أبواب السلسلة الثلاثة عشر، وحلقة لبنك الأخطاء.	كتاب مرافق: البنية الجديدة؛ بنك الأخطاء مرجعٌ خارج ترقيم الأبواب، والملكة الباب ١٣	1
الملاحق/ملحق-د-نصوص-الحلقات.md	9	استعمل هذا الملحق مصدرًا جاهزًا	استعمل هذه السكريبتات مصدرًا جاهزًا	كتاب مرافق: البنية الجديدة	1
الملاحق/ملحق-د-نصوص-الحلقات.md	149	الباب المتصل بها: الباب الثامن (المجالس).	الباب المتصل بها: الباب الثامن (المجالس، في المجلد الثامن).	الإحالة إلى مجلدٍ آخر يُذكر فيها المجلد	1
الملاحق/ملحق-د-نصوص-الحلقات-٢.md	3	الباب المتصل بها: الباب العاشر (المؤسسة).	الباب المتصل بها: الباب العاشر (المؤسسة، في المجلد التاسع).	الإحالة إلى مجلدٍ آخر يُذكر فيها المجلد	1
الملاحق/ملحق-د-نصوص-الحلقات-٢.md	47	الباب المتصل بها: الباب السادس (الأدب).	الباب المتصل بها: الباب السادس (الأدب، في المجلد السادس).	الإحالة إلى مجلدٍ آخر يُذكر فيها المجلد	1
الملاحق/ملحق-د-نصوص-الحلقات-٢.md	89	## ثانيًا: ملخصات حلقات الأبواب الأربع عشرة	## ثانيًا: ملخصات حلقات الأبواب الثلاثة عشر وبنك الأخطاء	بنك الأخطاء مرجعٌ خارج ترقيم الأبواب، والملكة الباب ١٣	1
الملاحق/ملحق-د-نصوص-الحلقات-٢.md	91	كل باب من أبواب الكتاب له حلقة قائمة بذاته، تختصر جوهر الباب	لكل باب من أبواب السلسلة حلقة قائمة بذاتها، تختصر جوهر الباب	كتاب مرافق: البنية الجديدة	1
الملاحق/ملحق-د-نصوص-الحلقات-٢.md	93	**١. الباب الأول (الأسس) —	**١. الباب الأول (الأسس، المجلد الأول) —	الإحالة إلى مجلدٍ آخر يُذكر فيها المجلد	1
الملاحق/ملحق-د-نصوص-الحلقات-٢.md	96	**٢. الباب الثاني (اللسان) —	**٢. الباب الثاني (اللسان، المجلد الثاني) —	الإحالة إلى مجلدٍ آخر يُذكر فيها المجلد	1
الملاحق/ملحق-د-نصوص-الحلقات-٢.md	99	**٣. الباب الثالث (العبارة) —	**٣. الباب الثالث (العبارة، المجلد الثالث) —	الإحالة إلى مجلدٍ آخر يُذكر فيها المجلد	1
الملاحق/ملحق-د-نصوص-الحلقات-٢.md	102	**٤. الباب الرابع (البيان) —	**٤. الباب الرابع (البيان، المجلد الرابع) —	الإحالة إلى مجلدٍ آخر يُذكر فيها المجلد	1
الملاحق/ملحق-د-نصوص-الحلقات-٢.md	105	**٥. الباب الخامس (المقام) —	**٥. الباب الخامس (المقام، المجلد الخامس) —	الإحالة إلى مجلدٍ آخر يُذكر فيها المجلد	1
الملاحق/ملحق-د-نصوص-الحلقات-٢.md	108	**٦. الباب السادس (الأدب) —	**٦. الباب السادس (الأدب، المجلد السادس) —	الإحالة إلى مجلدٍ آخر يُذكر فيها المجلد	1
الملاحق/ملحق-د-نصوص-الحلقات-٢.md	111	**٧. الباب السابع (الحوار) —	**٧. الباب السابع (الحوار، المجلد السابع) —	الإحالة إلى مجلدٍ آخر يُذكر فيها المجلد	1
الملاحق/ملحق-د-نصوص-الحلقات-٢.md	114	**٨. الباب الثامن (المجالس) —	**٨. الباب الثامن (المجالس، المجلد الثامن) —	الإحالة إلى مجلدٍ آخر يُذكر فيها المجلد	1
الملاحق/ملحق-د-نصوص-الحلقات-٢.md	117	**٩. الباب التاسع (المنبر والمنصة) —	**٩. الباب التاسع (المنبر والمنصة، المجلد الثامن) —	الإحالة إلى مجلدٍ آخر يُذكر فيها المجلد	1
الملاحق/ملحق-د-نصوص-الحلقات-٢.md	120	**١٠. الباب العاشر (المؤسسة) —	**١٠. الباب العاشر (المؤسسة، المجلد التاسع) —	الإحالة إلى مجلدٍ آخر يُذكر فيها المجلد	1
الملاحق/ملحق-د-نصوص-الحلقات-٢.md	123	**١١. الباب الحادي عشر (الإعلام والتقديم) —	**١١. الباب الحادي عشر (الإعلام والتقديم، المجلد العاشر) —	الإحالة إلى مجلدٍ آخر يُذكر فيها المجلد	1
الملاحق/ملحق-د-نصوص-الحلقات-٢.md	126	**١٢. الباب الثاني عشر (الدبلوماسية والتواصل الرسمي) —	**١٢. الباب الثاني عشر (الدبلوماسية والتواصل الرسمي، المجلد العاشر) —	الإحالة إلى مجلدٍ آخر يُذكر فيها المجلد	1
الملاحق/ملحق-د-نصوص-الحلقات-٢.md	129	**١٣. الباب الثالث عشر (بنك الأخطاء) — «الأخطاء التي تُسمع من أول جملة»**⏎حلقة خاصة تجمع مقتطفات من الحلقات السابقة كلها، معروضة أخطاء متتابعة سريعة (نطقية، ونحوية، وأسلوبية، ومقامية) يعقب كل مقطع منها الراوي بجملة تصحيح واحدة. تصلح مراجعة ختامية لموسم كامل من الحلقات.⏎⏎**١٤. الباب الرابع عشر (الملكة) — «ثوانٍ عشر لا أكثر»**⏎حلقة ختامية عن الارتجال: كيف يقف المتكلم في موقف لم يستعد له مطلقًا فيؤدي بمنهج «الثواني العشر للتفكير» أداءً مقبولًا بلا تحضير مسبق. المشهد المحوري: متدرب يُطلب منه فجأة أن يتحدث دقيقة كاملة أمام الحضور في مناسبة لم يكن يتوقع الكلام فيها، فينجح بفضل التدريب المتراكم من الحلقات السابقة كلها.	**١٣. الباب الثالث عشر (الملكة، المجلد العاشر) — «ثوانٍ عشر لا أكثر»**⏎حلقة ختامية عن الارتجال: كيف يقف المتكلم في موقف لم يستعد له مطلقًا فيؤدي بمنهج «الثواني العشر للتفكير» أداءً مقبولًا بلا تحضير مسبق. المشهد المحوري: متدرب يُطلب منه فجأة أن يتحدث دقيقة كاملة أمام الحضور في مناسبة لم يكن يتوقع الكلام فيها، فينجح بفضل التدريب المتراكم من الحلقات السابقة كلها.⏎⏎**١٤. بنك الأخطاء (المرجع الأول، في المجلد الحادي عشر) — «الأخطاء التي تُسمع من أول جملة»**⏎حلقة خاصة تجمع مقتطفات من الحلقات السابقة كلها، معروضة أخطاء متتابعة سريعة (نطقية، ونحوية، وأسلوبية، ومقامية) يعقب كل مقطع منها الراوي بجملة تصحيح واحدة. تصلح مراجعة ختامية لموسم كامل من الحلقات.	بنك الأخطاء مرجعٌ خارج ترقيم الأبواب، والملكة الباب ١٣؛ فتتقدّم حلقة الملكة وتليها حلقة بنك الأخطاء	1
الافتتاحية/18-كيف-تقرأ-المجلدات-وعهد-المؤلف.md	—	(إعادة كتابة؛ الفرق في git)	§١ على الأحد عشر، ومعه «لماذا هذا الترتيب؟» وقدرات نهاية التأسيس الست؛ §٢ الأبعاد العشرة وطريق المهارة ومثالها وحلقة النموذج ← الأبعاد ← التشخيص ← الطريق ← الإعادة؛ §٤ طريقة الاستعمال والرموز وسلّم الرسمية والمدرّب والكتابان المرافقان وشرط التأسيس؛ «أحد عشر مجلدًا» في العهد	الدليل ١١٢د §٤؛ مادة 02-مدخل و03-كيف-تستعمل وفاتحة الجزء الأول و01-المقدمة	1
00-كلمة-المؤلف.md	19	وجعلتُه في ثمانية مجلدات، تتدرّج بقارئها في أربع مراحل، ثم تضع بين يديه مرجعًا يعود إليه:⏎⏎- **مرحلة التأسيس**، في ثلاثة مجلدات: «الأصول»، وفيه هذه المقدمة وأسس الكلام؛ ثم «اللسان»، في صحة الصوت؛ ثم «العبارة والبيان»، من استقامة الجملة إلى حسن ترتيب الكلام.⏎- **مرحلة التواصل**، في مجلدين: «المقام»، ثم «الأدب والحوار».⏎- **مرحلة المنصّات**، في مجلدٍ واحد: المجلس، والمنبر، والمؤسسة.⏎- **مرحلة التمكين**، في مجلدٍ واحد: الإعلام، والخطاب الرسمي، والملكة حين يصير الصواب عادةً، والارتجال قدرةً، والخطأ درسًا لا عثرة.⏎- **ثم المرجع**: بنك الأخطاء، والملاحق، والفهارس.	وجعلتُه في أحد عشر مجلدًا: عشرةٌ تتدرّج بقارئها في أربع مراحل وثلاثة عشر بابًا، ثم مجلدٌ مرجعٌ يضعه بين يديه يعود إليه:⏎⏎- **مرحلة التأسيس**، في أربعة مجلدات: «الأصول»، وفيه هذه المقدمة وأسس الكلام؛ ثم «اللسان»، في صحة الصوت؛ ثم «العبارة»، في استقامة الجملة؛ ثم «البيان»، في حسن ترتيب الكلام.⏎- **مرحلة التواصل**، في ثلاثة مجلدات: «المقام»، ثم «الأدب»، ثم «الحوار».⏎- **مرحلة المنصّات**، في مجلدين: «المجالس والمنبر»، ثم «المؤسسة».⏎- **مرحلة التمكين**، في مجلدٍ واحد: الإعلام، والخطاب الرسمي، والملكة حين يصير الصواب عادةً، والارتجال قدرةً، والخطأ درسًا لا عثرة.⏎- **ثم «مرجع المتكلّم العربي»**: بنك الأخطاء والتعبيرات والنماذج، والمسرد، والمصادر، والفهارس؛ وهو خارجٌ عن ترقيم الأبواب والمستويات.	البنية النهائية: أحد عشر مجلدًا (الدليل ١١٢ج–١١٢د)	1
المجلد-الثامن/الباب-التاسع/ف01-أ-المدخل-وبناء-الخطبة.md	209	(انظر الباب الثالث عشر، الفصل الأول)	(انظر بنك الأخطاء، الفصل الأول، في المجلد الحادي عشر)	بنك الأخطاء مرجعٌ خارج ترقيم الأبواب (المرجع الأول)	1
المجلد-التاسع/الباب-العاشر/ف01-ب-الأسئلة-والمحاكاة.md	607	(انظر الباب الثالث عشر، الفصل الثاني)	(انظر بنك الأخطاء، الفصل الثاني، في المجلد الحادي عشر)	بنك الأخطاء مرجعٌ خارج ترقيم الأبواب (المرجع الأول)	1
المجلد-العاشر/الباب-الحادي-عشر/ف03-ج-التطبيق-والتقويم.md	58	*(انظر بنك أخطاء المستعربين، الباب الثالث عشر)*	*(انظر بنك الأخطاء، في المجلد الحادي عشر)*	بنك الأخطاء مرجعٌ خارج ترقيم الأبواب (المرجع الأول)	1
المجلد-الحادي-عشر/المرجع-الأول-بنك-الأخطاء/00-فاتحة-بنك-الأخطاء.md	1	# الباب الثالث عشر: بنك الأخطاء	# المرجع الأول: بنك الأخطاء	بنك الأخطاء مرجعٌ خارج ترقيم الأبواب (المرجع الأول)	1
المجلد-الحادي-عشر/المرجع-الأول-بنك-الأخطاء/ف01-أ-اللحن-في-القرآن.md	5	*(الباب الثالث عشر: بنك الأخطاء، مرجع لكل المستويات.	*(المرجع الأول: بنك الأخطاء، مرجع لكل المستويات.	بنك الأخطاء مرجعٌ خارج ترقيم الأبواب (المرجع الأول)	1
المجلد-الحادي-عشر/المرجع-الأول-بنك-الأخطاء/ف02-الخطأ-في-السلام-والبسملة-والحمدلة.md	5	*(الباب الثالث عشر: بنك الأخطاء، مرجع لكل المستويات.	*(المرجع الأول: بنك الأخطاء، مرجع لكل المستويات.	بنك الأخطاء مرجعٌ خارج ترقيم الأبواب (المرجع الأول)	1
المجلد-الحادي-عشر/المرجع-الأول-بنك-الأخطاء/ف03-أخطاء-النطق-الأصوات-الحرجة.md	5	*(الباب الثالث عشر: بنك الأخطاء، مرجع لكل المستويات.	*(المرجع الأول: بنك الأخطاء، مرجع لكل المستويات.	بنك الأخطاء مرجعٌ خارج ترقيم الأبواب (المرجع الأول)	1
المجلد-الحادي-عشر/المرجع-الأول-بنك-الأخطاء/ف04-أ-الأخطاء-النحوية-والصرفية-والمعجمية-والتركيبية.md	5	*(الباب الثالث عشر: بنك الأخطاء، مرجع لكل المستويات.	*(المرجع الأول: بنك الأخطاء، مرجع لكل المستويات.	بنك الأخطاء مرجعٌ خارج ترقيم الأبواب (المرجع الأول)	1
المجلد-الحادي-عشر/المرجع-الأول-بنك-الأخطاء/ف05-الأسلوب-والثقافة-والمقام.md	5	*(الباب الثالث عشر: بنك الأخطاء، مرجع لكل المستويات.	*(المرجع الأول: بنك الأخطاء، مرجع لكل المستويات.	بنك الأخطاء مرجعٌ خارج ترقيم الأبواب (المرجع الأول)	1
المجلد-الحادي-عشر/المرجع-الأول-بنك-الأخطاء/ف06-الصوت-والسرعة-وترتيب-الأفكار.md	5	*(الباب الثالث عشر: بنك الأخطاء، مرجع لكل المستويات.	*(المرجع الأول: بنك الأخطاء، مرجع لكل المستويات.	بنك الأخطاء مرجعٌ خارج ترقيم الأبواب (المرجع الأول)	1
المجلد-الحادي-عشر/المرجع-الأول-بنك-الأخطاء/ف07-المقابلات-والخطابة-والإعلام-والعلماء.md	5	*(الباب الثالث عشر: بنك الأخطاء، مرجع لكل المستويات.	*(المرجع الأول: بنك الأخطاء، مرجع لكل المستويات.	بنك الأخطاء مرجعٌ خارج ترقيم الأبواب (المرجع الأول)	1
المجلد-الحادي-عشر/المرجع-الأول-بنك-الأخطاء/ف08-الخروج-عن-الموضوع-والتكلف.md	5	*(الباب الثالث عشر: بنك الأخطاء، مرجع لكل المستويات.	*(المرجع الأول: بنك الأخطاء، مرجع لكل المستويات.	بنك الأخطاء مرجعٌ خارج ترقيم الأبواب (المرجع الأول)	1
المجلد-الحادي-عشر/المرجع-الأول-بنك-الأخطاء/00-فاتحة-بنك-الأخطاء.md	5	هذا الباب	هذا المرجع	بنك الأخطاء مرجعٌ خارج ترقيم الأبواب (المرجع الأول)	10
المجلد-الحادي-عشر/المرجع-الأول-بنك-الأخطاء/ف01-أ-اللحن-في-القرآن.md	23	هذا الباب	هذا المرجع	بنك الأخطاء مرجعٌ خارج ترقيم الأبواب (المرجع الأول)	2
المجلد-الحادي-عشر/المرجع-الأول-بنك-الأخطاء/ف04-ب-الأخطاء-الصرفية-والمعجمية-والتركيبية.md	247	هذا الباب	هذا المرجع	بنك الأخطاء مرجعٌ خارج ترقيم الأبواب (المرجع الأول)	1
المجلد-الحادي-عشر/المرجع-الأول-بنك-الأخطاء/ف05-الأسلوب-والثقافة-والمقام.md	5	هذا الباب	هذا المرجع	بنك الأخطاء مرجعٌ خارج ترقيم الأبواب (المرجع الأول)	2
المجلد-الحادي-عشر/المرجع-الأول-بنك-الأخطاء/ف06-الصوت-والسرعة-وترتيب-الأفكار.md	11	هذا الباب	هذا المرجع	بنك الأخطاء مرجعٌ خارج ترقيم الأبواب (المرجع الأول)	2
المجلد-الحادي-عشر/المرجع-الأول-بنك-الأخطاء/ف07-المقابلات-والخطابة-والإعلام-والعلماء.md	13	هذا الباب	هذا المرجع	بنك الأخطاء مرجعٌ خارج ترقيم الأبواب (المرجع الأول)	2
المجلد-الحادي-عشر/المرجع-الأول-بنك-الأخطاء/ف08-الخروج-عن-الموضوع-والتكلف.md	15	هذا الباب	هذا المرجع	بنك الأخطاء مرجعٌ خارج ترقيم الأبواب (المرجع الأول)	3
المجلد-الحادي-عشر/المرجع-الأول-بنك-الأخطاء/00-فاتحة-بنك-الأخطاء.md	41	### أهداف الباب⏎⏎في نهاية الباب يكون المتدرب قادرًا على أن:	### أهداف بنك الأخطاء⏎⏎يكون المتدرب بعد العمل بهذا المرجع قادرًا على أن:	بنك الأخطاء مرجعٌ خارج ترقيم الأبواب (المرجع الأول)	1
المجلد-الحادي-عشر/المرجع-الأول-بنك-الأخطاء/ف01-أ-اللحن-في-القرآن.md	5	فصل في قسمين: هذا الملف للقرآن الكريم، والملف التالي	فصل في قسمين: هذا القسم للقرآن الكريم، والقسم التالي	لا لغة ملفاتٍ وإنتاجٍ في النص المطبوع	1
المجلد-الحادي-عشر/المرجع-الأول-بنك-الأخطاء/ف01-أ-اللحن-في-القرآن.md	130	**إلى الملف التالي:** يتابع هذا الفصل في «ف٠١-ب-اللحن-في-الحديث-والأذكار.md» ببطاقات	**إلى القسم التالي:** يتابع هذا الفصل ببطاقات	لا لغة ملفاتٍ وإنتاجٍ في النص المطبوع	1
المجلد-الحادي-عشر/المرجع-الأول-بنك-الأخطاء/ف04-أ-الأخطاء-النحوية-والصرفية-والمعجمية-والتركيبية.md	5	هذا الملف للأخطاء النحوية، والملف التالي	هذا القسم للأخطاء النحوية، والقسم التالي	لا لغة ملفاتٍ وإنتاجٍ في النص المطبوع	1
المجلد-الحادي-عشر/المرجع-الأول-بنك-الأخطاء/ف04-أ-الأخطاء-النحوية-والصرفية-والمعجمية-والتركيبية.md	240	*(يتبع هذا الفصل في الملف التالي	*(يتبع هذا الفصل في القسم التالي	لا لغة ملفاتٍ وإنتاجٍ في النص المطبوع	1
المجلد-الحادي-عشر/المرجع-الأول-بنك-الأخطاء/ف04-ب-الأخطاء-الصرفية-والمعجمية-والتركيبية.md	5	*(تابع للملف السابق «ف٠٤-أ» الذي عالج	*(تابع للقسم السابق الذي عالج	لا لغة ملفاتٍ وإنتاجٍ في النص المطبوع	1
المجلد-الحادي-عشر/المرجع-الأول-بنك-الأخطاء/ف04-ب-الأخطاء-الصرفية-والمعجمية-والتركيبية.md	5	يكمل هذا الملف ال	يكمل هذا القسم ال	لا لغة ملفاتٍ وإنتاجٍ في النص المطبوع	1
المجلد-العاشر/الباب-الثالث-عشر/ف01-أ-المدخل-وسلم-الارتجال.md	5	*(الباب الرابع عشر: الملكة، المستوى ١٢. الفصل محوري، وهو في ثلاثة ملفات: هذا الملف للمدخل ولثلاث درجات من سلّم الارتجال المتدرج، والملف الثاني لثلاث درجات أخرى وللحوار الممتد، والملف الثالث لبنك المواقف والتدريبات والتقويم.)*	*(الباب الرابع عشر: الملكة، المستوى ١٢. الفصل محوري، وهو في ثلاثة أقسام: هذا القسم للمدخل ولثلاث درجات من سلّم الارتجال المتدرج، والملف الثاني لثلاث درجات أخرى وللحوار الممتد، والملف الثالث لبنك المواقف والتدريبات والتقويم.)*	لا لغة ملفاتٍ وإنتاجٍ في النص المطبوع	1
المجلد-العاشر/الباب-الثالث-عشر/ف01-ب-سلم-الارتجال-والحوار-الممتد.md	5	*(تابع الفصل الأول من الباب الرابع عشر. في هذا الملف: العودة بعد الانقطاع، والدرجات الرابعة والخامسة والسادسة من سلّم الارتجال، ثم الحوار الممتد الذي يحل الموقف المعلّق في مطلع الفصل.)*	*(تابع الفصل الأول من الباب الرابع عشر. في هذا القسم: العودة بعد الانقطاع، والدرجات الرابعة والخامسة والسادسة من سلّم الارتجال، ثم الحوار الممتد الذي يحل الموقف المعلّق في مطلع الفصل.)*	لا لغة ملفاتٍ وإنتاجٍ في النص المطبوع	1
المجلد-العاشر/الباب-الثالث-عشر/ف02-أ-المدخل-والمحاكاة-الأولى.md	5	*(الباب الرابع عشر: الملكة، المستوى ١٢. الفصل في ثلاثة ملفات: هذا للمدخل ولثلاث محاكاات (المقابلة، والمداخلة، والمحاضرة القصيرة)، والثاني لأربع محاكاات أخرى (الحوار، والموقف الاجتماعي، والموقف الإداري، والموقف العلمي)، والثالث لبطاقات المفاجآت والتدريبات والتقويم.)*	*(الباب الرابع عشر: الملكة، المستوى ١٢. الفصل في ثلاثة أقسام: هذا للمدخل ولثلاث محاكاات (المقابلة، والمداخلة، والمحاضرة القصيرة)، والثاني لأربع محاكاات أخرى (الحوار، والموقف الاجتماعي، والموقف الإداري، والموقف العلمي)، والثالث لبطاقات المفاجآت والتدريبات والتقويم.)*	لا لغة ملفاتٍ وإنتاجٍ في النص المطبوع	1
المجلد-العاشر/الباب-الثالث-عشر/ف02-ب-المحاكاة-الثانية.md	5	*(تابع الفصل الثاني من الباب الرابع عشر. في هذا الملف: المحاكاات الأربع الباقية، وفيها الحوار الممتد المطلوب لهذا الفصل.)*	*(تابع الفصل الثاني من الباب الرابع عشر. في هذا القسم: المحاكاات الأربع الباقية، وفيها الحوار الممتد المطلوب لهذا الفصل.)*	لا لغة ملفاتٍ وإنتاجٍ في النص المطبوع	1
المجلد-العاشر/الباب-الثالث-عشر/ف03-ب-يوم-الأداء-الختامي.md	5	*(تابع الفصل الثالث من الباب الرابع عشر. في هذا الملف: وصف يوم الأداء الختامي، والحوار الممتد الذي يحل موقف عمر المعلّق، وبنك مواقف يوم التخرج.)*	*(تابع الفصل الثالث من الباب الرابع عشر. في هذا القسم: وصف يوم الأداء الختامي، والحوار الممتد الذي يحل موقف عمر المعلّق، وبنك مواقف يوم التخرج.)*	لا لغة ملفاتٍ وإنتاجٍ في النص المطبوع	1
المجلد-العاشر/الباب-الثالث-عشر/ف03-ج-التطبيق-والتقويم-والخاتمة.md	5	*(تابع الفصل الثالث من الباب الرابع عشر، وهو خاتمة أفصال الكتاب. في هذا الملف: خطة الاستمرار بعد الكتاب، والتدريبات الإحدى عشرة، والتقويم، وخلاصة الفصل ومعيار إتقانه، ثم كلمة أخيرة إلى القارئ.)*	*(تابع الفصل الثالث من الباب الرابع عشر، وهو خاتمة أفصال الكتاب. في هذا القسم: خطة الاستمرار بعد الكتاب، والتدريبات الإحدى عشرة، والتقويم، وخلاصة الفصل ومعيار إتقانه، ثم كلمة أخيرة إلى القارئ.)*	لا لغة ملفاتٍ وإنتاجٍ في النص المطبوع	1
المجلد-الأول/الباب-الأول/ف02-ب-الدرس-الثاني.md	266	باب الرابع عشر	باب الثالث عشر	الملكة الباب ١٣ بعد خروج بنك الأخطاء من ترقيم الأبواب	2
المجلد-العاشر/الباب-الثالث-عشر/00-فاتحة-الباب-الثالث-عشر.md	1	باب الرابع عشر	باب الثالث عشر	الملكة الباب ١٣ بعد خروج بنك الأخطاء من ترقيم الأبواب	2
المجلد-العاشر/الباب-الثالث-عشر/ف01-أ-المدخل-وسلم-الارتجال.md	5	باب الرابع عشر	باب الثالث عشر	الملكة الباب ١٣ بعد خروج بنك الأخطاء من ترقيم الأبواب	1
المجلد-العاشر/الباب-الثالث-عشر/ف01-ب-سلم-الارتجال-والحوار-الممتد.md	5	باب الرابع عشر	باب الثالث عشر	الملكة الباب ١٣ بعد خروج بنك الأخطاء من ترقيم الأبواب	1
المجلد-العاشر/الباب-الثالث-عشر/ف01-ج-التطبيق-والتقويم.md	5	باب الرابع عشر	باب الثالث عشر	الملكة الباب ١٣ بعد خروج بنك الأخطاء من ترقيم الأبواب	1
المجلد-العاشر/الباب-الثالث-عشر/ف02-أ-المدخل-والمحاكاة-الأولى.md	5	باب الرابع عشر	باب الثالث عشر	الملكة الباب ١٣ بعد خروج بنك الأخطاء من ترقيم الأبواب	1
المجلد-العاشر/الباب-الثالث-عشر/ف02-ب-المحاكاة-الثانية.md	5	باب الرابع عشر	باب الثالث عشر	الملكة الباب ١٣ بعد خروج بنك الأخطاء من ترقيم الأبواب	1
المجلد-العاشر/الباب-الثالث-عشر/ف02-ج-المفاجآت-والتطبيق-والتقويم.md	5	باب الرابع عشر	باب الثالث عشر	الملكة الباب ١٣ بعد خروج بنك الأخطاء من ترقيم الأبواب	1
المجلد-العاشر/الباب-الثالث-عشر/ف03-أ-الملف-الصوتي-ومشروع-التخرج.md	5	باب الرابع عشر	باب الثالث عشر	الملكة الباب ١٣ بعد خروج بنك الأخطاء من ترقيم الأبواب	2
المجلد-العاشر/الباب-الثالث-عشر/ف03-ب-يوم-الأداء-الختامي.md	5	باب الرابع عشر	باب الثالث عشر	الملكة الباب ١٣ بعد خروج بنك الأخطاء من ترقيم الأبواب	1
المجلد-العاشر/الباب-الثالث-عشر/ف03-ج-التطبيق-والتقويم-والخاتمة.md	5	باب الرابع عشر	باب الثالث عشر	الملكة الباب ١٣ بعد خروج بنك الأخطاء من ترقيم الأبواب	2
المجلد-الأول/الباب-الأول/ف01-ب-الدرس-الثاني.md	180	اب السادس (الأدب)، والباب السابع (الحوار	اب السادس (الأدب)، والباب السابع (الحوار، المجلد السابع	الإحالة إلى مجلدٍ آخر يُذكر فيها المجلد (الدليل ١١١ §٢)	1
المجلد-الأول/الباب-الأول/ف01-ب-الدرس-الثاني.md	180	والسؤال، والاعتراض | الباب السادس (الأدب	والسؤال، والاعتراض | الباب السادس (الأدب، المجلد السادس	الإحالة إلى مجلدٍ آخر يُذكر فيها المجلد (الدليل ١١١ §٢)	1
المجلد-الأول/الباب-الأول/ف01-ب-الدرس-الثاني.md	179	لانتقال، والخاتمة | الباب الرابع (البيان	لانتقال، والخاتمة | الباب الرابع (البيان، المجلد الرابع	الإحالة إلى مجلدٍ آخر يُذكر فيها المجلد (الدليل ١١١ §٢)	1
المجلد-الأول/الباب-الأول/ف01-ب-الدرس-الثاني.md	178	الوقف، ولغة الجسد | الباب الثاني (اللسان	الوقف، ولغة الجسد | الباب الثاني (اللسان، المجلد الثاني	الإحالة إلى مجلدٍ آخر يُذكر فيها المجلد (الدليل ١١١ §٢)	1
المجلد-الأول/الباب-الأول/ف01-ب-الدرس-الثاني.md	177	 الثالث (العبارة)، والباب الخامس (المقام	 الثالث (العبارة)، والباب الخامس (المقام، المجلد الخامس	الإحالة إلى مجلدٍ آخر يُذكر فيها المجلد (الدليل ١١١ §٢)	1
المجلد-الأول/الباب-الأول/ف01-ب-الدرس-الثاني.md	177	ب، ودرجة الرسمية | الباب الثالث (العبارة	ب، ودرجة الرسمية | الباب الثالث (العبارة، المجلد الثالث	الإحالة إلى مجلدٍ آخر يُذكر فيها المجلد (الدليل ١١١ §٢)	1
المجلد-الأول/الباب-الأول/ف01-ج-التطبيق-والتقويم.md	307	 زايًا. وسيأتي تفصيل ذلك في الباب الثاني	 زايًا. وسيأتي تفصيل ذلك في الباب الثاني (المجلد الثاني)	الإحالة إلى مجلدٍ آخر يُذكر فيها المجلد (الدليل ١١١ §٢)	1
المجلد-الأول/الباب-الأول/ف02-أ-المدخل-والدرس-الأول.md	378	مقام. وتفصيل ذلك في الباب الرابع (البيان	مقام. وتفصيل ذلك في الباب الرابع (البيان، المجلد الرابع	الإحالة إلى مجلدٍ آخر يُذكر فيها المجلد (الدليل ١١١ §٢)	1
المجلد-الأول/الباب-الأول/ف02-أ-المدخل-والدرس-الأول.md	358	سامع. وتفصيل ذلك في الباب الثاني (اللسان	سامع. وتفصيل ذلك في الباب الثاني (اللسان، المجلد الثاني	الإحالة إلى مجلدٍ آخر يُذكر فيها المجلد (الدليل ١١١ §٢)	1
المجلد-الأول/الباب-الأول/ف02-ب-الدرس-الثاني.md	274	عافي من الخطأ | الباب الثالث عشر (الملكة	عافي من الخطأ | الباب الثالث عشر (الملكة، المجلد العاشر	الإحالة إلى مجلدٍ آخر يُذكر فيها المجلد (الدليل ١١١ §٢)	1
المجلد-الأول/الباب-الأول/ف02-ب-الدرس-الثاني.md	273	" الوقف |
| البنية | الباب الرابع (البيان"	" الوقف |
| البنية | الباب الرابع (البيان، المجلد الرابع"	الإحالة إلى مجلدٍ آخر يُذكر فيها المجلد (الدليل ١١١ §٢)	1
المجلد-الأول/الباب-الأول/ف02-ب-الدرس-الثاني.md	272	| التحكم في الصوت | الباب الثاني (اللسان	| التحكم في الصوت | الباب الثاني (اللسان، المجلد الثاني	الإحالة إلى مجلدٍ آخر يُذكر فيها المجلد (الدليل ١١١ §٢)	1
المجلد-الأول/الباب-الأول/ف02-ب-الدرس-الثاني.md	271	الث من هذا الباب، والباب الثالث (العبارة	الث من هذا الباب، والباب الثالث (العبارة، المجلد الثالث	الإحالة إلى مجلدٍ آخر يُذكر فيها المجلد (الدليل ١١١ §٢)	1
المجلد-الأول/الباب-الأول/ف02-ب-الدرس-الثاني.md	270	لخامس من هذا الباب، والباب السادس (الأدب	لخامس من هذا الباب، والباب السادس (الأدب، المجلد السادس	الإحالة إلى مجلدٍ آخر يُذكر فيها المجلد (الدليل ١١١ §٢)	1
المجلد-الأول/الباب-الأول/ف02-ب-الدرس-الثاني.md	269	رابع من هذا الباب، والباب الخامس (المقام	رابع من هذا الباب، والباب الخامس (المقام، المجلد الخامس	الإحالة إلى مجلدٍ آخر يُذكر فيها المجلد (الدليل ١١١ §٢)	1
المجلد-الأول/الباب-الأول/ف02-ب-الدرس-الثاني.md	268	(الجملة القصيرة والطويلة)، والباب الرابع	(الجملة القصيرة والطويلة)، والباب الرابع (المجلد الرابع)	الإحالة إلى مجلدٍ آخر يُذكر فيها المجلد (الدليل ١١١ §٢)	1
المجلد-الأول/الباب-الأول/ف02-ب-الدرس-الثاني.md	268	 | الباب الثالث (الجملة القصيرة والطويلة	 | الباب الثالث (الجملة القصيرة والطويلة، المجلد الثالث	الإحالة إلى مجلدٍ آخر يُذكر فيها المجلد (الدليل ١١١ §٢)	1
المجلد-الأول/الباب-الأول/ف02-ب-الدرس-الثاني.md	267	سادس من هذا الباب، والباب السابع (الحوار	سادس من هذا الباب، والباب السابع (الحوار، المجلد السابع	الإحالة إلى مجلدٍ آخر يُذكر فيها المجلد (الدليل ١١١ §٢)	1
المجلد-الأول/الباب-الأول/ف02-ب-الدرس-الثاني.md	266	 من هذا الباب، والباب الثالث عشر (الملكة	 من هذا الباب، والباب الثالث عشر (الملكة، المجلد العاشر	الإحالة إلى مجلدٍ آخر يُذكر فيها المجلد (الدليل ١١١ §٢)	1
المجلد-الأول/الباب-الأول/ف02-ب-الدرس-الثاني.md	265	 الفصل الأول من هذا الباب، والباب الرابع	 الفصل الأول من هذا الباب، والباب الرابع (المجلد الرابع)	الإحالة إلى مجلدٍ آخر يُذكر فيها المجلد (الدليل ١١١ §٢)	1
المجلد-الأول/الباب-الأول/ف02-ب-الدرس-الثاني.md	124	مل | الباب الثاني، والباب التاسع (المنبر	مل | الباب الثاني، والباب التاسع (المنبر، المجلد الثامن	الإحالة إلى مجلدٍ آخر يُذكر فيها المجلد (الدليل ١١١ §٢)	1
المجلد-الأول/الباب-الأول/ف02-ب-الدرس-الثاني.md	122	| صيغ النقد المهذب | الباب السادس (الأدب	| صيغ النقد المهذب | الباب السادس (الأدب، المجلد السادس	الإحالة إلى مجلدٍ آخر يُذكر فيها المجلد (الدليل ١١١ §٢)	1
المجلد-الأول/الباب-الأول/ف02-ب-الدرس-الثاني.md	121	الفصل السادس من هذا الباب، والباب الثالث	الفصل السادس من هذا الباب، والباب الثالث (المجلد الثالث)	الإحالة إلى مجلدٍ آخر يُذكر فيها المجلد (الدليل ١١١ §٢)	1
المجلد-الأول/الباب-الأول/ف02-ب-الدرس-الثاني.md	120	 الأولى هي الجواب | الباب الرابع (البيان	 الأولى هي الجواب | الباب الرابع (البيان، المجلد الرابع	الإحالة إلى مجلدٍ آخر يُذكر فيها المجلد (الدليل ١١١ §٢)	1
المجلد-الأول/الباب-الأول/ف02-ب-الدرس-الثاني.md	119	الفصل الرابع من هذا الباب، والباب الخامس	الفصل الرابع من هذا الباب، والباب الخامس (المجلد الخامس)	الإحالة إلى مجلدٍ آخر يُذكر فيها المجلد (الدليل ١١١ §٢)	1
المجلد-الأول/الباب-الأول/ف02-ب-الدرس-الثاني.md	113	ها القراءة وحدها. وعلاجه في الباب الثاني	ها القراءة وحدها. وعلاجه في الباب الثاني (المجلد الثاني)	الإحالة إلى مجلدٍ آخر يُذكر فيها المجلد (الدليل ١١١ §٢)	1
المجلد-الأول/الباب-الأول/ف02-ج-التطبيق-والتقويم.md	253	فًا ولا همزة. وتفصيل ذلك في الباب الثاني	فًا ولا همزة. وتفصيل ذلك في الباب الثاني (المجلد الثاني)	الإحالة إلى مجلدٍ آخر يُذكر فيها المجلد (الدليل ١١١ §٢)	1
المجلد-الثاني/الباب-الثاني/ف06-ب-التطبيق-والتقويم.md	339	ن يبدأ، وهذا مبدأ تعلمته منذ الباب الأول	ن يبدأ، وهذا مبدأ تعلمته منذ الباب الأول (المجلد الأول)	الإحالة إلى مجلدٍ آخر يُذكر فيها المجلد (الدليل ١١١ §٢)	1
المجلد-الثاني/الباب-الثاني/ف07-أ-المدخل-والدرسان.md	411	ى أن الباب الثاني والباب الثالث (العبارة	ى أن الباب الثاني والباب الثالث (العبارة، المجلد الثالث	الإحالة إلى مجلدٍ آخر يُذكر فيها المجلد (الدليل ١١١ §٢)	1
المجلد-الثاني/الباب-الثاني/ف08-أ-المدخل-والدرسان.md	311	ٌ»، خطأ نحوي يأتي تفصيله في الباب الثالث	ٌ»، خطأ نحوي يأتي تفصيله في الباب الثالث (المجلد الثالث)	الإحالة إلى مجلدٍ آخر يُذكر فيها المجلد (الدليل ١١١ §٢)	1
المجلد-الثاني/الباب-الثاني/ف11-أ-المدخل-والدرسان.md	145	ة ليست دليل طلاقة، كما مر في الباب الأول	ة ليست دليل طلاقة، كما مر في الباب الأول (المجلد الأول)	الإحالة إلى مجلدٍ آخر يُذكر فيها المجلد (الدليل ١١١ §٢)	1
المجلد-الثاني/الباب-الثاني/ف12-ب-التطبيق-والتقويم.md	278	ان**، وصار جاهزًا لينتقل في الباب الثالث	ان**، وصار جاهزًا لينتقل في الباب الثالث (المجلد الثالث)	الإحالة إلى مجلدٍ آخر يُذكر فيها المجلد (الدليل ١١١ §٢)	1
المجلد-الثالث/الباب-الثالث/00-فاتحة-الباب-الثالث.md	7	عربي قبل أن يسمع الفكرة. في الباب الثاني	عربي قبل أن يسمع الفكرة. في الباب الثاني (المجلد الثاني)	الإحالة إلى مجلدٍ آخر يُذكر فيها المجلد (الدليل ١١١ §٢)	1
المجلد-الثالث/الباب-الثالث/ف07-أ-الحشو-الصوتي.md	219	 أعطيت ذهنك وقتًا يسبق فيه لسانك *(انظر 	 أعطيت ذهنك وقتًا يسبق فيه لسانك *(انظر المجلد الثاني، 	الإحالة إلى مجلدٍ آخر يُذكر فيها المجلد (الدليل ١١١ §٢)	1
المجلد-الرابع/الباب-الرابع/00-فاتحة-الباب-الرابع.md	53	ارنها بدرجة التسجيل الأول في الباب الأول	ارنها بدرجة التسجيل الأول في الباب الأول (المجلد الأول)	الإحالة إلى مجلدٍ آخر يُذكر فيها المجلد (الدليل ١١١ §٢)	1
المجلد-الرابع/الباب-الرابع/ف01-ب-الدرس-الثاني.md	84	لأخيرة. وسيأتي تفصيل ذلك في الباب الثامن	لأخيرة. وسيأتي تفصيل ذلك في الباب الثامن (المجلد الثامن)	الإحالة إلى مجلدٍ آخر يُذكر فيها المجلد (الدليل ١١١ §٢)	1
المجلد-الرابع/الباب-الرابع/ف01-ج-التطبيق-والتقويم.md	242	ك» و«إذا». وارجع في ذلك إلى الباب الثاني	ك» و«إذا». وارجع في ذلك إلى الباب الثاني (المجلد الثاني)	الإحالة إلى مجلدٍ آخر يُذكر فيها المجلد (الدليل ١١١ §٢)	1
المجلد-الرابع/الباب-الرابع/ف02-ب-الدرس-الثاني.md	113	توازن بين الثقة والتواضع في الباب السادس	توازن بين الثقة والتواضع في الباب السادس (المجلد السادس)	الإحالة إلى مجلدٍ آخر يُذكر فيها المجلد (الدليل ١١١ §٢)	1
المجلد-الرابع/الباب-الرابع/ف02-ب-الدرس-الثاني.md	16	أن يحكم بالعلم. وقد عرفت في الباب الثاني	أن يحكم بالعلم. وقد عرفت في الباب الثاني (المجلد الثاني)	الإحالة إلى مجلدٍ آخر يُذكر فيها المجلد (الدليل ١١١ §٢)	1
المجلد-الرابع/الباب-الرابع/ف02-ج-التطبيق-والتقويم.md	253	لا تُبتلع. وارجع في ذلك إلى الباب الثاني	لا تُبتلع. وارجع في ذلك إلى الباب الثاني (المجلد الثاني)	الإحالة إلى مجلدٍ آخر يُذكر فيها المجلد (الدليل ١١١ §٢)	1
المجلد-الخامس/الباب-الخامس/00-فاتحة-الباب-الخامس.md	7	أين» ولا تسبقها. وتعلّمت في الباب الرابع	أين» ولا تسبقها. وتعلّمت في الباب الرابع (المجلد الرابع)	الإحالة إلى مجلدٍ آخر يُذكر فيها المجلد (الدليل ١١١ §٢)	1
المجلد-الخامس/الباب-الخامس/00-فاتحة-الباب-الخامس.md	7	"ن أتكلم، وكيف؟**

تعلّمتَ في الباب الأول"	"ن أتكلم، وكيف؟**

تعلّمتَ في الباب الأول (المجلد الأول)"	الإحالة إلى مجلدٍ آخر يُذكر فيها المجلد (الدليل ١١١ §٢)	1
المجلد-الخامس/الباب-الخامس/ف01-أ-المدخل-والدرس-الأول.md	212	ار مقصود. (وتفصيل الخطبة في الباب التاسع	ار مقصود. (وتفصيل الخطبة في الباب التاسع (المجلد الثامن)	الإحالة إلى مجلدٍ آخر يُذكر فيها المجلد (الدليل ١١١ §٢)	1
المجلد-الخامس/الباب-الخامس/ف01-أ-المدخل-والدرس-الأول.md	172	تفصيل آداب المجلس العلمي في الباب الثامن	تفصيل آداب المجلس العلمي في الباب الثامن (المجلد الثامن)	الإحالة إلى مجلدٍ آخر يُذكر فيها المجلد (الدليل ١١١ §٢)	1
المجلد-الخامس/الباب-الخامس/ف01-ب-الدرس-الثاني.md	9	 ينتهي. (وتفصيل المحاضرة في الباب التاسع	 ينتهي. (وتفصيل المحاضرة في الباب التاسع (المجلد الثامن)	الإحالة إلى مجلدٍ آخر يُذكر فيها المجلد (الدليل ١١١ §٢)	1
المجلد-الخامس/الباب-الخامس/ف02-أ-المدخل-والدرس-الأول.md	180	 هو. (وتفصيل التقديم في الباب الحادي عشر	 هو. (وتفصيل التقديم في الباب الحادي عشر (المجلد العاشر)	الإحالة إلى مجلدٍ آخر يُذكر فيها المجلد (الدليل ١١١ §٢)	1
المجلد-الخامس/الباب-الخامس/ف02-أ-المدخل-والدرس-الأول.md	140	صيل صوت المذيع ونطقه في الباب الحادي عشر	صيل صوت المذيع ونطقه في الباب الحادي عشر (المجلد العاشر)	الإحالة إلى مجلدٍ آخر يُذكر فيها المجلد (الدليل ١١١ §٢)	1
المجلد-الخامس/الباب-الخامس/ف02-ب-الدرس-الثاني.md	69	هدد. (وتفصيل التفاوض في الباب الثاني عشر	هدد. (وتفصيل التفاوض في الباب الثاني عشر (المجلد العاشر)	الإحالة إلى مجلدٍ آخر يُذكر فيها المجلد (الدليل ١١١ §٢)	1
المجلد-الخامس/الباب-الخامس/ف02-ب-الدرس-الثاني.md	33	ي تقرير. (وتفصيل ذلك في الباب الثاني عشر	ي تقرير. (وتفصيل ذلك في الباب الثاني عشر (المجلد العاشر)	الإحالة إلى مجلدٍ آخر يُذكر فيها المجلد (الدليل ١١١ §٢)	1
المجلد-الخامس/الباب-الخامس/ف03-أ-المدخل-والدرس-الأول.md	182	المدير مع الموظف المخطئ، في الباب العاشر	المدير مع الموظف المخطئ، في الباب العاشر (المجلد التاسع)	الإحالة إلى مجلدٍ آخر يُذكر فيها المجلد (الدليل ١١١ §٢)	1
المجلد-الخامس/الباب-الخامس/ف03-أ-المدخل-والدرس-الأول.md	23	ن المقابلة إلى الاجتماع، في الباب العاشر	ن المقابلة إلى الاجتماع، في الباب العاشر (المجلد التاسع)	الإحالة إلى مجلدٍ آخر يُذكر فيها المجلد (الدليل ١١١ §٢)	1
المجلد-الخامس/الباب-الخامس/ف03-ب-الدرس-الثاني.md	80	 المدير وموظفيه، والعكس، في الباب العاشر	 المدير وموظفيه، والعكس، في الباب العاشر (المجلد التاسع)	الإحالة إلى مجلدٍ آخر يُذكر فيها المجلد (الدليل ١١١ §٢)	1
المجلد-الخامس/الباب-الخامس/ف08-أ-التهدئة-وحفظ-الكرامة.md	216	"نه أمام من يسمع الطرفين.

**الباب الثالث"	"نه أمام من يسمع الطرفين.

**الباب الثالث (المجلد الثالث)"	الإحالة إلى مجلدٍ آخر يُذكر فيها المجلد (الدليل ١١١ §٢)	1
المجلد-الخامس/الباب-الخامس/ف08-أ-التهدئة-وحفظ-الكرامة.md	214	" يبني عليه شعوره بقيمته.

**الباب الثاني"	" يبني عليه شعوره بقيمته.

**الباب الثاني (المجلد الثاني)"	الإحالة إلى مجلدٍ آخر يُذكر فيها المجلد (الدليل ١١١ §٢)	1
المجلد-الخامس/الباب-الخامس/ف08-أ-التهدئة-وحفظ-الكرامة.md	212	" ثلاثة أبواب لا باب واحد:

**الباب الأول"	" ثلاثة أبواب لا باب واحد:

**الباب الأول (المجلد الأول)"	الإحالة إلى مجلدٍ آخر يُذكر فيها المجلد (الدليل ١١١ §٢)	1
المجلد-السادس/الباب-السادس/ف01-السلام-والبشاشة-والاستماع.md	826	سْمِ اللهِ». وراجع حكمها في الباب الثاني	سْمِ اللهِ». وراجع حكمها في الباب الثاني (المجلد الثاني)	الإحالة إلى مجلدٍ آخر يُذكر فيها المجلد (الدليل ١١١ §٢)	1
المجلد-السادس/الباب-السادس/ف02-على-قدر-العقول.md	87	"اث: لكل طبقة كلام

مرّ بك في الباب الأول"	"اث: لكل طبقة كلام

مرّ بك في الباب الأول (المجلد الأول)"	الإحالة إلى مجلدٍ آخر يُذكر فيها المجلد (الدليل ١١١ §٢)	1
المجلد-السادس/الباب-السادس/ف02-على-قدر-العقول.md	24	" المهارة من الأدب؟

عرفت في الباب الخامس"	" المهارة من الأدب؟

عرفت في الباب الخامس (المجلد الخامس)"	الإحالة إلى مجلدٍ آخر يُذكر فيها المجلد (الدليل ١١١ §٢)	1
المجلد-السادس/الباب-السادس/ف03-المدح-والشكر-والدعاء.md	227	 بحسب العرف الرسمي للبلد والمؤسسة (انظر 	 بحسب العرف الرسمي للبلد والمؤسسة (انظر المجلد الثاني، 	الإحالة إلى مجلدٍ آخر يُذكر فيها المجلد (الدليل ١١١ §٢)	1
المجلد-السادس/الباب-السادس/ف06-ب-الدرس-الثاني.md	296	زول إلى العامية، كما تقرر في الباب الأول	زول إلى العامية، كما تقرر في الباب الأول (المجلد الأول)	الإحالة إلى مجلدٍ آخر يُذكر فيها المجلد (الدليل ١١١ §٢)	1
المجلد-السادس/الباب-السادس/ف06-ب-الدرس-الثاني.md	118	ى تحقق من المصدر]*. وسيفصّل الباب الثامن	ى تحقق من المصدر]*. وسيفصّل الباب الثامن (المجلد الثامن)	الإحالة إلى مجلدٍ آخر يُذكر فيها المجلد (الدليل ١١١ §٢)	1
المجلد-السادس/الباب-السادس/ف07-أ-المدخل-والدرس-الأول.md	270	"ى غيرهم.

والكتاب يعلّمك في الباب الثاني"	"ى غيرهم.

والكتاب يعلّمك في الباب الثاني (المجلد الثاني)"	الإحالة إلى مجلدٍ آخر يُذكر فيها المجلد (الدليل ١١١ §٢)	1
المجلد-السابع/الباب-السابع/ف01-ب-السؤال-الدرس-الثاني.md	78	أتي تفصيل أسئلة المقابلة في الباب العاشر	أتي تفصيل أسئلة المقابلة في الباب العاشر (المجلد التاسع)	الإحالة إلى مجلدٍ آخر يُذكر فيها المجلد (الدليل ١١١ §٢)	1
المجلد-السابع/الباب-السابع/ف07-ج-النقد-والنصيحة-التطبيق-والتقويم.md	270	، وهو ما يؤهله للانتقال إلى الباب الثامن	، وهو ما يؤهله للانتقال إلى الباب الثامن (المجلد الثامن)	الإحالة إلى مجلدٍ آخر يُذكر فيها المجلد (الدليل ١١١ §٢)	1
المجلد-الثامن/الباب-الثامن/00-فاتحة-الباب-الثامن.md	9	اح والمداخلة في باب الحوار (الباب السابع	اح والمداخلة في باب الحوار (الباب السابع، المجلد السابع	الإحالة إلى مجلدٍ آخر يُذكر فيها المجلد (الدليل ١١١ §٢)	1
المجلد-الثامن/الباب-الثامن/00-فاتحة-الباب-الثامن.md	9	الأعلى منزلة في باب المقام (الباب الخامس	الأعلى منزلة في باب المقام (الباب الخامس، المجلد الخامس	الإحالة إلى مجلدٍ آخر يُذكر فيها المجلد (الدليل ١١١ §٢)	1
المجلد-الثامن/الباب-الثامن/00-فاتحة-الباب-الثامن.md	9	اختلاف المؤدب في باب الأدب (الباب السادس	اختلاف المؤدب في باب الأدب (الباب السادس، المجلد السادس	الإحالة إلى مجلدٍ آخر يُذكر فيها المجلد (الدليل ١١١ §٢)	1
المجلد-الثامن/الباب-الثامن/ف01-د-التطبيق-الختامي-والتقويم.md	123	 من تفصيل الأصوات الحرجة في الباب الثاني	 من تفصيل الأصوات الحرجة في الباب الثاني (المجلد الثاني)	الإحالة إلى مجلدٍ آخر يُذكر فيها المجلد (الدليل ١١١ §٢)	1
المجلد-الثامن/الباب-الثامن/ف02-أ-إظهار-العلم-ومخاطبة-الكبير.md	119	ار سجل (انظر بطاقة السجلات، الباب الرابع	ار سجل (انظر بطاقة السجلات، الباب الرابع، المجلد الرابع	الإحالة إلى مجلدٍ آخر يُذكر فيها المجلد (الدليل ١١١ §٢)	1
المجلد-الثامن/الباب-التاسع/00-فاتحة-الباب-التاسع.md	9	بع)، ومخاطبة الجمهور العام (الباب الخامس	بع)، ومخاطبة الجمهور العام (الباب الخامس، المجلد الخامس	الإحالة إلى مجلدٍ آخر يُذكر فيها المجلد (الدليل ١١١ §٢)	1
المجلد-الثامن/الباب-التاسع/00-فاتحة-الباب-التاسع.md	9	لافتتاح والانتقال والخاتمة (الباب الرابع	لافتتاح والانتقال والخاتمة (الباب الرابع، المجلد الرابع	الإحالة إلى مجلدٍ آخر يُذكر فيها المجلد (الدليل ١١١ §٢)	1
المجلد-الثامن/الباب-التاسع/00-فاتحة-الباب-التاسع.md	9	لباب الأول)، والصوت والوقف (الباب الثاني	لباب الأول)، والصوت والوقف (الباب الثاني، المجلد الثاني	الإحالة إلى مجلدٍ آخر يُذكر فيها المجلد (الدليل ١١١ §٢)	1
المجلد-الثامن/الباب-التاسع/00-فاتحة-الباب-التاسع.md	9	مته من قبل: المعايير الخمسة (الباب الأول	مته من قبل: المعايير الخمسة (الباب الأول، المجلد الأول	الإحالة إلى مجلدٍ آخر يُذكر فيها المجلد (الدليل ١١١ §٢)	1
المجلد-التاسع/الباب-العاشر/ف01-أ-بناء-الجواب.md	477	ريف بالنفس في الباب الرابع (الفصل الرابع	ريف بالنفس في الباب الرابع (الفصل الرابع، المجلد الرابع	الإحالة إلى مجلدٍ آخر يُذكر فيها المجلد (الدليل ١١١ §٢)	1
المجلد-التاسع/الباب-العاشر/ف01-ب-الأسئلة-والمحاكاة.md	456	الذي رأيته عند عبد الرحمن في الباب الأول	الذي رأيته عند عبد الرحمن في الباب الأول (المجلد الأول)	الإحالة إلى مجلدٍ آخر يُذكر فيها المجلد (الدليل ١١١ §٢)	1
المجلد-العاشر/الباب-الحادي-عشر/00-فاتحة-الباب-الحادي-عشر.md	9	ب الرابع)، وحسن سؤال وجواب (الباب السابع	ب الرابع)، وحسن سؤال وجواب (الباب السابع، المجلد السابع	الإحالة إلى مجلدٍ آخر يُذكر فيها المجلد (الدليل ١١١ §٢)	1
المجلد-العاشر/الباب-الحادي-عشر/00-فاتحة-الباب-الحادي-عشر.md	9	 الثالث)، وافتتاحًا وخاتمة (الباب الرابع	 الثالث)، وافتتاحًا وخاتمة (الباب الرابع، المجلد الرابع	الإحالة إلى مجلدٍ آخر يُذكر فيها المجلد (الدليل ١١١ §٢)	1
المجلد-العاشر/الباب-الحادي-عشر/00-فاتحة-الباب-الحادي-عشر.md	9	لباب الثاني)، وجملة طبيعية (الباب الثالث	لباب الثاني)، وجملة طبيعية (الباب الثالث، المجلد الثالث	الإحالة إلى مجلدٍ آخر يُذكر فيها المجلد (الدليل ١١١ §٢)	1
المجلد-العاشر/الباب-الحادي-عشر/00-فاتحة-الباب-الحادي-عشر.md	9	بواب السابقة: صوتًا سليمًا (الباب الثاني	بواب السابقة: صوتًا سليمًا (الباب الثاني، المجلد الثاني	الإحالة إلى مجلدٍ آخر يُذكر فيها المجلد (الدليل ١١١ §٢)	1
المجلد-العاشر/الباب-الحادي-عشر/ف01-ج-التطبيق-والتقويم.md	359	عالج ذلك بالأزواج الدنيا من الباب الثاني	عالج ذلك بالأزواج الدنيا من الباب الثاني (المجلد الثاني)	الإحالة إلى مجلدٍ آخر يُذكر فيها المجلد (الدليل ١١١ §٢)	1
المجلد-العاشر/الباب-الحادي-عشر/ف02-أ-المدخل-والدرس-الأول.md	177	ألقاب الرسمية في الباب الثاني عشر (انظر 	ألقاب الرسمية في الباب الثاني عشر (انظر المجلد الثاني، 	الإحالة إلى مجلدٍ آخر يُذكر فيها المجلد (الدليل ١١١ §٢)	1
المجلد-العاشر/الباب-الثالث-عشر/ف02-أ-المدخل-والمحاكاة-الأولى.md	25	والموقف العلمي ما تعلمته في الباب الثامن	والموقف العلمي ما تعلمته في الباب الثامن (المجلد الثامن)	الإحالة إلى مجلدٍ آخر يُذكر فيها المجلد (الدليل ١١١ §٢)	1
المجلد-العاشر/الباب-الثالث-عشر/ف02-أ-المدخل-والمحاكاة-الأولى.md	25	الموقف الإداري ما تعلمته في الباب العاشر	الموقف الإداري ما تعلمته في الباب العاشر (المجلد التاسع)	الإحالة إلى مجلدٍ آخر يُذكر فيها المجلد (الدليل ١١١ §٢)	1
المجلد-العاشر/الباب-الثالث-عشر/ف03-أ-الملف-الصوتي-ومشروع-التخرج.md	84	 عند الانتقال، كما تعلمت في الباب الثاني	 عند الانتقال، كما تعلمت في الباب الثاني (المجلد الثاني)	الإحالة إلى مجلدٍ آخر يُذكر فيها المجلد (الدليل ١١١ §٢)	1
المجلد-العاشر/الباب-الثالث-عشر/ف03-أ-الملف-الصوتي-ومشروع-التخرج.md	70	كّر تسجيلك التشخيصي في مطلع الباب الثاني	كّر تسجيلك التشخيصي في مطلع الباب الثاني (المجلد الثاني)	الإحالة إلى مجلدٍ آخر يُذكر فيها المجلد (الدليل ١١١ §٢)	1
المجلد-العاشر/الباب-الثالث-عشر/ف03-أ-الملف-الصوتي-ومشروع-التخرج.md	67	 نهاية المرحلة الثانية (بعد الباب السادس	 نهاية المرحلة الثانية (بعد الباب السادس، المجلد السادس	الإحالة إلى مجلدٍ آخر يُذكر فيها المجلد (الدليل ١١١ §٢)	1
المجلد-العاشر/الباب-الثالث-عشر/ف03-أ-الملف-الصوتي-ومشروع-التخرج.md	66	| نهاية المرحلة الأولى (بعد الباب الثالث	| نهاية المرحلة الأولى (بعد الباب الثالث، المجلد الثالث	الإحالة إلى مجلدٍ آخر يُذكر فيها المجلد (الدليل ١١١ §٢)	1
المجلد-العاشر/الباب-الثالث-عشر/ف03-أ-الملف-الصوتي-ومشروع-التخرج.md	65	"|---|---|---|
| اليوم الأول (الباب الأول"	"|---|---|---|
| اليوم الأول (الباب الأول، المجلد الأول"	الإحالة إلى مجلدٍ آخر يُذكر فيها المجلد (الدليل ١١١ §٢)	1
المجلد-العاشر/الباب-الثالث-عشر/ف03-أ-الملف-الصوتي-ومشروع-التخرج.md	36	عمر، الذي قابلناه أول مرة في الباب الأول	عمر، الذي قابلناه أول مرة في الباب الأول (المجلد الأول)	الإحالة إلى مجلدٍ آخر يُذكر فيها المجلد (الدليل ١١١ §٢)	1
المجلد-العاشر/الباب-الثالث-عشر/ف03-أ-الملف-الصوتي-ومشروع-التخرج.md	28	ر تسجيلك الأول، الذي طلب منه الباب الأول	ر تسجيلك الأول، الذي طلب منه الباب الأول (المجلد الأول)	الإحالة إلى مجلدٍ آخر يُذكر فيها المجلد (الدليل ١١١ §٢)	1
المجلد-العاشر/الباب-الثالث-عشر/ف03-ب-يوم-الأداء-الختامي.md	31	لمتكلم** | عمر، الذي أخفق في الباب الأول	لمتكلم** | عمر، الذي أخفق في الباب الأول (المجلد الأول)	الإحالة إلى مجلدٍ آخر يُذكر فيها المجلد (الدليل ١١١ §٢)	1
المجلد-العاشر/الباب-الثالث-عشر/ف03-ج-التطبيق-والتقويم-والخاتمة.md	225	تمع إليه بعد تسجيلك الأول من الباب الأول	تمع إليه بعد تسجيلك الأول من الباب الأول (المجلد الأول)	الإحالة إلى مجلدٍ آخر يُذكر فيها المجلد (الدليل ١١١ §٢)	1
المجلد-العاشر/الباب-الثالث-عشر/ف03-ج-التطبيق-والتقويم-والخاتمة.md	168	يل بعد تسجيلك الأول من فاتحة الباب الأول	يل بعد تسجيلك الأول من فاتحة الباب الأول (المجلد الأول)	الإحالة إلى مجلدٍ آخر يُذكر فيها المجلد (الدليل ١١١ §٢)	1
المجلد-العاشر/الباب-الثالث-عشر/ف03-ج-التطبيق-والتقويم-والخاتمة.md	5	"يرة

*(تابع الفصل الثالث من الباب الثالث"	"يرة

*(تابع الفصل الثالث من الباب الثالث (المجلد الثالث)"	الإحالة إلى مجلدٍ آخر يُذكر فيها المجلد (الدليل ١١١ §٢)	1
المجلد-الحادي-عشر/المرجع-الأول-بنك-الأخطاء/00-فاتحة-بنك-الأخطاء.md	67	ندك في ملفك الصوتي (من فاتحة الباب الأول	ندك في ملفك الصوتي (من فاتحة الباب الأول (المجلد الأول)	الإحالة إلى مجلدٍ آخر يُذكر فيها المجلد (الدليل ١١١ §٢)	1
المجلد-الحادي-عشر/الملاحق/ملحق-هـ-النماذج-الكاملة-٢.md	66	يطلبه الباب الحادي عشر (الإعلام والتقديم	يطلبه الباب الحادي عشر (الإعلام والتقديم، المجلد العاشر	الإحالة إلى مجلدٍ آخر يُذكر فيها المجلد (الدليل ١١١ §٢)	1
المجلد-الحادي-عشر/الملاحق/ملحق-هـ-النماذج-الكاملة.md	149	ه؟» الذي تراه أيضًا في حلقة الباب العاشر	ه؟» الذي تراه أيضًا في حلقة الباب العاشر (المجلد التاسع)	الإحالة إلى مجلدٍ آخر يُذكر فيها المجلد (الدليل ١١١ §٢)	1
المجلد-الحادي-عشر/الملاحق/ملحق-هـ-النماذج-الكاملة.md	112	هذا يطابق ما يعلّمه الباب السابع (الحوار	هذا يطابق ما يعلّمه الباب السابع (الحوار، المجلد السابع	الإحالة إلى مجلدٍ آخر يُذكر فيها المجلد (الدليل ١١١ §٢)	1
_المرافقة/بنك-الاختبارات-ودليل-المعلم/ملحق-ز-أدوات-التقويم-٢.md	11	ة ملاحظة: جلسة تدريب النطق (الباب الثاني	ة ملاحظة: جلسة تدريب النطق (الباب الثاني، المجلد الثاني	الإحالة إلى مجلدٍ آخر يُذكر فيها المجلد (الدليل ١١١ §٢)	1
_المرافقة/بنك-الاختبارات-ودليل-المعلم/ملحق-ز-أدوات-التقويم.md	33	 الثاني (ض، ظ، ذ، ث، ص، ط، ق، ع، ح، خ، غ	 الثاني (ض، ظ، ذ، ث، ص، ط، ق، ع، ح، خ، غ، المجلد الثاني	الإحالة إلى مجلدٍ آخر يُذكر فيها المجلد (الدليل ١١١ §٢)	1
المجلد-السادس/الباب-السادس/ف03-المدح-والشكر-والدعاء.md	—	(تصحيح إدراجٍ خاطئ للمجلد قبل «عشر»)	المجلد العاشر للبابين الثاني عشر والثالث عشر	خطأ في الأداة صُحّح في الجولة نفسها	1
المجلد-العاشر/الباب-الحادي-عشر/ف02-أ-المدخل-والدرس-الأول.md	—	(تصحيح إدراجٍ خاطئ للمجلد قبل «عشر»)	المجلد العاشر للبابين الثاني عشر والثالث عشر	خطأ في الأداة صُحّح في الجولة نفسها	1
المجلد-العاشر/الباب-الثالث-عشر/ف03-أ-الملف-الصوتي-ومشروع-التخرج.md	—	(تصحيح إدراجٍ خاطئ للمجلد قبل «عشر»)	المجلد العاشر للبابين الثاني عشر والثالث عشر	خطأ في الأداة صُحّح في الجولة نفسها	1
المجلد-العاشر/الباب-الثالث-عشر/ف03-ج-التطبيق-والتقويم-والخاتمة.md	—	(تصحيح إدراجٍ خاطئ للمجلد قبل «عشر»)	المجلد العاشر للبابين الثاني عشر والثالث عشر	خطأ في الأداة صُحّح في الجولة نفسها	1
المجلد-الأول/الباب-الأول/ف03-أ-المفاهيم-والدرس.md	426	مة الحرفية في الباب الثالث، الفصل الخامس	مة الحرفية في الباب الثالث، الفصل الخامس (المجلد الثالث)	الإحالة إلى مجلدٍ آخر يُذكر فيها المجلد (الدليل ١١١ §٢)	1
المجلد-الثاني/الباب-الثاني/ف06-أ-المدخل-وحروف-الذلاقة.md	204	لمخاطب الذي تعلمته في الباب الأول (انظر 	لمخاطب الذي تعلمته في الباب الأول (انظر المجلد الأول، 	الإحالة إلى مجلدٍ آخر يُذكر فيها المجلد (الدليل ١١١ §٢)	1
المجلد-الثاني/الباب-الثاني/ف06-ب-التطبيق-والتقويم.md	322	راعاة المخاطب» الذي درسته في الباب الأول	راعاة المخاطب» الذي درسته في الباب الأول (المجلد الأول)	الإحالة إلى مجلدٍ آخر يُذكر فيها المجلد (الدليل ١١١ §٢)	1
المجلد-الثاني/الباب-الثاني/ف09-أ-المدخل-والدرسان.md	144	تفصيل هذا نحوي محله الباب الثالث *(انظر 	تفصيل هذا نحوي محله الباب الثالث *(انظر المجلد الثالث، 	الإحالة إلى مجلدٍ آخر يُذكر فيها المجلد (الدليل ١١١ §٢)	1
المجلد-الثاني/الباب-الثاني/ف10-ب-التطبيق-والتقويم.md	43	لحرجة يجب أن تأتي أولًا، لا آخرًا (انظر 	لحرجة يجب أن تأتي أولًا، لا آخرًا (انظر المجلد الأول، 	الإحالة إلى مجلدٍ آخر يُذكر فيها المجلد (الدليل ١١١ §٢)	1
المجلد-الثاني/الباب-الثاني/ف11-أ-المدخل-والدرسان.md	75	ي أكثر المقامات غضبًا أو استعلاء *(انظر 	ي أكثر المقامات غضبًا أو استعلاء *(انظر المجلد الأول، 	الإحالة إلى مجلدٍ آخر يُذكر فيها المجلد (الدليل ١١١ §٢)	1
المجلد-الثاني/الباب-الثاني/ف11-أ-المدخل-والدرسان.md	46	لام **صحيحًا** ليكون **مؤثرًا**؟ *(انظر 	لام **صحيحًا** ليكون **مؤثرًا**؟ *(انظر المجلد الأول، 	الإحالة إلى مجلدٍ آخر يُذكر فيها المجلد (الدليل ١١١ §٢)	1
المجلد-الثالث/الباب-الثالث/ف02-ب-الإعراب-والنواسخ.md	112	ب واحد، والوقف فيها يقطع المعنى. *(انظر 	ب واحد، والوقف فيها يقطع المعنى. *(انظر المجلد الثاني، 	الإحالة إلى مجلدٍ آخر يُذكر فيها المجلد (الدليل ١١١ §٢)	1
المجلد-الثالث/الباب-الثالث/ف07-أ-الحشو-الصوتي.md	189	ل الثالث من «وقفة الثواني العشر» *(انظر 	ل الثالث من «وقفة الثواني العشر» *(انظر المجلد الأول، 	الإحالة إلى مجلدٍ آخر يُذكر فيها المجلد (الدليل ١١١ §٢)	1
المجلد-الثالث/الباب-الثالث/ف07-ب-التكرار-والغموض.md	243	جزة. وتفصيل فن الافتتاح في موضعه *(انظر 	جزة. وتفصيل فن الافتتاح في موضعه *(انظر المجلد الرابع، 	الإحالة إلى مجلدٍ آخر يُذكر فيها المجلد (الدليل ١١١ §٢)	1
المجلد-الثالث/الباب-الثالث/ف07-ب-التكرار-والغموض.md	24	يجاز والإطناب مفصّلين في موضعهما *(انظر 	يجاز والإطناب مفصّلين في موضعهما *(انظر المجلد الرابع، 	الإحالة إلى مجلدٍ آخر يُذكر فيها المجلد (الدليل ١١١ §٢)	1
المجلد-الرابع/الباب-الرابع/00-فاتحة-الباب-الرابع.md	9	"واحدة.

والبيان، كما عرفت في الباب الأول"	"واحدة.

والبيان، كما عرفت في الباب الأول (المجلد الأول)"	الإحالة إلى مجلدٍ آخر يُذكر فيها المجلد (الدليل ١١١ §٢)	1
المجلد-الرابع/الباب-الرابع/ف01-ب-الدرس-الثاني.md	191	ه الخريطة هي «وقفة الثواني العشر» (انظر 	ه الخريطة هي «وقفة الثواني العشر» (انظر المجلد الأول، 	الإحالة إلى مجلدٍ آخر يُذكر فيها المجلد (الدليل ١١١ §٢)	1
المجلد-الرابع/الباب-الرابع/ف02-أ-المدخل-والدرس-الأول.md	76	آدابه مفصلة في الباب السادس، الفصل الأول	آدابه مفصلة في الباب السادس، الفصل الأول (المجلد السادس)	الإحالة إلى مجلدٍ آخر يُذكر فيها المجلد (الدليل ١١١ §٢)	1
المجلد-الرابع/الباب-الرابع/ف02-ب-الدرس-الثاني.md	77	دئًا** من أسفل الصدر، لا من أعلاه (انظر 	دئًا** من أسفل الصدر، لا من أعلاه (انظر المجلد الثاني، 	الإحالة إلى مجلدٍ آخر يُذكر فيها المجلد (الدليل ١١١ §٢)	1
المجلد-الرابع/الباب-الرابع/ف03-ب-فن-الافتتاح.md	65	ف الرسمي. الفصحى تسع الدفء والقرب (انظر 	ف الرسمي. الفصحى تسع الدفء والقرب (انظر المجلد الأول، 	الإحالة إلى مجلدٍ آخر يُذكر فيها المجلد (الدليل ١١١ §٢)	1
المجلد-الرابع/الباب-الرابع/ف05-أ-فن-الانتقال.md	328	لأولى أداة ربط، والثانية صوت تردد (انظر 	لأولى أداة ربط، والثانية صوت تردد (انظر المجلد الثالث، 	الإحالة إلى مجلدٍ آخر يُذكر فيها المجلد (الدليل ١١١ §٢)	1
المجلد-الرابع/الباب-الرابع/ف05-أ-فن-الانتقال.md	289	 انتقال من لغة أخرى نقلًا حرفيًّا (انظر 	 انتقال من لغة أخرى نقلًا حرفيًّا (انظر المجلد الثالث، 	الإحالة إلى مجلدٍ آخر يُذكر فيها المجلد (الدليل ١١١ §٢)	1
المجلد-الرابع/الباب-الرابع/ف05-ب-التطبيق-والتقويم.md	380	و«ثلاث» بمخرجها، ولا تجعلها سينًا (انظر 	و«ثلاث» بمخرجها، ولا تجعلها سينًا (انظر المجلد الثاني، 	الإحالة إلى مجلدٍ آخر يُذكر فيها المجلد (الدليل ١١١ §٢)	1
المجلد-الرابع/الباب-الرابع/ف06-أ-فن-الخاتمة.md	24	ؤال من أسئلة «وقفة الثواني العشر» (انظر 	ؤال من أسئلة «وقفة الثواني العشر» (انظر المجلد الأول، 	الإحالة إلى مجلدٍ آخر يُذكر فيها المجلد (الدليل ١١١ §٢)	1
المجلد-الرابع/الباب-الرابع/ف06-ج-التطبيق-والتقويم.md	246	 مخرجها، ولا تجعلها حاءً ولا هاءً (انظر 	 مخرجها، ولا تجعلها حاءً ولا هاءً (انظر المجلد الثاني، 	الإحالة إلى مجلدٍ آخر يُذكر فيها المجلد (الدليل ١١١ §٢)	1
المجلد-الرابع/الباب-الرابع/ف10-أ-الاقتباس-والتضمين.md	136	وفي المثل السائر: لكل مقام مقال.» (انظر 	وفي المثل السائر: لكل مقام مقال.» (انظر المجلد الأول، 	الإحالة إلى مجلدٍ آخر يُذكر فيها المجلد (الدليل ١١١ §٢)	1
المجلد-الرابع/الباب-الرابع/ف10-ب-الشعر-والأمثال.md	39	مامًا، لكنه مثل سائر لا حديث نبوي (انظر 	مامًا، لكنه مثل سائر لا حديث نبوي (انظر المجلد الأول، 	الإحالة إلى مجلدٍ آخر يُذكر فيها المجلد (الدليل ١١١ §٢)	1
المجلد-الخامس/الباب-الخامس/ف01-أ-المدخل-والدرس-الأول.md	23	عن اسمك، بل عن صفتك في هذا المقام (انظر 	عن اسمك، بل عن صفتك في هذا المقام (انظر المجلد الأول، 	الإحالة إلى مجلدٍ آخر يُذكر فيها المجلد (الدليل ١١١ §٢)	1
المجلد-الخامس/الباب-الخامس/ف02-ج-التطبيق-والتقويم.md	317	ب، وأحلهم إلى الباب الثالث، الفصل الخامس	ب، وأحلهم إلى الباب الثالث، الفصل الخامس (المجلد الثالث)	الإحالة إلى مجلدٍ آخر يُذكر فيها المجلد (الدليل ١١١ §٢)	1
المجلد-الخامس/الباب-الخامس/ف03-ب-الدرس-الثاني.md	132	لم. وقد سبق تفصيل بعض هذا في الباب الأول	لم. وقد سبق تفصيل بعض هذا في الباب الأول (المجلد الأول)	الإحالة إلى مجلدٍ آخر يُذكر فيها المجلد (الدليل ١١١ §٢)	1
المجلد-الخامس/الباب-الخامس/ف06-مخاطبة-الأقران-والأدنى.md	626	لمقام، ثم قف «وقفة الثواني العشر» (انظر 	لمقام، ثم قف «وقفة الثواني العشر» (انظر المجلد الأول، 	الإحالة إلى مجلدٍ آخر يُذكر فيها المجلد (الدليل ١١١ §٢)	1
المجلد-الخامس/الباب-الخامس/ف06-مخاطبة-الأقران-والأدنى.md	420	والنزول إلى مستوى عينيه حين تكلمه (انظر 	والنزول إلى مستوى عينيه حين تكلمه (انظر المجلد السادس، 	الإحالة إلى مجلدٍ آخر يُذكر فيها المجلد (الدليل ١١١ §٢)	1
المجلد-السادس/الباب-السادس/00-فاتحة-الباب-السادس.md	7	ايير الكلام الناجح، وهو **الأدب** (انظر 	ايير الكلام الناجح، وهو **الأدب** (انظر المجلد الأول، 	الإحالة إلى مجلدٍ آخر يُذكر فيها المجلد (الدليل ١١١ §٢)	1
المجلد-السادس/الباب-السادس/ف01-السلام-والبشاشة-والاستماع.md	213	 كان ذلك تمرينًا يوميًّا مجانيًّا (انظر 	 كان ذلك تمرينًا يوميًّا مجانيًّا (انظر المجلد الثاني، 	الإحالة إلى مجلدٍ آخر يُذكر فيها المجلد (الدليل ١١١ §٢)	1
المجلد-السادس/الباب-السادس/ف02-على-قدر-العقول.md	393	لسماع أنفع وسيلة لإتقان الكلام»** (انظر 	لسماع أنفع وسيلة لإتقان الكلام»** (انظر المجلد الأول، 	الإحالة إلى مجلدٍ آخر يُذكر فيها المجلد (الدليل ١١١ §٢)	1
المجلد-السادس/الباب-السادس/ف02-على-قدر-العقول.md	136	ل لسؤال «لمن؟» في النموذج السداسي (انظر 	ل لسؤال «لمن؟» في النموذج السداسي (انظر المجلد الأول، 	الإحالة إلى مجلدٍ آخر يُذكر فيها المجلد (الدليل ١١١ §٢)	1
المجلد-السادس/الباب-السادس/ف02-على-قدر-العقول.md	87	يحتاج إلى تحقق من الصفحة واللفظ]* (انظر 	يحتاج إلى تحقق من الصفحة واللفظ]* (انظر المجلد الأول، 	الإحالة إلى مجلدٍ آخر يُذكر فيها المجلد (الدليل ١١١ §٢)	1
المجلد-السادس/الباب-السادس/ف03-المدح-والشكر-والدعاء.md	203	ت، فاذكر الوقائع ودع الحكم للسامع (انظر 	ت، فاذكر الوقائع ودع الحكم للسامع (انظر المجلد التاسع، 	الإحالة إلى مجلدٍ آخر يُذكر فيها المجلد (الدليل ١١١ §٢)	1
المجلد-السادس/الباب-السادس/ف05-ب-الدرس-الثاني.md	111	 الميراث أو تدبير الأمور المالية *(انظر 	 الميراث أو تدبير الأمور المالية *(انظر المجلد الأول، 	الإحالة إلى مجلدٍ آخر يُذكر فيها المجلد (الدليل ١١١ §٢)	1
المجلد-السابع/الباب-السابع/ف01-ب-السؤال-الدرس-الثاني.md	266	قفة الثواني العشر» من الباب الأول (انظر 	قفة الثواني العشر» من الباب الأول (انظر المجلد الأول، 	الإحالة إلى مجلدٍ آخر يُذكر فيها المجلد (الدليل ١١١ §٢)	1
المجلد-السابع/الباب-السابع/ف02-أ-الجواب-المدخل-والدرس-الأول.md	161	حدة» التي عرفتها في ترتيب الأفكار (انظر 	حدة» التي عرفتها في ترتيب الأفكار (انظر المجلد الرابع، 	الإحالة إلى مجلدٍ آخر يُذكر فيها المجلد (الدليل ١١١ §٢)	1
المجلد-الثامن/الباب-الثامن/ف01-أ-المدخل-والدخول-والجلوس.md	356	وقد فُصّلت لغة الجسد في باب الأدب (انظر 	وقد فُصّلت لغة الجسد في باب الأدب (انظر المجلد السادس، 	الإحالة إلى مجلدٍ آخر يُذكر فيها المجلد (الدليل ١١١ §٢)	1
المجلد-الثامن/الباب-الثامن/ف01-أ-المدخل-والدخول-والجلوس.md	247	ك في ثلاثين ثانية ودقيقة ودقيقتين (انظر 	ك في ثلاثين ثانية ودقيقة ودقيقتين (انظر المجلد الرابع، 	الإحالة إلى مجلدٍ آخر يُذكر فيها المجلد (الدليل ١١١ §٢)	1
المجلد-الثامن/الباب-الثامن/ف01-أ-المدخل-والدخول-والجلوس.md	120	ال «أين ومتى؟» من النموذج السداسي (انظر 	ال «أين ومتى؟» من النموذج السداسي (انظر المجلد الأول، 	الإحالة إلى مجلدٍ آخر يُذكر فيها المجلد (الدليل ١١١ §٢)	1
المجلد-الثامن/الباب-الثامن/ف01-ب-الكلام-في-المجلس.md	119	شيء جديد. وقد فُصّل في باب الحوار (انظر 	شيء جديد. وقد فُصّل في باب الحوار (انظر المجلد السابع، 	الإحالة إلى مجلدٍ آخر يُذكر فيها المجلد (الدليل ١١١ §٢)	1
المجلد-الثامن/الباب-الثامن/ف01-ب-الكلام-في-المجلس.md	85	"تسأل؟

فُصّل السؤال في باب الحوار (انظر "	"تسأل؟

فُصّل السؤال في باب الحوار (انظر المجلد السابع، "	الإحالة إلى مجلدٍ آخر يُذكر فيها المجلد (الدليل ١١١ §٢)	1
المجلد-الثامن/الباب-الثامن/ف02-أ-إظهار-العلم-ومخاطبة-الكبير.md	36	باب الأول خريج ماجستير في البلاغة (انظر 	باب الأول خريج ماجستير في البلاغة (انظر المجلد الأول، 	الإحالة إلى مجلدٍ آخر يُذكر فيها المجلد (الدليل ١١١ §٢)	1
المجلد-الثامن/الباب-الثامن/ف02-أ-إظهار-العلم-ومخاطبة-الكبير.md	24	ول من النموذج السداسي: مَن يتكلم؟ (انظر 	ول من النموذج السداسي: مَن يتكلم؟ (انظر المجلد الأول، 	الإحالة إلى مجلدٍ آخر يُذكر فيها المجلد (الدليل ١١١ §٢)	1
المجلد-الثامن/الباب-الثامن/ف03-أ-المدخل-وحوار-اللقاء-الأول.md	49	بل أن يسأل نفسه «من أنا هنا بعد؟» (انظر 	بل أن يسأل نفسه «من أنا هنا بعد؟» (انظر المجلد الأول، 	الإحالة إلى مجلدٍ آخر يُذكر فيها المجلد (الدليل ١١١ §٢)	1
المجلد-الثامن/الباب-التاسع/ف01-أ-المدخل-وبناء-الخطبة.md	215	والعلاج في تدريبات الحاء في الباب الثاني	والعلاج في تدريبات الحاء في الباب الثاني (المجلد الثاني)	الإحالة إلى مجلدٍ آخر يُذكر فيها المجلد (الدليل ١١١ §٢)	1
المجلد-الثامن/الباب-التاسع/ف01-ب-العبارة-والصوت-والنموذج.md	232	"على المنبر

للمنبر في عناصر الصوت (انظر "	"على المنبر

للمنبر في عناصر الصوت (انظر المجلد الثاني، "	الإحالة إلى مجلدٍ آخر يُذكر فيها المجلد (الدليل ١١١ §٢)	1
المجلد-الثامن/الباب-التاسع/ف01-ب-العبارة-والصوت-والنموذج.md	152	رفت في الباب الرابع آداب الاقتباس (انظر 	رفت في الباب الرابع آداب الاقتباس (انظر المجلد الرابع، 	الإحالة إلى مجلدٍ آخر يُذكر فيها المجلد (الدليل ١١١ §٢)	1
المجلد-الثامن/الباب-التاسع/ف01-ب-العبارة-والصوت-والنموذج.md	88	"ور مختلط

للعربية الخطابية علامات (انظر "	"ور مختلط

للعربية الخطابية علامات (انظر المجلد الخامس، "	الإحالة إلى مجلدٍ آخر يُذكر فيها المجلد (الدليل ١١١ §٢)	1
المجلد-الثامن/الباب-التاسع/ف04-أ-المدخل-والدرس-الأول.md	143	ا تجعل الافتتاح كله ثناءً وشكرًا. (انظر 	ا تجعل الافتتاح كله ثناءً وشكرًا. (انظر المجلد الرابع، 	الإحالة إلى مجلدٍ آخر يُذكر فيها المجلد (الدليل ١١١ §٢)	1
المجلد-الثامن/الباب-التاسع/ف04-ب-الدرس-الثاني.md	173	ثال» مفصّل في الباب السابع، الفصل الثاني	ثال» مفصّل في الباب السابع، الفصل الثاني (المجلد السابع)	الإحالة إلى مجلدٍ آخر يُذكر فيها المجلد (الدليل ١١١ §٢)	1
المجلد-التاسع/الباب-العاشر/ف01-أ-بناء-الجواب.md	343	 اللجنة كلهم، لا على من سألك وحده (انظر 	 اللجنة كلهم، لا على من سألك وحده (انظر المجلد السادس، 	الإحالة إلى مجلدٍ آخر يُذكر فيها المجلد (الدليل ١١١ §٢)	1
المجلد-التاسع/الباب-العاشر/ف01-أ-بناء-الجواب.md	81	. وقد تعلمت أن تبدأ جوابك بخلاصته (انظر 	. وقد تعلمت أن تبدأ جوابك بخلاصته (انظر المجلد السابع، 	الإحالة إلى مجلدٍ آخر يُذكر فيها المجلد (الدليل ١١١ §٢)	1
المجلد-التاسع/الباب-العاشر/ف01-ب-الأسئلة-والمحاكاة.md	684	ما لا يملك | مخاطبة الكبير الغاضب (انظر 	ما لا يملك | مخاطبة الكبير الغاضب (انظر المجلد الخامس، 	الإحالة إلى مجلدٍ آخر يُذكر فيها المجلد (الدليل ١١١ §٢)	1
المجلد-التاسع/الباب-العاشر/ف01-ب-الأسئلة-والمحاكاة.md	243	ب العربية لتختبر تغيير السجل نفسه (انظر 	ب العربية لتختبر تغيير السجل نفسه (انظر المجلد الخامس، 	الإحالة إلى مجلدٍ آخر يُذكر فيها المجلد (الدليل ١١١ §٢)	1
المجلد-التاسع/الباب-العاشر/ف03-أ-إدارة-الاجتماع.md	140	تتاح العامة وأنواعه في باب البيان (انظر 	تتاح العامة وأنواعه في باب البيان (انظر المجلد الرابع، 	الإحالة إلى مجلدٍ آخر يُذكر فيها المجلد (الدليل ١١١ §٢)	1
المجلد-التاسع/الباب-العاشر/ف03-ب-إدارة-الاجتماع.md	309	اع الخواتيم وبنيتها في باب البيان (انظر 	اع الخواتيم وبنيتها في باب البيان (انظر المجلد الرابع، 	الإحالة إلى مجلدٍ آخر يُذكر فيها المجلد (الدليل ١١١ §٢)	1
المجلد-التاسع/الباب-العاشر/ف04-أ-المدير-وموظفوه.md	80	بة من هو دونك منزلة في باب المقام (انظر 	بة من هو دونك منزلة في باب المقام (انظر المجلد الخامس، 	الإحالة إلى مجلدٍ آخر يُذكر فيها المجلد (الدليل ١١١ §٢)	1
المجلد-العاشر/الباب-الحادي-عشر/ف01-أ-المدخل-والدرس-الأول.md	323	اب الثاني الوقف والابتداء والتنفس (انظر 	اب الثاني الوقف والابتداء والتنفس (انظر المجلد الثاني، 	الإحالة إلى مجلدٍ آخر يُذكر فيها المجلد (الدليل ١١١ §٢)	1
المجلد-العاشر/الباب-الحادي-عشر/ف01-أ-المدخل-والدرس-الأول.md	303	ل على عادة صوتية تُعالَج بالتدريب (انظر 	ل على عادة صوتية تُعالَج بالتدريب (انظر المجلد الثاني، 	الإحالة إلى مجلدٍ آخر يُذكر فيها المجلد (الدليل ١١١ §٢)	1
المجلد-العاشر/الباب-الحادي-عشر/ف01-أ-المدخل-والدرس-الأول.md	274	 الباب الثاني هذه الأصوات تفصيلًا (انظر 	 الباب الثاني هذه الأصوات تفصيلًا (انظر المجلد الثاني، 	الإحالة إلى مجلدٍ آخر يُذكر فيها المجلد (الدليل ١١١ §٢)	1
المجلد-العاشر/الباب-الحادي-عشر/ف02-أ-المدخل-والدرس-الأول.md	173	ب التاسع الكلمة في الحفل والمؤتمر (انظر 	ب التاسع الكلمة في الحفل والمؤتمر (انظر المجلد الثامن، 	الإحالة إلى مجلدٍ آخر يُذكر فيها المجلد (الدليل ١١١ §٢)	1
المجلد-العاشر/الباب-الحادي-عشر/ف02-أ-المدخل-والدرس-الأول.md	173	الج الباب الرابع الافتتاح وأنواعه (انظر 	الج الباب الرابع الافتتاح وأنواعه (انظر المجلد الرابع، 	الإحالة إلى مجلدٍ آخر يُذكر فيها المجلد (الدليل ١١١ §٢)	1
المجلد-العاشر/الباب-الحادي-عشر/ف03-أ-المدخل-والدرس-الأول.md	208	الثواني العشر»، الباب الأول، الفصل الأول	الثواني العشر»، الباب الأول، الفصل الأول، المجلد الأول	الإحالة إلى مجلدٍ آخر يُذكر فيها المجلد (الدليل ١١١ §٢)	1
المجلد-العاشر/الباب-الثالث-عشر/00-فاتحة-الباب-الثالث-عشر.md	9	 من الباب السادس، وحوارك من الباب السابع	 من الباب السادس، وحوارك من الباب السابع (المجلد السابع)	الإحالة إلى مجلدٍ آخر يُذكر فيها المجلد (الدليل ١١١ §٢)	1
المجلد-العاشر/الباب-الثالث-عشر/00-فاتحة-الباب-الثالث-عشر.md	9	م من الباب الخامس، وأدبك من الباب السادس	م من الباب الخامس، وأدبك من الباب السادس (المجلد السادس)	الإحالة إلى مجلدٍ آخر يُذكر فيها المجلد (الدليل ١١١ §٢)	1
المجلد-العاشر/الباب-الثالث-عشر/00-فاتحة-الباب-الثالث-عشر.md	9	ب الرابع، وقراءتك للمقام من الباب الخامس	ب الرابع، وقراءتك للمقام من الباب الخامس (المجلد الخامس)	الإحالة إلى مجلدٍ آخر يُذكر فيها المجلد (الدليل ١١١ §٢)	1
المجلد-العاشر/الباب-الثالث-عشر/00-فاتحة-الباب-الثالث-عشر.md	9	 الثالث، وبناءك وافتتاحك من الباب الرابع	 الثالث، وبناءك وافتتاحك من الباب الرابع (المجلد الرابع)	الإحالة إلى مجلدٍ آخر يُذكر فيها المجلد (الدليل ١١١ §٢)	1
المجلد-العاشر/الباب-الثالث-عشر/00-فاتحة-الباب-الثالث-عشر.md	9	 الثاني، وجملتك الطبيعية من الباب الثالث	 الثاني، وجملتك الطبيعية من الباب الثالث (المجلد الثالث)	الإحالة إلى مجلدٍ آخر يُذكر فيها المجلد (الدليل ١١١ §٢)	1
المجلد-العاشر/الباب-الثالث-عشر/00-فاتحة-الباب-الثالث-عشر.md	9	المحكّ في وقت واحد: نطقك من الباب الثاني	المحكّ في وقت واحد: نطقك من الباب الثاني (المجلد الثاني)	الإحالة إلى مجلدٍ آخر يُذكر فيها المجلد (الدليل ١١١ §٢)	1
المجلد-العاشر/الباب-الثالث-عشر/ف01-ب-سلم-الارتجال-والحوار-الممتد.md	29	رفية لا يقل خطورة عن الخطأ اللغوي (انظر 	رفية لا يقل خطورة عن الخطأ اللغوي (انظر المجلد الأول، 	الإحالة إلى مجلدٍ آخر يُذكر فيها المجلد (الدليل ١١١ §٢)	1
المجلد-العاشر/الباب-الثالث-عشر/ف02-أ-المدخل-والمحاكاة-الأولى.md	25	ابع، والمحاضرة ما تعلمته في الباب التاسع	ابع، والمحاضرة ما تعلمته في الباب التاسع (المجلد الثامن)	الإحالة إلى مجلدٍ آخر يُذكر فيها المجلد (الدليل ١١١ §٢)	1
المجلد-العاشر/الباب-الثالث-عشر/ف02-أ-المدخل-والمحاكاة-الأولى.md	25	مداخلة والحوار ما تعلمته في الباب السابع	مداخلة والحوار ما تعلمته في الباب السابع (المجلد السابع)	الإحالة إلى مجلدٍ آخر يُذكر فيها المجلد (الدليل ١١١ §٢)	1
المجلد-العاشر/الباب-الثالث-عشر/ف02-أ-المدخل-والمحاكاة-الأولى.md	25	لمقابلة تستدعي ما تعلمته في الباب العاشر	لمقابلة تستدعي ما تعلمته في الباب العاشر (المجلد التاسع)	الإحالة إلى مجلدٍ آخر يُذكر فيها المجلد (الدليل ١١١ §٢)	1
المجلد-العاشر/الباب-الثالث-عشر/ف02-ب-المحاكاة-الثانية.md	75	اختلاف يبدأ بالإنصاف قبل المخالفة (انظر 	اختلاف يبدأ بالإنصاف قبل المخالفة (انظر المجلد السابع، 	الإحالة إلى مجلدٍ آخر يُذكر فيها المجلد (الدليل ١١١ §٢)	1
المجلد-العاشر/الباب-الثالث-عشر/ف02-ب-المحاكاة-الثانية.md	44	ختلاف الذي تعلمته في الباب السابع (انظر 	ختلاف الذي تعلمته في الباب السابع (انظر المجلد السابع، 	الإحالة إلى مجلدٍ آخر يُذكر فيها المجلد (الدليل ١١١ §٢)	1
المجلد-العاشر/الباب-الثالث-عشر/ف03-ج-التطبيق-والتقويم-والخاتمة.md	248	ب الثاني، إلى حسن البيان في الباب الرابع	ب الثاني، إلى حسن البيان في الباب الرابع (المجلد الرابع)	الإحالة إلى مجلدٍ آخر يُذكر فيها المجلد (الدليل ١١١ §٢)	1
المجلد-العاشر/الباب-الثالث-عشر/ف03-ج-التطبيق-والتقويم-والخاتمة.md	248	م المسير من سلامة اللسان في الباب الثاني	م المسير من سلامة اللسان في الباب الثاني (المجلد الثاني)	الإحالة إلى مجلدٍ آخر يُذكر فيها المجلد (الدليل ١١١ §٢)	1
المجلد-العاشر/الباب-الثالث-عشر/ف03-ج-التطبيق-والتقويم-والخاتمة.md	188	ى تسجيلك الأول الذي طلبه منك الباب الأول	ى تسجيلك الأول الذي طلبه منك الباب الأول (المجلد الأول)	الإحالة إلى مجلدٍ آخر يُذكر فيها المجلد (الدليل ١١١ §٢)	1
المجلد-العاشر/الباب-الثالث-عشر/ف02-أ-المدخل-والمحاكاة-الأولى.md	25	ما تعلمته في البابين السادس والثامن،	ما تعلمته في البابين السادس والثامن (في المجلدين السادس والثامن)،	الإحالة إلى مجلدٍ آخر يُذكر فيها المجلد (الدليل ١١١ §٢)	1
المجلد-العاشر/الباب-الثالث-عشر/00-فاتحة-الباب-الثالث-عشر.md	9	من الأبواب الثامن إلى الثاني عشر.	من الأبواب الثامن إلى الثاني عشر (في المجلدات الثامن إلى العاشر).	الإحالة إلى مجلدٍ آخر يُذكر فيها المجلد (الدليل ١١١ §٢)	1
المجلد-الأول/الباب-الأول/00-فاتحة-الباب-الأول.md	—	المستوى ن (بالأرقام أو بالعدد اللفظي)	المستوى ن+١	المستويات ١–١٣: رقم المستوى رقم الباب (الدليل ١١٢ج)	1
المجلد-الأول/الباب-الأول/ف01-أ-المدخل-والدرس-الأول.md	—	المستوى ن (بالأرقام أو بالعدد اللفظي)	المستوى ن+١	المستويات ١–١٣: رقم المستوى رقم الباب (الدليل ١١٢ج)	1
المجلد-الأول/الباب-الأول/ف02-أ-المدخل-والدرس-الأول.md	—	المستوى ن (بالأرقام أو بالعدد اللفظي)	المستوى ن+١	المستويات ١–١٣: رقم المستوى رقم الباب (الدليل ١١٢ج)	1
المجلد-الأول/الباب-الأول/ف02-ج-التطبيق-والتقويم.md	—	المستوى ن (بالأرقام أو بالعدد اللفظي)	المستوى ن+١	المستويات ١–١٣: رقم المستوى رقم الباب (الدليل ١١٢ج)	1
المجلد-الأول/الباب-الأول/ف03-أ-المفاهيم-والدرس.md	—	المستوى ن (بالأرقام أو بالعدد اللفظي)	المستوى ن+١	المستويات ١–١٣: رقم المستوى رقم الباب (الدليل ١١٢ج)	1
المجلد-الأول/الباب-الأول/ف04-أ-المدخل-ومقتضى-الحال.md	—	المستوى ن (بالأرقام أو بالعدد اللفظي)	المستوى ن+١	المستويات ١–١٣: رقم المستوى رقم الباب (الدليل ١١٢ج)	1
المجلد-الأول/الباب-الأول/ف05-أ-المدخل-والدرس.md	—	المستوى ن (بالأرقام أو بالعدد اللفظي)	المستوى ن+١	المستويات ١–١٣: رقم المستوى رقم الباب (الدليل ١١٢ج)	1
المجلد-الأول/الباب-الأول/ف06-أ-المدخل-والدرس.md	—	المستوى ن (بالأرقام أو بالعدد اللفظي)	المستوى ن+١	المستويات ١–١٣: رقم المستوى رقم الباب (الدليل ١١٢ج)	1
المجلد-الثاني/الباب-الثاني/00-فاتحة-الباب-الثاني.md	—	المستوى ن (بالأرقام أو بالعدد اللفظي)	المستوى ن+١	المستويات ١–١٣: رقم المستوى رقم الباب (الدليل ١١٢ج)	1
المجلد-الثاني/الباب-الثاني/ف01-أ-المدخل-والمخارج.md	—	المستوى ن (بالأرقام أو بالعدد اللفظي)	المستوى ن+١	المستويات ١–١٣: رقم المستوى رقم الباب (الدليل ١١٢ج)	1
المجلد-الثاني/الباب-الثاني/ف01-ب-التطبيق-والتقويم.md	—	المستوى ن (بالأرقام أو بالعدد اللفظي)	المستوى ن+١	المستويات ١–١٣: رقم المستوى رقم الباب (الدليل ١١٢ج)	1
المجلد-الثاني/الباب-الثاني/ف02-أ-المدخل-والصفات.md	—	المستوى ن (بالأرقام أو بالعدد اللفظي)	المستوى ن+١	المستويات ١–١٣: رقم المستوى رقم الباب (الدليل ١١٢ج)	1
المجلد-الثاني/الباب-الثاني/ف02-ب-التطبيق-والتقويم.md	—	المستوى ن (بالأرقام أو بالعدد اللفظي)	المستوى ن+١	المستويات ١–١٣: رقم المستوى رقم الباب (الدليل ١١٢ج)	1
المجلد-الثاني/الباب-الثاني/ف03-أ-المدخل-والأصوات-الخمسة.md	—	المستوى ن (بالأرقام أو بالعدد اللفظي)	المستوى ن+١	المستويات ١–١٣: رقم المستوى رقم الباب (الدليل ١١٢ج)	1
المجلد-الثاني/الباب-الثاني/ف04-أ-المدخل-والأزواج.md	—	المستوى ن (بالأرقام أو بالعدد اللفظي)	المستوى ن+١	المستويات ١–١٣: رقم المستوى رقم الباب (الدليل ١١٢ج)	1
المجلد-الثاني/الباب-الثاني/ف05-أ-المدخل-وأصوات-الحلق.md	—	المستوى ن (بالأرقام أو بالعدد اللفظي)	المستوى ن+١	المستويات ١–١٣: رقم المستوى رقم الباب (الدليل ١١٢ج)	1
المجلد-الثاني/الباب-الثاني/ف06-أ-المدخل-وحروف-الذلاقة.md	—	المستوى ن (بالأرقام أو بالعدد اللفظي)	المستوى ن+١	المستويات ١–١٣: رقم المستوى رقم الباب (الدليل ١١٢ج)	1
المجلد-الثاني/الباب-الثاني/ف07-أ-المدخل-والدرسان.md	—	المستوى ن (بالأرقام أو بالعدد اللفظي)	المستوى ن+١	المستويات ١–١٣: رقم المستوى رقم الباب (الدليل ١١٢ج)	1
المجلد-الثاني/الباب-الثاني/ف07-ب-التطبيق-والتقويم.md	—	المستوى ن (بالأرقام أو بالعدد اللفظي)	المستوى ن+١	المستويات ١–١٣: رقم المستوى رقم الباب (الدليل ١١٢ج)	1
المجلد-الثاني/الباب-الثاني/ف08-أ-المدخل-والدرسان.md	—	المستوى ن (بالأرقام أو بالعدد اللفظي)	المستوى ن+١	المستويات ١–١٣: رقم المستوى رقم الباب (الدليل ١١٢ج)	1
المجلد-الثاني/الباب-الثاني/ف08-ب-التطبيق-والتقويم.md	—	المستوى ن (بالأرقام أو بالعدد اللفظي)	المستوى ن+١	المستويات ١–١٣: رقم المستوى رقم الباب (الدليل ١١٢ج)	1
المجلد-الثاني/الباب-الثاني/ف09-أ-المدخل-والدرسان.md	—	المستوى ن (بالأرقام أو بالعدد اللفظي)	المستوى ن+١	المستويات ١–١٣: رقم المستوى رقم الباب (الدليل ١١٢ج)	1
المجلد-الثاني/الباب-الثاني/ف09-ب-التطبيق-والتقويم.md	—	المستوى ن (بالأرقام أو بالعدد اللفظي)	المستوى ن+١	المستويات ١–١٣: رقم المستوى رقم الباب (الدليل ١١٢ج)	1
المجلد-الثاني/الباب-الثاني/ف10-أ-المدخل-والدرسان.md	—	المستوى ن (بالأرقام أو بالعدد اللفظي)	المستوى ن+١	المستويات ١–١٣: رقم المستوى رقم الباب (الدليل ١١٢ج)	1
المجلد-الثاني/الباب-الثاني/ف10-ب-التطبيق-والتقويم.md	—	المستوى ن (بالأرقام أو بالعدد اللفظي)	المستوى ن+١	المستويات ١–١٣: رقم المستوى رقم الباب (الدليل ١١٢ج)	1
المجلد-الثاني/الباب-الثاني/ف11-أ-المدخل-والدرسان.md	—	المستوى ن (بالأرقام أو بالعدد اللفظي)	المستوى ن+١	المستويات ١–١٣: رقم المستوى رقم الباب (الدليل ١١٢ج)	1
المجلد-الثاني/الباب-الثاني/ف11-ب-التطبيق-والتقويم.md	—	المستوى ن (بالأرقام أو بالعدد اللفظي)	المستوى ن+١	المستويات ١–١٣: رقم المستوى رقم الباب (الدليل ١١٢ج)	1
المجلد-الثاني/الباب-الثاني/ف12-أ-المدخل-والدرسان.md	—	المستوى ن (بالأرقام أو بالعدد اللفظي)	المستوى ن+١	المستويات ١–١٣: رقم المستوى رقم الباب (الدليل ١١٢ج)	1
المجلد-الثالث/الباب-الثالث/00-فاتحة-الباب-الثالث.md	—	المستوى ن (بالأرقام أو بالعدد اللفظي)	المستوى ن+١	المستويات ١–١٣: رقم المستوى رقم الباب (الدليل ١١٢ج)	1
المجلد-الثالث/الباب-الثالث/ف01-أ-الاسمية-والفعلية.md	—	المستوى ن (بالأرقام أو بالعدد اللفظي)	المستوى ن+١	المستويات ١–١٣: رقم المستوى رقم الباب (الدليل ١١٢ج)	1
المجلد-الثالث/الباب-الثالث/ف01-ب-التطبيق-والتقويم.md	—	المستوى ن (بالأرقام أو بالعدد اللفظي)	المستوى ن+١	المستويات ١–١٣: رقم المستوى رقم الباب (الدليل ١١٢ج)	1
المجلد-الثالث/الباب-الثالث/ف02-أ-المطابقة.md	—	المستوى ن (بالأرقام أو بالعدد اللفظي)	المستوى ن+١	المستويات ١–١٣: رقم المستوى رقم الباب (الدليل ١١٢ج)	1
المجلد-الثالث/الباب-الثالث/ف02-ب-الإعراب-والنواسخ.md	—	المستوى ن (بالأرقام أو بالعدد اللفظي)	المستوى ن+١	المستويات ١–١٣: رقم المستوى رقم الباب (الدليل ١١٢ج)	2
المجلد-الثالث/الباب-الثالث/ف02-ج-التطبيق-والتقويم.md	—	المستوى ن (بالأرقام أو بالعدد اللفظي)	المستوى ن+١	المستويات ١–١٣: رقم المستوى رقم الباب (الدليل ١١٢ج)	1
المجلد-الثالث/الباب-الثالث/ف03-أ-الأوزان-والمصادر.md	—	المستوى ن (بالأرقام أو بالعدد اللفظي)	المستوى ن+١	المستويات ١–١٣: رقم المستوى رقم الباب (الدليل ١١٢ج)	1
المجلد-الثالث/الباب-الثالث/ف03-ب-النسبة-والجموع-والمعتل.md	—	المستوى ن (بالأرقام أو بالعدد اللفظي)	المستوى ن+١	المستويات ١–١٣: رقم المستوى رقم الباب (الدليل ١١٢ج)	1
المجلد-الثالث/الباب-الثالث/ف04-أ-التذكير-والتأنيث-والعدد.md	—	المستوى ن (بالأرقام أو بالعدد اللفظي)	المستوى ن+١	المستويات ١–١٣: رقم المستوى رقم الباب (الدليل ١١٢ج)	1
المجلد-الثالث/الباب-الثالث/ف04-ب-الإضافة.md	—	المستوى ن (بالأرقام أو بالعدد اللفظي)	المستوى ن+١	المستويات ١–١٣: رقم المستوى رقم الباب (الدليل ١١٢ج)	1
المجلد-الثالث/الباب-الثالث/ف05-أ-الأفعال-وحروف-الجر.md	—	المستوى ن (بالأرقام أو بالعدد اللفظي)	المستوى ن+١	المستويات ١–١٣: رقم المستوى رقم الباب (الدليل ١١٢ج)	1
المجلد-الثالث/الباب-الثالث/ف05-ج-التطبيق-والتقويم.md	—	المستوى ن (بالأرقام أو بالعدد اللفظي)	المستوى ن+١	المستويات ١–١٣: رقم المستوى رقم الباب (الدليل ١١٢ج)	1
المجلد-الثالث/الباب-الثالث/ف06-أ-أثر-اللغات-المحلية.md	—	المستوى ن (بالأرقام أو بالعدد اللفظي)	المستوى ن+١	المستويات ١–١٣: رقم المستوى رقم الباب (الدليل ١١٢ج)	1
المجلد-الثالث/الباب-الثالث/ف06-ب-المخاطبة-والتحية-والتطبيق.md	—	المستوى ن (بالأرقام أو بالعدد اللفظي)	المستوى ن+١	المستويات ١–١٣: رقم المستوى رقم الباب (الدليل ١١٢ج)	1
المجلد-الثالث/الباب-الثالث/ف07-أ-الحشو-الصوتي.md	—	المستوى ن (بالأرقام أو بالعدد اللفظي)	المستوى ن+١	المستويات ١–١٣: رقم المستوى رقم الباب (الدليل ١١٢ج)	1
المجلد-الثالث/الباب-الثالث/ف07-ج-التطبيق-والتقويم.md	—	المستوى ن (بالأرقام أو بالعدد اللفظي)	المستوى ن+١	المستويات ١–١٣: رقم المستوى رقم الباب (الدليل ١١٢ج)	1
المجلد-الثالث/الباب-الثالث/ف08-أ-الفصيح-المأنوس.md	—	المستوى ن (بالأرقام أو بالعدد اللفظي)	المستوى ن+١	المستويات ١–١٣: رقم المستوى رقم الباب (الدليل ١١٢ج)	1
المجلد-الثالث/الباب-الثالث/ف08-ج-التطبيق-والتقويم.md	—	المستوى ن (بالأرقام أو بالعدد اللفظي)	المستوى ن+١	المستويات ١–١٣: رقم المستوى رقم الباب (الدليل ١١٢ج)	1
المجلد-الثالث/الباب-الثالث/ف09-أ-متى-توجز.md	—	المستوى ن (بالأرقام أو بالعدد اللفظي)	المستوى ن+١	المستويات ١–١٣: رقم المستوى رقم الباب (الدليل ١١٢ج)	1
المجلد-الثالث/الباب-الثالث/ف09-ب-متى-تطيل.md	—	المستوى ن (بالأرقام أو بالعدد اللفظي)	المستوى ن+١	المستويات ١–١٣: رقم المستوى رقم الباب (الدليل ١١٢ج)	1
المجلد-الرابع/الباب-الرابع/00-فاتحة-الباب-الرابع.md	—	المستوى ن (بالأرقام أو بالعدد اللفظي)	المستوى ن+١	المستويات ١–١٣: رقم المستوى رقم الباب (الدليل ١١٢ج)	1
المجلد-الرابع/الباب-الرابع/ف01-أ-المدخل-والدرس-الأول.md	—	المستوى ن (بالأرقام أو بالعدد اللفظي)	المستوى ن+١	المستويات ١–١٣: رقم المستوى رقم الباب (الدليل ١١٢ج)	1
المجلد-الرابع/الباب-الرابع/ف02-أ-المدخل-والدرس-الأول.md	—	المستوى ن (بالأرقام أو بالعدد اللفظي)	المستوى ن+١	المستويات ١–١٣: رقم المستوى رقم الباب (الدليل ١١٢ج)	1
المجلد-الرابع/الباب-الرابع/ف03-أ-فن-الافتتاح.md	—	المستوى ن (بالأرقام أو بالعدد اللفظي)	المستوى ن+١	المستويات ١–١٣: رقم المستوى رقم الباب (الدليل ١١٢ج)	1
المجلد-الرابع/الباب-الرابع/ف04-أ-فن-التعريف-بالنفس.md	—	المستوى ن (بالأرقام أو بالعدد اللفظي)	المستوى ن+١	المستويات ١–١٣: رقم المستوى رقم الباب (الدليل ١١٢ج)	1
المجلد-الرابع/الباب-الرابع/ف05-أ-فن-الانتقال.md	—	المستوى ن (بالأرقام أو بالعدد اللفظي)	المستوى ن+١	المستويات ١–١٣: رقم المستوى رقم الباب (الدليل ١١٢ج)	1
المجلد-الرابع/الباب-الرابع/ف05-ب-التطبيق-والتقويم.md	—	المستوى ن (بالأرقام أو بالعدد اللفظي)	المستوى ن+١	المستويات ١–١٣: رقم المستوى رقم الباب (الدليل ١١٢ج)	1
المجلد-الرابع/الباب-الرابع/ف06-أ-فن-الخاتمة.md	—	المستوى ن (بالأرقام أو بالعدد اللفظي)	المستوى ن+١	المستويات ١–١٣: رقم المستوى رقم الباب (الدليل ١١٢ج)	1
المجلد-الرابع/الباب-الرابع/ف06-ج-التطبيق-والتقويم.md	—	المستوى ن (بالأرقام أو بالعدد اللفظي)	المستوى ن+١	المستويات ١–١٣: رقم المستوى رقم الباب (الدليل ١١٢ج)	1
المجلد-الرابع/الباب-الرابع/ف07-أ-من-علم-المعاني.md	—	المستوى ن (بالأرقام أو بالعدد اللفظي)	المستوى ن+١	المستويات ١–١٣: رقم المستوى رقم الباب (الدليل ١١٢ج)	1
المجلد-الرابع/الباب-الرابع/ف07-ب-التطبيق-والتقويم.md	—	المستوى ن (بالأرقام أو بالعدد اللفظي)	المستوى ن+١	المستويات ١–١٣: رقم المستوى رقم الباب (الدليل ١١٢ج)	1
المجلد-الرابع/الباب-الرابع/ف08-أ-من-علم-البيان.md	—	المستوى ن (بالأرقام أو بالعدد اللفظي)	المستوى ن+١	المستويات ١–١٣: رقم المستوى رقم الباب (الدليل ١١٢ج)	1
المجلد-الرابع/الباب-الرابع/ف08-ب-التطبيق-والتقويم.md	—	المستوى ن (بالأرقام أو بالعدد اللفظي)	المستوى ن+١	المستويات ١–١٣: رقم المستوى رقم الباب (الدليل ١١٢ج)	1
المجلد-الرابع/الباب-الرابع/ف09-أ-من-علم-البديع.md	—	المستوى ن (بالأرقام أو بالعدد اللفظي)	المستوى ن+١	المستويات ١–١٣: رقم المستوى رقم الباب (الدليل ١١٢ج)	1
المجلد-الرابع/الباب-الرابع/ف09-ب-التطبيق-والتقويم.md	—	المستوى ن (بالأرقام أو بالعدد اللفظي)	المستوى ن+١	المستويات ١–١٣: رقم المستوى رقم الباب (الدليل ١١٢ج)	1
المجلد-الرابع/الباب-الرابع/ف10-أ-الاقتباس-والتضمين.md	—	المستوى ن (بالأرقام أو بالعدد اللفظي)	المستوى ن+١	المستويات ١–١٣: رقم المستوى رقم الباب (الدليل ١١٢ج)	1
المجلد-الرابع/الباب-الرابع/ف10-د-التطبيق-والتقويم.md	—	المستوى ن (بالأرقام أو بالعدد اللفظي)	المستوى ن+١	المستويات ١–١٣: رقم المستوى رقم الباب (الدليل ١١٢ج)	1
المجلد-الخامس/الباب-الخامس/00-فاتحة-الباب-الخامس.md	—	المستوى ن (بالأرقام أو بالعدد اللفظي)	المستوى ن+١	المستويات ١–١٣: رقم المستوى رقم الباب (الدليل ١١٢ج)	1
المجلد-الخامس/الباب-الخامس/ف01-أ-المدخل-والدرس-الأول.md	—	المستوى ن (بالأرقام أو بالعدد اللفظي)	المستوى ن+١	المستويات ١–١٣: رقم المستوى رقم الباب (الدليل ١١٢ج)	1
المجلد-الخامس/الباب-الخامس/ف01-ج-التطبيق-والتقويم.md	—	المستوى ن (بالأرقام أو بالعدد اللفظي)	المستوى ن+١	المستويات ١–١٣: رقم المستوى رقم الباب (الدليل ١١٢ج)	1
المجلد-الخامس/الباب-الخامس/ف02-أ-المدخل-والدرس-الأول.md	—	المستوى ن (بالأرقام أو بالعدد اللفظي)	المستوى ن+١	المستويات ١–١٣: رقم المستوى رقم الباب (الدليل ١١٢ج)	1
المجلد-الخامس/الباب-الخامس/ف02-ج-التطبيق-والتقويم.md	—	المستوى ن (بالأرقام أو بالعدد اللفظي)	المستوى ن+١	المستويات ١–١٣: رقم المستوى رقم الباب (الدليل ١١٢ج)	1
المجلد-الخامس/الباب-الخامس/ف03-أ-المدخل-والدرس-الأول.md	—	المستوى ن (بالأرقام أو بالعدد اللفظي)	المستوى ن+١	المستويات ١–١٣: رقم المستوى رقم الباب (الدليل ١١٢ج)	1
المجلد-الخامس/الباب-الخامس/ف04-أ-المدخل-والدرس-الأول.md	—	المستوى ن (بالأرقام أو بالعدد اللفظي)	المستوى ن+١	المستويات ١–١٣: رقم المستوى رقم الباب (الدليل ١١٢ج)	1
المجلد-الخامس/الباب-الخامس/ف05-أ-المدخل-والدرس-الأول.md	—	المستوى ن (بالأرقام أو بالعدد اللفظي)	المستوى ن+١	المستويات ١–١٣: رقم المستوى رقم الباب (الدليل ١١٢ج)	1
المجلد-الخامس/الباب-الخامس/ف05-ج-التطبيق-والتقويم.md	—	المستوى ن (بالأرقام أو بالعدد اللفظي)	المستوى ن+١	المستويات ١–١٣: رقم المستوى رقم الباب (الدليل ١١٢ج)	1
المجلد-الخامس/الباب-الخامس/ف06-مخاطبة-الأقران-والأدنى.md	—	المستوى ن (بالأرقام أو بالعدد اللفظي)	المستوى ن+١	المستويات ١–١٣: رقم المستوى رقم الباب (الدليل ١١٢ج)	2
المجلد-الخامس/الباب-الخامس/ف07-مخاطبة-الجمهور-العام.md	—	المستوى ن (بالأرقام أو بالعدد اللفظي)	المستوى ن+١	المستويات ١–١٣: رقم المستوى رقم الباب (الدليل ١١٢ج)	2
المجلد-الخامس/الباب-الخامس/ف08-أ-التهدئة-وحفظ-الكرامة.md	—	المستوى ن (بالأرقام أو بالعدد اللفظي)	المستوى ن+١	المستويات ١–١٣: رقم المستوى رقم الباب (الدليل ١١٢ج)	1
المجلد-الخامس/الباب-الخامس/ف08-ب-التطبيق-والتقويم.md	—	المستوى ن (بالأرقام أو بالعدد اللفظي)	المستوى ن+١	المستويات ١–١٣: رقم المستوى رقم الباب (الدليل ١١٢ج)	1
المجلد-الخامس/الباب-الخامس/ف09-أ-مختبر-المقام.md	—	المستوى ن (بالأرقام أو بالعدد اللفظي)	المستوى ن+١	المستويات ١–١٣: رقم المستوى رقم الباب (الدليل ١١٢ج)	1
المجلد-الخامس/الباب-الخامس/ف09-ج-التوليف-والتدريبات.md	—	المستوى ن (بالأرقام أو بالعدد اللفظي)	المستوى ن+١	المستويات ١–١٣: رقم المستوى رقم الباب (الدليل ١١٢ج)	2
المجلد-السادس/الباب-السادس/00-فاتحة-الباب-السادس.md	—	المستوى ن (بالأرقام أو بالعدد اللفظي)	المستوى ن+١	المستويات ١–١٣: رقم المستوى رقم الباب (الدليل ١١٢ج)	1
المجلد-السادس/الباب-السادس/ف01-السلام-والبشاشة-والاستماع.md	—	المستوى ن (بالأرقام أو بالعدد اللفظي)	المستوى ن+١	المستويات ١–١٣: رقم المستوى رقم الباب (الدليل ١١٢ج)	2
المجلد-السادس/الباب-السادس/ف02-على-قدر-العقول.md	—	المستوى ن (بالأرقام أو بالعدد اللفظي)	المستوى ن+١	المستويات ١–١٣: رقم المستوى رقم الباب (الدليل ١١٢ج)	2
المجلد-السادس/الباب-السادس/ف03-المدح-والشكر-والدعاء.md	—	المستوى ن (بالأرقام أو بالعدد اللفظي)	المستوى ن+١	المستويات ١–١٣: رقم المستوى رقم الباب (الدليل ١١٢ج)	2
المجلد-السادس/الباب-السادس/ف04-أ-المدخل-والدرس-الأول.md	—	المستوى ن (بالأرقام أو بالعدد اللفظي)	المستوى ن+١	المستويات ١–١٣: رقم المستوى رقم الباب (الدليل ١١٢ج)	1
المجلد-السادس/الباب-السادس/ف05-أ-المدخل-والدرس-الأول.md	—	المستوى ن (بالأرقام أو بالعدد اللفظي)	المستوى ن+١	المستويات ١–١٣: رقم المستوى رقم الباب (الدليل ١١٢ج)	1
المجلد-السادس/الباب-السادس/ف06-أ-المدخل-والدرس-الأول.md	—	المستوى ن (بالأرقام أو بالعدد اللفظي)	المستوى ن+١	المستويات ١–١٣: رقم المستوى رقم الباب (الدليل ١١٢ج)	1
المجلد-السادس/الباب-السادس/ف06-ج-التطبيق-والتقويم.md	—	المستوى ن (بالأرقام أو بالعدد اللفظي)	المستوى ن+١	المستويات ١–١٣: رقم المستوى رقم الباب (الدليل ١١٢ج)	1
المجلد-السادس/الباب-السادس/ف07-أ-المدخل-والدرس-الأول.md	—	المستوى ن (بالأرقام أو بالعدد اللفظي)	المستوى ن+١	المستويات ١–١٣: رقم المستوى رقم الباب (الدليل ١١٢ج)	1
المجلد-السادس/الباب-السادس/ف08-أ-المدخل-والدرس-الأول.md	—	المستوى ن (بالأرقام أو بالعدد اللفظي)	المستوى ن+١	المستويات ١–١٣: رقم المستوى رقم الباب (الدليل ١١٢ج)	1
المجلد-السادس/الباب-السادس/ف09-أ-المدخل-والدرس-الأول.md	—	المستوى ن (بالأرقام أو بالعدد اللفظي)	المستوى ن+١	المستويات ١–١٣: رقم المستوى رقم الباب (الدليل ١١٢ج)	1
المجلد-السابع/الباب-السابع/00-فاتحة-الباب-السابع.md	—	المستوى ن (بالأرقام أو بالعدد اللفظي)	المستوى ن+١	المستويات ١–١٣: رقم المستوى رقم الباب (الدليل ١١٢ج)	2
المجلد-السابع/الباب-السابع/ف01-أ-السؤال-المدخل-والدرس-الأول.md	—	المستوى ن (بالأرقام أو بالعدد اللفظي)	المستوى ن+١	المستويات ١–١٣: رقم المستوى رقم الباب (الدليل ١١٢ج)	1
المجلد-السابع/الباب-السابع/ف01-ج-السؤال-التطبيق-والتقويم.md	—	المستوى ن (بالأرقام أو بالعدد اللفظي)	المستوى ن+١	المستويات ١–١٣: رقم المستوى رقم الباب (الدليل ١١٢ج)	1
المجلد-السابع/الباب-السابع/ف02-أ-الجواب-المدخل-والدرس-الأول.md	—	المستوى ن (بالأرقام أو بالعدد اللفظي)	المستوى ن+١	المستويات ١–١٣: رقم المستوى رقم الباب (الدليل ١١٢ج)	1
المجلد-السابع/الباب-السابع/ف02-ج-الجواب-التطبيق-والتقويم.md	—	المستوى ن (بالأرقام أو بالعدد اللفظي)	المستوى ن+١	المستويات ١–١٣: رقم المستوى رقم الباب (الدليل ١١٢ج)	1
المجلد-السابع/الباب-السابع/ف03-أ-الاستيضاح-وإعادة-الصياغة.md	—	المستوى ن (بالأرقام أو بالعدد اللفظي)	المستوى ن+١	المستويات ١–١٣: رقم المستوى رقم الباب (الدليل ١١٢ج)	1
المجلد-السابع/الباب-السابع/ف04-أ-المداخلة-والمناقشة.md	—	المستوى ن (بالأرقام أو بالعدد اللفظي)	المستوى ن+١	المستويات ١–١٣: رقم المستوى رقم الباب (الدليل ١١٢ج)	1
المجلد-السابع/الباب-السابع/ف05-أ-الإقناع-المدخل-والدرس-الأول.md	—	المستوى ن (بالأرقام أو بالعدد اللفظي)	المستوى ن+١	المستويات ١–١٣: رقم المستوى رقم الباب (الدليل ١١٢ج)	1
المجلد-السابع/الباب-السابع/ف05-ج-الإقناع-التطبيق-والتقويم.md	—	المستوى ن (بالأرقام أو بالعدد اللفظي)	المستوى ن+١	المستويات ١–١٣: رقم المستوى رقم الباب (الدليل ١١٢ج)	1
المجلد-السابع/الباب-السابع/ف06-أ-المناظرة-وأدبها.md	—	المستوى ن (بالأرقام أو بالعدد اللفظي)	المستوى ن+١	المستويات ١–١٣: رقم المستوى رقم الباب (الدليل ١١٢ج)	1
المجلد-السابع/الباب-السابع/ف07-أ-النقد-والنصيحة-المدخل-والدرس-الأول.md	—	المستوى ن (بالأرقام أو بالعدد اللفظي)	المستوى ن+١	المستويات ١–١٣: رقم المستوى رقم الباب (الدليل ١١٢ج)	1
المجلد-السابع/الباب-السابع/ف07-ج-النقد-والنصيحة-التطبيق-والتقويم.md	—	المستوى ن (بالأرقام أو بالعدد اللفظي)	المستوى ن+١	المستويات ١–١٣: رقم المستوى رقم الباب (الدليل ١١٢ج)	1
المجلد-الثامن/الباب-الثامن/00-فاتحة-الباب-الثامن.md	—	المستوى ن (بالأرقام أو بالعدد اللفظي)	المستوى ن+١	المستويات ١–١٣: رقم المستوى رقم الباب (الدليل ١١٢ج)	2
المجلد-الثامن/الباب-الثامن/ف01-أ-المدخل-والدخول-والجلوس.md	—	المستوى ن (بالأرقام أو بالعدد اللفظي)	المستوى ن+١	المستويات ١–١٣: رقم المستوى رقم الباب (الدليل ١١٢ج)	1
المجلد-الثامن/الباب-الثامن/ف01-د-التطبيق-الختامي-والتقويم.md	—	المستوى ن (بالأرقام أو بالعدد اللفظي)	المستوى ن+١	المستويات ١–١٣: رقم المستوى رقم الباب (الدليل ١١٢ج)	1
المجلد-الثامن/الباب-الثامن/ف02-أ-إظهار-العلم-ومخاطبة-الكبير.md	—	المستوى ن (بالأرقام أو بالعدد اللفظي)	المستوى ن+١	المستويات ١–١٣: رقم المستوى رقم الباب (الدليل ١١٢ج)	1
المجلد-الثامن/الباب-الثامن/ف03-أ-المدخل-وحوار-اللقاء-الأول.md	—	المستوى ن (بالأرقام أو بالعدد اللفظي)	المستوى ن+١	المستويات ١–١٣: رقم المستوى رقم الباب (الدليل ١١٢ج)	1
المجلد-الثامن/الباب-الثامن/ف04-أ-المدخل-ومجلس-القسم.md	—	المستوى ن (بالأرقام أو بالعدد اللفظي)	المستوى ن+١	المستويات ١–١٣: رقم المستوى رقم الباب (الدليل ١١٢ج)	1
المجلد-الثامن/الباب-الثامن/ف04-ج-التطبيق-والتقويم.md	—	المستوى ن (بالأرقام أو بالعدد اللفظي)	المستوى ن+١	المستويات ١–١٣: رقم المستوى رقم الباب (الدليل ١١٢ج)	1
المجلد-الثامن/الباب-الثامن/ف05-أ-المدخل-والتهنئة-والتعزية.md	—	المستوى ن (بالأرقام أو بالعدد اللفظي)	المستوى ن+١	المستويات ١–١٣: رقم المستوى رقم الباب (الدليل ١١٢ج)	1
المجلد-الثامن/الباب-الثامن/ف05-ج-التطبيق-والتقويم.md	—	المستوى ن (بالأرقام أو بالعدد اللفظي)	المستوى ن+١	المستويات ١–١٣: رقم المستوى رقم الباب (الدليل ١١٢ج)	1
المجلد-الثامن/الباب-التاسع/00-فاتحة-الباب-التاسع.md	—	المستوى ن (بالأرقام أو بالعدد اللفظي)	المستوى ن+١	المستويات ١–١٣: رقم المستوى رقم الباب (الدليل ١١٢ج)	1
المجلد-الثامن/الباب-التاسع/ف01-أ-المدخل-وبناء-الخطبة.md	—	المستوى ن (بالأرقام أو بالعدد اللفظي)	المستوى ن+١	المستويات ١–١٣: رقم المستوى رقم الباب (الدليل ١١٢ج)	1
المجلد-الثامن/الباب-التاسع/ف01-ج-التطبيق-والتقويم.md	—	المستوى ن (بالأرقام أو بالعدد اللفظي)	المستوى ن+١	المستويات ١–١٣: رقم المستوى رقم الباب (الدليل ١١٢ج)	1
المجلد-الثامن/الباب-التاسع/ف02-أ-المدخل-وبناء-المحاضرة.md	—	المستوى ن (بالأرقام أو بالعدد اللفظي)	المستوى ن+١	المستويات ١–١٣: رقم المستوى رقم الباب (الدليل ١١٢ج)	1
المجلد-الثامن/الباب-التاسع/ف02-ج-التطبيق-والتقويم.md	—	المستوى ن (بالأرقام أو بالعدد اللفظي)	المستوى ن+١	المستويات ١–١٣: رقم المستوى رقم الباب (الدليل ١١٢ج)	1
المجلد-الثامن/الباب-التاسع/ف03-أ-المدخل-والدرس-الأول.md	—	المستوى ن (بالأرقام أو بالعدد اللفظي)	المستوى ن+١	المستويات ١–١٣: رقم المستوى رقم الباب (الدليل ١١٢ج)	1
المجلد-الثامن/الباب-التاسع/ف03-ج-التطبيق-والتقويم.md	—	المستوى ن (بالأرقام أو بالعدد اللفظي)	المستوى ن+١	المستويات ١–١٣: رقم المستوى رقم الباب (الدليل ١١٢ج)	1
المجلد-الثامن/الباب-التاسع/ف04-أ-المدخل-والدرس-الأول.md	—	المستوى ن (بالأرقام أو بالعدد اللفظي)	المستوى ن+١	المستويات ١–١٣: رقم المستوى رقم الباب (الدليل ١١٢ج)	1
المجلد-الثامن/الباب-التاسع/ف04-ج-التطبيق-والتقويم.md	—	المستوى ن (بالأرقام أو بالعدد اللفظي)	المستوى ن+١	المستويات ١–١٣: رقم المستوى رقم الباب (الدليل ١١٢ج)	1
المجلد-الثامن/الباب-التاسع/ف05-أ-العطل-وضيق-الوقت.md	—	المستوى ن (بالأرقام أو بالعدد اللفظي)	المستوى ن+١	المستويات ١–١٣: رقم المستوى رقم الباب (الدليل ١١٢ج)	1
المجلد-الثامن/الباب-التاسع/ف05-ب-الأسئلة-والتطبيق-الختامي.md	—	المستوى ن (بالأرقام أو بالعدد اللفظي)	المستوى ن+١	المستويات ١–١٣: رقم المستوى رقم الباب (الدليل ١١٢ج)	1
المجلد-التاسع/الباب-العاشر/00-فاتحة-الباب-العاشر.md	—	المستوى ن (بالأرقام أو بالعدد اللفظي)	المستوى ن+١	المستويات ١–١٣: رقم المستوى رقم الباب (الدليل ١١٢ج)	1
المجلد-التاسع/الباب-العاشر/ف01-أ-بناء-الجواب.md	—	المستوى ن (بالأرقام أو بالعدد اللفظي)	المستوى ن+١	المستويات ١–١٣: رقم المستوى رقم الباب (الدليل ١١٢ج)	1
المجلد-التاسع/الباب-العاشر/ف01-ب-الأسئلة-والمحاكاة.md	—	المستوى ن (بالأرقام أو بالعدد اللفظي)	المستوى ن+١	المستويات ١–١٣: رقم المستوى رقم الباب (الدليل ١١٢ج)	1
المجلد-التاسع/الباب-العاشر/ف02-أ-الدرس-التجريبي.md	—	المستوى ن (بالأرقام أو بالعدد اللفظي)	المستوى ن+١	المستويات ١–١٣: رقم المستوى رقم الباب (الدليل ١١٢ج)	1
المجلد-التاسع/الباب-العاشر/ف02-ج-التطبيق-والتقويم.md	—	المستوى ن (بالأرقام أو بالعدد اللفظي)	المستوى ن+١	المستويات ١–١٣: رقم المستوى رقم الباب (الدليل ١١٢ج)	1
المجلد-التاسع/الباب-العاشر/ف03-أ-إدارة-الاجتماع.md	—	المستوى ن (بالأرقام أو بالعدد اللفظي)	المستوى ن+١	المستويات ١–١٣: رقم المستوى رقم الباب (الدليل ١١٢ج)	1
المجلد-التاسع/الباب-العاشر/ف03-ج-إدارة-الاجتماع.md	—	المستوى ن (بالأرقام أو بالعدد اللفظي)	المستوى ن+١	المستويات ١–١٣: رقم المستوى رقم الباب (الدليل ١١٢ج)	1
المجلد-التاسع/الباب-العاشر/ف04-أ-المدير-وموظفوه.md	—	المستوى ن (بالأرقام أو بالعدد اللفظي)	المستوى ن+١	المستويات ١–١٣: رقم المستوى رقم الباب (الدليل ١١٢ج)	1
المجلد-التاسع/الباب-العاشر/ف04-ج-التطبيق-والتقويم.md	—	المستوى ن (بالأرقام أو بالعدد اللفظي)	المستوى ن+١	المستويات ١–١٣: رقم المستوى رقم الباب (الدليل ١١٢ج)	1
المجلد-التاسع/الباب-العاشر/ف05-أ-الاعتذار-والاعتراض.md	—	المستوى ن (بالأرقام أو بالعدد اللفظي)	المستوى ن+١	المستويات ١–١٣: رقم المستوى رقم الباب (الدليل ١١٢ج)	1
المجلد-التاسع/الباب-العاشر/ف05-ب-الرفض-والتطبيق-الختامي.md	—	المستوى ن (بالأرقام أو بالعدد اللفظي)	المستوى ن+١	المستويات ١–١٣: رقم المستوى رقم الباب (الدليل ١١٢ج)	1
المجلد-العاشر/الباب-الحادي-عشر/00-فاتحة-الباب-الحادي-عشر.md	—	المستوى ن (بالأرقام أو بالعدد اللفظي)	المستوى ن+١	المستويات ١–١٣: رقم المستوى رقم الباب (الدليل ١١٢ج)	1
المجلد-العاشر/الباب-الحادي-عشر/ف01-أ-المدخل-والدرس-الأول.md	—	المستوى ن (بالأرقام أو بالعدد اللفظي)	المستوى ن+١	المستويات ١–١٣: رقم المستوى رقم الباب (الدليل ١١٢ج)	1
المجلد-العاشر/الباب-الحادي-عشر/ف01-ج-التطبيق-والتقويم.md	—	المستوى ن (بالأرقام أو بالعدد اللفظي)	المستوى ن+١	المستويات ١–١٣: رقم المستوى رقم الباب (الدليل ١١٢ج)	1
المجلد-العاشر/الباب-الحادي-عشر/ف02-أ-المدخل-والدرس-الأول.md	—	المستوى ن (بالأرقام أو بالعدد اللفظي)	المستوى ن+١	المستويات ١–١٣: رقم المستوى رقم الباب (الدليل ١١٢ج)	1
المجلد-العاشر/الباب-الحادي-عشر/ف02-ج-التطبيق-والتقويم.md	—	المستوى ن (بالأرقام أو بالعدد اللفظي)	المستوى ن+١	المستويات ١–١٣: رقم المستوى رقم الباب (الدليل ١١٢ج)	1
المجلد-العاشر/الباب-الحادي-عشر/ف03-أ-المدخل-والدرس-الأول.md	—	المستوى ن (بالأرقام أو بالعدد اللفظي)	المستوى ن+١	المستويات ١–١٣: رقم المستوى رقم الباب (الدليل ١١٢ج)	1
المجلد-العاشر/الباب-الحادي-عشر/ف03-ج-التطبيق-والتقويم.md	—	المستوى ن (بالأرقام أو بالعدد اللفظي)	المستوى ن+١	المستويات ١–١٣: رقم المستوى رقم الباب (الدليل ١١٢ج)	1
المجلد-العاشر/الباب-الحادي-عشر/ف04-أ-المدخل-والدرس-الأول.md	—	المستوى ن (بالأرقام أو بالعدد اللفظي)	المستوى ن+١	المستويات ١–١٣: رقم المستوى رقم الباب (الدليل ١١٢ج)	1
المجلد-العاشر/الباب-الحادي-عشر/ف04-ج-التطبيق-والتقويم.md	—	المستوى ن (بالأرقام أو بالعدد اللفظي)	المستوى ن+١	المستويات ١–١٣: رقم المستوى رقم الباب (الدليل ١١٢ج)	1
المجلد-العاشر/الباب-الثاني-عشر/00-فاتحة-الباب-الثاني-عشر.md	—	المستوى ن (بالأرقام أو بالعدد اللفظي)	المستوى ن+١	المستويات ١–١٣: رقم المستوى رقم الباب (الدليل ١١٢ج)	1
المجلد-العاشر/الباب-الثاني-عشر/ف01-أ-المدخل-والألقاب.md	—	المستوى ن (بالأرقام أو بالعدد اللفظي)	المستوى ن+١	المستويات ١–١٣: رقم المستوى رقم الباب (الدليل ١١٢ج)	1
المجلد-العاشر/الباب-الثاني-عشر/ف01-ج-الزيارة-الرسمية-والتقويم.md	—	المستوى ن (بالأرقام أو بالعدد اللفظي)	المستوى ن+١	المستويات ١–١٣: رقم المستوى رقم الباب (الدليل ١١٢ج)	1
المجلد-العاشر/الباب-الثاني-عشر/ف02-أ-المدخل-والمجاملة.md	—	المستوى ن (بالأرقام أو بالعدد اللفظي)	المستوى ن+١	المستويات ١–١٣: رقم المستوى رقم الباب (الدليل ١١٢ج)	1
المجلد-العاشر/الباب-الثاني-عشر/ف02-د-بنك-المواقف-والتقويم.md	—	المستوى ن (بالأرقام أو بالعدد اللفظي)	المستوى ن+١	المستويات ١–١٣: رقم المستوى رقم الباب (الدليل ١١٢ج)	1
المجلد-العاشر/الباب-الثاني-عشر/ف03-أ-المدخل-وعرض-الموقف.md	—	المستوى ن (بالأرقام أو بالعدد اللفظي)	المستوى ن+١	المستويات ١–١٣: رقم المستوى رقم الباب (الدليل ١١٢ج)	1
المجلد-العاشر/الباب-الثاني-عشر/ف03-ج-التفاوض-والتطبيق-والتقويم.md	—	المستوى ن (بالأرقام أو بالعدد اللفظي)	المستوى ن+١	المستويات ١–١٣: رقم المستوى رقم الباب (الدليل ١١٢ج)	1
المجلد-العاشر/الباب-الثالث-عشر/00-فاتحة-الباب-الثالث-عشر.md	—	المستوى ن (بالأرقام أو بالعدد اللفظي)	المستوى ن+١	المستويات ١–١٣: رقم المستوى رقم الباب (الدليل ١١٢ج)	1
المجلد-العاشر/الباب-الثالث-عشر/ف01-أ-المدخل-وسلم-الارتجال.md	—	المستوى ن (بالأرقام أو بالعدد اللفظي)	المستوى ن+١	المستويات ١–١٣: رقم المستوى رقم الباب (الدليل ١١٢ج)	1
المجلد-العاشر/الباب-الثالث-عشر/ف02-أ-المدخل-والمحاكاة-الأولى.md	—	المستوى ن (بالأرقام أو بالعدد اللفظي)	المستوى ن+١	المستويات ١–١٣: رقم المستوى رقم الباب (الدليل ١١٢ج)	1
المجلد-العاشر/الباب-الثالث-عشر/ف03-أ-الملف-الصوتي-ومشروع-التخرج.md	—	المستوى ن (بالأرقام أو بالعدد اللفظي)	المستوى ن+١	المستويات ١–١٣: رقم المستوى رقم الباب (الدليل ١١٢ج)	1
المجلد-العاشر/الباب-الثالث-عشر/ف03-ج-التطبيق-والتقويم-والخاتمة.md	—	المستوى ن (بالأرقام أو بالعدد اللفظي)	المستوى ن+١	المستويات ١–١٣: رقم المستوى رقم الباب (الدليل ١١٢ج)	1
المجلد-الحادي-عشر/المرجع-الأول-بنك-الأخطاء/ف01-أ-اللحن-في-القرآن.md	—	المستوى ن (بالأرقام أو بالعدد اللفظي)	المستوى ن+١	المستويات ١–١٣: رقم المستوى رقم الباب (الدليل ١١٢ج)	7
المجلد-الحادي-عشر/المرجع-الأول-بنك-الأخطاء/ف01-ب-اللحن-في-الحديث-والأذكار.md	—	المستوى ن (بالأرقام أو بالعدد اللفظي)	المستوى ن+١	المستويات ١–١٣: رقم المستوى رقم الباب (الدليل ١١٢ج)	11
المجلد-الحادي-عشر/المرجع-الأول-بنك-الأخطاء/ف02-الخطأ-في-السلام-والبسملة-والحمدلة.md	—	المستوى ن (بالأرقام أو بالعدد اللفظي)	المستوى ن+١	المستويات ١–١٣: رقم المستوى رقم الباب (الدليل ١١٢ج)	15
المجلد-الحادي-عشر/المرجع-الأول-بنك-الأخطاء/ف03-أخطاء-النطق-الأصوات-الحرجة.md	—	المستوى ن (بالأرقام أو بالعدد اللفظي)	المستوى ن+١	المستويات ١–١٣: رقم المستوى رقم الباب (الدليل ١١٢ج)	20
المجلد-الحادي-عشر/المرجع-الأول-بنك-الأخطاء/ف04-أ-الأخطاء-النحوية-والصرفية-والمعجمية-والتركيبية.md	—	المستوى ن (بالأرقام أو بالعدد اللفظي)	المستوى ن+١	المستويات ١–١٣: رقم المستوى رقم الباب (الدليل ١١٢ج)	16
المجلد-الحادي-عشر/المرجع-الأول-بنك-الأخطاء/ف04-ب-الأخطاء-الصرفية-والمعجمية-والتركيبية.md	—	المستوى ن (بالأرقام أو بالعدد اللفظي)	المستوى ن+١	المستويات ١–١٣: رقم المستوى رقم الباب (الدليل ١١٢ج)	16
المجلد-الحادي-عشر/الخواتيم/المسرد.md	27	مرحلة من المستويات صفر إلى اثني عشر في منهج الكتاب.	مرحلةٌ من المستويات الثلاثة عشر في منهج الكتاب، من الأول إلى الثالث عشر، ورقم كل مستوى رقم بابه.	المستويات ١–١٣: رقم المستوى رقم الباب (الدليل ١١٢ج)	1
المجلد-الثالث/الباب-الثالث/ف03-ب-النسبة-والجموع-والمعتل.md	500	(انظر ٠٣-المستويات-والمخرجات و٠٤-نظام-التقييم)	(انظر أهداف الباب في فاتحته، وسلّم التقويم في «بنك الاختبارات ودليل المعلّم»)	لا أسماء ملفاتِ التخطيط في النص المطبوع؛ الإحالة إلى ما في يد القارئ	1
المجلد-الثالث/الباب-الثالث/ف04-ب-الإضافة.md	402	(انظر ٠٣-المستويات-والمخرجات و٠٤-نظام-التقييم)	(انظر أهداف الباب في فاتحته، وسلّم التقويم في «بنك الاختبارات ودليل المعلّم»)	لا أسماء ملفاتِ التخطيط في النص المطبوع؛ الإحالة إلى ما في يد القارئ	1
المجلد-الثالث/الباب-الثالث/ف05-ج-التطبيق-والتقويم.md	309	(انظر ٠٣-المستويات-والمخرجات و٠٤-نظام-التقييم)	(انظر أهداف الباب في فاتحته، وسلّم التقويم في «بنك الاختبارات ودليل المعلّم»)	لا أسماء ملفاتِ التخطيط في النص المطبوع؛ الإحالة إلى ما في يد القارئ	1
المجلد-الثالث/الباب-الثالث/ف08-ج-التطبيق-والتقويم.md	260	(انظر ٠٣-المستويات-والمخرجات و٠٤-نظام-التقييم)	(انظر أهداف الباب في فاتحته، وسلّم التقويم في «بنك الاختبارات ودليل المعلّم»)	لا أسماء ملفاتِ التخطيط في النص المطبوع؛ الإحالة إلى ما في يد القارئ	1
المجلد-الثالث/الباب-الثالث/ف09-ب-متى-تطيل.md	390	(انظر ٠٣-المستويات-والمخرجات و٠٤-نظام-التقييم)	(انظر أهداف الباب في فاتحته، وسلّم التقويم في «بنك الاختبارات ودليل المعلّم»)	لا أسماء ملفاتِ التخطيط في النص المطبوع؛ الإحالة إلى ما في يد القارئ	1
المجلد-الخامس/الباب-الخامس/ف05-ج-التطبيق-والتقويم.md	398	(٠٣-المستويات والمخرجات)	(انظر أهداف الباب في فاتحته)	لا أسماء ملفاتِ التخطيط في النص المطبوع؛ الإحالة إلى ما في يد القارئ	1
المجلد-الثامن/الباب-التاسع/ف03-ج-التطبيق-والتقويم.md	243	(انظر ٠٣-المستويات-والمخرجات)	(انظر أهداف الباب في فاتحته)	لا أسماء ملفاتِ التخطيط في النص المطبوع؛ الإحالة إلى ما في يد القارئ	1
المجلد-الثامن/الباب-التاسع/ف05-ب-الأسئلة-والتطبيق-الختامي.md	377	(انظر ٠٣-المستويات-والمخرجات)	(انظر أهداف الباب في فاتحته)	لا أسماء ملفاتِ التخطيط في النص المطبوع؛ الإحالة إلى ما في يد القارئ	1
المجلد-التاسع/الباب-العاشر/ف05-ب-الرفض-والتطبيق-الختامي.md	324	(انظر ٠٣-المستويات-والمخرجات)	(انظر أهداف الباب في فاتحته)	لا أسماء ملفاتِ التخطيط في النص المطبوع؛ الإحالة إلى ما في يد القارئ	1
المجلد-العاشر/الباب-الثاني-عشر/ف02-د-بنك-المواقف-والتقويم.md	175	على سلّم التقييم المعتمد (`04-نظام-التقييم.md`)	على سلّم التقييم المعتمد (في «بنك الاختبارات ودليل المعلّم»)	لا أسماء ملفاتِ التخطيط في النص المطبوع؛ الإحالة إلى ما في يد القارئ	1
المجلد-العاشر/الباب-الثاني-عشر/ف02-د-بنك-المواقف-والتقويم.md	176	 في `03-المستويات-والمخرجات.md`:	:	لا أسماء ملفاتِ التخطيط في النص المطبوع؛ الإحالة إلى ما في يد القارئ	1
المجلد-العاشر/الباب-الثاني-عشر/ف03-ج-التفاوض-والتطبيق-والتقويم.md	273	على سلّم التقييم المعتمد (`04-نظام-التقييم.md`)	على سلّم التقييم المعتمد (في «بنك الاختبارات ودليل المعلّم»)	لا أسماء ملفاتِ التخطيط في النص المطبوع؛ الإحالة إلى ما في يد القارئ	1
المجلد-العاشر/الباب-الثاني-عشر/ف03-ج-التفاوض-والتطبيق-والتقويم.md	274	 في `03-المستويات-والمخرجات.md`:	:	لا أسماء ملفاتِ التخطيط في النص المطبوع؛ الإحالة إلى ما في يد القارئ	1
المجلد-العاشر/الباب-الثالث-عشر/ف01-ج-التطبيق-والتقويم.md	188	(انظر ٠٣-المستويات-والمخرجات)	(انظر أهداف الباب في فاتحته)	لا أسماء ملفاتِ التخطيط في النص المطبوع؛ الإحالة إلى ما في يد القارئ	1
المجلد-العاشر/الباب-الثالث-عشر/ف03-أ-الملف-الصوتي-ومشروع-التخرج.md	148	(انظر ٠٣-المستويات-والمخرجات)	(انظر أهداف الباب في فاتحته)	لا أسماء ملفاتِ التخطيط في النص المطبوع؛ الإحالة إلى ما في يد القارئ	1
المجلد-العاشر/الباب-الثالث-عشر/ف03-أ-الملف-الصوتي-ومشروع-التخرج.md	124	(انظر ٠٤-نظام-التقييم)	(انظر سلّم التقويم في «بنك الاختبارات ودليل المعلّم»)	لا أسماء ملفاتِ التخطيط في النص المطبوع؛ الإحالة إلى ما في يد القارئ	1
المجلد-العاشر/الباب-الثالث-عشر/ف03-ج-التطبيق-والتقويم-والخاتمة.md	248	(انظر ٠٣-المستويات-والمخرجات)	(انظر أهداف الباب في فاتحته)	لا أسماء ملفاتِ التخطيط في النص المطبوع؛ الإحالة إلى ما في يد القارئ	1
المجلد-الأول/الافتتاحية/05-البيان-عند-علماء-العربية.md	78	وهو في المرجع، المجلد الثامن.	وهو في «مرجع المتكلّم العربي»، المجلد الحادي عشر.	البنية النهائية: أحد عشر مجلدًا (الدليل ١١٢ج–١١٢د)	1
المجلد-الأول/الافتتاحية/09-ما-رأيته.md	7	حتى صارت مشروعًا في ثمانية مجلدات.	حتى صارت مشروعًا في أحد عشر مجلدًا.	البنية النهائية: أحد عشر مجلدًا (الدليل ١١٢ج–١١٢د)	1
المجلد-الرابع/الباب-الرابع/00-فاتحة-الباب-الرابع.md	7	تعلمت في الجزء الأول كيف تحكم على الكلام	تعلمت في الأبواب الثلاثة الأولى (في المجلدات الأول إلى الثالث) كيف تحكم على الكلام	إشارة إلى «الجزء الأول» من البنية القديمة (الموضع البنيوي الوحيد من المواضع الخمسة والأربعين)	1
المجلد-الحادي-عشر/الملاحق/ملحق-هـ-النماذج-الكاملة-٢.md	189	ما تعلّمه الحلقة الأولى من الملحق د	ما تعلّمه الحلقة الأولى من «سكريبتات الحلقات» (الكتاب المرافق)	نصوص الحلقات كتابٌ مرافق	1
المجلد-الحادي-عشر/الملاحق/ملحق-هـ-النماذج-الكاملة.md	1	# ملحق هـ: نماذج خطب ومحاضرات ومداخلات كاملة	# ملحق د: نماذج خطب ومحاضرات ومداخلات كاملة	حروف الملاحق بلا فجوة بعد خروج د وز إلى الكتب المرافقة (الدليل ١١٢د)	1
المجلد-الثاني/الملاحق/ملحق-و-برنامج-النطق.md	1	# ملحق و: برنامج النطق اليومي في ثلاثين يومًا	# ملحق الباب الثاني: برنامج النطق اليومي في ثلاثين يومًا	حروف الملاحق بلا فجوة بعد خروج د وز إلى الكتب المرافقة (الدليل ١١٢د)	1
المجلد-الثاني/الملاحق/ملحق-و-برنامج-النطق-٢.md	1	*(تتمة ملحق و: برنامج النطق اليومي في ثلاثين يومًا. الأيام ١٦–٣٠. راجع الملف الأول	*(تتمة ملحق الباب الثاني: برنامج النطق اليومي في ثلاثين يومًا. الأيام ١٦–٣٠. راجع القسم الأول	حروف الملاحق بلا فجوة بعد خروج د وز إلى الكتب المرافقة (الدليل ١١٢د)؛ ولا لغة ملفات	1
المجلد-الحادي-عشر/الملاحق/ملحق-هـ-النماذج-الكاملة.md	—	(اسم الملف)	المجلد-الحادي-عشر/الملاحق/ملحق-د-النماذج-الكاملة.md	حروف الملاحق بلا فجوة بعد خروج د وز إلى الكتب المرافقة (الدليل ١١٢د)	1
المجلد-الحادي-عشر/الملاحق/ملحق-هـ-النماذج-الكاملة-٢.md	—	(اسم الملف)	المجلد-الحادي-عشر/الملاحق/ملحق-د-النماذج-الكاملة-٢.md	حروف الملاحق بلا فجوة بعد خروج د وز إلى الكتب المرافقة (الدليل ١١٢د)	1
المجلد-الثاني/الملاحق/ملحق-و-برنامج-النطق.md	—	(اسم الملف)	المجلد-الثاني/الملاحق/ملحق-الباب-الثاني-برنامج-النطق.md	حروف الملاحق بلا فجوة بعد خروج د وز إلى الكتب المرافقة (الدليل ١١٢د)	1
المجلد-الثاني/الملاحق/ملحق-و-برنامج-النطق-٢.md	—	(اسم الملف)	المجلد-الثاني/الملاحق/ملحق-الباب-الثاني-برنامج-النطق-٢.md	حروف الملاحق بلا فجوة بعد خروج د وز إلى الكتب المرافقة (الدليل ١١٢د)	1
المجلد-الثامن/الباب-التاسع/ف01-ب-العبارة-والصوت-والنموذج.md	278	ويقابلها في بنك الأخطاء الصنفان	ويقابلها في بنك الأخطاء (المجلد الحادي عشر) الصنفان	الإحالة إلى مجلدٍ آخر يُذكر فيها المجلد (الدليل ١١١ §٢)	1
المجلد-الأول/الباب-الأول/ف02-ب-الدرس-الثاني.md	274	| الباب الثالث عشر (الملكة، المجلد العاشر)، وبنك الأخطاء |	| الباب الثالث عشر (الملكة، المجلد العاشر)، وبنك الأخطاء (المجلد الحادي عشر) |	الإحالة إلى مجلدٍ آخر يُذكر فيها المجلد (الدليل ١١١ §٢)	1
المجلد-الحادي-عشر/المرجع-الأول-بنك-الأخطاء/ف08-الخروج-عن-الموضوع-والتكلف.md	180	«الأولى أن تسأل من هو أعلم مني بهذا المرجع.»	«الأولى أن تسأل من هو أعلم مني بهذا الباب.»	مراجعة دلالية: «الباب» هنا في كلام متكلّم بمعنى الموضوع، لا باب السلسلة؛ يُعاد لفظه	1
المجلد-الحادي-عشر/المرجع-الأول-بنك-الأخطاء/ف06-الصوت-والسرعة-وترتيب-الأفكار.md	11	من أخطاء هذا المرجع الثلاثي،	من أخطاء هذا الباب الثلاثي،	مراجعة دلالية: «الباب الثلاثي» موضوع الفصل ذو الأقسام الثلاثة؛ يُعاد لفظه	1
المجلد-الحادي-عشر/المرجع-الأول-بنك-الأخطاء/00-فاتحة-بنك-الأخطاء.md	49	5. يستعمل هذا المرجع استعمال المرجع لا الدرس	5. يستعمل بنك الأخطاء استعمال المرجع لا الدرس	مراجعة دلالية: رفع التكرار	1
المجلد-الأول/الباب-الأول/00-فاتحة-الباب-الأول.md	39	ستستمع إليه مرة في آخر هذا الباب، ومرة في آخر كل جزء من الكتاب.	ستستمع إليه مرة في آخر هذا الباب، ومرة في آخر كل مرحلة من مراحل الكتاب.	الباب ١١٢و: «الجزء» لا يصف بنية السلسلة؛ والقياس في آخر كل مرحلة (الفصل السابع عشر، §١)	1
المجلد-الأول/الباب-الأول/ف01-أ، ف03-أ، ف04-أ	—	(إعادة كتابة؛ الفرق في git)	آيات الباب الأول التسع بالرسم العثماني لمصحف المدينة (quran.py --apply، مصدران متفقان): كُتبت سبعٌ منها به، وكانت اثنتان عليه إلا ترتيب الحركات فتُركتا كما كُتبتا؛ وفاصل «*» بين الآيات صار علامة الآية برقمها	الدليل، الباب ٤٢ §١؛ وصفحة الحقوق تنصّ على الرسم العثماني	1
المجلد-الأول/الافتتاحية/09-ما-رأيته.md	124	مجلدًا كاملًا، هو المجلد الثاني، قبل «العبارة والبيان».	مجلدًا كاملًا، هو المجلد الثاني، قبل «العبارة» و«البيان».	إحالةٌ على الثمانية: الأسماء والأرقام على الأحد عشر (الباب ١١٢ج)	1
المجلد-الأول/الافتتاحية/09-ما-رأيته.md	399	| المقابلة والعرض، في المجلد السادس (المنصّات) |	| المقابلة، في المجلد التاسع (المؤسسة)؛ وعرض البحث، في المجلد الثامن (المجالس والمنبر) |	إحالةٌ على الثمانية: الأسماء والأرقام على الأحد عشر (الباب ١١٢ج)	1
المجلد-الأول/الافتتاحية/09-ما-رأيته.md	401	| الارتجال، في المجلد السابع (التمكين) |	| الارتجال، في المجلد العاشر (التمكين) |	إحالةٌ على الثمانية: الأسماء والأرقام على الأحد عشر (الباب ١١٢ج)	1
المجلد-الأول/الافتتاحية/09-ما-رأيته.md	407	| مقامات الكلام العام، في المجلد السادس (المنصّات) |	| مقامات الكلام العام، في المجلد الثامن (المجالس والمنبر) |	إحالةٌ على الثمانية: الأسماء والأرقام على الأحد عشر (الباب ١١٢ج)	1
المجلد-الحادي-عشر/المرجع-الأول-بنك-الأخطاء/ف07-المقابلات-والخطابة-والإعلام-والعلماء.md	3	## بنك الأخطاء — قسم المنصات الأربع الحاسمة	## بنك الأخطاء — قسم المقامات الأربعة الحاسمة	«المنصّات» اسم المرحلة الثالثة (المجلدان ٨–٩) لا يسع الإعلام؛ والأربعة هنا مقامات (الباب ١١٢ح)	1
المجلد-الحادي-عشر/المرجع-الأول-بنك-الأخطاء/ف07-المقابلات-والخطابة-والإعلام-والعلماء.md	5	قد يكلف في هذه المنصات الأربع فرصة عمل	قد يكلف في هذه المقامات الأربعة فرصة عمل	«المنصّات» اسم المرحلة الثالثة (المجلدان ٨–٩) لا يسع الإعلام؛ والأربعة هنا مقامات (الباب ١١٢ح)	1
المجلد-الحادي-عشر/المرجع-الأول-بنك-الأخطاء/ف07-المقابلات-والخطابة-والإعلام-والعلماء.md	11	اثنتين وعشرين حالة من أخطاء هذه المنصات الأربع	اثنتين وعشرين حالة من أخطاء هذه المقامات الأربعة	«المنصّات» اسم المرحلة الثالثة (المجلدان ٨–٩) لا يسع الإعلام؛ والأربعة هنا مقامات (الباب ١١٢ح)	1
المجلد-الحادي-عشر/المرجع-الأول-بنك-الأخطاء/ف07-المقابلات-والخطابة-والإعلام-والعلماء.md	21	يؤدي محاكاة لموقف من هذه المنصات الأربع	يؤدي محاكاة لموقف من هذه المقامات الأربعة	«المنصّات» اسم المرحلة الثالثة (المجلدان ٨–٩) لا يسع الإعلام؛ والأربعة هنا مقامات (الباب ١١٢ح)	1
المجلد-الحادي-عشر/المرجع-الأول-بنك-الأخطاء/ف07-المقابلات-والخطابة-والإعلام-والعلماء.md	25	هذه المنصات الأربع تُدرَّس بتفصيل أوسع	هذه المقامات الأربعة تُدرَّس بتفصيل أوسع	«المنصّات» اسم المرحلة الثالثة (المجلدان ٨–٩) لا يسع الإعلام؛ والأربعة هنا مقامات (الباب ١١٢ح)	1
المجلد-الحادي-عشر/المرجع-الأول-بنك-الأخطاء/ف07-المقابلات-والخطابة-والإعلام-والعلماء.md	287	وبيّن أي المنصات الأربع يخصها كل موقف	وبيّن أي المقامات الأربعة يخصّه كل موقف	«المنصّات» اسم المرحلة الثالثة (المجلدان ٨–٩) لا يسع الإعلام؛ والأربعة هنا مقامات (الباب ١١٢ح)	1
المجلد-الحادي-عشر/المرجع-الأول-بنك-الأخطاء/ف07-المقابلات-والخطابة-والإعلام-والعلماء.md	297	أعد صياغة ما يأتي بما يناسب المنصة المذكورة:	أعد صياغة ما يأتي بما يناسب المقام المذكور:	«المنصّات» اسم المرحلة الثالثة (المجلدان ٨–٩) لا يسع الإعلام؛ والأربعة هنا مقامات (الباب ١١٢ح)	1
المجلد-الحادي-عشر/المرجع-الأول-بنك-الأخطاء/ف07-المقابلات-والخطابة-والإعلام-والعلماء.md	318	**هذه المنصات الأربع تشترك في محدودية الفرصة**	**هذه المقامات الأربعة تشترك في محدودية الفرصة**	«المنصّات» اسم المرحلة الثالثة (المجلدان ٨–٩) لا يسع الإعلام؛ والأربعة هنا مقامات (الباب ١١٢ح)	1
المجلد-الحادي-عشر/المرجع-الأول-بنك-الأخطاء/ف07-المقابلات-والخطابة-والإعلام-والعلماء.md	13	لأن طبيعة هذه المنصات تجعل الخطأ الواحد	لأن طبيعة هذه المقامات تجعل الخطأ الواحد	«المنصّات» اسم المرحلة الثالثة (المجلدان ٨–٩) لا يسع الإعلام؛ والأربعة هنا مقامات (الباب ١١٢ح)	1
المجلد-الأول/الافتتاحية/18-كيف-تقرأ-المجلدات-وعهد-المؤلف.md	11	ففيه المعيار الذي يوزن به الكلام، وأركانه، ومطابقة مقتضى الحال، والسماع الذي تُبنى عليه الملكة.	ففيه المعيار الذي يوزن به الكلام وأركانه، ويضع أصلين يُبنى عليهما ما بعده ولا يستوفيهما: مطابقةَ مقتضى الحال، ويُبسط بابها في «المقام»؛ والسماعَ الذي تُبنى عليه الملكة، ويعود في «اللسان» ثم في «التمكين».	مراجعة المؤلف للنسخة: «الأصول» يؤسّس للمقام والسماع ولا يستنفدهما	1
المجلد-الثاني/الباب-الثاني/ف02-أ-المدخل-والصفات.md	1	# الفصل الثاني: صفات الحروف التي يحتاجها المتحدث⏎	# الفصل الثاني: صفات الحروف التي يحتاجها المتحدث⏎<!-- head: صفات الحروف -->⏎	رأسٌ جارٍ مختصر من ألفاظ العنوان (الباب ١١٧ب)	1
المجلد-الثاني/الباب-الثاني/ف06-أ-المدخل-وحروف-الذلاقة.md	1	# الفصل السادس: الراء واللام والنون والميم والباء والفاء⏎	# الفصل السادس: الراء واللام والنون والميم والباء والفاء⏎<!-- head: الراء واللام والنون والميم -->⏎	رأسٌ جارٍ مختصر من ألفاظ العنوان (الباب ١١٧ب)	1
المجلد-الثاني/الباب-الثاني/ف07-أ-المدخل-والدرسان.md	1	# الفصل السابع: التفخيم والترقيق في الكلام العام⏎	# الفصل السابع: التفخيم والترقيق في الكلام العام⏎<!-- head: التفخيم والترقيق -->⏎	رأسٌ جارٍ مختصر من ألفاظ العنوان (الباب ١١٧ب)	1
المجلد-الثاني/الباب-الثاني/ف08-أ-المدخل-والدرسان.md	1	# الفصل الثامن: الحركات والمدود والتنوين والسكون⏎	# الفصل الثامن: الحركات والمدود والتنوين والسكون⏎<!-- head: الحركات والمدود -->⏎	رأسٌ جارٍ مختصر من ألفاظ العنوان (الباب ١١٧ب)	1
المجلد-الثاني/الباب-الثاني/ف09-أ-المدخل-والدرسان.md	1	# الفصل التاسع: الهمز والتشديد والإدغام في الكلام اليومي⏎	# الفصل التاسع: الهمز والتشديد والإدغام في الكلام اليومي⏎<!-- head: الهمز والتشديد والإدغام -->⏎	رأسٌ جارٍ مختصر من ألفاظ العنوان (الباب ١١٧ب)	1
المجلد-الثاني/الباب-الثاني/ف11-أ-المدخل-والدرسان.md	1	# الفصل الحادي عشر: الصوت الإنساني، الارتفاع والطبقة والسرعة والسكتة والنبر والإيقاع والوضوح⏎	# الفصل الحادي عشر: الصوت الإنساني، الارتفاع والطبقة والسرعة والسكتة والنبر والإيقاع والوضوح⏎<!-- head: الصوت الإنساني -->⏎	رأسٌ جارٍ مختصر من ألفاظ العنوان (الباب ١١٧ب)	1
المجلد-الثالث/الباب-الثالث/ف02-أ-المطابقة.md	1	# الفصل الثاني: أخطاء النحو الأكثر ظهورًا في الكلام⏎	# الفصل الثاني: أخطاء النحو الأكثر ظهورًا في الكلام⏎<!-- head: أخطاء النحو الأكثر ظهورًا -->⏎	رأسٌ جارٍ مختصر من ألفاظ العنوان (الباب ١١٧ب)	1
المجلد-الثالث/الباب-الثالث/ف04-أ-التذكير-والتأنيث-والعدد.md	1	# الفصل الرابع: التذكير والتأنيث، والعدد والمعدود، والإضافة⏎	# الفصل الرابع: التذكير والتأنيث، والعدد والمعدود، والإضافة⏎<!-- head: التذكير والتأنيث والعدد -->⏎	رأسٌ جارٍ مختصر من ألفاظ العنوان (الباب ١١٧ب)	1
المجلد-الثالث/الباب-الثالث/ف06-أ-أثر-اللغات-المحلية.md	1	# الفصل السادس: أثر اللغات المحلية في ترتيب الجملة والتعبير⏎	# الفصل السادس: أثر اللغات المحلية في ترتيب الجملة والتعبير⏎<!-- head: أثر اللغات المحلية -->⏎	رأسٌ جارٍ مختصر من ألفاظ العنوان (الباب ١١٧ب)	1
المجلد-الخامس/الباب-الخامس/ف08-أ-التهدئة-وحفظ-الكرامة.md	1	# الفصل الثامن: مخاطبة الغاضب والمعترض والمسيء⏎	# الفصل الثامن: مخاطبة الغاضب والمعترض والمسيء⏎<!-- head: مخاطبة الغاضب والمعترض -->⏎	رأسٌ جارٍ مختصر من ألفاظ العنوان (الباب ١١٧ب)	1
المجلد-السادس/الباب-السادس/ف01-السلام-والبشاشة-والاستماع.md	1	# الفصل الأول: السلام والبشاشة وحسن الاستماع⏎	# الفصل الأول: السلام والبشاشة وحسن الاستماع⏎<!-- head: السلام والبشاشة -->⏎	رأسٌ جارٍ مختصر من ألفاظ العنوان (الباب ١١٧ب)	1
المجلد-السادس/الباب-السادس/ف04-أ-المدخل-والدرس-الأول.md	1	# الفصل الرابع: الاستئذان وطلب المساعدة ورفض الطلب بأدب⏎	# الفصل الرابع: الاستئذان وطلب المساعدة ورفض الطلب بأدب⏎<!-- head: الاستئذان وطلب المساعدة -->⏎	رأسٌ جارٍ مختصر من ألفاظ العنوان (الباب ١١٧ب)	1
المجلد-السادس/الباب-السادس/ف07-أ-المدخل-والدرس-الأول.md	1	# الفصل السابع: تجنّب السخرية والاحتقار والمقاطعة ورفع الصوت⏎	# الفصل السابع: تجنّب السخرية والاحتقار والمقاطعة ورفع الصوت⏎<!-- head: تجنّب السخرية والاحتقار -->⏎	رأسٌ جارٍ مختصر من ألفاظ العنوان (الباب ١١٧ب)	1
المجلد-السادس/الباب-السادس/ف08-أ-المدخل-والدرس-الأول.md	1	# الفصل الثامن: لغة الجسد: النظر واليدان والجلسة والوقفة والابتسامة⏎	# الفصل الثامن: لغة الجسد: النظر واليدان والجلسة والوقفة والابتسامة⏎<!-- head: لغة الجسد -->⏎	رأسٌ جارٍ مختصر من ألفاظ العنوان (الباب ١١٧ب)	1
المجلد-السادس/الباب-السادس/ف09-أ-المدخل-والدرس-الأول.md	1	# الفصل التاسع: كيف تكون محبوبًا في مجلس العلم والوظيفة والمجتمع؟⏎	# الفصل التاسع: كيف تكون محبوبًا في مجلس العلم والوظيفة والمجتمع؟⏎<!-- head: كيف تكون محبوبًا؟ -->⏎	رأسٌ جارٍ مختصر من ألفاظ العنوان (الباب ١١٧ب)	1
المجلد-الثامن/الباب-الثامن/ف02-أ-إظهار-العلم-ومخاطبة-الكبير.md	1	# الفصل الثاني: أخطاء المستعرب في مجلس العلماء⏎	# الفصل الثاني: أخطاء المستعرب في مجلس العلماء⏎<!-- head: أخطاء المستعرب -->⏎	رأسٌ جارٍ مختصر من ألفاظ العنوان (الباب ١١٧ب)	1
المجلد-الثامن/الباب-الثامن/ف03-أ-المدخل-وحوار-اللقاء-الأول.md	1	# الفصل الثالث: القادم إلى بلد أو مؤسسة جديدة⏎	# الفصل الثالث: القادم إلى بلد أو مؤسسة جديدة⏎<!-- head: القادم إلى بلد أو مؤسسة -->⏎	رأسٌ جارٍ مختصر من ألفاظ العنوان (الباب ١١٧ب)	1
المجلد-الثامن/الباب-الثامن/ف04-أ-المدخل-ومجلس-القسم.md	1	# الفصل الرابع: مجالس الجامعة: القسم العلمي، ومناقشة الرسائل، والندوات⏎	# الفصل الرابع: مجالس الجامعة: القسم العلمي، ومناقشة الرسائل، والندوات⏎<!-- head: مجالس الجامعة -->⏎	رأسٌ جارٍ مختصر من ألفاظ العنوان (الباب ١١٧ب)	1
المجلد-الثامن/الباب-الثامن/ف05-أ-المدخل-والتهنئة-والتعزية.md	1	# الفصل الخامس: المناسبات الاجتماعية: الأعراس والتعازي والزيارات⏎	# الفصل الخامس: المناسبات الاجتماعية: الأعراس والتعازي والزيارات⏎<!-- head: المناسبات الاجتماعية -->⏎	رأسٌ جارٍ مختصر من ألفاظ العنوان (الباب ١١٧ب)	1
المجلد-الثامن/الباب-التاسع/ف05-أ-العطل-وضيق-الوقت.md	1	# الفصل الخامس: الارتجال على المنصة وإدارة الوقت والتعامل مع الأسئلة⏎	# الفصل الخامس: الارتجال على المنصة وإدارة الوقت والتعامل مع الأسئلة⏎<!-- head: الارتجال على المنصة -->⏎	رأسٌ جارٍ مختصر من ألفاظ العنوان (الباب ١١٧ب)	1
المجلد-التاسع/الباب-العاشر/ف02-أ-الدرس-التجريبي.md	1	# الفصل الثاني: مقابلة التدريس والمقابلة الأكاديمية⏎	# الفصل الثاني: مقابلة التدريس والمقابلة الأكاديمية⏎<!-- head: مقابلة التدريس -->⏎	رأسٌ جارٍ مختصر من ألفاظ العنوان (الباب ١١٧ب)	1
المجلد-التاسع/الباب-العاشر/ف04-أ-المدير-وموظفوه.md	1	# الفصل الرابع: المدير يخاطب موظفيه وطلابه، والمدير مع الموظف المخطئ⏎	# الفصل الرابع: المدير يخاطب موظفيه وطلابه، والمدير مع الموظف المخطئ⏎<!-- head: المدير يخاطب موظفيه -->⏎	رأسٌ جارٍ مختصر من ألفاظ العنوان (الباب ١١٧ب)	1
المجلد-التاسع/الباب-العاشر/ف05-أ-الاعتذار-والاعتراض.md	1	# الفصل الخامس: الموظف يعتذر لرئيسه أو يعترض عليه⏎	# الفصل الخامس: الموظف يعتذر لرئيسه أو يعترض عليه⏎<!-- head: الموظف يعتذر لرئيسه -->⏎	رأسٌ جارٍ مختصر من ألفاظ العنوان (الباب ١١٧ب)	1
المجلد-العاشر/الباب-الحادي-عشر/ف03-أ-المدخل-والدرس-الأول.md	1	# الفصل الثالث: إجراء الحوار الإعلامي والضيف أمام الكاميرا⏎	# الفصل الثالث: إجراء الحوار الإعلامي والضيف أمام الكاميرا⏎<!-- head: إجراء الحوار الإعلامي -->⏎	رأسٌ جارٍ مختصر من ألفاظ العنوان (الباب ١١٧ب)	1
المجلد-العاشر/الباب-الثاني-عشر/ف01-أ-المدخل-والألقاب.md	1	# الفصل الأول: الخطاب الرسمي والبروتوكول والألقاب⏎	# الفصل الأول: الخطاب الرسمي والبروتوكول والألقاب⏎<!-- head: الخطاب الرسمي والألقاب -->⏎	رأسٌ جارٍ مختصر من ألفاظ العنوان (الباب ١١٧ب)	1
المجلد-العاشر/الباب-الثاني-عشر/ف03-أ-المدخل-وعرض-الموقف.md	1	# الفصل الثالث: الاختلاف في المقام الرسمي والتفاوض⏎	# الفصل الثالث: الاختلاف في المقام الرسمي والتفاوض⏎<!-- head: الاختلاف والتفاوض -->⏎	رأسٌ جارٍ مختصر من ألفاظ العنوان (الباب ١١٧ب)	1
المجلد-العاشر/الباب-الثالث-عشر/ف03-أ-الملف-الصوتي-ومشروع-التخرج.md	1	# الفصل الثالث: مشروع التخرج والملف الصوتي المرئي⏎	# الفصل الثالث: مشروع التخرج والملف الصوتي المرئي⏎<!-- head: مشروع التخرج -->⏎	رأسٌ جارٍ مختصر من ألفاظ العنوان (الباب ١١٧ب)	1
المجلد-العاشر/الباب-الثاني-عشر/00-فاتحة-الباب-الثاني-عشر.md	1	# الباب الثاني عشر: الدبلوماسية والتواصل الرسمي⏎	# الباب الثاني عشر: الدبلوماسية والتواصل الرسمي⏎<!-- head: الدبلوماسية -->⏎	رأسٌ جارٍ مختصر من ألفاظ اسم الباب (الباب ١١٧ب)	1
المجلد-الحادي-عشر/المرجع-الأول-بنك-الأخطاء/ف01-أ-اللحن-في-القرآن.md	1	# الفصل الأول: اللحن الفاحش في القرآن والحديث والأذكار⏎	# الفصل الأول: اللحن الفاحش في القرآن والحديث والأذكار⏎<!-- head: اللحن الفاحش -->⏎	رأسٌ جارٍ مختصر من ألفاظ العنوان (الباب ١١٧ب)	1
المجلد-الحادي-عشر/المرجع-الأول-بنك-الأخطاء/ف02-الخطأ-في-السلام-والبسملة-والحمدلة.md	1	# الفصل الثاني: الخطأ في السلام والبسملة والحمدلة⏎	# الفصل الثاني: الخطأ في السلام والبسملة والحمدلة⏎<!-- head: الخطأ في السلام والبسملة -->⏎	رأسٌ جارٍ مختصر من ألفاظ العنوان (الباب ١١٧ب)	1
المجلد-الحادي-عشر/المرجع-الأول-بنك-الأخطاء/ف03-أخطاء-النطق-الأصوات-الحرجة.md	1	# الفصل الثالث: أخطاء النطق: الضاد والظاء والقاف والعين والحاء⏎	# الفصل الثالث: أخطاء النطق: الضاد والظاء والقاف والعين والحاء⏎<!-- head: أخطاء النطق -->⏎	رأسٌ جارٍ مختصر من ألفاظ العنوان (الباب ١١٧ب)	1
المجلد-الحادي-عشر/المرجع-الأول-بنك-الأخطاء/ف04-أ-الأخطاء-النحوية-والصرفية-والمعجمية-والتركيبية.md	1	# الفصل الرابع: الأخطاء النحوية والصرفية والمعجمية والتركيبية⏎	# الفصل الرابع: الأخطاء النحوية والصرفية والمعجمية والتركيبية⏎<!-- head: الأخطاء النحوية والصرفية -->⏎	رأسٌ جارٍ مختصر من ألفاظ العنوان (الباب ١١٧ب)	1
المجلد-الحادي-عشر/المرجع-الأول-بنك-الأخطاء/ف05-الأسلوب-والثقافة-والمقام.md	1	# الفصل الخامس: الأخطاء الأسلوبية والثقافية والاجتماعية وأخطاء المقام⏎	# الفصل الخامس: الأخطاء الأسلوبية والثقافية والاجتماعية وأخطاء المقام⏎<!-- head: الأخطاء الأسلوبية والثقافية -->⏎	رأسٌ جارٍ مختصر من ألفاظ العنوان (الباب ١١٧ب)	1
المجلد-الحادي-عشر/المرجع-الأول-بنك-الأخطاء/ف06-الصوت-والسرعة-وترتيب-الأفكار.md	1	# الفصل السادس: أخطاء الصوت والسرعة وترتيب الأفكار⏎	# الفصل السادس: أخطاء الصوت والسرعة وترتيب الأفكار⏎<!-- head: أخطاء الصوت والسرعة -->⏎	رأسٌ جارٍ مختصر من ألفاظ العنوان (الباب ١١٧ب)	1
المجلد-الحادي-عشر/المرجع-الأول-بنك-الأخطاء/ف07-المقابلات-والخطابة-والإعلام-والعلماء.md	1	# الفصل السابع: أخطاء المقابلات والخطابة والإعلام ومخاطبة العلماء⏎	# الفصل السابع: أخطاء المقابلات والخطابة والإعلام ومخاطبة العلماء⏎<!-- head: أخطاء المقابلات والخطابة -->⏎	رأسٌ جارٍ مختصر من ألفاظ العنوان (الباب ١١٧ب)	1
المجلد-الحادي-عشر/المرجع-الأول-بنك-الأخطاء/ف08-الخروج-عن-الموضوع-والتكلف.md	1	# الفصل الثامن: الخروج عن الموضوع والثرثرة والتكلف والتشدق بغير علم⏎	# الفصل الثامن: الخروج عن الموضوع والثرثرة والتكلف والتشدق بغير علم⏎<!-- head: الخروج عن الموضوع والثرثرة -->⏎	رأسٌ جارٍ مختصر من ألفاظ العنوان (الباب ١١٧ب)	1
المجلد-الرابع/الباب-الرابع/ف03-أ-فن-الافتتاح.md	140	لم يراجعوه.» *[أداة تدريبية من إنشاء الكتاب: رقم افتراضي للتوضيح لا إحصاء حقيقي]*	لم يراجعوه.» (رقمٌ مفترَض للتمثيل، لا إحصاء)	وسم «أداة تدريبية» (الدليل ٣٤ §٢): صار بيانًا واحدًا في صفحة الرموز، وبقي من الوسم ما يحتاجه القارئ	1
المجلد-الرابع/الباب-الرابع/ف03-أ-فن-الافتتاح.md	176	بضعف تقريبًا.» *[أداة تدريبية من إنشاء الكتاب: رقم افتراضي للتوضيح]*	بضعف تقريبًا.» (نتيجةٌ مفترَضة للتمثيل)	وسم «أداة تدريبية» (الدليل ٣٤ §٢): صار بيانًا واحدًا في صفحة الرموز، وبقي من الوسم ما يحتاجه القارئ	1
المجلد-الرابع/الباب-الرابع/ف01-ب-الدرس-الثاني.md	31	*[أداة تدريبية من إنشاء الكتاب؛ جمعت قوالب معروفة في تعليم الكلام وأضافت إليها.]*	وهذه القوالب جمعها الكتاب مما عُرف في تعليم الكلام، وزاد عليها.	وسم «أداة تدريبية» (الدليل ٣٤ §٢): صار بيانًا واحدًا في صفحة الرموز، وبقي من الوسم ما يحتاجه القارئ	1
المجلد-الثاني/الباب-الثاني/ف03-أ-المدخل-والأصوات-الخمسة.md	196	لا يُقفز عن واحدة منها: *[أداة تدريبية من إنشاء الكتاب، مبنية على سلّم التدرج في الدليل التربوي]*	لا يُقفز عن واحدة منها:	وسم «أداة تدريبية» (الدليل ٣٤ §٢): صار بيانًا واحدًا في صفحة الرموز، وبقي من الوسم ما يحتاجه القارئ	1
المجلد-الثاني/الباب-الثاني/ف01-أ-المدخل-والمخارج.md	204	نرتّبها لك خطوات. *[أداة تدريبية من إنشاء الكتاب، مبنية على طريقة الخليل]*	نرتّبها لك خطوات.	وسم «أداة تدريبية» (الدليل ٣٤ §٢): صار بيانًا واحدًا في صفحة الرموز، وبقي من الوسم ما يحتاجه القارئ	1
المجلد-الحادي-عشر/الخواتيم/المصادر-والمراجع.md	88	من إنشاء الكتاب، وهي موسومة في مواضعها بوسم «أداة تدريبية من إنشاء الكتاب». وما وُسم بوسم «تحليل حديث» أو «استنباط تربوي» فهو رأي المؤلف في تطبيق المبدأ، لا نقل عن مصدر.	من إنشاء الكتاب، كما نُبّه عليه في صفحة «الرموز والاصطلاحات» من كل مجلد. وما جاء في الدروس من تطبيقٍ للمبادئ فهو رأي المؤلف، لا نقلٌ عن مصدر.	لغة الوسوم لا تبلغ المطبوع (الدليل ٣٣ §٤)؛ والبيان صار في صفحة الرموز	1
المجلد-الأول/الباب-الأول/ف01-ب-الدرس-الثاني.md	94	> **قاعدة الترتيب:** المتكلم غير الناجح يبدأ من «كيف»، أي من العبارات التي يحفظها. والناجح يبدأ من «لمن» و«لماذا»، ثم يختار «كيف».⏎	> **قاعدة الترتيب:** المتكلم غير الناجح يبدأ من «كيف»، أي من العبارات التي يحفظها. والناجح يبدأ من «لمن» و«لماذا»، ثم يختار «كيف».⏎⏎<!-- figure: النموذج السداسي -->⏎	رسمٌ مقرّر (الدليل ٠٨ §٤) يُبنى من نصّ الفصل نفسه	1
المجلد-الأول/الباب-الأول/ف03-أ-المفاهيم-والدرس.md	123	> **قاعدة:** كل بليغ فصيح، وليس كل فصيح بليغًا.⏎	> **قاعدة:** كل بليغ فصيح، وليس كل فصيح بليغًا.⏎⏎<!-- figure: الفصاحة والبلاغة والبيان -->⏎	رسمٌ مقرّر (الدليل ٠٨ §٤) يُبنى من نصّ الفصل نفسه	1
المجلد-الأول/الباب-الأول/ف04-أ-المدخل-ومقتضى-الحال.md	145	ولا يتغير أبدًا: الصدق، والصحة اللغوية والمعرفية، والأدب مع كل مخاطَب، ووضوح المعنى الجوهري.⏎	ولا يتغير أبدًا: الصدق، والصحة اللغوية والمعرفية، والأدب مع كل مخاطَب، ووضوح المعنى الجوهري.⏎⏎<!-- figure: ما يتغير بالمقام -->⏎	رسمٌ مقرّر (الدليل ٠٨ §٤) يُبنى من نصّ الفصل نفسه	1
المجلد-الأول/الباب-الأول/ف01-ب-الدرس-الثاني.md	330	*[تحليل حديث]* قرر الفيلسوف البريطاني جون أوستن أن كثيرًا من الأقوال ليست وصفًا للعالم، بل أفعال تُنجَز بالقول نفسه. فمن قال «أعتذر» فقد اعتذر، ومن قال «أعدك» فقد وعد، ومن قال «أرجو أن تؤجل الموعد» فقد طلب. وعلى هذه الفكرة قامت في علم اللغة الحديث دراسة «أفعال الكلام». *(J. L. Austin, How to Do Things with Words, Oxford: Clarendon Press, 1962.)*	قرر الفيلسوف البريطاني جون أوستن أن كثيرًا من الأقوال ليست وصفًا للعالم، بل أفعال تُنجَز بالقول نفسه[^2]. فمن قال «أعتذر» فقد اعتذر، ومن قال «أعدك» فقد وعد، ومن قال «أرجو أن تؤجل الموعد» فقد طلب. وعلى هذه الفكرة قامت في علم اللغة الحديث دراسة «أفعال الكلام».	وسم «تحليل حديث» رُفع، والإحالة صارت حاشية بصفحتيها: Austin, How to Do Things with Words (Clarendon 1962), 5–6؛ طوبقت على المطبوع (و٥). متحقّق	1
المجلد-الأول/الباب-الأول/ف02-أ-المدخل-والدرس-الأول.md	415	"*[تحليل حديث]* وصف الفيلسوف البريطاني بول غرايس ما يتوقعه المتحاورون بعضهم من بعض حين يتعاونون في الكلام، وصاغه في أربع قواعد: **الكمّ**، أن تقدّم من المعلومات قدر ما يحتاجه المخاطَب، لا أكثر ولا أقل. **والكيف**، ألا تقول ما تعتقد أنه غير صحيح، ولا ما لا دليل لك عليه. **والمناسبة**، أن يتصل كلامك بموضوع الحديث. **والطريقة**، أن تكون واضحًا مرتبًا موجزًا، تتجنب الغموض واللبس. *(H. P. Grice, ""Logic and Conversation"", 1975.)*"	وصف الفيلسوف البريطاني بول غرايس ما يتوقعه المتحاورون بعضهم من بعض حين يتعاونون في الكلام، وصاغه في أربع قواعد: **الكمّ**، أن تقدّم من المعلومات قدر ما يحتاجه المخاطَب، لا أكثر ولا أقل. **والكيف**، ألا تقول ما تعتقد أنه غير صحيح، ولا ما لا دليل لك عليه. **والمناسبة**، أن يتصل كلامك بموضوع الحديث. **والطريقة**، أن تكون واضحًا مرتبًا موجزًا، تتجنب الغموض واللبس[^2].	وسم «تحليل حديث» رُفع، والإحالة حاشية: Grice, Logic and Conversation (1975), 41–58، والقواعد 45–46؛ والعرض بتصرّف (و٦). متحقّق	1
المجلد-الأول/الباب-الأول/ف03-أ-المفاهيم-والدرس.md	115	وفي الحديث الشريف: «إِنَّ مِنَ الْبَيَانِ لَسِحْرًا» (رواه البخاري). وقد تكلم الشرّاح في هذا الحديث: أهو مدح للبيان أم تحذير من قوته إذا صُرف إلى غير الحق؟ *[يحتاج إلى تحقق من المصدر]* وفي الحالين يدل على أن للبيان أثرًا في النفوس يقرب من السحر. ويُستفاد منه أن البيان قوة، والقوة تُستعمل في الإفهام والحق، لا في الإبهار وتزيين الباطل.	وفي الحديث الشريف: «إِنَّ مِنَ الْبَيَانِ لَسِحْرًا»[^6]. وقد تكلم الشرّاح في هذا الحديث: أهو مدح للبيان أم تحذير من قوته إذا صُرف إلى غير الحق؟[^7] وفي الحالين يدل على أن للبيان أثرًا في النفوس يقرب من السحر. ويُستفاد منه أن البيان قوة، والقوة تُستعمل في الإفهام والحق، لا في الإبهار وتزيين الباطل.	تخريجٌ برقمه: البخاري ٥٧٦٧ (٧/١٣٨ السلطانية) و٥١٤٦ (٧/١٩) (ح١٦)؛ وقول الشرّاح مسندٌ إلى فتح الباري، السلفية، ١٠/٢٣٧–٢٣٨ (ع٦٨). متحقّق	1
المجلد-الأول/الباب-الأول/ف03-أ-المفاهيم-والدرس.md	412	"*[تحليل حديث]* يلاحظ علم اللغة الحديث أن الكلمات لا تُستعمل منفردة، بل تصحبها كلمات بعينها في الاستعمال الطبيعي، وتسمى هذه الصحبة «المتلازمات اللفظية» (Collocations). ومن العبارات المشهورة في هذا الباب قول اللغوي البريطاني فيرث: «You shall know a word by the company it keeps»، أي: تعرف الكلمة بصحبتها. *(J. R. Firth, ""A Synopsis of Linguistic Theory, 1930–1955"", 1957.)*"	يلاحظ علم اللغة الحديث أن الكلمات لا تُستعمل منفردة، بل تصحبها كلمات بعينها في الاستعمال الطبيعي، وتسمى هذه الصحبة «المتلازمات اللفظية» (Collocations). ومن العبارات المشهورة في هذا الباب قول اللغوي البريطاني فيرث: «You shall know a word by the company it keeps!»، أي: تعرف الكلمة بصحبتها[^9].	رُفع الوسم؛ وزيدت علامة التعجّب في قول فيرث كما في المطبوع؛ والإحالة حاشية: Studies in Linguistic Analysis (Blackwell 1962), 11 (و٧). متحقّق	1
المجلد-الأول/الباب-الأول/ف03-أ-المفاهيم-والدرس.md	437	عن جابر رضي الله عنه أن رسول الله ﷺ قال: «إِنَّ مِنْ أَحَبِّكُمْ إِلَيَّ وَأَقْرَبِكُمْ مِنِّي مَجْلِسًا يَوْمَ الْقِيَامَةِ أَحَاسِنَكُمْ أَخْلَاقًا، وَإِنَّ أَبْغَضَكُمْ إِلَيَّ وَأَبْعَدَكُمْ مِنِّي مَجْلِسًا يَوْمَ الْقِيَامَةِ الثَّرْثَارُونَ وَالْمُتَشَدِّقُونَ وَالْمُتَفَيْهِقُونَ». فسأله الصحابة عن المتفيهقين، فقال: «الْمُتَكَبِّرُونَ». (رواه الترمذي، وقال: حديث حسن غريب) *[يحتاج إلى تحقق من رقم الحديث]*	عن جابر رضي الله عنه أن رسول الله ﷺ قال: «إِنَّ مِنْ أَحَبِّكُمْ إِلَيَّ وَأَقْرَبِكُمْ مِنِّي مَجْلِسًا يَوْمَ الْقِيَامَةِ أَحَاسِنَكُمْ أَخْلَاقًا، وَإِنَّ أَبْغَضَكُمْ إِلَيَّ وَأَبْعَدَكُمْ مِنِّي مَجْلِسًا يَوْمَ الْقِيَامَةِ الثَّرْثَارُونَ وَالْمُتَشَدِّقُونَ وَالْمُتَفَيْهِقُونَ». فسأله الصحابة عن المتفيهقين، فقال: «الْمُتَكَبِّرُونَ». (رواه الترمذي، وقال: «حديث حسن غريب من هذا الوجه»)[^10]	الترمذي ٢٠١٨، البر والصلة، باب ما جاء في معالي الأخلاق، ط. الحلبي ٤/٣٧٠ (ح١٧)؛ وأُتمّ لفظ الحكم على المطبوع: «حسن غريب من هذا الوجه». متحقّق	1
المجلد-الأول/الباب-الأول/ف03-أ-المفاهيم-والدرس.md	439	والثرثار في كلام أهل اللغة: كثير الكلام تكلفًا. والمتشدق: الذي يتكلم بملء شدقه تفاصحًا وتعاظمًا. والمتفيهق: الذي يملأ فمه بالكلام ويتوسع فيه ويُغرب به، وأصله من الفَهْق وهو الامتلاء. *[من كتب غريب الحديث؛ يحتاج إلى تحقق من المصدر]*	وقد فسّر الترمذي عقب الحديث لفظين منه: فالثرثار «الكثير الكلام»، والمتشدّق «الذي يتطاول على الناس في الكلام ويبذو عليهم»[^11]. وقال ابن الأثير في الثرثارين: «الذين يُكثرون الكلام تكلُّفًا وخروجًا عن الحق»، وفي المتشدّقين: «المتوسّعون في الكلام من غير احتياطٍ واحتراز»، وفي المتفيهقين: «الذين يتوسّعون في الكلام ويفتحون به أفواههم»، وأصله من الفَهْق، وهو الامتلاء والاتّساع[^12].	كان تفسيرًا مركّبًا من أكثر من كتاب بلا مصدر؛ صار نقلين موثّقين: الترمذي ٤/٣٧٠ (ع٦٩)، وابن الأثير، النهاية، ت. الزاوي والطناحي ١/٢٠٩ و٢/٤٥٣ و٣/٤٨٢ (ع٧٠–ع٧٢). متحقّق	1
المجلد-الأول/الباب-الأول/ف03-أ-المفاهيم-والدرس.md	445	يُروى أن أبا علقمة النحوي سقط عن دابته، فاجتمع الناس حوله، فلما أفاق قال: «ما لكم تكأكأتم عليّ كتكأكئكم على ذي جِنّة؟ افرنقعوا عني». فقال بعض الحاضرين: دعوه، فإن شيطانه يتكلم بالهندية. *[من كتب الأدب؛ يحتاج إلى تحقق من المصدر]*	حكى ابن جني أن أبا علقمة النحوي ثار به المُرار، فاجتمع الناس عليه، فلما أفاق قال: «ما لكم قد تكأكأتم عليّ كتكأكئكم على ذي جِنّة؟ افرنقعوا عنّي». فقال بعض الحاضرين: «إن شيطانه يتكلم بالهندية»[^13]. ويُروى نحو كلامه عن عيسى بن عمر النحوي حين سقط عن حماره فاجتمع الناس عليه؛ وقد نبّه السبكي على أنها تُحكى عن هذا وعن ذاك[^14].	كان المتن يجمع بين روايتين: خبر أبي علقمة الذي «ثار به المُرار» (ابن جني، المحتسب، ط. المجلس الأعلى ٢/١٩٣، ع٧٣) وسقوط عيسى بن عمر عن حماره (السبكي، عروس الأفراح ١/٦٢–٦٣، ع٧٤)؛ فُصل بينهما ونُسب كلٌّ إلى راويه. متحقّق	1
المجلد-الأول/الباب-الأول/ف04-أ-المدخل-ومقتضى-الحال.md	72	يتردد على الألسنة قول: «لكل مقام مقال». وقد مرّ بك في الفصل الأول (المثال ٩) أن هذه العبارة **مثل سائر**، لا حديث نبوي ولا أثر عن صحابي، وقد نُسب شطر قريب منها في بعض المصادر إلى الشاعر الحطيئة *[يحتاج إلى تحقق من الديوان والمصدر قبل الإثبات]*. ونعيد التنبيه هنا لأن هذا الفصل هو الموضع الذي يكثر فيه استشهاد المتعلمين بها، فيجب أن يُستشهد بها بوصفها حكمة متوارثة صائبة المعنى، لا نصًّا شرعيًّا. ومعناها - وهو صحيح في نفسه وإن لم يثبت مصدره - هو خلاصة هذا الفصل كله: أن لكل مقام كلامًا يناسبه، وأن نقل مقال مقام إلى مقام آخر بلا تعديل إخفاق، ولو كان المقال نفسه حكيمًا في موضعه.	يتردد على الألسنة قول: «لكل مقام مقال». وقد مرّ بك في الفصل الأول (المثال ٩) أن هذه العبارة **ليست حديثًا نبويًّا**. وأمرها على ثلاث مراتب: فهي **مرويّةٌ من كلام أبي الطُّفيل عامر بن واثلة**، وهو صحابي، أجاب بها قتادةَ حين سأله[^2]، وعدّها السخاوي في الأقوال المشتهرة على الألسنة موقوفةً لا مرفوعة[^3]؛ **وجاءت شطرَ بيتٍ يُنسب إلى الحطيئة** يخاطب به عمر بن الخطاب لمّا حبسه: «تحنّنْ عليّ هداك المليكُ ... فإنّ لكلّ مقامٍ مقالا»[^4]؛ **ثم جرت مثلًا** على الألسنة. ونعيد التنبيه هنا لأن هذا الفصل هو الموضع الذي يكثر فيه استشهاد المتعلمين بها، فيجب أن يُستشهد بها بوصفها حكمة متوارثة صائبة المعنى، لا حديثًا نبويًّا. ومعناها هو خلاصة هذا الفصل كله: أن لكل مقام كلامًا يناسبه، وأن نقل مقال مقام إلى مقام آخر بلا تعديل إخفاق، ولو كان المقال نفسه حكيمًا في موضعه.	كان المتن ينفي أن تكون أثرًا عن صحابي: وهي مرويّة من كلام أبي الطفيل (التاريخ الكبير، ج٢ ق١ ص٥٩، ع٧٥؛ والمقاصد الحسنة ٤/٢١٣، ع٧٦)، وشطر بيت يُنسب إلى الحطيئة (ديوانه برواية ابن السكيت ص٣٣٥، ش٤)، ثم جرت مثلًا؛ وحُذف «وإن لم يثبت مصدره». متحقّق	1
المجلد-الأول/الباب-الأول/ف05-ب-التطبيق-والتقويم.md	7	*[تحليل حديث]* من الملاحظ في تعليم الخطابة أن التوتر قبل الكلام المهم ظاهرة شبه عامة، تصيب حتى المتحدثين المتمرسين ذوي الخبرة الطويلة؛ والفرق الحقيقي بين المتحدث الواثق والمتحدث المضطرب ليس في وجود هذا الشعور أو غيابه، بل في طريقة التعامل معه: هل يُحارَب فيزداد، أم يُدار فيخف أثره تدريجيًّا؟ ويستفاد من ذلك أن هدف المتكلم ليس «القضاء على التوتر» - وهو هدف غير واقعي غالبًا - بل تقليل أثره على الأداء، وتحويل جزء من طاقته إلى حضور ونشاط بدل الشلل.	ومما يعرفه كل من علّم الخطابة أن التوتر قبل الكلام المهم كثيرًا ما يصيب حتى المتحدثين المتمرسين ذوي الخبرة الطويلة؛ والفرق الحقيقي بين المتحدث الواثق والمتحدث المضطرب ليس في وجود هذا الشعور أو غيابه، بل في طريقة التعامل معه: هل يُحارَب فيزداد، أم يُدار فيخف أثره تدريجيًّا؟ ويستفاد من ذلك أن هدف المتكلم ليس «القضاء على التوتر» - وهو هدف غير واقعي غالبًا - بل تقليل أثره على الأداء، وتحويل جزء من طاقته إلى حضور ونشاط بدل الشلل.	بقيت ملاحظةً تربوية بصوت المؤلف، وخُفّف تعميمها («ظاهرة شبه عامة» ← «كثيرًا ما يصيب»)، ولم يُحَل إلى مرجعٍ لم يُرَ. استنباطٌ تربوي	1
المجلد-الأول/الباب-الأول/ف06-ب-البرنامج-والتطبيق.md	22	*[تحليل حديث]* من أدوات تعليم اللغات الحديثة المعروفة **المحاكاة الصوتية (Shadowing)**، وهي أن يستمع المتعلم إلى مقطع مسموع، ويردده بصوته في الوقت نفسه تقريبًا أو بعده بلحظة قصيرة جدًّا، محاكيًا النطق والنبرة والسرعة والوقف، لا المعنى المجرد وحده. وتختلف عن طريقة الخطوات الست في موضع التركيز: فالخطوات الست تفكيك واعٍ لعنصر واحد بالتحليل، والمحاكاة الصوتية أداء فوري متكرر لمقطع كامل، تخدم الإيقاع والنطق والسرعة قبل أن تخدم اختيار الألفاظ. والطريقتان متكاملتان لا بديلتان: تبدأ غالبًا بالخطوات الست لفهم عنصر وتحليله، ثم تستعمل المحاكاة الصوتية لترسيخ الإيقاع العام في لسانك.	من أدوات تعليم اللغات الحديثة المعروفة **المحاكاة الصوتية (Shadowing)**، وهي أن يستمع المتعلم إلى مقطع مسموع، ويردده بصوته في الوقت نفسه تقريبًا أو بعده بلحظة قصيرة جدًّا، محاكيًا النطق والنبرة والسرعة والوقف، لا المعنى المجرد وحده[^1]. وتختلف عن طريقة الخطوات الست في موضع التركيز: فالخطوات الست تفكيك واعٍ لعنصر واحد بالتحليل، والمحاكاة الصوتية أداء فوري متكرر لمقطع كامل، تخدم الإيقاع والنطق والسرعة قبل أن تخدم اختيار الألفاظ. والطريقتان متكاملتان لا بديلتان: تبدأ غالبًا بالخطوات الست لفهم عنصر وتحليله، ثم تستعمل المحاكاة الصوتية لترسيخ الإيقاع العام في لسانك.	رُفع الوسم؛ وتعريف المحاكاة الصوتية حاشية إلى Hamada, The Language Teacher 45.6 (2021), 32 (و٨). متحقّق	1
المجلد-التاسع/الباب-العاشر/ف01-أ-بناء-الجواب.md	114، 213	*[استنباط تربوي]*	(رُفع الوسم، وبقيت الجملة)	استنباطٌ تربوي بصوت المؤلف أصلًا ← صوت المؤلف (الدليل ٣٤ §٢)؛ ولم يُنسب شيءٌ منه إلى أحد	2
المجلد-التاسع/الباب-العاشر/ف01-ب-الأسئلة-والمحاكاة.md	121	*[استنباط تربوي]*	(رُفع الوسم، وبقيت الجملة)	استنباطٌ تربوي بصوت المؤلف أصلًا ← صوت المؤلف (الدليل ٣٤ §٢)؛ ولم يُنسب شيءٌ منه إلى أحد	1
المجلد-التاسع/الباب-العاشر/ف02-أ-الدرس-التجريبي.md	70	*[استنباط تربوي]*	(رُفع الوسم، وبقيت الجملة)	استنباطٌ تربوي بصوت المؤلف أصلًا ← صوت المؤلف (الدليل ٣٤ §٢)؛ ولم يُنسب شيءٌ منه إلى أحد	1
المجلد-التاسع/الباب-العاشر/ف02-ب-المقابلة-الأكاديمية.md	22	*[استنباط تربوي]*	(رُفع الوسم، وبقيت الجملة)	استنباطٌ تربوي بصوت المؤلف أصلًا ← صوت المؤلف (الدليل ٣٤ §٢)؛ ولم يُنسب شيءٌ منه إلى أحد	1
المجلد-التاسع/الباب-العاشر/ف03-أ-إدارة-الاجتماع.md	63، 65، 67	*[استنباط تربوي]*	(رُفع الوسم، وبقيت الجملة)	استنباطٌ تربوي بصوت المؤلف أصلًا ← صوت المؤلف (الدليل ٣٤ §٢)؛ ولم يُنسب شيءٌ منه إلى أحد	3
المجلد-التاسع/الباب-العاشر/ف03-ب-إدارة-الاجتماع.md	180، 212	*[استنباط تربوي]*	(رُفع الوسم، وبقيت الجملة)	استنباطٌ تربوي بصوت المؤلف أصلًا ← صوت المؤلف (الدليل ٣٤ §٢)؛ ولم يُنسب شيءٌ منه إلى أحد	2
المجلد-التاسع/الباب-العاشر/ف04-أ-المدير-وموظفوه.md	62، 64	*[استنباط تربوي]*	(رُفع الوسم، وبقيت الجملة)	استنباطٌ تربوي بصوت المؤلف أصلًا ← صوت المؤلف (الدليل ٣٤ §٢)؛ ولم يُنسب شيءٌ منه إلى أحد	2
المجلد-التاسع/الباب-العاشر/ف04-ب-الموظف-المخطئ.md	26	*[استنباط تربوي]*	(رُفع الوسم، وبقيت الجملة)	استنباطٌ تربوي بصوت المؤلف أصلًا ← صوت المؤلف (الدليل ٣٤ §٢)؛ ولم يُنسب شيءٌ منه إلى أحد	1
المجلد-التاسع/الباب-العاشر/ف05-أ-الاعتذار-والاعتراض.md	74، 148	*[استنباط تربوي]*	(رُفع الوسم، وبقيت الجملة)	استنباطٌ تربوي بصوت المؤلف أصلًا ← صوت المؤلف (الدليل ٣٤ §٢)؛ ولم يُنسب شيءٌ منه إلى أحد	2
المجلد-الثالث/الباب-الثالث/ف01-أ-الاسمية-والفعلية.md	66، 286	*[استنباط تربوي]*	(رُفع الوسم، وبقيت الجملة)	استنباطٌ تربوي بصوت المؤلف أصلًا ← صوت المؤلف (الدليل ٣٤ §٢)؛ ولم يُنسب شيءٌ منه إلى أحد	2
المجلد-الثالث/الباب-الثالث/ف02-أ-المطابقة.md	60، 64، 258، 267	*[استنباط تربوي]*	(رُفع الوسم، وبقيت الجملة)	استنباطٌ تربوي بصوت المؤلف أصلًا ← صوت المؤلف (الدليل ٣٤ §٢)؛ ولم يُنسب شيءٌ منه إلى أحد	4
المجلد-الثالث/الباب-الثالث/ف03-أ-الأوزان-والمصادر.md	63	*[استنباط تربوي]*	(رُفع الوسم، وبقيت الجملة)	استنباطٌ تربوي بصوت المؤلف أصلًا ← صوت المؤلف (الدليل ٣٤ §٢)؛ ولم يُنسب شيءٌ منه إلى أحد	1
المجلد-الثالث/الباب-الثالث/ف03-ب-النسبة-والجموع-والمعتل.md	16	*[استنباط تربوي]*	(رُفع الوسم، وبقيت الجملة)	استنباطٌ تربوي بصوت المؤلف أصلًا ← صوت المؤلف (الدليل ٣٤ §٢)؛ ولم يُنسب شيءٌ منه إلى أحد	1
المجلد-الثالث/الباب-الثالث/ف05-أ-الأفعال-وحروف-الجر.md	61	*[استنباط تربوي]*	(رُفع الوسم، وبقيت الجملة)	استنباطٌ تربوي بصوت المؤلف أصلًا ← صوت المؤلف (الدليل ٣٤ §٢)؛ ولم يُنسب شيءٌ منه إلى أحد	1
المجلد-الثالث/الباب-الثالث/ف06-أ-أثر-اللغات-المحلية.md	84، 161	*[استنباط تربوي]*	(رُفع الوسم، وبقيت الجملة)	استنباطٌ تربوي بصوت المؤلف أصلًا ← صوت المؤلف (الدليل ٣٤ §٢)؛ ولم يُنسب شيءٌ منه إلى أحد	2
المجلد-الثالث/الباب-الثالث/ف06-ب-المخاطبة-والتحية-والتطبيق.md	23	*[استنباط تربوي]*	(رُفع الوسم، وبقيت الجملة)	استنباطٌ تربوي بصوت المؤلف أصلًا ← صوت المؤلف (الدليل ٣٤ §٢)؛ ولم يُنسب شيءٌ منه إلى أحد	1
المجلد-الثالث/الباب-الثالث/ف07-أ-الحشو-الصوتي.md	101، 109، 259	*[استنباط تربوي]*	(رُفع الوسم، وبقيت الجملة)	استنباطٌ تربوي بصوت المؤلف أصلًا ← صوت المؤلف (الدليل ٣٤ §٢)؛ ولم يُنسب شيءٌ منه إلى أحد	3
المجلد-الثالث/الباب-الثالث/ف07-ب-التكرار-والغموض.md	24، 155، 224، 299	*[استنباط تربوي]*	(رُفع الوسم، وبقيت الجملة)	استنباطٌ تربوي بصوت المؤلف أصلًا ← صوت المؤلف (الدليل ٣٤ §٢)؛ ولم يُنسب شيءٌ منه إلى أحد	4
المجلد-الثالث/الباب-الثالث/ف08-أ-الفصيح-المأنوس.md	81	*[استنباط تربوي]*	(رُفع الوسم، وبقيت الجملة)	استنباطٌ تربوي بصوت المؤلف أصلًا ← صوت المؤلف (الدليل ٣٤ §٢)؛ ولم يُنسب شيءٌ منه إلى أحد	1
المجلد-الثامن/الباب-التاسع/ف01-أ-المدخل-وبناء-الخطبة.md	63، 73، 368	*[استنباط تربوي]*	(رُفع الوسم، وبقيت الجملة)	استنباطٌ تربوي بصوت المؤلف أصلًا ← صوت المؤلف (الدليل ٣٤ §٢)؛ ولم يُنسب شيءٌ منه إلى أحد	3
المجلد-الثامن/الباب-التاسع/ف01-ب-العبارة-والصوت-والنموذج.md	238	*[استنباط تربوي]*	(رُفع الوسم، وبقيت الجملة)	استنباطٌ تربوي بصوت المؤلف أصلًا ← صوت المؤلف (الدليل ٣٤ §٢)؛ ولم يُنسب شيءٌ منه إلى أحد	1
المجلد-الثامن/الباب-التاسع/ف02-أ-المدخل-وبناء-المحاضرة.md	59، 252	*[استنباط تربوي]*	(رُفع الوسم، وبقيت الجملة)	استنباطٌ تربوي بصوت المؤلف أصلًا ← صوت المؤلف (الدليل ٣٤ §٢)؛ ولم يُنسب شيءٌ منه إلى أحد	2
المجلد-الثامن/الباب-التاسع/ف03-أ-المدخل-والدرس-الأول.md	84	*[استنباط تربوي]*	(رُفع الوسم، وبقيت الجملة)	استنباطٌ تربوي بصوت المؤلف أصلًا ← صوت المؤلف (الدليل ٣٤ §٢)؛ ولم يُنسب شيءٌ منه إلى أحد	1
المجلد-الثامن/الباب-التاسع/ف04-أ-المدخل-والدرس-الأول.md	67، 69، 71، 252، 256	*[استنباط تربوي]*	(رُفع الوسم، وبقيت الجملة)	استنباطٌ تربوي بصوت المؤلف أصلًا ← صوت المؤلف (الدليل ٣٤ §٢)؛ ولم يُنسب شيءٌ منه إلى أحد	5
المجلد-الثامن/الباب-التاسع/ف04-ب-الدرس-الثاني.md	86، 146، 163	*[استنباط تربوي]*	(رُفع الوسم، وبقيت الجملة)	استنباطٌ تربوي بصوت المؤلف أصلًا ← صوت المؤلف (الدليل ٣٤ §٢)؛ ولم يُنسب شيءٌ منه إلى أحد	3
المجلد-الثامن/الباب-التاسع/ف05-أ-العطل-وضيق-الوقت.md	84	*[استنباط تربوي]*	(رُفع الوسم، وبقيت الجملة)	استنباطٌ تربوي بصوت المؤلف أصلًا ← صوت المؤلف (الدليل ٣٤ §٢)؛ ولم يُنسب شيءٌ منه إلى أحد	1
المجلد-الثامن/الباب-الثامن/ف01-أ-المدخل-والدخول-والجلوس.md	67، 91	*[استنباط تربوي]*	(رُفع الوسم، وبقيت الجملة)	استنباطٌ تربوي بصوت المؤلف أصلًا ← صوت المؤلف (الدليل ٣٤ §٢)؛ ولم يُنسب شيءٌ منه إلى أحد	2
المجلد-الثامن/الباب-الثامن/ف01-ب-الكلام-في-المجلس.md	29، 385	*[استنباط تربوي]*	(رُفع الوسم، وبقيت الجملة)	استنباطٌ تربوي بصوت المؤلف أصلًا ← صوت المؤلف (الدليل ٣٤ §٢)؛ ولم يُنسب شيءٌ منه إلى أحد	2
المجلد-الثامن/الباب-الثامن/ف02-أ-إظهار-العلم-ومخاطبة-الكبير.md	57	*[استنباط تربوي]*	(رُفع الوسم، وبقيت الجملة)	استنباطٌ تربوي بصوت المؤلف أصلًا ← صوت المؤلف (الدليل ٣٤ §٢)؛ ولم يُنسب شيءٌ منه إلى أحد	1
المجلد-الثامن/الباب-الثامن/ف03-أ-المدخل-وحوار-اللقاء-الأول.md	60، 64	*[استنباط تربوي]*	(رُفع الوسم، وبقيت الجملة)	استنباطٌ تربوي بصوت المؤلف أصلًا ← صوت المؤلف (الدليل ٣٤ §٢)؛ ولم يُنسب شيءٌ منه إلى أحد	2
المجلد-الثامن/الباب-الثامن/ف04-أ-المدخل-ومجلس-القسم.md	56	*[استنباط تربوي]*	(رُفع الوسم، وبقيت الجملة)	استنباطٌ تربوي بصوت المؤلف أصلًا ← صوت المؤلف (الدليل ٣٤ §٢)؛ ولم يُنسب شيءٌ منه إلى أحد	1
المجلد-الثامن/الباب-الثامن/ف05-أ-المدخل-والتهنئة-والتعزية.md	55	*[استنباط تربوي]*	(رُفع الوسم، وبقيت الجملة)	استنباطٌ تربوي بصوت المؤلف أصلًا ← صوت المؤلف (الدليل ٣٤ §٢)؛ ولم يُنسب شيءٌ منه إلى أحد	1
المجلد-الثاني/الباب-الثاني/ف01-أ-المدخل-والمخارج.md	68، 74، 152، 234	*[استنباط تربوي]*	(رُفع الوسم، وبقيت الجملة)	استنباطٌ تربوي بصوت المؤلف أصلًا ← صوت المؤلف (الدليل ٣٤ §٢)؛ ولم يُنسب شيءٌ منه إلى أحد	4
المجلد-الثاني/الباب-الثاني/ف02-أ-المدخل-والصفات.md	63	*[استنباط تربوي]*	(رُفع الوسم، وبقيت الجملة)	استنباطٌ تربوي بصوت المؤلف أصلًا ← صوت المؤلف (الدليل ٣٤ §٢)؛ ولم يُنسب شيءٌ منه إلى أحد	1
المجلد-الثاني/الباب-الثاني/ف03-أ-المدخل-والأصوات-الخمسة.md	63	*[استنباط تربوي]*	(رُفع الوسم، وبقيت الجملة)	استنباطٌ تربوي بصوت المؤلف أصلًا ← صوت المؤلف (الدليل ٣٤ §٢)؛ ولم يُنسب شيءٌ منه إلى أحد	1
المجلد-الثاني/الباب-الثاني/ف04-أ-المدخل-والأزواج.md	59	*[استنباط تربوي]*	(رُفع الوسم، وبقيت الجملة)	استنباطٌ تربوي بصوت المؤلف أصلًا ← صوت المؤلف (الدليل ٣٤ §٢)؛ ولم يُنسب شيءٌ منه إلى أحد	1
المجلد-الثاني/الباب-الثاني/ف05-أ-المدخل-وأصوات-الحلق.md	61	*[استنباط تربوي]*	(رُفع الوسم، وبقيت الجملة)	استنباطٌ تربوي بصوت المؤلف أصلًا ← صوت المؤلف (الدليل ٣٤ §٢)؛ ولم يُنسب شيءٌ منه إلى أحد	1
المجلد-الثاني/الباب-الثاني/ف07-أ-المدخل-والدرسان.md	76، 78، 101، 442	*[استنباط تربوي]*	(رُفع الوسم، وبقيت الجملة)	استنباطٌ تربوي بصوت المؤلف أصلًا ← صوت المؤلف (الدليل ٣٤ §٢)؛ ولم يُنسب شيءٌ منه إلى أحد	4
المجلد-الثاني/الباب-الثاني/ف08-أ-المدخل-والدرسان.md	66	*[استنباط تربوي]*	(رُفع الوسم، وبقيت الجملة)	استنباطٌ تربوي بصوت المؤلف أصلًا ← صوت المؤلف (الدليل ٣٤ §٢)؛ ولم يُنسب شيءٌ منه إلى أحد	1
المجلد-الثاني/الباب-الثاني/ف09-أ-المدخل-والدرسان.md	61	*[استنباط تربوي]*	(رُفع الوسم، وبقيت الجملة)	استنباطٌ تربوي بصوت المؤلف أصلًا ← صوت المؤلف (الدليل ٣٤ §٢)؛ ولم يُنسب شيءٌ منه إلى أحد	1
المجلد-الثاني/الباب-الثاني/ف10-أ-المدخل-والدرسان.md	57	*[استنباط تربوي]*	(رُفع الوسم، وبقيت الجملة)	استنباطٌ تربوي بصوت المؤلف أصلًا ← صوت المؤلف (الدليل ٣٤ §٢)؛ ولم يُنسب شيءٌ منه إلى أحد	1
المجلد-الثاني/الباب-الثاني/ف11-أ-المدخل-والدرسان.md	57	*[استنباط تربوي]*	(رُفع الوسم، وبقيت الجملة)	استنباطٌ تربوي بصوت المؤلف أصلًا ← صوت المؤلف (الدليل ٣٤ §٢)؛ ولم يُنسب شيءٌ منه إلى أحد	1
المجلد-الخامس/الباب-الخامس/ف01-أ-المدخل-والدرس-الأول.md	80، 145	*[استنباط تربوي]*	(رُفع الوسم، وبقيت الجملة)	استنباطٌ تربوي بصوت المؤلف أصلًا ← صوت المؤلف (الدليل ٣٤ §٢)؛ ولم يُنسب شيءٌ منه إلى أحد	2
المجلد-الخامس/الباب-الخامس/ف02-أ-المدخل-والدرس-الأول.md	64	*[استنباط تربوي]*	(رُفع الوسم، وبقيت الجملة)	استنباطٌ تربوي بصوت المؤلف أصلًا ← صوت المؤلف (الدليل ٣٤ §٢)؛ ولم يُنسب شيءٌ منه إلى أحد	1
المجلد-الخامس/الباب-الخامس/ف03-أ-المدخل-والدرس-الأول.md	64	*[استنباط تربوي]*	(رُفع الوسم، وبقيت الجملة)	استنباطٌ تربوي بصوت المؤلف أصلًا ← صوت المؤلف (الدليل ٣٤ §٢)؛ ولم يُنسب شيءٌ منه إلى أحد	1
المجلد-الخامس/الباب-الخامس/ف04-أ-المدخل-والدرس-الأول.md	56	*[استنباط تربوي]*	(رُفع الوسم، وبقيت الجملة)	استنباطٌ تربوي بصوت المؤلف أصلًا ← صوت المؤلف (الدليل ٣٤ §٢)؛ ولم يُنسب شيءٌ منه إلى أحد	1
المجلد-الخامس/الباب-الخامس/ف05-أ-المدخل-والدرس-الأول.md	58	*[استنباط تربوي]*	(رُفع الوسم، وبقيت الجملة)	استنباطٌ تربوي بصوت المؤلف أصلًا ← صوت المؤلف (الدليل ٣٤ §٢)؛ ولم يُنسب شيءٌ منه إلى أحد	1
المجلد-الخامس/الباب-الخامس/ف06-مخاطبة-الأقران-والأدنى.md	59، 63، 244، 318، 321، 396، 422	*[استنباط تربوي]*	(رُفع الوسم، وبقيت الجملة)	استنباطٌ تربوي بصوت المؤلف أصلًا ← صوت المؤلف (الدليل ٣٤ §٢)؛ ولم يُنسب شيءٌ منه إلى أحد	7
المجلد-الخامس/الباب-الخامس/ف08-أ-التهدئة-وحفظ-الكرامة.md	49	*[استنباط تربوي]*	(رُفع الوسم، وبقيت الجملة)	استنباطٌ تربوي بصوت المؤلف أصلًا ← صوت المؤلف (الدليل ٣٤ §٢)؛ ولم يُنسب شيءٌ منه إلى أحد	1
المجلد-الرابع/الباب-الرابع/ف01-أ-المدخل-والدرس-الأول.md	79	*[استنباط تربوي]*	(رُفع الوسم، وبقيت الجملة)	استنباطٌ تربوي بصوت المؤلف أصلًا ← صوت المؤلف (الدليل ٣٤ §٢)؛ ولم يُنسب شيءٌ منه إلى أحد	1
المجلد-الرابع/الباب-الرابع/ف02-أ-المدخل-والدرس-الأول.md	62، 68، 76، 157، 192، 267	*[استنباط تربوي]*	(رُفع الوسم، وبقيت الجملة)	استنباطٌ تربوي بصوت المؤلف أصلًا ← صوت المؤلف (الدليل ٣٤ §٢)؛ ولم يُنسب شيءٌ منه إلى أحد	6
المجلد-الرابع/الباب-الرابع/ف04-أ-فن-التعريف-بالنفس.md	59	*[استنباط تربوي]*	(رُفع الوسم، وبقيت الجملة)	استنباطٌ تربوي بصوت المؤلف أصلًا ← صوت المؤلف (الدليل ٣٤ §٢)؛ ولم يُنسب شيءٌ منه إلى أحد	1
المجلد-الرابع/الباب-الرابع/ف05-أ-فن-الانتقال.md	79، 85، 89، 334	*[استنباط تربوي]*	(رُفع الوسم، وبقيت الجملة)	استنباطٌ تربوي بصوت المؤلف أصلًا ← صوت المؤلف (الدليل ٣٤ §٢)؛ ولم يُنسب شيءٌ منه إلى أحد	4
المجلد-الرابع/الباب-الرابع/ف06-أ-فن-الخاتمة.md	83، 85، 93	*[استنباط تربوي]*	(رُفع الوسم، وبقيت الجملة)	استنباطٌ تربوي بصوت المؤلف أصلًا ← صوت المؤلف (الدليل ٣٤ §٢)؛ ولم يُنسب شيءٌ منه إلى أحد	3
المجلد-الرابع/الباب-الرابع/ف07-أ-من-علم-المعاني.md	57	*[استنباط تربوي]*	(رُفع الوسم، وبقيت الجملة)	استنباطٌ تربوي بصوت المؤلف أصلًا ← صوت المؤلف (الدليل ٣٤ §٢)؛ ولم يُنسب شيءٌ منه إلى أحد	1
المجلد-الرابع/الباب-الرابع/ف08-أ-من-علم-البيان.md	50	*[استنباط تربوي]*	(رُفع الوسم، وبقيت الجملة)	استنباطٌ تربوي بصوت المؤلف أصلًا ← صوت المؤلف (الدليل ٣٤ §٢)؛ ولم يُنسب شيءٌ منه إلى أحد	1
المجلد-الرابع/الباب-الرابع/ف09-أ-من-علم-البديع.md	52، 136	*[استنباط تربوي]*	(رُفع الوسم، وبقيت الجملة)	استنباطٌ تربوي بصوت المؤلف أصلًا ← صوت المؤلف (الدليل ٣٤ §٢)؛ ولم يُنسب شيءٌ منه إلى أحد	2
المجلد-الرابع/الباب-الرابع/ف10-أ-الاقتباس-والتضمين.md	52	*[استنباط تربوي]*	(رُفع الوسم، وبقيت الجملة)	استنباطٌ تربوي بصوت المؤلف أصلًا ← صوت المؤلف (الدليل ٣٤ §٢)؛ ولم يُنسب شيءٌ منه إلى أحد	1
المجلد-السابع/الباب-السابع/ف01-أ-السؤال-المدخل-والدرس-الأول.md	93، 99، 105، 229، 413	*[استنباط تربوي]*	(رُفع الوسم، وبقيت الجملة)	استنباطٌ تربوي بصوت المؤلف أصلًا ← صوت المؤلف (الدليل ٣٤ §٢)؛ ولم يُنسب شيءٌ منه إلى أحد	5
المجلد-السابع/الباب-السابع/ف01-ب-السؤال-الدرس-الثاني.md	92، 126	*[استنباط تربوي]*	(رُفع الوسم، وبقيت الجملة)	استنباطٌ تربوي بصوت المؤلف أصلًا ← صوت المؤلف (الدليل ٣٤ §٢)؛ ولم يُنسب شيءٌ منه إلى أحد	2
المجلد-السابع/الباب-السابع/ف02-أ-الجواب-المدخل-والدرس-الأول.md	88، 172، 302	*[استنباط تربوي]*	(رُفع الوسم، وبقيت الجملة)	استنباطٌ تربوي بصوت المؤلف أصلًا ← صوت المؤلف (الدليل ٣٤ §٢)؛ ولم يُنسب شيءٌ منه إلى أحد	3
المجلد-السابع/الباب-السابع/ف02-ب-الجواب-الدرس-الثاني.md	90، 122	*[استنباط تربوي]*	(رُفع الوسم، وبقيت الجملة)	استنباطٌ تربوي بصوت المؤلف أصلًا ← صوت المؤلف (الدليل ٣٤ §٢)؛ ولم يُنسب شيءٌ منه إلى أحد	2
المجلد-السابع/الباب-السابع/ف03-أ-الاستيضاح-وإعادة-الصياغة.md	63، 67	*[استنباط تربوي]*	(رُفع الوسم، وبقيت الجملة)	استنباطٌ تربوي بصوت المؤلف أصلًا ← صوت المؤلف (الدليل ٣٤ §٢)؛ ولم يُنسب شيءٌ منه إلى أحد	2
المجلد-السابع/الباب-السابع/ف04-أ-المداخلة-والمناقشة.md	61، 65	*[استنباط تربوي]*	(رُفع الوسم، وبقيت الجملة)	استنباطٌ تربوي بصوت المؤلف أصلًا ← صوت المؤلف (الدليل ٣٤ §٢)؛ ولم يُنسب شيءٌ منه إلى أحد	3
المجلد-السابع/الباب-السابع/ف05-أ-الإقناع-المدخل-والدرس-الأول.md	77، 86، 98، 344، 349	*[استنباط تربوي]*	(رُفع الوسم، وبقيت الجملة)	استنباطٌ تربوي بصوت المؤلف أصلًا ← صوت المؤلف (الدليل ٣٤ §٢)؛ ولم يُنسب شيءٌ منه إلى أحد	5
المجلد-السابع/الباب-السابع/ف05-ب-الإقناع-الدرس-الثاني.md	171	*[استنباط تربوي]*	(رُفع الوسم، وبقيت الجملة)	استنباطٌ تربوي بصوت المؤلف أصلًا ← صوت المؤلف (الدليل ٣٤ §٢)؛ ولم يُنسب شيءٌ منه إلى أحد	1
المجلد-السابع/الباب-السابع/ف06-أ-المناظرة-وأدبها.md	57	*[استنباط تربوي]*	(رُفع الوسم، وبقيت الجملة)	استنباطٌ تربوي بصوت المؤلف أصلًا ← صوت المؤلف (الدليل ٣٤ §٢)؛ ولم يُنسب شيءٌ منه إلى أحد	1
المجلد-السابع/الباب-السابع/ف07-أ-النقد-والنصيحة-المدخل-والدرس-الأول.md	61، 65، 71	*[استنباط تربوي]*	(رُفع الوسم، وبقيت الجملة)	استنباطٌ تربوي بصوت المؤلف أصلًا ← صوت المؤلف (الدليل ٣٤ §٢)؛ ولم يُنسب شيءٌ منه إلى أحد	3
المجلد-السابع/الباب-السابع/ف07-ب-النقد-والنصيحة-الدرس-الثاني.md	83، 87	*[استنباط تربوي]*	(رُفع الوسم، وبقيت الجملة)	استنباطٌ تربوي بصوت المؤلف أصلًا ← صوت المؤلف (الدليل ٣٤ §٢)؛ ولم يُنسب شيءٌ منه إلى أحد	2
المجلد-السادس/الباب-السادس/ف01-السلام-والبشاشة-والاستماع.md	86، 96، 182، 320، 414، 430، 443، 449، 578	*[استنباط تربوي]*	(رُفع الوسم، وبقيت الجملة)	استنباطٌ تربوي بصوت المؤلف أصلًا ← صوت المؤلف (الدليل ٣٤ §٢)؛ ولم يُنسب شيءٌ منه إلى أحد	9
المجلد-السادس/الباب-السادس/ف02-على-قدر-العقول.md	77، 93، 366، 370	*[استنباط تربوي]*	(رُفع الوسم، وبقيت الجملة)	استنباطٌ تربوي بصوت المؤلف أصلًا ← صوت المؤلف (الدليل ٣٤ §٢)؛ ولم يُنسب شيءٌ منه إلى أحد	4
المجلد-السادس/الباب-السادس/ف03-المدح-والشكر-والدعاء.md	75، 175، 215، 217، 257، 401، 461	*[استنباط تربوي]*	(رُفع الوسم، وبقيت الجملة)	استنباطٌ تربوي بصوت المؤلف أصلًا ← صوت المؤلف (الدليل ٣٤ §٢)؛ ولم يُنسب شيءٌ منه إلى أحد	7
المجلد-السادس/الباب-السادس/ف04-أ-المدخل-والدرس-الأول.md	60، 62	*[استنباط تربوي]*	(رُفع الوسم، وبقيت الجملة)	استنباطٌ تربوي بصوت المؤلف أصلًا ← صوت المؤلف (الدليل ٣٤ §٢)؛ ولم يُنسب شيءٌ منه إلى أحد	2
المجلد-السادس/الباب-السادس/ف04-ب-الدرس-الثاني.md	20	*[استنباط تربوي]*	(رُفع الوسم، وبقيت الجملة)	استنباطٌ تربوي بصوت المؤلف أصلًا ← صوت المؤلف (الدليل ٣٤ §٢)؛ ولم يُنسب شيءٌ منه إلى أحد	1
المجلد-السادس/الباب-السادس/ف05-أ-المدخل-والدرس-الأول.md	56، 64	*[استنباط تربوي]*	(رُفع الوسم، وبقيت الجملة)	استنباطٌ تربوي بصوت المؤلف أصلًا ← صوت المؤلف (الدليل ٣٤ §٢)؛ ولم يُنسب شيءٌ منه إلى أحد	2
المجلد-السادس/الباب-السادس/ف06-أ-المدخل-والدرس-الأول.md	65، 75، 81، 363	*[استنباط تربوي]*	(رُفع الوسم، وبقيت الجملة)	استنباطٌ تربوي بصوت المؤلف أصلًا ← صوت المؤلف (الدليل ٣٤ §٢)؛ ولم يُنسب شيءٌ منه إلى أحد	4
المجلد-السادس/الباب-السادس/ف07-أ-المدخل-والدرس-الأول.md	66، 74، 82، 279	*[استنباط تربوي]*	(رُفع الوسم، وبقيت الجملة)	استنباطٌ تربوي بصوت المؤلف أصلًا ← صوت المؤلف (الدليل ٣٤ §٢)؛ ولم يُنسب شيءٌ منه إلى أحد	4
المجلد-السادس/الباب-السادس/ف08-أ-المدخل-والدرس-الأول.md	56، 58	*[استنباط تربوي]*	(رُفع الوسم، وبقيت الجملة)	استنباطٌ تربوي بصوت المؤلف أصلًا ← صوت المؤلف (الدليل ٣٤ §٢)؛ ولم يُنسب شيءٌ منه إلى أحد	2
المجلد-السادس/الباب-السادس/ف08-ب-الدرس-الثاني.md	96	*[استنباط تربوي]*	(رُفع الوسم، وبقيت الجملة)	استنباطٌ تربوي بصوت المؤلف أصلًا ← صوت المؤلف (الدليل ٣٤ §٢)؛ ولم يُنسب شيءٌ منه إلى أحد	1
المجلد-السادس/الباب-السادس/ف09-ب-الدرس-الثاني.md	91	*[استنباط تربوي]*	(رُفع الوسم، وبقيت الجملة)	استنباطٌ تربوي بصوت المؤلف أصلًا ← صوت المؤلف (الدليل ٣٤ §٢)؛ ولم يُنسب شيءٌ منه إلى أحد	1
المجلد-العاشر/الباب-الثالث-عشر/ف01-أ-المدخل-وسلم-الارتجال.md	56	*[استنباط تربوي]*	(رُفع الوسم، وبقيت الجملة)	استنباطٌ تربوي بصوت المؤلف أصلًا ← صوت المؤلف (الدليل ٣٤ §٢)؛ ولم يُنسب شيءٌ منه إلى أحد	1
المجلد-العاشر/الباب-الثالث-عشر/ف03-أ-الملف-الصوتي-ومشروع-التخرج.md	50	*[استنباط تربوي]*	(رُفع الوسم، وبقيت الجملة)	استنباطٌ تربوي بصوت المؤلف أصلًا ← صوت المؤلف (الدليل ٣٤ §٢)؛ ولم يُنسب شيءٌ منه إلى أحد	1
المجلد-العاشر/الباب-الثاني-عشر/ف01-أ-المدخل-والألقاب.md	69، 75	*[استنباط تربوي]*	(رُفع الوسم، وبقيت الجملة)	استنباطٌ تربوي بصوت المؤلف أصلًا ← صوت المؤلف (الدليل ٣٤ §٢)؛ ولم يُنسب شيءٌ منه إلى أحد	2
المجلد-العاشر/الباب-الثاني-عشر/ف01-ب-الترحيب-والشكر.md	208	*[استنباط تربوي]*	(رُفع الوسم، وبقيت الجملة)	استنباطٌ تربوي بصوت المؤلف أصلًا ← صوت المؤلف (الدليل ٣٤ §٢)؛ ولم يُنسب شيءٌ منه إلى أحد	1
المجلد-العاشر/الباب-الثاني-عشر/ف02-أ-المدخل-والمجاملة.md	69، 75، 81، 85	*[استنباط تربوي]*	(رُفع الوسم، وبقيت الجملة)	استنباطٌ تربوي بصوت المؤلف أصلًا ← صوت المؤلف (الدليل ٣٤ §٢)؛ ولم يُنسب شيءٌ منه إلى أحد	4
المجلد-العاشر/الباب-الثاني-عشر/ف02-ب-التحفظ-والسؤال-الحساس.md	228	*[استنباط تربوي]*	(رُفع الوسم، وبقيت الجملة)	استنباطٌ تربوي بصوت المؤلف أصلًا ← صوت المؤلف (الدليل ٣٤ §٢)؛ ولم يُنسب شيءٌ منه إلى أحد	1
المجلد-العاشر/الباب-الثاني-عشر/ف03-أ-المدخل-وعرض-الموقف.md	60، 66	*[استنباط تربوي]*	(رُفع الوسم، وبقيت الجملة)	استنباطٌ تربوي بصوت المؤلف أصلًا ← صوت المؤلف (الدليل ٣٤ §٢)؛ ولم يُنسب شيءٌ منه إلى أحد	2
المجلد-العاشر/الباب-الثاني-عشر/ف03-ب-التنازل-والعرض-المقابل.md	26، 30، 32، 161	*[استنباط تربوي]*	(رُفع الوسم، وبقيت الجملة)	استنباطٌ تربوي بصوت المؤلف أصلًا ← صوت المؤلف (الدليل ٣٤ §٢)؛ ولم يُنسب شيءٌ منه إلى أحد	4
المجلد-العاشر/الباب-الحادي-عشر/ف01-أ-المدخل-والدرس-الأول.md	78	*[استنباط تربوي]*	(رُفع الوسم، وبقيت الجملة)	استنباطٌ تربوي بصوت المؤلف أصلًا ← صوت المؤلف (الدليل ٣٤ §٢)؛ ولم يُنسب شيءٌ منه إلى أحد	1
المجلد-العاشر/الباب-الحادي-عشر/ف01-ب-الدرس-الثاني.md	185	*[استنباط تربوي]*	(رُفع الوسم، وبقيت الجملة)	استنباطٌ تربوي بصوت المؤلف أصلًا ← صوت المؤلف (الدليل ٣٤ §٢)؛ ولم يُنسب شيءٌ منه إلى أحد	1
المجلد-العاشر/الباب-الحادي-عشر/ف02-أ-المدخل-والدرس-الأول.md	69	*[استنباط تربوي]*	(رُفع الوسم، وبقيت الجملة)	استنباطٌ تربوي بصوت المؤلف أصلًا ← صوت المؤلف (الدليل ٣٤ §٢)؛ ولم يُنسب شيءٌ منه إلى أحد	1
المجلد-العاشر/الباب-الحادي-عشر/ف02-ب-الدرس-الثاني.md	74	*[استنباط تربوي]*	(رُفع الوسم، وبقيت الجملة)	استنباطٌ تربوي بصوت المؤلف أصلًا ← صوت المؤلف (الدليل ٣٤ §٢)؛ ولم يُنسب شيءٌ منه إلى أحد	1
المجلد-العاشر/الباب-الحادي-عشر/ف03-أ-المدخل-والدرس-الأول.md	60	*[استنباط تربوي]*	(رُفع الوسم، وبقيت الجملة)	استنباطٌ تربوي بصوت المؤلف أصلًا ← صوت المؤلف (الدليل ٣٤ §٢)؛ ولم يُنسب شيءٌ منه إلى أحد	1
المجلد-العاشر/الباب-الحادي-عشر/ف03-ب-الدرس-الثاني.md	25	*[استنباط تربوي]*	(رُفع الوسم، وبقيت الجملة)	استنباطٌ تربوي بصوت المؤلف أصلًا ← صوت المؤلف (الدليل ٣٤ §٢)؛ ولم يُنسب شيءٌ منه إلى أحد	1
المجلد-العاشر/الباب-الحادي-عشر/ف04-أ-المدخل-والدرس-الأول.md	51	*[استنباط تربوي]*	(رُفع الوسم، وبقيت الجملة)	استنباطٌ تربوي بصوت المؤلف أصلًا ← صوت المؤلف (الدليل ٣٤ §٢)؛ ولم يُنسب شيءٌ منه إلى أحد	1
المجلد-الثاني/الباب-الثاني/ف06-أ-المدخل-وحروف-الذلاقة.md	60	سمّى علماء الصرف هذه الأصوات الستة تحديدًا «حروف الذلاقة»: الراء واللام والنون من طرف اللسان، والباء والفاء والميم من الشفتين، وجمعوها في كلمتين سهلتي الحفظ: «مُرْ بِنَفْلٍ». *[علماء الصرف؛ يحتاج إلى تحقق من المصدر الأقدم]* وسُميت بذلك لأن النطق بها أذلق، أي أسهل وأخف على اللسان من غيرها؛ ولذلك قرر الصرفيون أن أكثر الكلمة العربية الرباعية والخماسية الأصول لا يخلو غالبًا من واحد منها على الأقل، لأن الكلمة الطويلة تحتاج إلى صوت خفيف يسهّل نطقها. *[استنباط تربوي: هذا يفسر أيضًا لماذا يندر أن يخطئ المتعلم في مخارج هذه الأصوات، وإن أخطأ في بعض صفاتها الدقيقة]*	سمّى علماء الصرف هذه الأصوات الستة تحديدًا «حروف الذلاقة»: الراء واللام والنون من طرف اللسان، والباء والفاء والميم من الشفتين، وجمعوها في كلمتين سهلتي الحفظ: «مُرْ بِنَفْلٍ». *[علماء الصرف؛ يحتاج إلى تحقق من المصدر الأقدم]* وسُميت بذلك لأن النطق بها أذلق، أي أسهل وأخف على اللسان من غيرها؛ ولذلك قرر الصرفيون أن أكثر الكلمة العربية الرباعية والخماسية الأصول لا يخلو غالبًا من واحد منها على الأقل، لأن الكلمة الطويلة تحتاج إلى صوت خفيف يسهّل نطقها. ونرى أن هذا يفسّر أيضًا لماذا يندر أن يخطئ المتعلم في مخارج هذه الأصوات، وإن أخطأ في بعض صفاتها الدقيقة.	وسم «استنباط تربوي» فيه جملة ← الجملة نفسها بصوت المؤلف (الدليل ٣٤ §٢)	1
المجلد-الخامس/الباب-الخامس/ف07-مخاطبة-الجمهور-العام.md	53	من أشهر ما قيل في مخاطبة العامة أثرٌ عن عليّ بن أبي طالب رضي الله عنه، علّقه الإمام البخاري في صحيحه في كتاب العلم: «حَدِّثُوا النَّاسَ بِمَا يَعْرِفُونَ، أَتُحِبُّونَ أَنْ يُكَذَّبَ اللَّهُ وَرَسُولُهُ؟». والأثر يعلّم أن حمل الناس على ما لا تبلغه عقولهم وخبرتهم، بلا تدرّج ولا مراعاة لمستواهم، قد يورث إنكارًا لا يُراد منه إنكار، بل عجز عن الفهم يُخرَج في صورة إنكار. *[استنباط تربوي: هذا في المعنى العام لمراعاة مستوى المخاطَب، لا في مسألة كتمان العلم الواجب بيانه.]*	من أشهر ما قيل في مخاطبة العامة أثرٌ عن عليّ بن أبي طالب رضي الله عنه، علّقه الإمام البخاري في صحيحه في كتاب العلم: «حَدِّثُوا النَّاسَ بِمَا يَعْرِفُونَ، أَتُحِبُّونَ أَنْ يُكَذَّبَ اللَّهُ وَرَسُولُهُ؟». والأثر يعلّم أن حمل الناس على ما لا تبلغه عقولهم وخبرتهم، بلا تدرّج ولا مراعاة لمستواهم، قد يورث إنكارًا لا يُراد منه إنكار، بل عجز عن الفهم يُخرَج في صورة إنكار. وهذا في المعنى العام لمراعاة مستوى المخاطَب، لا في مسألة كتمان العلم الواجب بيانه.	وسم «استنباط تربوي» فيه جملة ← الجملة نفسها بصوت المؤلف (الدليل ٣٤ §٢)	1
المجلد-الخامس/الباب-الخامس/ف09-أ-مختبر-المقام.md	40	ستة أوصاف لفعل واحد هو القول، تختلف بحسب من يُخاطَب وفيمَ يُخاطَب. وهذا بالضبط ما يطلبه هذا المختبر منك: ثلاثون موقفًا، وقول واحد يتلوّن بستة أوصاف فأكثر بحسب من أمامك. *[استنباط تربوي: الجمع بين الآيات تربوي لتوضيح مبدأ الباب، لا نقل عن مفسر بعينه في تخصيص كل آية بمقامها.]*	ستة أوصاف لفعل واحد هو القول، تختلف بحسب من يُخاطَب وفيمَ يُخاطَب. وهذا بالضبط ما يطلبه هذا المختبر منك: ثلاثون موقفًا، وقول واحد يتلوّن بستة أوصاف فأكثر بحسب من أمامك. وهذا الجمع بين الآيات ملاحظةٌ تربوية منّا لتوضيح مبدأ الباب، لا نقلٌ عن مفسّرٍ بعينه في تخصيص كل آية بمقامها.	وسم «استنباط تربوي» فيه جملة ← الجملة نفسها بصوت المؤلف (الدليل ٣٤ §٢)	1
المجلد-العاشر/الباب-الثاني-عشر/ف01-أ-المدخل-والألقاب.md	165	ليس للمراسم في العالم العربي ولا في غيره جدول واحد يحكم كل مناسبة. لكل دولة نظام أسبقية، ولكل مؤسسة عرف، وقد يرتّب المنظمون الحضور بحسب طبيعة المناسبة. وما يأتي أصول شائعة تساعدك على فهم القائمة التي تُسلَّم إليك، وعلى السؤال الصحيح إن لم تُسلَّم إليك قائمة. *[استنباط تربوي من أعراف المراسم الشائعة؛ والتفصيل لمكتب المراسم في كل مؤسسة]*	ليس للمراسم في العالم العربي ولا في غيره جدول واحد يحكم كل مناسبة. لكل دولة نظام أسبقية، ولكل مؤسسة عرف، وقد يرتّب المنظمون الحضور بحسب طبيعة المناسبة. وما يأتي أصول شائعة تساعدك على فهم القائمة التي تُسلَّم إليك، وعلى السؤال الصحيح إن لم تُسلَّم إليك قائمة. والتفصيل في كل مؤسسة لمكتب المراسم فيها.	وسم «استنباط تربوي» فيه جملة ← الجملة نفسها بصوت المؤلف (الدليل ٣٤ §٢)	1
المجلد-الثاني/الباب-الثاني/ف10-أ-المدخل-والدرسان.md	97	✘ «ما تركتُ الصلاةَ // إلا مرةً واحدةً في حياتي.» *[مثال توضيحي من إنشاء الكتاب]*	✘ «ما تركتُ الصلاةَ // إلا مرةً واحدةً في حياتي.»	مثالٌ من إنشاء الكتاب: يكفيه سطر صفحة الرموز (الدليل ٣٤ §٢)	1
المجلد-الثاني/الباب-الثاني/ف12-ب-التطبيق-والتقويم.md	11	هذا نص مُعَدّ خصيصًا ليجمع أكبر عدد من الأصوات الحرجة في نص واحد قصير، بخلاف نص «المهمة التشخيصية» في فاتحة الباب الذي كان انطباعًا أول عامًّا. استعمل هذا النص في كل مرة تريد إعادة تشخيص نفسك فيها. *[نص تدريبي من إنشاء الكتاب]*	هذا نص مُعَدّ خصيصًا ليجمع أكبر عدد من الأصوات الحرجة في نص واحد قصير، بخلاف نص «المهمة التشخيصية» في فاتحة الباب الذي كان انطباعًا أول عامًّا. استعمل هذا النص في كل مرة تريد إعادة تشخيص نفسك فيها.	نصٌّ تدريبي من إنشاء الكتاب، والمتن نفسه يقول ذلك	1
المجلد-الخامس/الباب-الخامس/ف07-مخاطبة-الجمهور-العام.md	176	✘ «تشير المؤشرات الموسمية إلى احتمال تأخر بداية الموسم المطري هذا العام.» *[تنبيه: لا يذكر المتكلم رقمًا ولا نسبة ما لم يكن من جهة رسمية مختصة وموثوقة]*	✘ «تشير المؤشرات الموسمية إلى احتمال تأخر بداية الموسم المطري هذا العام.»	التنبيه كان وسمًا على السطر الخطأ؛ صار تعليقًا على المثال بعد الصواب، كما تُعلَّق الأمثلة	1
المجلد-العاشر/الباب-الثالث-عشر/ف01-ب-سلم-الارتجال-والحوار-الممتد.md	121	> «أيها الحضور الكريم، ستعود منظمة حفلنا بعد لحظات لظرف طارئ نسأل الله أن ييسره. وريثما تعود، دعونا لا نُعطل فقرة هي أحق ما ننتظره الليلة: تكريم المتطوعين الذين بذلوا هذا العام جهدًا نشكره جميعًا ونتعلم منه. فليتفضل الأستاذ سليمان لتكريم أول المتطوعين، وسنستأنف الفقرات بترتيبها فور عودتها.» *[تبتسم وتُشير بيدها نحو منصة التكريم]*	> «أيها الحضور الكريم، ستعود منظمة حفلنا بعد لحظات لظرف طارئ نسأل الله أن ييسره. وريثما تعود، دعونا لا نُعطل فقرة هي أحق ما ننتظره الليلة: تكريم المتطوعين الذين بذلوا هذا العام جهدًا نشكره جميعًا ونتعلم منه. فليتفضل الأستاذ سليمان لتكريم أول المتطوعين، وسنستأنف الفقرات بترتيبها فور عودتها.» *(تبتسم وتُشير بيدها نحو منصة التكريم)*	إشارةٌ مسرحية كُتبت بصيغة الوسم فتُحذف من الطبعة؛ صارت بصيغة الإشارة في الحوار نفسه	1
المجلد-الرابع/الباب-الرابع/ف10-أ-الاقتباس-والتضمين.md	113	> **تنبيه:** إن ذكرتَ رقم الحديث في فهرس معين ولم تكن متيقنًا منه، فأضف الوسم *[يحتاج إلى تحقق من رقم الحديث]* في الكتابة، ولا تجزم به شفهيًّا أمام الناس.	> **تنبيه:** إن ذكرتَ رقم الحديث في فهرس معين ولم تكن متيقنًا منه، فاكتب بجانبه في مسوّدتك: «يحتاج إلى تحقق من رقم الحديث»، ولا تجزم به شفهيًّا أمام الناس.	المتن يأمر القارئ بإضافة «الوسم» ويكتبه بصيغة الوسم فيُحذف من الطبعة؛ صار تنبيهًا بين علامتي تنصيص	1
المجلد-الثالث/الباب-الثالث/ف08-أ-الفصيح-المأنوس.md	77	وتُروى في كتب الأدب قصة نحويّ سقط عن دابته، فاجتمع الناس حوله، فقال: «ما لَكُمْ تَكَأْكَأْتُمْ عَلَيَّ كَتَكَأْكُئِكُمْ عَلى ذي جِنَّةٍ؟ افْرَنْقِعوا عَنّي»، يريد: ما لكم اجتمعتم عليّ كما تجتمعون على مجنون؟ تفرّقوا عني. فقال بعضهم: «دعوه، فإن شيطانه يتكلم بالهندية». *[يحتاج إلى تحقق من المصدر ونسبة القصة]*	وحكى ابن جني أن أبا علقمة النحوي ثار به المُرار، فاجتمع الناس عليه، فلما أفاق قال: «ما لَكُمْ قَدْ تَكَأْكَأْتُمْ عَلَيَّ كَتَكَأْكُئِكُمْ عَلى ذي جِنَّةٍ؟ افْرَنْقِعوا عَنّي»، يريد: ما لكم اجتمعتم عليّ كما تجتمعون على مجنون؟ تفرّقوا عني. فقال بعض الحاضرين: «إن شيطانه يتكلم بالهندية»[^a108]. ويُروى نحو كلامه عن عيسى بن عمر النحوي حين سقط عن حماره فاجتمع الناس عليه؛ وقد نبّه السبكي على أنها تُحكى عن هذا وعن ذاك[^b108].	استثناء الجاحظ في المطبوع للمتكلم لا للمخاطَب: «إلا أن يكون المتكلّم بدويًّا أعرابيًّا؛ فإنّ الوحشيّ من الكلام يفهمه الوحشيّ من الناس» (البيان والتبيين، ت. هارون ١/١٤٤، ع٦٦). متحقّق	1
المجلد-الثالث/الباب-الثالث/ف08-أ-الفصيح-المأنوس.md	79	وذكر الجاحظ في «البيان والتبيين» ما معناه أن اللفظ لا ينبغي أن يكون عاميًّا ساقطًا، ولا غريبًا وحشيًّا، إلا أن يخاطب المتكلم من يألف ذلك الوحشي ويفهمه. *[الجاحظ، البيان والتبيين، ج١؛ يحتاج إلى تحقق من المصدر]*	وذكر الجاحظ في «البيان والتبيين» أن اللفظ كما لا ينبغي أن يكون عاميًّا ساقطًا سوقيًّا، فكذلك لا ينبغي أن يكون غريبًا وحشيًّا، «إلا أن يكون المتكلّم بدويًّا أعرابيًّا؛ فإنّ الوحشيّ من الكلام يفهمه الوحشيّ من الناس»[^c109].	استثناء الجاحظ في المطبوع للمتكلم لا للمخاطَب: «إلا أن يكون المتكلّم بدويًّا أعرابيًّا؛ فإنّ الوحشيّ من الكلام يفهمه الوحشيّ من الناس» (البيان والتبيين، ت. هارون ١/١٤٤، ع٦٦). متحقّق	1
المجلد-الرابع/الباب-الرابع/ف08-أ-من-علم-البيان.md	50	عرّف الخطيب القزويني البلاغة بأنها مطابقة الكلام لمقتضى الحال مع فصاحته. *[الإيضاح في علوم البلاغة / تلخيص المفتاح؛ يحتاج إلى تحقق من الصفحة]* ومقتضى حال الصورة البيانية أن تُقاس بمن يسمعها لا بمن يقولها: فالصورة التي تخدم عالمًا في مجلسه قد تُبعد طالبًا مبتدئًا، والصورة التي تُقرّب المعنى لأهل قرية قد تحتاج إلى غيرها لأهل مدينة. فالبلاغة هنا ليست في جمال الصورة مجردة، بل في موافقتها لذهن من تخاطبه.	عرّف الخطيب القزويني البلاغة بأنها مطابقة الكلام لمقتضى الحال مع فصاحته[^q145]. ومقتضى حال الصورة البيانية أن تُقاس بمن يسمعها لا بمن يقولها: فالصورة التي تخدم عالمًا في مجلسه قد تُبعد طالبًا مبتدئًا، والصورة التي تُقرّب المعنى لأهل قرية قد تحتاج إلى غيرها لأهل مدينة. فالبلاغة هنا ليست في جمال الصورة مجردة، بل في موافقتها لذهن من تخاطبه.	حدّ البلاغة على متن التلخيص: عروس الأفراح ١/٩٠ (ع٥٩)، ووُضع ترقيم المطبوع داخل التنصيص. متحقّق	1
المجلد-الخامس/الباب-الخامس/00-فاتحة-الباب-الخامس.md	9	والفكرة التي يقوم عليها الباب كله أن **الفصاحة لا تعني أن يتكلم الناس جميعًا بطريقة واحدة**. فللشيخ في حلقته لسان، وللمذيع أمام المِذياع لسان، ولمدير الجامعة في حفل التخرج لسان، وللأم مع طفلها لسان. وكلها فصيحة سليمة، وكلٌّ منها بليغ في موضعه، لأن البلاغة عند الخطيب القزويني هي مطابقة الكلام «لمقتضى الحال مع فصاحته» *[الخطيب القزويني، الإيضاح في علوم البلاغة؛ يحتاج إلى تحقق من الصفحة]*. فمن حفظ لسانًا واحدًا واستعمله في كل مقام، كان صحيحًا في كل مقام، ومناسبًا في مقام واحد.	والفكرة التي يقوم عليها الباب كله أن **الفصاحة لا تعني أن يتكلم الناس جميعًا بطريقة واحدة**. فللشيخ في حلقته لسان، وللمذيع أمام المِذياع لسان، ولمدير الجامعة في حفل التخرج لسان، وللأم مع طفلها لسان. وكلها فصيحة سليمة، وكلٌّ منها بليغ في موضعه، لأن البلاغة عند الخطيب القزويني هي مطابقة الكلام «لمقتضى الحال، مع فصاحته»[^q153]. فمن حفظ لسانًا واحدًا واستعمله في كل مقام، كان صحيحًا في كل مقام، ومناسبًا في مقام واحد.	حدّ البلاغة على متن التلخيص: عروس الأفراح ١/٩٠ (ع٥٩)، ووُضع ترقيم المطبوع داخل التنصيص. متحقّق	1
المجلد-الرابع/الباب-الرابع/ف10-ب-الشعر-والأمثال.md	7	كثير من الأبيات المشهورة على الألسنة مضطربة النسبة أو الرواية، حتى إن بعض الأشطر التي يظنها الناس متفقًا عليها تحتاج تحقيقًا من دواوين أصحابها. فمن ذلك شطر «فإنّ لكلِّ مقامٍ مقالا»، الذي يُنسب في مصادر كثيرة إلى الحطيئة، لكنه يحتاج إلى تحقق من ديوانه قبل الجزم بنسبته. *[يحتاج إلى تحقق من الديوان]* وهذا مثال يليق أن يُستحضر كلما هممتَ باستشهاد شعري: إن كان هذا الشطر المشهور جدًّا يحتاج تحققًا، فما بالك بأبيات أقل شهرة؟	كثير من الأبيات المشهورة على الألسنة مضطربة النسبة أو الرواية، حتى إن بعض الأشطر التي يظنها الناس متفقًا عليها تحتاج تحقيقًا من دواوين أصحابها. فمن ذلك شطر «فإنّ لكلِّ مقامٍ مقالا»، الذي يُنسب في مصادر كثيرة إلى الحطيئة: فإذا رجعتَ إلى ديوانه برواية ابن السكيت لم تجده في الرواية نفسها، بل فيما جمعه محقّقه من «مقطّعات للحطيئة من كتب الأدب واللغة وغيرها»، عن الأغاني عن أبي عبيدة[^h152]؛ فنسبته إليه منقولةٌ في كتب الأدب، لا في رواية ديوانه. وهذا مثال يليق أن يُستحضر كلما هممتَ باستشهاد شعري: إن كان هذا الشطر المشهور جدًّا يحتاج هذا التحقق، فما بالك بأبيات أقل شهرة؟	كان المتن يقول إنه «يحتاج إلى تحقق من ديوانه»: وقد طوبق (ش٤): البيت في مقطّعات الديوان المجموعة من كتب الأدب، لا في رواية ابن السكيت. متحقّق	1
المجلد-السادس/الباب-السادس/ف02-على-قدر-العقول.md	87	مرّ بك في الباب الأول (المجلد الأول) قول بشر بن المعتمر فيما رواه الجاحظ: أن يوازن المتكلم بين أقدار المعاني وأقدار المستمعين وأقدار الحالات، «فيجعلَ لكل طبقةٍ من ذلك كلامًا، ولكل حالةٍ من ذلك مقامًا» *[الجاحظ، البيان والتبيين، تحقيق عبد السلام هارون، ج١؛ يحتاج إلى تحقق من الصفحة واللفظ]* (انظر المجلد الأول، الباب الأول، الفصل الأول). وفي هذا الفصل تنظر إلى «أقدار المستمعين» من جهة علمهم وعقولهم خاصة: ماذا يعرفون؟ وماذا يحتملون؟ وبأي مثال يفهمون؟	مرّ بك في الباب الأول (المجلد الأول) قول بشر بن المعتمر فيما رواه الجاحظ: أن يوازن المتكلم بين أقدار المعاني وأقدار المستمعين وأقدار الحالات، «فيجعلَ لكل طبقةٍ من ذلك كلامًا، ولكل حالةٍ من ذلك مقامًا»[^j195] (انظر المجلد الأول، الباب الأول، الفصل الأول). وفي هذا الفصل تنظر إلى «أقدار المستمعين» من جهة علمهم وعقولهم خاصة: ماذا يعرفون؟ وماذا يحتملون؟ وبأي مثال يفهمون؟	صحيفة بشر: البيان والتبيين ١/١٣٨–١٣٩ (ع٥١، ع٦٣)؛ واللفظ مطابق. متحقّق	1
المجلد-السادس/الباب-السادس/ف02-على-قدر-العقول.md	401	| ٣ | زميل مختص في تعليم اللغات | «الدخل اللغوي المسموع شرط في بناء الملكة، والتراث يقرره قبل النظريات الحديثة: "السمع أبو الملكات اللسانية" عند ابن خلدون.» *[يحتاج إلى تحقق من الصفحة]* | مصطلح التخصص، وإحالة علمية. |	| ٣ | زميل مختص في تعليم اللغات | «الدخل اللغوي المسموع شرط في بناء الملكة، والتراث يقرره قبل النظريات الحديثة: "السمع أبو الملكات اللسانية" عند ابن خلدون.»[^k200] | مصطلح التخصص، وإحالة علمية. |	«السمع أبو الملكات اللسانية»: المقدمة، الفصل الخامس والأربعون، ١/٧٥٤ (ع٦٤). متحقّق	1
المجلد-السادس/الباب-السادس/ف06-أ-المدخل-والدرس-الأول.md	51	كان حمزة يعرف أن العبارة لابن خلدون في «المقدمة»، في الفصول التي عقدها للملكة اللسانية *[يحتاج إلى تحقق من الصفحة بحسب الطبعة المعتمدة]*. التفت إلى زميله إسماعيل، فهمس إسماعيل: «لا تتكلم، عيب أن نصحّح للضيف». وفي الصف الأول رفع بلال يده، وقد احمرّ وجهه.	كان حمزة يعرف أن العبارة لابن خلدون في «المقدمة»، في الفصول التي عقدها للملكة اللسانية[^m221]. التفت إلى زميله إسماعيل، فهمس إسماعيل: «لا تتكلم، عيب أن نصحّح للضيف». وفي الصف الأول رفع بلال يده، وقد احمرّ وجهه.	«السمع أبو الملكات اللسانية»: المقدمة، الفصل الخامس والأربعون، ١/٧٥٤ (ع٦٤). متحقّق	1
المجلد-الثالث/الباب-الثالث/ف07-ب-التكرار-والغموض.md	297	*[تحليل حديث]* وضع الفيلسوف البريطاني بول غرايس ما سمّاه «مبدأ التعاون» في المحادثة، وفصّله في قواعد، منها **قاعدة الكمّ**: أن يكون الكلام بالقدر الذي يحتاجه الغرض، لا أقل ولا أكثر. ومنها **قاعدة الطريقة**: أن يتجنب المتكلم الغموض واللبس، وأن يوجز ويرتب. *(H. P. Grice, "Logic and Conversation", 1975.)*	وضع الفيلسوف البريطاني بول غرايس ما سمّاه «مبدأ التعاون» في المحادثة، وفصّله في قواعد، منها **قاعدة الكمّ**: أن يكون الكلام بالقدر الذي يحتاجه الغرض، لا أقل ولا أكثر. ومنها **قاعدة الطريقة**: أن يتجنب المتكلم الغموض واللبس، وأن يوجز ويرتب[^g105].	مبدأ التعاون وقواعده: Grice 1975, 45–46 (و٦، على المطبوع)؛ ووُحّد الاسم «الفيلسوف البريطاني بول غرايس» والمصطلح «قاعدة الكمّ» في السلسلة (كان في موضعٍ «عالم اللغة… جرايس»، و«مقياس الكمّ»، و«مبدأ الكمّ»)	1
المجلد-الرابع/الباب-الرابع/ف07-أ-من-علم-المعاني.md	178	> يرى عالم اللغة هربرت بول جرايس أن المتكلم الناجح يلتزم في حديثه بقدر المعلومة التي يحتاجها المخاطَب: لا أقل مما يحتاج فيُبهم عليه، ولا أكثر مما يحتاج فيُثقل عليه ويُشتت انتباهه. *[H. P. Grice, "Logic and Conversation", 1975؛ تحليل حديث]* وهذا هو جوهر الاختيار بين الإيجاز والإطناب: قِس ما يحتاجه سامعك بالضبط، لا ما يسهل عليك قوله.	> يرى الفيلسوف البريطاني بول غرايس أن المتكلم الناجح يلتزم في حديثه بقدر المعلومة التي يحتاجها المخاطَب: لا أقل مما يحتاج فيُبهم عليه، ولا أكثر مما يحتاج فيُثقل عليه ويُشتت انتباهه[^g144]. وهذا هو جوهر الاختيار بين الإيجاز والإطناب: قِس ما يحتاجه سامعك بالضبط، لا ما يسهل عليك قوله.	مبدأ التعاون وقواعده: Grice 1975, 45–46 (و٦، على المطبوع)؛ ووُحّد الاسم «الفيلسوف البريطاني بول غرايس» والمصطلح «قاعدة الكمّ» في السلسلة (كان في موضعٍ «عالم اللغة… جرايس»، و«مقياس الكمّ»، و«مبدأ الكمّ»)	1
المجلد-السابع/الباب-السابع/ف02-أ-الجواب-المدخل-والدرس-الأول.md	293	*[تحليل حديث]* قرر الفيلسوف البريطاني بول غرايس أن المتحاورين يفترضون، دون أن يصرّحوا، أن كلًّا منهما يتعاون مع الآخر في الوصول إلى غرض الحوار. وصاغ لهذا التعاون أربع قواعد يتوقعها السامع من المتكلم *(H. P. Grice, "Logic and Conversation", 1975)*:	قرر الفيلسوف البريطاني بول غرايس أن المتحاورين يفترضون، دون أن يصرّحوا، أن كلًّا منهما يتعاون مع الآخر في الوصول إلى غرض الحوار. وصاغ لهذا التعاون أربع قواعد يتوقعها السامع من المتكلم[^g259]:	مبدأ التعاون وقواعده: Grice 1975, 45–46 (و٦، على المطبوع)؛ ووُحّد الاسم «الفيلسوف البريطاني بول غرايس» والمصطلح «قاعدة الكمّ» في السلسلة (كان في موضعٍ «عالم اللغة… جرايس»، و«مقياس الكمّ»، و«مبدأ الكمّ»)	1
المجلد-الحادي-عشر/المرجع-الأول-بنك-الأخطاء/ف08-الخروج-عن-الموضوع-والتكلف.md	14	> **من علم التواصل:** وضع الفيلسوف اللغوي جرايس مبدأ يُعرف بمبدأ التعاون في الحوار، ومن مقاييسه مقياس الكمّ: أن يقول المتكلم بقدر الحاجة، لا أقل ولا أكثر. وأكثر أخطاء هذا الفصل مخالفة لهذا المقياس بالذات: كلام أكثر مما يحتاجه المقام. *[تحليل حديث؛ عن: H. P. Grice, "Logic and Conversation", 1975]*	> **من علم التواصل:** وضع الفيلسوف البريطاني بول غرايس ما سمّاه «مبدأ التعاون» في الحوار، ومن قواعده قاعدة الكمّ: أن يقول المتكلم بقدر الحاجة، لا أقل ولا أكثر[^g394]. وأكثر أخطاء هذا الفصل مخالفة لهذه القاعدة بالذات: كلام أكثر مما يحتاجه المقام.	مبدأ التعاون وقواعده: Grice 1975, 45–46 (و٦، على المطبوع)؛ ووُحّد الاسم «الفيلسوف البريطاني بول غرايس» والمصطلح «قاعدة الكمّ» في السلسلة (كان في موضعٍ «عالم اللغة… جرايس»، و«مقياس الكمّ»، و«مبدأ الكمّ»)	1
المجلد-الرابع/الباب-الرابع/ف07-ب-التطبيق-والتقويم.md	301	8. ما مبدأ الكمّ عند جرايس؟ وكيف يرتبط بالإيجاز والإطناب؟	8. ما قاعدة الكمّ عند غرايس؟ وكيف ترتبط بالإيجاز والإطناب؟	مبدأ التعاون وقواعده: Grice 1975, 45–46 (و٦، على المطبوع)؛ ووُحّد الاسم «الفيلسوف البريطاني بول غرايس» والمصطلح «قاعدة الكمّ» في السلسلة (كان في موضعٍ «عالم اللغة… جرايس»، و«مقياس الكمّ»، و«مبدأ الكمّ»)	1
المجلد-السادس/الباب-السادس/ف05-ج-التطبيق-والتقويم.md	354	- يخلطون بين ما ثبت بالنص من صيغ العزاء والتهنئة وبين العرف المتداول؛ ذكّرهم بالفرق بين الوسمين في كل مرة.	- يخلطون بين ما ثبت بالنص من صيغ العزاء والتهنئة وبين العرف المتداول؛ ذكّرهم بالفرق بين الأمرين في كل مرة.	«الوسم» في هذا المشروع اسمٌ لعلامة المراجعة التي لا تُطبع؛ والمقصود هنا الفرق بين الثابت بالنص والعرف المتداول	1
المجلد-الرابع/الباب-الرابع/ف06-ب-خواتيم-المقامات.md	279	- **كفارة المجلس:** «سُبْحَانَكَ اللَّهُمَّ وَبِحَمْدِكَ، أَشْهَدُ أَنْ لَا إِلَهَ إِلَّا أَنْتَ، أَسْتَغْفِرُكَ وَأَتُوبُ إِلَيْكَ». وقد ورد في أحاديث رواها أبو داود والترمذي أنها تقال عند القيام من المجلس، وقال الترمذي في حديثه: حسن صحيح. *[يحتاج إلى تحقق من رقم الحديث]*	- **كفارة المجلس:** «سُبْحَانَكَ اللَّهُمَّ وَبِحَمْدِكَ، أَشْهَدُ أَنْ لَا إِلَهَ إِلَّا أَنْتَ، أَسْتَغْفِرُكَ وَأَتُوبُ إِلَيْكَ». وقد ورد في أحاديث رواها أبو داود والترمذي أنها تقال عند القيام من المجلس، وقال الترمذي في حديثه: «حسن غريب صحيح من هذا الوجه»[^s141].	حكم الترمذي في المطبوع (٣٤٣٣، ٥/٤٩٤): «حسن غريب صحيح من هذا الوجه»، لا «حسن صحيح»؛ طوبق على المطبوع (السنن ت. محيي الدين؛ الترمذي ط. الحلبي؛ كتب الألباني). متحقّق	1
المجلد-الثامن/الباب-الثامن/ف01-ب-الكلام-في-المجلس.md	275	ومن السنة عند القيام من المجلس أن يقول المرء: «سبحانك اللهم وبحمدك، أشهد أن لا إله إلا أنت، أستغفرك وأتوب إليك» (رواه الترمذي وأبو داود). *[يحتاج إلى تحقق من الرقم والحكم]*	ومن السنة عند القيام من المجلس أن يقول المرء: «سبحانك اللهم وبحمدك، أشهد أن لا إله إلا أنت، أستغفرك وأتوب إليك» (رواه الترمذي وأبو داود)[^s299].	كفارة المجلس: ت ٣٤٣٣، د ٤٨٥٩؛ طوبق على المطبوع (السنن ت. محيي الدين؛ الترمذي ط. الحلبي؛ كتب الألباني). متحقّق	1
المجلد-التاسع/الباب-العاشر/ف03-ب-إدارة-الاجتماع.md	319	ويختم كثير من المجالس في المساجد والجمعيات الإسلامية بدعاء كفارة المجلس: «سبحانك اللهم وبحمدك، أشهد أن لا إله إلا أنت، أستغفرك وأتوب إليك» (رواه أبو داود والترمذي) *[يحتاج إلى تحقق من المصدر]*. وهو دعاء قصير لا يطيل الخاتمة.	ويختم كثير من المجالس في المساجد والجمعيات الإسلامية بدعاء كفارة المجلس: «سبحانك اللهم وبحمدك، أشهد أن لا إله إلا أنت، أستغفرك وأتوب إليك» (رواه أبو داود والترمذي)[^s350]. وهو دعاء قصير لا يطيل الخاتمة.	كفارة المجلس: د ٤٨٥٩، ت ٣٤٣٣؛ طوبق على المطبوع (السنن ت. محيي الدين؛ الترمذي ط. الحلبي؛ كتب الألباني). متحقّق	1
المجلد-السادس/الباب-السادس/ف01-السلام-والبشاشة-والاستماع.md	84	وفي السلام عند القيام من المجلس: «إِذَا انْتَهَى أَحَدُكُمْ إِلَى المَجْلِسِ فَلْيُسَلِّمْ، فَإِذَا أَرَادَ أَنْ يَقُومَ فَلْيُسَلِّمْ، فَلَيْسَتِ الأُولَى بِأَحَقَّ مِنَ الآخِرَةِ» (رواه أبو داود والترمذي وحسّنه). *[يحتاج إلى تحقق من رقم الحديث والحكم]*	وفي السلام عند القيام من المجلس: «إِذَا انْتَهَى أَحَدُكُمْ إِلَى المَجْلِسِ فَلْيُسَلِّمْ، فَإِذَا أَرَادَ أَنْ يَقُومَ فَلْيُسَلِّمْ، فَلَيْسَتِ الأُولَى بِأَحَقَّ مِنَ الآخِرَةِ» (رواه أبو داود، والترمذي بنحوه وحسّنه)[^s177].	اللفظ لأبي داود (٥٢٠٨)، وعند الترمذي (٢٧٠٦) بلفظ آخر وحسّنه؛ طوبق على المطبوع (السنن ت. محيي الدين؛ الترمذي ط. الحلبي؛ كتب الألباني). متحقّق	1
المجلد-السادس/الباب-السادس/ف03-المدح-والشكر-والدعاء.md	247	قال النبي ﷺ: «لَا يَشْكُرُ اللَّهَ مَنْ لَا يَشْكُرُ النَّاسَ» (رواه أبو داود، ورواه الترمذي بلفظ قريب وقال: حسن صحيح). *[يحتاج إلى تحقق من رقم الحديث ولفظ الحكم]*	قال النبي ﷺ: «لَا يَشْكُرُ اللَّهَ مَنْ لَا يَشْكُرُ النَّاسَ» (رواه أبو داود، ورواه الترمذي بلفظ قريب وقال: «حسن صحيح»)[^s209].	د ٤٨١١، ت ١٩٥٤؛ طوبق على المطبوع (السنن ت. محيي الدين؛ الترمذي ط. الحلبي؛ كتب الألباني). متحقّق	1
المجلد-السادس/الباب-السادس/ف03-المدح-والشكر-والدعاء.md	249	وقال ﷺ: «مَنْ صُنِعَ إِلَيْهِ مَعْرُوفٌ فَقَالَ لِفَاعِلِهِ: جَزَاكَ اللَّهُ خَيْرًا، فَقَدْ أَبْلَغَ فِي الثَّنَاءِ» (رواه الترمذي). *[يحتاج إلى تحقق من رقم الحديث والحكم]*	وقال ﷺ: «مَنْ صُنِعَ إِلَيْهِ مَعْرُوفٌ فَقَالَ لِفَاعِلِهِ: جَزَاكَ اللَّهُ خَيْرًا، فَقَدْ أَبْلَغَ فِي الثَّنَاءِ» (رواه الترمذي وقال: «حسن جيد غريب»)[^s210].	ت ٢٠٣٥ وحكمه بلفظه؛ طوبق على المطبوع (السنن ت. محيي الدين؛ الترمذي ط. الحلبي؛ كتب الألباني). متحقّق	1
المجلد-السادس/الباب-السادس/ف06-أ-المدخل-والدرس-الأول.md	87	وفي المقابل ذمّ الخصومة التي تُطلب لذاتها: «إِنَّ أَبْغَضَ الرِّجَالِ إِلَى اللَّهِ الأَلَدُّ الخَصِمُ» (متفق عليه). ورغّب في ترك المراء: «أَنَا زَعِيمٌ بِبَيْتٍ فِي رَبَضِ الجَنَّةِ لِمَنْ تَرَكَ المِرَاءَ وَإِنْ كَانَ مُحِقًّا» (رواه أبو داود، وحسّنه الألباني) *[يحتاج إلى تحقق من رقم الحديث والحكم]*.	وفي المقابل ذمّ الخصومة التي تُطلب لذاتها: «إِنَّ أَبْغَضَ الرِّجَالِ إِلَى اللَّهِ الأَلَدُّ الخَصِمُ» (متفق عليه). ورغّب في ترك المراء: «أَنَا زَعِيمٌ بِبَيْتٍ فِي رَبَضِ الجَنَّةِ لِمَنْ تَرَكَ المِرَاءَ وَإِنْ كَانَ مُحِقًّا» (رواه أبو داود، وحسّنه الألباني)[^s226].	د ٤٨٠٠؛ الألباني، صحيح سنن أبي داود ٣/١٧٩: «حسن»؛ طوبق على المطبوع (السنن ت. محيي الدين؛ الترمذي ط. الحلبي؛ كتب الألباني). متحقّق	1
المجلد-السادس/الباب-السادس/ف07-أ-المدخل-والدرس-الأول.md	198	المزاح ليس ممنوعًا، بل هو من حسن العشرة. ففي سنن الترمذي أن الصحابة قالوا للنبي ﷺ: إنك تداعبنا، فقال: «إِنِّي لَا أَقُولُ إِلَّا حَقًّا» (رواه الترمذي وقال: حسن صحيح) *[يحتاج إلى تحقق من رقم الحديث]*. فالمزاح المقبول صادق، والضحك فيه مع الناس لا عليهم. وهذه ستة معايير تفرّق بينه وبين السخرية:	المزاح ليس ممنوعًا، بل هو من حسن العشرة. ففي سنن الترمذي أن الصحابة قالوا للنبي ﷺ: إنك تداعبنا، فقال: «إِنِّي لَا أَقُولُ إِلَّا حَقًّا» (رواه الترمذي وقال: «حسن صحيح»)[^s239]. فالمزاح المقبول صادق، والضحك فيه مع الناس لا عليهم. وهذه ستة معايير تفرّق بينه وبين السخرية:	ت ١٩٩٠؛ طوبق على المطبوع (السنن ت. محيي الدين؛ الترمذي ط. الحلبي؛ كتب الألباني). متحقّق	1
المجلد-الثامن/الباب-الثامن/ف01-أ-المدخل-والدخول-والجلوس.md	73	ففي الحديث صورتان محمودتان للجلوس: أن تجلس في فرجة خالية في الحلقة، أو أن تجلس خلف الناس حيث انتهى المجلس، وكلتاهما بلا تخطٍّ ولا إزعاج. أما الصورة المذمومة فالإعراض عن المجلس بعد الوصول إليه. ويروي جابر بن سمرة رضي الله عنه أنهم كانوا إذا أتوا النبي ﷺ جلس أحدهم حيث ينتهي به المجلس (رواه أبو داود والترمذي). *[يحتاج إلى تحقق من الرقم والحكم]*	ففي الحديث صورتان محمودتان للجلوس: أن تجلس في فرجة خالية في الحلقة، أو أن تجلس خلف الناس حيث انتهى المجلس، وكلتاهما بلا تخطٍّ ولا إزعاج. أما الصورة المذمومة فالإعراض عن المجلس بعد الوصول إليه. ويروي جابر بن سمرة رضي الله عنه أنهم كانوا إذا أتوا النبي ﷺ جلس أحدهم حيث ينتهي به المجلس (رواه أبو داود والترمذي)[^s292].	د ٤٨٢٥، ت ٢٧٢٥؛ طوبق على المطبوع (السنن ت. محيي الدين؛ الترمذي ط. الحلبي؛ كتب الألباني). متحقّق	1
المجلد-الثامن/الباب-الثامن/ف03-أ-المدخل-وحوار-اللقاء-الأول.md	62	وجاء في الحديث: «إنّ مِن إجلالِ اللهِ إكرامَ ذي الشَّيْبَةِ المسلمِ» (رواه أبو داود) *[يحتاج إلى تحقق من الرقم والحكم]*، وهذا يشمل إكرامه بالكلام كما يشمل إكرامه بالفعل: فلا يُخاطَب بلغة الند، ولا يُصحَّح رأيه المستقر بلا مقدمة، ولو خالفه رأي القادم الجديد.	وجاء في الحديث: «إنّ مِن إجلالِ اللهِ إكرامَ ذي الشَّيْبَةِ المسلمِ» (رواه أبو داود، وحسّنه الألباني)[^s306]، وهذا يشمل إكرامه بالكلام كما يشمل إكرامه بالفعل: فلا يُخاطَب بلغة الند، ولا يُصحَّح رأيه المستقر بلا مقدمة، ولو خالفه رأي القادم الجديد.	د ٤٨٤٣؛ الألباني ٣/١٨٩: «حسن»؛ طوبق على المطبوع (السنن ت. محيي الدين؛ الترمذي ط. الحلبي؛ كتب الألباني). متحقّق	1
المجلد-الثالث/الباب-الثالث/ف07-ب-التكرار-والغموض.md	16	فرّق البلاغيون بين ثلاثة أشياء يزيد فيها اللفظ على المعنى. فإن كانت الزيادة لفائدة سمّوها **إطنابًا**، وهو من البلاغة. وإن كانت لغير فائدة، ولا يُعرف الزائد بعينه، سمّوها **تطويلًا**. وإن كانت لغير فائدة، والزائد متعيّن يُشار إليه، سمّوها **حشوًا**. *[الخطيب القزويني، الإيضاح في علوم البلاغة، باب الإيجاز والإطناب والمساواة؛ يحتاج إلى تحقق من الصفحة]*	فرّق البلاغيون بين ثلاثة أشياء يزيد فيها اللفظ على المعنى. فإن كانت الزيادة لفائدة سمّوها **إطنابًا**، وهو من البلاغة. وإن كانت لغير فائدة، ولا يُعرف الزائد بعينه، سمّوها **تطويلًا**. وإن كانت لغير فائدة، والزائد متعيّن يُشار إليه، سمّوها **حشوًا**[^b100].	التطويل والحشو: عروس الأفراح ١/٥٧٨–٥٨٢؛ طوبق على المطبوع. متحقّق	1
المجلد-الثالث/الباب-الثالث/ف08-أ-الفصيح-المأنوس.md	75	اشترط البلاغيون في فصاحة الكلمة المفردة أن تخلو من ثلاثة عيوب: **تنافر الحروف**، فتثقل على اللسان، و**الغرابة**، فلا يُفهم معناها إلا بالبحث، و**مخالفة القياس** الصرفي. *[الخطيب القزويني، الإيضاح في علوم البلاغة، أول الكتاب في الفصاحة؛ يحتاج إلى تحقق من الصفحة]* ومثّلوا لتنافر الحروف بكلمة «مُسْتَشْزِرات» في معلقة امرئ القيس.	اشترط البلاغيون في فصاحة الكلمة المفردة أن تخلو من ثلاثة عيوب: **تنافر الحروف**، فتثقل على اللسان، و**الغرابة**، فلا يُفهم معناها إلا بالبحث، و**مخالفة القياس** الصرفي[^b107a]. ومثّلوا لتنافر الحروف بكلمة «مُسْتَشْزِرات» في معلقة امرئ القيس[^b107b].	حدّ فصاحة المفرد (عروس ١/٥٧) ونسبة البيت إلى معلقة امرئ القيس (الإيضاح ١/٢٣؛ ابن الأنباري ص٦٣)؛ طوبق على المطبوع. متحقّق	1
المجلد-الرابع/الباب-الرابع/00-فاتحة-الباب-الرابع.md	9	والبيان، كما عرفت في الباب الأول (المجلد الأول)، هو الكشف عن المعنى حتى يصل إلى السامع. وهذا الباب ينقل البلاغة من التعريفات والشواهد إلى كلامك أنت: كيف ترتب المعنى قبل أن تنطق، وكيف تفتتح وتنتقل وتختم، ومتى توجز ومتى تطنب، ومتى ينفعك تشبيه أو طباق أو شاهد. وقد نبّه علماء البلاغة إلى ثلاثة مواضع ينبغي للمتكلم أن يتأنق فيها أكثر من غيرها: الابتداء، والتخلص من معنى إلى معنى، والانتهاء *[الخطيب القزويني، الإيضاح في علوم البلاغة، خاتمة الكتاب؛ يحتاج إلى تحقق من الموضع]*. ولكل موضع منها فصل في هذا الباب.	والبيان، كما عرفت في الباب الأول (المجلد الأول)، هو الكشف عن المعنى حتى يصل إلى السامع. وهذا الباب ينقل البلاغة من التعريفات والشواهد إلى كلامك أنت: كيف ترتب المعنى قبل أن تنطق، وكيف تفتتح وتنتقل وتختم، ومتى توجز ومتى تطنب، ومتى ينفعك تشبيه أو طباق أو شاهد. وقد نبّه علماء البلاغة إلى ثلاثة مواضع ينبغي للمتكلم أن يتأنق فيها أكثر من غيرها: الابتداء، والتخلص من معنى إلى معنى، والانتهاء[^b111]. ولكل موضع منها فصل في هذا الباب.	المواضع الثلاثة: عروس ٢/٣٤٠–٣٤٤؛ طوبق على المطبوع. متحقّق	1
المجلد-الرابع/الباب-الرابع/ف05-أ-فن-الانتقال.md	63	عدّ البلاغيون ثلاثة مواضع في الكلام يجتهد فيها المتكلم أكثر من غيرها، لأنها أعلق بسمع السامع: الابتداء، والتخلّص، والانتهاء. وذكر الخطيب القزويني في خاتمة كتابه ما معناه أن المتكلم ينبغي أن يتأنّق في هذه المواضع الثلاثة، ليكون كلامه فيها أعذب لفظًا وأحسن سبكًا وأصح معنى. *[الخطيب القزويني، الإيضاح في علوم البلاغة، خاتمة الكتاب؛ يحتاج إلى تحقق من الموضع]*	عدّ البلاغيون ثلاثة مواضع في الكلام يجتهد فيها المتكلم أكثر من غيرها، لأنها أعلق بسمع السامع: الابتداء، والتخلّص، والانتهاء. وذكر الخطيب القزويني في خاتمة كتابه ما معناه أن المتكلم ينبغي أن يتأنّق في هذه المواضع الثلاثة، ليكون كلامه فيها أعذب لفظًا وأحسن سبكًا وأصح معنى[^b126].	عروس ٢/٣٤٠؛ طوبق على المطبوع. متحقّق	1
المجلد-الرابع/الباب-الرابع/ف05-أ-فن-الانتقال.md	65	وأصل «التخلّص» عندهم في الشعر: أن ينتقل الشاعر مما افتتح به قصيدته من وصف أو غزل إلى غرضه من مدح أو غيره، انتقالًا لطيفًا لا يشعر معه السامع بانقطاع. وعرفوا في مقابله «الاقتضاب»، وهو الانتقال إلى الغرض الجديد بلا صلة ظاهرة بما قبله. وجعلوا منه ما يقرب من التخلص، كقول الخطيب بعد الحمد والثناء: «أما بعد». *[يحتاج إلى تحقق من المصدر]*	وأصل «التخلّص» عندهم في الشعر: أن ينتقل الشاعر مما افتتح به قصيدته من وصف أو غزل إلى غرضه من مدح أو غيره، انتقالًا لطيفًا لا يشعر معه السامع بانقطاع. وعرفوا في مقابله «الاقتضاب»، وهو الانتقال إلى الغرض الجديد بلا صلة ظاهرة بما قبله. وجعلوا منه ما يقرب من التخلص، كقول الخطيب بعد الحمد والثناء: «أما بعد»[^b127].	الاقتضاب و«أما بعد»: عروس ٢/٣٤١–٣٤٣؛ وتفسير «فصل الخطاب» بـ«أما بعد» روايةٌ عن الشعبي عند الطبري (ت. التركي ٢٠/٥١) لا قول «بعض المفسرين» مبهمًا؛ طوبق على المطبوع. متحقّق	1
المجلد-الرابع/الباب-الرابع/ف05-أ-فن-الانتقال.md	69	﴿وَشَدَدْنَا مُلْكَهُۥ وَءَاتَيْنَٰهُ ٱلْحِكْمَةَ وَفَصْلَ ٱلْخِطَابِ﴾ (ص: ٢٠)	﴿وَشَدَدْنَا مُلْكَهُۥ وَءَاتَيْنَٰهُ ٱلْحِكْمَةَ وَفَصْلَ ٱلْخِطَابِ﴾ (ص: ٢٠)	وسم التفسير صار جملةً في المتن بما في المطبوع: الطبري ٢٠/٤٩–٥٢؛ طوبق على المطبوع. متحقّق	1
المجلد-الرابع/الباب-الرابع/ف06-أ-فن-الخاتمة.md	69	عرفت في الفصل الخامس أن البلاغيين عدّوا الانتهاء أحد المواضع الثلاثة التي يتأنق فيها المتكلم، مع الابتداء والتخلص. وجعلوا أحسن الانتهاء ما آذن السامعَ بانتهاء الكلام، فلا يبقى بعده متشوّفًا إلى شيء. وسمّاه بعضهم «براعة المقطع» و«حسن الختام». *[الخطيب القزويني، الإيضاح في علوم البلاغة، خاتمة الكتاب؛ يحتاج إلى تحقق من المصدر]*	عرفت في الفصل الخامس أن البلاغيين عدّوا الانتهاء أحد المواضع الثلاثة التي يتأنق فيها المتكلم، مع الابتداء والتخلص. وجعلوا أحسن الانتهاء «ما آذن بانتهاء الكلام»[^b136]. وسمّاه بعض المتأخرين «براعة المقطع» و«حسن الختام».	ليس في التلخيص ولا الإيضاح «براعة المقطع» ولا «حسن الختام» ولا «فلا يبقى متشوّفًا»؛ عبارة التلخيص «ما آذن بانتهاء الكلام» (عروس ٢/٣٤٤)، والاسمان عند النويري (نهاية الأرب ٧/١٣٥) وابن حجة (خزانة الأدب ٢/٥٠٤). متحقّق	1
المجلد-السابع/الباب-السابع/ف02-ب-الجواب-الدرس-الثاني.md	88	ويذكر بعض علماء البلاغة هذه الآية شاهدًا لما يسمونه «الأسلوب الحكيم»، وهو أن يُجاب السائل بغير ما يتطلبه، تنبيهًا على أن الأولى به أن يسأل عنه. *[يحتاج إلى تحقق من المصدر]*	ويذكر بعض علماء البلاغة هذه الآية شاهدًا لما يسمونه «الأسلوب الحكيم»، وهو أن يُجاب السائل بغير ما يتطلبه، «تنبيهًا على أنه الأولى بحاله أو المهمّ له»[^b261].	الأسلوب الحكيم: الإيضاح، ت. خفاجي ٢/٩٤–٩٥، وعبارته في التنصيص؛ طوبق على المطبوع. متحقّق	1
المجلد-الثالث/الباب-الثالث/ف01-أ-الاسمية-والفعلية.md	64	وبنى عبد القاهر الجرجاني على هذا الأصل بابًا كاملًا من «دلائل الإعجاز» هو باب التقديم والتأخير. ومعنى كلامه أن تقديم الاسم على الفعل ليس زينة، بل يأتي لمعنى: فقد يكون لتخصيص الفعل بمن قُدِّم، كقولك: «أنا كتبتُ هذا» إذا أردت أنك كاتبه لا غيرك، وقد يكون لتقوية الحكم وتأكيده في نفس السامع. *[عبد القاهر الجرجاني، دلائل الإعجاز، قراءة محمود محمد شاكر، باب التقديم والتأخير؛ يحتاج إلى تحقق من المصدر]*	وبنى عبد القاهر الجرجاني على هذا الأصل بابًا كاملًا من «دلائل الإعجاز» هو باب التقديم والتأخير. ومعنى كلامه أن تقديم الاسم على الفعل ليس زينة، بل يأتي لمعنى: فقد يكون لتخصيص الفعل بمن قُدِّم، كقولك: «أنا كتبتُ هذا» إذا أردت أنك كاتبه لا غيرك، وقد يكون لتقوية الحكم وتأكيده في نفس السامع[^b66].	دلائل الإعجاز، ص١٢٨–١٢٩ ف١٢١؛ طوبق على المطبوع. متحقّق	1
المجلد-الرابع/الباب-الرابع/ف07-أ-من-علم-المعاني.md	55	بنى عبد القاهر الجرجاني نظريته في «دلائل الإعجاز» على أن حسن الكلام ليس في الألفاظ مفردةً، بل في نظمها وترتيبها بحسب المعنى الذي يريده المتكلم. ومعنى كلامه أن التقديم والتأخير وسائر أبواب علم المعاني ليست زخرفًا يُضاف بعد تمام المعنى، بل هي المعنى نفسه في هيئته التي تبلغ بها غايتها عند السامع. *[عبد القاهر الجرجاني، دلائل الإعجاز؛ يحتاج إلى تحقق من الصفحة]*	بنى عبد القاهر الجرجاني نظريته في «دلائل الإعجاز» على أن حسن الكلام ليس في الألفاظ مفردةً، بل في نظمها وترتيبها بحسب المعنى الذي يريده المتكلم. ومعنى كلامه أن التقديم والتأخير وسائر أبواب علم المعاني ليست زخرفًا يُضاف بعد تمام المعنى، بل هي المعنى نفسه في هيئته التي تبلغ بها غايتها عند السامع[^b142].	دلائل الإعجاز، ص٤٦، ٤٩، ٨١–٨٢، ٢٥٠؛ طوبق على المطبوع. متحقّق	1
المجلد-السادس/الباب-السادس/ف01-السلام-والبشاشة-والاستماع.md	80	**ما قرره العلماء من ذلك:** ذكر النووي في «الأذكار» ما حاصله أن ابتداء السلام سنة، وأن ردّه واجب، وأنه إذا سُلّم على جماعة فردّ واحد منهم أجزأ عن الباقين *[يحتاج إلى تحقق من الصفحة]*.	**ما قرره العلماء من ذلك:** ذكر النووي في «الأذكار» أن ابتداء السلام سنة، وأن ردّه واجب، وأنه إذا سُلّم على جماعة كان الردّ فرضَ كفاية، «فإن ردّ واحد منهم سقط الحرج عن الباقين».[^d175]	الأذكار ص٣٩٤–٣٩٥، والردّ على الجماعة فرض كفاية بلفظه؛ طوبق على المطبوع. متحقّق	1
المجلد-الثالث/الباب-الثالث/ف06-ب-المخاطبة-والتحية-والتطبيق.md	145	ومن التهاني المأثورة المتداولة في كتب الأذكار: «بورك لك في الموهوب لك، وشكرت الواهب، وبلغ أشدّه، ورُزقت برّه». *[يحتاج إلى تحقق من المصدر]*	ومن التهاني المأثورة في كتب الأذكار: «باركَ اللهُ لكَ في الموهوبِ لك، وشكرتَ الواهبَ، وبلغَ أشدَّه، ورُزقتَ برَّه»[^d95].	لفظ الأذكار (ص٤٥٣) «بارك الله لك» لا «بورك لك»، وعزاه النووي إلى الحسين رضي الله عنه. متحقّق	1
المجلد-السادس/الباب-السادس/ف03-المدح-والشكر-والدعاء.md	73	**ما قرره العلماء في الجمع بينها:** جاءت هذه الأحاديث في صحيح مسلم تحت باب عنوانه في الشروح المتداولة: «باب النهي عن المدح إذا كان فيه إفراط، وخيف منه فتنة على الممدوح». وحاصل ما قرره الشرّاح أن المنهي عنه هو المدح المفرط، أو الكاذب، أو الذي يُخشى منه على الممدوح الإعجاب والكبر، وأن المدح الصادق لمن يؤمن عليه ذلك جائز، وقد فعله النبي ﷺ. *[النووي، شرح صحيح مسلم، كتاب الزهد؛ يحتاج إلى تحقق من الصفحة]*	**ما قرره العلماء في الجمع بينها:** جاءت هذه الأحاديث في صحيح مسلم تحت باب عنوانه في الشروح المتداولة: «باب النهي عن المدح إذا كان فيه إفراط، وخيف منه فتنة على الممدوح». وحاصل ما قرره النووي أن النهي محمول على المجازفة في المدح والزيادة في الأوصاف، أو على من يُخاف عليه الإعجاب، وأن المدح الصادق لمن يؤمن عليه ذلك لا نهي فيه، بل يُستحب إن كان فيه مصلحة، وقد مدح النبي ﷺ أصحابه في وجوههم[^d201].	شرح النووي على مسلم ١٨/١٢٦: المدح الصادق قد يُستحب لا يجوز فحسب؛ طوبق على المطبوع. متحقّق	1
المجلد-السادس/الباب-السادس/ف03-المدح-والشكر-والدعاء.md	82	ذكر الغزالي في «إحياء علوم الدين»، في كتاب آفات اللسان، ما حاصله أن في المدح آفات: بعضها في المادح، كأن يُفرط فيكذب، أو يُظهر من الحب ما لا يضمره، أو يقول ما لا يتحققه؛ وبعضها في الممدوح، كأن يُحدث فيه كبرًا وإعجابًا، أو يفرح بالثناء فيفتر عن العمل. *[الغزالي، إحياء علوم الدين، كتاب آفات اللسان؛ يحتاج إلى تحقق من الصفحة]*	ذكر الغزالي في «إحياء علوم الدين»، في كتاب آفات اللسان، أن المدح «يدخله ست آفات: أربع في المادح، واثنتان في الممدوح»: فالمادح قد يُفرط فيكذب، أو يُظهر من الحب ما لا يضمره، أو يقول ما لا يتحققه، أو يُفرح بمدحه ظالمًا أو فاسقًا؛ والممدوح قد يُحدث فيه المدح كبرًا وإعجابًا، أو يفرح بالثناء فيفتر عن العمل[^d203].	الإحياء ٣/١٥٩–١٦٠: ست آفات، وكانت الرابعة في المادح (إفراح الظالم بمدحه) ساقطة من التلخيص؛ طوبق على المطبوع. متحقّق	1
المجلد-السادس/الباب-السادس/ف03-المدح-والشكر-والدعاء.md	84	وترجم البخاري في كتاب الأدب من صحيحه بابًا بعنوان: «بَابُ المُدَارَاةِ مَعَ النَّاسِ». وفرّق العلماء بين المداراة والمداهنة: فالمداراة لين الكلام والرفق بالناس مع حفظ الحق، وهي محمودة؛ والمداهنة ترك شيء من الحق، أو إظهار الرضا بالباطل، طلبًا لمصلحة دنيوية، وهي مذمومة. *[ينقل ابن حجر في «فتح الباري»، كتاب الأدب، باب المداراة مع الناس، كلامًا للعلماء في هذا الفرق؛ يحتاج إلى تحقق من المصدر واللفظ]*	وترجم البخاري في كتاب الأدب من صحيحه بابًا بعنوان: «بَابُ المُدَارَاةِ مَعَ النَّاسِ». وفرّق العلماء بين المداراة والمداهنة: فالمداراة لين الكلمة والرفق بالناس، مع إنكار الباطل بلطف، وهي مندوب إليها؛ والمداهنة إظهار الرضا بالباطل من غير إنكار، وهي كما قال بعضهم: «ترك الدين لصلاح الدنيا»، وهي محرّمة[^d204].	فتح الباري ١٠/٥٢٨–٥٢٩ (ابن بطال) و١٠/٤٥٤ (القرطبي تبعًا لعياض)؛ طوبق على المطبوع. متحقّق	1
المجلد-السادس/الباب-السادس/ف07-أ-المدخل-والدرس-الأول.md	90	**حسن الاستماع وترك المقاطعة.** ومعنى كلام ابن المقفع في «الأدب الكبير» أن حسن الاستماع يُتعلَّم كما يُتعلَّم حسن الكلام، وأن منه أن تُمهل المتكلم حتى يُتم حديثه، وأن تُقبل عليه بوجهك ونظرك *[يحتاج إلى تحقق من المصدر]*. وفي كتب السيرة أن النبي ﷺ استمع إلى عتبة بن ربيعة وهو يعرض عليه ما جاء به من قريش، حتى أتم كلامه، ثم سأله هل فرغ، قبل أن يجيبه *[سيرة ابن هشام؛ يحتاج إلى تحقق من المصدر والإسناد]*.	**حسن الاستماع وترك المقاطعة.** ومعنى كلام ابن المقفع في «الأدب الكبير» أن حسن الاستماع يُتعلَّم كما يُتعلَّم حسن الكلام، وأن منه أن تُمهل المتكلم حتى يُتم حديثه، وأن تُقبل عليه بوجهك ونظرك *[يحتاج إلى تحقق من المصدر]*. وفي سيرة ابن هشام أن النبي ﷺ قال لعتبة بن ربيعة حين جاءه يعرض عليه ما عرضته قريش: «قُلْ يا أبا الوليد، أسمعْ»، ثم استمع إليه حتى أتمّ كلامه، فقال: «أقد فرغتَ يا أبا الوليد؟»، قبل أن يجيبه[^d238].	سيرة ابن هشام ١/٢٩٣–٢٩٤، وفي إسناده مبهم (حُدِّثتُ) نُبّه عليه في الحاشية؛ طوبق على المطبوع. متحقّق	1
المجلد-الثالث/الباب-الثالث/ف07-ب-التكرار-والغموض.md	124	ذكر المفسرون أن البثّ أشدّ الحزن، الذي لا يصبر عليه صاحبه حتى يبثّه. *[يحتاج إلى تحقق من المصدر]* فالكلمتان ليستا تكرارًا، بل درجتان. وهذا هو المعيار: إن جمعت لفظين فليكن لكل منهما عمله.	ذكر بعض المفسرين أن البثّ أشدّ الحزن، وأصله من بثّ الحديث: أي نشره، فكأنه الحزن الذي لا يُطيق صاحبه كتمانه فيبثّه[^d102]. فالكلمتان ليستا تكرارًا، بل درجتان. وهذا هو المعيار: إن جمعت لفظين فليكن لكل منهما عمله.	الطبري ١٣/٣٠٦ والقرطبي ٩/٢٥١: قولٌ محكيّ بـ«قيل» لا قول «المفسرين» جميعًا، وعبارة «لا يصبر عليه» لم تُرَ على المطبوع؛ طوبق على المطبوع. متحقّق	1
المجلد-السادس/الباب-السادس/ف06-أ-المدخل-والدرس-الأول.md	75	فلم يقل «أنتم على ضلال»، بل ترك الحكم معلّقًا ليتأمله السامع. ونسب الإجرام على سبيل الفرض إلى جانب المتكلم، ونسب العمل إلى المخاطَبين. وقد نبّه بعض المفسرين على ما في هاتين الآيتين من الإنصاف في الخطاب *[يحتاج إلى تحقق من المصدر]*. ويُستفاد منهما أن التلطيف في العبارة وسيلة إلى أن يتأمل المخالف الحق، وليس تنازلًا عنه.	فلم يقل «أنتم على ضلال»، بل ترك الحكم معلّقًا ليتأمله السامع. ونسب الإجرام على سبيل الفرض إلى جانب المتكلم، ونسب العمل إلى المخاطَبين. وقد نبّه المفسرون على ما في الآيتين من الإنصاف في الخطاب، فقال القرطبي: «هذا على وجه الإنصاف في الحجة»[^d223]. ويُستفاد منهما أن التلطيف في العبارة وسيلة إلى أن يتأمل المخالف الحق، وليس تنازلًا عنه.	القرطبي ١٤/٢٩٨؛ ولم يُذكر قول الزمخشري لأنه لم يُرَ على المطبوع؛ طوبق على المطبوع. متحقّق	1
المجلد-السابع/الباب-السابع/ف05-ب-الإقناع-الدرس-الثاني.md	118	**لماذا أخفق الأول؟** لأنه اتهم الحاضرين بمخالفة القرآن، وجعل الشيوخ طلابًا عنده، وقطع بحكم فقهي أمام الناس بلا بيان. ثم إن حكم الكتابة نفسه مسألة للفقهاء فيها كلام، فقد ذهب جمهورهم إلى أن الأمر فيها للإرشاد والندب لا للوجوب *[يحتاج إلى تحقق من المصدر]*. فأخفق في الصحة المعرفية وفي الأدب معًا، وخسر الحاضرين قبل أن ينتهي.	**لماذا أخفق الأول؟** لأنه اتهم الحاضرين بمخالفة القرآن، وجعل الشيوخ طلابًا عنده، وقطع بحكم فقهي أمام الناس بلا بيان. ثم إن حكم الكتابة نفسه مسألة للفقهاء فيها كلام، فقد ذهب جمهورهم إلى أن الأمر فيها للندب لا للوجوب، وأوجبها بعضهم، وهو اختيار الطبري[^d279]. فأخفق في الصحة المعرفية وفي الأدب معًا، وخسر الحاضرين قبل أن ينتهي.	القرطبي ٣/٣٨٣؛ «الإرشاد» لفظ لم يُرَ على المطبوع؛ طوبق على المطبوع. متحقّق	1
المجلد-التاسع/الباب-العاشر/ف01-أ-بناء-الجواب.md	120	وقد ذكر بعض المفسرين عند هذه الآية أن للمرء أن يذكر ما فيه من علم وكفاية إذا احتيج إلى ذلك، وقصد به النفع لا الفخر. *[يحتاج إلى تحقق من المصدر]*	وقد ذكر القرطبي عند هذه الآية أن للمرء أن يخبر بما فيه «من العلم والكفاية» إذا احتيج إلى ذلك، وأنه ممنوع منه في غير الحاجة «لما فيه من تزكية ومراءاة»[^d338].	القرطبي ٩/٢١٥–٢١٧؛ طوبق على المطبوع. متحقّق	1
المجلد-الرابع/الباب-الرابع/ف05-أ-فن-الانتقال.md	73	وثبت أن النبي ﷺ كان يقول في خطبه بعد الحمد والثناء: «أما بعد». وقد بوّب لذلك البخاري في كتاب الجمعة من صحيحه: «باب من قال في الخطبة بعد الثناء: أما بعد». *[يحتاج إلى تحقق من رقم الباب]* فهذه الكلمة القصيرة أقدم أداة انتقال في خطابتنا: تُغلق التمهيد، وتعلن أن المقصود قد بدأ.	وثبت أن النبي ﷺ كان يقول في خطبه بعد الحمد والثناء: «أما بعد». وقد بوّب لذلك البخاري في كتاب الجمعة من صحيحه: «باب من قال في الخطبة بعد الثناء: أما بعد»، وأورد تحته ستة أحاديث[^h129]. فهذه الكلمة القصيرة أقدم أداة انتقال في خطابتنا: تُغلق التمهيد، وتعلن أن المقصود قد بدأ.	البخاري، الجمعة، ٩٢٢–٩٢٧؛ طوبق على المطبوع. متحقّق	1
المجلد-السادس/الباب-السادس/ف01-السلام-والبشاشة-والاستماع.md	74	وبيّن من يبدأ بالسلام، فقال: «يُسَلِّمُ الصَّغِيرُ عَلَى الكَبِيرِ، وَالمَارُّ عَلَى القَاعِدِ، وَالقَلِيلُ عَلَى الكَثِيرِ» (رواه البخاري، كتاب الاستئذان). *[يحتاج إلى تحقق من رقم الحديث]* وفي حديث آخر: «يُسَلِّمُ الرَّاكِبُ عَلَى المَاشِي، وَالمَاشِي عَلَى القَاعِدِ، وَالقَلِيلُ عَلَى الكَثِيرِ» (متفق عليه).	وبيّن من يبدأ بالسلام، فقال: «يُسَلِّمُ الصَّغِيرُ عَلَى الكَبِيرِ، وَالمَارُّ عَلَى القَاعِدِ، وَالقَلِيلُ عَلَى الكَثِيرِ» (رواه البخاري، كتاب الاستئذان)[^h174a]. وفي حديث آخر: «يُسَلِّمُ الرَّاكِبُ عَلَى المَاشِي، وَالمَاشِي عَلَى القَاعِدِ، وَالقَلِيلُ عَلَى الكَثِيرِ» (متفق عليه).	خ ٦٢٣١، وهو عند البخاري وحده؛ طوبق على المطبوع. متحقّق	1
المجلد-السادس/الباب-السادس/ف01-السلام-والبشاشة-والاستماع.md	82	وفي صفة سلامه ﷺ إذا جاء ليلًا وفي البيت نيام، قال المقداد بن الأسود رضي الله عنه: «فَيُسَلِّمُ تَسْلِيمًا لَا يُوقِظُ نَائِمًا، وَيُسْمِعُ اليَقْظَانَ» (رواه مسلم). *[يحتاج إلى تحقق من رقم الحديث]*	وفي صفة سلامه ﷺ إذا جاء ليلًا وفي البيت نيام، قال المقداد بن الأسود رضي الله عنه: «فَيُسَلِّمُ تَسْلِيمًا لَا يُوقِظُ نَائِمًا، وَيُسْمِعُ اليَقْظَانَ» (رواه مسلم)[^h176].	م ٢٠٥٥؛ طوبق على المطبوع. متحقّق	1
المجلد-السادس/الباب-السادس/ف02-على-قدر-العقول.md	67	ترجم البخاري في كتاب العلم من صحيحه بابًا بقوله: «بَابُ مَنْ خَصَّ بِالعِلْمِ قَوْمًا دُونَ قَوْمٍ، كَرَاهِيَةَ أَنْ لَا يَفْهَمُوا». وأورد فيه قول علي رضي الله عنه: «حَدِّثُوا النَّاسَ بِمَا يَعْرِفُونَ، أَتُحِبُّونَ أَنْ يُكَذَّبَ اللَّهُ وَرَسُولُهُ؟» *[صحيح البخاري، كتاب العلم؛ يحتاج إلى تحقق من رقم الأثر]*	ترجم البخاري في كتاب العلم من صحيحه بابًا بقوله: «بَابُ مَنْ خَصَّ بِالعِلْمِ قَوْمًا دُونَ قَوْمٍ، كَرَاهِيَةَ أَنْ لَا يَفْهَمُوا». وأورد فيه قول علي رضي الله عنه: «حَدِّثُوا النَّاسَ بِمَا يَعْرِفُونَ، أَتُحِبُّونَ أَنْ يُكَذَّبَ اللَّهُ وَرَسُولُهُ؟»[^h190]	خ ١٢٧؛ طوبق على المطبوع. متحقّق	1
المجلد-السادس/الباب-السادس/ف02-على-قدر-العقول.md	69	وروى مسلم في مقدمة صحيحه عن عبد الله بن مسعود رضي الله عنه قال: «مَا أَنْتَ بِمُحَدِّثٍ قَوْمًا حَدِيثًا لَا تَبْلُغُهُ عُقُولُهُمْ، إِلَّا كَانَ لِبَعْضِهِمْ فِتْنَةً». *[مقدمة صحيح مسلم؛ يحتاج إلى تحقق من الموضع]*	وروى مسلم في مقدمة صحيحه عن عبد الله بن مسعود رضي الله عنه قال: «مَا أَنْتَ بِمُحَدِّثٍ قَوْمًا حَدِيثًا لَا تَبْلُغُهُ عُقُولُهُمْ، إِلَّا كَانَ لِبَعْضِهِمْ فِتْنَةً»[^h191].	مسلم، المقدمة ١/١١؛ طوبق على المطبوع. متحقّق	1
المجلد-السادس/الباب-السادس/ف02-على-قدر-العقول.md	75	وروى مسلم أن معاوية بن الحكم السلمي رضي الله عنه تكلم في الصلاة وهو لا يعلم حكم ذلك، فلما قضى النبي ﷺ صلاته علّمه. قال معاوية: «فَبِأَبِي هُوَ وَأُمِّي، مَا رَأَيْتُ مُعَلِّمًا قَبْلَهُ وَلَا بَعْدَهُ أَحْسَنَ تَعْلِيمًا مِنْهُ، فَوَاللَّهِ مَا كَهَرَنِي وَلَا ضَرَبَنِي وَلَا شَتَمَنِي، قَالَ: إِنَّ هَذِهِ الصَّلَاةَ لَا يَصْلُحُ فِيهَا شَيْءٌ مِنْ كَلَامِ النَّاسِ، إِنَّمَا هُوَ التَّسْبِيحُ وَالتَّكْبِيرُ وَقِرَاءَةُ القُرْآنِ». *[صحيح مسلم، كتاب المساجد؛ يحتاج إلى تحقق من رقم الحديث]*	وروى مسلم أن معاوية بن الحكم السلمي رضي الله عنه تكلم في الصلاة وهو لا يعلم حكم ذلك، فلما قضى النبي ﷺ صلاته علّمه. قال معاوية: «فَبِأَبِي هُوَ وَأُمِّي، مَا رَأَيْتُ مُعَلِّمًا قَبْلَهُ وَلَا بَعْدَهُ أَحْسَنَ تَعْلِيمًا مِنْهُ، فَوَاللَّهِ مَا كَهَرَنِي وَلَا ضَرَبَنِي وَلَا شَتَمَنِي، قَالَ: إِنَّ هَذِهِ الصَّلَاةَ لَا يَصْلُحُ فِيهَا شَيْءٌ مِنْ كَلَامِ النَّاسِ، إِنَّمَا هُوَ التَّسْبِيحُ وَالتَّكْبِيرُ وَقِرَاءَةُ القُرْآنِ»[^h192].	م ٥٣٧؛ طوبق على المطبوع. متحقّق	1
المجلد-الثامن/الباب-الثامن/ف01-أ-المدخل-والدخول-والجلوس.md	89	وذكر البخاري في كتاب العلم من صحيحه قول مجاهد: «لا يتعلّمُ العلمَ مُسْتَحْيٍ ولا مُسْتَكْبِرٌ» (ذكره البخاري معلقًا في كتاب العلم، باب الحياء في العلم). *[يحتاج إلى تحقق من الموضع]*	وذكر البخاري في كتاب العلم من صحيحه قول مجاهد: «لا يتعلّمُ العلمَ مُسْتَحْيٍ ولا مُسْتَكْبِرٌ» (ذكره البخاري معلقًا في كتاب العلم، باب الحياء في العلم)[^h295].	البخاري ١/٣٨؛ طوبق على المطبوع. متحقّق	1
المجلد-الثامن/الباب-الثامن/ف02-أ-إظهار-العلم-ومخاطبة-الكبير.md	55	أخرج البخاري في صحيحه عن ابن عباس رضي الله عنهما أن عمر بن الخطاب كان يُدنيه ويُدخله مع كبار الصحابة من أهل بدر، فتغيّر لذلك بعضهم. فسأل عمر الحاضرين يومًا عن تفسير آية من سورة النصر، فأجاب بعضهم بجواب عام، وسكت آخرون، وسكت ابن عباس معهم وهو أصغرهم حياءً منهم، حتى سأله عمر بنفسه: «أكذاك تقول يا ابن عباس؟» فأجاب بما ظهر له، فوافقه عمر: «ما أعلم منها إلا ما تقول.» *[يحتاج إلى تحقق من تفصيل اللفظ في صحيح البخاري، كتاب التفسير]*	أخرج البخاري في صحيحه عن ابن عباس رضي الله عنهما أن عمر بن الخطاب كان يُدخله مع أشياخ بدر، فكأنّ بعضهم وجد في نفسه، فقال: لِمَ تُدخل هذا معنا ولنا أبناء مثله؟ فسأل عمر الحاضرين يومًا عن قوله تعالى: ﴿إِذَا جَآءَ نَصْرُ ٱللَّهِ وَٱلْفَتْحُ﴾، فقال بعضهم: أُمرنا أن نحمد الله ونستغفره إذا نُصرنا وفُتح علينا، وسكت بعضهم فلم يقل شيئًا، فالتفت عمر إلى ابن عباس، وهو أحدثهم سنًّا، فقال: «أكذاك تقول يا ابن عباس؟» فقال: لا، هو أجلُ رسول الله ﷺ أعلمه له، فقال عمر: «ما أعلم منها إلا ما تقول»[^h302].	ليس في شيء من روايات البخاري أن ابن عباس «سكت حياءً»؛ صُحّح السياق على خ ٤٩٧٠ (٦/١٧٩) وعُدّلت الفائدة المبنية عليه. متحقّق	1
المجلد-الرابع/الباب-الرابع/ف02-أ-المدخل-والدرس-الأول.md	226	**خطبة الحاجة:** من أشهر ما يُفتتح به الكلام صيغةٌ يسميها أهل العلم «خطبة الحاجة»، أولها: «إنّ الحمدَ لله، نحمدُه ونستعينُه…»، ثم الاستعاذة بالله من شرور الأنفس وسيئات الأعمال، ثم أنّ من هداه الله فلا مضل له ومن أضله فلا هادي له، ثم الشهادتان، ثم «أما بعد». ويُروى أصلها في صحيح مسلم في قصة ضِماد، وفي السنن من حديث ابن مسعود رضي الله عنه، وبين ألفاظ الروايات اختلاف يسير *[يحتاج إلى تحقق من اللفظ والتخريج]*. ويتبعها كثير من الخطباء بآيات في التقوى، منها (آل عمران: ١٠٢)، و(النساء: ١)، و(الأحزاب: ٧٠–٧١).	**خطبة الحاجة:** من أشهر ما يُفتتح به الكلام صيغةٌ يسميها أهل العلم «خطبة الحاجة»، أولها: «إنّ الحمدَ لله، نحمدُه ونستعينُه…»، ثم الاستعاذة بالله من شرور الأنفس وسيئات الأعمال، ثم أنّ من هداه الله فلا مضل له ومن أضله فلا هادي له، ثم الشهادتان، ثم «أما بعد». ويُروى أصلها في صحيح مسلم من حديث ابن عباس في قصة ضِماد، وفيه «أما بعد» دون الاستعاذة، وفي السنن من حديث ابن مسعود رضي الله عنه، وفيه الاستعاذة والآيات الثلاث في التقوى، وبين ألفاظ الروايات اختلاف يسير[^h121]. ويتبعها كثير من الخطباء بآيات في التقوى، منها (آل عمران: ١٠٢)، و(النساء: ١)، و(الأحزاب: ٧٠–٧١).	م ٨٦٨؛ د ٢١١٨؛ ت ١١٠٥؛ طوبق على المطبوع. متحقّق	1
المجلد-الرابع/الباب-الرابع/ف02-ج-التطبيق-والتقويم.md	239	**النص الثاني: من خطبة الحاجة، على اللفظ المشهور** *[يحتاج إلى تحقق من اللفظ والتخريج]*	**النص الثاني: من خطبة الحاجة، على اللفظ المتداول بين الخطباء**[^h123]	النص ملفّق من رواية مسلم (٨٦٨) ورواية ابن مسعود (د ٢١١٨، ت ١١٠٥)؛ سُمّي كذلك وبُيّنت الروايتان. متحقّق	1
المجلد-الثامن/الباب-التاسع/ف01-أ-المدخل-وبناء-الخطبة.md	177	يفتتح كثير من الخطباء بالصيغة المعروفة بـ«خطبة الحاجة»، ويُروى أصلها في كتب السنن من حديث عبد الله بن مسعود رضي الله عنه، وبين رواياتها اختلاف يسير في الألفاظ. *[يحتاج إلى تحقق من اللفظ بحسب الرواية المعتمدة]* وهذا نصها كما يتداوله الخطباء:	يفتتح كثير من الخطباء بالصيغة المعروفة بـ«خطبة الحاجة»، ويُروى أصلها في السنن من حديث عبد الله بن مسعود رضي الله عنه، وفي صحيح مسلم من حديث ابن عباس في قصة ضماد، وبين رواياتها اختلاف يسير في الألفاظ[^h314]. وهذا نصها كما يتداوله الخطباء، وهو لفظ ملفّق من الروايتين:	م ٨٦٨؛ د ٢١١٨؛ ت ١١٠٥؛ والنص المتداول ملفّق؛ طوبق على المطبوع. متحقّق	1
المجلد-الثامن/الباب-التاسع/ف01-أ-المدخل-وبناء-الخطبة.md	179	«إِنَّ الْحَمْدَ لِلَّهِ، نَحْمَدُهُ وَنَسْتَعِينُهُ وَنَسْتَغْفِرُهُ، وَنَعُوذُ بِاللَّهِ مِنْ شُرُورِ أَنْفُسِنَا وَمِنْ سَيِّئَاتِ أَعْمَالِنَا، مَنْ يَهْدِهِ اللَّهُ فَلَا مُضِلَّ لَهُ، وَمَنْ يُضْلِلْ فَلَا هَادِيَ لَهُ، وَأَشْهَدُ أَنْ لَا إِلَهَ إِلَّا اللَّهُ وَحْدَهُ لَا شَرِيكَ لَهُ، وَأَشْهَدُ أَنَّ مُحَمَّدًا عَبْدُهُ وَرَسُولُهُ.»	«إِنَّ الْحَمْدَ لِلَّهِ، نَحْمَدُهُ وَنَسْتَعِينُهُ وَنَسْتَغْفِرُهُ، وَنَعُوذُ بِاللَّهِ مِنْ شُرُورِ أَنْفُسِنَا وَسَيِّئَاتِ أَعْمَالِنَا، مَنْ يَهْدِهِ اللَّهُ فَلَا مُضِلَّ لَهُ، وَمَنْ يُضْلِلْ فَلَا هَادِيَ لَهُ، وَأَشْهَدُ أَنْ لَا إِلَهَ إِلَّا اللَّهُ وَحْدَهُ لَا شَرِيكَ لَهُ، وَأَشْهَدُ أَنَّ مُحَمَّدًا عَبْدُهُ وَرَسُولُهُ.»	«ومن سيئات أعمالنا» بزيادة «من» ليست في شيء من الروايات الثلاث؛ ولفظ الترمذي (١١٠٥): «وسيئات أعمالنا». متحقّق	1
المجلد-الثامن/الباب-التاسع/ف01-أ-المدخل-وبناء-الخطبة.md	181	ويُتبعها كثير منهم بهذه الآيات الثلاث في الأمر بالتقوى:	وفي حديث ابن مسعود بعدها هذه الآيات الثلاث في الأمر بالتقوى:	الآيات الثلاث من حديث ابن مسعود نفسه (د ٢١١٨، ت ١١٠٥)، لا مما يزيده الخطباء. متحقّق	1
المجلد-الثامن/الباب-التاسع/ف01-أ-المدخل-وبناء-الخطبة.md	75	وفي تراث البيان عناية قديمة بافتتاح الخطبة. فقد ذكر الجاحظ أن العرب كانوا يسمّون الخطبة التي لا تُبتدأ بالتحميد «البتراء»، والتي لا تُوشَّح بالقرآن ولا تُزيَّن بالصلاة على النبي ﷺ «الشوهاء». *[الجاحظ، البيان والتبيين؛ يحتاج إلى تحقق من المصدر واللفظ]* ومعنى ذلك أن السامع العربي كان ينتظر من الخطبة افتتاحًا يعرفه، فإذا فقده شعر بنقص قبل أن يسمع الموضوع.	وفي تراث البيان عناية قديمة بافتتاح الخطبة. فقد ذكر الجاحظ أن خطباء السلف وأهل البيان من التابعين كانوا يسمّون الخطبة «التي لم تُبتدأ بالتحميد، وتُستفتَح بالتمجيد»: «البتراء»، و«التي لم توشَّح بالقرآن، وتزيَّن بالصلاة على النبي ﷺ»: «الشوهاء»[^b313]. ومعنى ذلك أن السامع العربي كان ينتظر من الخطبة افتتاحًا يعرفه، فإذا فقده شعر بنقص قبل أن يسمع الموضوع.	يحتاج إلى تحقق — طوبق على المطبوع (الدفعة B2): التسمية عند الجاحظ لخطباء السلف وأهل البيان من التابعين لا «العرب»، واللفظ من المطبوع	1
المجلد-العاشر/الباب-الحادي-عشر/ف01-أ-المدخل-والدرس-الأول.md	66	جعل الجاحظ الصوت أصلًا يقوم عليه الكلام كله، فقال: «والصوتُ هو آلةُ اللفظ، والجوهرُ الذي يقومُ به التقطيع، وبه يوجدُ التأليف». *[الجاحظ، البيان والتبيين، تحقيق عبد السلام هارون، ج١؛ يحتاج إلى تحقق من الصفحة واللفظ]*	جعل الجاحظ الصوت أصلًا يقوم عليه الكلام كله، فقال: «والصوتُ هو آلةُ اللفظ، والجوهرُ الذي يقومُ به التقطيع، وبه يُوجَد التأليف»[^b356].	يحتاج إلى تحقق — طوبق على المطبوع (الدفعة B2)	1
المجلد-الرابع/الباب-الرابع/ف05-أ-فن-الانتقال.md	93	قد يخرج المتكلم عن فكرته إلى فكرة قريبة منها، ثم يرجع. وهذا «الاستطراد». وكان الجاحظ يصرّح في كتبه بأنه يخرج من باب إلى باب، ومن الجد إلى الهزل، ليدفع الملل عن قارئه. *[الجاحظ، كتاب الحيوان؛ يحتاج إلى تحقق من المصدر]* وفي المثل العربي السائر: «الحديثُ ذو شجون»، أي أن الكلام يتشعب ويجرّ بعضه بعضًا.	قد يخرج المتكلم عن فكرته إلى فكرة قريبة منها، ثم يرجع. وهذا «الاستطراد». وكان الجاحظ يصرّح بذلك، فذكر في «الحيوان» أنه إذا أمَلَّ قارئه بالجِدّ نشّطه «ببعض البَطالات»، وأنه يفعل ذلك «ليخرج قارئُ هذا الكتاب من باب إلى باب، ومن شكل إلى شكل»[^b133]. وفي المثل العربي السائر: «الحديثُ ذو شجون»، أي ذو طرق، يُضرب في الحديث يُتذكَّر به غيره[^b133m].	يحتاج إلى تحقق — طوبق على المطبوع (الدفعة B2): لفظ الجاحظ من المطبوع، وشرح المثل من الميداني	1
المجلد-الثالث/الباب-الثالث/ف02-أ-المطابقة.md	62	ونبّه ابن خلدون في «المقدمة» على أمر يعرفه كل مدرّس: أن معرفة قواعد العربية شيء، والقدرة على الكلام بها شيء آخر. ومعنى كلامه أن صناعة العربية علمٌ بقوانين الملكة لا الملكة نفسها، كمن يعرف قوانين صنعة ولا يُحسن العمل بيده. وذكر أن من المهرة في القواعد من إذا طُلب منه أن يكتب رسالة قصيرة أخطأ فيها، وأن من الناس من يُحسن الكلام والكتابة وهو لا يعرف تلك القواعد. *[ابن خلدون، المقدمة، الفصل المعقود في أن ملكة هذا اللسان غير صناعة العربية؛ يحتاج إلى تحقق من المصدر والصفحة بحسب الطبعة المعتمدة]*	ونبّه ابن خلدون في «المقدمة» على أمر يعرفه كل مدرّس: أن معرفة قواعد العربية شيء، والقدرة على الكلام بها شيء آخر. ومعنى كلامه أن صناعة العربية علمٌ بقوانين الملكة لا الملكة نفسها، كمن يعرف قوانين صنعة ولا يُحسن العمل بيده. وذكر أن من المهرة في القواعد من إذا طُلب منه أن يكتب سطرين إلى أخيه أو ذي مودّته أخطأ فيهما، وأن من الناس من يُجيد المنظوم والمنثور وهو لا يعرف تلك القواعد[^b72].	يحتاج إلى تحقق — طوبق على المطبوع (الدفعة B2): المثالان كما في المطبوع	1
المجلد-الثالث/الباب-الثالث/ف06-أ-أثر-اللغات-المحلية.md	80	من مباحث ابن خلدون في «المقدمة» أن العُجمة إذا سبقت إلى اللسان قصّرت بصاحبها في تحصيل ملكة العربية. ومعنى كلامه أن اللسان إذا رسخت فيه ملكة لغة أولى، ثم طلب ملكة ثانية، جاءت الثانية أبطأ حصولًا وأقل تمكنًا، إلا بطول المران وكثرة السماع. *[ابن خلدون، المقدمة؛ يحتاج إلى تحقق من المصدر وعنوان الفصل بحسب الطبعة المعتمدة]*	من مباحث ابن خلدون في «المقدمة» أن العُجمة إذا سبقت إلى اللسان صار صاحبها «مقصّرًا في اللغة العربية». ومعنى كلامه أن اللسان إذا رسخت فيه ملكة لغة أولى، ثم طلب ملكة ثانية، جاءت الثانية أبطأ حصولًا وأقل تمكنًا، إلا أن تكون الملكة الأولى لم تستحكم بعدُ، كمن يَربى صغيرًا بين العرب. وسبيل تحصيلها عنده مخالطة اللسان وكلام العرب[^b84].	يحتاج إلى تحقق — طوبق على المطبوع (الدفعة B2): الاستثناء عند ابن خلدون ألّا تكون الملكة الأولى قد استحكمت، لا «طول المران»	1
المجلد-العاشر/الباب-الحادي-عشر/ف04-أ-المدخل-والدرس-الأول.md	51	> **فائدة:** من الحكم المأثورة في وصف الكلام الجيد: «خير الكلام ما قلّ ودلّ» *[يحتاج إلى تحقق من المصدر]*. وهذا المعيار يبلغ ذروة الحاجة إليه في الكتابة للأذن، إذ لا يملك المستمع فرصة إعادة القراءة، فالكلمة الزائدة هنا ليست عيبًا أسلوبيًّا فحسب، بل عائق حقيقي أمام الفهم.	> **فائدة:** من الحكم المأثورة في وصف الكلام الجيد: «خيرُ الكلام ما قلَّ ودلَّ ولم يُمِلَّ»[^b366]. وهذا المعيار يبلغ ذروة الحاجة إليه في الكتابة للأذن، إذ لا يملك المستمع فرصة إعادة القراءة، فالكلمة الزائدة هنا ليست عيبًا أسلوبيًّا فحسب، بل عائق حقيقي أمام الفهم.	يحتاج إلى تحقق — طوبق على المطبوع (الدفعة B2): اللفظ المطبوع أتمّ من المشهور	1
المجلد-العاشر/الباب-الثاني-عشر/ف01-أ-المدخل-والألقاب.md	77	وللتراث العربي عناية قديمة بأدب مخاطبة الولاة ومجالستهم، ومن ذلك أن ابن قتيبة افتتح كتابه «عيون الأخبار» بـ«كتاب السلطان». *[يحتاج إلى تحقق من المصدر في الطبعة المعتمدة]* والمقصود هنا المبدأ لا النقل: لكل منزلة خطابها، ومعرفة المنزلة تسبق اختيار العبارة.	وللتراث العربي عناية قديمة بأدب مخاطبة الولاة ومجالستهم، ومن ذلك أن ابن قتيبة افتتح كتابه «عيون الأخبار» بـ«كتاب السلطان»[^b370]. والمقصود هنا المبدأ لا النقل: لكل منزلة خطابها، ومعرفة المنزلة تسبق اختيار العبارة.	يحتاج إلى تحقق — طوبق على المطبوع (الدفعة B2)	1
المجلد-السابع/الباب-السابع/ف06-أ-المناظرة-وأدبها.md	61	عُرف عند العلماء فنٌّ مستقل في آداب الحوار العلمي، أفردوا له مصنفات سمّوها «آداب البحث والمناظرة»، بيّنوا فيها كيف يُعرض السؤال والجواب والاعتراض بينهما، وكيف يُعرف الفارق بين اعتراض صحيح يستحق جوابًا واعتراض فاسد لا يستحق. *[يحتاج إلى تحقق من المصدر]* ويُروى عن الإمام الشافعي رحمه الله ما معناه أنه لم يكن يناظر أحدًا ليظهر هو منتصرًا، بل كان يفرح أن يظهر الحق ولو على لسان من يخالفه. *[يحتاج إلى تحقق من المصدر]* وهذا هو الفارق الجوهري بين المناظر العالم والمجادل المتعصب.	عُرف عند العلماء فنٌّ مستقل في آداب الحوار العلمي، أفردوا له مصنفات سمّوها «آداب البحث والمناظرة»، بيّنوا فيها كيف يُعرض السؤال والجواب والاعتراض بينهما، وكيف يُعرف الفارق بين اعتراض صحيح يستحق جوابًا واعتراض فاسد لا يستحق[^b283]. ويُروى عن الإمام الشافعي رحمه الله قوله: «ما ناظرتُ أحدًا فأحببتُ أن يخطئ»، وقوله: «ما ناظرتُ أحدًا إلا ولم أُبالِ بيَّن اللهُ الحقَّ على لساني أو لسانه»[^b284]. وهذا هو الفارق الجوهري بين المناظر العالم والمجادل المتعصب.	يحتاج إلى تحقق — طوبق على المطبوع (الدفعة B2+D2): «يفرح» تزيد على المطبوع («لم أبال»)، فنُقل لفظه	1
المجلد-الثامن/الباب-التاسع/ف04-أ-المدخل-والدرس-الأول.md	69	ومن القواعد المشهورة عند أهل آداب البحث والمناظرة قولهم: «إن كنتَ ناقلًا فالصحة، أو مدّعيًا فالدليل». *[يحتاج إلى تحقق من المصدر]* فالباحث ناقل حين يعرض الدراسات السابقة، فيُسأل: هل نقلت عنها بدقة؟ ومدّعٍ حين يعرض نتائجه، فيُسأل: ما دليلك؟ ومن عرض كلام غيره كأنه نتيجته، أو نتيجته كأنها أمر مسلَّم، أُخذ عليه ذلك في أول سؤال.	ومن القواعد المشهورة عند أهل آداب البحث والمناظرة قولهم: «إن كنتَ ناقلًا فالصحة، أو مدّعيًا فالدليل»، وأصلها في كتبهم أن الناقل «لا يَرِدُ عليه إلا طلبُ تصحيح النقل»، وأن المدّعي يُطالَب بالدليل[^b325]. فالباحث ناقل حين يعرض الدراسات السابقة، فيُسأل: هل نقلت عنها بدقة؟ ومدّعٍ حين يعرض نتائجه، فيُسأل: ما دليلك؟ ومن عرض كلام غيره كأنه نتيجته، أو نتيجته كأنها أمر مسلَّم، أُخذ عليه ذلك في أول سؤال.	يحتاج إلى تحقق — طوبق على المطبوع (الدفعة B2): اللفظ السائر متأخر، وأصله في الولدية	1
المجلد-الثامن/الباب-التاسع/ف04-ب-الدرس-الثاني.md	163	**أنواع الاعتراض عند أهل المناظرة:** في اصطلاح أهل آداب البحث والمناظرة أن اعتراض السائل ثلاثة أنواع: **المنع**، وهو طلب الدليل على مقدمة من مقدمات الدعوى؛ و**النقض**، وهو بيان تخلّف الحكم في موضع يشمله الدليل؛ و**المعارضة**، وهي إقامة دليل على خلاف الدعوى. *[يحتاج إلى تحقق من المصدر]* فجواب المنع دليل، وجواب النقض تحديد لنطاق الدعوى، وجواب المعارضة موازنة بين الدليلين.	**أنواع الاعتراض عند أهل المناظرة:** في اصطلاح أهل آداب البحث والمناظرة أن اعتراض السائل ثلاثة أنواع: **المنع**، وهو طلب الدليل على مقدمة من مقدمات الدليل؛ و**النقض**، وهو بيان تخلّف الحكم في موضع يشمله الدليل؛ و**المعارضة**، وهي إقامة الدليل على خلاف ما أقام الخصم عليه الدليل[^b334]. فجواب المنع دليل، وجواب النقض تحديد لنطاق الدعوى، وجواب المعارضة موازنة بين الدليلين.	يحتاج إلى تحقق — طوبق على المطبوع (الدفعة B2): المنع طلب الدليل على مقدمة الدليل لا الدعوى	1
المجلد-السادس/الباب-السادس/ف01-السلام-والبشاشة-والاستماع.md	434	قال ابن المقفع في «الأدب الكبير»: «تعلَّمْ حُسنَ الاستماعِ كما تتعلَّمُ حُسنَ الكلام. ومن حسنِ الاستماعِ: إمهالُ المتكلمِ حتى ينقضيَ حديثُه، وقلةُ التلفُّتِ إلى الجواب، والإقبالُ بالوجه، والنظرُ إلى المتكلم، والوعيُ لما يقول». *[ابن المقفع، الأدب الكبير؛ يحتاج إلى تحقق من الصفحة واللفظ]*	قال ابن المقفع في «الأدب الكبير»: «تعلَّمْ حُسْنَ الاستماع كما تتعلَّمُ حُسْنَ الكلام. ومن حُسْنِ الاستماعِ إمهالُ المتكلِّمِ حتى ينقضيَ حديثُه، وقلّةُ التلفُّتِ إلى الجواب، والإقبالُ بالوجهِ والنظرِ إلى المتكلِّم، والوعيُ لما يقول»[^b185].	يحتاج إلى تحقق — طوبق على المطبوع (الدفعة B2): «والنظرِ» معطوف على «الوجه» في المطبوع	1
المجلد-السادس/الباب-السادس/ف01-السلام-والبشاشة-والاستماع.md	436	في هذا النص خمسة أفعال يمكن التدرب عليها وقياسها:	في هذا النص أربعة آداب، وإذا فُصل الإقبال بالوجه عن النظر صارت خمسة أفعال يمكن التدرب عليها وقياسها:	ترتّب على تصحيح لفظ ابن المقفع: الآداب في نصه أربعة	1
المجلد-السادس/الباب-السادس/ف07-أ-المدخل-والدرس-الأول.md	90	**حسن الاستماع وترك المقاطعة.** ومعنى كلام ابن المقفع في «الأدب الكبير» أن حسن الاستماع يُتعلَّم كما يُتعلَّم حسن الكلام، وأن منه أن تُمهل المتكلم حتى يُتم حديثه، وأن تُقبل عليه بوجهك ونظرك *[يحتاج إلى تحقق من المصدر]*. وفي سيرة ابن هشام أن النبي ﷺ قال لعتبة بن ربيعة حين جاءه يعرض عليه ما عرضته قريش: «قُلْ يا أبا الوليد، أسمعْ»، ثم استمع إليه حتى أتمّ كلامه، فقال: «أقد فرغتَ يا أبا الوليد؟»، قبل أن يجيبه[^1].	**حسن الاستماع وترك المقاطعة.** ومعنى كلام ابن المقفع في «الأدب الكبير» أن حسن الاستماع يُتعلَّم كما يُتعلَّم حسن الكلام، وأن منه أن تُمهل المتكلم حتى يُتم حديثه، وأن تُقبل عليه بوجهك ونظرك[^b237]. وفي سيرة ابن هشام أن النبي ﷺ قال لعتبة بن ربيعة حين جاءه يعرض عليه ما عرضته قريش: «قُلْ يا أبا الوليد، أسمعْ»، ثم استمع إليه حتى أتمّ كلامه، فقال: «أقد فرغتَ يا أبا الوليد؟»، قبل أن يجيبه[^1].	يحتاج إلى تحقق — طوبق على المطبوع (الدفعة B2)	1
المجلد-السادس/الباب-السادس/ف06-أ-المدخل-والدرس-الأول.md	91	**من سِيَر العلماء.** يُروى عن الإمام الشافعي معنى أنه ما ناظر أحدًا إلا تمنى أن يُظهر الله الحق على لسان صاحبه *[يحتاج إلى تحقق من المصدر]*. ويُروى أن يونس بن عبد الأعلى الصدفي ناظر الشافعي في مسألة فافترقا مختلفين، فلقيه الشافعي بعدها وأخذ بيده، وقال له ما معناه: ألا يستقيم أن نكون إخوانًا وإن لم نتفق في مسألة؟ *[الذهبي، سير أعلام النبلاء؛ يحتاج إلى تحقق من الموضع واللفظ]*	**من سِيَر العلماء.** يُروى عن الإمام الشافعي أنه قال: «ما ناظرتُ أحدًا قطُّ إلا أحببتُ أن يُوفَّق ويُسدَّد ويُعان، ويكون عليه رعايةٌ من الله وحفظ، وما ناظرتُ أحدًا إلا ولم أُبالِ بيَّن اللهُ الحقَّ على لساني أو لسانه»[^d227]. وقال يونس بن عبد الأعلى الصدفي: «ما رأيتُ أعقلَ من الشافعي، ناظرتُه يومًا في مسألة، ثم افترقنا، ولقيني، فأخذ بيدي، ثم قال: يا أبا موسى، ألا يستقيم أن نكون إخوانًا وإن لم نتفق في مسألة»[^d228].	يحتاج إلى تحقق — طوبق على المطبوع (الدفعة D2): قول الشافعي عند أبي نعيم «لم أبال» لا «تمنّى»، وخبر يونس بلفظه	1
المجلد-السادس/الباب-السادس/ف06-أ-المدخل-والدرس-الأول.md	93	أما العبارة السائرة «رأيي صواب يحتمل الخطأ، ورأي غيري خطأ يحتمل الصواب» فنسبتها إلى بعض الأئمة تحتاج إلى تحقق *[يحتاج إلى تحقق من المصدر]*، فنأخذ معناها ولا ننسبها. وهذا من أدب الاختلاف نفسه: ألا تحتج بقول لم تتحقق من قائله.	أما العبارة السائرة «رأيي صواب يحتمل الخطأ، ورأي غيري خطأ يحتمل الصواب» فلا تثبت نسبتها إلى إمام بعينه، وأصلها قاعدة يذكرها الفقهاء بلفظ: «مذهبنا صوابٌ يحتمل الخطأ، ومذهبُ مخالفنا خطأٌ يحتمل الصواب»[^d229]، فنأخذ معناها ولا ننسبها. وهذا من أدب الاختلاف نفسه: ألا تحتج بقول لم تتحقق من قائله.	يحتاج إلى تحقق — طوبق على المطبوع (الدفعة D2): لم تثبت النسبة؛ وأصل العبارة قاعدة فقهية	1
المجلد-الثامن/الباب-الثامن/ف04-أ-المدخل-ومجلس-القسم.md	56	ومن أشهر ما يُروى في أدب المناظرة العلمية عن الإمام الشافعي رحمه الله قوله: «ما ناظرتُ أحدًا إلا أحببتُ أن يظهر الحقُّ على يديه» *[يحتاج إلى تحقق من الصفحة والمصدر]*. ويُستفاد من هذا القول أن غاية المناقشة العلمية ظهور الصواب لا انتصار المتكلم على محاوره؛ فمن جعل هذه غايته لم يجزع من اعتراض، ولم يتعصب لرأي أخطأ فيه.	ومن أشهر ما يُروى في أدب المناظرة العلمية عن الإمام الشافعي رحمه الله قوله: «ما ناظرتُ أحدًا قطُّ على الغَلَبة، ووددتُ إذا ناظرتُ أحدًا أن يظهر الحقُّ على يديه»[^d308]. ويُستفاد من هذا القول أن غاية المناقشة العلمية ظهور الصواب لا انتصار المتكلم على محاوره؛ فمن جعل هذه غايته لم يجزع من اعتراض، ولم يتعصب لرأي أخطأ فيه.	يحتاج إلى تحقق — طوبق على المطبوع (الدفعة D2): اللفظ المتداول مركّب من روايتين؛ أُثبت لفظ النووي	1
المجلد-الثامن/الباب-الثامن/ف02-أ-إظهار-العلم-ومخاطبة-الكبير.md	59	ومن كلام أهل العلم في أدب الاختلاف ما يُروى عن الإمام الشافعي رحمه الله: «رأيي صواب يحتمل الخطأ، ورأي غيري خطأ يحتمل الصواب.» *[يحتاج إلى تحقق من المصدر]* ومعنى هذا أن صاحب الرأي القوي في مجلس العلماء يعرضه معروضًا لا مفروضًا، فيبقى بابُ المراجعة مفتوحًا له ولغيره.	ومن كلام أهل العلم في أدب الاختلاف قاعدةٌ تناقلها الفقهاء: «مذهبنا صوابٌ يحتمل الخطأ، ومذهبُ مخالفنا خطأٌ يحتمل الصواب»، وتشيع على الألسنة منسوبةً إلى الإمام الشافعي بلفظ «رأيي… ورأي غيري»، ولا تثبت نسبتها إليه[^d304]. ومعنى هذا أن صاحب الرأي القوي في مجلس العلماء يعرضه معروضًا لا مفروضًا، فيبقى بابُ المراجعة مفتوحًا له ولغيره.	يحتاج إلى تحقق — طوبق على المطبوع (الدفعة D2): نسبة العبارة إلى الشافعي لا تثبت	1
المجلد-السابع/الباب-السابع/ف02-ب-الجواب-الدرس-الثاني.md	120	ويُروى عن الإمام مالك أنه سُئل عن مسائل كثيرة في مجلس واحد، فقال في أكثرها: «لا أدري». *[يحتاج إلى تحقق من المصدر]*	وقال الهيثم بن جميل: «سمعتُ مالكًا سُئل عن ثمانٍ وأربعين مسألة، فأجاب في اثنتين وثلاثين منها بـ: لا أدري»[^d263].	يحتاج إلى تحقق — طوبق على المطبوع (الدفعة D2): الخبر بلفظه وعدده	1
المجلد-العاشر/الباب-الحادي-عشر/ف03-ب-الدرس-الثاني.md	25	يُروى عن الإمام مالك بن أنس أنه كان كثيرًا ما يُسأل عن المسألة فيقول: «لا أدري»، مع سعة علمه وإمامته في الفقه والحديث. *[يحتاج إلى تحقق من المصدر]* وقد عُدّ هذا من كمال علمه لا من نقصه، إذ عرف حدود ما يعلمه يقينًا فلم يتجاوزه. ويُستفاد من ذلك أن قول «لا أعلم» فيما لا يُعلم ليس ضعفًا في العالم ولا في الضيف، بل من أمارات الثقة الحقيقية بالنفس؛ بخلاف من يخترع جوابًا خشية أن يظهر عجزه أمام الناس. وهذا هو الجواب نفسه الذي وقف عنده موسى عليه السلام في مدخل الفصل: جملة واحدة صادقة، لا تفصيلًا مصطنعًا.	قال عبد الله بن وهب عن الإمام مالك بن أنس: «وكنتُ أسمعه كثيرًا ما يقول: لا أدري»[^d364]، مع سعة علمه وإمامته في الفقه والحديث. وقد عُدّ هذا من كمال علمه لا من نقصه، إذ عرف حدود ما يعلمه يقينًا فلم يتجاوزه. ويُستفاد من ذلك أن قول «لا أعلم» فيما لا يُعلم ليس ضعفًا في العالم ولا في الضيف، بل من أمارات الثقة الحقيقية بالنفس؛ بخلاف من يخترع جوابًا خشية أن يظهر عجزه أمام الناس. وهذا هو الجواب نفسه الذي وقف عنده موسى عليه السلام في مدخل الفصل: جملة واحدة صادقة، لا تفصيلًا مصطنعًا.	يحتاج إلى تحقق — طوبق على المطبوع (الدفعة D2)	1
المجلد-السادس/الباب-السادس/ف06-ب-الدرس-الثاني.md	118	وقد ذكر من صنّفوا في أدب العالم والمتعلم، كابن جماعة في «تذكرة السامع والمتكلم»، ما معناه أن الطالب إذا رأى من شيخه ما يخالف الصواب نبّهه بلطف وتعريض، لا بمجاهرة تُحرجه أمام الناس *[يحتاج إلى تحقق من المصدر]*. وسيفصّل الباب الثامن (المجلد الثامن) أدب الاعتراض في مجلس العلم.	وقد ذكر من صنّفوا في أدب العالم والمتعلم، كابن جماعة في «تذكرة السامع والمتكلم»، أن الطالب إذا رأى من شيخه ما يخالف الصواب نبّهه بلطف، كأن يأتي بالصواب على سبيل الاستفهام، ولا يقول: «بل هي كذا»، فإن لم يرجع الشيخ ترك تحقيقها إلى مجلس آخر[^d232]. وسيفصّل الباب الثامن (المجلد الثامن) أدب الاعتراض في مجلس العلم.	يحتاج إلى تحقق — طوبق على المطبوع (الدفعة D2): «أمام الناس» ليست في المطبوع؛ أُثبت ما فيه	1
المجلد-السابع/الباب-السابع/ف01-ب-السؤال-الدرس-الثاني.md	128	وذكر ابن جماعة في آداب طالب العلم مع شيخه ما حاصله: ألا يسأله في غير موضع السؤال، ولا حين يراه مشغول القلب أو متعبًا أو مستعجلًا، وأن يتلطف في سؤاله، ولا يستحيي مع ذلك من السؤال عمّا أشكل عليه. *[ابن جماعة، تذكرة السامع والمتكلم؛ يحتاج إلى تحقق من المصدر]*	وذكر ابن جماعة في آداب طالب العلم مع شيخه ما حاصله: ألا يسأله عن شيء في غير موضعه، ولا يقرأ عليه عند شغل قلبه أو ملله أو تعبه أو استيفازه، وأن يسأل بتلطف وحسن خطاب، ولا يستحيي مع ذلك من السؤال عمّا أشكل عليه[^d256].	يحتاج إلى تحقق — طوبق على المطبوع (الدفعة D2): شغل القلب والتعب في المطبوع للقراءة على الشيخ لا للسؤال	1
المجلد-الثامن/الباب-الثامن/ف01-أ-المدخل-والدخول-والجلوس.md	83	وقد جمع بدر الدين ابن جماعة في كتابه «تذكرة السامع والمتكلم في أدب العالم والمتعلم» آداب المتعلم مع شيخه وفي درسه، ورتبها ترتيبًا عمليًّا. ومن حاصل ما ذكره: أن يدخل المتعلم المجلس بسكينة، ويسلّم على الحاضرين ويخص الشيخ بالتحية، وألا يتخطى رقاب الجالسين ولا يجلس وسط الحلقة، وأن يجلس بين يدي الشيخ جلسة المتأدب، مقبلًا عليه، غير ملتفت ولا عابث. ومنه ألا يسبق الشيخ إلى شرح مسألة أو جواب سؤال، وألا يُظهر أنه يعرف ما يشرحه الشيخ، وأن يسأل في وقت السؤال بتلطف، ولا يسأل في غير موضعه، ولا يُكثر إذا رأى الشيخ متعبًا أو مشغولًا. *[يحتاج إلى تحقق من الصفحة]*	وقد جمع بدر الدين ابن جماعة في كتابه «تذكرة السامع والمتكلم في أدب العالم والمتعلم» آداب المتعلم مع شيخه وفي درسه، ورتبها ترتيبًا عمليًّا. ومن حاصل ما ذكره: أن يدخل المتعلم على شيخه كامل الهيئة، ويسلّم على الحاضرين ويخص الشيخ بزيادة تحية، وألا يتخطى رقاب الجالسين بل يجلس حيث انتهى به المجلس، ولا يجلس وسط الحلقة، وأن يجلس بين يدي الشيخ جلسة المتأدب، مقبلًا عليه، غير ملتفت ولا عابث. ومنه ألا يسبق الشيخ إلى شرح مسألة أو جواب سؤال، وألا يُظهر أنه يعرف ما يشرحه الشيخ، وأن يسأل بتلطف، ولا يسأل عن شيء في غير موضعه، ولا يقرأ عليه إذا رآه متعبًا أو مشغول القلب[^d293].	يحتاج إلى تحقق — طوبق على المطبوع (الدفعة D2): «بسكينة» ليست في المطبوع («كامل الهيئة»)، والتعب والشغل للقراءة	1
المجلد-الثامن/الباب-الثامن/ف01-أ-المدخل-والدخول-والجلوس.md	85	وذكر ابن جماعة وغيره من المصنفين في هذا الباب أن المتعلم إذا سمع الشيخ يذكر شيئًا يعرفه أنصت له إنصات من يسمعه أول مرة. ويُروى في هذا المعنى عن عطاء بن أبي رباح أنه كان يسمع الحديث من الرجل فينصت له كأنه لم يسمعه قط، وقد سمعه قبل ذلك. *[يحتاج إلى تحقق من المصدر واللفظ]*	وذكر ابن جماعة وغيره من المصنفين في هذا الباب أن المتعلم إذا سمع الشيخ يذكر شيئًا يعرفه أنصت له إنصات من يسمعه أول مرة. ويُروى في هذا المعنى عن عطاء بن أبي رباح قوله: «إني لأسمع الحديث من الرجل وأنا أعلم به منه، فأُريه من نفسي أني لا أُحسن منه شيئًا»، وقوله: «إن الشابَّ ليتحدث بحديث فأسمع له كأني لم أسمعه، ولقد سمعتُه قبل أن يولد»[^d294].	يحتاج إلى تحقق — طوبق على المطبوع (الدفعة D2): خبران لعطاء بلفظهما، وفي الثاني «قبل أن يولد»	1
المجلد-الثامن/الباب-الثامن/ف01-أ-المدخل-والدخول-والجلوس.md	93	وقد جمع ابن عبد البر في «جامع بيان العلم وفضله» آثارًا كثيرة في أدب السؤال والاستماع ومجالسة العلماء، ومن معانيها المتكررة أن حسن الاستماع جزء من العلم، وأن السؤال الحسن يفتح من العلم ما لا يفتحه الصمت. *[يحتاج إلى تحقق من المصدر]*	وقد جمع ابن عبد البر في «جامع بيان العلم وفضله» آثارًا كثيرة في أدب السؤال والاستماع ومجالسة العلماء، ومن معانيها المتكررة أن حسن الاستماع جزء من العلم، وأن السؤال الحسن يفتح من العلم ما لا يفتحه الصمت[^d297].	يحتاج إلى تحقق — طوبق على المطبوع (الدفعة D2)	1
المجلد-الثامن/الباب-التاسع/ف02-أ-المدخل-وبناء-المحاضرة.md	73	وفي تراث أدب العالم والمتعلم عناية بمقدار المجلس. ومعنى كلام ابن جماعة في «تذكرة السامع والمتكلم» أن المدرّس لا يطيل مجلسه إطالة تُملّ الطلاب، ولا يقصّره تقصيرًا يُخلّ بما يحتاجون إليه، ويراعي في ذلك مصلحتهم. *[يحتاج إلى تحقق من المصدر]*	وفي تراث أدب العالم والمتعلم عناية بمقدار المجلس. قال ابن جماعة في «تذكرة السامع والمتكلم»: «وينبغي أن لا يطيل الدرس تطويلًا يُمِلّ، ولا يقصِّره تقصيرًا يُخِلّ، ويراعي في ذلك مصلحة الحاضرين»[^d320].	يحتاج إلى تحقق — طوبق على المطبوع (الدفعة D2): نُقل لفظه	1
المجلد-الرابع/الباب-الرابع/ف02-أ-المدخل-والدرس-الأول.md	196	> **تنبيه:** يُستشهد كثيرًا على الافتتاح بالبسملة بحديث «كلُّ أمرٍ ذي بالٍ لا يُبدأ فيه ببسم الله فهو أقطع»، وفي ثبوته كلام معروف عند أهل الحديث، وضعّفه كثير منهم *[يحتاج إلى تحقق من المصدر]*. فلا تستشهد به على المنبر وأنت لا تعرف حاله. ويكفي في الابتداء بالبسملة افتتاح سور القرآن بها، وافتتاح رسائل النبي ﷺ بها كما رأيت في رسالته إلى هرقل.	> **تنبيه:** يُستشهد كثيرًا على الافتتاح بالبسملة بحديث «كلُّ أمرٍ ذي بالٍ لا يُبدأ فيه ببسم الله الرحمن الرحيم فهو أبتر»، وهو بهذا اللفظ ضعيف جدًّا عند أهل الحديث، والمشهور فيه لفظ «بحمد الله… أقطع»، وهو ضعيف أيضًا، والصحيح فيه الإرسال[^h120]. فلا تستشهد به على المنبر وأنت لا تعرف حاله. ويكفي في الابتداء بالبسملة افتتاح سور القرآن بها، وافتتاح رسائل النبي ﷺ بها كما رأيت في رسالته إلى هرقل.	يحتاج إلى تحقق — طوبق على المطبوع (الدفعة H3): لفظ البسملة «أبتر» في المطبوع، والحكم كما في الإرواء	1
المجلد-الثاني/الباب-الثاني/ف03-أ-المدخل-والأصوات-الخمسة.md	65	> **تنبيه:** يتداول بعض الخطباء عبارة «أنا أفصح من نطق بالضاد» على أنها حديث نبوي. وقد نصّ علماء الحديث على أنها لا أصل لها بهذا اللفظ، وإن كان معناها صحيحًا. *[يحتاج إلى تحقق من المصدر]* فمن أراد أن يستشهد في فصاحة النبي ﷺ فليأخذ من الثابت، ولا ينسب إليه ﷺ ما لم يثبت.	> **تنبيه:** يتداول بعض الخطباء عبارة «أنا أفصح من نطق بالضاد» على أنها حديث نبوي. وقد نصّ علماء الحديث على أنها لا أصل لها، وإن كان معناها صحيحًا[^h20]. فمن أراد أن يستشهد في فصاحة النبي ﷺ فليأخذ من الثابت، ولا ينسب إليه ﷺ ما لم يثبت.	يحتاج إلى تحقق — طوبق على المطبوع (الدفعة H3): «بهذا اللفظ» ليست في المطبوع	1
المجلد-السادس/الباب-السادس/ف02-على-قدر-العقول.md	83	> **تنبيه:** تشتهر على الألسنة عبارة «خاطبوا الناس على قدر عقولهم» منسوبةً إلى النبي ﷺ حديثًا مرفوعًا. ولم تثبت بهذا اللفظ عنه ﷺ فيما قرره أهل الحديث *[يحتاج إلى تحقق من المصدر]*. فإذا أردت المعنى فاستدل بالثابت: بأثر علي في صحيح البخاري، وبأثر ابن مسعود في مقدمة صحيح مسلم، ولا تقل: «قال رسول الله ﷺ: خاطبوا الناس على قدر عقولهم».	> **تنبيه:** تشتهر على الألسنة عبارة «خاطبوا الناس على قدر عقولهم» منسوبةً إلى النبي ﷺ حديثًا مرفوعًا. ويُروى نحوها بلفظ «أُمِرنا أن نكلّم الناس على قدر عقولهم»، ولم يثبت ذلك عنه ﷺ فيما قرره أهل الحديث[^h194]. فإذا أردت المعنى فاستدل بالثابت: بأثر علي في صحيح البخاري، وبأثر ابن مسعود في مقدمة صحيح مسلم، ولا تقل: «قال رسول الله ﷺ: خاطبوا الناس على قدر عقولهم».	يحتاج إلى تحقق — طوبق على المطبوع (الدفعة H3): الأمر بلفظ «خاطبوا» ليس مدخلًا عند السخاوي؛ أُثبت اللفظ المروي	1
المجلد-الثامن/الباب-التاسع/ف01-ج-التطبيق-والتقويم.md	60	- **س١٤:** «اختلاف أمتي رحمة» عبارة لا يُعرف لها إسناد عند أهل الحديث، فنسبتها إلى النبي ﷺ على المنبر خطأ في الأمانة قبل أن يكون خطأ في المعلومة. *[يحتاج إلى تحقق من المصدر: أقوال المحدثين فيها]*	- **س١٤:** «اختلاف أمتي رحمة» عبارة لا يُعرف لها إسناد عند أهل الحديث، فنسبتها إلى النبي ﷺ على المنبر خطأ في الأمانة قبل أن يكون خطأ في المعلومة[^h318].	يحتاج إلى تحقق — طوبق على المطبوع (الدفعة H3)	1
المجلد-السادس/الباب-السادس/ف05-ب-الدرس-الثاني.md	29	وأما عبارة «تقبل الله منا ومنكم» في العيد، فهي مما يُروى عن بعض الصحابة أنهم كانوا يتبادلونها يوم العيد، وليست حديثًا مرفوعًا إلى النبي ﷺ *[يحتاج إلى تحقق من الإسناد]*، وهي مع ذلك عبارة حسنة متوارثة يصح استعمالها بهذا القيد.	وأما عبارة «تقبّل الله منا ومنك» في العيد، فهي مما يُروى بإسناد حسن عن الصحابة أنهم كانوا يتبادلونها يوم العيد، وليست حديثًا مرفوعًا إلى النبي ﷺ[^h220]، وهي مع ذلك عبارة حسنة متوارثة يصح استعمالها بهذا القيد.	يحتاج إلى تحقق — طوبق على المطبوع (الدفعة H3): اللفظ المطبوع «منا ومنك»، والإسناد حسّنه ابن حجر	1
المجلد-السادس/الباب-السادس/ف06-ج-التطبيق-والتقويم.md	69	قبل الدرس: كان إسماعيل قد قرأ الكلام على هذا اللفظ في كتاب من كتب الأحاديث المشتهرة على الألسنة، وهو «المقاصد الحسنة» للسخاوي *[يحتاج إلى تحقق من الموضع]*. وضُبطت أواخر الكلمات للأداء.	قبل الدرس: كان إسماعيل قد قرأ الكلام على هذا اللفظ في كتاب من كتب الأحاديث المشتهرة على الألسنة، وهو «المقاصد الحسنة» للسخاوي[^h233]. وضُبطت أواخر الكلمات للأداء.	يحتاج إلى تحقق — طوبق على المطبوع (الدفعة H3)	1
المجلد-الثاني/الباب-الثاني/ف01-أ-المدخل-والمخارج.md	62	حين وضع الخليل بن أحمد الفراهيدي معجمه «العين»، لم يرتّب الحروف على ترتيب «أ ب ت ث» المعروف، بل رتّبها بحسب مخارجها: من أعمقها في الحلق إلى الشفتين. وبدأ بالعين لأنها عنده أعمق الحروف الثابتة مخرجًا، فسُمّي المعجم باسمها. ويُروى في مقدمة الكتاب أنه كان «يذوق» الحرف ليعرف موضعه: يفتح فاه بألف ثم يُظهر الحرف ساكنًا، نحو: «أَبْ، أَتْ، أَحْ، أَعْ، أَغْ». *[الخليل بن أحمد، كتاب العين، المقدمة؛ يحتاج إلى تحقق من الصفحة]*	حين وضع الخليل بن أحمد الفراهيدي معجمه «العين»، لم يرتّب الحروف على ترتيب «أ ب ت ث» المعروف، بل رتّبها بحسب مخارجها: من أعمقها في الحلق إلى الشفتين. وبدأ بالعين لأنها عنده أعمق الحروف الثابتة مخرجًا، فسُمّي المعجم باسمها. ويُروى في مقدمة الكتاب أنه كان «يذوق» الحروف ليعرف مواضعها: «يفتحُ فاهُ بالألفِ ثم يُظهِرُ الحرفَ، نحو: ابْ، اتْ، احْ، اعْ، اغْ»، فوجد العين «أدخلَ الحروفِ في الحلق»[^p3].	يحتاج إلى تحقق — طوبق على المطبوع (الدفعة P): الأمثلة بلا همز في المطبوع، و«ساكنًا» ليست من لفظه	1
المجلد-الثاني/الباب-الثاني/ف01-أ-المدخل-والمخارج.md	64	ثم جاء سيبويه فجعل لحروف العربية ستة عشر مخرجًا، ووصف كل مخرج بعضو النطق الذي يصنعه. *[سيبويه، الكتاب، تحقيق عبد السلام هارون، ج٤، باب الإدغام؛ يحتاج إلى تحقق من الصفحة]* وعدّها ابن الجزري سبعة عشر، فقال في منظومته في التجويد:	ثم جاء سيبويه فقال: «ولحروف العربية ستةَ عشرَ مَخْرَجًا»، ووصف كل مخرج بعضو النطق الذي يصنعه[^p4]. وعدّها ابن الجزري سبعة عشر، فقال في منظومته في التجويد:	يحتاج إلى تحقق — طوبق على المطبوع (الدفعة P)	1
المجلد-الثاني/الباب-الثاني/ف01-أ-المدخل-والمخارج.md	66	«مَخَارِجُ الحُرُوفِ سَبْعَةَ عَشَرْ ... عَلَى الَّذِي يَخْتَارُهُ مَنِ اخْتَبَرْ» *(ابن الجزري، المقدمة الجزرية)*	«مَخَارِجُ الحُرُوفِ سَبْعَةَ عَشَرْ ... عَلَى الَّذِي يَخْتَارُهُ مَنِ اخْتَبَرْ»[^p4b]	يحتاج إلى تحقق — طوبق على المطبوع (الدفعة P): الإحالة إلى البيت والصفحة	1
المجلد-الثاني/الباب-الثاني/ف02-أ-المدخل-والصفات.md	61	قرر سيبويه أن الإطباق وحده هو ما يفصل أربعة حروف عن نظائرها، فقال: «ولولا الإطباقُ لصارت الطاءُ دالًا، والصادُ سينًا، والظاءُ ذالًا، ولخرجت الضادُ من الكلام، لأنه ليس شيءٌ من موضعها غيرُها». *[سيبويه، الكتاب، تحقيق عبد السلام هارون، ج٤، باب الإدغام؛ يحتاج إلى تحقق من الصفحة واللفظ]*	قرر سيبويه أن الإطباق وحده هو ما يفصل أربعة حروف عن نظائرها، فقال: «ولولا الإطباقُ لصارت الطاءُ دالًا، والصادُ سينًا، والظاءُ ذالًا، ولخرجت الضادُ من الكلام، لأنه ليس شيءٌ من موضعها غيرُها»[^p12].	يحتاج إلى تحقق — طوبق على المطبوع (الدفعة P)	1
المجلد-الثاني/الباب-الثاني/ف02-أ-المدخل-والصفات.md	67	«مَهْمُوسُهَا فَحَثَّهُ شَخْصٌ سَكَتْ ... شَدِيدُهَا لَفْظُ أَجِدْ قَطٍ بَكَتْ» *(ابن الجزري، المقدمة الجزرية)*	«مَهْمُوسُهَا فَحَثَّهُ شَخْصٌ سَكَتْ ... شَدِيدُهَا لَفْظُ أَجِدْ قَطٍ بَكَتْ»[^p12b]	يحتاج إلى تحقق — طوبق على المطبوع (الدفعة P): الإحالة إلى البيت والصفحة	1
المجلد-الثاني/الباب-الثاني/ف02-أ-المدخل-والصفات.md	121	ومعنى كلام سيبويه في الجهر والهمس أن المجهور حرف قوي الاعتماد في موضعه، يمنع النفَس أن يجري معه حتى ينقضي الاعتماد، وأن المهموس حرف ضعف الاعتماد في موضعه حتى جرى النفَس معه. *[سيبويه، الكتاب، ج٤؛ يحتاج إلى تحقق من المصدر]* وتفسير المحدثين أيسر على المتدرب، لأنه يُختبر باليد.	ومعنى كلام سيبويه في الجهر والهمس أن المجهور حرف «أُشبِع الاعتمادُ في موضعه، ومَنَع النَّفَسَ أن يجري معه حتى ينقضي الاعتماد ويجري الصوت»، وأن المهموس حرف «أُضعِف الاعتمادُ في موضعه حتى جرى النَّفَسُ معه»[^p16]. وتفسير المحدثين أيسر على المتدرب، لأنه يُختبر باليد.	يحتاج إلى تحقق — طوبق على المطبوع (الدفعة P): لفظ سيبويه من المطبوع	1
المجلد-الثاني/الباب-الثاني/ف03-أ-المدخل-والأصوات-الخمسة.md	61	وصف سيبويه مخرج الضاد وصفًا صار أصلًا لمن بعده، فقال: «ومن بين أوّلِ حافةِ اللسان وما يليها من الأضراس مخرجُ الضاد». *[سيبويه، الكتاب، تحقيق عبد السلام هارون، ج٤، باب الإدغام؛ يحتاج إلى تحقق من الصفحة]* وجعل ابن الجزري مخرجها من حافة اللسان إذا وليت الأضراس، من الجهة اليسرى أو اليمنى. *(ابن الجزري، المقدمة الجزرية)*	وصف سيبويه مخرج الضاد وصفًا صار أصلًا لمن بعده، فقال: «ومن بين أوّلِ حافةِ اللسان وما يليها من الأضراس مخرجُ الضاد»[^p18]. وجعل ابن الجزري مخرجها من حافة اللسان إذا وليت الأضراس، من الجهة اليسرى أو اليمنى. *(ابن الجزري، المقدمة الجزرية)*	يحتاج إلى تحقق — طوبق على المطبوع (الدفعة P)	1
المجلد-الثاني/الباب-الثاني/ف03-أ-المدخل-والأصوات-الخمسة.md	61	وصف سيبويه مخرج الضاد وصفًا صار أصلًا لمن بعده، فقال: «ومن بين أوّلِ حافةِ اللسان وما يليها من الأضراس مخرجُ الضاد»[^p18]. وجعل ابن الجزري مخرجها من حافة اللسان إذا وليت الأضراس، من الجهة اليسرى أو اليمنى. *(ابن الجزري، المقدمة الجزرية)*	وصف سيبويه مخرج الضاد وصفًا صار أصلًا لمن بعده، فقال: «ومن بين أوّلِ حافةِ اللسان وما يليها من الأضراس مخرجُ الضاد»[^p18]. وجعل ابن الجزري مخرجها من حافة اللسان إذا وليت الأضراس، من الجهة اليسرى أو اليمنى[^p18b].	يحتاج إلى تحقق — طوبق على المطبوع (الدفعة P)	1
المجلد-الثاني/الباب-الثاني/ف04-أ-المدخل-والأزواج.md	59	جعل سيبويه الصاد والسين والزاي بابًا واحدًا، فقال: «ومنها حروف الصفير، وهي: الزاي، والسين، والصاد». *[سيبويه، الكتاب، تحقيق عبد السلام هارون؛ يحتاج إلى تحقق من الصفحة]* فهذه الأصوات الثلاثة يجمعها صوت يشبه الصفير يصاحب خروج الهواء من مجرى ضيق بين طرف اللسان والثنايا السفلى. ويُستفاد من هذا التصنيف القديم أن العربي نفسه أدرك منذ القدم قرابة هذه الأصوات وسهولة التباسها، فبنى عليها بابًا في وصف اللغة.	جعل سيبويه الصاد والسين والزاي من مخرج واحد، فقال: «ومما بين طرف اللسان وفُوَيْقَ الثنايا مَخْرَجُ الزاي، والسين، والصاد»، وسمّاها حروف الصفير، فقال: «لأنهنّ حروفُ الصفير، وهنّ أندى في السمع»[^p25]. فهذه الأصوات الثلاثة يجمعها صوت يشبه الصفير يصاحب خروج الهواء من مجرى ضيق بين طرف اللسان والثنايا. ويُستفاد من هذا التصنيف القديم أن العربي نفسه أدرك منذ القدم قرابة هذه الأصوات وسهولة التباسها، فبنى عليها بابًا في وصف اللغة.	يحتاج إلى تحقق — طوبق على المطبوع (الدفعة P): العبارة المنسوبة ليست في الكتاب؛ أُثبت لفظه في المخرج والتسمية	1
المجلد-الثاني/الباب-الثاني/ف05-أ-المدخل-وأصوات-الحلق.md	59	قسّم علماء التجويد والأصوات، ومنهم ابن الجزري في مقدمته المشهورة، الحلق إلى ثلاث مناطق: أقصاه مما يلي الصدر، وله الهمزة والهاء؛ ثم وسطه، وله العين والحاء؛ ثم أدناه مما يلي الفم، وله الغين والخاء. *[ابن الجزري، المقدمة الجزرية؛ يحتاج إلى تحقق من الصفحة والصياغة الدقيقة]* ثم يلي الحلق من جهة الفم مخرج أقصى اللسان، وفيه القاف مما يحاذي اللهاة، ثم الكاف أسفل منه قليلًا مما يحاذي الحنك الأعلى.	قسّم علماء العربية والتجويد، ومنهم ابن الجزري في مقدمته المشهورة، الحلق إلى ثلاث مناطق: أقصاه، وهو مما يلي الصدر، وله الهمزة والهاء؛ ثم وسطه، وله العين والحاء؛ ثم أدناه، وهو مما يلي الفم، وله الغين والخاء[^p28]. ثم يلي الحلق من جهة الفم مخرج أقصى اللسان، وفيه القاف مما يحاذي اللهاة، ثم الكاف أسفل منه قليلًا مما يحاذي الحنك الأعلى.	يحتاج إلى تحقق — طوبق على المطبوع (الدفعة P): التحديد «مما يلي الصدر/الفم» شرح لا لفظ الناظم	1
المجلد-الثاني/الباب-الثاني/ف06-أ-المدخل-وحروف-الذلاقة.md	60	سمّى علماء الصرف هذه الأصوات الستة تحديدًا «حروف الذلاقة»: الراء واللام والنون من طرف اللسان، والباء والفاء والميم من الشفتين، وجمعوها في كلمتين سهلتي الحفظ: «مُرْ بِنَفْلٍ». *[علماء الصرف؛ يحتاج إلى تحقق من المصدر الأقدم]* وسُميت بذلك لأن النطق بها أذلق، أي أسهل وأخف على اللسان من غيرها؛ ولذلك قرر الصرفيون أن أكثر الكلمة العربية الرباعية والخماسية الأصول لا يخلو غالبًا من واحد منها على الأقل، لأن الكلمة الطويلة تحتاج إلى صوت خفيف يسهّل نطقها. ونرى أن هذا يفسّر أيضًا لماذا يندر أن يخطئ المتعلم في مخارج هذه الأصوات، وإن أخطأ في بعض صفاتها الدقيقة.	سمّى الخليل بن أحمد هذه الأصوات الستة «الحروف الذُّلْق والشَّفَوية»: الراء واللام والنون تخرج «من ذَلْق اللسان»، والفاء والباء والميم «من بين الشفتين خاصة»؛ ثم سُمّيت «حروف الذلاقة»، وجمعها المتأخرون في كلمتين سهلتي الحفظ: «مُرْ بِنَفْلٍ». وهي أذلق، أي أسهل وأخف على اللسان من غيرها؛ ولذلك قرر الخليل أنها «كَثُرَت في أبنية الكلام، فليس شيءٌ من بناء الخماسيّ التامّ يَعرى منها أو من بعضها»[^p34]، لأن الكلمة الطويلة تحتاج إلى صوت خفيف يسهّل نطقها. ونرى أن هذا يفسّر أيضًا لماذا يندر أن يخطئ المتعلم في مخارج هذه الأصوات، وإن أخطأ في بعض صفاتها الدقيقة.	يحتاج إلى تحقق — خطأ في النسبة (الدفعة P): التسمية والحكم للخليل في «العين» لا لعلماء الصرف	1
المجلد-الثاني/الباب-الثاني/ف07-أ-المدخل-والدرسان.md	66	«وَحَرْفَ الِاسْتِعْلاءِ فَخِّمْ وَاخْصُصَا ... الِاطْباقَ أَقْوى نَحْوُ قالَ وَالعَصا» *[ابن الجزري، المقدمة الجزرية؛ يحتاج إلى تحقق من الصفحة]*	«وَحَرْفَ الِاسْتِعْلاءِ فَخِّمْ وَاخْصُصَا ... الِاطْباقَ أَقْوى نَحْوُ قالَ وَالعَصا»[^p39]	يحتاج إلى تحقق — طوبق على المطبوع (الدفعة P)	1
المجلد-الثاني/الباب-الثاني/ف07-أ-المدخل-والدرسان.md	70	«وَفَخِّمِ اللّامَ مِنِ اسْمِ اللهِ ... عَنْ فَتْحٍ اوْ ضَمٍّ كَعَبْدُ اللهِ» *[ابن الجزري، المقدمة الجزرية؛ يحتاج إلى تحقق من الصفحة]*	«وَفَخِّمِ اللّامَ مِنِ اسْمِ اللهِ ... عَنْ فَتْحٍ اوْ ضَمٍّ كَعَبْدُ اللهِ»[^p40]	يحتاج إلى تحقق — طوبق على المطبوع (الدفعة P)	1
المجلد-الثاني/الباب-الثاني/ف07-أ-المدخل-والدرسان.md	74	«وَرَقِّقِ الرّاءَ إِذا ما كُسِرَتْ ... كَذاكَ بَعْدَ الكَسْرِ حَيْثُ سَكَنَتْ» *[ابن الجزري، المقدمة الجزرية؛ يحتاج إلى تحقق من الصفحة]*	«وَرَقِّقِ الرّاءَ إِذا ما كُسِرَتْ ... كَذاكَ بَعْدَ الكَسْرِ حَيْثُ سَكَنَتْ»[^p41]	يحتاج إلى تحقق — طوبق على المطبوع (الدفعة P)	1
المجلد-الثاني/الباب-الثاني/ف07-أ-المدخل-والدرسان.md	78	وفي «الكتاب» لسيبويه ما يدل على أن العدوى بين الحروف المتجاورة عرفتها العربية نفسها؛ ومعنى كلامه أن من العرب من يقلب السين صادًا إذا جاء بعدها في الكلمة حرف مستعلٍ كالقاف والطاء، ليعمل اللسان عملًا واحدًا *[يحتاج إلى تحقق من المصدر]*. ويُستفاد من ذلك أن ما استقر في كلمة بعينها، كالطاء في «اصْطَبَرَ»، يُنطق كما استقر، وما لم يستقر يبقى على أصله: فلا تقلب السين صادًا من عندك لأن بعدها طاءً أو قافًا.	وفي «الكتاب» لسيبويه ما يدل على أن العدوى بين الحروف المتجاورة عرفتها العربية نفسها؛ ومعنى كلامه أن بعض العرب يقلب السين صادًا إذا جاء بعدها في الكلمة قافٌ أو خاءٌ أو غينٌ أو طاء، «ليكون العملُ من وجهٍ واحد»، ونصّ على أن ترك السين على حالها هو «الأعربُ الأكثرُ الأجود»[^p43]. ويُستفاد من ذلك أن ما استقر في كلمة بعينها، كالطاء في «اصْطَبَرَ»، يُنطق كما استقر، وما لم يستقر يبقى على أصله: فلا تقلب السين صادًا من عندك لأن بعدها طاءً أو قافًا.	يحتاج إلى تحقق — طوبق على المطبوع (الدفعة P): الحروف كما عدّها سيبويه، ولفظه في العلة	1
المجلد-الثاني/الباب-الثاني/ف08-أ-المدخل-والدرسان.md	62	يُروى أن أبا الأسود الدؤلي لما وضع نقط الإعراب في المصحف، جعل علامتها صورة الفم: فإذا فتح القارئ فمه بالحرف وُضعت نقطة فوقه، وإذا ضمّ شفتيه وُضعت أمامه، وإذا كسر وُضعت تحته. ومن هنا جاءت أسماء الحركات: الفتحة، والضمة، والكسرة. *[يحتاج إلى تحقق من المصدر]* ففي أسمائها وصف لحركة الفم نفسه، لا لشكل العلامة.	يُروى أن أبا الأسود الدؤلي لما وضع نقط الإعراب في المصحف جعل علامتها تبعًا لحركة فمه، فقال لكاتبه: «فإذا فتحتُ شفتيَّ فانقُطْ واحدةً فوق الحرف، وإذا ضممتُها فاجعل النقطة إلى جانب الحرف، وإذا كسرتُها فاجعل النقطة في أسفله»[^p48]. وفي هذه الأفعال نفسها، فتحتُ وضممتُ وكسرتُ، ما يناسب أسماء الحركات التي استقرت بعدُ: الفتحة والضمة والكسرة؛ ففي أسمائها وصف لحركة الفم نفسه، لا لشكل العلامة.	يحتاج إلى تحقق — لم يثبت أن أسماء الحركات من هذا الخبر (الدفعة P): نُقل الخبر بلفظه، وجُعلت المناسبة من كلام المؤلف	1
المجلد-الثاني/الباب-الثاني/ف08-أ-المدخل-والدرسان.md	64	وقرر ابن جني أن «الحركات أبعاض حروف المد واللين»، ومعنى كلامه أن الفتحة بعض الألف، والكسرة بعض الياء، والضمة بعض الواو؛ فإذا طالت الفتحة صارت ألفًا، وإذا قصرت الألف صارت فتحة. *[ابن جني، سر صناعة الإعراب؛ يحتاج إلى تحقق من الصفحة]*	وقرر ابن جني أن «الحركات أبعاض حروف المد واللين»، ومعنى كلامه أن الفتحة بعض الألف، والكسرة بعض الياء، والضمة بعض الواو؛ فإذا طالت الفتحة صارت ألفًا، وإذا قصرت الألف صارت فتحة[^p49].	يحتاج إلى تحقق — طوبق على المطبوع (الدفعة P)	1
المجلد-الثاني/الباب-الثاني/ف09-أ-المدخل-والدرسان.md	59	ذكر علماء اللغة القدماء أن قبائل العرب تفاوتت في نطق الهمزة: فتميم وقيس وأهل نجد يحققونها في كل موضع، وأهل الحجاز يميلون إلى تخفيفها، إبدالًا بحرف من جنس الحركة التي قبلها أو حذفًا في مواضع معلومة. ويُعرف هذا في كتب اللغة بـ«تحقيق الهمزة» و«تخفيف الهمزة». *[يحتاج إلى تحقق من المصدر]*	ذكر سيبويه أن قبائل العرب تفاوتت في نطق الهمزة: فبنو تميم يحققونها، وأهل الحجاز يخففونها، فيجعلونها «بين بين»، أو يبدلونها حرفًا من جنس حركة ما قبلها، أو يحذفونها في مواضع معلومة. ويُعرف هذا في كتب اللغة بـ«تحقيق الهمزة» و«تخفيف الهمزة»[^p51].	يحتاج إلى تحقق — طوبق على المطبوع (الدفعة P): سيبويه يذكر تميمًا وحدها، ولا يقول «في كل موضع»، والتخفيف عنده يشمل «بين بين»	1
المجلد-الثاني/الباب-الثاني/ف10-أ-المدخل-والدرسان.md	55	أفرد علماء التجويد للوقف والابتداء علمًا مستقلًّا بمصنفات كاملة، من أشهرها «الإيضاح في الوقف والابتداء» لابن الأنباري، وما وُضع من رموز الوقف المعروفة في كثير من نسخ المصحف. *[يحتاج إلى تحقق من المصدر]*	أفرد علماء التجويد للوقف والابتداء علمًا مستقلًّا بمصنفات كاملة، من أشهرها «إيضاح الوقف والابتداء في كتاب الله عز وجل» لأبي بكر ابن الأنباري (ت ٣٢٨هـ)[^p53]، ثم ما وُضع من رموز الوقف المعروفة في كثير من نسخ المصحف.	يحتاج إلى تحقق — طوبق على المطبوع (الدفعة P): العنوان كما طُبع، وتعيين المؤلف	1
المجلد-الثالث/الباب-الثالث/ف01-أ-الاسمية-والفعلية.md	62	قال سيبويه في حديثه عن تقديم المفعول على الفاعل: «كأنّهم إنّما يقدّمون الذي بيانُه أهمُّ لهم، وهم ببيانه أعنى، وإن كانا جميعًا يُهمّانهم ويَعنيانهم». *[سيبويه، الكتاب، تحقيق عبد السلام هارون، ج١؛ يحتاج إلى تحقق من الصفحة]*	قال سيبويه في حديثه عن تقديم المفعول على الفاعل: «كأنّهم [إنّما] يقدّمون الذي بيانُه أهمُّ لهم، وهم ببيانه أعنى، وإن كانا جميعًا يُهمّانهم ويَعنيانهم»[^p65].	يحتاج إلى تحقق — طوبق على المطبوع (الدفعة P): الزيادة بين معقوفين كما في المطبوع، والخلاف في «أعنى» مذكور في الحاشية	1
المجلد-الخامس/الباب-الخامس/ف07-مخاطبة-الجمهور-العام.md	53	من أشهر ما قيل في مخاطبة العامة أثرٌ عن عليّ بن أبي طالب رضي الله عنه، علّقه الإمام البخاري في صحيحه في كتاب العلم: «حَدِّثُوا النَّاسَ بِمَا يَعْرِفُونَ، أَتُحِبُّونَ أَنْ يُكَذَّبَ اللَّهُ وَرَسُولُهُ؟». والأثر يعلّم أن حمل الناس على ما لا تبلغه عقولهم وخبرتهم، بلا تدرّج ولا مراعاة لمستواهم، قد يورث إنكارًا لا يُراد منه إنكار، بل عجز عن الفهم يُخرَج في صورة إنكار. وهذا في المعنى العام لمراعاة مستوى المخاطَب، لا في مسألة كتمان العلم الواجب بيانه.	من أشهر ما قيل في مخاطبة العامة أثرٌ عن عليّ بن أبي طالب رضي الله عنه، أخرجه الإمام البخاري في صحيحه في كتاب العلم: «حَدِّثُوا النَّاسَ بِمَا يَعْرِفُونَ، أَتُحِبُّونَ أَنْ يُكَذَّبَ اللَّهُ وَرَسُولُهُ؟»[^m5a]. والأثر يعلّم أن حمل الناس على ما لا تبلغه عقولهم وخبرتهم، بلا تدرّج ولا مراعاة لمستواهم، قد يورث إنكارًا لا يُراد منه إنكار، بل عجز عن الفهم يُخرَج في صورة إنكار. وهذا في المعنى العام لمراعاة مستوى المخاطَب، لا في مسألة كتمان العلم الواجب بيانه.	البخاري وصله بإسناده بعد تعليقه (خ ١٢٧، طوبق في المجلد الأول)؛ «علّقه» وحدها لا تصف صنيعه	1
المجلد-الثاني/الباب-الثاني/ف01-أ-المدخل-والمخارج.md	234	> **من علم اللغة الحديث:** *[تحليل حديث]* يسمّي المحدثون الصوت الذي يفرّق بين معنيين «الفونيم» أو «الوحدة الصوتية»، ويستعملون الأزواج الصغرى لإثباته: فما دام تغيير القاف كافًا يغيّر المعنى، فهما في العربية حرفان مستقلان لا نطقان لحرف واحد. وقد فرّق تمام حسان في «اللغة العربية معناها ومبناها» بين الصوت المنطوق فعلًا والحرف الذي يمثّله في النظام. *[يحتاج إلى تحقق من الصفحة]* وفائدة ذلك للمتدرب: الصوتان اللذان يفرّقان بين معنيين في العربية لا يجوز أن يخلط بينهما، ولو كانا في لغته الأولى صوتًا واحدًا.	> **من علم اللغة الحديث:** يسمّي المحدثون الصوت الذي يفرّق بين معنيين «الفونيم» أو «الوحدة الصوتية»، ويستعملون الأزواج الصغرى لإثباته[^m1_9]: فما دام تغيير القاف كافًا يغيّر المعنى، فهما في العربية حرفان مستقلان لا نطقان لحرف واحد. وقد فرّق تمام حسان في «اللغة العربية معناها ومبناها» بين الصوت المنطوق فعلًا والحرف الذي يمثّله في النظام. *[يحتاج إلى تحقق من الصفحة]* وفائدة ذلك للمتدرب: الصوتان اللذان يفرّقان بين معنيين في العربية لا يجوز أن يخلط بينهما، ولو كانا في لغته الأولى صوتًا واحدًا.	تحليل حديث — طوبق على المطبوع (الدفعة M1): الفونيم والتمييز بالكلمتين المختلفتين في صوت واحد عند كمال بشر	1
المجلد-الثاني/الباب-الثاني/ف01-أ-المدخل-والمخارج.md	234	> **من علم اللغة الحديث:** يسمّي المحدثون الصوت الذي يفرّق بين معنيين «الفونيم» أو «الوحدة الصوتية»، ويستعملون الأزواج الصغرى لإثباته[^m1_9]: فما دام تغيير القاف كافًا يغيّر المعنى، فهما في العربية حرفان مستقلان لا نطقان لحرف واحد. وقد فرّق تمام حسان في «اللغة العربية معناها ومبناها» بين الصوت المنطوق فعلًا والحرف الذي يمثّله في النظام. *[يحتاج إلى تحقق من الصفحة]* وفائدة ذلك للمتدرب: الصوتان اللذان يفرّقان بين معنيين في العربية لا يجوز أن يخلط بينهما، ولو كانا في لغته الأولى صوتًا واحدًا.	> **من علم اللغة الحديث:** يسمّي المحدثون الصوت الذي يفرّق بين معنيين «الفونيم» أو «الوحدة الصوتية»، ويستعملون الأزواج الصغرى لإثباته[^m1_9]: فما دام تغيير القاف كافًا يغيّر المعنى، فهما في العربية حرفان مستقلان لا نطقان لحرف واحد. وقد فرّق تمام حسان بين الصوت المنطوق فعلًا والحرف الذي يمثّله في النظام، فالحرف عنده «عنوان على عدد من الأصوات»[^m1_10]. وفائدة ذلك للمتدرب: الصوتان اللذان يفرّقان بين معنيين في العربية لا يجوز أن يخلط بينهما، ولو كانا في لغته الأولى صوتًا واحدًا.	يحتاج إلى تحقق من الصفحة — طوبق على المطبوع (الدفعة M1): الصفحة من طبعة دار الثقافة ١٩٩٤، ولفظ «عنوان على عدد من الأصوات» منها	1
المجلد-الثاني/الباب-الثاني/ف01-أ-المدخل-والمخارج.md	152	> **من علم اللغة الحديث:** *[تحليل حديث]* يسمّي علماء الأصوات المحدثون هذه الأعضاء «أعضاء النطق»، ويقسمونها إلى أعضاء متحركة، كاللسان والشفة السفلى والوترين الصوتيين، وأعضاء ثابتة، كالأسنان والحنك الصلب. والصوت عندهم نتيجة لقاء عضو متحرك بعضو ثابت أو اقترابه منه، فيُحبس الهواء أو يضيق مجراه. ومن المراجع العربية في ذلك: إبراهيم أنيس، «الأصوات اللغوية». وفائدة هذا التقسيم للمتدرب أن الإصلاح يكون دائمًا بتحريك العضو المتحرك: لا تستطيع أن تنقل أسنانك، لكنك تستطيع أن تنقل لسانك.	> **من علم اللغة الحديث:** يسمّي علماء الأصوات المحدثون هذه الأعضاء «أعضاء النطق»، ويقسمها كمال بشر إلى أعضاء متحركة، كاللسان والشفتين والحنك اللين، وأعضاء ثابتة، وهي أكثرها، كالأسنان واللثة والحنك الصلب[^m1_7]. وفي أكثر الأصوات يتحرك عضو متحرك نحو عضو آخر، فيلتقيان فيُحبس الهواء، أو يقتربان فيضيق مجراه. وفائدة هذا التقسيم للمتدرب أن الإصلاح يكون دائمًا بتحريك العضو المتحرك: لا تستطيع أن تنقل أسنانك، لكنك تستطيع أن تنقل لسانك.	تحليل حديث — طوبق على المطبوع (الدفعة M1): التقسيم إلى متحرك وثابت عند كمال بشر لا عند أنيس، وأمثلته من المطبوع، وحُذف تعميم «لقاء متحرك بثابت»	1
المجلد-الثاني/الباب-الثاني/ف02-أ-المدخل-والصفات.md	71	> **فائدة:** بين وصف القدماء والنطق المعاصر. عدّ سيبويه وعلماء التجويد القافَ والطاءَ من الحروف المجهورة، ولذلك قال: «لصارت الطاءُ دالًا» لا تاءً. أما النطق المعاصر المتلقَّى عن القراء والمذيعين فيُسمع فيه الحرفان مهموسين، كما يصفهما علماء الأصوات المحدثون، ومنهم إبراهيم أنيس في «الأصوات اللغوية». *[تحليل حديث؛ يحتاج إلى تحقق من الصفحة]* ولذلك إذا سقط الإطباق من الطاء في النطق المعاصر سُمعت تاءً، كما كتب تلاميذ الأستاذ صالح «التين». وكذلك الهمزة: مجهورة عند القدماء، وليست مجهورة ولا مهموسة عند كثير من المحدثين. والتدريب في هذا الكتاب على النطق المعاصر المعتمد. *[يُعرض على مختص الأصوات]*	> **فائدة:** بين وصف القدماء والنطق المعاصر. عدّ سيبويه وعلماء التجويد القافَ والطاءَ من الحروف المجهورة، ولذلك قال: «لصارت الطاءُ دالًا» لا تاءً. أما النطق المعاصر المتلقَّى عن القراء والمذيعين فيُسمع فيه الحرفان مهموسين، كما يصفهما إبراهيم أنيس وكمال بشر[^m1_14]. ولذلك إذا سقط الإطباق من الطاء في النطق المعاصر سُمعت تاءً، كما كتب تلاميذ الأستاذ صالح «التين». وكذلك الهمزة: مجهورة عند القدماء، وليست مجهورة ولا مهموسة عند كثير من المحدثين. والتدريب في هذا الكتاب على النطق المعاصر المعتمد. *[يُعرض على مختص الأصوات]*	تحليل حديث — طوبق على المطبوع (الدفعة M1): سُمّي المحدثان بدل النسبة الجماعية	1
المجلد-الثاني/الباب-الثاني/ف02-أ-المدخل-والصفات.md	71	> **فائدة:** بين وصف القدماء والنطق المعاصر. عدّ سيبويه وعلماء التجويد القافَ والطاءَ من الحروف المجهورة، ولذلك قال: «لصارت الطاءُ دالًا» لا تاءً. أما النطق المعاصر المتلقَّى عن القراء والمذيعين فيُسمع فيه الحرفان مهموسين، كما يصفهما إبراهيم أنيس وكمال بشر[^m1_14]. ولذلك إذا سقط الإطباق من الطاء في النطق المعاصر سُمعت تاءً، كما كتب تلاميذ الأستاذ صالح «التين». وكذلك الهمزة: مجهورة عند القدماء، وليست مجهورة ولا مهموسة عند كثير من المحدثين. والتدريب في هذا الكتاب على النطق المعاصر المعتمد. *[يُعرض على مختص الأصوات]*	> **فائدة:** بين وصف القدماء والنطق المعاصر. عدّ سيبويه وعلماء التجويد القافَ والطاءَ من الحروف المجهورة، ولذلك قال: «لصارت الطاءُ دالًا» لا تاءً. أما النطق المعاصر المتلقَّى عن القراء والمذيعين فيُسمع فيه الحرفان مهموسين، كما يصفهما إبراهيم أنيس وكمال بشر[^m1_14]. ولذلك إذا سقط الإطباق من الطاء في النطق المعاصر سُمعت تاءً، كما كتب تلاميذ الأستاذ صالح «التين». وكذلك الهمزة: عدّها سيبويه من المجهورة، ووصفها إبراهيم أنيس وكمال بشر بأنها «لا بالمجهور ولا بالمهموس»، لانغلاق فتحة المزمار معها انغلاقًا تامًّا[^m1_15]. والتدريب في هذا الكتاب على النطق المعاصر المعتمد.	يُعرض على مختص الأصوات — خلافٌ مسمّى (الدفعة M1): سيبويه في جهة، وأنيس وبشر في جهة، على المطبوع	1
المجلد-الثاني/الباب-الثاني/ف03-أ-المدخل-والأصوات-الخمسة.md	67	> **فائدة:** خلاف قديم في الضاد. وصف القدماء الضاد بأنها رخوة مستطيلة تخرج من حافة اللسان. أما الضاد المسموعة اليوم من أكثر القراء والمذيعين فصوت ينحبس فيه الهواء ثم ينطلق، ويصفه كثير من علماء الأصوات المحدثين بأنه النظير المطبق للدال، ويرون أن النطق القديم كان يختلف عنه. ومن المراجع العربية في ذلك: إبراهيم أنيس، «الأصوات اللغوية». *[تحليل حديث؛ يحتاج إلى تحقق من الصفحة]* ويُذكر شاهدًا على الوصف القديم أن كلمات عربية فيها ضاد دخلت بعض اللغات بصوت قريب من اللام. *[يحتاج إلى تحقق من المصدر؛ يُعرض على المراجع المختص]* ومن أهل الأداء اليوم من يرى أن الضاد أقرب إلى الظاء في رخاوتها، ويقرأ بذلك، وهي مسألة يتناولها المختصون. والكتاب لا يفصل في هذا الخلاف، بل يعتمد للكلام الفصيح المعاصر ما يُتلقى اليوم عن القراء المتقنين، كما في الفقرة التالية.	> **فائدة:** خلاف قديم في الضاد. وصف القدماء الضاد بأنها رخوة مستطيلة تخرج من حافة اللسان. أما الضاد المسموعة اليوم من أكثر القراء والمذيعين فصوت ينحبس فيه الهواء ثم ينطلق، ويصفه إبراهيم أنيس وكمال بشر بأنه النظير المطبق للدال، ويريان أن الضاد التي وصفها القدماء كانت صوتًا رخوًا جانبيًّا يخالفه[^m1_21]. ويُذكر شاهدًا على الوصف القديم أن كلمات عربية فيها ضاد دخلت بعض اللغات بصوت قريب من اللام. *[يحتاج إلى تحقق من المصدر؛ يُعرض على المراجع المختص]* ومن أهل الأداء اليوم من يرى أن الضاد أقرب إلى الظاء في رخاوتها، ويقرأ بذلك، وهي مسألة يتناولها المختصون. والكتاب لا يفصل في هذا الخلاف، بل يعتمد للكلام الفصيح المعاصر ما يُتلقى اليوم عن القراء المتقنين، كما في الفقرة التالية.	تحليل حديث — طوبق على المطبوع (الدفعة M1): سُمّي المحدثان بدل «كثير من علماء الأصوات»	1
المجلد-الثاني/الباب-الثاني/ف03-أ-المدخل-والأصوات-الخمسة.md	67	> **فائدة:** خلاف قديم في الضاد. وصف القدماء الضاد بأنها رخوة مستطيلة تخرج من حافة اللسان. أما الضاد المسموعة اليوم من أكثر القراء والمذيعين فصوت ينحبس فيه الهواء ثم ينطلق، ويصفه إبراهيم أنيس وكمال بشر بأنه النظير المطبق للدال، ويريان أن الضاد التي وصفها القدماء كانت صوتًا رخوًا جانبيًّا يخالفه[^m1_21]. ويُذكر شاهدًا على الوصف القديم أن كلمات عربية فيها ضاد دخلت بعض اللغات بصوت قريب من اللام. *[يحتاج إلى تحقق من المصدر؛ يُعرض على المراجع المختص]* ومن أهل الأداء اليوم من يرى أن الضاد أقرب إلى الظاء في رخاوتها، ويقرأ بذلك، وهي مسألة يتناولها المختصون. والكتاب لا يفصل في هذا الخلاف، بل يعتمد للكلام الفصيح المعاصر ما يُتلقى اليوم عن القراء المتقنين، كما في الفقرة التالية.	> **فائدة:** خلاف قديم في الضاد. وصف القدماء الضاد بأنها رخوة مستطيلة تخرج من حافة اللسان. أما الضاد المسموعة اليوم من أكثر القراء والمذيعين فصوت ينحبس فيه الهواء ثم ينطلق، ويصفه إبراهيم أنيس وكمال بشر بأنه النظير المطبق للدال، ويريان أن الضاد التي وصفها القدماء كانت صوتًا رخوًا جانبيًّا يخالفه[^m1_21]. ويستشهد برجشتراسر وكمال بشر على الوصف القديم بأن كلمات عربية فيها ضاد دخلت الإسبانية بلام، كـ«القاضي» التي صارت فيها alcalde[^m1_22]. ومن أهل الأداء اليوم من يرى أن الضاد أقرب إلى الظاء في رخاوتها، ويقرأ بذلك، وهي مسألة يتناولها المختصون. والكتاب لا يفصل في هذا الخلاف، بل يعتمد للكلام الفصيح المعاصر ما يُتلقى اليوم عن القراء المتقنين، كما في الفقرة التالية.	يحتاج إلى تحقق من المصدر؛ يُعرض على المراجع المختص — طوبق على المطبوع (الدفعة M1): الشاهد في المصادر المرئية للإسبانية وحدها، لا «بعض اللغات»	1
المجلد-الثاني/الباب-الثاني/ف03-أ-المدخل-والأصوات-الخمسة.md	71	> **قاعدة:** الضاد المعتمدة في هذا الكتاب صوت مجهور مفخّم مطبق: تعتمد فيه حافة اللسان على الأضراس العليا، ويرتفع وسطه ومؤخّره نحو الحنك، ويبقى طرفه خلف الأسنان لا يخرج بينها. فلا تُرقَّق فتصير دالًا، ولا يخرج طرف اللسان فتصير ظاءً. *[يُعرض على مختص الأصوات]*	> **قاعدة:** الضاد المعتمدة في هذا الكتاب صوت شديد مجهور مفخّم مطبق: ينحبس فيه الهواء بطرف اللسان عند أصول الثنايا العليا كما في الدال، ويرتفع وسط اللسان ومؤخّره نحو الحنك، ويبقى طرفه خلف الأسنان لا يخرج بينها[^m1_23]. فلا تُرقَّق فتصير دالًا، ولا يخرج طرف اللسان فتصير ظاءً.	يُعرض على مختص الأصوات — حُسم من كتب الاختصاص على المطبوع (الدفعة M1): الضاد المعاصرة شديدة ينحبس هواؤها بطرف اللسان عند أصول الثنايا، وحافة اللسان مع الأضراس وصفُ الضاد القديمة	1
المجلد-الثاني/الباب-الثاني/00-فاتحة-الباب-الثاني.md	23	| **القاف** | من أقصى اللسان مع ما يحاذيه من الحنك الأعلى عند اللهاة، شديدة ينحبس فيها الهواء ثم ينطلق. *[يُعرض على مختص الأصوات]* | أن تُنطق همزة، أو كافًا، أو غينًا، أو جيمًا غير معطّشة كالتي تُسمع في بعض اللهجات. |	| **القاف** | من أقصى اللسان مع ما يحاذيه من الحنك الأعلى عند اللهاة، شديدة ينحبس فيها الهواء ثم ينطلق[^m1_1]. | أن تُنطق همزة، أو كافًا، أو غينًا، أو جيمًا غير معطّشة كالتي تُسمع في بعض اللهجات. |	يُعرض على مختص الأصوات — حُسم من كتب الاختصاص على المطبوع (الدفعة M1): الوصف صحيح، ورُفعت العلامة بإحالة	1
المجلد-الثاني/الباب-الثاني/00-فاتحة-الباب-الثاني.md	24	| **الضاد** | كما تُسمع اليوم من القراء المتقنين: صوت مجهور مفخّم مُطبَق، تعتمد فيه حافة اللسان على الأضراس العليا ويرتفع مؤخّره نحو الحنك، ولا يخرج طرف اللسان بين الأسنان. *[يُعرض على مختص الأصوات]* | أن تُرقَّق فتصير دالًا، أو يخرج طرف اللسان فتصير ظاءً، أو تُنطق لامًا مفخّمة. |	| **الضاد** | كما تُسمع اليوم من القراء المتقنين: صوت شديد مجهور مفخّم مُطبَق، ينحبس فيه الهواء بطرف اللسان عند أصول الثنايا العليا كالدال، ويرتفع مؤخّر اللسان نحو الحنك، ولا يخرج طرفه بين الأسنان[^m1_2]. | أن تُرقَّق فتصير دالًا، أو يخرج طرف اللسان فتصير ظاءً، أو تُنطق لامًا مفخّمة. |	يُعرض على مختص الأصوات — حُسم من كتب الاختصاص على المطبوع (الدفعة M1): موضع الضاد المعاصرة طرف اللسان عند أصول الثنايا لا حافته مع الأضراس	1
المجلد-الثاني/الباب-الثاني/ف05-أ-المدخل-وأصوات-الحلق.md	65	> **قاعدة:** القاف المعتمدة في هذا الكتاب صوت شديد ينحبس فيه الهواء عند أقصى اللسان مع ما يحاذيه من الحنك الأعلى عند اللهاة، ثم ينطلق دفعة واحدة. فلا تُنطق همزة (بلا انحباس في موضعها)، ولا كافًا (بانتقال المخرج إلى أقصى الحنك)، ولا غينًا (برخاوة بدل الانحباس التام). *[يُعرض على مختص الأصوات]*	> **قاعدة:** القاف المعتمدة في هذا الكتاب صوت شديد ينحبس فيه الهواء عند أقصى اللسان مع ما يحاذيه من الحنك الأعلى عند اللهاة، ثم ينطلق دفعة واحدة[^m1_30]. فلا تُنطق همزة (بلا انحباس في موضعها)، ولا كافًا (بانتقال المخرج إلى أقصى الحنك)، ولا غينًا (برخاوة بدل الانحباس التام).	يُعرض على مختص الأصوات — حُسم من كتب الاختصاص على المطبوع (الدفعة M1): القاف المعاصرة لهوية انفجارية، والإبدالات المذكورة مثبتة	1
المجلد-الثاني/الباب-الثاني/ف05-أ-المدخل-وأصوات-الحلق.md	67	> **فائدة:** خلاف قديم في وصف القاف. وصف سيبويه ومن تبعه القاف بأنها مجهورة، أي يهتز فيها الوتران الصوتيان. أما كثير من علماء الأصوات المحدثين فيصفون النطق المعاصر المتلقَّى عن أكثر القراء بأنه أقرب إلى الهمس منه إلى الجهر الكامل، مع بقاء الشدة والاستعلاء واللهوية صفاتٍ ثابتة في الوصفين. والكتاب لا يفصل في هذا الخلاف، ويعتمد للكلام الفصيح المعاصر ما يُتلقى اليوم عن القراء والمذيعين المتقنين. *[تحليل حديث؛ يُعرض على مختص الأصوات]*	> **فائدة:** خلاف قديم في وصف القاف. عدّ سيبويه ومن تبعه القاف من المجهورة. أما إبراهيم أنيس فذكر أن القاف كما ينطقها مجيدو القراءة اليوم في مصر صوت شديد مهموس، وأن لها في القراءة نطقين: مهموسًا هو الأكثر، ومجهورًا. ورأى كمال بشر أنها في النطق المعاصر صوت لهوي انفجاري مهموس، وأن بين النطق المعاصر ووصف القدماء خلافًا في موضعها وفي جهرها، إذ يُفهم من وصفهم أنها كانت تخرج من أقصى الحنك، أقرب إلى الكاف، وأنها كانت مجهورة[^m1_31]. وتبقى الشدة والاستعلاء ثابتتين في الوصفين. والكتاب لا يفصل في هذا الخلاف، ويعتمد للكلام الفصيح المعاصر ما يُتلقى اليوم عن القراء والمذيعين المتقنين.	تحليل حديث؛ يُعرض على مختص الأصوات — خلافٌ مسمّى (الدفعة M1): المحدثان يصفانها مهموسة لا «أقرب إلى الهمس»، والخلاف عند بشر في الموضع أيضًا، فليست اللهوية ثابتة في الوصفين	1
المجلد-الثاني/الباب-الثاني/ف06-أ-المدخل-وحروف-الذلاقة.md	107	> **فائدة:** تلاحظ في الكلام المتصل السريع أن النون الساكنة قبل الباء تميل صوتيًّا نحو الميم، كما في «مِن بَعدِ» التي تُسمع أقرب إلى «مِم بَعدِ». وهذا تطبيع طبيعي في كل لغات العالم تقريبًا حين يجاور صوت أنفي صوتًا شفويًّا، ويسميه علماء التجويد في تلاوة القرآن «الإقلاب»، وله أحكامه التفصيلية هناك. أما في الكلام الفصيح العام فلا يحتاج المتحدث إلى تكلّفه ولا إلى تجنبه، فهو يقع من تلقاء نفسه إذا لم يُجهد المتكلم لسانه في إبراز النون. *[تحليل حديث]*	> **فائدة:** تلاحظ في الكلام المتصل أن النون الساكنة قبل الباء تنقلب ميمًا، كما في «مِن بَعدِ» التي تُسمع «مِم بَعدِ»: تفقد النون مخرجها وتأخذ مخرج الباء، وتبقى لها غنّتها. وهذا من «المماثلة» الصوتية التي يتأثر فيها الصوت بما يليه، وهي كثيرة الشيوع في العربية وفي غيرها من اللغات[^m1_36]، ويسميه علماء التجويد في تلاوة القرآن «الإقلاب»، وله أحكامه التفصيلية هناك. أما في الكلام الفصيح العام فلا يحتاج المتحدث إلى تكلّفه ولا إلى تجنبه، فهو يقع من تلقاء نفسه إذا لم يُجهد المتكلم لسانه في إبراز النون.	تحليل حديث — طوبق على المطبوع (الدفعة M1): الظاهرة ومثالها عند أنيس، و«تطبيع طبيعي في كل لغات العالم تقريبًا» لا سند له فصارت «مماثلة» شائعة	1
المجلد-الثاني/الباب-الثاني/ف07-أ-المدخل-والدرسان.md	101	> **من علم اللغة الحديث:** *[تحليل حديث]* يصف علماء الأصوات المحدثون المفخّم بأن له حركة ثانية تصاحب حركته الأولى: فالطاء تُنطق من موضع التاء، ويصحبها ارتفاع مؤخّر اللسان وتراجعه نحو الحلق (انظر: إبراهيم أنيس، «الأصوات اللغوية»). وفائدة ذلك أن المتعلم لا يبحث للطاء عن مخرج جديد، بل يضيف إلى التاء حركة مؤخّر اللسان.	> **من علم اللغة الحديث:** يصف كمال بشر المفخّم بأن له موضعين من النطق: موضعه الأصلي، وموضعًا ثانيًا يصاحبه؛ فالطاء تُنطق من موضع التاء، ويصحبها ارتفاع مؤخّر اللسان نحو أقصى الحنك ورجوعه قليلًا إلى الخلف[^m1_45]. وفائدة ذلك أن المتعلم لا يبحث للطاء عن مخرج جديد، بل يضيف إلى التاء حركة مؤخّر اللسان.	تحليل حديث — طوبق على المطبوع (الدفعة M1): الوصف عند كمال بشر، وارتفاع مؤخر اللسان نحو أقصى الحنك لا «نحو الحلق»	1
المجلد-الحادي-عشر/المرجع-الأول-بنك-الأخطاء/ف03-أخطاء-النطق-الأصوات-الحرجة.md	14	> **من علم اللغة الحديث:** يعتمد علماء الأصوات مفهوم «الزوج الأدنى»: كلمتان تختلفان في صوت واحد فقط ويختلف معناهما تبعًا لذلك، مثل «ضَلَّ» و«ظَلَّ»؛ وتدريب الأذن واللسان على هذه الأزواج المتقابلة من أنجع الطرق المعروفة لضبط الأصوات الحرجة، لأنه يُسمع الفرق الدقيق مقرونًا بأثره في المعنى لا مجردًا عنه. *[تحليل حديث؛ انظر: إبراهيم أنيس، الأصوات اللغوية]*	> **من علم اللغة الحديث:** يعتمد علماء الأصوات في تحديد الوحدات الصوتية على الكلمتين اللتين تختلفان في صوت واحد فقط فيختلف معناهما، مثل «قالَ» و«قامَ»[^m1_390]، ومنها في الأصوات الحرجة «ضَلَّ» و«ظَلَّ». ونرى أن تدريب الأذن واللسان على هذه الأزواج المتقابلة طريق عملي نافع لضبط الأصوات الحرجة، لأنه يُسمع الفرق الدقيق مقرونًا بأثره في المعنى لا مجردًا عنه.	تحليل حديث — طوبق على المطبوع (الدفعة M1): المفهوم عند كمال بشر لا أنيس، و«من أنجع الطرق المعروفة» بلا سند فصار رأيًا للمؤلف	1
المجلد-الحادي-عشر/المرجع-الأول-بنك-الأخطاء/ف06-الصوت-والسرعة-وترتيب-الأفكار.md	14	> **من علم اللغة الحديث:** يُفرد علماء الأصوات العرب المحدثون بابًا لأثر النبر والتنغيم في الفهم والتأثير، لا في صحة اللفظ وحدها؛ فتغيّر طبقة الصوت وموضع الوقف قد يُبقيان الكلمات هي هي، ويُغيّران المعنى المفهوم منها تمامًا. *[تحليل حديث؛ انظر: إبراهيم أنيس، الأصوات اللغوية]*	> **من علم اللغة الحديث:** يبيّن كمال بشر أن التنغيم يفرّق بين الجملة الخبرية والاستفهامية والتعجبية، وأن العبارة الواحدة قد يتغير معناها المفهوم بتغير نغمتها بحسب المقام[^m1_393]؛ فتغيّر طبقة الصوت، ومثله فيما نرى تغيّر موضع الوقف، قد يُبقي الكلمات هي هي، ويُغيّر المعنى المفهوم منها.	تحليل حديث — طوبق على المطبوع (الدفعة M1): سُمّي كمال بشر بدل النسبة الجماعية، و«موضع الوقف» ملحظ للمؤلف	1
المجلد-الثالث/الباب-الثالث/ف03-أ-الأوزان-والمصادر.md	61	### من علم اللغة الحديث: الوزن معنى لا شكل	### من التراث: الوزن معنى لا شكل	تحليل حديث — مذهب تراثي لا حديث (الدفعة M1): صار العنوان «من التراث» ورُفعت العلامة	1
المجلد-الثالث/الباب-الثالث/ف03-أ-الأوزان-والمصادر.md	63	يفرّق علم الصرف بين **المادة** (الحروف الأصلية للكلمة، كـ«ع ل م») و**الوزن** (الصيغة التي تُصاغ عليها الكلمة، كـ«فَعِلَ» و«فَعَّلَ» و«أَفْعَلَ»). والمادة الواحدة تحمل معنى عامًّا مشتركًا، لكن كل وزن يضيف إليه معنى خاصًّا: التعدية، أو المشاركة، أو المطاوعة، أو الطلب. فتغيير الوزن ليس تغييرًا في الشكل وحده، بل تغيير في المعنى، وهذا ما يجعل الصرف بابًا من أبواب الدقة في الكلام لا من أبواب الزخرفة اللغوية.	يفرّق علم الصرف بين **المادة** (الحروف الأصلية للكلمة، كـ«ع ل م») و**الوزن** (الصيغة التي تُصاغ عليها الكلمة، كـ«فَعِلَ» و«فَعَّلَ» و«أَفْعَلَ»). والمادة الواحدة تحمل معنى عامًّا مشتركًا، لكن كل وزن يضيف إليه معنى خاصًّا: التعدية، أو المشاركة، أو المطاوعة، أو الطلب[^m1_78]. فتغيير الوزن ليس تغييرًا في الشكل وحده، بل تغيير في المعنى، وهذا ما يجعل الصرف بابًا من أبواب الدقة في الكلام لا من أبواب الزخرفة اللغوية.	تحليل حديث — طوبق على المطبوع (الدفعة M1): أبواب سيبويه في معاني الأوزان	1
المجلد-الثالث/الباب-الثالث/ف03-ب-النسبة-والجموع-والمعتل.md	14	### من علم اللغة الحديث: القياس والسماع في الصرف	### من التراث: القياس والسماع في الصرف	تحليل حديث — مذهب تراثي (الدفعة M1): صار العنوان «من التراث»، وخُفّف «سماعي» في جموع التكسير إلى «يغلب عليه السماع»، والإحالة إلى الخصائص على المطبوع	1
المجلد-الحادي-عشر/المرجع-الأول-بنك-الأخطاء/ف03-أخطاء-النطق-الأصوات-الحرجة.md	35	#### ١. الضاد تُنطق دالاً مفخمة [م٤-ب١٣-ف٣-مث١]	#### ١. الضاد تُنطق دالاً [م٤-ب١٣-ف٣-مث١]	مواءمة مع قاعدة الضاد المصحّحة في المجلد الثاني (الدفعة M1، البندان ٢ و٢٣): الضاد المعاصرة شديدة مطبقة من موضع الدال، فالخطأ ترقيقها دالًا لا «فقد رخاوتها واستطالتها»	1
المجلد-الثالث/الباب-الثالث/ف01-أ-الاسمية-والفعلية.md	286	*[تحليل حديث]* يفرّق كثير من اللسانيين المحدثين في دراسة ترتيب الجملة بين ما يعرفه السامع قبل الكلام، وما يُضاف إليه به من جديد. ويرون أن موضع الكلمة في الجملة يدل السامع على منزلتها من هذين: أهي موضوع معروف يُبنى عليه، أم خبر جديد يُراد إيصاله؟ وهذا قريب مما قرره سيبويه من أن العرب «يقدّمون الذي بيانه أهمّ لهم».	نفرّق في دراسة ترتيب الجملة بين ما يعرفه السامع قبل الكلام، وما يُضاف إليه به من جديد. ونرى أن موضع الكلمة في الجملة يدل السامع على منزلتها من هذين: أهي موضوع معروف يُبنى عليه، أم خبر جديد يُراد إيصاله؟ وهذا قريب من قول سيبويه الذي مرّ في هذا الفصل: «كأنّهم يقدّمون الذي بيانُه أهمُّ لهم».	تحليل حديث — لم يُرَ المصدر مطبوعًا (الدفعة T1): صيغ بصوت المؤلف وحُذفت النسبة الجماعية؛ ولفظ سيبويه كما في الموضع الموثّق من الفصل نفسه (١/٣٤) بلا حاشية ثانية	1
المجلد-الثالث/الباب-الثالث/ف02-أ-المطابقة.md	265	*[تحليل حديث]* فرّق الباحث البريطاني بيت كوردر في دراسة الأخطاء بين نوعين: **خطأ** يقع لأن المتعلم لم يكتسب القاعدة بعدُ، فيتكرر عنده بانتظام؛ و**زلّة** تقع مع معرفته القاعدة، بسبب عجلة أو تعب أو انشغال، ويستطيع أن يصححها بنفسه إذا سمعها. *(S. Pit Corder, "The Significance of Learners' Errors", International Review of Applied Linguistics, 1967.)*	فرّق س. بيت كوردر في دراسة الأخطاء بين نوعين: **خطأ** (error) يقع لأن المتعلم لم يكتسب القاعدة بعدُ، فيتكرر عنده بانتظام؛ و**زلّة** (mistake) تقع مع معرفته القاعدة، بسبب سهوٍ في الذاكرة أو تعبٍ أو انفعالٍ شديد، والمتكلم يتنبّه لمثلها عادةً حين تقع ويصححها بنفسه[^t1_75].	تحليل حديث — طوبق على المطبوع (الدفعة T1): أسباب الزلّة كما عند كوردر، والعنوان «Learner's» مفردًا، وحُذف «البريطاني» لأنه لم يُرَ	1
المجلد-الثالث/الباب-الثالث/ف05-أ-الأفعال-وحروف-الجر.md	61	*[تحليل حديث]* يسمّي علم اللغة التطبيقي هذه الظاهرة **التدخل اللغوي** (Language Transfer أو Interference): أن تنتقل قواعد اللغة الأولى أو لغة التعليم إلى اللغة الثانية، فتُصاغ الجملة بمفردات اللغة الثانية وبناء اللغة الأولى معًا. وأخصّ صوره في الكلام **الترجمة الحرفية** (Calque أو Literal Translation): نقل تعبير كامل، كلمة كلمة، فيصح تركيبه نحويًّا، لكنه لا يخطر على بال متكلم أصلي بهذه الصورة. وخطر الترجمة الحرفية أنها لا تُكتشف بالنظر في القاعدة، بل بالنظر في «هل يقول العربي هذا فعلًا؟».	نسمّي هذه الظاهرة **التدخل اللغوي**، ويقابلها في الإنجليزية Interference أو Language Transfer: أن تنتقل قواعد اللغة الأولى أو لغة التعليم إلى اللغة الثانية، فتُصاغ الجملة بمفردات اللغة الثانية وبناء اللغة الأولى معًا. وأخصّ صوره في الكلام **الترجمة الحرفية** (Calque): نقل تعبير كامل، كلمة كلمة، فيصح تركيبه نحويًّا، لكنه لا يخطر على بال متكلم أصلي بهذه الصورة. وخطر الترجمة الحرفية أنها لا تُكتشف بالنظر في القاعدة، بل بالنظر في «هل يقول العربي هذا فعلًا؟».	تحليل حديث — لم يُرَ المصدر مطبوعًا (الدفعة T1): صيغ بصوت المؤلف وحُذفت النسبة إلى «علم اللغة التطبيقي»؛ وCalque وحده مقابل الترجمة الحرفية	1
المجلد-الثالث/الباب-الثالث/ف06-أ-أثر-اللغات-المحلية.md	159	*[تحليل حديث]* يسمي علماء تعلم اللغات الثانية ما يدخل من اللغة الأولى في الثانية «النقل اللغوي» (Language Transfer). ويفرّقون بين نقل إيجابي، حين تتفق اللغتان فيسهل التعلم، ونقل سلبي، حين تختلفان فيقع الخطأ. وصاغ لاري سلينكر مصطلح «اللغة البينية» (Interlanguage) لوصف النظام المؤقت الذي يبنيه المتعلم بين لغته الأولى واللغة التي يتعلمها، وتكلم فيه على «التحجّر» (Fossilization)، أي ثبات بعض الأخطاء في كلام المتعلم. *(Larry Selinker, "Interlanguage", International Review of Applied Linguistics, 1972.)*	يُسمّى ما يدخل من اللغة الأولى في الثانية «النقل اللغوي» (Language Transfer)، وهو نقل إيجابي حين تتفق اللغتان فيسهل التعلم، وسلبي حين تختلفان فيقع الخطأ. وتسمّى اللغة التي يبنيها المتعلم في أثناء الطريق بين لغته الأولى واللغة التي يتعلمها «اللغة البينية» (Interlanguage)، وقد يثبت فيها بعض الخطأ فلا يزول، ويسمّى ذلك «التحجّر» (Fossilization).	تحليل حديث — لم يُرَ المصدر مطبوعًا (الدفعة T1): صيغ بصوت المؤلف وحُذفت النسبة إلى سلينكر (لم تُرَ صفحات IRAL 1972) والنسبة الجماعية	1
المجلد-الثالث/الباب-الثالث/ف07-أ-الحشو-الصوتي.md	99	*[تحليل حديث]* يلاحظ دارسو المحادثة أن أصوات التردد ليست عشوائية كلها. فهي في الحوار الحي إشارة إلى السامع بأن المتكلم لم يُتمّ كلامه، وأنه يبحث عن لفظ أو فكرة. ولذلك لا يخلو منها كلام إنسان تلقائي.	لاحظ الباحثان هربرت كلارك وجين فوكس تري أن أصوات التردد مثل «uh» و«um» ليست عشوائية كلها، فالمتكلم يعلن بها أنه سيتأخر قليلًا أو كثيرًا، ويُفهم منها أنه يبحث عن لفظ، أو يقرر ما يقول بعدُ، أو يريد أن يحتفظ بدوره في الكلام أو أن يتركه. ولذلك قلّما يخلو منها كلام تلقائي، وإن تفاوت الناس في كثرتها تفاوتًا كبيرًا[^t1_96].	تحليل حديث — طوبق على المطبوع (الدفعة T1): سُمّي الباحثان، و«لا يخلو منها كلام إنسان» صار «قلّما يخلو» لتفاوت المتكلمين في المطبوع	1
المجلد-الرابع/الباب-الرابع/ف05-أ-فن-الانتقال.md	332	*[تحليل حديث]* درس عالما اللغة هاليداي ورقية حسن ما سمّياه «الاتساق» (Cohesion)، وهو الوسائل التي تجعل الجمل نصًّا واحدًا متماسكًا لا جملًا متجاورة. ومن هذه الوسائل: أدوات الربط، والإحالة بالضمائر وأسماء الإشارة، والحذف، والتكرار المعجمي للكلمة المفتاحية. *(M. A. K. Halliday and Ruqaiya Hasan, Cohesion in English, London: Longman, 1976.)*	ويسمّى ترابط الجمل حتى تصير نصًّا واحدًا متماسكًا، لا جملًا متجاورة، «الاتساق» (Cohesion). ومن وسائله: أدوات الربط، والإحالة بالضمائر وأسماء الإشارة، والحذف، والتكرار المعجمي للكلمة المفتاحية.	تحليل حديث — لم يُرَ المصدر مطبوعًا (الدفعة T1): صيغ بصوت المؤلف وحُذفت النسبة إلى هاليداي ورقية حسن (Cohesion in English لم يُفتح)	1
المجلد-الخامس/الباب-الخامس/ف01-أ-المدخل-والدرس-الأول.md	143	*[تحليل حديث]* يسمّي علماء اللغة المحدثون هذا التنوع «السجل اللغوي» (Register)، أي طريقة استعمال اللغة التي تتغير بتغير المقام، مع بقاء اللغة نفسها واحدة. ومن أشهر من حلّله اللغوي البريطاني مايكل هاليداي، إذ ردّ السجل إلى ثلاثة عناصر: موضوع الكلام ونشاطه، والعلاقة بين المتكلمين، والقناة التي يجري فيها الكلام. *(M. A. K. Halliday, Language as Social Semiotic, London: Edward Arnold, 1978.)*	نسمّي هذا التنوع «السجل اللغوي» (Register)، أي طريقة استعمال اللغة التي تتغير بتغير المقام، مع بقاء اللغة نفسها واحدة. ويمكن ردّ السجل إلى ثلاثة عناصر: موضوع الكلام ونشاطه، والعلاقة بين المتكلمين، والقناة التي يجري فيها الكلام.	تحليل حديث — لم يُرَ المصدر مطبوعًا (الدفعة T1): صيغ بصوت المؤلف وحُذفت النسبة إلى هاليداي (Language as Social Semiotic لم يُفتح)	1
المجلد-الخامس/الباب-الخامس/ف06-مخاطبة-الأقران-والأدنى.md	320	> **من علم التواصل: ماء الوجه** *[تحليل حديث]*	> **من علم التواصل: ماء الوجه**	تحليل حديث — طوبق على المطبوع (الدفعة T1): «الوجه» من غوفمان (ص٥)، وما نُسب إلى براون وليفنسون لم يُرَ فصيغ بصوت المؤلف	1
المجلد-السادس/الباب-السادس/ف01-السلام-والبشاشة-والاستماع.md	94	*[تحليل حديث]* لاحظ عالم الأنثروبولوجيا برونيسلاف مالينوفسكي أن كثيرًا من الكلام اليومي لا يُقال لنقل معلومة، بل لإنشاء الصلة بين المتكلمَين وإعلان الأمان بينهما، كالتحية والسؤال عن الحال، وسمّى هذا النوع «التواصل الأُنسي» (Phatic Communion). *(B. Malinowski, "The Problem of Meaning in Primitive Languages", in C. K. Ogden & I. A. Richards, The Meaning of Meaning, 1923.)*	لاحظ عالم الأنثروبولوجيا برونيسلاف مالينوفسكي أن كثيرًا من الكلام اليومي لا يُقال لنقل معلومة، بل لإنشاء الصلة بين المتكلمَين وإعلان الأمان بينهما، كالتحية والسؤال عن الحال، وسمّى هذا النوع «التواصل الأُنسي» (Phatic Communion)[^t1_179].	تحليل حديث — طوبق على المطبوع (الدفعة T1): الطبعة السابعة ١٩٤٥ (لم تُرَ طبعة ١٩٢٣)، ونُقلت الإحالة من المتن إلى الحاشية	1
المجلد-السادس/الباب-السادس/ف02-على-قدر-العقول.md	91	*[تحليل حديث]* ذهب عالم اللغة الاجتماعي آلان بِل إلى أن المتكلم يختار أسلوبه في المقام الأول بحسب جمهوره، وسمّى ذلك «تصميم الأسلوب للجمهور» (Audience Design). *(Allan Bell, "Language Style as Audience Design", Language in Society, 1984.)* وقرر الفيلسوف غرايس في مبادئ المحادثة مبدأ «الكمّ»: أن تجعل كلامك مفيدًا بالقدر المطلوب، لا أقل منه ولا أكثر. *(H. P. Grice, "Logic and Conversation", 1975.)*	ذهب عالم اللغة الاجتماعي آلان بِل إلى أن المتكلم يصمّم أسلوبه في المقام الأول بحسب جمهوره، وأول من يراعيه المخاطَب نفسه، وسمّى ذلك «تصميم الجمهور» (Audience Design)[^t1_196]. وقرر الفيلسوف غرايس في قواعد المحادثة قاعدتَي «الكمّ»: أن تجعل كلامك مفيدًا بالقدر المطلوب، لا أقل منه ولا أكثر[^t1_196g].	تحليل حديث — بِل من بيانات الناشر وملخّصه بلا صفحة، وغرايس على المطبوع كحاشية المجلد الرابع (الدفعة T1): «قاعدتا الكمّ» لا «مبدأ الكمّ»	1
المجلد-السادس/الباب-السادس/ف03-المدح-والشكر-والدعاء.md	95	*[تحليل حديث]* وضع عالم اللغة جيفري ليتش «مبدأ التأدب» في التداولية، ومن قواعده قاعدة «الاستحسان»: أن تُقلّل ذم غيرك وتُكثر الثناء عليه، وقاعدة «التواضع»: أن تُقلّل الثناء على نفسك. *(Geoffrey N. Leech, Principles of Pragmatics, London: Longman, 1983.)* وتقرر أدبيات التواصل عامة أن الثناء المحدد الذي يسمّي فعلًا بعينه أصدق وقعًا في نفس السامع من الثناء العام، وأنفع له في معرفة ما يحسنه فيكرره.	ومن أعراف التأدب في الكلام أن يُقلّل المتكلم ذم غيره ويُكثر الثناء عليه، وأن يُقلّل الثناء على نفسه. ونلاحظ أن الثناء المحدد الذي يسمّي فعلًا بعينه أصدق وقعًا في نفس السامع من الثناء العام، وأنفع له في معرفة ما يحسنه فيكرره.	تحليل حديث — لم يُرَ المصدر مطبوعًا (الدفعة T1): صيغ بصوت المؤلف وحُذفت النسبة إلى ليتش (Principles of Pragmatics لم يُفتح) و«أدبيات التواصل عامة»	1
المجلد-السادس/الباب-السادس/ف03-المدح-والشكر-والدعاء.md	97	> **تنبيه:** قواعد ليتش وصف لما تفعله اللغات عامة في التأدب، وهي تلتقي في بعض معانيها مع ما في السنة من المدح الصادق، لكنها لا تُفسَّر بها الأحاديث، ولا يُنسب إلى النص ما فيها. وأحكام المدح وحدوده الشرعية مأخوذة من النصوص وشروحها لا من هذا الإطار.	> **تنبيه:** هذه الأعراف وصفٌ لما يجري عليه الناس في التأدب، وهي تلتقي في بعض معانيها مع ما في السنة من المدح الصادق، لكنها لا تُفسَّر بها الأحاديث، ولا يُنسب إلى النص ما فيها. وأحكام المدح وحدوده الشرعية مأخوذة من النصوص وشروحها لا من هذا الإطار.	تابع لتصحيح الفقرة السابقة (الدفعة T1): حُذفت النسبة إلى ليتش	1
المجلد-السادس/الباب-السادس/ف06-أ-المدخل-والدرس-الأول.md	361	*[تحليل حديث]* وصف عالم الاجتماع إرفنغ غوفمان ما سماه «الوجه» (face): الصورة الاجتماعية التي يحرص كل إنسان على أن تبقى محفوظة أمام الناس. *(Erving Goffman, "On Face-Work", 1955.)* ثم بنى الباحثان بينيلوبي براون وستيفن ليفنسون على هذه الفكرة نظرية في التأدب اللغوي. ومن مقولاتها أن بعض أفعال الكلام تهدد «وجه» المخاطَب بطبيعتها، كالنقد والرفض والاختلاف والتصحيح. وأن المتكلمين في لغات كثيرة يلجؤون عندها إلى وسائل تلطيف: التحوّط، والتمهيد، والإقرار بالمشترك، وصياغة الحكم سؤالًا. *(Penelope Brown & Stephen C. Levinson, Politeness: Some Universals in Language Usage, Cambridge University Press, 1987.)*	وصف إرفنغ غوفمان ما سماه «الوجه» (face): الصورة الاجتماعية التي يحرص كل إنسان على أن تبقى محفوظة أمام الناس[^t1_230]. ونلاحظ أن بعض أفعال الكلام تمسّ «وجه» المخاطَب بطبيعتها، كالنقد والرفض والاختلاف والتصحيح، وأن المتكلمين يلجؤون عندها إلى وسائل تلطيف: التحوّط، والتمهيد، والإقرار بالمشترك، وصياغة الحكم سؤالًا.	تحليل حديث — طوبق على المطبوع (الدفعة T1): غوفمان ص٥، وما نُسب إلى براون وليفنسون لم يُرَ فصيغ بصوت المؤلف	1
المجلد-السابع/الباب-السابع/ف04-أ-المداخلة-والمناقشة.md	65	*[تحليل حديث]* يلاحظ من يدرس الحوار الطبيعي أن المتحدثين يتبادلون الكلام بنظام غير مكتوب: كل متحدث يترك إشارة على قرب انتهائه (نبرة هابطة، أو جملة ختامية)، فيلتقطها من يريد الكلام التالي. ومن يقتحم الحديث في غير هذه اللحظة يكسر النظام، فيُشعر الجميع بالإزعاج ولو كان كلامه صحيحًا. وفي المجالس المنظمة يقوم المنسق مقام هذا النظام غير المكتوب، فطلب الإذن منه بديل من انتظار الإشارة الطبيعية.	لاحظ ساكس وشيغلوف وجيفرسون في دراستهم للمحادثة أن المتحدثين يتبادلون الكلام بنظام غير مكتوب: فالسامع يتوقع من بناء الجملة أو العبارة، ومن نغمتها، متى توشك على التمام، فيبدأ من يريد الكلام التالي عند تمامها. ومن يقتحم الحديث قبل هذه اللحظة يكسر النظام، ونرى أن ذلك يُزعج الحاضرين ولو كان كلامه صحيحًا. وفي المجالس التي لها رئيس يوزّع الرئيس الأدوار، فله أن يتكلم أولًا، وأن يعقّب على كل متكلم، وأن يأذن لمن بعده[^t1_270]؛ فطلب الإذن منه بديل من انتظار تمام الكلام.	تحليل حديث — طوبق على المطبوع (الدفعة T1): الصيغة المعدّلة ١٩٧٨؛ السامع يتوقع تمام الوحدة لا «إشارة» يتركها المتكلم، والإزعاج ملحظ للمؤلف	1
المجلد-الثامن/الباب-الثامن/ف01-ب-الكلام-في-المجلس.md	381	*[تحليل حديث]* درس علماء تحليل المحادثة كيف يتبادل المتحاورون أدوار الكلام، ولاحظوا أن لكل محادثة مواضع يصلح فيها انتقال الكلام من متكلم إلى آخر، كتمام الجملة أو الفكرة، وأن الكلام في غير هذه المواضع يُسمع مقاطعة. *(Harvey Sacks, Emanuel Schegloff, Gail Jefferson, "A Simplest Systematics for the Organization of Turn-Taking for Conversation", Language, 1974.)* وفي مجلس العلم يملك صاحب المجلس توزيع الأدوار، فمواضع الانتقال فيه أقل، ولا تُفتح إلا بإذنه.	درس علماء تحليل المحادثة كيف يتبادل المتحاورون أدوار الكلام، ولاحظوا أن لكل محادثة مواضع يصلح فيها انتقال الكلام من متكلم إلى آخر، وهي مواضع تمام الجملة أو العبارة أو الكلمة، وأن الكلام في غير هذه المواضع يُسمع مقاطعة[^t1_300]. وفي مجلس العلم يملك صاحب المجلس توزيع الأدوار، كما يوزعها رئيس الاجتماع، فمواضع الانتقال فيه أقل، ولا تُفتح إلا بإذنه.	تحليل حديث — طوبق على المطبوع (الدفعة T1): الوحدات نحوية (جملة أو عبارة أو كلمة) لا «الفكرة»	1
المجلد-الثامن/الباب-التاسع/ف04-أ-المدخل-والدرس-الأول.md	250	*[تحليل حديث]* درس اللغوي جون سويلز مقدمات البحوث العلمية، واقترح وصفًا لبنائها سمّاه نموذج «إنشاء موضع للبحث» (Create a Research Space)، وهو ثلاث حركات: **تحديد المجال**، أي بيان أن الميدان مهم وفيه بحث قائم؛ ثم **تحديد الفجوة**، أي بيان ما لم يُدرس بعد، أو ما فيه خلاف أو نقص؛ ثم **شغل الفجوة**، أي بيان ما يفعله هذا البحث ليسدها. *(John M. Swales, Genre Analysis: English in Academic and Research Settings, Cambridge: Cambridge University Press, 1990.)*	يمكن وصف بناء مقدمات البحوث العلمية بثلاث حركات: **تحديد المجال**، أي بيان أن الميدان مهم وفيه بحث قائم؛ ثم **تحديد الفجوة**، أي بيان ما لم يُدرس بعد، أو ما فيه خلاف أو نقص؛ ثم **شغل الفجوة**، أي بيان ما يفعله هذا البحث ليسدها.	تحليل حديث — لم يُرَ المصدر مطبوعًا (الدفعة T1): صيغ بصوت المؤلف وحُذفت النسبة إلى سويلز (Genre Analysis لم يُفتح)	1
المجلد-الثامن/الباب-التاسع/ف04-أ-المدخل-والدرس-الأول.md	252	وقد وُصف النموذج في الكتابة العلمية، لكنه ينفع في الدقيقة الأولى من العرض الشفهي: جملة للمجال، وجملة للفجوة، وجملة لما يفعله بحثك.	وهذا الوصف للكتابة العلمية، لكنه ينفع في الدقيقة الأولى من العرض الشفهي: جملة للمجال، وجملة للفجوة، وجملة لما يفعله بحثك.	تابع لتصحيح الفقرة السابقة (الدفعة T1): لم يعد في المتن «نموذج» منسوب	1
المجلد-الثامن/الباب-التاسع/ف04-ب-الدرس-الثاني.md	146	*[تحليل حديث]* درس اللغوي كين هايلاند أدوات التحفظ في البحوث العلمية المكتوبة دراسة مفصلة، وبيّن أنها ليست ضعفًا في اللغة، بل وسيلة يعرض بها الباحث دعواه على قدر دليلها. *(Ken Hyland, Hedging in Scientific Research Articles, Amsterdam: John Benjamins, 1998.)* والعرض الشفهي أحوج إلى ذلك من المكتوب، لأن السائل ينتظر أمامك لا في صفحة أخرى.	أدوات التحفظ في البحوث العلمية ليست ضعفًا في اللغة، بل وسيلة يعرض بها الباحث دعواه على قدر دليلها. والعرض الشفهي أحوج إلى ذلك من المكتوب، لأن السائل ينتظر أمامك لا في صفحة أخرى.	تحليل حديث — لم يُرَ المصدر مطبوعًا (الدفعة T1): صيغ بصوت المؤلف وحُذفت النسبة إلى هايلاند (الكتاب لم يُفتح)	1
المجلد-العاشر/الباب-الثاني-عشر/ف02-ب-التحفظ-والسؤال-الحساس.md	224	*[تحليل حديث]* قدّم الباحثان بينيلوبي براون وستيفن ليفنسون تصورًا للتأدب في الكلام يقوم على فكرة «الوجه» (Face)، أي الصورة التي يحب المرء أن تبقى له أمام الناس. والطلب والرفض والاعتراض أفعال تهدد هذا الوجه، فيخففها المتكلم بوسائل التأدب: التمهيد، والتلطيف، وترك الخيار للمخاطَب. *(Penelope Brown and Stephen C. Levinson, Politeness: Some Universals in Language Usage, Cambridge University Press, 1987.)*	وصف إرفنغ غوفمان ما سمّاه «الوجه» (Face)، أي الصورة التي يحب المرء أن تبقى له أمام الناس[^t1_378]. ونلاحظ أن الطلب والرفض والاعتراض أفعال تمسّ هذا الوجه، فيخففها المتكلم بوسائل التأدب: التمهيد، والتلطيف، وترك الخيار للمخاطَب.	تحليل حديث — طوبق على المطبوع (الدفعة T1): «الوجه» من غوفمان، وما نُسب إلى براون وليفنسون لم يُرَ فصيغ بصوت المؤلف	1
المجلد-العاشر/الباب-الثاني-عشر/ف02-ب-التحفظ-والسؤال-الحساس.md	226	وقرر الفيلسوف هربرت بول غرايس أن السامع يفهم من الكلام أكثر مما يقوله لفظه، إذا عرف السياق وافترض أن المتكلم متعاون معه. *(H. P. Grice, "Logic and Conversation", 1975.)* فعبارة «سننظر في ذلك باهتمام» لا تقول «لا» ولا «نعم»، لكن من يعرف العرف يفهم منها أن القرار لم يُتخذ، وأن عليه ألا يبني عليه.	وقرر الفيلسوف هربرت بول غرايس أن السامع يفهم من الكلام أكثر مما يقوله لفظه، إذا عرف السياق وافترض أن المتكلم متعاون معه[^t1_378g]. فعبارة «سننظر في ذلك باهتمام» لا تقول «لا» ولا «نعم»، لكن من يعرف العرف يفهم منها أن القرار لم يُتخذ، وأن عليه ألا يبني عليه.	طوبق على المطبوع (الدفعة T1): غرايس ٤٩–٥٠، ونُقلت الإحالة من المتن إلى الحاشية	1
المجلد-الثاني/الباب-الثاني/ف11-أ-المدخل-والدرسان.md	55	*[تحليل حديث]* يميّز علماء التواصل الحديث بين **المحتوى اللفظي** (الكلمات نفسها) و**العناصر شبه اللفظية** (Paralanguage): وهي الصوت وارتفاعه وطبقته وسرعته وسكتاته، التي تصاحب الكلام ولا تُكتب بحروف لكنها تحمل من المعنى أحيانًا أكثر مما تحمله الكلمات ذاتها. فالجملة الواحدة «شكرًا لك» قد تحمل امتنانًا صادقًا أو سخرية لاذعة، والفارق بينهما ليس في الكلمتين، بل في طبقة الصوت وسرعته ونبره.	نفرّق هنا بين **المحتوى اللفظي** (الكلمات نفسها) و**العناصر شبه اللفظية** (Paralanguage): وهي الصوت وارتفاعه وطبقته وسرعته وسكتاته، التي تصاحب الكلام ولا تُكتب بحروف، لكنها قد تغيّر معنى الكلمات نفسها. فالجملة الواحدة «شكرًا لك» قد تحمل امتنانًا صادقًا أو سخرية لاذعة، والفارق بينهما ليس في الكلمتين، بل في طبقة الصوت وسرعته ونبره.	تحليل حديث — لم يُرَ المصدر مطبوعًا (الدفعة T1): صيغ بصوت المؤلف وحُذفت النسبة الجماعية، وخُفّف «تحمل من المعنى أكثر من الكلمات»	1
المجلد-الرابع/الباب-الرابع/ف01-ب-الدرس-الثاني.md	74	> **من علم التواصل:** *[تحليل حديث]* يعرف أهل الصحافة قالبًا يسمونه «الهرم المقلوب» (Inverted Pyramid): يبدأ الخبر بأهم ما فيه، ثم يأتي الأقل أهمية فالأقل، حتى إذا توقف القارئ أو المستمع في أي موضع كان قد أخذ الأهم. ويستعمل مدربو الخطابة المعاصرون قالبًا قريبًا من خريطة الدقيقة الواحدة، يرمزون إليه بالحروف الأولى من كلماته الإنجليزية (PREP): الرأي، فالسبب، فالمثال، فالرأي مرة أخرى.	> **من علم التواصل:** ونحو هذا ما يسمّيه الصحفيون «الهرم المقلوب» (Inverted Pyramid): يبدأ الخبر بأهم ما فيه، ثم يأتي الأقل أهمية فالأقل، حتى إذا توقف القارئ أو المستمع في أي موضع كان قد أخذ الأهم. ويقرب منه في الكلمة القصيرة قالبٌ رباعي: الرأي، فالسبب، فالمثال، ثم الرأي مرة أخرى.	تحليل حديث — لم يُرَ المصدر مطبوعًا (الدفعة T2): صيغ بصوت المؤلف وحُذفت النسبة إلى «مدربي الخطابة المعاصرين» وحُذف رمز PREP	1
المجلد-الرابع/الباب-الرابع/ف01-ب-الدرس-الثاني.md	177	كثيرًا ما يأتيك الموضوع فجأة: يلتفت إليك رئيس المجلس، أو يتصل بك مذيع، أو يطلب منك مدير كلمة الآن. فإن كانت معك ورقة، فارسم عليها خريطة ذهنية في ستين ثانية؛ وإن لم تكن، فارسمها في ذهنك. ويسمي المعاصرون هذا النوع من التدوين «الخريطة الذهنية» (Mind Map): كلمة في الوسط، تخرج منها فروع، على كل فرع كلمة أو كلمتان. *[تحليل حديث]*	كثيرًا ما يأتيك الموضوع فجأة: يلتفت إليك رئيس المجلس، أو يتصل بك مذيع، أو يطلب منك مدير كلمة الآن. فإن كانت معك ورقة، فارسم عليها خريطة ذهنية في ستين ثانية؛ وإن لم تكن، فارسمها في ذهنك. وهذا النوع من التدوين يُعرف اليوم بـ«الخريطة الذهنية» (Mind Map): كلمة في الوسط، تخرج منها فروع، على كل فرع كلمة أو كلمتان.	تحليل حديث — لم يُرَ المصدر مطبوعًا (الدفعة T2): صيغ بصوت المؤلف وحُذفت النسبة؛ الاسم الشائع وحده بلا نسبة	1
المجلد-الرابع/الباب-الرابع/ف03-أ-فن-الافتتاح.md	96	> «السلام عليكم. طفلان وُلدا في الأسبوع نفسه، وفي البيت نفسه تقريبًا: دخل أحدهما المدرسة وهو يعرف ثلاثة أضعاف كلمات أخيه. الفارق الوحيد بينهما: عشرون دقيقة قراءة كل ليلة. هذا ليس مثالًا افتراضيًّا، بل خلاصة عشرات الدراسات في نمو اللغة عند الأطفال *[تحليل حديث]*. وفي خمس وثلاثين دقيقة سأعرض معكم ثلاثة أسباب لهذا الفارق، وثلاث خطوات عملية يمكن أن تبدأ بها الليلة إن كان في بيتك طفل.»	> «السلام عليكم. طفلان في عمر واحد: أحدهما يسمع كل ليلة قصة قبل النوم، والآخر لا يسمع شيئًا. تخيّلوهما بعد خمس سنوات على باب المدرسة: أيهما تظنونه أوسع كلامًا وأقدر على الفهم؟ لقد جمع باحثون نتائج الدراسات المتاحة في قراءة الآباء لأطفالهم قبل المدرسة، فوجدوا لها أثرًا واضحًا في نموهم اللغوي[^t2_124]. وفي خمس وثلاثين دقيقة سأعرض معكم ثلاثة أسباب لهذا الأثر، وثلاث خطوات عملية يمكن أن تبدأ بها الليلة إن كان في بيتك طفل.»	تحليل حديث — دعوى غير صحيحة (الدفعة T2): «ثلاثة أضعاف الكلمات» و«الفارق الوحيد عشرون دقيقة» و«خلاصة عشرات الدراسات» بلا سند، والثابت من ملخّص التحليل البعدي صلة القراءة المشتركة بالنمو اللغوي	1
المجلد-الرابع/الباب-الرابع/ف03-أ-فن-الافتتاح.md	93	> «السلام عليكم. طفل يسمع القصة كل ليلة قبل النوم، وآخر لا يسمعها أبدًا: أيهما يدخل المدرسة وهو يعرف ثلاثة أضعاف كلمات صاحبه؟ هذا ما تقوله الدراسات في نمو اللغة عند الأطفال، وهذا ما سأعرضه معكم في خمس وثلاثين دقيقة: كيف تصنع القراءة المبكرة هذا الفرق، وماذا تستطيعون أن تفعلوه هذا الأسبوع.»	> «السلام عليكم. طفل يسمع القصة كل ليلة قبل النوم، وآخر لا يسمعها أبدًا: أيهما تظنونه يدخل المدرسة أوسع كلامًا؟ هذا ما سأعرضه معكم في خمس وثلاثين دقيقة: كيف تصنع القراءة المبكرة هذا الفرق، وماذا تستطيعون أن تفعلوه هذا الأسبوع.»	تابع لتصحيح الافتتاح الرفيع (الدفعة T2): حُذفت دعوى «ثلاثة أضعاف» ونسبتها إلى «الدراسات»	1
المجلد-الرابع/الباب-الرابع/ف03-أ-فن-الافتتاح.md	102	| **من المتكلم؟** | لا شيء يوحي بثقة أو تمكن | لا تعريف بالمتكلمة | ضمنًا: من يعرض دراسات ويقترح خطوات | نفسه، وأقوى بذكر "عشرات الدراسات" |	| **من المتكلم؟** | لا شيء يوحي بثقة أو تمكن | لا تعريف بالمتكلمة | ضمنًا: من يعرف الموضوع ويقترح خطوات | نفسه، وأقوى بإحالة صادقة إلى ما جمعه الباحثون |	تابع لتصحيح الافتتاحين الثالث والرابع (الدفعة T2): جدول التحليل	1
المجلد-الرابع/الباب-الرابع/ف03-أ-فن-الافتتاح.md	104	| **ما الذي يعنيني؟** | لا شيء | لا شيء بعد | سؤال يخص كل والد في القاعة | مشهد أدق يخص كل والد (طفلان في البيت نفسه) |	| **ما الذي يعنيني؟** | لا شيء | لا شيء بعد | سؤال يخص كل والد في القاعة | مشهد أدق يخص كل والد (طفلان في عمر واحد بعد خمس سنوات) |	تابع لتصحيح الافتتاح الرفيع (الدفعة T2): جدول التحليل يطابق المشهد الجديد	1
المجلد-الرابع/الباب-الرابع/ف06-أ-فن-الخاتمة.md	91	*[تحليل حديث]* لاحظ علماء النفس في دراسة الذاكرة أن الإنسان إذا سمع قائمة من الأشياء، تذكّر أولها وآخرها أكثر مما يتذكر وسطها. ويسمّى ذلك «أثر الموقع في السلسلة» (Serial Position Effect)، وهو من المفاهيم المستقرة في علم النفس المعرفي.	لاحظ علماء النفس في دراسة الذاكرة أن الإنسان إذا سمع قائمة من الكلمات ثم استرجعها بأي ترتيب شاء، تذكّر أولها وآخرها أكثر مما يتذكر وسطها. ويسمّى ذلك «أثر الموقع في السلسلة» (Serial Position Effect)، وهو من النتائج المستقرة في دراسة الذاكرة[^t2_139].	تحليل حديث — طوبق على المطبوع (الدفعة T2): التجارب في الاسترجاع الحر لقوائم الكلمات؛ Murdock من Crossref بلا صفحة، وUnsworth وزميلاه ص٦٧	1
المجلد-الثامن/الباب-التاسع/ف01-أ-المدخل-وبناء-الخطبة.md	368	> **من علم التواصل: الأول والآخر.** *[تحليل حديث]* يلاحظ علماء النفس المعرفي أن السامع يتذكر ما جاء في أول الكلام وآخره أكثر مما يتذكر ما جاء في وسطه، ويسمّون ذلك «أثر الموضع التسلسلي» (Serial Position Effect). ويُستفاد من ذلك أن تُقال جملة الفكرة في أول الخطبة، ثم تُعاد في خاتمة الأولى، ثم تُلخَّص في الثانية؛ فالمصلي الذي شرد في الوسط يلتقطها في الآخر.	> **من علم التواصل: الأول والآخر.** وجد علماء النفس المعرفي في تجارب الحفظ أن من يسمع قائمة من الكلمات يتذكر أولها وآخرها أكثر مما يتذكر وسطها، ويسمّون ذلك «أثر الموقع في السلسلة» (Serial Position Effect)[^t2_315]. ونرى أن للخطبة من ذلك نصيبًا: فتُقال جملة الفكرة في أول الخطبة، ثم تُعاد في خاتمة الأولى، ثم تُلخَّص في الثانية؛ فالمصلي الذي شرد في الوسط يلتقطها في الآخر.	تحليل حديث — طوبق على المطبوع (الدفعة T2): النتيجة في قوائم الكلمات، وتطبيقها على الخطبة استنباط للمؤلف؛ ووُحّد المصطلح مع المجلد الرابع	1
المجلد-الرابع/الباب-الرابع/ف09-أ-من-علم-البديع.md	136	> يلاحظ دارسو الأداء الشفهي أن التوازي الصوتي المنضبط، كالسجع الخفيف والتكرار المحسوب، يُعين ذاكرة السامع على استرجاع الجملة كاملة بعد سماعها مرة واحدة؛ لأن الإيقاع يربط أجزاء الجملة بعضها ببعض في الذهن. *[تحليل حديث]* وهذا يفسر لماذا تبقى الخواتيم الموزونة في الذاكرة أكثر من الخواتيم المسطحة، بشرط ألا يُشترى هذا الإيقاع بثمن المعنى.	> لاحظ والتر أونغ في دراسته للثقافات الشفاهية أن الكلام الذي لا يُكتب يُصاغ ليُحفظ: في قوالب شديدة الإيقاع متوازنة، وفي التكرار والمقابلة وتجانس الأصوات، وأن الإيقاع يعين على التذكر[^t2_148]. ومن هنا نفهم لماذا تبقى الخواتيم الموزونة في الذاكرة أكثر من الخواتيم المسطحة، بشرط ألا يُشترى هذا الإيقاع بثمن المعنى.	تحليل حديث — طوبق على المطبوع (الدفعة T2): سُمّي أونغ، وحُذفت دعوى «استرجاع الجملة كاملة بعد سماعها مرة» لأنها بلا سند؛ والصفحة بترقيم النسخة الإلكترونية	1
المجلد-الخامس/الباب-الخامس/ف08-أ-التهدئة-وحفظ-الكرامة.md	155	> **من علم التواصل:** يُعرف في أدبيات التواصل الحديث ما يُسمى «الإصغاء الانعكاسي»، وهو أن يُعيد المستمع صياغة كلام الغاضب موجزًا («إذن أنت تقول إن…») قبل أن يجيب، ليشعر الغاضب أنه فُهم قبل أن يُرَدَّ عليه. *[تحليل حديث]*	> **من علم التواصل:** ومن أدوات الإصغاء التي وصفها كارل روجرز وريتشارد فارسون أن يعيد المستمع بكلماته هو ما فهمه من كلام محدّثه، فيعرف من جوابه هل شعر أنه فُهم[^t2_172]. وأنفع ما يكون ذلك مع الغاضب قبل الرد عليه: «إذن أنت تقول إن…»، ليشعر أنه فُهم قبل أن يُرَدَّ عليه.	تحليل حديث — عُيّن المصدر من بيانات الفهرسة وقُرئ ملخّصه أو نصّه بلا صفحة (الدفعة T2): الأداة عند روجرز وفارسون، ولم يُرَ فيه اسم «الإصغاء الانعكاسي»، وتطبيقها على الغاضب للمؤلف	1
المجلد-السادس/الباب-السادس/ف01-السلام-والبشاشة-والاستماع.md	447	*[تحليل حديث]* يُعرف في أدبيات التواصل مصطلح «الاستماع الفعّال» (Active Listening)، ويُنسب إلى عالم النفس الأمريكي كارل روجرز وزميله ريتشارد فارسون *(Carl R. Rogers & Richard E. Farson, "Active Listening", 1957)*. ومعناه أن يستمع المرء إلى المعنى الكامل للكلام، أي إلى مضمونه وإلى شعور صاحبه، ثم يُظهر للمتكلم أنه فهم، بإعادة الصياغة، والسؤال المستوضح، ورد الشعور إلى صاحبه.	ومما كُتب في «الاستماع الفعّال» (Active Listening) كرّاسةٌ بهذا العنوان لكارل روجرز وريتشارد فارسون (١٩٥٧). ومعناه عندهما أن يستمع المرء إلى المعنى الكامل للكلام، أي إلى مضمونه وإلى شعور صاحبه، وأن يلتفت إلى ما لا تحمله الألفاظ من تردد ونبرة ووجه وحركة، ثم يُظهر للمتكلم أنه فهم: بأن يعيد بكلماته هو ما فهمه، وأن يردّ على الشعور لا على المضمون وحده[^t2_187].	تحليل حديث — عُيّن المصدر من بيانات الفهرسة وقُرئ ملخّصه أو نصّه بلا صفحة (الدفعة T2): «السؤال المستوضح» ليس في النص، ولم يُرَ «يُنسب إليهما» ولا «الأمريكي»	1
المجلد-السادس/الباب-السادس/ف08-ب-الدرس-الثاني.md	94	*[تحليل حديث]* تُردَّد كثيرًا مقولة إن التواصل «٧٪ كلمات، و٣٨٪ نبرة صوت، و٥٥٪ لغة جسد»، وتُنسب إلى دراسات الباحث الأمريكي ألبرت مِهرابيان في أواخر الستينيات من القرن العشرين. وهذه النسب تحديدًا صحيحة الأصل، لكن سياقها ضُيِّق ثم عُمِّم خطأً: فقد كانت دراسة مهرابيان عن حالة خاصة جدًّا، وهي حين يتحدث المرء عن مشاعره (كالإعجاب أو عدمه)، ويتعارض لفظه مع نبرته أو تعبير وجهه؛ ففي تلك الحالة بالذات يميل السامع إلى تصديق النبرة والجسد أكثر من الكلمة. أما تعميم هذه النسب على كل تواصل، وكأن معنى كل كلام تحمل غالبيته لغة الجسد، فتعميم لم تقصده الدراسة نفسها، وقد نبّه الباحث ذاته إلى خطورة هذا التعميم غير الدقيق.	تُردَّد كثيرًا مقولة إن التواصل «٧٪ كلمات، و٣٨٪ نبرة صوت، و٥٥٪ لغة جسد»، وتُنسب إلى دراسات الباحث ألبرت مِهرابيان في أواخر الستينيات من القرن العشرين. والنسب نفسها صحيحة الأصل، لكن سياقها ضيّق، ثم عُمِّمت خطأً: فقد استُخرجت من تجارب في حالة خاصة، هي أن يعبّر المرء عن شعوره نحو غيره (إعجابًا أو نفورًا) ويتعارض لفظه مع نبرته أو تعبير وجهه؛ ففي تلك الحالة بالذات يميل السامع إلى تصديق النبرة والوجه أكثر من الكلمة. والنسبة الكبرى فيها لتعبير الوجه، لا للجسد كله. أما تعميمها على كل تواصل، وكأن معنى كل كلام تحمل أكثره لغة الجسد، فتعميم لم تقصده الدراسة، وقد نصّ مهرابيان نفسه على أن هذه النسب لا تصدق إلا حين يتكلم المرء عن مشاعره ومواقفه[^t2_243].	تحليل حديث — عُيّن المصدر من بيانات الفهرسة وقُرئ ملخّصه أو نصّه بلا صفحة (الدفعة T2): ٥٥٪ لتعبير الوجه لا للجسد، وتنبيه مهرابيان حصرٌ لنطاق النسب لا تحذير من «خطورة»	1
المجلد-السادس/الباب-السادس/ف08-ب-الدرس-الثاني.md	98	*[تحليل حديث]* ومما يُذكر أيضًا في هذا الباب أن الابتسامة الصادقة تشرك العينين لا الفم وحده، بخلاف الابتسامة المتكلَّفة التي تقتصر على الشفتين، وهذه ملاحظة عامة متداولة في علم التواصل غير الشفهي، تفيدك في أن تنتبه إلى ابتسامتك أمام المرآة قبل موقف مهم: هل تصل إلى عينيك أم تقف عند شفتيك؟	ومما يُذكر أيضًا في هذا الباب أن الابتسامة التي تصحبها حركة العضلة المحيطة بالعين، مع العضلة التي ترفع طرفي الفم، أكثر اقترانًا بالسرور الحقيقي من الابتسامة التي تقف عند الشفتين؛ وجد ذلك بول إكمان وزميلاه، وسمّوها «ابتسامة دوشين». ووجدت إيفا كرومهوبر وأنتوني مانستيد بعدهم أنها قد تُصطنع عمدًا كذلك، فليست علامة قاطعة على الصدق[^t2_245]. ويفيدك هذا أن تنتبه إلى ابتسامتك أمام المرآة قبل موقف مهم: هل تصل إلى عينيك أم تقف عند شفتيك؟	تحليل حديث — عُيّن المصدر من بيانات الفهرسة وقُرئ ملخّصه أو نصّه بلا صفحة (الدفعة T2): خلافٌ مسمّى بين إكمان وزميليه وكرومهوبر ومانستيد، بدل «ملاحظة عامة متداولة»	1
المجلد-السادس/الباب-السادس/ف09-ب-الدرس-الثاني.md	89	*[تحليل حديث]* ألّف الكاتب الأمريكي ديل كارنيجي كتابًا مشهورًا بعنوان «كيف تكسب الأصدقاء وتؤثر في الناس» (Dale Carnegie, *How to Win Friends and Influence People*, 1936)، جمع فيه ملاحظات عملية عن أسباب المحبة بين الناس، من أبرزها: الاهتمام الصادق بالآخرين قبل انتظار اهتمامهم بك، والإصغاء أكثر من الكلام عن نفسك، وتذكر اسم من تخاطبه واستعماله، والثناء الصادق المحدد لا العام.	ألّف الكاتب ديل كارنيجي كتابًا مشهورًا بعنوان «كيف تكسب الأصدقاء وتؤثر في الناس» (١٩٣٦)، جمع فيه ملاحظات عملية عن أسباب المحبة بين الناس، من أبرزها: الاهتمام الصادق بالآخرين بدل السعي إلى لفت اهتمامهم إليك، والإصغاء وتشجيع المتكلم على الحديث عن نفسه، وتذكر اسم من تخاطبه، والتقدير الصادق بدل التملق[^t2_246].	تحليل حديث — دعوى غير صحيحة (الدفعة T2): «الثناء المحدد لا العام» ليس في نص ١٩٣٦ بل في الطبعة المنقّحة، والذي فيه «التقدير الصادق بدل التملق»؛ وحُذف «الأمريكي» لأنه لم يُرَ	1
المجلد-السابع/الباب-السابع/ف01-أ-السؤال-المدخل-والدرس-الأول.md	406	*[تحليل حديث]* يفرّق دارسو التواصل بين نوعين من الأسئلة بحسب مساحة الجواب التي تتركها للمسؤول:	نفرّق هنا بين نوعين من الأسئلة بحسب مساحة الجواب التي تتركها للمسؤول:	تحليل حديث — لم يُرَ المصدر مطبوعًا (الدفعة T2): صيغ بصوت المؤلف وحُذفت النسبة إلى «دارسي التواصل»	1
المجلد-السابع/الباب-السابع/ف03-أ-الاستيضاح-وإعادة-الصياغة.md	67	*[تحليل حديث]* أكثر سوء الفهم بين المتحاورين لا ينشأ من خطإ في الألفاظ، بل من أن كل طرف يفترض أنه فهم مراد الآخر، فيبني عليه دون أن يتحقق منه. ويُعرف في أدبيات التواصل أن أفضل علاج لهذا الافتراض خطوة تسمى «التغذية الراجعة»: أن يُلخّص المستمع ما فهمه بكلماته هو، قبل أن يبني عليه موافقة أو مخالفة أو قرارًا. وهذا هو جوهر «إعادة الصياغة» التي يعلّمك هذا الفصل صيغها.	كثير من سوء الفهم بين المتحاورين لا ينشأ من خطإ في الألفاظ، بل من أن كل طرف يفترض أنه فهم مراد الآخر، فيبني عليه دون أن يتحقق منه. واقترح كارل روجرز وريتشارد فارسون لذلك قاعدة: ألا يُبدي أحد المتحاورين رأيه حتى يعيد بكلماته هو ما قاله صاحبه، إعادةً يرضاها صاحبه؛ لأن الفهم أصعب مما يبدو، ولا يثبت حتى يُعرض على صاحب الكلام فيقرّه[^t2_266]. وهذا هو جوهر «إعادة الصياغة» التي يعلّمك هذا الفصل صيغها.	تحليل حديث — عُيّن المصدر من بيانات الفهرسة وقُرئ ملخّصه أو نصّه بلا صفحة (الدفعة T2): القاعدة عند روجرز وفارسون، و«أكثر» و«أفضل علاج» و«التغذية الراجعة» بلا سند	1
المجلد-السابع/الباب-السابع/ف05-أ-الإقناع-المدخل-والدرس-الأول.md	304	الصيغة الأولى تسمى في علم الحجاج «رجل القش»: تصنع خصمًا ضعيفًا ثم تهزمه، والحاضرون يعرفون أن أحدًا لم يقل ذلك. *[تحليل حديث]*	الصيغة الأولى تسمى في دراسة المغالطات «رجل القش»: أن تحرّف قول مخالفك ليسهل عليك ردّه[^t2_275]، والحاضرون يعرفون أن أحدًا لم يقل ذلك.	تحليل حديث — عُيّن المصدر من بيانات الفهرسة وقُرئ ملخّصه أو نصّه بلا صفحة (الدفعة T2): المغالطة تحريف قول المخالف لا صنع خصم ضعيف؛ مرجع إلكتروني بلا صفحات	1
المجلد-السابع/الباب-السابع/ف05-أ-الإقناع-المدخل-والدرس-الأول.md	342	*[تحليل حديث]* قسّم أرسطو في كتابه «الخطابة» وسائل الإقناع إلى ثلاث: ما يرجع إلى **المتكلم** وصدقه وخلقه في عين السامع، وما يرجع إلى **السامع** وحاله وعاطفته، وما يرجع إلى **الكلام نفسه** وحجته. وفي القرن العشرين وضع الفيلسوف البريطاني ستيفن تولمن نموذجًا لتحليل الحجة في الكلام العملي، فيه: الدعوى، والمعطيات التي تسندها، والرابط الذي يصل المعطيات بالدعوى، و**المُقيِّد** الذي يحدّ من إطلاقها («غالبًا»، «في الأكثر»)، و**الاستدراك** الذي يذكر ما قد يُنقض به. *(Stephen Toulmin, The Uses of Argument, Cambridge University Press, 1958.)*	قسّم أرسطو في كتابه «الخطابة» وسائل الإقناع التي يحملها الكلام إلى ثلاث: ما يرجع إلى **المتكلم** وخلقه وصدقه في عين السامع، وما يرجع إلى **السامع** وحاله وعاطفته، وما يرجع إلى **الكلام نفسه** وحجته. وفي القرن العشرين وضع الفيلسوف البريطاني ستيفن تولمن نموذجًا لتحليل الحجة في الكلام العملي، فيه: الدعوى، والمعطيات التي تسندها، والرابط الذي يصل المعطيات بالدعوى، و**السند** الذي يقوم عليه الرابط نفسه، و**المُقيِّد** الذي يبيّن قوة الدعوى («غالبًا»، «في الأكثر»)، و**الاستثناء** الذي يذكر الأحوال التي تسقط فيها[^t2_276].	تحليل حديث — طوبق على المطبوع (الدفعة T2): أرسطو في ترجمة روبرتس، وتولمن في الطبعة المحدّثة ٢٠٠٣؛ أُضيف «السند» العنصر السادس، و«الاستدراك» صار «الاستثناء»	1
المجلد-السابع/الباب-السابع/ف05-ب-الإقناع-الدرس-الثاني.md	261	*[تحليل حديث]* يسمي علم الحجاج الحديث كثيرًا من هذه المزالق «مغالطات»، وهي أنماط من الاستدلال تبدو مقنعة وليست كذلك. والمطلوب منك هنا أمران: أن تجتنبها في كلامك، وأن تكشفها في كلام غيرك بأدب، كما سترى في الفصل السادس.	ويسمي دارسو المنطق والحجاج كثيرًا من هذه المزالق «مغالطات»، والمغالطة في تعريفهم المتوارث منذ أرسطو: حجةٌ تبدو صحيحة وليست كذلك[^t2_281]. والمطلوب منك هنا أمران: أن تجتنبها في كلامك، وأن تكشفها في كلام غيرك بأدب، كما سترى في الفصل السادس.	تحليل حديث — طوبق على المطبوع (الدفعة T2): التعريف متوارث منذ أرسطو لا حديث، و«تبدو صحيحة» لا «مقنعة»	1
المجلد-السابع/الباب-السابع/ف07-أ-النقد-والنصيحة-المدخل-والدرس-الأول.md	71	*[تحليل حديث]* من المعروف في أدبيات التواصل الفعّال أن الملاحظة الموجهة إلى فعل محدد («تأخر التقرير») يسهل على صاحبها أن يتقبلها ويصلحها، بخلاف الملاحظة الموجهة إلى صفة ثابتة في الشخص («أنت مهمل»)؛ فالأولى تصف حدثًا يمكن تغييره، والثانية تصف هوية يصعب على النفس أن تقبل بها، فتُثير الدفاع عن النفس بدل الإصلاح. وهذا هو جوهر الفرق بين ما قالته خديجة لحمزة وما قالته لبلال.	ونلاحظ أن الملاحظة الموجهة إلى فعل محدد («تأخر التقرير») يسهل على صاحبها أن يتقبلها ويصلحها، بخلاف الملاحظة الموجهة إلى صفة ثابتة في الشخص («أنت مهمل»)؛ فالأولى تصف حدثًا يمكن تغييره، والثانية تصف هوية يصعب على النفس أن تقبل بها. وفي دراسة على الأطفال وجدت الباحثتان ميليسا كامنز وكارول دويك أن النقد الموجه إلى الشخص أعقبه عجزٌ ولومٌ للنفس أكثر مما أعقب النقد الموجه إلى طريقة العمل[^t2_287]. وهذا هو جوهر الفرق بين ما قالته خديجة لحمزة وما قالته لبلال.	تحليل حديث — عُيّن المصدر من بيانات الفهرسة وقُرئ ملخّصه أو نصّه بلا صفحة (الدفعة T2): «من المعروف في أدبيات التواصل» بلا سند، والدراسة المسمّاة في الأطفال وفي العجز لا في «الدفاع عن النفس»	1
المجلد-الثامن/الباب-التاسع/ف02-أ-المدخل-وبناء-المحاضرة.md	252	> **من علم التواصل: الانتباه يتجدد بالتغيير.** *[تحليل حديث]* يلاحظ المعلمون ويقرر المشتغلون بعلم النفس التربوي أن انتباه الجمهور يضعف إذا طال نمط واحد من الكلام، ويتجدد إذا تغير النشاط: سؤال، أو مثال، أو كتابة، أو حديث مع الجار. ولا يُعرف رقم ثابت لمدة الانتباه يصدق على كل جمهور وكل موضوع. فالمقطع القصير في هذا الفصل أداة لتنظيم الساعة، لا قانون علمي.	> **من علم التواصل: الانتباه يتجدد بالتغيير.** ويعرف المعلمون بالتجربة أن انتباه الجمهور يضعف إذا طال نمط واحد من الكلام، ويتجدد إذا تغير النشاط: سؤال، أو مثال، أو كتابة، أو حديث مع الجار. أما الرقم الشائع لمدة الانتباه (عشر دقائق إلى خمس عشرة) فقد راجع الباحثان كارين ويلسون وجيمس كورن الدراساتِ التي بُني عليها، فوجداها لا تكاد تسنده، ووجدا أكثرها لم يراعِ اختلاف الناس في الانتباه[^t2_321]. فالمقطع القصير في هذا الفصل أداة لتنظيم الساعة، لا قانون علمي.	تحليل حديث — عُيّن المصدر من بيانات الفهرسة وقُرئ ملخّصه أو نصّه بلا صفحة (الدفعة T2): «ولا يُعرف رقم ثابت» مسنود بملخّص ويلسون وكورن، و«يقرر المشتغلون بعلم النفس التربوي» بلا سند	1
المجلد-التاسع/الباب-العاشر/ف01-أ-بناء-الجواب.md	211	*[تحليل حديث]* تعتمد إدارات التوظيف في مؤسسات كثيرة ما يُسمّى «الأسئلة السلوكية»، وهي التي تبدأ بـ«حدّثنا عن موقف…». وأساسها أن سلوك المرء فيما مضى أصدق دليل على سلوكه فيما يأتي. ويدرّب المدربون على جوابها ببنية رباعية تُعرف بالحروف الأولى من كلماتها الإنجليزية (STAR): الموقف (Situation)، والمهمة (Task)، والفعل (Action)، والنتيجة (Result).	تعتمد إدارات توظيف كثيرة ما يُسمّى «الأسئلة السلوكية»، وهي التي تبدأ بـ«حدّثنا عن موقف…». وأساسها أن سلوك المرء فيما مضى من خير ما يُستدل به على سلوكه فيما يأتي. وللجواب عنها بنية تُعرف بالحروف الأولى من كلماتها الإنجليزية (STAR)، وتنسبها شركة DDI للاستشارات إلى نفسها، وهي عندها: الموقف أو المهمة (Situation/Task)، والفعل (Action)، والنتيجة (Result)[^t2_339]؛ ونفصل هنا الموقف عن المهمة، فتصير أربعًا.	تحليل حديث — عُيّن المصدر من بيانات الفهرسة وقُرئ ملخّصه أو نصّه بلا صفحة (الدفعة T2): STAR عند واضعته DDI ثلاثة عناصر (الموقف/المهمة معًا)، وخُفّف «أصدق دليل»	1
المجلد-التاسع/الباب-العاشر/ف03-ب-إدارة-الاجتماع.md	178	*[تحليل حديث]* وصف عالم النفس الأمريكي إرفينغ جانيس ظاهرة سماها «التفكير الجماعي» (Groupthink): تميل الجماعة المتماسكة إلى الإجماع السريع، فيكتم أفرادها شكوكهم، ويظن كل واحد أن غيره موافق، فتُتخذ قرارات لم يقتنع بها كثير ممن وافقوا عليها. ويقوى ذلك إذا أعلن رئيس الجماعة رأيه في أول النقاش. *(Irving L. Janis, Victims of Groupthink, Boston: Houghton Mifflin, 1972.)*	وصف عالم النفس إرفينغ جانيس ظاهرة سماها «التفكير الجماعي» (Groupthink): تميل الجماعة المتماسكة إلى طلب الإجماع، فيكتم أفرادها شكوكهم، ويظن كل واحد أن غيره موافق، ويُحسب الصمت موافقة، فتُتخذ قرارات لم يقتنع بها كثير ممن وافقوا عليها. ورأى جانيس أن ذلك يقوى كلما أعلن رئيس الجماعة رأيه وانتصر له، ولذلك نصح الرؤساء ألا يبدؤوا النقاش بإعلان ما يفضّلونه[^t2_347].	تحليل حديث — طوبق على المطبوع (الدفعة T2): «طلب الإجماع» لا «الإجماع السريع»، وأثر الرئيس فرضية جانيس ونصيحته؛ وحُذف «الأمريكي» لأنه لم يُرَ	1
المجلد-العاشر/الباب-الحادي-عشر/ف01-ب-الدرس-الثاني.md	146	*[تحليل حديث]* يلاحظ مهندسو الصوت أن الاقتراب الشديد من كثير من الميكروفونات يغلّظ الصوت ويثقله، وأن الابتعاد عنها يضعفه ويُدخل فيه صدى المكان. ويلاحظون أن جفاف الفم مع التوتر يُظهر أصوات اللسان والشفتين، فيُنصح المذيع بشرب الماء قبل البث بقليل. وهذه ملاحظات عملية عامة، تُضبط بأذن المهندس في كل استوديو.	في الميكروفونات الموجَّهة يغلظ الصوت ويثقل كلما اقترب الفم منها، ويقوى صدى المكان وضجيجه كلما ابتعد عنها[^t2_358]. ونلاحظ من الخبرة أن جفاف الفم مع التوتر يُظهر أصوات اللسان والشفتين، فيحسن بالمذيع أن يشرب قليلًا من الماء قبل البث. وهذه ملاحظات عملية عامة، تُضبط بأذن المهندس في كل استوديو.	تحليل حديث — طوبق على المطبوع (الدفعة T2): أثر القرب في الميكروفونات الموجّهة لا «كثير من الميكروفونات»، ونصيحة الماء من خبرة المؤلف	1
المجلد-العاشر/الباب-الحادي-عشر/ف01-ب-الدرس-الثاني.md	185	*[تحليل حديث]* يتلقى مستمع الإذاعة الرسالة من قناة واحدة هي السمع، فيتجه انتباهه كله إلى الصوت، ولذلك يلاحظ كل تعثر فيه. أما مشاهد التلفاز فيتلقى من قناتين، ويلاحظ العاملون في التلفاز أن الصورة إذا خالفت الكلام غلبته في انتباه المشاهد. ويُستفاد من ذلك للمذيع أمران: أن يعطي صوته في الإذاعة ما يعطيه وجهه في التلفاز، وألا يزاحم الصورة في التلفاز بكلام يكررها.	يتلقى مستمع الإذاعة الرسالة من قناة واحدة هي السمع، فيتجه انتباهه كله إلى الصوت، ولذلك يلاحظ كل تعثر فيه. أما مشاهد التلفاز فيتلقى من قناتين، ونرى أن الصورة إذا خالفت الكلام غلبته في الغالب على انتباه المشاهد. ويُستفاد من ذلك للمذيع أمران: أن يعطي صوته في الإذاعة ما يعطيه وجهه في التلفاز، وألا يزاحم الصورة في التلفاز بكلام يكررها.	تحليل حديث — لم يُرَ المصدر مطبوعًا (الدفعة T2): صيغ بصوت المؤلف وحُذفت النسبة إلى «العاملين في التلفاز»	1
المجلد-العاشر/الباب-الثاني-عشر/ف01-ب-الترحيب-والشكر.md	206	*[تحليل حديث]* يقرر علماء التواصل أن كثيرًا مما يُفهم في اللقاء لا يُقال بالكلمات: موضع الجلوس، ومن يمشي أولًا، ومن يُصافَح أولًا، ومن يتكلم أولًا ومن يختم. وفي اللقاءات الرسمية تُقرأ هذه العلامات قراءة دقيقة، لأن الحاضرين يعرفون أنها مقصودة. فترتيب المخاطبة في كلمتك جزء من نظام أكبر: خريطة المقاعد، وبرنامج الحفل، وترتيب الكلمات.	كثير مما يُفهم في اللقاء لا يُقال بالكلمات: موضع الجلوس، ومن يمشي أولًا، ومن يُصافَح أولًا، ومن يتكلم أولًا ومن يختم. وفي اللقاءات الرسمية تُقرأ هذه العلامات قراءة دقيقة، لأن الحاضرين يعرفون أنها مقصودة. فترتيب المخاطبة في كلمتك جزء من نظام أكبر: خريطة المقاعد، وبرنامج الحفل، وترتيب الكلمات.	تحليل حديث — لم يُرَ المصدر مطبوعًا (الدفعة T2): صيغ بصوت المؤلف وحُذفت النسبة إلى «علماء التواصل»	1
المجلد-العاشر/الباب-الثالث-عشر/ف03-أ-الملف-الصوتي-ومشروع-التخرج.md	50	*[تحليل حديث]* من المسلَّمات في علم اكتساب المهارات أن الإتقان لا ينشأ من أداء واحد جيد، بل من تكرار موزَّع عبر زمن طويل، مصحوب بتغذية راجعة محددة بعد كل محاولة، لا بحكم عام في نهاية الطريق فقط. ومعنى ذلك للمتدرب أن قيمة الملف الصوتي المرئي ليست في تسجيله الأخير وحده، بل في السلسلة كاملة: فكل تسجيل سابق كان تغذية راجعة بنى عليها التالي. **ويُستفاد من ذلك أن من يقيس نفسه بتسجيل واحد يظلم نفسه، سواء أكان ذلك التسجيل ممتازًا فيغتر، أم ضعيفًا فيقنط؛ والصواب أن يُقاس المرء بخط تقدمه عبر الزمن لا بلحظة واحدة منه.**	انتهى الباحث أندرس إريكسون وزميلاه في دراستهم لإتقان العازفين وغيرهم إلى أن الإتقان لا ينشأ من أداء واحد جيد، بل من تدرّب مقصود يمتد سنين: تكرارٌ للمهمة نفسها أو ما يشبهها، مع تغذية راجعة مفيدة قريبة من الأداء، ونبّهوا على أن التكرار وحده بلا تغذية راجعة لا يكاد يُحسّن شيئًا[^t2_388]. ومعنى ذلك للمتدرب أن قيمة الملف الصوتي المرئي ليست في تسجيله الأخير وحده، بل في السلسلة كاملة: فكل تسجيل سابق كان تغذية راجعة بنى عليها التالي. **ويُستفاد من ذلك أن من يقيس نفسه بتسجيل واحد يظلم نفسه، سواء أكان ذلك التسجيل ممتازًا فيغتر، أم ضعيفًا فيقنط؛ والصواب أن يُقاس المرء بخط تقدمه عبر الزمن لا بلحظة واحدة منه.**	تحليل حديث — عُيّن المصدر من بيانات الفهرسة وقُرئ ملخّصه أو نصّه بلا صفحة (الدفعة T2): «من المسلَّمات» و«بعد كل محاولة» بلا سند، فنُسب الحكم إلى دراسة إريكسون وزميليه؛ والنص المقروء نسخة معادة الجمع فلا صفحة	1
المجلد-الحادي-عشر/الملاحق/ملحق-ج-أخطاء-قد-تظهر-عند-بعض-المتعلمين.md	5	هذا الملحق ليس حكمًا على أحد، ولا وصفًا لمتعلم بعينه؛ هو رصدٌ لأنماط أخطاء **قد** يقع فيها **بعض** المتعلمين، لأسباب صوتية أو نحوية أو أسلوبية أو تداولية معروفة الآلية، ولا صلة لها بالذكاء ولا بالجدية في التعلم. لا يُنسب أي خطأ هنا إلى شعب أو قومية أو لغة بعينها كحقيقة مسلَّمة؛ حيث يُحتمل أن يكون لخلفية لغوية معينة أثر في خطأ ما، تُذكر الآلية العامة (غياب صوت من نظام صوتي، أو اختلاف بنية نحوية) وتُوضع العلامة *[يُعرض على مختص في الأصوات]* أو ما يقاربها، تنبيهًا إلى أن الربط النهائي بلغة بعينها يحتاج مراجعة متخصصة، لا استنتاجًا عامًا من الكاتب.	هذا الملحق ليس حكمًا على أحد، ولا وصفًا لمتعلم بعينه؛ هو رصدٌ لأنماط أخطاء **قد** يقع فيها **بعض** المتعلمين، لأسباب صوتية أو نحوية أو أسلوبية أو تداولية معروفة الآلية، ولا صلة لها بالذكاء ولا بالجدية في التعلم. ولا يُنسب فيه خطأ إلى شعب أو قومية أو لغة بعينها؛ بل تُذكر الآلية العامة (غياب صوت من النظام الصوتي الأول، أو اختلاف بنية نحوية)، وما جاء فيه من أحكام عامة على أنظمة اللغات، كندرة صوت في لغات العالم، موثَّقٌ في الحواشي من أطالس اللغات وقواعد بياناتها. أما ربط خطأ بعينه بلغة بعينها فلا يصح إلا ببيّنة من دراسة تقابلية موثقة، وليس ذلك من غرض هذا الملحق.	يُعرض على مختص في الأصوات — حُسم (الدفعة M2): لم يعد الملحق يحيل إلى علامة لا تُطبع، وأحكامه النوعية موثّقة في الحواشي	1
المجلد-الحادي-عشر/الملاحق/ملحق-ج-أخطاء-قد-تظهر-عند-بعض-المتعلمين.md	17	| نطق الضاد قريبة من الدال أو اللام أو الظاء | ضاد مفخّمة مُطبَقة مستطيلة المخرج، تغاير الدال واللام والظاء وضوحًا | صوت الضاد المطبق نادر بين لغات العالم، وغير موجود في النظام الصوتي الأصلي لبعض اللغات، فيُقرَّب من أقرب صوت متاح *[يُعرض على مختص في الأصوات]* | كرر: ضَلَّ / دَلَّ / ظَلَّ ثم: «فِي رَمَضانَ فَضْلٌ عَظِيمٌ» |	| نطق الضاد قريبة من الدال أو اللام أو الظاء | ضاد مفخّمة مُطبَقة مستطيلة المخرج، تغاير الدال واللام والظاء وضوحًا | صوت الضاد المفخّم نادر جدًّا في لغات العالم، فلا يكاد يوجد إلا في العربية ولغات قليلة جاورتها، فيقرّبه المتعلم من أقرب صوت في نظامه الصوتي الأول[^m2_396] | كرر: ضَلَّ / دَلَّ / ظَلَّ ثم: «فِي رَمَضانَ فَضْلٌ عَظِيمٌ» |	يُعرض على مختص — حُسم من أطالس اللغات وقواعد بياناتها (الدفعة M2): الضاد المعاصرة [dˤ] في ٧ قوائم من ٣٠٢٠ في PHOIBLE	1
المجلد-الحادي-عشر/الملاحق/ملحق-ج-أخطاء-قد-تظهر-عند-بعض-المتعلمين.md	18	| نطق الظاء قريبة من الزاي أو الذال | ظاء مفخّمة احتكاكية مُطبَقة | قلة الأصوات المفخّمة الاحتكاكية في أنظمة صوتية كثيرة *[يُعرض على مختص]* | كرر: ظَلَّ / زَلَّ / ذَلَّ ثم: «حَافَظَ عَلَى وَعْدِهِ» |	| نطق الظاء قريبة من الزاي أو الذال | ظاء مفخّمة احتكاكية مُطبَقة | غياب الأصوات الاحتكاكية المفخّمة من أكثر الأنظمة الصوتية، فيُقرَّب الصوت من الزاي أو الذال[^m2_397] | كرر: ظَلَّ / زَلَّ / ذَلَّ ثم: «حَافَظَ عَلَى وَعْدِهِ» |	يُعرض على مختص — حُسم من أطالس اللغات وقواعد بياناتها (الدفعة M2): «قلة في أنظمة كثيرة» صارت «غياب من أكثر الأنظمة»	1
المجلد-الحادي-عشر/الملاحق/ملحق-ج-أخطاء-قد-تظهر-عند-بعض-المتعلمين.md	19	| نطق القاف كافًا أو همزة أو غينًا | قاف حَلقية انفجارية مفخّمة ثابتة | تعدد نطق القاف في اللهجات المحيطة بالمتعلم قبل تعلمه الفصحى *[يُعرض على مختص]* | كرر: قَالَ / كَالَ، قَلْب / كَلْب ثم: «قَرَأَ القُرْآنَ بِتُؤَدَةٍ» |	| نطق القاف كافًا أو همزة أو غينًا | قاف حَلقية انفجارية مفخّمة ثابتة | غياب القاف من أكثر الأنظمة الصوتية، فيقرّبها المتعلم من الكاف أو الغين، أو اعتياده نطقًا لهجيًّا للقاف (همزةً أو غيرها) قبل تعلّمه الفصحى[^m2_398] | كرر: قَالَ / كَالَ، قَلْب / كَلْب ثم: «قَرَأَ القُرْآنَ بِتُؤَدَةٍ» |	يُعرض على مختص — حُسم من أطالس اللغات وقواعد بياناتها (الدفعة M2): ذُكرت العلتان، وغياب القاف من أكثر الأنظمة موثّق	1
المجلد-الحادي-عشر/الملاحق/ملحق-ج-أخطاء-قد-تظهر-عند-بعض-المتعلمين.md	20	| نطق العين همزة | عين حَلْقية مجهورة مستمرة | ندرة صوت العين خارج اللغات السامية *[يُعرض على مختص]* | كرر: عَالِمٌ / آلَمَ، عَمَلٌ / أَمَلٌ ثم: «العِلْمُ نُورٌ» |	| نطق العين همزة | عين حَلْقية مجهورة مستمرة | ندرة صوت العين في لغات العالم، فأكثر الأنظمة الصوتية تخلو منه ومن الحاء[^m2_399] | كرر: عَالِمٌ / آلَمَ، عَمَلٌ / أَمَلٌ ثم: «العِلْمُ نُورٌ» |	يُعرض على مختص — دعوى غير صحيحة (الدفعة M2): العين نادرة في لغات العالم عامة، وتوجد في غير السامية (الأمازيغية والكوشية والقوقازية)	1
المجلد-الحادي-عشر/الملاحق/ملحق-ج-أخطاء-قد-تظهر-عند-بعض-المتعلمين.md	22	| إدغام الثاء والذال في السين والزاي أو التاء والدال | ثاء وذال أسنانيتان احتكاكيتان مستقلتان | غياب الأصوات الأسنانية الاحتكاكية من كثير من الأنظمة الصوتية *[يُعرض على مختص]* | كرر: ثَلاثَة / ذَهَبَ ثم: «ثَلاثَةُ طُلابٍ ذَهَبُوا» |	| إدغام الثاء والذال في السين والزاي أو التاء والدال | ثاء وذال أسنانيتان احتكاكيتان مستقلتان | غياب الأصوات الأسنانية الاحتكاكية من أكثر الأنظمة الصوتية[^m2_400] | كرر: ثَلاثَة / ذَهَبَ ثم: «ثَلاثَةُ طُلابٍ ذَهَبُوا» |	يُعرض على مختص — حُسم من أطالس اللغات وقواعد بياناتها (الدفعة M2): «كثير من» صارت «أكثر» (٤٣ لغة من ٥٦٦)	1
المجلد-الحادي-عشر/الملاحق/ملحق-ج-أخطاء-قد-تظهر-عند-بعض-المتعلمين.md	40	| «ثلاثة كتاب» (إفراد المعدود بعد العدد) | «ثلاثة كُتُب» (جمع المعدود من ٣ إلى ١٠) | بعض الأنظمة العددية لا تُصرِّف المعدود بعد الرقم *[يُعرض على مختص]* | عُدَّ من ٣ إلى ١٠ مع «كتاب» مطبِّقًا قاعدة عكس التذكير والتأنيث |	| «ثلاثة كتاب» (إفراد المعدود بعد العدد) | «ثلاثة كُتُب» (جمع المعدود من ٣ إلى ١٠) | كثير من اللغات لا تجمع المعدود بعد العدد، فيبقى الاسم بعده مفردًا[^m2_401] | عُدَّ من ٣ إلى ١٠ مع «كتاب» مطبِّقًا قاعدة عكس التذكير والتأنيث |	يُعرض على مختص — حُسم من أطالس اللغات وقواعد بياناتها (الدفعة M2): الظاهرة في جمع الاسم بعد العدد لا في «الأنظمة العددية»	1
المجلد-الحادي-عشر/الملاحق/ملحق-ج-أخطاء-قد-تظهر-عند-بعض-المتعلمين.md	84	| استعمال صيغة الأمر المباشر حيث يُنتظر طلب مهذب («افتح الباب» في مقام رسمي) | «هل يمكن أن تفتح البابَ، من فضلك؟» أو ما يقاربها بحسب درجة الرسمية | قد يظهر عند بعض المتعلمين المعتادين نقل صيغة الأمر المباشر من سياقات تعليمية أو إدارية سابقة *[يُعرض على مختص]* | حوّل خمس جمل أمر مباشر إلى طلب مهذب بحسب سلّم الرسمية |	| استعمال صيغة الأمر المباشر حيث يُنتظر طلب مهذب («افتح الباب» في مقام رسمي) | «هل يمكن أن تفتح البابَ، من فضلك؟» أو ما يقاربها بحسب درجة الرسمية | قد يعتاد بعض المتعلمين صيغة الأمر المباشر في سياقات تعليمية أو إدارية سابقة، فينقلونها إلى مقام يُنتظر فيه الطلب المهذب | حوّل خمس جمل أمر مباشر إلى طلب مهذب بحسب سلّم الرسمية |	يُعرض على مختص — ملحظ محوَّط بصوت المؤلف (الدفعة M2): رُفعت العلامة وسُوّيت العبارة	1
المجلد-الحادي-عشر/الملاحق/ملحق-ج-أخطاء-قد-تظهر-عند-بعض-المتعلمين.md	87	| الدخول في صلب الموضوع مباشرة بلا تمهيد اجتماعي في مقامات تستوجبه (كالمجالس والزيارات) | تخصيص جملتين إلى أربع جمل للتحية والسؤال عن الحال قبل الموضوع | قد يظهر عند بعض المتعلمين المعتادين أسلوبًا إداريًا مباشرًا في بيئة تعلمهم أو عملهم السابقة *[يُعرض على مختص]* | تدرَّب على افتتاح زيارة اجتماعية بأربع جمل تمهيدية قبل ذكر الغرض |	| الدخول في صلب الموضوع مباشرة بلا تمهيد اجتماعي في مقامات تستوجبه (كالمجالس والزيارات) | تخصيص جملتين إلى أربع جمل للتحية والسؤال عن الحال قبل الموضوع | قد يعتاد بعض المتعلمين أسلوبًا إداريًّا مباشرًا في بيئة تعلّمهم أو عملهم السابقة، فينقلونه إلى مقام اجتماعي يستوجب التمهيد | تدرَّب على افتتاح زيارة اجتماعية بأربع جمل تمهيدية قبل ذكر الغرض |	يُعرض على مختص — ملحظ محوَّط بصوت المؤلف (الدفعة M2): رُفعت العلامة وسُوّيت العبارة	1
المجلد-الثاني/الباب-الثاني/ف02-أ-المدخل-والصفات.md	128	- **همس المجهور في آخر الكلمة:** يقف المتكلم على «العيد» فيسمعها السامع «العيت»، وعلى «المسجد» فتُسمع «المسجت». وسببه أن المتكلم يقطع الصوت قبل أن يتم الحرف، وقد يكون ذلك عادة في نظامه الصوتي الأول، إذ يُهمس فيه المجهور في آخر الكلمة. *[يُعرض على المراجع المختص]*	- **همس المجهور في آخر الكلمة:** يقف المتكلم على «العيد» فيسمعها السامع «العيت»، وعلى «المسجد» فتُسمع «المسجت». وسببه أن المتكلم يقطع الصوت قبل أن يتم الحرف، وقد يكون ذلك من عادة نظامه الصوتي الأول، ففي بعض اللغات يُهمَس المجهور إذا وقع آخر الكلمة.	يُعرض على المراجع المختص — ملحظ محوَّط بصوت المؤلف (الدفعة M2)	1
المجلد-الثاني/الباب-الثاني/ف03-أ-المدخل-والأصوات-الخمسة.md	124	| **الضاد لامًا مفخّمة أو صوتًا بين اللام والدال** | يجري الهواء من جانبي اللسان بلا انحباس ولا إطباق كافٍ | صورة للكلمة استقرت في اللغة الأولى للمتعلم بصوت قريب من اللام *[يُعرض على المراجع المختص]* | «رمضان» بصوت قريب من اللام |	| **الضاد لامًا مفخّمة أو صوتًا بين اللام والدال** | يجري الهواء من جانبي اللسان بلا انحباس ولا إطباق كافٍ | دخول الكلمة لغةَ المتعلم الأولى قديمًا بصوت قريب من اللام، فيبقى نطقها المألوف عنده[^m2_24] | «رمضان» بصوت قريب من اللام |	يُعرض على المراجع المختص — طوبق على المطبوع (الدفعة M2): شاهد الآلية في معجم روبنسون للهوسا	1
المجلد-الثاني/الباب-الثاني/ف04-أ-المدخل-والأزواج.md	107	| **الثاء سينًا** | غياب الأصوات بين الأسنان عن النظام الأول، فيقرَّب الصوت من أقرب مخرج معروف *[يُعرض على المراجع المختص]* | «ثار» ← «سار» |	| **الثاء سينًا** | غياب الأصوات بين الأسنان عن النظام الأول، وهي غائبة عن أكثر لغات العالم، فيقرَّب الصوت من أقرب مخرج معروف[^m2_27] | «ثار» ← «سار» |	يُعرض على مختص — حُسم من أطالس اللغات وقواعد بياناتها (الدفعة M2)	1
المجلد-الثاني/الباب-الثاني/ف05-أ-المدخل-وأصوات-الحلق.md	122	| **الحاء خاءً** | خلط بين عمق الحلق، فيتقدم مخرج الحاء إلى موضع الخاء الأقرب للفم *[يُعرض على المراجع المختص]* | «حَد» ← نطق أقرب إلى «خَد» |	| **الحاء خاءً** | غياب الحاء عن النظام الأول، فيتقدم مخرجها إلى موضع الخاء الأقرب إلى الفم إذا كانت الخاء مألوفة للمتعلم | «حَد» ← نطق أقرب إلى «خَد» |	يُعرض على المراجع المختص — ملحظ محوَّط بصوت المؤلف (الدفعة M2): سُوّيت عبارة «خلط بين عمق الحلق»	1
المجلد-الثاني/الباب-الثاني/ف05-أ-المدخل-وأصوات-الحلق.md	123	| **العين همزة** | سقوط الاحتكاك الحلقي الممتد إلى انغلاق حلقي لحظي، وهذا من أشيع الإبدالات لغياب الحلقيات عن أكثر لغات العالم *[يُعرض على المراجع المختص]* | «سأل» ← «سعل» أو العكس |	| **العين همزة** | سقوط الاحتكاك الحلقي الممتد إلى انغلاق حلقي لحظي، وهو إبدال شائع، لأن العين والحاء غائبتان عن أكثر لغات العالم[^m2_33] | «سأل» ← «سعل» أو العكس |	يُعرض على مختص — حُسم من أطالس اللغات وقواعد بياناتها (الدفعة M2): الندرة للعين والحاء لا لأصوات الحلق كلها، فالهمزة والهاء شائعتان	1
المجلد-الثاني/الباب-الثاني/ف05-أ-المدخل-وأصوات-الحلق.md	126	> **تنبيه:** لا يُقال «أهل كذا لا يستطيعون نطق الحلقيات». بل يُقال: أصوات الحلق الست نادرة في لغات العالم، فمن غابت عن نظامه الصوتي الأول اجتهد في تقريبها من أقرب صوت يعرفه، وهذا يحتاج إلى تدريب مقصود لا إلى الشعور بالعجز.	> **تنبيه:** لا يُقال «أهل كذا لا يستطيعون نطق الحلقيات». بل يُقال: العين والحاء نادرتان في لغات العالم، فمن غابتا عن نظامه الصوتي الأول اجتهد في تقريبهما من أقرب صوت يعرفه، وهذا يحتاج إلى تدريب مقصود لا إلى الشعور بالعجز.	تنبيه غير موسوم بجوار البند ٣٣ (الدفعة M2): الهمزة والهاء شائعتان في لغات العالم، فالندرة للعين والحاء	1
المجلد-الثاني/الباب-الثاني/ف06-أ-المدخل-وحروف-الذلاقة.md	113	| **سقوط قرعة الراء أو ضعفها** | ضعف تحكم طرف اللسان، أو نقل عادة من نظام صوتي أول تُنطق فيه الراء بطريقة مختلفة *[يُعرض على المراجع المختص]* | راء ضعيفة يصعب تمييزها عن اللام في السرعة |	| **سقوط قرعة الراء أو ضعفها** | ضعف تحكم طرف اللسان، أو نقل عادة من نظام صوتي أول تُنطق فيه الراء بطريقة مختلفة | راء ضعيفة يصعب تمييزها عن اللام في السرعة |	يُعرض على المراجع المختص — ملحظ محوَّط بصوت المؤلف (الدفعة M2): رُفعت العلامة بلا تغيير	1
المجلد-الثاني/الباب-الثاني/ف06-أ-المدخل-وحروف-الذلاقة.md	117	| **الباء فاءً، أو الفاء باءً** | ضعف التمييز بين الانطباق التام والاحتكاك، أو بين الجهر والهمس في المخرج الشفوي *[يُعرض على المراجع المختص]* | «فاز» ← نطق أقرب إلى «باز» |	| **الباء فاءً، أو الفاء باءً** | ضعف التمييز بين الانطباق التام والاحتكاك، أو بين الجهر والهمس في المخرج الشفوي | «فاز» ← نطق أقرب إلى «باز» |	يُعرض على المراجع المختص — ملحظ محوَّط بصوت المؤلف (الدفعة M2): رُفعت العلامة بلا تغيير	1
المجلد-الثاني/الباب-الثاني/ف12-أ-المدخل-والدرسان.md	274	> **تنبيه:** قد تلاحظ أن بعض الأنماط الصوتية تتكرر عند متعلمين من خلفية لغوية معينة أكثر من غيرهم. هذا ملحظ تربوي عام لا حكم قاطع، ولا يجوز أبدًا أن يتحول إلى عبارة مثل «الناطقون بلغة كذا لا يستطيعون نطق كذا». الصواب أن تصف الآلية الصوتية: الصوت غير موجود في النظام الصوتي الأول للمتعلم، فيقرّبه إلى أقرب صوت يعرفه. وأي ربط محدد بين خطأ ولغة بعينها، ولو بدا لك واضحًا من خبرتك، يحتاج إلى مراجعة متخصصة قبل تعميمه *[يُعرض على المراجع المختص]*.	> **تنبيه:** قد تلاحظ أن بعض الأنماط الصوتية تتكرر عند متعلمين من خلفية لغوية معينة أكثر من غيرهم. هذا ملحظ تربوي عام لا حكم قاطع، ولا يجوز أبدًا أن يتحول إلى عبارة مثل «الناطقون بلغة كذا لا يستطيعون نطق كذا». الصواب أن تصف الآلية الصوتية: الصوت غير موجود في النظام الصوتي الأول للمتعلم، فيقرّبه إلى أقرب صوت يعرفه. وأي ربط محدد بين خطأ ولغة بعينها، ولو بدا لك واضحًا من خبرتك، لا يُعمَّم إلا ببيّنة من دراسة تقابلية موثقة.	يُعرض على المراجع المختص — نصيحة للقارئ (الدفعة M2): رُفعت العلامة ووُحّدت العبارة مع الملحق ج	1
المجلد-الثاني/الباب-الثاني/ف12-أ-المدخل-والدرسان.md	277	✘ «متعلمو هذه اللغة لا ينطقون الظاء أبدًا.» *[يُعرض على المراجع المختص]*	✘ «متعلمو هذه اللغة لا ينطقون الظاء أبدًا.»	يُعرض على المراجع المختص — لا دعوى في السطر (الدفعة M2): رُفعت العلامة (مثال خطأ ✘)	1
المجلد-الثاني/الباب-الثاني/ف12-أ-المدخل-والدرسان.md	281	✘ «أصحاب هذه اللغة يبدلون القاف همزة دائمًا.» *[يُعرض على المراجع المختص]*	✘ «أصحاب هذه اللغة يبدلون القاف همزة دائمًا.»	يُعرض على المراجع المختص — لا دعوى في السطر (الدفعة M2): رُفعت العلامة (مثال خطأ ✘)	1
المجلد-الثاني/الباب-الثاني/ف12-أ-المدخل-والدرسان.md	285	✘ «هذه المنطقة لا تستطيع نطق الراء العربية أصلًا.» *[يُعرض على المراجع المختص]*	✘ «هذه المنطقة لا تستطيع نطق الراء العربية أصلًا.»	يُعرض على المراجع المختص — لا دعوى في السطر (الدفعة M2): رُفعت العلامة (مثال خطأ ✘)	1
المجلد-الثاني/الباب-الثاني/ف12-أ-المدخل-والدرسان.md	289	✘ «لا يوجد في لغتهم صوت يشبه الثاء، فلن يتقنوها أبدًا.» *[يُعرض على المراجع المختص]*	✘ «لا يوجد في لغتهم صوت يشبه الثاء، فلن يتقنوها أبدًا.»	يُعرض على المراجع المختص — لا دعوى في السطر (الدفعة M2): رُفعت العلامة (مثال خطأ ✘)	1
المجلد-الثالث/الباب-الثالث/ف01-أ-الاسمية-والفعلية.md	23	أول قرار تتخذه في كل جملة عربية قرار لا تنتبه إليه غالبًا: أتبدأ بالاسم أم بالفعل؟ والعربية تتيح لك الأمرين، لكنها لا تجعلهما سواء. فـ«وصل الضيوف» خبر عن حدث، و«الضيوف وصلوا» كلام عن الضيوف أنفسهم، كأن السامع كان يسأل عنهم. وقد يعتاد بعض من تعلّموا بلغة يتقدم فيها الفاعل على الفعل في الغالب، كالإنجليزية، أن يبدؤوا كل جملة عربية بالفاعل أيضًا *[يُعرض على المراجع المختص]*، فتخرج جملهم صحيحة الإعراب، لكنها تُسمع مترجمة، أو مؤكِّدة حيث لا حاجة إلى التوكيد. وهذا الفصل يعلّمك متى تبدأ بكل منهما، وما الذي يتغير في المطابقة إذا بدأت به.	أول قرار تتخذه في كل جملة عربية قرار لا تنتبه إليه غالبًا: أتبدأ بالاسم أم بالفعل؟ والعربية تتيح لك الأمرين، لكنها لا تجعلهما سواء. فـ«وصل الضيوف» خبر عن حدث، و«الضيوف وصلوا» كلام عن الضيوف أنفسهم، كأن السامع كان يسأل عنهم. وقد يعتاد بعض من تعلّموا بلغة يتقدم فيها الفاعل على الفعل في الغالب، كالإنجليزية[^m2_64]، أن يبدؤوا كل جملة عربية بالفاعل أيضًا، فتخرج جملهم صحيحة الإعراب، لكنها تُسمع مترجمة، أو مؤكِّدة حيث لا حاجة إلى التوكيد. وهذا الفصل يعلّمك متى تبدأ بكل منهما، وما الذي يتغير في المطابقة إذا بدأت به.	يُعرض على مختص — حُسم من أطالس اللغات وقواعد بياناتها (الدفعة M2)	1
المجلد-الثالث/الباب-الثالث/ف01-أ-الاسمية-والفعلية.md	249	الفعل العربي يحمل فاعله في لفظه: «ذهبتُ» فيها المتكلم، و«ذهبوا» فيها الجماعة. ولذلك لا تحتاج العربية إلى ضمير منفصل قبل الفعل ليعرف السامع الفاعل. أما في لغات أخرى فلا يُفهم الفاعل إلا بالضمير، فيحمله بعض المتعلمين معهم إلى العربية، فيقولون: «أنا ذهبتُ، ثم أنا قرأتُ». *[يُعرض على المراجع المختص]* فيسمع العربي في كل «أنا» تخصيصًا أو توكيدًا لم يُقصد، وإذا كثرت سمع فيها حديثًا عن النفس أكثر مما ينبغي.	الفعل العربي يحمل فاعله في لفظه: «ذهبتُ» فيها المتكلم، و«ذهبوا» فيها الجماعة. ولذلك لا تحتاج العربية إلى ضمير منفصل قبل الفعل ليعرف السامع الفاعل. أما في لغات أخرى فلا بد من ضمير ظاهر للفاعل[^m2_68]، فيحمله بعض المتعلمين معهم إلى العربية، فيقولون: «أنا ذهبتُ، ثم أنا قرأتُ». فيسمع العربي في كل «أنا» تخصيصًا أو توكيدًا لم يُقصد، وإذا كثرت سمع فيها حديثًا عن النفس أكثر مما ينبغي.	يُعرض على مختص — حُسم من أطالس اللغات وقواعد بياناتها (الدفعة M2): المسألة لزوم الضمير نحويًّا لا توقف الفهم عليه	1
المجلد-الثالث/الباب-الثالث/ف02-ب-الإعراب-والنواسخ.md	446	| **كيف يحدث؟** | قد يثبت المتكلم النون في كل حال لأنها الصورة التي اعتادها، أو يحذفها في كل حال متأثرًا بالعامية. *[يُعرض على المراجع المختص]* |	| **كيف يحدث؟** | قد يثبت المتكلم النون في كل حال لأنها الصورة التي اعتادها، أو يحذفها في كل حال متأثرًا بعاميّة تحذفها. |	يُعرض على المراجع المختص — ملحظ محوَّط بصوت المؤلف (الدفعة M2): ليست العاميات كلها تحذف النون	1
المجلد-الثالث/الباب-الثالث/ف06-أ-أثر-اللغات-المحلية.md	177	> **تنبيه:** هذا الجدول يصف آليات لا لغات. وقد تظهر الآلية الواحدة عند متعلمين من لغات مختلفة. ولا يُنسب شيء منها إلى لغة بعينها إلا بعد مراجعة المختص. *[يُعرض على المراجع المختص]*	> **تنبيه:** هذا الجدول يصف آليات لا لغات. وقد تظهر الآلية الواحدة عند متعلمين من لغات مختلفة. ولا يُنسب شيء منها إلى لغة بعينها إلا ببيّنة من دراسة تقابلية موثقة.	يُعرض على المراجع المختص — نصيحة للقارئ (الدفعة M2): رُفعت العلامة ووُحّدت العبارة مع الملحق ج	1
المجلد-الثالث/الباب-الثالث/ف06-أ-أثر-اللغات-المحلية.md	209	في بعض اللغات يُعبَّر عن الحدث الواحد بفعلين أو ثلاثة متتالية بلا عاطف: «خذ، تعال» بمعنى «أحضِر». والعربية تجمع ذلك في فعل واحد، أو تصل الفعلين بحرف جر أو بالفاء. *[يُعرض على المراجع المختص]*	في بعض اللغات يُعبَّر عن الحدث الواحد بفعلين أو ثلاثة متتالية بلا عاطف: «خذ، تعال» بمعنى «أحضِر». والعربية تجمع ذلك في فعل واحد، أو تصل الفعلين بحرف جر أو بالفاء.	يُعرض على المراجع المختص — ملحظ محوَّط بصوت المؤلف (الدفعة M2): رُفعت العلامة بلا تغيير	1
المجلد-الثالث/الباب-الثالث/ف06-أ-أثر-اللغات-المحلية.md	231	الفعل العربي يتغير بتغير الزمن: «ذهب» و«يذهب» و«سيذهب». ومعه أدوات تدقق المعنى: «قد» للتحقيق، و«كان يفعل» للعادة في الماضي، و«ما زال» للاستمرار. أما في بعض اللغات فيكفي ظرف الزمان للدلالة على المضي أو الاستقبال، أو تُستعمل أداة خاصة للاستمرار أو الإتمام يبحث لها المتعلم عن مقابل، فيضع «كان» أو «سوف» في غير موضعهما. *[يُعرض على المراجع المختص]*	الفعل العربي يتغير بتغير الزمن: «ذهب» و«يذهب» و«سيذهب». ومعه أدوات تدقق المعنى: «قد» للتحقيق، و«كان يفعل» للعادة في الماضي، و«ما زال» للاستمرار. أما في بعض اللغات فيكفي ظرف الزمان للدلالة على المضي أو الاستقبال، أو تُستعمل أداة خاصة للاستمرار أو الإتمام يبحث لها المتعلم عن مقابل، فيضع «كان» أو «سوف» في غير موضعهما[^m2_90].	يُعرض على مختص — حُسم من أطالس اللغات وقواعد بياناتها (الدفعة M2)	1
المجلد-الثالث/الباب-الثالث/ف06-أ-أثر-اللغات-المحلية.md	297	كل لغة تحمل صورها الخاصة. ففي بعض اللغات يتسع فعل «السمع» ليشمل الشمّ والإحساس والفهم، ويتسع فعل «الأكل» ليشمل الفوز والنجاح ونيل اللقب. *[يُعرض على المراجع المختص]* فإذا نُقلت هذه الأفعال إلى العربية كلمةً بكلمة، لم يفهمها العربي، أو فهم منها غير المراد.	كل لغة تحمل صورها الخاصة. ففي بعض اللغات يتسع فعل «السمع» ليشمل الإحساس والفهم، ويتسع فعل «الأكل» ليشمل الفوز والغلبة ونيل الولاية[^m2_91]. فإذا نُقلت هذه الأفعال إلى العربية كلمةً بكلمة، لم يفهمها العربي، أو فهم منها غير المراد.	يُعرض على المراجع المختص — طوبق على المطبوع (الدفعة M2): «الشمّ» و«نيل اللقب» لم يثبتا في معجم روبنسون، والثابت الإحساس والفهم، والفوز والغلبة ونيل الملك	1
المجلد-الثالث/الباب-الثالث/ف06-أ-أثر-اللغات-المحلية.md	335	✔ «وفي أمثال غرب إفريقيا ما معناه: إن الخشبة لا تصير تمساحًا وإن طال بقاؤها في الماء. يريدون أن طول المجاورة لا يغيّر حقيقة الشيء.»	✔ «وفي أمثال الأفارقة ما معناه: إن الخشبة لا تصير تمساحًا وإن بقيت في الماء عشر سنين. يريدون أن طول المجاورة لا يغيّر حقيقة الشيء.»[^m2_92]	يُعرض على المراجع المختص — طوبق على المطبوع (الدفعة M2): المثل في مجموعة ليسلاو بلا نسبة إلى غرب إفريقيا، وفيه «عشر سنين»	1
المجلد-الثالث/الباب-الثالث/ف06-ب-المخاطبة-والتحية-والتطبيق.md	90	يُستعمل في بعض لغات غرب إفريقيا لقبٌ مأخوذ من «المعلّم» لكل متعلم وقور. *[يُعرض على المراجع المختص]* أما في بعض اللهجات العربية فـ«المعلّم» لقب لصاحب الحرفة أو المتجر، فقد يُسمع النداء في غير موضعه.	يُستعمل في بعض لغات غرب إفريقيا لقبٌ يُرجَع إلى «المعلّم» لأهل العلم، ويُنادى به العالم توقيرًا[^m2_94]. أما في بعض اللهجات العربية فـ«المعلّم» لقب لصاحب الحرفة أو المتجر، فقد يُسمع النداء في غير موضعه.	يُعرض على المراجع المختص — طوبق على المطبوع (الدفعة M2): اللقب للعالم لا «لكل متعلم وقور»	1
المجلد-الحادي-عشر/المرجع-الأول-بنك-الأخطاء/ف05-الأسلوب-والثقافة-والمقام.md	119	- **كيف يحدث؟** قد يظهر عند بعض المتعلمين نقل عرف اجتماعي محلي مألوف في مجالسهم إلى مقام رسمي عربي لا يشيع فيه هذا التفصيل عند أول لقاء؛ وهذا يحتاج مراجعة المختص الثقافي قبل تعميمه *[يُعرض على المراجع المختص]*.	- **كيف يحدث؟** قد يظهر عند بعض المتعلمين نقل عرف اجتماعي محلي مألوف في مجالسهم إلى مقام رسمي عربي لا يشيع فيه هذا التفصيل عند أول لقاء؛ ولا يُنسب ذلك إلى أهل بلد بأعيانهم إلا ببيّنة من دراسة تقابلية موثقة.	يُعرض على المراجع المختص — عبارة تحريرية في المتن (الدفعة M2): صارت تنبيهًا للقارئ موحّدًا مع الملحق ج	1
المجلد-الحادي-عشر/المرجع-الأول-بنك-الأخطاء/ف05-الأسلوب-والثقافة-والمقام.md	185	- **كيف يحدث؟** قد يظهر عند بعض المتعلمين نقل طريقة في التعبير عن الحماس اعتادوا عليها في مجالسهم الأصلية، حيث قد يُفهم ارتفاع الصوت فيها إقبالًا لا غضبًا؛ وهذا يحتاج مراجعة المختص الثقافي *[يُعرض على المراجع المختص]*.	- **كيف يحدث؟** قد يظهر عند بعض المتعلمين نقل طريقة في التعبير عن الحماس اعتادوا عليها في مجالسهم الأصلية، حيث قد يُفهم ارتفاع الصوت فيها إقبالًا لا غضبًا؛ ولا يُنسب ذلك إلى قوم بأعيانهم إلا ببيّنة من دراسة تقابلية موثقة.	يُعرض على المراجع المختص — عبارة تحريرية في المتن (الدفعة M2): صارت تنبيهًا للقارئ موحّدًا مع الملحق ج	1
المجلد-السادس/الباب-السادس/ف03-المدح-والشكر-والدعاء.md	463	[م٢-ب٦-ف٣-مث٣٢] **الدعاء مع من يخالفك في الدين.** في بيئات العمل المختلطة يعمل المسلم مع زملاء من غير دينه. والدعاء هنا يُختار بما يليق بالمقام، كالدعاء بالعافية والتوفيق والهداية، مع حفظ الود وحسن العشرة. ويُرجع في تفصيل ما يجوز من الدعاء لغير المسلم وما لا يجوز إلى أهل العلم؛ والمقصود هنا ألا يُترك حسن الخطاب مع أحد. *[يُعرض على المراجع الشرعي]*	[م٢-ب٦-ف٣-مث٣٢] **الدعاء مع من يخالفك في الدين.** في بيئات العمل المختلطة يعمل المسلم مع زملاء من غير دينه. والدعاء هنا يُختار بما يليق بالمقام، كالدعاء بالهداية والعافية، مع حفظ الود وحسن العشرة؛ فقد دعا النبي ﷺ لقوم لم يُسلموا بعدُ فقال: «اللهم اهدِ دوسًا وأْتِ بهم»، وكان اليهود يتعاطسون عنده رجاء أن يقول لهم: يرحمكم الله، فيقول: «يهديكم الله ويصلح بالكم»[^m2_214]. ويُرجع في تفصيل ما يجوز من الدعاء لغير المسلم وما لا يجوز إلى أهل العلم؛ والمقصود هنا ألا يُترك حسن الخطاب مع أحد.	يُعرض على المراجع الشرعي — طوبق على المطبوع (الدفعة M2): الدعاء بالهداية ثابت بالنص؛ و«التوفيق» لا نص فيه مرئي فحُذف، وكلام النووي في الأذكار لم تُعيَّن طبعته فلم يُذكر	1
المجلد-الثاني/الباب-الثاني/ف03-أ-المدخل-والأصوات-الخمسة.md	79	| **الضاد** | حافة اللسان مع الأضراس العليا، والطرف خلف الأسنان | مجهورة، مطبقة، مستعلية | لا يظهر طرف اللسان | الفم ممتلئ، وجانبا اللسان يضغطان على الأضراس، والحنجرة تطنّ |	| **الضاد** | طرف اللسان عند أصول الثنايا العليا كالدال، مع الإطباق | مجهورة، شديدة، مطبقة، مستعلية | لا يظهر طرف اللسان | الفم ممتلئ، ووسط اللسان ومؤخّره مرتفعان، والحنجرة تطنّ |	مواءمة مع قاعدة الضاد المعتمدة (ف03-أ) بعد تحقيق الدفعة M1: الضاد المعاصرة شديدة، ينحبس الهواء فيها بطرف اللسان عند أصول الثنايا	1
المجلد-الثاني/الباب-الثاني/ف03-أ-المدخل-والأصوات-الخمسة.md	95	2. اضغط بجانبي لسانك، أو بأحدهما، على الأضراس العليا.	2. احبس الهواء بطرف لسانك لحظة، كما تحبسه في الدال.	مواءمة مع قاعدة الضاد المعتمدة (ف03-أ) بعد تحقيق الدفعة M1: الضاد المعاصرة شديدة، ينحبس الهواء فيها بطرف اللسان عند أصول الثنايا	1
المجلد-الثاني/الباب-الثاني/ف03-أ-المدخل-والأصوات-الخمسة.md	133	> **تنبيه:** لا يُقال: «أهل البلد الفلاني ينطقون الضاد دالًا». بل يُقال: الضاد صوت نادر في لغات العالم، فإذا غاب عن النظام الصوتي الأول للمتعلم قرّبه من أقرب صوت يعرفه. وأي ربط بين خطأ ولغة بعينها يُعرض على المراجع المختص قبل إثباته.	> **تنبيه:** لا يُقال: «أهل البلد الفلاني ينطقون الضاد دالًا». بل يُقال: الضاد صوت نادر في لغات العالم، فإذا غاب عن النظام الصوتي الأول للمتعلم قرّبه من أقرب صوت يعرفه. ولا يُربط خطأ بلغة بعينها إلا ببيّنة من دراسة تقابلية موثقة.	لغة الإنتاج في المتن: «يُعرض على المراجع المختص» تُستبدل بشرط البيّنة (الدفعة M2)	1
المجلد-الثاني/الباب-الثاني/ف04-أ-المدخل-والأزواج.md	112	> **تنبيه:** لا يُقال «أهل كذا يبدلون الثاء تاءً»، بل يُقال: الأصوات بين الأسنان قليلة في لغات العالم، فمن غابت عن نظامه الصوتي الأول قرّبها من أقرب صوت يعرفه، سينًا أو تاءً. وأي ربط بخطأ بلغة بعينها يُعرض على المراجع المختص.	> **تنبيه:** لا يُقال «أهل كذا يبدلون الثاء تاءً»، بل يُقال: الأصوات بين الأسنان قليلة في لغات العالم، فمن غابت عن نظامه الصوتي الأول قرّبها من أقرب صوت يعرفه، سينًا أو تاءً. ولا يُربط خطأ بلغة بعينها إلا ببيّنة من دراسة تقابلية موثقة.	لغة الإنتاج في المتن: «يُعرض على المراجع المختص» تُستبدل بشرط البيّنة (الدفعة M2)	1
المجلد-الثاني/الباب-الثاني/ف12-أ-المدخل-والدرسان.md	129	[م١-ب٢-ف١٢-مث١] متعلم يبدل الضاد دالًا مفخّمة في كل كلمة تقريبًا فيها ضاد («رمضان» ← «رمدان»)، ويغيّر ذلك معنى بعض الكلمات كليًّا. **الشدة: ●**	[م١-ب٢-ف١٢-مث١] متعلم يبدل الضاد دالًا في كل كلمة تقريبًا فيها ضاد («رمضان» ← «رمدان»)، ويغيّر ذلك معنى بعض الكلمات كليًّا. **الشدة: ●**	مواءمة مع قاعدة الضاد المعتمدة (ف03-أ) بعد تحقيق الدفعة M1: الضاد المعاصرة شديدة، ينحبس الهواء فيها بطرف اللسان عند أصول الثنايا؛ والخطأ سقوط الإطباق	1
المجلد-الثاني/الباب-الثاني/ف12-أ-المدخل-والدرسان.md	179	> «لاحظتُ أنني أبدل الضاد دالًا مفخّمة، وظهر ذلك في كلمة "رمضان" ثلاث مرات من أربع في تسجيلي.»	> «لاحظتُ أنني أبدل الضاد دالًا، وظهر ذلك في كلمة "رمضان" ثلاث مرات من أربع في تسجيلي.»	مواءمة مع قاعدة الضاد المعتمدة (ف03-أ) بعد تحقيق الدفعة M1: الضاد المعاصرة شديدة، ينحبس الهواء فيها بطرف اللسان عند أصول الثنايا	1
المجلد-الثاني/الباب-الثاني/ف12-أ-المدخل-والدرسان.md	282	✔ «قد يقرّب بعض المتعلمين القاف من صوت أقرب إلى نظامهم الصوتي الأول، والحكم الدقيق في هذا يحتاج مراجعة مختص.»	✔ «قد يقرّب بعض المتعلمين القاف من صوت أقرب إلى نظامهم الصوتي الأول، ولا يُنسب ذلك إلى لغة بعينها إلا ببيّنة من دراسة تقابلية موثقة.»	لغة الإنتاج في المتن: «يُعرض على المراجع المختص» تُستبدل بشرط البيّنة (الدفعة M2)	1
المجلد-الثاني/الباب-الثاني/ف12-أ-المدخل-والدرسان.md	292	> **قاعدة:** إن لاحظتَ نمطًا يتكرر عند متعلم بعينه، فصفه له بلغة الآلية الصوتية لا بلغة الحكم على أصله أو لغته، ودعه دائمًا مفتوحًا للمراجعة المتخصصة.	> **قاعدة:** إن لاحظتَ نمطًا يتكرر عند متعلم بعينه، فصفه له بلغة الآلية الصوتية لا بلغة الحكم على أصله أو لغته، ولا تنسبه إلى لغة بعينها إلا ببيّنة من دراسة تقابلية موثقة.	لغة الإنتاج في المتن: «يُعرض على المراجع المختص» تُستبدل بشرط البيّنة (الدفعة M2)	1
المجلد-الثاني/الباب-الثاني/ف12-ب-التطبيق-والتقويم.md	92	| س٣ | سليمان | عندي صوتانِ بالرمزِ ●: الضادُ أُبدِلُها دالًا مفخّمةً غالبًا، والمدُّ أُقصِّرُه أحيانًا كثيرةً. والباقي ◐ أو ◔. |	| س٣ | سليمان | عندي صوتانِ بالرمزِ ●: الضادُ أُبدِلُها دالًا غالبًا، والمدُّ أُقصِّرُه أحيانًا كثيرةً. والباقي ◐ أو ◔. |	مواءمة مع قاعدة الضاد المعتمدة (ف03-أ) بعد تحقيق الدفعة M1: الضاد المعاصرة شديدة، ينحبس الهواء فيها بطرف اللسان عند أصول الثنايا	1
المجلد-الحادي-عشر/الملاحق/ملحق-ج-أخطاء-قد-تظهر-عند-بعض-المتعلمين.md	17	| نطق الضاد قريبة من الدال أو اللام أو الظاء | ضاد مفخّمة مُطبَقة مستطيلة المخرج، تغاير الدال واللام والظاء وضوحًا | صوت الضاد المفخّم نادر جدًّا في لغات العالم، فلا يكاد يوجد إلا في العربية ولغات قليلة جاورتها، فيقرّبه المتعلم من أقرب صوت في نظامه الصوتي الأول[^1] | كرر: ضَلَّ / دَلَّ / ظَلَّ ثم: «فِي رَمَضانَ فَضْلٌ عَظِيمٌ» |	| نطق الضاد قريبة من الدال أو اللام أو الظاء | ضاد شديدة مجهورة مُطبَقة، من موضع الدال مع الإطباق، تغاير الدال واللام والظاء وضوحًا | صوت الضاد المفخّم نادر جدًّا في لغات العالم، فلا يكاد يوجد إلا في العربية ولغات قليلة جاورتها، فيقرّبه المتعلم من أقرب صوت في نظامه الصوتي الأول[^1] | كرر: ضَلَّ / دَلَّ / ظَلَّ ثم: «فِي رَمَضانَ فَضْلٌ عَظِيمٌ» |	مواءمة مع قاعدة الضاد المعتمدة (ف03-أ) بعد تحقيق الدفعة M1: الضاد المعاصرة شديدة، ينحبس الهواء فيها بطرف اللسان عند أصول الثنايا	1
المجلد-الحادي-عشر/الملاحق/ملحق-ب-معجم-الترجمة-الحرفية.md	121	| «اعتذر على تأخره» | غير مؤكد؛ يُعرض على مختص | «اعتذر عن تأخره» | فعل «اعتذر» يتعدى بـ«عن» في الفصيح المعتمد |	| «اعتذر على تأخره» | خطأ في حرف التعدية، لا يُعرف له مصدر أجنبي محدد | «اعتذر عن تأخره» | فعل «اعتذر» يتعدى بـ«عن» في الفصيح المعتمد |	لغة الإنتاج في المتن («يُعرض على مختص»): يُذكر أن مصدره غير معيّن بدل الإحالة إلى مختص	1
المجلد-الحادي-عشر/الملاحق/ملحق-ب-معجم-الترجمة-الحرفية.md	124	| «حلم في مستقبل أفضل» | غير مؤكد؛ يُعرض على مختص | «حلم بمستقبل أفضل» | فعل «حلم» يتعدى بالباء |	| «حلم في مستقبل أفضل» | خطأ في حرف التعدية، لا يُعرف له مصدر أجنبي محدد | «حلم بمستقبل أفضل» | فعل «حلم» يتعدى بالباء |	لغة الإنتاج في المتن («يُعرض على مختص»): يُذكر أن مصدره غير معيّن بدل الإحالة إلى مختص	1
المجلد-الأول/الافتتاحية/02-الإنسان-والبيان.md	79	[^3]: تحقيق: البيتان في معلّقة زهير على بعض رواياتها دون بعض؛ وتفصيل ذلك في ملحق التحقيق، المسألة الأولى.	[^3]: تحقيق: البيتان في معلّقة زهير على بعض رواياتها دون بعض، وليسا في رواية ثعلب؛ ونُسب البيتان أيضًا إلى الأعور الشنّي وإلى عبد الله بن معاوية الجعفري، ونُسب الثاني منهما إلى زياد الأعجم: ثعلب، شرح شعر زهير بن أبي سلمى، تحقيق فخر الدين قباوة، ص٣٧، الحاشية ٤. وتفصيل ذلك في ملحق التحقيق، المسألة الأولى.	طوبق على المطبوع (الدفعة V1R): حاشية قباوة على شرح ثعلب ص٣٧ ح٤، وفيها نسبة البيتين إلى غير زهير	1
المجلد-الأول/الافتتاحية/90-ملحق-التحقيق.md	13	وليسا في رواية ابن الأنباري في «شرح القصائد السبع الطوال الجاهليات». فقد ختم القصيدة بقوله: «وأعلمُ ما في اليوم والأمس قبله…»، ثم قال: «تمّت قصيدة زهير بغريبها، وهي تسعة وخمسون بيتًا».[^3]	وليسا في رواية ابن الأنباري في «شرح القصائد السبع الطوال الجاهليات». فقد ختم القصيدة بقوله: «وأعلمُ ما في اليوم والأمس قبله…»، ثم قال: «تمّت قصيدة زهير بغريبها، وهي تسعة وخمسون بيتًا».[^3]	طوبق على المطبوع (الدفعة V1R): رواية ثعلب ونسبة البيتين إلى غير زهير في حاشية قباوة ص٣٧ ح٤	1
المجلد-الأول/الافتتاحية/05-البيان-عند-علماء-العربية.md	187	[^6]: ابن قتيبة، أدب الكاتب، تحقيق محمد الدالي. وأقسامه على ذلك: كتاب المعرفة، وكتاب تقويم اليد، وكتاب تقويم اللسان، وكتاب الأبنية.	[^6]: ابن قتيبة، أدب الكاتب، تحقيق محمد الدالي، ص١٢، وفيه: «فعَمِلتُ لمُغْفِل التأديب كُتُبًا خفافًا في المعرفة، وفي تقويم اللسان واليد». وأقسامه على ذلك: كتاب المعرفة (ص٢١، وعنوانه بين معقوفين من المحقّق)، وكتاب تقويم اليد (ص٢١٣)، وكتاب تقويم اللسان (ص٣٠٧)، وكتاب الأبنية (ص٤٣٣).	طوبق على المطبوع (الدفعة V1R): خطبة الكتاب ص١٢ وعناوين أقسامه الأربعة	1
المجلد-الأول/الافتتاحية/05-البيان-عند-علماء-العربية.md	188	[^7]: أبو هلال العسكري، كتاب الصناعتين: الكتابة والشعر، تحقيق علي محمد البجاوي ومحمد أبو الفضل إبراهيم، ص٥؛ وتسميته «كتاب الصناعتين» في خاتمة جزئه الأول، ص٢٣٨. والعنوان الشارح «الكتابة والشعر» من صنيع المحقّقين في طبعتهما.	[^7]: أبو هلال العسكري، كتاب الصناعتين: الكتابة والشعر، تحقيق علي محمد البجاوي ومحمد أبو الفضل إبراهيم، ص٥؛ وتسميته «كتاب الصناعتين» في خاتمة جزئه الأول، ص٢٣٨.	طوبق على المطبوع (الدفعة V1R): ص٢٣٨ ثابتة، ولم يثبت أن العنوان الشارح من صنيع المحقّقين فحُذف القول به	1
المجلد-الأول/الافتتاحية/09-ما-رأيته.md	160	وقد وصف ابن خلدون كيف تحصل ملكة اللسان لأهله. فالناشئ منهم يسمع استعمال المفردات في معانيها فيلقّنها، ثم يسمع التراكيب فيلقّنها كذلك، ولا يزال سماعه يتجدّد في كل لحظةٍ ومن كل متكلّم، حتى يصير ذلك ملكةً راسخة.[^3] فإذا كانت الملكة تُبنى بالسماع والتكرار على طول الزمن، فإن أولى الأوقات ببنائها أوّلها.	وقد وصف ابن خلدون كيف تحصل ملكة اللسان لأهله. فالمتكلّم منهم يسمع كلام أهل جيله كما يسمع الصبيّ استعمال المفردات في معانيها فيُلقَّنها، ثم يسمع التراكيب فيُلقَّنها كذلك، ولا يزال سماعه يتجدّد في كل لحظةٍ ومن كل متكلّم، واستعماله يتكرّر، حتى يصير ذلك ملكةً راسخة.[^3] فإذا كانت الملكة تُبنى بالسماع والتكرار على طول الزمن، فإن أولى الأوقات ببنائها أوّلها.	طوبق على المطبوع (الدفعة V1R): الحكاية أُدنيت من لفظ ابن خلدون في ف٤٦، ١/٧٦٥ (تشبيه الصبيّ، وتكرّر الاستعمال، و«فيُلقَّنها»)	1
المجلد-الأول/الافتتاحية/09-ما-رأيته.md	475	[^5]: ابن خلدون، المقدمة، الفصل التاسع والأربعون: في تعليم اللسان المضري، ١/٧٧١. والعبارة هنا حكايةٌ لمعناه لا لنصّه.	[^5]: ابن خلدون، المقدمة، الفصل التاسع والأربعون: في تعليم اللسان المضري، ١/٧٧١–٧٧٢؛ وفساد اللسان في الأمصار بمخالطة العجمة في الفصل الثامن والأربعين قبله، ١/٧٧٠–٧٧١. والعبارة هنا حكايةٌ لمعناه لا لنصّه.	طوبق على المطبوع (الدفعة V1R): تمام الملكة في ص٧٧٢، و«في الأمصار» من الفصل الثامن والأربعين ص٧٧٠–٧٧١	1
المجلد-الأول/الافتتاحية/09-ما-رأيته.md	187	- **«دحين»** من «ذا الحين»، فيما يُذكر في أصلها.	- **«دحين»** من «ذا الحين».[^v1r_68]	طوبق على المطبوع (الدفعة V1R): أصل «دحين» عند البلادي ص٣٥٥ و٣٥٨، فحُذف «فيما يُذكر»	1
المجلد-الأول/الافتتاحية/14-أي-عربية-نتكلم.md	66	[^1]: Charles A. Ferguson, "Diglossia," *Word* 15, no. 2 (1959): 325–340.	[^1]: Charles A. Ferguson, "Diglossia," *Word* 15, no. 2 (1959): 325–340؛ واللغات الأربع التي بنى عليها الوصف فيه 326، وتسمية النوعين 327، ووظائفهما 329، واكتسابهما 331، وعرضها هنا بتصرّف.	طوبق على المطبوع (الدفعة V1R): مواضع الأمثلة وتسمية النوعين ووظائفهما واكتسابهما في مقالة فرغسون	1
المجلد-الأول/المدخل/ف01-العربية-ومستوياتها.md	48	[^1]: Charles A. Ferguson, "Diglossia," *Word* 15, no. 2 (1959): 325–340.	[^1]: Charles A. Ferguson, "Diglossia," *Word* 15, no. 2 (1959): 325–340؛ واللغات الأربع التي بنى عليها الوصف فيه 326، وتسمية النوعين 327، ووظائفهما 329، واكتسابهما 331، وعرضها هنا بتصرّف.	طوبق على المطبوع (الدفعة V1R): الأمثلة الأربعة ص326، والنوعان ووظائفهما واكتسابهما ص327–331	1
المجلد-الأول/الافتتاحية/14-أي-عربية-نتكلم.md	67	[^2]: السعيد محمد بدوي، مستويات العربية المعاصرة في مصر: بحثٌ في علاقة اللغة بالحضارة، دار المعارف، القاهرة، ١٩٧٣. والعبارة الأخيرة حكايةٌ لمعناه لا لنصّه.	[^2]: السعيد محمد بدوي، مستويات العربية المعاصرة في مصر: بحثٌ في علاقة اللغة بالحضارة، دار المعارف، القاهرة، ١٩٧٣، ص٨٩؛ وتدرّج المستويات وانسياب بعضها في بعض، وتمثيله بألوان الطيف، ص٩٤–٩٥. والعبارة الأخيرة حكايةٌ لمعناه لا لنصّه.	طوبق على المطبوع (الدفعة V1R): المستويات الخمسة ص٨٩، وتدرّجها وتمثيلها بألوان الطيف ص٩٤–٩٥	1
المجلد-الأول/المدخل/ف01-العربية-ومستوياتها.md	49	[^2]: السعيد محمد بدوي، مستويات العربية المعاصرة في مصر: بحثٌ في علاقة اللغة بالحضارة، دار المعارف، القاهرة، ١٩٧٣.	[^2]: السعيد محمد بدوي، مستويات العربية المعاصرة في مصر: بحثٌ في علاقة اللغة بالحضارة، دار المعارف، القاهرة، ١٩٧٣، ص٨٩؛ وتدرّج المستويات وانسياب بعضها في بعض، وتمثيله بألوان الطيف، ص٩٤–٩٥.	طوبق على المطبوع (الدفعة V1R): المستويات الخمسة ص٨٩، وتدرّجها وتمثيلها بألوان الطيف ص٩٤–٩٥	1
المجلد-الأول/المدخل/ف01-العربية-ومستوياتها.md	28	والأهمّ من العدد أنه نبّه على أن هذه المستويات ليست غرفًا منفصلة، بل مواضع على طيفٍ متصل، يتنقّل بينها المتكلّم الواحد في الحديث الواحد.	والأهمّ من العدد أنه نبّه على أن هذه المستويات ليست غرفًا منفصلة، بل مواضع على طيفٍ متصل، ينساب كلٌّ منها في الذي يجاوره. والمشاهَد أن المتكلّم الواحد قد يتنقّل بينها في الحديث الواحد.	طوبق على المطبوع (الدفعة V1R): لم يوجد عند بدوي أن المتكلّم الواحد يتنقّل بين المستويات في الحديث الواحد، فجُعل ملاحظةً للمؤلف	1
المجلد-الأول/الافتتاحية/09-ما-رأيته.md	474	[^4]: الشاطبي، المقاصد الشافية في شرح الخلاصة الكافية، ٨/٢٤٦، وفيه: «أيش؟ أصله أيّ شيء؟ لكنه اختُصر إلى أن لم يبق من «شيء» إلا الشين».	[^4]: الشاطبي، المقاصد الشافية في شرح الخلاصة الكافية، الجزء الثامن، تحقيق محمد إبراهيم البنّا، ٨/٢٤٦، وفيه: «أيش؟ أصله أيّ شيء؟ لكنه اختُصر إلى أن لم يبق من «شيء» إلا الشين».	طوبق على المطبوع (الدفعة V1R): محقّق الجزء الثامن محمد إبراهيم البنّا (صفحة العنوان)، واللفظ في ٨/٢٤٦	1
المجلد-الأول/الافتتاحية/90-ملحق-التحقيق.md	23	والبيت بالرواية الأولى مشهورٌ في كتب النحو وأصول الدين، وأنشده ابن هشام في معنى الكلام.[^5]	والبيت بالرواية الأولى مشهورٌ في كتب النحو وأصول الدين، وأنشده ابن هشام في معنى الكلام منسوبًا إلى الأخطل.[^5]	طوبق على المطبوع (الدفعة V1R): ابن هشام يقول «قال الأخطل» (ط. محيي الدين ص٥٢)	1
المجلد-الأول/الافتتاحية/90-ملحق-التحقيق.md	37	[^5]: ابن هشام، شرح شذور الذهب، ص٣٥.	[^5]: ابن هشام، شرح شذور الذهب، ومعه منتهى الأرب بتحقيق شرح شذور الذهب لمحمد محيي الدين عبد الحميد، دار الطلائع، القاهرة، ص٥٢؛ وفي حاشية المحقّق (٩) أنه بحث ديوان الأخطل فلم يجد البيتين فيه، ووجدهما في زياداته «نقلًا عن مثل هذا الكتاب».	طوبق على المطبوع (الدفعة V1R): عُدل عن طبعة الدقر (ص٣٥، لم تُرَ مصوّرتها) إلى طبعة محيي الدين وقد رُئيت ص٥٢، مع حاشية المحقّق في ديوان الأخطل	1
المجلد-الأول/الافتتاحية/16-علوم-العربية-وطريق-التكوين.md	152	[^6]: الغزالي، المستصفى، تحقيق محمد عبد السلام عبد الشافي، القطب الرابع: في حكم المستثمر وهو المجتهد، ص٣٤٤.	[^6]: الغزالي، المستصفى من علم الأصول، ومعه فواتح الرحموت، تقديم وضبط وتعليق إبراهيم محمد رمضان، دار الأرقم بن أبي الأرقم، بيروت، القطب الرابع: في حكم المستثمر وهو المجتهد، ٢/٥١٧. وفي طبعاتٍ أخرى: «درجة الخليل بن أحمد والمبرّد»، و«دقائق المقاصد».	طوبق على المطبوع (الدفعة V1R): اللفظ على مصوّرة طبعة دار الأرقم ٢/٥١٧، ولم تُرَ مصوّرة طبعة عبد الشافي (ص٣٤٤)؛ وذُكر خلاف الطبعات الأخرى	1
bible/12-تنويع-المرجعية-وبناء-الهوامش.md	322	- **أبو هلال العسكري:** كان المتن ينسب إليه أنه سمّى كتابه «كتاب الصناعتين: الكتابة والشعر»، والعنوان الشارح من صنيع المحقّقين. فصار المتن على لفظه: سمّاه «كتاب الصناعتين»، وجمع فيه «جميع ما يحتاج إليه في صنعة الكلام: نثره ونظمه»، بحاشية توثيق.	- **أبو هلال العسكري:** كان المتن ينسب إليه أنه سمّى كتابه «كتاب الصناعتين: الكتابة والشعر»، ولم يثبت أن العنوان الشارح من لفظه ولا من صنيع المحقّقين (مراجعة المجلد الأول الثانية). فصار المتن على لفظه: سمّاه «كتاب الصناعتين»، وجمع فيه «جميع ما يحتاج إليه في صنعة الكلام: نثره ونظمه»، بحاشية توثيق.	لم يُرَ في مقدمة التحقيق ولا في المطبوع ما يثبت أن العنوان الشارح من صنيع المحققين (الدفعة V1R)	1
المجلد-الثالث/الباب-الثالث/ف06-ب-المخاطبة-والتحية-والتطبيق.md	19	وكان النبي ﷺ إذا دخل على مريض يعوده قال: «لَا بَأْسَ، طَهُورٌ إِنْ شَاءَ اللَّهُ» (رواه البخاري).	وكان النبي ﷺ إذا دخل على مريض يعوده قال: «لَا بَأْسَ، طَهُورٌ إِنْ شَاءَ اللَّهُ» (رواه البخاري)[^ha1_1].	تخريج — طوبق على المطبوع (الدفعة HA1): رواه البخاري (٣٦١٦، ٥٦٥٦)، واللفظ مطابق	1
المجلد-السادس/الباب-السادس/ف03-المدح-والشكر-والدعاء.md	395	وكان ﷺ إذا دخل على مريض يعوده قال: «لَا بَأْسَ، طَهُورٌ إِنْ شَاءَ اللَّهُ» (رواه البخاري).	وكان ﷺ إذا دخل على مريض يعوده قال: «لَا بَأْسَ، طَهُورٌ إِنْ شَاءَ اللَّهُ» (رواه البخاري)[^ha1_2].	تخريج — طوبق على المطبوع (الدفعة HA1): رواه البخاري (٣٦١٦، ٥٦٥٦)، واللفظ مطابق	1
المجلد-الثالث/الباب-الثالث/ف07-ب-التكرار-والغموض.md	153	روى البخاري عن أنس رضي الله عنه عن النبي ﷺ: «أَنَّهُ كَانَ إِذَا تَكَلَّمَ بِكَلِمَةٍ أَعَادَهَا ثَلَاثًا حَتَّى تُفْهَمَ عَنْهُ» (رواه البخاري).	روى البخاري عن أنس رضي الله عنه عن النبي ﷺ: «أَنَّهُ كَانَ إِذَا تَكَلَّمَ بِكَلِمَةٍ أَعَادَهَا ثَلَاثًا حَتَّى تُفْهَمَ عَنْهُ» (رواه البخاري)[^ha5_1].	تخريج — طوبق على المطبوع (الدفعة HA1): البخاري (٩٥)، واللفظ مطابق	1
المجلد-الرابع/الباب-الرابع/ف01-أ-المدخل-والدرس-الأول.md	73	«أَنَّهُ كَانَ إِذَا تَكَلَّمَ بِكَلِمَةٍ أَعَادَهَا ثَلَاثًا حَتَّى تُفْهَمَ عَنْهُ» (رواه البخاري).	«أَنَّهُ كَانَ إِذَا تَكَلَّمَ بِكَلِمَةٍ أَعَادَهَا ثَلَاثًا حَتَّى تُفْهَمَ عَنْهُ» (رواه البخاري)[^ha5_2].	تخريج — طوبق على المطبوع (الدفعة HA1): البخاري (٩٥)، واللفظ مطابق	1
المجلد-الخامس/الباب-الخامس/ف01-ب-الدرس-الثاني.md	77	المعلم يخاطب صغارًا أو ناشئة، في وقت محدود، وانتباههم قصير. فلسانه أقصر الألسنة الستة جملًا، وأكثرها تكرارًا وسؤالًا وتشجيعًا. وهو لا يتنازل عن الفصحى، بل يختار منها أقربها. وفي صحيح البخاري عن أنس رضي الله عنه في وصف كلام النبي ﷺ: «أَنَّهُ كَانَ إِذَا تَكَلَّمَ بِكَلِمَةٍ أَعَادَهَا ثَلَاثًا حَتَّى تُفْهَمَ عَنْهُ» (رواه البخاري).	المعلم يخاطب صغارًا أو ناشئة، في وقت محدود، وانتباههم قصير. فلسانه أقصر الألسنة الستة جملًا، وأكثرها تكرارًا وسؤالًا وتشجيعًا. وهو لا يتنازل عن الفصحى، بل يختار منها أقربها. وفي صحيح البخاري عن أنس رضي الله عنه في وصف كلام النبي ﷺ: «أَنَّهُ كَانَ إِذَا تَكَلَّمَ بِكَلِمَةٍ أَعَادَهَا ثَلَاثًا حَتَّى تُفْهَمَ عَنْهُ» (رواه البخاري)[^ha5_3].	تخريج — طوبق على المطبوع (الدفعة HA1): البخاري (٩٥)، واللفظ مطابق	1
المجلد-السادس/الباب-السادس/ف02-على-قدر-العقول.md	63	وعن أنس رضي الله عنه عن النبي ﷺ: «أَنَّهُ كَانَ إِذَا تَكَلَّمَ بِكَلِمَةٍ أَعَادَهَا ثَلَاثًا حَتَّى تُفْهَمَ عَنْهُ» (رواه البخاري، كتاب العلم).	وعن أنس رضي الله عنه عن النبي ﷺ: «أَنَّهُ كَانَ إِذَا تَكَلَّمَ بِكَلِمَةٍ أَعَادَهَا ثَلَاثًا حَتَّى تُفْهَمَ عَنْهُ» (رواه البخاري، كتاب العلم)[^ha5_4].	تخريج — طوبق على المطبوع (الدفعة HA1): البخاري (٩٥)، واللفظ مطابق	1
المجلد-الثامن/الباب-التاسع/ف02-أ-المدخل-وبناء-المحاضرة.md	63	«أَنَّهُ كَانَ إِذَا تَكَلَّمَ بِكَلِمَةٍ أَعَادَهَا ثَلَاثًا حَتَّى تُفْهَمَ عَنْهُ» (رواه البخاري).	«أَنَّهُ كَانَ إِذَا تَكَلَّمَ بِكَلِمَةٍ أَعَادَهَا ثَلَاثًا حَتَّى تُفْهَمَ عَنْهُ» (رواه البخاري)[^ha5_5].	تخريج — طوبق على المطبوع (الدفعة HA1): البخاري (٩٥)، واللفظ مطابق	1
المجلد-الرابع/الباب-الرابع/ف02-أ-المدخل-والدرس-الأول.md	60	«بِسْمِ اللَّهِ الرَّحْمَنِ الرَّحِيمِ، مِنْ مُحَمَّدٍ عَبْدِ اللَّهِ وَرَسُولِهِ إِلَى هِرَقْلَ عَظِيمِ الرُّومِ: سَلَامٌ عَلَى مَنِ اتَّبَعَ الْهُدَى، أَمَّا بَعْدُ…» (متفق عليه).	«بِسْمِ اللَّهِ الرَّحْمَنِ الرَّحِيمِ، مِنْ مُحَمَّدٍ عَبْدِ اللَّهِ وَرَسُولِهِ إِلَى هِرَقْلَ عَظِيمِ الرُّومِ: سَلَامٌ عَلَى مَنِ اتَّبَعَ الْهُدَى، أَمَّا بَعْدُ…» (متفق عليه)[^ha9_1].	تخريج — طوبق على المطبوع (الدفعة HA1): البخاري (٧) ومسلم (١٧٧٣)، واللفظ للبخاري	1
المجلد-العاشر/الباب-الثاني-عشر/ف01-أ-المدخل-والألقاب.md	67	«بِسْمِ اللهِ الرَّحْمَنِ الرَّحِيمِ، مِنْ مُحَمَّدٍ عَبْدِ اللهِ وَرَسُولِهِ إِلَى هِرَقْلَ عَظِيمِ الرُّومِ» (رواه البخاري، من حديث أبي سفيان في خبر هرقل)	«بِسْمِ اللهِ الرَّحْمَنِ الرَّحِيمِ، مِنْ مُحَمَّدٍ عَبْدِ اللهِ وَرَسُولِهِ إِلَى هِرَقْلَ عَظِيمِ الرُّومِ» (رواه البخاري، من حديث أبي سفيان في خبر هرقل)[^ha9_2]	تخريج — طوبق على المطبوع (الدفعة HA1): البخاري (٧)، واللفظ مطابق	1
المجلد-الرابع/الباب-الرابع/ف06-أ-فن-الخاتمة.md	85	وفي حديث جبريل عليه السلام، بعد أن سأل النبيَّ ﷺ عن الإسلام والإيمان والإحسان والساعة وانصرف، ختم النبي ﷺ المجلس بقوله: «فَإِنَّهُ جِبْرِيلُ أَتَاكُمْ يُعَلِّمُكُمْ دِينَكُمْ» (رواه مسلم). فكشفت الجملة الأخيرة عن غاية المجلس كله: أن ما سمعوه هو الدين في أصوله. وهذا من أنفع ما يتعلمه المعلم: أن يسمّي في آخر درسه ما الذي تعلّمه طلابه.	وفي حديث جبريل عليه السلام، بعد أن سأل النبيَّ ﷺ عن الإسلام والإيمان والإحسان والساعة وانصرف، قال النبي ﷺ بعد ذلك لعمر رضي الله عنه: «فَإِنَّهُ جِبْرِيلُ أَتَاكُمْ يُعَلِّمُكُمْ دِينَكُمْ» (رواه مسلم)[^ha13_1]. فكشفت الجملة الأخيرة عن غاية المجلس كله: أن ما سمعوه هو الدين في أصوله. وهذا من أنفع ما يتعلمه المعلم: أن يسمّي في آخر درسه ما الذي تعلّمه طلابه.	تخريج — طوبق على المطبوع (الدفعة HA1): مسلم (٨)؛ والجملة قالها ﷺ لعمر بعد انصراف السائل بمدة («فلبثتُ مليًّا ثم قال لي»)، لا خاتمةً للمجلس نفسه	1
المجلد-السابع/الباب-السابع/ف01-أ-السؤال-المدخل-والدرس-الأول.md	91	في حديث جبريل المشهور أن رجلًا دخل على النبي ﷺ وهو بين أصحابه، فجلس إليه، وسأله عن الإسلام، ثم عن الإيمان، ثم عن الإحسان، ثم عن الساعة وأماراتها. ثم انصرف، فقال النبي ﷺ بعد ذلك لعمر رضي الله عنه: «يَا عُمَرُ، أَتَدْرِي مَنِ السَّائِلُ؟» ثم قال: «فَإِنَّهُ جِبْرِيلُ أَتَاكُمْ يُعَلِّمُكُمْ دِينَكُمْ» (رواه مسلم).	في حديث جبريل المشهور أن رجلًا دخل على النبي ﷺ وهو بين أصحابه، فجلس إليه، وسأله عن الإسلام، ثم عن الإيمان، ثم عن الإحسان، ثم عن الساعة وأماراتها. ثم انصرف، فقال النبي ﷺ بعد ذلك لعمر رضي الله عنه: «يَا عُمَرُ، أَتَدْرِي مَنِ السَّائِلُ؟» ثم قال: «فَإِنَّهُ جِبْرِيلُ أَتَاكُمْ يُعَلِّمُكُمْ دِينَكُمْ» (رواه مسلم)[^ha13_2].	تخريج — طوبق على المطبوع (الدفعة HA1، HA2): مسلم (٨)، واللفظ مطابق	1
المجلد-الثامن/الباب-الثامن/ف01-أ-المدخل-والدخول-والجلوس.md	65	روى عمر بن الخطاب رضي الله عنه حديث جبريل عليه السلام حين جاء إلى النبي ﷺ في صورة رجل يسأله عن الإسلام والإيمان والإحسان، وفيه: «حتى جلس إلى النبي ﷺ، فأسند ركبتيه إلى ركبتيه، ووضع كفيه على فخذيه»، وفي آخره قال النبي ﷺ: «فإنه جبريل أتاكم يعلّمكم دينكم» (رواه مسلم).	روى عمر بن الخطاب رضي الله عنه حديث جبريل عليه السلام حين جاء إلى النبي ﷺ في صورة رجل يسأله عن الإسلام والإيمان والإحسان، وفيه: «حتى جلس إلى النبي ﷺ، فأسند ركبتيه إلى ركبتيه، ووضع كفيه على فخذيه»، وفي آخره قال النبي ﷺ: «فإنه جبريل أتاكم يعلّمكم دينكم» (رواه مسلم)[^ha13_3].	تخريج — طوبق على المطبوع (الدفعة HA1، HA4): مسلم (٨)، واللفظ مطابق	1
المجلد-الخامس/الباب-الخامس/ف01-أ-المدخل-والدرس-الأول.md	68	«مَا أَنْتَ بِمُحَدِّثٍ قَوْمًا حَدِيثًا لَا تَبْلُغُهُ عُقُولُهُمْ، إِلَّا كَانَ لِبَعْضِهِمْ فِتْنَةً» (رواه مسلم في المقدمة)	«مَا أَنْتَ بِمُحَدِّثٍ قَوْمًا حَدِيثًا لَا تَبْلُغُهُ عُقُولُهُمْ، إِلَّا كَانَ لِبَعْضِهِمْ فِتْنَةً» (رواه مسلم في المقدمة)[^ha17]	تخريج — طوبق على المطبوع (الدفعة HA1): مسلم، المقدمة ١/١١، موقوف على ابن مسعود	1
المجلد-الخامس/الباب-الخامس/ف04-أ-المدخل-والدرس-الأول.md	54	قال رسول الله ﷺ: «إِنَّ الرِّفْقَ لَا يَكُونُ فِي شَيْءٍ إِلَّا زَانَهُ، وَلَا يُنْزَعُ مِنْ شَيْءٍ إِلَّا شَانَهُ» (رواه مسلم).	قال رسول الله ﷺ: «إِنَّ الرِّفْقَ لَا يَكُونُ فِي شَيْءٍ إِلَّا زَانَهُ، وَلَا يُنْزَعُ مِنْ شَيْءٍ إِلَّا شَانَهُ» (رواه مسلم)[^ha21_1].	تخريج — طوبق على المطبوع (الدفعة HA1): مسلم (٢٥٩٤)، واللفظ مطابق	1
المجلد-السابع/الباب-السابع/ف05-أ-الإقناع-المدخل-والدرس-الأول.md	90	«إِنَّ الرِّفْقَ لَا يَكُونُ فِي شَيْءٍ إِلَّا زَانَهُ، وَلَا يُنْزَعُ مِنْ شَيْءٍ إِلَّا شَانَهُ» (رواه مسلم)	«إِنَّ الرِّفْقَ لَا يَكُونُ فِي شَيْءٍ إِلَّا زَانَهُ، وَلَا يُنْزَعُ مِنْ شَيْءٍ إِلَّا شَانَهُ» (رواه مسلم)[^ha21_2]	تخريج — طوبق على المطبوع (الدفعة HA1): مسلم (٢٥٩٤)، واللفظ مطابق	1
المجلد-الخامس/الباب-الخامس/ف06-مخاطبة-الأقران-والأدنى.md	396	ومن هدي النبي ﷺ في ذلك قوله للأشجّ، أشجّ عبد القيس: «إِنَّ فِيكَ خَصْلَتَيْنِ يُحِبُّهُمَا اللَّهُ: الْحِلْمُ وَالْأَنَاةُ» (رواه مسلم). مدحٌ سمّى الصفتين بأسمائهما، ولم يقل: إنك رجل صالح. وقال ﷺ في عبد الله بن عمر، وكان شابًّا: «نِعْمَ الرَّجُلُ عَبْدُ اللَّهِ، لَوْ كَانَ يُصَلِّي مِنَ اللَّيْلِ» (متفق عليه)، فكان ابن عمر بعدها لا ينام من الليل إلا قليلًا. ويُستفاد من الحديث الثاني أن المدح الصادق يفتح باب التوجيه، وأن التوجيه جاء بـ«لو» لا بـ«لكنّ»؛ فـ«لكنّ» بعد المدح كثيرًا ما تمحوه في أذن السامع، و«لو» تبني عليه.	ومن هدي النبي ﷺ في ذلك قوله للأشجّ، أشجّ عبد القيس: «إِنَّ فِيكَ خَصْلَتَيْنِ يُحِبُّهُمَا اللَّهُ: الْحِلْمُ وَالْأَنَاةُ» (رواه مسلم)[^ha25_1]. مدحٌ سمّى الصفتين بأسمائهما، ولم يقل: إنك رجل صالح. وقال ﷺ في عبد الله بن عمر، وكان شابًّا: «نِعْمَ الرَّجُلُ عَبْدُ اللَّهِ، لَوْ كَانَ يُصَلِّي مِنَ اللَّيْلِ» (متفق عليه)، فكان ابن عمر بعدها لا ينام من الليل إلا قليلًا. ويُستفاد من الحديث الثاني أن المدح الصادق يفتح باب التوجيه، وأن التوجيه جاء بـ«لو» لا بـ«لكنّ»؛ فـ«لكنّ» بعد المدح كثيرًا ما تمحوه في أذن السامع، و«لو» تبني عليه.	تخريج — طوبق على المطبوع (الدفعة HA1): مسلم (١٧)، واللفظ مطابق	1
المجلد-السادس/الباب-السادس/ف03-المدح-والشكر-والدعاء.md	61	قال النبي ﷺ لأشجّ عبد القيس: «إِنَّ فِيكَ خَصْلَتَيْنِ يُحِبُّهُمَا اللَّهُ: الحِلْمُ وَالأَنَاةُ» (رواه مسلم).	قال النبي ﷺ لأشجّ عبد القيس: «إِنَّ فِيكَ خَصْلَتَيْنِ يُحِبُّهُمَا اللَّهُ: الحِلْمُ وَالأَنَاةُ» (رواه مسلم)[^ha25_2].	تخريج — طوبق على المطبوع (الدفعة HA1): مسلم (١٧)، واللفظ مطابق	1
المجلد-الثامن/الباب-التاسع/ف05-أ-العطل-وضيق-الوقت.md	82	قدم الأشجّ عبد القيس على النبي ﷺ، فقال له: «إنَّ فيكَ خَصلَتَينِ يُحِبُّهُما اللهُ: الحِلمُ والأناةُ» (رواه مسلم).	قدم الأشجّ عبد القيس على النبي ﷺ، فقال له: «إنَّ فيكَ خَصلَتَينِ يُحِبُّهُما اللهُ: الحِلمُ والأناةُ» (رواه مسلم)[^ha25_3].	تخريج — طوبق على المطبوع (الدفعة HA1): مسلم (١٧)، واللفظ مطابق	1
المجلد-الخامس/الباب-الخامس/ف08-أ-التهدئة-وحفظ-الكرامة.md	51	وفي ضبط الغضب نفسه، جاء عن أبي هريرة رضي الله عنه أن رجلًا قال للنبي ﷺ: «أوصني»، قال: «لا تَغْضَبْ»، فردّد مرارًا، قال: «لا تَغْضَبْ» (رواه البخاري). وجاء في الصحيحين: «لَيْسَ الشَّدِيدُ بِالصُّرَعَةِ، إِنَّمَا الشَّدِيدُ الَّذِي يَمْلِكُ نَفْسَهُ عِنْدَ الْغَضَبِ» (متفق عليه).	وفي ضبط الغضب نفسه، جاء عن أبي هريرة رضي الله عنه أن رجلًا قال للنبي ﷺ: «أوصني»، قال: «لا تَغْضَبْ»، فردّد مرارًا، قال: «لا تَغْضَبْ» (رواه البخاري). وجاء في الصحيحين: «لَيْسَ الشَّدِيدُ بِالصُّرَعَةِ، إِنَّمَا الشَّدِيدُ الَّذِي يَمْلِكُ نَفْسَهُ عِنْدَ الْغَضَبِ» (متفق عليه)[^ha29_1].	تخريج — طوبق على المطبوع (الدفعة HA1): البخاري (٦١١٤) ومسلم (٢٦٠٩)، واللفظ مطابق	1
المجلد-السادس/الباب-السادس/ف07-أ-المدخل-والدرس-الأول.md	84	**القوة في ضبط النفس.** قال النبي ﷺ: «لَيْسَ الشَّدِيدُ بِالصُّرَعَةِ، إِنَّمَا الشَّدِيدُ الَّذِي يَمْلِكُ نَفْسَهُ عِنْدَ الغَضَبِ» (متفق عليه). فمن رفع صوته في الغضب ظن أنه أظهر قوته، وهو في ميزان الحديث قد أظهر ضعفه.	**القوة في ضبط النفس.** قال النبي ﷺ: «لَيْسَ الشَّدِيدُ بِالصُّرَعَةِ، إِنَّمَا الشَّدِيدُ الَّذِي يَمْلِكُ نَفْسَهُ عِنْدَ الغَضَبِ» (متفق عليه)[^ha29_2]. فمن رفع صوته في الغضب ظن أنه أظهر قوته، وهو في ميزان الحديث قد أظهر ضعفه.	تخريج — طوبق على المطبوع (الدفعة HA1): البخاري (٦١١٤) ومسلم (٢٦٠٩)، واللفظ مطابق	1
المجلد-السادس/الباب-السادس/ف07-ب-الدرس-الثاني.md	120	> **الأصل الشرعي:** قال النبي ﷺ: «لَيْسَ الشَّدِيدُ بِالصُّرَعَةِ، إِنَّمَا الشَّدِيدُ الَّذِي يَمْلِكُ نَفْسَهُ عِنْدَ الغَضَبِ» (متفق عليه) *(انظر مدخل هذا الفصل)*. فرفع الصوت غضبًا ظاهره قوة، وهو في ميزان الحديث ضعف.	> **الأصل الشرعي:** قال النبي ﷺ: «لَيْسَ الشَّدِيدُ بِالصُّرَعَةِ، إِنَّمَا الشَّدِيدُ الَّذِي يَمْلِكُ نَفْسَهُ عِنْدَ الغَضَبِ» (متفق عليه)[^ha29_3] *(انظر مدخل هذا الفصل)*. فرفع الصوت غضبًا ظاهره قوة، وهو في ميزان الحديث ضعف.	تخريج — طوبق على المطبوع (الدفعة HA1): البخاري (٦١١٤) ومسلم (٢٦٠٩)، واللفظ مطابق	1
المجلد-العاشر/الباب-الثاني-عشر/ف03-أ-المدخل-وعرض-الموقف.md	58	قال النبي ﷺ: «لَيْسَ الشَّدِيدُ بِالصُّرَعَةِ، إِنَّمَا الشَّدِيدُ الَّذِي يَمْلِكُ نَفْسَهُ عِنْدَ الْغَضَبِ» (متفق عليه)	قال النبي ﷺ: «لَيْسَ الشَّدِيدُ بِالصُّرَعَةِ، إِنَّمَا الشَّدِيدُ الَّذِي يَمْلِكُ نَفْسَهُ عِنْدَ الْغَضَبِ» (متفق عليه)[^ha29_4]	تخريج — طوبق على المطبوع (الدفعة HA1): البخاري (٦١١٤) ومسلم (٢٦٠٩)، واللفظ مطابق	1
المجلد-السادس/الباب-السادس/ف01-السلام-والبشاشة-والاستماع.md	78	وقال ﷺ في المتخاصمَين يلتقيان: «وَخَيْرُهُمَا الَّذِي يَبْدَأُ بِالسَّلَامِ» (متفق عليه).	وقال ﷺ في المتهاجرَين يلتقيان: «وَخَيْرُهُمَا الَّذِي يَبْدَأُ بِالسَّلَامِ» (متفق عليه)[^ha33_1].	تخريج — طوبق على المطبوع (الدفعة HA1): البخاري (٦٠٧٧) ومسلم (٢٥٦٠)؛ والحديث في المتهاجرَين	1
المجلد-السادس/الباب-السادس/ف01-السلام-والبشاشة-والاستماع.md	183	| النظيران يلتقيان | أيهما سبق فهو أفضل | «وَخَيْرُهُمَا الَّذِي يَبْدَأُ بِالسَّلَامِ» (متفق عليه) |	| النظيران يلتقيان | أيهما سبق فهو أفضل | «وَخَيْرُهُمَا الَّذِي يَبْدَأُ بِالسَّلَامِ» (متفق عليه)[^ha33_2] |	تخريج — طوبق على المطبوع (الدفعة HA1): البخاري (٦٠٧٧) ومسلم (٢٥٦٠)	1
المجلد-السادس/الباب-السادس/ف01-السلام-والبشاشة-والاستماع.md	308	وقال جرير بن عبد الله رضي الله عنه: «مَا حَجَبَنِي النَّبِيُّ ﷺ مُنْذُ أَسْلَمْتُ، وَلَا رَآنِي إِلَّا تَبَسَّمَ فِي وَجْهِي» (متفق عليه).	وقال جرير بن عبد الله رضي الله عنه: «مَا حَجَبَنِي النَّبِيُّ ﷺ مُنْذُ أَسْلَمْتُ، وَلَا رَآنِي إِلَّا تَبَسَّمَ فِي وَجْهِي» (متفق عليه)[^ha37].	تخريج — طوبق على المطبوع (الدفعة HA1): البخاري (٦٠٨٩) ومسلم (٢٤٧٥)، واللفظ للبخاري	1
المجلد-السادس/الباب-السادس/ف03-المدح-والشكر-والدعاء.md	63	وسأل أُبيّ بن كعب رضي الله عنه: أي آية من كتاب الله معك أعظم؟ فأجاب بآية الكرسي، فقال له ﷺ: «وَاللَّهِ لِيَهْنِكَ العِلْمُ أَبَا المُنْذِرِ» (رواه مسلم).	وسأل النبيُّ ﷺ أُبيَّ بن كعب رضي الله عنه: «أتدري أيُّ آيةٍ من كتاب الله معك أعظم؟» فأجاب بآية الكرسي، فضرب في صدره وقال: «وَاللَّهِ لِيَهْنِكَ العِلْمُ أَبَا المُنْذِرِ» (رواه مسلم)[^ha41].	تخريج — طوبق على المطبوع (الدفعة HA1): مسلم (٨١٠)؛ السائل هو النبي ﷺ لا أُبيّ	1
المجلد-السادس/الباب-السادس/ف03-المدح-والشكر-والدعاء.md	393	وقالت أم سليم رضي الله عنها: يا رسول الله، خادمك أنس، ادعُ الله له، فقال: «اللَّهُمَّ أَكْثِرْ مَالَهُ وَوَلَدَهُ، وَبَارِكْ لَهُ فِيمَا أَعْطَيْتَهُ» (متفق عليه).	وقالت أم سليم رضي الله عنها: يا رسول الله، خادمك أنس، ادعُ الله له، فقال: «اللَّهُمَّ أَكْثِرْ مَالَهُ وَوَلَدَهُ، وَبَارِكْ لَهُ فِيمَا أَعْطَيْتَهُ» (متفق عليه)[^ha45].	تخريج — طوبق على المطبوع (الدفعة HA1): البخاري (٦٣٤٤) ومسلم (٢٤٨٠)، واللفظ مطابق	1
المجلد-السادس/الباب-السادس/ف04-أ-المدخل-والدرس-الأول.md	66	**ثواب إعانة المحتاج.** قال النبي ﷺ: «مَنْ نَفَّسَ عَنْ مُؤْمِنٍ كُرْبَةً مِنْ كُرَبِ الدُّنْيَا، نَفَّسَ اللهُ عَنْهُ كُرْبَةً مِنْ كُرَبِ يَوْمِ الْقِيَامَةِ» (رواه مسلم).	**ثواب إعانة المحتاج.** قال النبي ﷺ: «مَنْ نَفَّسَ عَنْ مُؤْمِنٍ كُرْبَةً مِنْ كُرَبِ الدُّنْيَا، نَفَّسَ اللهُ عَنْهُ كُرْبَةً مِنْ كُرَبِ يَوْمِ الْقِيَامَةِ» (رواه مسلم)[^ha49].	تخريج — طوبق على المطبوع (الدفعة HA1): مسلم (٢٦٩٩)، واللفظ مطابق	1
المجلد-السادس/الباب-السادس/ف05-أ-المدخل-والدرس-الأول.md	64	**كل ابن آدم خطّاء.** قال النبي ﷺ: «كُلُّ بَنِي آدَمَ خَطَّاءٌ، وَخَيْرُ الْخَطَّائِينَ التَّوَّابُونَ» (رواه الترمذي وابن ماجه). فالخطأ طبيعة بشرية، والفضل ليس في عدم الوقوع فيه، بل في حسن الرجوع بعده. ويُستفاد من هذا أن الاعتذار ليس إقرارًا بالنقص الدائم، بل هو أصل الفضل نفسه، فلا ينبغي أن يُستحيا منه ولا أن يُموَّه بالتبرير.	**كل ابن آدم خطّاء.** قال النبي ﷺ: «كُلُّ بَنِي آدَمَ خَطَّاءٌ، وَخَيْرُ الْخَطَّائِينَ التَّوَّابُونَ» (رواه الترمذي وابن ماجه)[^ha53]. فالخطأ طبيعة بشرية، والفضل ليس في عدم الوقوع فيه، بل في حسن الرجوع بعده. ويُستفاد من هذا أن الاعتذار ليس إقرارًا بالنقص الدائم، بل هو أصل الفضل نفسه، فلا ينبغي أن يُستحيا منه ولا أن يُموَّه بالتبرير.	تخريج — طوبق على المطبوع (الدفعة HA1): الترمذي (٢٤٩٩) وابن ماجه (٤٢٥١)، واللفظ لابن ماجه، وحكم الترمذي بلفظه	1
المجلد-السادس/الباب-السادس/ف07-أ-المدخل-والدرس-الأول.md	68	**الاحتقار شرّ في ذاته، وهو من الكبر.** قال النبي ﷺ: «بِحَسْبِ امْرِئٍ مِنَ الشَّرِّ أَنْ يَحْقِرَ أَخَاهُ الْمُسْلِمَ» (رواه مسلم). وعرّف الكبر فقال: «الْكِبْرُ بَطَرُ الْحَقِّ وَغَمْطُ النَّاسِ» (رواه مسلم). وغمط الناس احتقارهم.	**الاحتقار شرّ في ذاته، وهو من الكبر.** قال النبي ﷺ: «بِحَسْبِ امْرِئٍ مِنَ الشَّرِّ أَنْ يَحْقِرَ أَخَاهُ الْمُسْلِمَ» (رواه مسلم)[^ha57]. وعرّف الكبر فقال: «الْكِبْرُ بَطَرُ الْحَقِّ وَغَمْطُ النَّاسِ» (رواه مسلم). وغمط الناس احتقارهم.	تخريج — طوبق على المطبوع (الدفعة HA1): مسلم (٢٥٦٤)، واللفظ مطابق	1
المجلد-السادس/الباب-السادس/ف08-أ-المدخل-والدرس-الأول.md	56	**عدم إلزام الناس بالتشريف الجسدي.** قال النبي ﷺ: «مَنْ أَحَبَّ أَنْ يَتَمَثَّلَ لَهُ الرِّجَالُ قِيَامًا فَلْيَتَبَوَّأْ مَقْعَدَهُ مِنَ النَّارِ» (رواه أبو داود والترمذي). فالحديث ليس نهيًا عن قيام الإنسان لضيفه أو لكبيره تكريمًا اختياريًّا منه، بل نهي عن أن يُحِبَّ المرء ذلك ويطلبه من الناس. ويُستفاد منه أن أفعال الجسد التكريمية تُقصد بها العلاقة لا التعالي.	**عدم إلزام الناس بالتشريف الجسدي.** قال النبي ﷺ: «مَنْ أَحَبَّ أَنْ يَمْثُلَ لَهُ الرِّجَالُ قِيَامًا فَلْيَتَبَوَّأْ مَقْعَدَهُ مِنَ النَّارِ» (رواه أبو داود والترمذي، واللفظ لأبي داود)[^ha61]. فالحديث ليس نهيًا عن قيام الإنسان لضيفه أو لكبيره تكريمًا اختياريًّا منه، بل نهي عن أن يُحِبَّ المرء ذلك ويطلبه من الناس. ويُستفاد منه أن أفعال الجسد التكريمية تُقصد بها العلاقة لا التعالي.	تخريج — طوبق على المطبوع (الدفعة HA1): أبو داود (٥٢٢٩) «أن يَمْثُل»، والترمذي (٢٧٥٥) «من سرّه أن يتمثّل»؛ واللفظ المركّب رُدّ إلى لفظ أبي داود	1
المجلد-السادس/الباب-السادس/ف09-ب-الدرس-الثاني.md	27	**الأصل الشرعي:** قال النبي ﷺ: «أَدِّ الْأَمَانَةَ إِلَى مَنِ ائْتَمَنَكَ» (رواه أبو داود والترمذي). والأمانة في العمل تشمل الوعد الذي يقطعه الموظف لزميله أو مديره، فمن أخلفه صغيرًا تكرر إخلافه في نظر من حوله ولو كان أمينًا في الكبائر. وقال ﷺ: «الْمُؤْمِنُ الْقَوِيُّ خَيْرٌ وَأَحَبُّ إِلَى اللهِ مِنَ الْمُؤْمِنِ الضَّعِيفِ، وَفِي كُلٍّ خَيْرٌ» (رواه مسلم). فالإتقان والقوة في العمل محبوبان شرعًا لا يتعارضان مع محبة الناس، بل يخدمانها إن اقترنا بحسن الخلق.	**الأصل الشرعي:** قال النبي ﷺ: «أَدِّ الْأَمَانَةَ إِلَى مَنِ ائْتَمَنَكَ» (رواه أبو داود والترمذي)[^ha65]. والأمانة في العمل تشمل الوعد الذي يقطعه الموظف لزميله أو مديره، فمن أخلفه صغيرًا تكرر إخلافه في نظر من حوله ولو كان أمينًا في الكبائر. وقال ﷺ: «الْمُؤْمِنُ الْقَوِيُّ خَيْرٌ وَأَحَبُّ إِلَى اللهِ مِنَ الْمُؤْمِنِ الضَّعِيفِ، وَفِي كُلٍّ خَيْرٌ» (رواه مسلم). فالإتقان والقوة في العمل محبوبان شرعًا لا يتعارضان مع محبة الناس، بل يخدمانها إن اقترنا بحسن الخلق.	تخريج — طوبق على المطبوع (الدفعة HA1): أبو داود (٣٥٣٥) والترمذي (١٢٦٤)، والمقتبس صدر الحديث	1
المجلد-السابع/الباب-السابع/ف02-أ-الجواب-المدخل-والدرس-الأول.md	84	«قُلْتُ: يَا رَسُولَ اللَّهِ، قُلْ لِي فِي الْإِسْلَامِ قَوْلًا لَا أَسْأَلُ عَنْهُ أَحَدًا بَعْدَكَ، قَالَ: قُلْ: آمَنْتُ بِاللَّهِ، ثُمَّ اسْتَقِمْ» (رواه مسلم).	«قُلْتُ: يَا رَسُولَ اللَّهِ، قُلْ لِي فِي الْإِسْلَامِ قَوْلًا لَا أَسْأَلُ عَنْهُ أَحَدًا بَعْدَكَ، قَالَ: قُلْ: آمَنْتُ بِاللَّهِ، فَاسْتَقِمْ» (رواه مسلم)[^ha69].	تخريج — طوبق على المطبوع (الدفعة HA1): مسلم (٣٨): المطبوع «فاستقم» لا «ثم استقم»	1
المجلد-السابع/الباب-السابع/ف07-ب-النقد-والنصيحة-الدرس-الثاني.md	85	وعن أبي سعيد الخدري رضي الله عنه قال: سمعت رسول الله ﷺ يقول: «مَنْ رَأَى مِنْكُمْ مُنْكَرًا فَلْيُغَيِّرْهُ بِيَدِهِ، فَإِنْ لَمْ يَسْتَطِعْ فَبِلِسَانِهِ، فَإِنْ لَمْ يَسْتَطِعْ فَبِقَلْبِهِ، وَذَلِكَ أَضْعَفُ الْإِيمَانِ» (رواه مسلم)	وعن أبي سعيد الخدري رضي الله عنه قال: سمعت رسول الله ﷺ يقول: «مَنْ رَأَى مِنْكُمْ مُنْكَرًا فَلْيُغَيِّرْهُ بِيَدِهِ، فَإِنْ لَمْ يَسْتَطِعْ فَبِلِسَانِهِ، فَإِنْ لَمْ يَسْتَطِعْ فَبِقَلْبِهِ، وَذَلِكَ أَضْعَفُ الْإِيمَانِ» (رواه مسلم)[^ha73]	تخريج — طوبق على المطبوع (الدفعة HA1): مسلم (٤٩)، واللفظ مطابق	1
المجلد-الثامن/الباب-الثامن/ف01-ب-الكلام-في-المجلس.md	23	الأصل في مجلس العلم أن الداخل مستمع، وأن الكلام يُفتح بإذن صاحب المجلس. وقد جمع النبي ﷺ ميزان الكلام كله في قوله: «مَن كان يؤمنُ باللهِ واليومِ الآخرِ فلْيقلْ خيرًا أو ليصمتْ» (متفق عليه). فالكلمة في المجلس تُوزن قبل أن تقال: هل هي خير؟ وهل هذا وقتها؟	الأصل في مجلس العلم أن الداخل مستمع، وأن الكلام يُفتح بإذن صاحب المجلس. وقد جمع النبي ﷺ ميزان الكلام كله في قوله: «مَن كان يؤمنُ باللهِ واليومِ الآخرِ فلْيقلْ خيرًا أو ليصمتْ» (متفق عليه)[^ha77_1]. فالكلمة في المجلس تُوزن قبل أن تقال: هل هي خير؟ وهل هذا وقتها؟	تخريج — طوبق على المطبوع (الدفعة HA1): البخاري (٦٠١٨، ٦٤٧٥) ومسلم (٤٧)، واللفظ مطابق	1
المجلد-العاشر/الباب-الثاني-عشر/ف02-أ-المدخل-والمجاملة.md	83	وقال النبي ﷺ: «مَنْ كَانَ يُؤْمِنُ بِاللهِ وَالْيَوْمِ الآخِرِ فَلْيَقُلْ خَيْرًا أَوْ لِيَصْمُتْ» (متفق عليه)	وقال النبي ﷺ: «مَنْ كَانَ يُؤْمِنُ بِاللهِ وَالْيَوْمِ الآخِرِ فَلْيَقُلْ خَيْرًا أَوْ لِيَصْمُتْ» (متفق عليه)[^ha77_2]	تخريج — طوبق على المطبوع (الدفعة HA1): البخاري (٦٠١٨، ٦٤٧٥) ومسلم (٤٧)، واللفظ مطابق	1
المجلد-الحادي-عشر/المرجع-الأول-بنك-الأخطاء/ف01-ب-اللحن-في-الحديث-والأذكار.md	30	| **التصحيح** | ✔ «مَنْ كَانَ يُؤْمِنُ بِاللَّهِ وَالْيَوْمِ الْآخِرِ فَلْيَقُلْ خَيْرًا أَوْ لِيَصْمُتْ» (متفق عليه) |	| **التصحيح** | ✔ «مَنْ كَانَ يُؤْمِنُ بِاللَّهِ وَالْيَوْمِ الْآخِرِ فَلْيَقُلْ خَيْرًا أَوْ لِيَصْمُتْ» (متفق عليه)[^ha77_3] |	تخريج — طوبق على المطبوع (الدفعة HA1): البخاري (٦٠١٨، ٦٤٧٥) ومسلم (٤٧)، واللفظ مطابق	1
المجلد-الحادي-عشر/الملاحق/ملحق-د-النماذج-الكاملة.md	34	أيها المصلون، لسانُ الإنسان صغير في جِرمه، عظيم في أثره؛ به يُكسَب الودّ ويُهدَم، ويُنشر الخير أو يُشاع الشر. قال الله تعالى: ﴿وَقُولُوا۟ لِلنَّاسِ حُسْنًا﴾ (البقرة: ٨٣)، فجعل حسن القول أمرًا عامًّا لكل الناس، لا للأقارب والأصدقاء وحدهم. وقال رسول الله صلى الله عليه وسلم: «من كان يؤمن بالله واليوم الآخر فليقل خيرًا أو ليصمت» (متفق عليه)، فجعل ميزان الكلام بين أمرين لا ثالث لهما عنده: خير يُقال، أو صمت يُختار.	أيها المصلون، لسانُ الإنسان صغير في جِرمه، عظيم في أثره؛ به يُكسَب الودّ ويُهدَم، ويُنشر الخير أو يُشاع الشر. قال الله تعالى: ﴿وَقُولُوا۟ لِلنَّاسِ حُسْنًا﴾ (البقرة: ٨٣)، فجعل حسن القول أمرًا عامًّا لكل الناس، لا للأقارب والأصدقاء وحدهم. وقال رسول الله صلى الله عليه وسلم: «من كان يؤمن بالله واليوم الآخر فليقل خيرًا أو ليصمت» (متفق عليه)[^ha77_4]، فجعل ميزان الكلام بين أمرين لا ثالث لهما عنده: خير يُقال، أو صمت يُختار.	تخريج — طوبق على المطبوع (الدفعة HA1): البخاري (٦٠١٨، ٦٤٧٥) ومسلم (٤٧)، واللفظ مطابق	1
المجلد-الثامن/الباب-التاسع/ف01-أ-المدخل-وبناء-الخطبة.md	67	«كُنْتُ أُصَلِّي مَعَ رَسُولِ اللهِ ﷺ، فَكَانَتْ صَلَاتُهُ قَصْدًا، وَخُطْبَتُهُ قَصْدًا» (رواه مسلم).	قال جابر بن سمرة رضي الله عنه: «كُنْتُ أُصَلِّي مَعَ رَسُولِ اللهِ ﷺ، فَكَانَتْ صَلَاتُهُ قَصْدًا، وَخُطْبَتُهُ قَصْدًا» (رواه مسلم)[^ha81].	تخريج — طوبق على المطبوع (الدفعة HA1): مسلم (٨٦٦)، واللفظ مطابق؛ وسُمّي الراوي جابر بن سمرة	1
المجلد-الثامن/الباب-التاسع/ف02-أ-المدخل-وبناء-المحاضرة.md	294	[م٣-ب٩-ف٢-مث١٨] **مقطع في درس المسجد.** في درس عن حديث «إِنَّ الصِّدْقَ يَهْدِي إِلَى الْبِرِّ، وَإِنَّ الْبِرَّ يَهْدِي إِلَى الْجَنَّةِ» (متفق عليه)، يبني الشيخ مقطعًا من عشر دقائق: الفكرة: «الصدق طريق يقود إلى ما بعده». الشرح: معنى «يهدي» هنا، أي يدل ويوصل. المثال: تاجر صدق في عيب سلعة، فعاد إليه المشتري مرة بعد مرة. الخلاصة: «صدقة صغيرة من الصدق اليوم تفتح بابًا من البر غدًا». Then the bridge.	[م٣-ب٩-ف٢-مث١٨] **مقطع في درس المسجد.** في درس عن حديث «إِنَّ الصِّدْقَ يَهْدِي إِلَى الْبِرِّ، وَإِنَّ الْبِرَّ يَهْدِي إِلَى الْجَنَّةِ» (متفق عليه)[^ha85]، يبني الشيخ مقطعًا من عشر دقائق: الفكرة: «الصدق طريق يقود إلى ما بعده». الشرح: معنى «يهدي» هنا، أي يدل ويوصل. المثال: تاجر صدق في عيب سلعة، فعاد إليه المشتري مرة بعد مرة. الخلاصة: «صدقة صغيرة من الصدق اليوم تفتح بابًا من البر غدًا». Then the bridge.	تخريج — طوبق على المطبوع (الدفعة HA1): البخاري (٦٠٩٤) ومسلم (٢٦٠٧)، واللفظ مطابق	1
المجلد-التاسع/الباب-العاشر/ف03-ب-إدارة-الاجتماع.md	210	قال رسول الله ﷺ: «إِذَا كَانُوا ثَلَاثَةً فَلَا يَتَنَاجَى اثْنَانِ دُونَ الثَّالِثِ» (رواه البخاري).	قال رسول الله ﷺ: «إِذَا كَانُوا ثَلَاثَةً فَلَا يَتَنَاجَى اثْنَانِ دُونَ الثَّالِثِ» (رواه البخاري)[^ha89].	تخريج — طوبق على المطبوع (الدفعة HA1): البخاري (٦٢٨٨)، واللفظ مطابق	1
المجلد-الحادي-عشر/المرجع-الأول-بنك-الأخطاء/ف01-ب-اللحن-في-الحديث-والأذكار.md	17	| **التصحيح** | ✔ «إِنَّمَا الْأَعْمَالُ بِالنِّيَّاتِ، وَإِنَّمَا لِكُلِّ امْرِئٍ مَا نَوَى» (متفق عليه) |	| **التصحيح** | ✔ «إِنَّمَا الْأَعْمَالُ بِالنِّيَّاتِ، وَإِنَّمَا لِكُلِّ امْرِئٍ مَا نَوَى» (متفق عليه)[^ha93_1] |	تخريج — طوبق على المطبوع (الدفعة HA1): البخاري (١) ومسلم (١٩٠٧)، واللفظ للبخاري	1
المجلد-الحادي-عشر/الملاحق/ملحق-د-النماذج-الكاملة.md	102	بسم الله. قال رسول الله صلى الله عليه وسلم: «إنما الأعمال بالنيات، وإنما لكل امرئ ما نوى» (متفق عليه). حديث قصير في لفظه، عظيم في معناه، وضعه العلماء في أول كتبهم لأنه ميزان كل عمل قبل أن يُنظر إليه.	بسم الله. قال رسول الله صلى الله عليه وسلم: «إنما الأعمال بالنيات، وإنما لكل امرئ ما نوى» (متفق عليه)[^ha93_2]. حديث قصير في لفظه، عظيم في معناه، وضعه العلماء في أول كتبهم لأنه ميزان كل عمل قبل أن يُنظر إليه.	تخريج — طوبق على المطبوع (الدفعة HA1): البخاري (١) ومسلم (١٩٠٧)، واللفظ للبخاري	1
المجلد-الثالث/الباب-الثالث/ف07-ب-التكرار-والغموض.md	224	**ومتى يكون الإبهام أدبًا؟** قد يُبهَم الشخص عمدًا ليُستر، مع وضوح الخطأ نفسه. وقد جاءت عبارة «ما بال أقوام» في أحاديث صحيحة، منها قوله ﷺ: «مَا بَالُ أَقْوَامٍ يَرْفَعُونَ أَبْصَارَهُمْ إِلَى السَّمَاءِ فِي صَلَاتِهِمْ» (رواه البخاري). فالفعل المنهي عنه واضح كل الوضوح، والفاعل مستور. ويُستفاد من ذلك أن الغموض المذموم غموض المعنى، أما ستر الأشخاص في النصح العام فأدب.	**ومتى يكون الإبهام أدبًا؟** قد يُبهَم الشخص عمدًا ليُستر، مع وضوح الخطأ نفسه. وقد جاءت عبارة «ما بال أقوام» في أحاديث صحيحة، منها قوله ﷺ: «مَا بَالُ أَقْوَامٍ يَرْفَعُونَ أَبْصَارَهُمْ إِلَى السَّمَاءِ فِي صَلَاتِهِمْ» (رواه البخاري)[^ha6_1]. فالفعل المنهي عنه واضح كل الوضوح، والفاعل مستور. ويُستفاد من ذلك أن الغموض المذموم غموض المعنى، أما ستر الأشخاص في النصح العام فأدب.	تخريج — طوبق على المطبوع (الدفعة HA1، HA2): البخاري (٧٥٠)، واللفظ مطابق	1
المجلد-التاسع/الباب-العاشر/ف04-أ-المدير-وموظفوه.md	60	قال رسول الله ﷺ: «مَا بَالُ أَقْوَامٍ يَرْفَعُونَ أَبْصَارَهُمْ إِلَى السَّمَاءِ فِي صَلَاتِهِمْ» (رواه البخاري).	قال رسول الله ﷺ: «مَا بَالُ أَقْوَامٍ يَرْفَعُونَ أَبْصَارَهُمْ إِلَى السَّمَاءِ فِي صَلَاتِهِمْ» (رواه البخاري)[^ha6_2].	تخريج — طوبق على المطبوع (الدفعة HA2): البخاري (٧٥٠)، واللفظ مطابق	1
المجلد-الرابع/الباب-الرابع/ف10-أ-الاقتباس-والتضمين.md	121	✔ «قال ﷺ: «إنما الأعمال بالنيات» (متفق عليه).»	✔ «قال ﷺ: «إنما الأعمال بالنيات» (متفق عليه)[^ha101].»	تخريج — طوبق على المطبوع (الدفعة HA1): البخاري (١) ومسلم (١٩٠٧)، واللفظ للبخاري	1
المجلد-السادس/الباب-السادس/ف05-ب-الدرس-الثاني.md	27	**من دعاء صلاة الجنازة.** علّم النبي ﷺ أصحابه أن يدعوا للميت في صلاة الجنازة بقوله: «اللَّهُمَّ اغْفِرْ لَهُ وَارْحَمْهُ» (جزء من دعاء ثابت في صلاة الجنازة، رواه مسلم عن عوف بن مالك رضي الله عنه). وهذا الدعاء أصل لما يُقال للميت في التعزية أيضًا.	**من دعاء صلاة الجنازة.** صلّى النبي ﷺ على جنازة، فحفظ عوف بن مالك رضي الله عنه من دعائه للميت: «اللَّهُمَّ اغْفِرْ لَهُ وَارْحَمْهُ…» (جزء من دعائه ﷺ في صلاة الجنازة، رواه مسلم عن عوف بن مالك رضي الله عنه)[^ha105]. وهذا الدعاء أصل لما يُقال للميت في التعزية أيضًا.	تخريج — طوبق على المطبوع (الدفعة HA1): مسلم (٩٦٣): عوف بن مالك حفظ الدعاء وهو يسمع النبي ﷺ يصلي على جنازة، لا أن النبي ﷺ علّمه أصحابه	1
المجلد-الثامن/الباب-الثامن/ف05-أ-المدخل-والتهنئة-والتعزية.md	55	وفي التعزية، أعظم ما يُستحضر ما رواه البخاري ومسلم من حديث أسامة بن زيد رضي الله عنه، أن ابنة النبي ﷺ أرسلت إليه تدعوه وابنها يجود بنفسه، فأرسل إليها يقول: «إنَّ لله ما أخذ، وله ما أعطى، وكلُّ شيءٍ عنده بأجلٍ مسمًّى، فلتصبِر ولتحتسِب» (متفق عليه). فجمعت هذه الكلمة النبوية بين تسليم القلب («لله ما أخذ وله ما أعطى») وواجب العبد («فلتصبر ولتحتسب»)، في أوجز عبارة وأعمقها. ويُستفاد منها أن التعزية الكاملة لا تحتاج إلى الإطالة لتُواسي، بل إلى كلمة صادقة تذكّر بالله وتدعو بالصبر.	وفي التعزية، أعظم ما يُستحضر ما رواه البخاري ومسلم من حديث أسامة بن زيد رضي الله عنه، أن ابنة النبي ﷺ أرسلت إليه تدعوه وابنها يجود بنفسه، فأرسل إليها يقول: «إنَّ لله ما أخذ، وله ما أعطى، وكلٌّ عنده بأجلٍ مسمًّى، فلتصبِر ولتحتسِب» (متفق عليه، واللفظ للبخاري)[^ha54_1]. فجمعت هذه الكلمة النبوية بين تسليم القلب («لله ما أخذ وله ما أعطى») وواجب العبد («فلتصبر ولتحتسب»)، في أوجز عبارة وأعمقها. ويُستفاد منها أن التعزية الكاملة لا تحتاج إلى الإطالة لتُواسي، بل إلى كلمة صادقة تذكّر بالله وتدعو بالصبر.	تخريج — طوبق على المطبوع (الدفعة HA1، HA2): البخاري (١٢٨٤) «وكلٌّ عنده… فلتصبر» ومسلم (٩٢٣) «وكل شيء عنده… فمرها فلتصبر»؛ رُدّ اللفظ المركّب إلى لفظ البخاري	1
المجلد-الثامن/الباب-التاسع/ف01-ب-العبارة-والصوت-والنموذج.md	57	> «يا عبادَ الله، سأل النبي ﷺ أصحابه سؤالًا، وأنا أسألكموه اليوم: «أتدرون ما الغيبة؟» [يسكت لحظة] قال ﷺ: «ذِكرُك أخاك بما يكره». فقيل له: أفرأيتَ إن كان في أخي ما أقول؟ قال: «إن كان فيه ما تقول فقد اغتبتَه، وإن لم يكن فيه فقد بهتَّه» (رواه مسلم). فإذا جلست في مجلس، وأردت أن تقول عن غائب كلمة، فاسأل نفسك سؤالًا واحدًا: لو كان حاضرًا، أكنتُ أقولها؟»	> «يا عبادَ الله، سأل النبي ﷺ أصحابه سؤالًا، وأنا أسألكموه اليوم: «أتدرون ما الغيبة؟» [يسكت لحظة] قال ﷺ: «ذِكرُك أخاك بما يكره». فقيل له: أفرأيتَ إن كان في أخي ما أقول؟ قال: «إن كان فيه ما تقول فقد اغتبتَه، وإن لم يكن فيه فقد بهتَّه» (رواه مسلم)[^ha113]. فإذا جلست في مجلس، وأردت أن تقول عن غائب كلمة، فاسأل نفسك سؤالًا واحدًا: لو كان حاضرًا، أكنتُ أقولها؟»	تخريج — طوبق على المطبوع (الدفعة HA1): مسلم (٢٥٨٩)، واللفظ مطابق	1
المجلد-الثالث/الباب-الثالث/ف06-ب-المخاطبة-والتحية-والتطبيق.md	21	وكان إذا هنّأ من تزوج قال: «بَارَكَ اللَّهُ لَكَ، وَبَارَكَ عَلَيْكَ، وَجَمَعَ بَيْنَكُمَا فِي خَيْرٍ» (رواه أبو داود والترمذي، وقال الترمذي: حديث حسن صحيح).	وكان إذا هنّأ من تزوج قال: «بَارَكَ اللَّهُ لَكَ، وَبَارَكَ عَلَيْكَ، وَجَمَعَ بَيْنَكُمَا فِي خَيْرٍ» (رواه أبو داود والترمذي، وقال الترمذي: حديث حسن صحيح)[^ha2_1].	تخريج — طوبق على المطبوع (الدفعة HA2): أبو داود (٢١٣٠) والترمذي (١٠٩١)، واللفظ لأبي داود، وحكم الترمذي بلفظه	1
المجلد-السادس/الباب-السادس/ف05-ب-الدرس-الثاني.md	21	**تهنئة الزواج.** كان النبي ﷺ يدعو للمتزوج بقوله: «بَارَكَ اللهُ لَكَ، وَبَارَكَ عَلَيْكَ، وَجَمَعَ بَيْنَكُمَا فِي خَيْرٍ» (رواه أبو داود والترمذي). وهذه الصيغة جمعت البركة له، والبركة عليه، والجمع بينهما في خير؛ وهي أشمل من عبارة «مبروك» المجردة، لأنها دعاء لا مجرد خبر بالفرح.	**تهنئة الزواج.** كان النبي ﷺ يدعو للمتزوج بقوله: «بَارَكَ اللهُ لَكَ، وَبَارَكَ عَلَيْكَ، وَجَمَعَ بَيْنَكُمَا فِي خَيْرٍ» (رواه أبو داود والترمذي)[^ha2_2]. وهذه الصيغة جمعت البركة له، والبركة عليه، والجمع بينهما في خير؛ وهي أشمل من عبارة «مبروك» المجردة، لأنها دعاء لا مجرد خبر بالفرح.	تخريج — طوبق على المطبوع (الدفعة HA2): أبو داود (٢١٣٠) والترمذي (١٠٩١)، واللفظ لأبي داود	1
المجلد-الثامن/الباب-الثامن/ف05-أ-المدخل-والتهنئة-والتعزية.md	53	من هدي النبي ﷺ في تهنئة المتزوج ما رواه أبو داود والترمذي عن أبي هريرة رضي الله عنه أن النبي ﷺ كان إذا رفّأ الإنسان إذا تزوج قال: «بارك اللهُ لك، وبارك عليك، وجمع بينكما في خير» (رواه أبو داود والترمذي، وقال: حديث حسن صحيح). وفي هذا الدعاء ثلاث بركات: بركة له وحده، وبركة عليه من غيره، وبركة تجمعهما معًا؛ وليس فيه سؤال عن تفصيل يخص الزوجين وحدهما.	من هدي النبي ﷺ في تهنئة المتزوج ما رواه أبو داود والترمذي عن أبي هريرة رضي الله عنه أن النبي ﷺ كان إذا رفّأ الإنسان إذا تزوج قال: «بارك اللهُ لك، وبارك عليك، وجمع بينكما في خير» (رواه أبو داود والترمذي، وقال الترمذي: حديث حسن صحيح)[^ha2_3]. وفي هذا الدعاء ثلاث بركات: بركة له وحده، وبركة عليه من غيره، وبركة تجمعهما معًا؛ وليس فيه سؤال عن تفصيل يخص الزوجين وحدهما.	تخريج — طوبق على المطبوع (الدفعة HA2): أبو داود (٢١٣٠) والترمذي (١٠٩١)؛ والحكم للترمذي فسُمّي	1
المجلد-الرابع/الباب-الرابع/ف02-أ-المدخل-والدرس-الأول.md	74	وقال النبي ﷺ: «يُسَلِّمُ الصَّغِيرُ عَلَى الْكَبِيرِ، وَالْمَارُّ عَلَى الْقَاعِدِ، وَالْقَلِيلُ عَلَى الْكَثِيرِ» (رواه البخاري).	وقال النبي ﷺ: «يُسَلِّمُ الصَّغِيرُ عَلَى الْكَبِيرِ، وَالْمَارُّ عَلَى الْقَاعِدِ، وَالْقَلِيلُ عَلَى الْكَثِيرِ» (رواه البخاري)[^ha10_1].	تخريج — طوبق على المطبوع (الدفعة HA2): البخاري (٦٢٣١)، واللفظ مطابق	1
المجلد-الثامن/الباب-الثامن/ف01-أ-المدخل-والدخول-والجلوس.md	205	فأما الصيغة فالسلام الشرعي المعروف، ولا تحتاج معه إلى «صباح الخير» ولا إلى التحيات المترجمة. وأما الترتيب فقد جاء في الحديث: «يُسلِّمُ الصغيرُ على الكبيرِ، والمارُّ على القاعدِ، والقليلُ على الكثيرِ» (رواه البخاري). فالداخل يبدأ، لأنه المارّ على القاعدين، وهو في الغالب الأصغر، والأقل عددًا.	فأما الصيغة فالسلام الشرعي المعروف، ولا تحتاج معه إلى «صباح الخير» ولا إلى التحيات المترجمة. وأما الترتيب فقد جاء في الحديث: «يُسلِّمُ الصغيرُ على الكبيرِ، والمارُّ على القاعدِ، والقليلُ على الكثيرِ» (رواه البخاري)[^ha10_2]. فالداخل يبدأ، لأنه المارّ على القاعدين، وهو في الغالب الأصغر، والأقل عددًا.	تخريج — طوبق على المطبوع (الدفعة HA2): البخاري (٦٢٣١)، واللفظ مطابق	1
المجلد-الرابع/الباب-الرابع/ف06-أ-فن-الخاتمة.md	87	وقال عبد الله بن مسعود رضي الله عنه: «كَانَ النَّبِيُّ ﷺ يَتَخَوَّلُنَا بِالْمَوْعِظَةِ فِي الْأَيَّامِ، كَرَاهَةَ السَّآمَةِ عَلَيْنَا» (متفق عليه). ومن فقه ذلك أن تُختم الموعظة قبل أن يملّ السامع، لا بعده.	وقال عبد الله بن مسعود رضي الله عنه: «كَانَ النَّبِيُّ ﷺ يَتَخَوَّلُنَا بِالْمَوْعِظَةِ فِي الْأَيَّامِ، كَرَاهَةَ السَّآمَةِ عَلَيْنَا» (متفق عليه)[^ha14_1]. ومن فقه ذلك أن تُختم الموعظة قبل أن يملّ السامع، لا بعده.	تخريج — طوبق على المطبوع (الدفعة HA2): البخاري (٦٨) ومسلم (٢٨٢١)، واللفظ للبخاري	1
المجلد-الخامس/الباب-الخامس/ف01-أ-المدخل-والدرس-الأول.md	72	«كَانَ النَّبِيُّ ﷺ يَتَخَوَّلُنَا بِالْمَوْعِظَةِ فِي الْأَيَّامِ، كَرَاهَةَ السَّآمَةِ عَلَيْنَا» (متفق عليه)	«كَانَ النَّبِيُّ ﷺ يَتَخَوَّلُنَا بِالْمَوْعِظَةِ فِي الْأَيَّامِ، كَرَاهَةَ السَّآمَةِ عَلَيْنَا» (متفق عليه)[^ha14_2]	تخريج — طوبق على المطبوع (الدفعة HA2): البخاري (٦٨) ومسلم (٢٨٢١)، واللفظ للبخاري	1
المجلد-الثامن/الباب-التاسع/ف02-أ-المدخل-وبناء-المحاضرة.md	57	«كَانَ النَّبِيُّ ﷺ يَتَخَوَّلُنَا بِالْمَوْعِظَةِ فِي الْأَيَّامِ، كَرَاهَةَ السَّآمَةِ عَلَيْنَا» (متفق عليه).	«كَانَ النَّبِيُّ ﷺ يَتَخَوَّلُنَا بِالْمَوْعِظَةِ فِي الْأَيَّامِ، كَرَاهَةَ السَّآمَةِ عَلَيْنَا» (متفق عليه)[^ha14_3].	تخريج — طوبق على المطبوع (الدفعة HA2): البخاري (٦٨) ومسلم (٢٨٢١)، واللفظ للبخاري	1
المجلد-الخامس/الباب-الخامس/ف01-أ-المدخل-والدرس-الأول.md	260	وقول النبي ﷺ: «يَسِّرُوا وَلَا تُعَسِّرُوا، وَبَشِّرُوا وَلَا تُنَفِّرُوا» (متفق عليه).	وقول النبي ﷺ: «يَسِّرُوا وَلَا تُعَسِّرُوا، وَبَشِّرُوا وَلَا تُنَفِّرُوا» (متفق عليه)[^ha18].	تخريج — طوبق على المطبوع (الدفعة HA2): البخاري (٦٩) ومسلم (١٧٣٤)، واللفظ للبخاري	1
المجلد-الخامس/الباب-الخامس/ف06-مخاطبة-الأقران-والأدنى.md	61	وكان النبي ﷺ يعلّم من هو دونه بهذا اللين نفسه. تكلّم معاوية بن الحكم السُّلَمي في الصلاة وهو لا يعرف الحكم، فرماه القوم بأبصارهم، فلما قضى النبي ﷺ صلاته، قال معاوية يصف ما كان: «فَبِأَبِي هُوَ وَأُمِّي، مَا رَأَيْتُ مُعَلِّمًا قَبْلَهُ وَلَا بَعْدَهُ أَحْسَنَ تَعْلِيمًا مِنْهُ، فَوَاللَّهِ مَا كَهَرَنِي وَلَا ضَرَبَنِي وَلَا شَتَمَنِي، قَالَ: إِنَّ هَذِهِ الصَّلَاةَ لَا يَصْلُحُ فِيهَا شَيْءٌ مِنْ كَلَامِ النَّاسِ، إِنَّمَا هُوَ التَّسْبِيحُ وَالتَّكْبِيرُ وَقِرَاءَةُ الْقُرْآنِ» (رواه مسلم).	وكان النبي ﷺ يعلّم من هو دونه بهذا اللين نفسه. تكلّم معاوية بن الحكم السُّلَمي في الصلاة وهو لا يعرف الحكم، فرماه القوم بأبصارهم، فلما قضى النبي ﷺ صلاته، قال معاوية يصف ما كان: «فَبِأَبِي هُوَ وَأُمِّي، مَا رَأَيْتُ مُعَلِّمًا قَبْلَهُ وَلَا بَعْدَهُ أَحْسَنَ تَعْلِيمًا مِنْهُ، فَوَاللَّهِ مَا كَهَرَنِي وَلَا ضَرَبَنِي وَلَا شَتَمَنِي، قَالَ: إِنَّ هَذِهِ الصَّلَاةَ لَا يَصْلُحُ فِيهَا شَيْءٌ مِنْ كَلَامِ النَّاسِ، إِنَّمَا هُوَ التَّسْبِيحُ وَالتَّكْبِيرُ وَقِرَاءَةُ الْقُرْآنِ» (رواه مسلم)[^ha22].	تخريج — طوبق على المطبوع (الدفعة HA2): مسلم (٥٣٧)، واللفظ مطابق	1
المجلد-الخامس/الباب-الخامس/ف06-مخاطبة-الأقران-والأدنى.md	396	ومن هدي النبي ﷺ في ذلك قوله للأشجّ، أشجّ عبد القيس: «إِنَّ فِيكَ خَصْلَتَيْنِ يُحِبُّهُمَا اللَّهُ: الْحِلْمُ وَالْأَنَاةُ» (رواه مسلم)[^ha25_1]. مدحٌ سمّى الصفتين بأسمائهما، ولم يقل: إنك رجل صالح. وقال ﷺ في عبد الله بن عمر، وكان شابًّا: «نِعْمَ الرَّجُلُ عَبْدُ اللَّهِ، لَوْ كَانَ يُصَلِّي مِنَ اللَّيْلِ» (متفق عليه)، فكان ابن عمر بعدها لا ينام من الليل إلا قليلًا. ويُستفاد من الحديث الثاني أن المدح الصادق يفتح باب التوجيه، وأن التوجيه جاء بـ«لو» لا بـ«لكنّ»؛ فـ«لكنّ» بعد المدح كثيرًا ما تمحوه في أذن السامع، و«لو» تبني عليه.	ومن هدي النبي ﷺ في ذلك قوله للأشجّ، أشجّ عبد القيس: «إِنَّ فِيكَ خَصْلَتَيْنِ يُحِبُّهُمَا اللَّهُ: الْحِلْمُ وَالْأَنَاةُ» (رواه مسلم)[^ha25_1]. مدحٌ سمّى الصفتين بأسمائهما، ولم يقل: إنك رجل صالح. وقال ﷺ في عبد الله بن عمر، وكان شابًّا: «نِعْمَ الرَّجُلُ عَبْدُ اللَّهِ، لَوْ كَانَ يُصَلِّي مِنَ اللَّيْلِ» (متفق عليه)[^ha26]، فكان ابن عمر بعدها لا ينام من الليل إلا قليلًا. ويُستفاد من الحديث الثاني أن المدح الصادق يفتح باب التوجيه، وأن التوجيه جاء بـ«لو» لا بـ«لكنّ»؛ فـ«لكنّ» بعد المدح كثيرًا ما تمحوه في أذن السامع، و«لو» تبني عليه.	تخريج — طوبق على المطبوع (الدفعة HA2): البخاري (١١٢٢) ومسلم (٢٤٧٩)، واللفظ مطابق	1
المجلد-السادس/الباب-السادس/ف01-السلام-والبشاشة-والاستماع.md	70	وجعل النبي ﷺ إفشاء السلام طريقًا إلى المحبة، فقال: «لَا تَدْخُلُونَ الجَنَّةَ حَتَّى تُؤْمِنُوا، وَلَا تُؤْمِنُوا حَتَّى تَحَابُّوا، أَوَلَا أَدُلُّكُمْ عَلَى شَيْءٍ إِذَا فَعَلْتُمُوهُ تَحَابَبْتُمْ؟ أَفْشُوا السَّلَامَ بَيْنَكُمْ» (رواه مسلم).	وجعل النبي ﷺ إفشاء السلام طريقًا إلى المحبة، فقال: «لَا تَدْخُلُونَ الجَنَّةَ حَتَّى تُؤْمِنُوا، وَلَا تُؤْمِنُوا حَتَّى تَحَابُّوا، أَوَلَا أَدُلُّكُمْ عَلَى شَيْءٍ إِذَا فَعَلْتُمُوهُ تَحَابَبْتُمْ؟ أَفْشُوا السَّلَامَ بَيْنَكُمْ» (رواه مسلم)[^ha30_1].	تخريج — طوبق على المطبوع (الدفعة HA2): مسلم (٥٤)، واللفظ مطابق	1
المجلد-السادس/الباب-السادس/ف09-أ-المدخل-والدرس-الأول.md	47	**إفشاء السلام سبب المحبة.** قال النبي ﷺ: «لَا تَدْخُلُونَ الْجَنَّةَ حَتَّى تُؤْمِنُوا، وَلَا تُؤْمِنُوا حَتَّى تَحَابُّوا، أَوَلَا أَدُلُّكُمْ عَلَى شَيْءٍ إِذَا فَعَلْتُمُوهُ تَحَابَبْتُمْ؟ أَفْشُوا السَّلَامَ بَيْنَكُمْ» (رواه مسلم). فجعل المحبة شرطًا لكمال الإيمان، وجعل إفشاء السلام سببًا عمليًّا موصلًا إليها *(انظر الباب السادس، الفصل الأول، حيث فُصِّل أدب السلام)*.	**إفشاء السلام سبب المحبة.** قال النبي ﷺ: «لَا تَدْخُلُونَ الْجَنَّةَ حَتَّى تُؤْمِنُوا، وَلَا تُؤْمِنُوا حَتَّى تَحَابُّوا، أَوَلَا أَدُلُّكُمْ عَلَى شَيْءٍ إِذَا فَعَلْتُمُوهُ تَحَابَبْتُمْ؟ أَفْشُوا السَّلَامَ بَيْنَكُمْ» (رواه مسلم)[^ha30_2]. فجعل المحبة شرطًا لكمال الإيمان، وجعل إفشاء السلام سببًا عمليًّا موصلًا إليها *(انظر الباب السادس، الفصل الأول، حيث فُصِّل أدب السلام)*.	تخريج — طوبق على المطبوع (الدفعة HA2): مسلم (٥٤)، واللفظ مطابق	1
المجلد-السادس/الباب-السادس/ف01-السلام-والبشاشة-والاستماع.md	179	| القليل والكثير | القليل | «وَالقَلِيلُ عَلَى الكَثِيرِ» (متفق عليه) |	| القليل والكثير | القليل | «وَالقَلِيلُ عَلَى الكَثِيرِ» (متفق عليه)[^ha34] |	تخريج — طوبق على المطبوع (الدفعة HA2): البخاري (٦٢٣٢) ومسلم (٢١٦٠)	1
المجلد-السادس/الباب-السادس/ف01-السلام-والبشاشة-والاستماع.md	310	وقالت عائشة رضي الله عنها: «مَا رَأَيْتُ رَسُولَ اللَّهِ ﷺ مُسْتَجْمِعًا قَطُّ ضَاحِكًا حَتَّى أَرَى مِنْهُ لَهَوَاتِهِ، إِنَّمَا كَانَ يَتَبَسَّمُ» (متفق عليه).	وقالت عائشة رضي الله عنها: «مَا رَأَيْتُ النَّبِيَّ ﷺ مُسْتَجْمِعًا قَطُّ ضَاحِكًا حَتَّى أَرَى مِنْهُ لَهَوَاتِهِ، إِنَّمَا كَانَ يَتَبَسَّمُ» (متفق عليه، واللفظ للبخاري)[^ha38].	تخريج — طوبق على المطبوع (الدفعة HA2): لفظنا ركّب «رسول الله» (مسلم ٨٩٩) مع «قطّ» (البخاري ٦٠٩٢)؛ رُدّ إلى لفظ البخاري	1
المجلد-السادس/الباب-السادس/ف03-المدح-والشكر-والدعاء.md	65	وأثنى رجل على رجل عنده ﷺ، فقال: «وَيْحَكَ، قَطَعْتَ عُنُقَ صَاحِبِكَ»، مرارًا، ثم قال: «مَنْ كَانَ مِنْكُمْ مَادِحًا أَخَاهُ لَا مَحَالَةَ، فَلْيَقُلْ: أَحْسِبُ فُلَانًا، وَاللَّهُ حَسِيبُهُ، وَلَا أُزَكِّي عَلَى اللَّهِ أَحَدًا، أَحْسِبُهُ كَذَا وَكَذَا، إِنْ كَانَ يَعْلَمُ ذَلِكَ مِنْهُ» (متفق عليه).	وأثنى رجل على رجل عنده ﷺ، فقال: «وَيْلَكَ، قَطَعْتَ عُنُقَ صَاحِبِكَ»، مرارًا، ثم قال: «مَنْ كَانَ مِنْكُمْ مَادِحًا أَخَاهُ لَا مَحَالَةَ، فَلْيَقُلْ: أَحْسِبُ فُلَانًا، وَاللَّهُ حَسِيبُهُ، وَلَا أُزَكِّي عَلَى اللَّهِ أَحَدًا، أَحْسِبُهُ كَذَا وَكَذَا، إِنْ كَانَ يَعْلَمُ ذَلِكَ مِنْهُ» (متفق عليه، واللفظ للبخاري)[^ha42].	تخريج — طوبق على المطبوع (الدفعة HA2، HA4): بقية اللفظ لفظ البخاري (٢٦٦٢) وفيه «ويلك»، و«ويحك» لفظ مسلم (٣٠٠٠) والبخاري (٦٠٦١) بسياق آخر؛ فوُحّد على لفظ البخاري (٢٦٦٢)	1
المجلد-السادس/الباب-السادس/ف03-المدح-والشكر-والدعاء.md	397	وقال ﷺ: «إِذَا عَطَسَ أَحَدُكُمْ فَلْيَقُلْ: الحَمْدُ لِلَّهِ، وَلْيَقُلْ لَهُ أَخُوهُ أَوْ صَاحِبُهُ: يَرْحَمُكَ اللَّهُ، فَإِذَا قَالَ لَهُ: يَرْحَمُكَ اللَّهُ، فَلْيَقُلْ: يَهْدِيكُمُ اللَّهُ وَيُصْلِحُ بَالَكُمْ» (رواه البخاري).	وقال ﷺ: «إِذَا عَطَسَ أَحَدُكُمْ فَلْيَقُلْ: الحَمْدُ لِلَّهِ، وَلْيَقُلْ لَهُ أَخُوهُ أَوْ صَاحِبُهُ: يَرْحَمُكَ اللَّهُ، فَإِذَا قَالَ لَهُ: يَرْحَمُكَ اللَّهُ، فَلْيَقُلْ: يَهْدِيكُمُ اللَّهُ وَيُصْلِحُ بَالَكُمْ» (رواه البخاري)[^ha46].	تخريج — طوبق على المطبوع (الدفعة HA2): البخاري (٦٢٢٤)، واللفظ مطابق	1
المجلد-السادس/الباب-السادس/ف04-أ-المدخل-والدرس-الأول.md	68	وقال ﷺ: «وَاللهُ فِي عَوْنِ الْعَبْدِ مَا كَانَ الْعَبْدُ فِي عَوْنِ أَخِيهِ» (رواه مسلم).	وقال ﷺ: «وَاللهُ فِي عَوْنِ الْعَبْدِ مَا كَانَ الْعَبْدُ فِي عَوْنِ أَخِيهِ» (رواه مسلم)[^ha50].	تخريج — طوبق على المطبوع (الدفعة HA2): مسلم (٢٦٩٩)، واللفظ مطابق	1
المجلد-السادس/الباب-السادس/ف05-ب-الدرس-الثاني.md	23	**تعزية فَقْد.** لما توفي ابن ابنته صلى الله عليه وسلم، أرسلت إليه ابنته تدعوه، فأرسل إليها يقول: «إِنَّ لِلَّهِ مَا أَخَذَ، وَلَهُ مَا أَعْطَى، وَكُلُّ شَيْءٍ عِنْدَهُ بِأَجَلٍ مُسَمًّى، فَلْتَصْبِرْ وَلْتَحْتَسِبْ» (متفق عليه، عن أسامة بن زيد رضي الله عنه). وهذا الحديث أصل كل تعزية في هذا الفصل: تذكيرٌ بأن النعمة عارية، لا مِلك، وأمرٌ بالصبر والاحتساب لا بمجرد الحزن.	**تعزية فَقْد.** لمّا احتُضِر ابنُ ابنته صلى الله عليه وسلم، أرسلت إليه ابنته تدعوه، فأرسل إليها يقول: «إِنَّ لِلَّهِ مَا أَخَذَ، وَلَهُ مَا أَعْطَى، وَكُلٌّ عِنْدَهُ بِأَجَلٍ مُسَمًّى، فَلْتَصْبِرْ وَلْتَحْتَسِبْ» (متفق عليه، واللفظ للبخاري، عن أسامة بن زيد رضي الله عنه)[^ha54_2]. وهذا الحديث أصل كل تعزية في هذا الفصل: تذكيرٌ بأن النعمة عارية، لا مِلك، وأمرٌ بالصبر والاحتساب لا بمجرد الحزن.	تخريج — طوبق على المطبوع (الدفعة HA2): الصبي كان في النزع لا متوفّى (مسلم: «في الموت»)، واللفظ المركّب رُدّ إلى لفظ البخاري (١٢٨٤) «وكلٌّ عنده»	1
المجلد-السادس/الباب-السادس/ف07-أ-المدخل-والدرس-الأول.md	68	**الاحتقار شرّ في ذاته، وهو من الكبر.** قال النبي ﷺ: «بِحَسْبِ امْرِئٍ مِنَ الشَّرِّ أَنْ يَحْقِرَ أَخَاهُ الْمُسْلِمَ» (رواه مسلم)[^ha57]. وعرّف الكبر فقال: «الْكِبْرُ بَطَرُ الْحَقِّ وَغَمْطُ النَّاسِ» (رواه مسلم). وغمط الناس احتقارهم.	**الاحتقار شرّ في ذاته، وهو من الكبر.** قال النبي ﷺ: «بِحَسْبِ امْرِئٍ مِنَ الشَّرِّ أَنْ يَحْقِرَ أَخَاهُ الْمُسْلِمَ» (رواه مسلم)[^ha57]. وعرّف الكبر فقال: «الْكِبْرُ بَطَرُ الْحَقِّ وَغَمْطُ النَّاسِ» (رواه مسلم)[^ha58]. وغمط الناس احتقارهم.	تخريج — طوبق على المطبوع (الدفعة HA2): مسلم (٩١)، واللفظ مطابق	1
المجلد-السادس/الباب-السادس/ف09-أ-المدخل-والدرس-الأول.md	51	**حسن الخلق سبب المحبة.** قال النبي ﷺ: «إِنَّ مِنْ خِيَارِكُمْ أَحَاسِنَكُمْ أَخْلَاقًا» (متفق عليه). فربط الخيرية بحسن الخلق لا بكثرة العلم وحده، وهذا هو الفارق الذي ظهر بين الشيخين عمر وإبراهيم في الموقف السابق.	**حسن الخلق سبب المحبة.** قال النبي ﷺ: «إِنَّ مِنْ خِيَارِكُمْ أَحَاسِنَكُمْ أَخْلَاقًا» (متفق عليه)[^ha62]. فربط الخيرية بحسن الخلق لا بكثرة العلم وحده، وهذا هو الفارق الذي ظهر بين الشيخين عمر وإبراهيم في الموقف السابق.	تخريج — طوبق على المطبوع (الدفعة HA2): البخاري (٣٥٥٩) «أحسنكم» ومسلم (٢٣٢١) «أحاسنكم»، واللفظ لمسلم	1
المجلد-السادس/الباب-السادس/ف09-ب-الدرس-الثاني.md	27	**الأصل الشرعي:** قال النبي ﷺ: «أَدِّ الْأَمَانَةَ إِلَى مَنِ ائْتَمَنَكَ» (رواه أبو داود والترمذي)[^ha65]. والأمانة في العمل تشمل الوعد الذي يقطعه الموظف لزميله أو مديره، فمن أخلفه صغيرًا تكرر إخلافه في نظر من حوله ولو كان أمينًا في الكبائر. وقال ﷺ: «الْمُؤْمِنُ الْقَوِيُّ خَيْرٌ وَأَحَبُّ إِلَى اللهِ مِنَ الْمُؤْمِنِ الضَّعِيفِ، وَفِي كُلٍّ خَيْرٌ» (رواه مسلم). فالإتقان والقوة في العمل محبوبان شرعًا لا يتعارضان مع محبة الناس، بل يخدمانها إن اقترنا بحسن الخلق.	**الأصل الشرعي:** قال النبي ﷺ: «أَدِّ الْأَمَانَةَ إِلَى مَنِ ائْتَمَنَكَ» (رواه أبو داود والترمذي)[^ha65]. والأمانة في العمل تشمل الوعد الذي يقطعه الموظف لزميله أو مديره، فمن أخلفه صغيرًا تكرر إخلافه في نظر من حوله ولو كان أمينًا في الكبائر. وقال ﷺ: «الْمُؤْمِنُ الْقَوِيُّ خَيْرٌ وَأَحَبُّ إِلَى اللهِ مِنَ الْمُؤْمِنِ الضَّعِيفِ، وَفِي كُلٍّ خَيْرٌ» (رواه مسلم)[^ha66]. فالإتقان والقوة في العمل محبوبان شرعًا لا يتعارضان مع محبة الناس، بل يخدمانها إن اقترنا بحسن الخلق.	تخريج — طوبق على المطبوع (الدفعة HA2): مسلم (٢٦٦٤)، واللفظ مطابق	1
المجلد-السابع/الباب-السابع/ف02-ب-الجواب-الدرس-الثاني.md	116	وقال عبد الله بن مسعود رضي الله عنه: «يَا أَيُّهَا النَّاسُ، مَنْ عَلِمَ شَيْئًا فَلْيَقُلْ بِهِ، وَمَنْ لَمْ يَعْلَمْ فَلْيَقُلِ: اللَّهُ أَعْلَمُ، فَإِنَّ مِنَ الْعِلْمِ أَنْ يَقُولَ لِمَا لَا يَعْلَمُ: اللَّهُ أَعْلَمُ» (رواه البخاري). ثم استشهد بقوله تعالى لنبيه ﷺ:	وقال عبد الله بن مسعود رضي الله عنه: «يَا أَيُّهَا النَّاسُ، مَنْ عَلِمَ شَيْئًا فَلْيَقُلْ بِهِ، وَمَنْ لَمْ يَعْلَمْ فَلْيَقُلِ: اللَّهُ أَعْلَمُ، فَإِنَّ مِنَ الْعِلْمِ أَنْ يَقُولَ لِمَا لَا يَعْلَمُ: اللَّهُ أَعْلَمُ» (رواه البخاري)[^ha70]. ثم استشهد بقوله تعالى لنبيه ﷺ:	تخريج — طوبق على المطبوع (الدفعة HA2): البخاري (٤٨٠٩)، من قول ابن مسعود، واللفظ مطابق	1
المجلد-الثامن/الباب-الثامن/ف01-أ-المدخل-والدخول-والجلوس.md	71	وروى أبو واقد الليثي رضي الله عنه أن ثلاثة نفر أقبلوا والنبي ﷺ جالس في المسجد والناس معه. فأما أحدهم فرأى فرجة في الحلقة فجلس فيها، وأما الثاني فجلس خلف الناس، وأما الثالث فأدبر ذاهبًا. فلما فرغ النبي ﷺ قال: «أمّا أحدُهم فأوى إلى الله فآواه الله، وأمّا الآخرُ فاستحيا فاستحيا اللهُ منه، وأمّا الآخرُ فأعرضَ فأعرضَ اللهُ عنه» (متفق عليه).	وروى أبو واقد الليثي رضي الله عنه أن ثلاثة نفر أقبلوا والنبي ﷺ جالس في المسجد والناس معه. فأما أحدهم فرأى فرجة في الحلقة فجلس فيها، وأما الثاني فجلس خلف الناس، وأما الثالث فأدبر ذاهبًا. فلما فرغ النبي ﷺ قال: «أمّا أحدُهم فأوى إلى الله فآواه الله، وأمّا الآخرُ فاستحيا فاستحيا اللهُ منه، وأمّا الآخرُ فأعرضَ فأعرضَ اللهُ عنه» (متفق عليه)[^ha74].	تخريج — طوبق على المطبوع (الدفعة HA2): البخاري (٦٦) ومسلم (٢١٧٦)، واللفظ مطابق	1
المجلد-الثامن/الباب-الثامن/ف01-ب-الكلام-في-المجلس.md	92	وإذا كان في السؤال ما يُستحيا من ذكره، فمهّد له بجملة تدل على أنك تسأل للعلم. وقد افتتحت أم سُليم رضي الله عنها سؤالها للنبي ﷺ في مسألة من أحكام النساء بقولها: «إنّ اللهَ لا يستحيي من الحقِّ» (متفق عليه). فجمعت في جملة واحدة بين الأدب والجرأة على السؤال.	وإذا كان في السؤال ما يُستحيا من ذكره، فمهّد له بجملة تدل على أنك تسأل للعلم. وقد افتتحت أم سُليم رضي الله عنها سؤالها للنبي ﷺ في مسألة من أحكام النساء بقولها: «إنّ اللهَ لا يستحيي من الحقِّ» (متفق عليه)[^ha78]. فجمعت في جملة واحدة بين الأدب والجرأة على السؤال.	تخريج — طوبق على المطبوع (الدفعة HA2): البخاري (١٣٠) ومسلم (٣١٣)، واللفظ مطابق	1
المجلد-الثامن/الباب-التاسع/ف01-أ-المدخل-وبناء-الخطبة.md	71	«كَانَتْ لِلنَّبِيِّ ﷺ خُطْبَتَانِ يَجْلِسُ بَيْنَهُمَا، يَقْرَأُ الْقُرْآنَ، وَيُذَكِّرُ النَّاسَ» (رواه مسلم).	«كَانَتْ لِلنَّبِيِّ ﷺ خُطْبَتَانِ يَجْلِسُ بَيْنَهُمَا، يَقْرَأُ الْقُرْآنَ، وَيُذَكِّرُ النَّاسَ» (رواه مسلم)[^ha82].	تخريج — طوبق على المطبوع (الدفعة HA2): مسلم (٨٦٢)، واللفظ مطابق	1
المجلد-الثامن/الباب-التاسع/ف03-أ-المدخل-والدرس-الأول.md	82	قدم رجلان من المشرق فخطبا، فعجب الناس ببيانهما، فقال رسول الله ﷺ: «إنَّ مِنَ البَيانِ لَسِحْرًا» (رواه البخاري).	قدم رجلان من المشرق فخطبا، فعجب الناس ببيانهما، فقال رسول الله ﷺ: «إنَّ مِنَ البَيانِ لَسِحْرًا» (رواه البخاري)[^ha86_1].	تخريج — طوبق على المطبوع (الدفعة HA2): البخاري (٥٧٦٧)، واللفظ مطابق	1
المجلد-الرابع/الباب-الرابع/ف10-ج-الحوار-الممتد.md	24	| س٣ | الدكتورة حفصة | افتتحتَ بحديث «إنّ من البيان لسحرًا» وذكرتَ رقمه ٥١٤٦ في صحيح البخاري. هل أنت متأكد من هذا الرقم بالضبط؟ |	| س٣ | الدكتورة حفصة | افتتحتَ بحديث «إنّ من البيان لسحرًا» وذكرتَ رقمه ٥١٤٦ في صحيح البخاري[^ha86_2]. هل أنت متأكد من هذا الرقم بالضبط؟ |	تخريج — طوبق على المطبوع (الدفعة HA2): البخاري (٥٧٦٧، ٥١٤٦)؛ والرقم المذكور في الحوار صحيح	1
المجلد-الرابع/الباب-الرابع/ف10-ج-الحوار-الممتد.md	62	| س٤ | يوسف | افتتحتُ بحديثِ «إنَّ من البيانِ لسحرًا» بصيغةِ «رواه البخاريُّ» دونَ رقمٍ في العرضِ الشفهيِّ، وأثبتُّ رقمَه في نسخةِ البحثِ المكتوبةِ بعد أن راجعتُه بنفسي على طبعةٍ معتمدةٍ. |	| س٤ | يوسف | افتتحتُ بحديثِ «إنَّ من البيانِ لسحرًا» بصيغةِ «رواه البخاريُّ»[^ha86_3] دونَ رقمٍ في العرضِ الشفهيِّ، وأثبتُّ رقمَه في نسخةِ البحثِ المكتوبةِ بعد أن راجعتُه بنفسي على طبعةٍ معتمدةٍ. |	تخريج — طوبق على المطبوع (الدفعة HA2): البخاري (٥٧٦٧، ٥١٤٦)	1
المجلد-العاشر/الباب-الحادي-عشر/ف02-أ-المدخل-والدرس-الأول.md	67	«إِنَّ لِكُلِّ أُمَّةٍ أَمِينًا، وَإِنَّ أَمِينَنَا أَيَّتُهَا الْأُمَّةُ أَبُو عُبَيْدَةَ بْنُ الْجَرَّاحِ» (متفق عليه).	«إِنَّ لِكُلِّ أُمَّةٍ أَمِينًا، وَإِنَّ أَمِينَنَا أَيَّتُهَا الْأُمَّةُ أَبُو عُبَيْدَةَ بْنُ الْجَرَّاحِ» (متفق عليه)[^ha90].	تخريج — طوبق على المطبوع (الدفعة HA2): البخاري (٣٧٤٤) ومسلم (٢٤١٩)، واللفظ مطابق	1
المجلد-الحادي-عشر/المرجع-الأول-بنك-الأخطاء/ف01-ب-اللحن-في-الحديث-والأذكار.md	69	| **التصحيح** | ✔ «الْمُسْلِمُ مَنْ سَلِمَ الْمُسْلِمُونَ مِنْ لِسَانِهِ وَيَدِهِ» (متفق عليه) |	| **التصحيح** | ✔ «الْمُسْلِمُ مَنْ سَلِمَ الْمُسْلِمُونَ مِنْ لِسَانِهِ وَيَدِهِ» (متفق عليه)[^ha94] |	تخريج — طوبق على المطبوع (الدفعة HA2): البخاري (١٠) ومسلم (٤١)، واللفظ مطابق	1
المجلد-الرابع/الباب-الرابع/ف01-أ-المدخل-والدرس-الأول.md	227	✔ «وفي الحديث الصحيح: «الطُّهُورُ شَطْرُ الْإِيمَانِ» (رواه مسلم).»	✔ «وفي الحديث الصحيح: «الطُّهُورُ شَطْرُ الْإِيمَانِ» (رواه مسلم)[^ha98].»	تخريج — طوبق على المطبوع (الدفعة HA2): مسلم (٢٢٣)، واللفظ مطابق	1
المجلد-الرابع/الباب-الرابع/ف10-أ-الاقتباس-والتضمين.md	124	✔ «ومن جوامع كلمه ﷺ ما رواه البخاري: «إن من البيان لسحرًا».»	✔ «ومن جوامع كلمه ﷺ ما رواه البخاري: «إن من البيان لسحرًا»[^ha102].»	تخريج — طوبق على المطبوع (الدفعة HA2): البخاري (٥٧٦٧، ٥١٤٦)	1
المجلد-الثامن/الباب-التاسع/ف01-أ-المدخل-وبناء-الخطبة.md	281	✔ «قال رسول الله ﷺ: «الطُّهورُ شَطْرُ الإيمانِ» (رواه مسلم). نصف الإيمان، يا عباد الله، يبدأ من الماء الذي نتوضأ به.»	✔ «قال رسول الله ﷺ: «الطُّهورُ شَطْرُ الإيمانِ» (رواه مسلم)[^ha110]. نصف الإيمان، يا عباد الله، يبدأ من الماء الذي نتوضأ به.»	تخريج — طوبق على المطبوع (الدفعة HA2): مسلم (٢٢٣)، واللفظ مطابق	1
المجلد-الثامن/الباب-التاسع/ف01-ب-العبارة-والصوت-والنموذج.md	156	✔ «قال رسول الله ﷺ: «ومَن سلك طريقًا يلتمس فيه علمًا، سهّل الله له به طريقًا إلى الجنة» (رواه مسلم).»	✔ «قال رسول الله ﷺ: «ومَن سلك طريقًا يلتمس فيه علمًا، سهّل الله له به طريقًا إلى الجنة» (رواه مسلم)[^ha114].»	تخريج — طوبق على المطبوع (الدفعة HA2): مسلم (٢٦٩٩)، واللفظ مطابق	1
المجلد-الثالث/الباب-الثالث/ف07-أ-الحشو-الصوتي.md	105	عن عائشة رضي الله عنها: «أَنَّ النَّبِيَّ ﷺ كَانَ يُحَدِّثُ حَدِيثًا لَوْ عَدَّهُ العَادُّ لَأَحْصَاهُ» (متفق عليه).	عن عائشة رضي الله عنها: «أَنَّ النَّبِيَّ ﷺ كَانَ يُحَدِّثُ حَدِيثًا لَوْ عَدَّهُ العَادُّ لَأَحْصَاهُ» (متفق عليه)[^ha3_1].	تخريج — طوبق على المطبوع (الدفعة HA3): البخاري (٣٥٦٧) ومسلم (٢٤٩٣)، واللفظ للبخاري	1
المجلد-الخامس/الباب-الخامس/ف02-أ-المدخل-والدرس-الأول.md	54	وصفت عائشة رضي الله عنها كلام النبي ﷺ فقالت: «أَنَّ النَّبِيَّ ﷺ كَانَ يُحَدِّثُ حَدِيثًا لَوْ عَدَّهُ الْعَادُّ لَأَحْصَاهُ» (متفق عليه).	وصفت عائشة رضي الله عنها كلام النبي ﷺ فقالت: «أَنَّ النَّبِيَّ ﷺ كَانَ يُحَدِّثُ حَدِيثًا لَوْ عَدَّهُ الْعَادُّ لَأَحْصَاهُ» (متفق عليه)[^ha3_2].	تخريج — طوبق على المطبوع (الدفعة HA3): البخاري (٣٥٦٧) ومسلم (٢٤٩٣)، واللفظ للبخاري	1
المجلد-العاشر/الباب-الحادي-عشر/ف01-أ-المدخل-والدرس-الأول.md	72	«أَنَّ النَّبِيَّ ﷺ كَانَ يُحَدِّثُ حَدِيثًا لَوْ عَدَّهُ الْعَادُّ لَأَحْصَاهُ» (رواه البخاري).	«أَنَّ النَّبِيَّ ﷺ كَانَ يُحَدِّثُ حَدِيثًا لَوْ عَدَّهُ الْعَادُّ لَأَحْصَاهُ» (رواه البخاري)[^ha3_3].	تخريج — طوبق على المطبوع (الدفعة HA3): البخاري (٣٥٦٧)، واللفظ مطابق	1
المجلد-الرابع/الباب-الرابع/ف01-أ-المدخل-والدرس-الأول.md	69	«كَانَ يُحَدِّثُ حَدِيثًا لَوْ عَدَّهُ الْعَادُّ لَأَحْصَاهُ» (متفق عليه).	«كَانَ يُحَدِّثُ حَدِيثًا لَوْ عَدَّهُ الْعَادُّ لَأَحْصَاهُ» (متفق عليه)[^ha7_1].	تخريج — طوبق على المطبوع (الدفعة HA3): البخاري (٣٥٦٧) ومسلم (٢٤٩٣)، واللفظ للبخاري	1
المجلد-الرابع/الباب-الرابع/ف05-أ-فن-الانتقال.md	87	ووصفت عائشة رضي الله عنها حديثه فقالت: «كَانَ يُحَدِّثُ حَدِيثًا لَوْ عَدَّهُ الْعَادُّ لَأَحْصَاهُ» (متفق عليه). والكلام الذي يُعَدّ كلام تتميز فيه الأفكار، فيعرف السامع أين تنتهي الواحدة وتبدأ الأخرى. وهذا عين ما يصنعه الانتقال الجيد.	ووصفت عائشة رضي الله عنها حديثه فقالت: «كَانَ يُحَدِّثُ حَدِيثًا لَوْ عَدَّهُ الْعَادُّ لَأَحْصَاهُ» (متفق عليه)[^ha7_2]. والكلام الذي يُعَدّ كلام تتميز فيه الأفكار، فيعرف السامع أين تنتهي الواحدة وتبدأ الأخرى. وهذا عين ما يصنعه الانتقال الجيد.	تخريج — طوبق على المطبوع (الدفعة HA3): البخاري (٣٥٦٧) ومسلم (٢٤٩٣)، واللفظ للبخاري	1
المجلد-السادس/الباب-السادس/ف02-على-قدر-العقول.md	61	وقالت عائشة رضي الله عنها في صفة حديث النبي ﷺ: «كَانَ يُحَدِّثُ حَدِيثًا لَوْ عَدَّهُ العَادُّ لَأَحْصَاهُ» (متفق عليه).	وقالت عائشة رضي الله عنها في صفة حديث النبي ﷺ: «كَانَ يُحَدِّثُ حَدِيثًا لَوْ عَدَّهُ العَادُّ لَأَحْصَاهُ» (متفق عليه)[^ha7_3].	تخريج — طوبق على المطبوع (الدفعة HA3): البخاري (٣٥٦٧) ومسلم (٢٤٩٣)، واللفظ للبخاري	1
المجلد-الرابع/الباب-الرابع/ف05-أ-فن-الانتقال.md	83	سأل عبد الله بن مسعود رضي الله عنه النبيَّ ﷺ: «أَيُّ الْعَمَلِ أَحَبُّ إِلَى اللَّهِ؟ قَالَ: "الصَّلَاةُ عَلَى وَقْتِهَا"، قَالَ: ثُمَّ أَيٌّ؟ قَالَ: "ثُمَّ بِرُّ الْوَالِدَيْنِ"، قَالَ: ثُمَّ أَيٌّ؟ قَالَ: "الْجِهَادُ فِي سَبِيلِ اللَّهِ"» (متفق عليه). فكان سؤال «ثم أيّ؟» ينقل المجلس من عمل إلى عمل، وكانت «ثم» في الجواب تحفظ الترتيب.	سأل عبد الله بن مسعود رضي الله عنه النبيَّ ﷺ: «أَيُّ الْعَمَلِ أَحَبُّ إِلَى اللَّهِ؟ قَالَ: "الصَّلَاةُ عَلَى وَقْتِهَا"، قَالَ: ثُمَّ أَيٌّ؟ قَالَ: "ثُمَّ بِرُّ الْوَالِدَيْنِ"، قَالَ: ثُمَّ أَيٌّ؟ قَالَ: "الْجِهَادُ فِي سَبِيلِ اللَّهِ"» (متفق عليه)[^ha11]. فكان سؤال «ثم أيّ؟» ينقل المجلس من عمل إلى عمل، وكانت «ثم» في الجواب تحفظ الترتيب.	تخريج — طوبق على المطبوع (الدفعة HA3): البخاري (٥٢٧) ومسلم (٨٥)، واللفظ للبخاري	1
المجلد-الرابع/الباب-الرابع/ف10-أ-الاقتباس-والتضمين.md	46	وهو يراجع مسودته، خطر بباله أن يستشهد بما يتردد على كثير من الألسنة: «خير الأمور أوسطها»، وكاد يكتب: «كما قال رسول الله ﷺ». لكنه توقف لحظة، وسأل نفسه: هل تحققتُ من هذا فعلًا؟ فراجع، فوجد أن هذه العبارة من الحكم المتداولة على الألسنة، لا من الأحاديث الثابتة عن النبي ﷺ. فعدل عنها، وبحث عن شاهد صحيح يخدم موضوعه بدقة أكبر، فوجد الحديث القدسي الذي يقول فيه الله تعالى: «أنا عند ظنِّ عبدي بي، وأنا معه إذا ذكرني» (متفق عليه)، فاستعمله بدل الأول.	وهو يراجع مسودته، خطر بباله أن يستشهد بما يتردد على كثير من الألسنة: «خير الأمور أوسطها»، وكاد يكتب: «كما قال رسول الله ﷺ». لكنه توقف لحظة، وسأل نفسه: هل تحققتُ من هذا فعلًا؟ فراجع، فوجد أن هذه العبارة من الحكم المتداولة على الألسنة، لا من الأحاديث الثابتة عن النبي ﷺ. فعدل عنها، وبحث عن شاهد صحيح يخدم موضوعه بدقة أكبر، فوجد الحديث القدسي الذي يقول فيه الله تعالى: «أنا عند ظنِّ عبدي بي، وأنا معه إذا ذكرني» (متفق عليه)[^ha15]، فاستعمله بدل الأول.	تخريج — طوبق على المطبوع (الدفعة HA3): البخاري (٧٤٠٥) ومسلم (٢٦٧٥)، واللفظ للبخاري	1
المجلد-الخامس/الباب-الخامس/ف02-أ-المدخل-والدرس-الأول.md	56	وروى مسلم في مقدمة صحيحه: «كَفَى بِالْمَرْءِ كَذِبًا أَنْ يُحَدِّثَ بِكُلِّ مَا سَمِعَ» (رواه مسلم في المقدمة).	وروى مسلم في مقدمة صحيحه: «كَفَى بِالْمَرْءِ كَذِبًا أَنْ يُحَدِّثَ بِكُلِّ مَا سَمِعَ» (رواه مسلم في المقدمة)[^ha19].	تخريج — طوبق على المطبوع (الدفعة HA3): مسلم، المقدمة (٥) ١/١٠، واللفظ مطابق	1
المجلد-الخامس/الباب-الخامس/ف06-مخاطبة-الأقران-والأدنى.md	244	**من التراث:** لما بعث النبي ﷺ معاذ بن جبل وأبا موسى الأشعري إلى اليمن أوصاهما: «يَسِّرَا وَلَا تُعَسِّرَا، وَبَشِّرَا وَلَا تُنَفِّرَا، وَتَطَاوَعَا وَلَا تَخْتَلِفَا» (متفق عليه). ثلاثة أوامر، مع كل أمر نهيٌ يقابله فيحدد معناه، وآخرها يتوقع خطرًا خاصًّا بالتكليف المشترك: أن يختلف المكلَّفان. ويُستفاد من ذلك أن التكليف البليغ قصير محدد، يتوقع موضع الخلل قبل وقوعه.	**من التراث:** لما بعث النبي ﷺ معاذ بن جبل وأبا موسى الأشعري إلى اليمن أوصاهما: «يَسِّرَا وَلَا تُعَسِّرَا، وَبَشِّرَا وَلَا تُنَفِّرَا، وَتَطَاوَعَا وَلَا تَخْتَلِفَا» (متفق عليه)[^ha23]. ثلاثة أوامر، مع كل أمر نهيٌ يقابله فيحدد معناه، وآخرها يتوقع خطرًا خاصًّا بالتكليف المشترك: أن يختلف المكلَّفان. ويُستفاد من ذلك أن التكليف البليغ قصير محدد، يتوقع موضع الخلل قبل وقوعه.	تخريج — طوبق على المطبوع (الدفعة HA3): البخاري (٣٠٣٨) ومسلم (١٧٣٣)، واللفظ مطابق	1
المجلد-الخامس/الباب-الخامس/ف06-مخاطبة-الأقران-والأدنى.md	422	ومن هدي النبي ﷺ قوله لعمر بن أبي سلمة، وكان غلامًا في حجره تطيش يده في الصحفة: «يَا غُلَامُ، سَمِّ اللَّهَ، وَكُلْ بِيَمِينِكَ، وَكُلْ مِمَّا يَلِيكَ» (متفق عليه). نداءٌ، ثم ثلاثة أوامر قصيرة تقول له ما يفعل لا ما يترك، بلا لوم على ما فات. وكان ﷺ يمازح أخًا صغيرًا لأنس فيقول: «يَا أَبَا عُمَيْرٍ، مَا فَعَلَ النُّغَيْرُ؟» (متفق عليه)، فيناديه بكنية الكبار، ويسأله عن طائره الصغير، فيدخل إلى عالمه.	ومن هدي النبي ﷺ قوله لعمر بن أبي سلمة، وكان غلامًا في حجره تطيش يده في الصحفة: «يَا غُلَامُ، سَمِّ اللَّهَ، وَكُلْ بِيَمِينِكَ، وَكُلْ مِمَّا يَلِيكَ» (متفق عليه)[^ha27]. نداءٌ، ثم ثلاثة أوامر قصيرة تقول له ما يفعل لا ما يترك، بلا لوم على ما فات. وكان ﷺ يمازح أخًا صغيرًا لأنس فيقول: «يَا أَبَا عُمَيْرٍ، مَا فَعَلَ النُّغَيْرُ؟» (متفق عليه)، فيناديه بكنية الكبار، ويسأله عن طائره الصغير، فيدخل إلى عالمه.	تخريج — طوبق على المطبوع (الدفعة HA3): البخاري (٥٣٧٦) ومسلم (٢٠٢٢)، واللفظ مطابق	1
المجلد-السادس/الباب-السادس/ف01-السلام-والبشاشة-والاستماع.md	72	وسأله رجل: أيّ الإسلام خير؟ فقال: «تُطْعِمُ الطَّعَامَ، وَتَقْرَأُ السَّلَامَ عَلَى مَنْ عَرَفْتَ وَمَنْ لَمْ تَعْرِفْ» (متفق عليه).	وسأله رجل: أيّ الإسلام خير؟ فقال: «تُطْعِمُ الطَّعَامَ، وَتَقْرَأُ السَّلَامَ عَلَى مَنْ عَرَفْتَ وَمَنْ لَمْ تَعْرِفْ» (متفق عليه)[^ha31].	تخريج — طوبق على المطبوع (الدفعة HA3): البخاري (١٢) ومسلم (٣٩)، واللفظ مطابق	1
المجلد-السادس/الباب-السادس/ف01-السلام-والبشاشة-والاستماع.md	180	| الراكب والماشي | الراكب | «يُسَلِّمُ الرَّاكِبُ عَلَى المَاشِي» (متفق عليه) |	| الراكب والماشي | الراكب | «يُسَلِّمُ الرَّاكِبُ عَلَى المَاشِي» (متفق عليه)[^ha35] |	تخريج — طوبق على المطبوع (الدفعة HA3): البخاري (٦٢٣٢) ومسلم (٢١٦٠)	1
المجلد-السادس/الباب-السادس/ف01-السلام-والبشاشة-والاستماع.md	428	وفي الصحيحين حديث طويل تحكي فيه عائشة رضي الله عنها للنبي ﷺ خبر إحدى عشرة امرأة جلسن فتعاهدن أن يصفن أزواجهن، وتفصّل وصف كل واحدة. فلما أتمت الحديث قال لها ﷺ: «كُنْتُ لَكِ كَأَبِي زَرْعٍ لِأُمِّ زَرْعٍ» (متفق عليه).	وفي الصحيحين حديث طويل تحكي فيه عائشة رضي الله عنها للنبي ﷺ خبر إحدى عشرة امرأة جلسن فتعاهدن أن يصفن أزواجهن، وتفصّل وصف كل واحدة. فلما أتمت الحديث قال لها ﷺ: «كُنْتُ لَكِ كَأَبِي زَرْعٍ لِأُمِّ زَرْعٍ» (متفق عليه)[^ha39].	تخريج — طوبق على المطبوع (الدفعة HA3): البخاري (٥١٨٩) ومسلم (٢٤٤٨)، واللفظ مطابق	1
المجلد-السادس/الباب-السادس/ف03-المدح-والشكر-والدعاء.md	67	وقال ﷺ: «إِذَا رَأَيْتُمُ المَدَّاحِينَ فَاحْثُوا فِي وُجُوهِهِمُ التُّرَابَ» (رواه مسلم).	وقال ﷺ: «إِذَا رَأَيْتُمُ المَدَّاحِينَ فَاحْثُوا فِي وُجُوهِهِمُ التُّرَابَ» (رواه مسلم)[^ha43].	تخريج — طوبق على المطبوع (الدفعة HA3): مسلم (٣٠٠٢)، واللفظ مطابق	1
المجلد-السادس/الباب-السادس/ف03-المدح-والشكر-والدعاء.md	399	ودعا ﷺ لمضيفه فقال: «اللَّهُمَّ بَارِكْ لَهُمْ فِي مَا رَزَقْتَهُمْ، وَاغْفِرْ لَهُمْ وَارْحَمْهُمْ» (رواه مسلم).	ودعا ﷺ لمضيفه فقال: «اللَّهُمَّ بَارِكْ لَهُمْ فِي مَا رَزَقْتَهُمْ، وَاغْفِرْ لَهُمْ وَارْحَمْهُمْ» (رواه مسلم)[^ha47].	تخريج — طوبق على المطبوع (الدفعة HA3): مسلم (٢٠٤٢)، واللفظ مطابق	1
المجلد-السادس/الباب-السادس/ف04-ب-الدرس-الثاني.md	20	قال جابر بن عبد الله رضي الله عنه: «مَا سُئِلَ رَسُولُ اللهِ صلى الله عليه وسلم شَيْئًا قَطُّ فَقَالَ: لَا» (رواه مسلم). وليس معنى الحديث أن النبي ﷺ لم يرفض طلبًا قط، فقد ثبت أنه ﷺ منع أبا ذرٍّ من الإمارة لما رأى فيه ضعفًا عنها، وردّ طلبات كثيرة رآها غير مصلحة لصاحبها. ومعنى الحديث أنه ﷺ لم يكن يواجه سائله بلفظ «لا» الجافّ الجامد؛ فكان يُعطي إن استطاع، أو يعتذر بعبارة رقيقة إن لم يستطع، أو يسكت سكوتًا يفهم منه السائل الجواب. فالدرس ليس ترك الرفض، بل رفق صيغته.	قال جابر بن عبد الله رضي الله عنه: «مَا سُئِلَ رَسُولُ اللهِ صلى الله عليه وسلم شَيْئًا قَطُّ فَقَالَ: لَا» (رواه مسلم)[^ha51]. وليس معنى الحديث أن النبي ﷺ لم يرفض طلبًا قط، فقد ثبت أنه ﷺ منع أبا ذرٍّ من الإمارة لما رأى فيه ضعفًا عنها، وردّ طلبات كثيرة رآها غير مصلحة لصاحبها. ومعنى الحديث أنه ﷺ لم يكن يواجه سائله بلفظ «لا» الجافّ الجامد؛ فكان يُعطي إن استطاع، أو يعتذر بعبارة رقيقة إن لم يستطع، أو يسكت سكوتًا يفهم منه السائل الجواب. فالدرس ليس ترك الرفض، بل رفق صيغته.	تخريج — طوبق على المطبوع (الدفعة HA3): مسلم (٢٣١١)، واللفظ مطابق	1
المجلد-السادس/الباب-السادس/ف06-أ-المدخل-والدرس-الأول.md	83	**الاختلاف في الاجتهاد مقبول، والخصومة مذمومة.** لما قال النبي ﷺ لأصحابه يوم الأحزاب: «لَا يُصَلِّيَنَّ أَحَدٌ العَصْرَ إِلَّا فِي بَنِي قُرَيْظَةَ» (رواه البخاري)، أدرك بعضَهم العصرُ في الطريق. فصلّى بعضهم في الطريق، وأخّرها آخرون حتى بلغوا، ففهم كل فريق الأمر فهمًا. فذُكر ذلك للنبي ﷺ فلم يعنّف واحدًا منهم.	**الاختلاف في الاجتهاد مقبول، والخصومة مذمومة.** لما قال النبي ﷺ لأصحابه يوم الأحزاب: «لَا يُصَلِّيَنَّ أَحَدٌ العَصْرَ إِلَّا فِي بَنِي قُرَيْظَةَ» (رواه البخاري)[^ha55]، أدرك بعضَهم العصرُ في الطريق. فصلّى بعضهم في الطريق، وأخّرها آخرون حتى بلغوا، ففهم كل فريق الأمر فهمًا. فذُكر ذلك للنبي ﷺ فلم يعنّف واحدًا منهم.	تخريج — طوبق على المطبوع (الدفعة HA3): البخاري (٩٤٦)، واللفظ والسياق مطابقان	1
المجلد-السادس/الباب-السادس/ف08-أ-المدخل-والدرس-الأول.md	52	**البشاشة سنة نبوية.** قال عبد الله بن الحارث رضي الله عنه: «مَا رَأَيْتُ أَحَدًا أَكْثَرَ تَبَسُّمًا مِنْ رَسُولِ اللهِ صلى الله عليه وسلم» (رواه الترمذي). وقال ﷺ: «تَبَسُّمُكَ فِي وَجْهِ أَخِيكَ صَدَقَةٌ» (رواه الترمذي). *(وتفصيل البِشر وأحواله في الباب السادس، الفصل الأول، وهذا الفصل يتناول الابتسامة بوصفها جزءًا من لغة الجسد المتكاملة مع النظر والجلسة والوقفة.)*	**البشاشة سنة نبوية.** قال عبد الله بن الحارث رضي الله عنه: «مَا رَأَيْتُ أَحَدًا أَكْثَرَ تَبَسُّمًا مِنْ رَسُولِ اللهِ صلى الله عليه وسلم» (رواه الترمذي)[^ha59]. وقال ﷺ: «تَبَسُّمُكَ فِي وَجْهِ أَخِيكَ صَدَقَةٌ» (رواه الترمذي). *(وتفصيل البِشر وأحواله في الباب السادس، الفصل الأول، وهذا الفصل يتناول الابتسامة بوصفها جزءًا من لغة الجسد المتكاملة مع النظر والجلسة والوقفة.)*	تخريج — طوبق على المطبوع (الدفعة HA3): الترمذي (٣٦٤١)، واللفظ مطابق، والحكم بلفظه	1
المجلد-السادس/الباب-السادس/ف09-أ-المدخل-والدرس-الأول.md	53	**التواضع سبب الرفعة والمحبة معًا.** قال النبي ﷺ: «مَا تَوَاضَعَ أَحَدٌ لِلَّهِ إِلَّا رَفَعَهُ اللهُ» (رواه مسلم، ضمن حديث أطول). والتواضع هنا خُلق باطن يظهر أثره في الكلام: قبول السؤال المكرر بصدر رحب، والاعتراف بالخطأ، وترك التعالي على المبتدئ.	**التواضع سبب الرفعة والمحبة معًا.** قال النبي ﷺ: «مَا تَوَاضَعَ أَحَدٌ لِلَّهِ إِلَّا رَفَعَهُ اللهُ» (رواه مسلم، ضمن حديث أطول)[^ha63]. والتواضع هنا خُلق باطن يظهر أثره في الكلام: قبول السؤال المكرر بصدر رحب، والاعتراف بالخطأ، وترك التعالي على المبتدئ.	تخريج — طوبق على المطبوع (الدفعة HA3): مسلم (٢٥٨٨)، واللفظ مطابق	1
المجلد-السابع/الباب-السابع/ف01-أ-السؤال-المدخل-والدرس-الأول.md	227	«سَأَلْتُ النَّبِيَّ ﷺ: أَيُّ الْعَمَلِ أَحَبُّ إِلَى اللَّهِ؟ قَالَ: الصَّلَاةُ عَلَى وَقْتِهَا. قَالَ: ثُمَّ أَيٌّ؟ قَالَ: ثُمَّ بِرُّ الْوَالِدَيْنِ. قَالَ: ثُمَّ أَيٌّ؟ قَالَ: الْجِهَادُ فِي سَبِيلِ اللَّهِ» (متفق عليه، واللفظ للبخاري).	«سَأَلْتُ النَّبِيَّ ﷺ: أَيُّ الْعَمَلِ أَحَبُّ إِلَى اللَّهِ؟ قَالَ: الصَّلَاةُ عَلَى وَقْتِهَا. قَالَ: ثُمَّ أَيٌّ؟ قَالَ: ثُمَّ بِرُّ الْوَالِدَيْنِ. قَالَ: ثُمَّ أَيٌّ؟ قَالَ: الْجِهَادُ فِي سَبِيلِ اللَّهِ» (متفق عليه، واللفظ للبخاري)[^ha67].	تخريج — طوبق على المطبوع (الدفعة HA3): البخاري (٥٢٧) ومسلم (٨٥)، واللفظ للبخاري	1
المجلد-السابع/الباب-السابع/ف06-أ-المناظرة-وأدبها.md	55	عن أم سلمة رضي الله عنها أن رسول الله ﷺ قال: «إِنَّمَا أَنَا بَشَرٌ، وَإِنَّكُمْ تَخْتَصِمُونَ إِلَيَّ، وَلَعَلَّ بَعْضَكُمْ أَنْ يَكُونَ أَلْحَنَ بِحُجَّتِهِ مِنْ بَعْضٍ، فَأَقْضِيَ لَهُ عَلَى نَحْوِ مَا أَسْمَعُ» (متفق عليه)	عن أم سلمة رضي الله عنها أن رسول الله ﷺ قال: «إِنَّمَا أَنَا بَشَرٌ، وَإِنَّكُمْ تَخْتَصِمُونَ إِلَيَّ، وَلَعَلَّ بَعْضَكُمْ أَنْ يَكُونَ أَلْحَنَ بِحُجَّتِهِ مِنْ بَعْضٍ، فَأَقْضِي نَحْوَ مَا أَسْمَعُ» (متفق عليه، واللفظ للبخاري)[^ha71]	تخريج — طوبق على المطبوع (الدفعة HA3): اللفظ مركّب من روايات البخاري ومسلم؛ رُدّ إلى لفظ البخاري (٧١٦٩) «فأقضي نحو ما أسمع»	1
المجلد-الثامن/الباب-الثامن/ف01-أ-المدخل-والدخول-والجلوس.md	79	فالتوسعة حق للقادم على الجالسين، والجلوس حيث ينتهي المجلس أدب من القادم مع الجالسين. ولا يُقيم أحد غيره ليجلس مكانه، لقول النبي ﷺ: «لا يُقيمُ الرجلُ الرجلَ من مجلسِه ثم يجلسُ فيه» (متفق عليه).	فالتوسعة حق للقادم على الجالسين، والجلوس حيث ينتهي المجلس أدب من القادم مع الجالسين. ولا يُقيم أحد غيره ليجلس مكانه، لقول النبي ﷺ: «لا يُقيمُ الرجلُ الرجلَ من مجلسِه ثم يجلسُ فيه» (متفق عليه)[^ha75].	تخريج — طوبق على المطبوع (الدفعة HA3): البخاري (٦٢٦٩) ومسلم (٢١٧٧)، واللفظ للبخاري	1
المجلد-الثامن/الباب-الثامن/ف03-أ-المدخل-وحوار-اللقاء-الأول.md	64	أما ثمرة التواضع فجاءت في قوله ﷺ ضمن حديث طويل في فضل الصدقة والعفو: «...وما تواضع أحد لله إلا رفعه الله» (رواه مسلم). ومعنى هذا أن التقدير يأتي غالبًا لمن لم يطلبه، لا لمن ألحّ في طلبه؛ فمن صبر وعمل رفعه عمله، ومن استعجل واستعرض ربما أخّره استعجاله.	أما ثمرة التواضع فجاءت في قوله ﷺ ضمن حديث في فضل الصدقة والعفو: «...وما تواضع أحد لله إلا رفعه الله» (رواه مسلم)[^ha79]. ومعنى هذا أن التقدير يأتي غالبًا لمن لم يطلبه، لا لمن ألحّ في طلبه؛ فمن صبر وعمل رفعه عمله، ومن استعجل واستعرض ربما أخّره استعجاله.	تخريج — طوبق على المطبوع (الدفعة HA3): مسلم (٢٥٨٨): الحديث ثلاث جمل، فلا يوصف بالطول	1
المجلد-الثامن/الباب-التاسع/ف01-أ-المدخل-وبناء-الخطبة.md	309	[م٣-ب٩-ف١-مث١٧] **قالب «المعنى ← الواقع ← العمل» في خطبة «الصدق في البيع».** المحور الأول: قول النبي ﷺ: «البَيِّعانِ بالخيارِ ما لم يتفرَّقا، فإنْ صدَقا وبيَّنا بُورِكَ لهما في بيعِهما، وإنْ كتَما وكذَبا مُحِقَتْ بركةُ بيعِهما» (متفق عليه)، مع شرح «بيّنا» و«كتما» بلغة السوق. المحور الثاني: ثلاث صور من سوق الحي: الميزان الذي يُنقص قليلًا، والعيب الذي يُخفى تحت الطيّة، و«هذه آخر قطعة». المحور الثالث: خطوة واحدة: اذكر العيب قبل أن تُسأل.	[م٣-ب٩-ف١-مث١٧] **قالب «المعنى ← الواقع ← العمل» في خطبة «الصدق في البيع».** المحور الأول: قول النبي ﷺ: «البَيِّعانِ بالخيارِ ما لم يتفرَّقا، فإنْ صدَقا وبيَّنا بُورِكَ لهما في بيعِهما، وإنْ كتَما وكذَبا مُحِقَتْ بركةُ بيعِهما» (متفق عليه)[^ha83]، مع شرح «بيّنا» و«كتما» بلغة السوق. المحور الثاني: ثلاث صور من سوق الحي: الميزان الذي يُنقص قليلًا، والعيب الذي يُخفى تحت الطيّة، و«هذه آخر قطعة». المحور الثالث: خطوة واحدة: اذكر العيب قبل أن تُسأل.	تخريج — طوبق على المطبوع (الدفعة HA3): البخاري (٢٠٧٩) ومسلم (١٥٣٢)، واللفظ للبخاري	1
المجلد-الثامن/الباب-التاسع/ف04-أ-المدخل-والدرس-الأول.md	256	روى البخاري عن أنس رضي الله عنه أن النبي ﷺ «كَانَ إِذَا تَكَلَّمَ بِكَلِمَةٍ أَعَادَهَا ثَلَاثًا حَتَّى تُفْهَمَ عَنْهُ» (رواه البخاري). ويُستفاد منه أن الجملة التي تريد أن يحملها السامع معه تستحق أن تُقال في ثلاثة مواضع: في الافتتاح وعدًا، وعند عرضها نتيجةً، وفي الختام خلاصةً.	روى البخاري عن أنس رضي الله عنه أن النبي ﷺ «كَانَ إِذَا تَكَلَّمَ بِكَلِمَةٍ أَعَادَهَا ثَلَاثًا حَتَّى تُفْهَمَ عَنْهُ» (رواه البخاري)[^ha87]. ويُستفاد منه أن الجملة التي تريد أن يحملها السامع معه تستحق أن تُقال في ثلاثة مواضع: في الافتتاح وعدًا، وعند عرضها نتيجةً، وفي الختام خلاصةً.	تخريج — طوبق على المطبوع (الدفعة HA3): البخاري (٩٥)، واللفظ مطابق	1
المجلد-العاشر/الباب-الثاني-عشر/ف03-ب-التنازل-والعرض-المقابل.md	28	وقال النبي ﷺ: «الصُّلْحُ جَائِزٌ بَيْنَ الْمُسْلِمِينَ إِلَّا صُلْحًا حَرَّمَ حَلَالًا أَوْ أَحَلَّ حَرَامًا» (رواه أبو داود والترمذي، وحسّنه الترمذي)	وقال النبي ﷺ: «الصُّلْحُ جَائِزٌ بَيْنَ الْمُسْلِمِينَ إِلَّا صُلْحًا حَرَّمَ حَلَالًا أَوْ أَحَلَّ حَرَامًا» (رواه الترمذي وقال: حديث حسن صحيح؛ ورواه أبو داود بلفظ: «الصلح جائز بين المسلمين»، والاستثناء عنده من زيادة شيخه أحمد)[^ha91]	تخريج — طوبق على المطبوع (الدفعة HA3): قال الترمذي (١٣٥٢): «حسن صحيح» لا «حسن» فحسب، والاستثناء عند أبي داود (٣٥٩٤) زيادةٌ من شيخه أحمد	1
المجلد-الثالث/الباب-الثالث/ف06-ب-المخاطبة-والتحية-والتطبيق.md	67	**ما الذي جعل الثالث ناجحًا؟** أنه أخذ العبارات من مخزونها العربي: الحمد على السلامة، و«طهورٌ إن شاء الله»، و«شفاءً لا يغادر سقمًا» وهي من دعاء نبوي ثابت في الصحيحين. ثم أضاف جملة واحدة تراعي حال المريض، وسؤالًا واحدًا يترك له الكلام.	**ما الذي جعل الثالث ناجحًا؟** أنه أخذ العبارات من مخزونها العربي: الحمد على السلامة، و«طهورٌ إن شاء الله» وهي في صحيح البخاري، و«شفاءً لا يغادر سقمًا» وهي من دعاء نبوي ثابت في الصحيحين[^ha95]. ثم أضاف جملة واحدة تراعي حال المريض، وسؤالًا واحدًا يترك له الكلام.	تخريج — طوبق على المطبوع (الدفعة HA3، HA4): «طهور إن شاء الله» في البخاري وحده (٣٦١٦، ٥٦٥٦)، و«شفاءً لا يغادر سقمًا» في الصحيحين (خ ٥٦٧٥، م ٢١٩١)؛ فبُيّن ذلك	1
المجلد-الرابع/الباب-الرابع/ف03-أ-فن-الافتتاح.md	198	> «جاء رجلٌ إلى النبيِّ ﷺ فسأله: مَن أحقُّ الناسِ بحُسنِ صَحابتي؟ قال: "أُمُّكَ"، قال: ثم مَن؟ قال: "أُمُّكَ"، قال: ثم مَن؟ قال: "أُمُّكَ"، قال: ثم مَن؟ قال: "أَبوكَ" (متفق عليه). ثلاث مرات لأم واحدة، ومرة واحدة لأب. في هذا الدرس نقف عند هذا الترتيب النبوي: لماذا؟ وماذا يعني لبرّنا اليوم؟»	> «جاء رجلٌ إلى النبيِّ ﷺ فسأله: مَن أحقُّ الناسِ بحُسنِ صَحابتي؟ قال: "أُمُّكَ"، قال: ثم مَن؟ قال: "أُمُّكَ"، قال: ثم مَن؟ قال: "أُمُّكَ"، قال: ثم مَن؟ قال: "ثُمَّ أَبوكَ" (متفق عليه)[^ha99]. ثلاث مرات لأم واحدة، ومرة واحدة لأب. في هذا الدرس نقف عند هذا الترتيب النبوي: لماذا؟ وماذا يعني لبرّنا اليوم؟»	تخريج — طوبق على المطبوع (الدفعة HA3): البخاري (٥٩٧١) ومسلم (٢٥٤٨): «ثم أبوك» لا «أبوك»	1
المجلد-الرابع/الباب-الرابع/ف10-ب-الشعر-والأمثال.md	113	> «قال الله تعالى: ﴿وَبَشِّرِ ٱلصَّٰبِرِينَ﴾ (البقرة: ١٥٥). وقد ثبت عنه ﷺ فيما رواه البخاري: «وما أُعطي أحدٌ عطاءً خيرًا وأوسع من الصبر» (متفق عليه). وقد سمعتُ بيتًا مشهورًا في هذا المعنى، لكني لستُ متيقنًا تمام اليقين من ضبط لفظه، فأكتفي بما تحققتُ منه من الآية والحديث.»	> «قال الله تعالى: ﴿وَبَشِّرِ ٱلصَّٰبِرِينَ﴾ (البقرة: ١٥٥). وقد ثبت عنه ﷺ فيما رواه البخاري: «وما أُعطي أحدٌ عطاءً خيرًا وأوسع من الصبر» (متفق عليه)[^ha103]. وقد سمعتُ بيتًا مشهورًا في هذا المعنى، لكني لستُ متيقنًا تمام اليقين من ضبط لفظه، فأكتفي بما تحققتُ منه من الآية والحديث.»	تخريج — طوبق على المطبوع (الدفعة HA3): البخاري (١٤٦٩) ومسلم (١٠٥٣)، واللفظ للبخاري	1
المجلد-السابع/الباب-السابع/ف05-أ-الإقناع-المدخل-والدرس-الأول.md	229	✔ «وقد قال النبي ﷺ: "مَنْ سَلَكَ طَرِيقًا يَلْتَمِسُ فِيهِ عِلْمًا، سَهَّلَ اللَّهُ لَهُ بِهِ طَرِيقًا إِلَى الْجَنَّةِ" (رواه مسلم).»	✔ «وقد قال النبي ﷺ: "مَنْ سَلَكَ طَرِيقًا يَلْتَمِسُ فِيهِ عِلْمًا، سَهَّلَ اللَّهُ لَهُ بِهِ طَرِيقًا إِلَى الْجَنَّةِ" (رواه مسلم)[^ha107].»	تخريج — طوبق على المطبوع (الدفعة HA3): مسلم (٢٦٩٩)، واللفظ مطابق	1
المجلد-الثامن/الباب-التاسع/ف01-أ-المدخل-وبناء-الخطبة.md	295	✔ «تخلّف كعب بن مالك رضي الله عنه عن غزوة تبوك بلا عذر. فلما رجع النبي ﷺ لم يعتذر إليه بكذب كما فعل غيره، بل صدَقه. وقصته في الصحيحين، وفيها درسنا اليوم: الصدق يُنجي وإن تأخر فرجه.»	✔ «تخلّف كعب بن مالك رضي الله عنه عن غزوة تبوك بلا عذر. فلما رجع النبي ﷺ لم يعتذر إليه بكذب كما فعل غيره، بل صدَقه. وقصته في الصحيحين[^ha111]، وفيها درسنا اليوم: الصدق يُنجي وإن تأخر فرجه.»	تخريج — طوبق على المطبوع (الدفعة HA3): البخاري (٤٤١٨) ومسلم (٢٧٦٩)، والتلخيص أمين	1
المجلد-الثامن/الباب-التاسع/ف01-ب-العبارة-والصوت-والنموذج.md	162	✔ «وفي صحيح البخاري حديث معناه: أن العبد قد يتكلم بالكلمة لا يُلقي لها بالًا، فيرفعه الله بها درجات، أو يهوي بها في النار.»	✔ «وفي صحيح البخاري حديث معناه: أن العبد قد يتكلم بالكلمة لا يُلقي لها بالًا، فيرفعه الله بها درجات، أو يهوي بها في النار[^ha115].»	تخريج — طوبق على المطبوع (الدفعة HA3): البخاري (٦٤٧٨)، والمعنى أمين؛ ونُقل اللفظ المطبوع إلى الحاشية	1
المجلد-الثالث/الباب-الثالث/ف07-أ-الحشو-الصوتي.md	107	وقالت: «إِنَّ رَسُولَ اللَّهِ ﷺ لَمْ يَكُنْ يَسْرُدُ الحَدِيثَ كَسَرْدِكُمْ» (متفق عليه).	وقالت: «إِنَّ رَسُولَ اللَّهِ ﷺ لَمْ يَكُنْ يَسْرُدُ الحَدِيثَ كَسَرْدِكُمْ» (متفق عليه)[^ha4_1].	تخريج — طوبق على المطبوع (الدفعة HA4): علّقه البخاري (٣٥٦٨) ووصله مسلم (٢٤٩٣)، واللفظ مطابق	1
المجلد-العاشر/الباب-الحادي-عشر/ف01-أ-المدخل-والدرس-الأول.md	76	«إِنَّ رَسُولَ اللَّهِ ﷺ لَمْ يَكُنْ يَسْرُدُ الْحَدِيثَ كَسَرْدِكُمْ» (رواه البخاري).	«إِنَّ رَسُولَ اللَّهِ ﷺ لَمْ يَكُنْ يَسْرُدُ الْحَدِيثَ كَسَرْدِكُمْ» (رواه البخاري)[^ha4_2].	تخريج — طوبق على المطبوع (الدفعة HA4): علّقه البخاري (٣٥٦٨) ووصله مسلم (٢٤٩٣)، واللفظ مطابق	1
المجلد-الرابع/الباب-الرابع/ف01-أ-المدخل-والدرس-الأول.md	77	«ثَلَاثٌ مَنْ كُنَّ فِيهِ وَجَدَ حَلَاوَةَ الْإِيمَانِ…» (متفق عليه)، ثم يذكر الثلاث واحدة بعد واحدة.	«ثَلَاثٌ مَنْ كُنَّ فِيهِ وَجَدَ حَلَاوَةَ الْإِيمَانِ…» (متفق عليه)[^ha8]، ثم يذكر الثلاث واحدة بعد واحدة.	تخريج — طوبق على المطبوع (الدفعة HA4): البخاري (١٦) ومسلم (٤٣)، واللفظ للبخاري	1
المجلد-الرابع/الباب-الرابع/ف05-أ-فن-الانتقال.md	85	وفي حديث أبي بكرة رضي الله عنه أن النبي ﷺ قال: «أَلَا أُنَبِّئُكُمْ بِأَكْبَرِ الْكَبَائِرِ؟» (متفق عليه). كرّر السؤال ثلاثًا، ثم ذكر اثنتين منها، وكان متكئًا فجلس، ثم ذكر الثالثة وأخذ يكررها. فكان الجلوس بعد الاتكاء انتقالًا بالجسد، أعلن للحاضرين أن ما يأتي أشد مما سبق.	وفي حديث أبي بكرة رضي الله عنه أن النبي ﷺ قال: «أَلَا أُنَبِّئُكُمْ بِأَكْبَرِ الْكَبَائِرِ؟» (متفق عليه)[^ha12]. كرّر السؤال ثلاثًا، ثم ذكر اثنتين منها، وكان متكئًا فجلس، ثم ذكر الثالثة وأخذ يكررها. فكان الجلوس بعد الاتكاء انتقالًا بالجسد، أعلن للحاضرين أن ما يأتي أشد مما سبق.	تخريج — طوبق على المطبوع (الدفعة HA4): البخاري (٢٦٥٤) ومسلم (٨٧)، واللفظ والسياق مطابقان	1
المجلد-الخامس/الباب-الخامس/ف01-أ-المدخل-والدرس-الأول.md	64	«حَدِّثُوا النَّاسَ بِمَا يَعْرِفُونَ، أَتُحِبُّونَ أَنْ يُكَذَّبَ اللَّهُ وَرَسُولُهُ؟» (رواه البخاري)	«حَدِّثُوا النَّاسَ بِمَا يَعْرِفُونَ، أَتُحِبُّونَ أَنْ يُكَذَّبَ اللَّهُ وَرَسُولُهُ؟» (رواه البخاري)[^ha16_1]	تخريج — طوبق على المطبوع (الدفعة HA4): البخاري (١٢٧)، موقوف على علي	1
المجلد-الثامن/الباب-التاسع/ف02-أ-المدخل-وبناء-المحاضرة.md	69	«حَدِّثُوا النَّاسَ بِمَا يَعْرِفُونَ، أَتُحِبُّونَ أَنْ يُكَذَّبَ اللهُ وَرَسُولُهُ» (رواه البخاري موقوفًا على علي رضي الله عنه).	«حَدِّثُوا النَّاسَ بِمَا يَعْرِفُونَ، أَتُحِبُّونَ أَنْ يُكَذَّبَ اللهُ وَرَسُولُهُ» (رواه البخاري موقوفًا على علي رضي الله عنه)[^ha16_2].	تخريج — طوبق على المطبوع (الدفعة HA4): البخاري (١٢٧)، موقوف على علي	1
المجلد-الخامس/الباب-الخامس/ف02-أ-المدخل-والدرس-الأول.md	58	وكتب النبي ﷺ إلى ملك الروم: «مِنْ مُحَمَّدٍ عَبْدِ اللَّهِ وَرَسُولِهِ إِلَى هِرَقْلَ عَظِيمِ الرُّومِ» (متفق عليه).	وكتب النبي ﷺ إلى ملك الروم: «مِنْ مُحَمَّدٍ عَبْدِ اللَّهِ وَرَسُولِهِ إِلَى هِرَقْلَ عَظِيمِ الرُّومِ» (متفق عليه)[^ha20].	تخريج — طوبق على المطبوع (الدفعة HA4): البخاري (٧) ومسلم (١٧٧٣)، واللفظ للبخاري	1
المجلد-الخامس/الباب-الخامس/ف06-مخاطبة-الأقران-والأدنى.md	316	وقال أنس بن مالك رضي الله عنه، وقد خدم النبي ﷺ غلامًا: «خَدَمْتُ النَّبِيَّ ﷺ عَشْرَ سِنِينَ، فَمَا قَالَ لِي: أُفٍّ، وَلَا: لِمَ صَنَعْتَ؟ وَلَا: أَلَّا صَنَعْتَ» (رواه البخاري).	وقال أنس بن مالك رضي الله عنه، وقد خدم النبي ﷺ غلامًا: «خَدَمْتُ النَّبِيَّ ﷺ عَشْرَ سِنِينَ، فَمَا قَالَ لِي: أُفٍّ، وَلَا: لِمَ صَنَعْتَ؟ وَلَا: أَلَّا صَنَعْتَ» (رواه البخاري)[^ha24].	تخريج — طوبق على المطبوع (الدفعة HA4): البخاري (٦٠٣٨)، واللفظ مطابق	1
المجلد-الخامس/الباب-الخامس/ف06-مخاطبة-الأقران-والأدنى.md	422	ومن هدي النبي ﷺ قوله لعمر بن أبي سلمة، وكان غلامًا في حجره تطيش يده في الصحفة: «يَا غُلَامُ، سَمِّ اللَّهَ، وَكُلْ بِيَمِينِكَ، وَكُلْ مِمَّا يَلِيكَ» (متفق عليه)[^ha27]. نداءٌ، ثم ثلاثة أوامر قصيرة تقول له ما يفعل لا ما يترك، بلا لوم على ما فات. وكان ﷺ يمازح أخًا صغيرًا لأنس فيقول: «يَا أَبَا عُمَيْرٍ، مَا فَعَلَ النُّغَيْرُ؟» (متفق عليه)، فيناديه بكنية الكبار، ويسأله عن طائره الصغير، فيدخل إلى عالمه.	ومن هدي النبي ﷺ قوله لعمر بن أبي سلمة، وكان غلامًا في حجره تطيش يده في الصحفة: «يَا غُلَامُ، سَمِّ اللَّهَ، وَكُلْ بِيَمِينِكَ، وَكُلْ مِمَّا يَلِيكَ» (متفق عليه)[^ha27]. نداءٌ، ثم ثلاثة أوامر قصيرة تقول له ما يفعل لا ما يترك، بلا لوم على ما فات. وكان ﷺ يمازح أخًا صغيرًا لأنس فيقول: «يَا أَبَا عُمَيْرٍ، مَا فَعَلَ النُّغَيْرُ؟» (متفق عليه)[^ha28]، فيناديه بكنية الكبار، ويسأله عن طائره الصغير، فيدخل إلى عالمه.	تخريج — طوبق على المطبوع (الدفعة HA4): البخاري (٦٢٠٣) ومسلم (٢١٥٠)، واللفظ للبخاري	1
المجلد-السادس/الباب-السادس/ف01-السلام-والبشاشة-والاستماع.md	76	ومع ذلك لم يكن الكبير ينتظر الصغير متعاليًا. فقد مرّ أنس بن مالك رضي الله عنه على صبيان فسلّم عليهم، وقال: «كَانَ النَّبِيُّ ﷺ يَفْعَلُهُ» (رواه البخاري).	ومع ذلك لم يكن الكبير ينتظر الصغير متعاليًا. فقد مرّ أنس بن مالك رضي الله عنه على صبيان فسلّم عليهم، وقال: «كَانَ النَّبِيُّ ﷺ يَفْعَلُهُ» (رواه البخاري)[^ha32].	تخريج — طوبق على المطبوع (الدفعة HA4): البخاري (٦٢٤٧)، واللفظ مطابق	1
المجلد-السادس/الباب-السادس/ف01-السلام-والبشاشة-والاستماع.md	306	قال النبي ﷺ: «لَا تَحْقِرَنَّ مِنَ المَعْرُوفِ شَيْئًا، وَلَوْ أَنْ تَلْقَى أَخَاكَ بِوَجْهٍ طَلْقٍ» (رواه مسلم).	قال النبي ﷺ: «لَا تَحْقِرَنَّ مِنَ المَعْرُوفِ شَيْئًا، وَلَوْ أَنْ تَلْقَى أَخَاكَ بِوَجْهٍ طَلْقٍ» (رواه مسلم)[^ha36].	تخريج — طوبق على المطبوع (الدفعة HA4): مسلم (٢٦٢٦)، واللفظ مطابق	1
المجلد-السادس/الباب-السادس/ف02-على-قدر-العقول.md	71	وفي حديث معاذ رضي الله عنه، لما أخبره النبي ﷺ بحق الله على العباد وحق العباد على الله، قال: أفلا أبشّر به الناس؟ قال: «لَا تُبَشِّرْهُمْ فَيَتَّكِلُوا» (متفق عليه).	وفي حديث معاذ رضي الله عنه، لما أخبره النبي ﷺ بحق الله على العباد وحق العباد على الله، قال: أفلا أبشّر به الناس؟ قال: «لَا تُبَشِّرْهُمْ فَيَتَّكِلُوا» (متفق عليه)[^ha40].	تخريج — طوبق على المطبوع (الدفعة HA4): البخاري (٢٨٥٦) ومسلم (٣٠)، واللفظ مطابق	1
المجلد-السادس/الباب-السادس/ف03-المدح-والشكر-والدعاء.md	391	وضع ابن عباس رضي الله عنهما وَضوءًا للنبي ﷺ، فقال: «مَنْ وَضَعَ هَذَا؟» فأُخبر، فقال: «اللَّهُمَّ فَقِّهْهُ فِي الدِّينِ» (رواه البخاري).	وضع ابن عباس رضي الله عنهما وَضوءًا للنبي ﷺ، فقال: «مَنْ وَضَعَ هَذَا؟» فأُخبر، فقال: «اللَّهُمَّ فَقِّهْهُ فِي الدِّينِ» (رواه البخاري)[^ha44].	تخريج — طوبق على المطبوع (الدفعة HA4): البخاري (١٤٣)، واللفظ مطابق	1
المجلد-السادس/الباب-السادس/ف04-أ-المدخل-والدرس-الأول.md	62	**حدّ الإلحاح في الاستئذان.** قال النبي ﷺ: «الِاسْتِئْذَانُ ثَلَاثٌ، فَإِنْ أُذِنَ لَكَ، وَإِلَّا فَارْجِعْ» (متفق عليه، عن أبي موسى الأشعري رضي الله عنه). فجعل للطلب نهاية معدودة، لئلا يتحول الإلحاح إلى إزعاج. ومن طلب فألحّ بعد رفض واضح فقد خالف أدب الاستئذان الذي يطلب الإذن من أجله.	**حدّ الإلحاح في الاستئذان.** قال النبي ﷺ: «الِاسْتِئْذَانُ ثَلَاثٌ، فَإِنْ أُذِنَ لَكَ، وَإِلَّا فَارْجِعْ» (متفق عليه، عن أبي موسى الأشعري رضي الله عنه)[^ha48]. فجعل للطلب نهاية معدودة، لئلا يتحول الإلحاح إلى إزعاج. ومن طلب فألحّ بعد رفض واضح فقد خالف أدب الاستئذان الذي يطلب الإذن من أجله.	تخريج — طوبق على المطبوع (الدفعة HA4): البخاري (٦٢٤٥) ومسلم (٢١٥٣)، واللفظ لمسلم	1
المجلد-السادس/الباب-السادس/ف04-ب-الدرس-الثاني.md	22	وقال ﷺ: «الدَّالُّ عَلَى الْخَيْرِ كَفَاعِلِهِ» (رواه مسلم). وفي هذا أصل لخطوة «البديل»: من لم يستطع أن يلبّي الطلب بنفسه، فإرشاده إلى من يستطيع مشاركة في الأجر، وتخفيف لأثر الرفض على السائل.	وقال ﷺ: «مَنْ دَلَّ عَلَى خَيْرٍ فَلَهُ مِثْلُ أَجْرِ فَاعِلِهِ» (رواه مسلم)[^ha52]. وفي هذا أصل لخطوة «البديل»: من لم يستطع أن يلبّي الطلب بنفسه، فإرشاده إلى من يستطيع مشاركة في الأجر، وتخفيف لأثر الرفض على السائل.	تخريج — طوبق على المطبوع (الدفعة HA4): «الدال على الخير كفاعله» ليس في مسلم، بل عند الترمذي (٢٦٧٠) وقال: غريب؛ ولفظ مسلم (١٨٩٣): «من دل على خير فله مثل أجر فاعله»	1
المجلد-السادس/الباب-السادس/ف06-أ-المدخل-والدرس-الأول.md	85	وقال ﷺ: «إِذَا حَكَمَ الحَاكِمُ فَاجْتَهَدَ ثُمَّ أَصَابَ فَلَهُ أَجْرَانِ، وَإِذَا حَكَمَ فَاجْتَهَدَ ثُمَّ أَخْطَأَ فَلَهُ أَجْرٌ» (متفق عليه).	وقال ﷺ: «إِذَا حَكَمَ الحَاكِمُ فَاجْتَهَدَ ثُمَّ أَصَابَ فَلَهُ أَجْرَانِ، وَإِذَا حَكَمَ فَاجْتَهَدَ ثُمَّ أَخْطَأَ فَلَهُ أَجْرٌ» (متفق عليه)[^ha56].	تخريج — طوبق على المطبوع (الدفعة HA4): البخاري (٧٣٥٢) ومسلم (١٧١٦)، واللفظ مطابق	1
المجلد-السادس/الباب-السادس/ف08-أ-المدخل-والدرس-الأول.md	52	**البشاشة سنة نبوية.** قال عبد الله بن الحارث رضي الله عنه: «مَا رَأَيْتُ أَحَدًا أَكْثَرَ تَبَسُّمًا مِنْ رَسُولِ اللهِ صلى الله عليه وسلم» (رواه الترمذي)[^ha59]. وقال ﷺ: «تَبَسُّمُكَ فِي وَجْهِ أَخِيكَ صَدَقَةٌ» (رواه الترمذي). *(وتفصيل البِشر وأحواله في الباب السادس، الفصل الأول، وهذا الفصل يتناول الابتسامة بوصفها جزءًا من لغة الجسد المتكاملة مع النظر والجلسة والوقفة.)*	**البشاشة سنة نبوية.** قال عبد الله بن الحارث رضي الله عنه: «مَا رَأَيْتُ أَحَدًا أَكْثَرَ تَبَسُّمًا مِنْ رَسُولِ اللهِ صلى الله عليه وسلم» (رواه الترمذي)[^ha59]. وقال ﷺ: «تَبَسُّمُكَ فِي وَجْهِ أَخِيكَ لَكَ صَدَقَةٌ» (رواه الترمذي)[^ha60]. *(وتفصيل البِشر وأحواله في الباب السادس، الفصل الأول، وهذا الفصل يتناول الابتسامة بوصفها جزءًا من لغة الجسد المتكاملة مع النظر والجلسة والوقفة.)*	تخريج — طوبق على المطبوع (الدفعة HA4): الترمذي (١٩٥٦): «تبسمك في وجه أخيك لك صدقة»، فزيد «لك»	1
المجلد-السادس/الباب-السادس/ف09-أ-المدخل-والدرس-الأول.md	55	**حق المسلم على المسلم.** قال النبي ﷺ: «حَقُّ الْمُسْلِمِ عَلَى الْمُسْلِمِ خَمْسٌ: رَدُّ السَّلَامِ، وَعِيَادَةُ الْمَرِيضِ، وَاتِّبَاعُ الْجَنَائِزِ، وَإِجَابَةُ الدَّعْوَةِ، وَتَشْمِيتُ الْعَاطِسِ» (رواه مسلم). وهذه الحقوق الخمسة كلها مواقف كلامية بالدرجة الأولى: كلمة رد، وسؤال عن الحال، وحضور، وتلبية دعوة، ودعاء بعد عطسة.	**حق المسلم على المسلم.** قال النبي ﷺ: «حَقُّ الْمُسْلِمِ عَلَى الْمُسْلِمِ خَمْسٌ: رَدُّ السَّلَامِ، وَعِيَادَةُ الْمَرِيضِ، وَاتِّبَاعُ الْجَنَائِزِ، وَإِجَابَةُ الدَّعْوَةِ، وَتَشْمِيتُ الْعَاطِسِ» (متفق عليه، واللفظ للبخاري)[^ha64_1]. وهذه الحقوق الخمسة كلها مواقف كلامية بالدرجة الأولى: كلمة رد، وسؤال عن الحال، وحضور، وتلبية دعوة، ودعاء بعد عطسة.	تخريج — طوبق على المطبوع (الدفعة HA4): اللفظ لفظ البخاري (١٢٤٠)، ولمسلم (٢١٦٢) لفظ آخر؛ فالحديث متفق عليه واللفظ للبخاري	1
المجلد-السادس/الباب-السادس/ف09-ب-الدرس-الثاني.md	49	**الأصل الشرعي:** قال النبي ﷺ: «حَقُّ الْمُسْلِمِ عَلَى الْمُسْلِمِ خَمْسٌ: رَدُّ السَّلَامِ، وَعِيَادَةُ الْمَرِيضِ، وَاتِّبَاعُ الْجَنَائِزِ، وَإِجَابَةُ الدَّعْوَةِ، وَتَشْمِيتُ الْعَاطِسِ» (رواه مسلم) *(انظر مدخل هذا الفصل)*. وهذه الحقوق أصل لثلاثة سلوكيات كلامية بسيطة يغفل عنها كثيرون رغم سهولتها:	**الأصل الشرعي:** قال النبي ﷺ: «حَقُّ الْمُسْلِمِ عَلَى الْمُسْلِمِ خَمْسٌ: رَدُّ السَّلَامِ، وَعِيَادَةُ الْمَرِيضِ، وَاتِّبَاعُ الْجَنَائِزِ، وَإِجَابَةُ الدَّعْوَةِ، وَتَشْمِيتُ الْعَاطِسِ» (متفق عليه، واللفظ للبخاري)[^ha64_2] *(انظر مدخل هذا الفصل)*. وهذه الحقوق أصل لثلاثة سلوكيات كلامية بسيطة يغفل عنها كثيرون رغم سهولتها:	تخريج — طوبق على المطبوع (الدفعة HA4): اللفظ لفظ البخاري (١٢٤٠)، ولمسلم (٢١٦٢) لفظ آخر؛ فالحديث متفق عليه واللفظ للبخاري	1
المجلد-الثامن/الباب-الثامن/ف05-ب-عيادة-المريض-والزيارة.md	16	عيادة المريض وحسن الضيافة من أبواب البر التي حض عليها الشرع، وقد جعل النبي ﷺ عيادة المريض من حق المسلم على أخيه، كما في الحديث المتفق عليه: «حقُّ المسلمِ على المسلمِ خمسٌ: ردُّ السلامِ، وعيادةُ المريضِ، واتباعُ الجنائزِ، وإجابةُ الدعوةِ، وتشميتُ العاطسِ» (متفق عليه). ومع ذلك يخطئ كثيرون في تنفيذها: يطيلون على المريض المتعب، أو يسألونه عن تفاصيل مرضه بإلحاح، أو يثقلون على مضيفهم بزيارة في وقت غير مناسب.	عيادة المريض وحسن الضيافة من أبواب البر التي حض عليها الشرع، وقد جعل النبي ﷺ عيادة المريض من حق المسلم على أخيه، كما في الحديث المتفق عليه: «حقُّ المسلمِ على المسلمِ خمسٌ: ردُّ السلامِ، وعيادةُ المريضِ، واتباعُ الجنائزِ، وإجابةُ الدعوةِ، وتشميتُ العاطسِ» (متفق عليه)[^ha64_3]. ومع ذلك يخطئ كثيرون في تنفيذها: يطيلون على المريض المتعب، أو يسألونه عن تفاصيل مرضه بإلحاح، أو يثقلون على مضيفهم بزيارة في وقت غير مناسب.	تخريج — طوبق على المطبوع (الدفعة HA4): البخاري (١٢٤٠) ومسلم (٢١٦٢)، واللفظ للبخاري	1
المجلد-السابع/الباب-السابع/ف02-أ-الجواب-المدخل-والدرس-الأول.md	82	قال النبي ﷺ: «بُعِثْتُ بِجَوَامِعِ الْكَلِمِ» (متفق عليه). ومن صور ذلك في الجواب ما رواه سفيان بن عبد الله الثقفي رضي الله عنه قال:	قال النبي ﷺ: «بُعِثْتُ بِجَوَامِعِ الْكَلِمِ» (متفق عليه)[^ha68]. ومن صور ذلك في الجواب ما رواه سفيان بن عبد الله الثقفي رضي الله عنه قال:	تخريج — طوبق على المطبوع (الدفعة HA4): البخاري (٧٢٧٣) ومسلم (٥٢٣)، واللفظ مطابق	1
المجلد-السابع/الباب-السابع/ف07-أ-النقد-والنصيحة-المدخل-والدرس-الأول.md	63	وعن تميم الداري رضي الله عنه أن النبي ﷺ قال: «الدِّينُ النَّصِيحَةُ» قُلْنَا: لِمَنْ؟ قَالَ: «لِلَّهِ وَلِكِتَابِهِ وَلِرَسُولِهِ وَلِأَئِمَّةِ الْمُسْلِمِينَ وَعَامَّتِهِمْ» (رواه مسلم)	وعن تميم الداري رضي الله عنه أن النبي ﷺ قال: «الدِّينُ النَّصِيحَةُ» قُلْنَا: لِمَنْ؟ قَالَ: «لِلَّهِ وَلِكِتَابِهِ وَلِرَسُولِهِ وَلِأَئِمَّةِ الْمُسْلِمِينَ وَعَامَّتِهِمْ» (رواه مسلم)[^ha72_1]	تخريج — طوبق على المطبوع (الدفعة HA4): مسلم (٥٥)، واللفظ مطابق	1
المجلد-التاسع/الباب-العاشر/ف04-ب-الموظف-المخطئ.md	24	قال رسول الله ﷺ: «الدِّينُ النَّصِيحَةُ» قِيلَ: لِمَنْ يَا رَسُولَ اللَّهِ؟ قَالَ: «لِلَّهِ، وَلِكِتَابِهِ، وَلِرَسُولِهِ، وَلِأَئِمَّةِ الْمُسْلِمِينَ وَعَامَّتِهِمْ» (رواه مسلم).	قال رسول الله ﷺ: «الدِّينُ النَّصِيحَةُ» قُلْنَا: لِمَنْ؟ قَالَ: «لِلَّهِ، وَلِكِتَابِهِ، وَلِرَسُولِهِ، وَلِأَئِمَّةِ الْمُسْلِمِينَ وَعَامَّتِهِمْ» (رواه مسلم)[^ha72_2].	تخريج — طوبق على المطبوع (الدفعة HA4): مسلم (٥٥): «قلنا: لمن؟» لا «قيل: لمن يا رسول الله؟»	1
المجلد-الثامن/الباب-الثامن/ف01-أ-المدخل-والدخول-والجلوس.md	318	وقد يقوم أحدك من مكانه لحاجة ثم يعود، فهو أحق به، لقول النبي ﷺ: «إذا قام أحدكم من مجلس ثم رجع إليه فهو أحق به» (رواه مسلم). وفي هذا ما يغنيك عن النزاع على مكان: قل لمن جلس فيه كلمة لطيفة، أو اجلس في غيره.	وقد يقوم أحدكم من مكانه لحاجة ثم يعود، فهو أحق به، لقول النبي ﷺ: «مَن قام من مجلسه ثم رجع إليه، فهو أحقّ به» (رواه مسلم)[^ha76]. وفي هذا ما يغنيك عن النزاع على مكان: قل لمن جلس فيه كلمة لطيفة، أو اجلس في غيره.	تخريج — طوبق على المطبوع (الدفعة HA4): لفظنا مركّب لم يُطبع في مسلم (٢١٧٩)؛ واللفظ التام فيه: «من قام من مجلسه ثم رجع إليه، فهو أحق به»؛ وصُحّح «أحدك» إلى «أحدكم»	1
المجلد-الثامن/الباب-التاسع/ف01-أ-المدخل-وبناء-الخطبة.md	61	«إِنَّ طُولَ صَلَاةِ الرَّجُلِ، وَقِصَرَ خُطْبَتِهِ، مَئِنَّةٌ مِنْ فِقْهِهِ، فَأَطِيلُوا الصَّلَاةَ، وَاقْصُرُوا الْخُطْبَةَ، وَإِنَّ مِنَ الْبَيَانِ سِحْرًا» (رواه مسلم).	«إِنَّ طُولَ صَلَاةِ الرَّجُلِ، وَقِصَرَ خُطْبَتِهِ، مَئِنَّةٌ مِنْ فِقْهِهِ، فَأَطِيلُوا الصَّلَاةَ، وَاقْصُرُوا الْخُطْبَةَ، وَإِنَّ مِنَ الْبَيَانِ سِحْرًا» (رواه مسلم)[^ha80_1].	تخريج — طوبق على المطبوع (الدفعة HA4): مسلم (٨٦٩)، واللفظ مطابق	1
المجلد-العاشر/الباب-الحادي-عشر/ف02-ب-الدرس-الثاني.md	72	قال النبي ﷺ: «إِنَّ طُولَ صَلَاةِ الرَّجُلِ، وَقِصَرَ خُطْبَتِهِ، مَئِنَّةٌ مِنْ فِقْهِهِ، فَأَطِيلُوا الصَّلَاةَ، وَاقْصُرُوا الْخُطْبَةَ» (رواه مسلم).	قال النبي ﷺ: «إِنَّ طُولَ صَلَاةِ الرَّجُلِ، وَقِصَرَ خُطْبَتِهِ، مَئِنَّةٌ مِنْ فِقْهِهِ، فَأَطِيلُوا الصَّلَاةَ، وَاقْصُرُوا الْخُطْبَةَ» (رواه مسلم)[^ha80_2].	تخريج — طوبق على المطبوع (الدفعة HA4): مسلم (٨٦٩)، واللفظ مطابق وهو صدر الحديث	1
المجلد-الثامن/الباب-التاسع/ف01-ب-العبارة-والصوت-والنموذج.md	236	«كَانَ رَسُولُ اللهِ ﷺ إِذَا خَطَبَ احْمَرَّتْ عَيْنَاهُ، وَعَلَا صَوْتُهُ، وَاشْتَدَّ غَضَبُهُ، حَتَّى كَأَنَّهُ مُنْذِرُ جَيْشٍ يَقُولُ: صَبَّحَكُمْ وَمَسَّاكُمْ» (رواه مسلم).	«كَانَ رَسُولُ اللهِ ﷺ إِذَا خَطَبَ احْمَرَّتْ عَيْنَاهُ، وَعَلَا صَوْتُهُ، وَاشْتَدَّ غَضَبُهُ، حَتَّى كَأَنَّهُ مُنْذِرُ جَيْشٍ يَقُولُ: صَبَّحَكُمْ وَمَسَّاكُمْ» (رواه مسلم)[^ha84].	تخريج — طوبق على المطبوع (الدفعة HA4): مسلم (٨٦٧)، واللفظ مطابق	1
المجلد-التاسع/الباب-العاشر/ف02-ب-المقابلة-الأكاديمية.md	20	قال رسول الله ﷺ: «مَنْ سَلَكَ طَرِيقًا يَلْتَمِسُ فِيهِ عِلْمًا سَهَّلَ اللَّهُ لَهُ بِهِ طَرِيقًا إِلَى الْجَنَّةِ» (رواه مسلم).	قال رسول الله ﷺ: «مَنْ سَلَكَ طَرِيقًا يَلْتَمِسُ فِيهِ عِلْمًا سَهَّلَ اللَّهُ لَهُ بِهِ طَرِيقًا إِلَى الْجَنَّةِ» (رواه مسلم)[^ha88].	تخريج — طوبق على المطبوع (الدفعة HA4): مسلم (٢٦٩٩)، واللفظ مطابق	1
المجلد-العاشر/الباب-الثالث-عشر/ف01-أ-المدخل-وسلم-الارتجال.md	54	«جاء رجلٌ إلى النبيِّ ﷺ فقال: يا رسولَ اللهِ، متى الساعةُ؟ قال: «وما أعددتَ لها؟» قال: حبَّ اللهِ ورسولِه. قال: «أنتَ مع مَن أحببتَ»» (متفق عليه، عن أنس بن مالك رضي الله عنه).	«جاء رجلٌ إلى رسولِ اللهِ ﷺ فقال: يا رسولَ اللهِ، متى الساعةُ؟ قال: «وما أعددتَ للساعةِ؟» قال: حبَّ اللهِ ورسولِه. قال: «فإنك مع مَن أحببتَ»» (متفق عليه، واللفظ لمسلم، عن أنس بن مالك رضي الله عنه)[^ha92].	تخريج — طوبق على المطبوع (الدفعة HA4): لفظنا ركّب روايتين لمسلم (٢٦٣٩)؛ فنُقل لفظ الرواية (١٦٣) بعينه	1
المجلد-الرابع/الباب-الرابع/ف03-ب-فن-الافتتاح.md	161	✔ «قال النبيُّ ﷺ: "عليكم بالصِّدقِ، فإنَّ الصِّدقَ يَهدي إلى البِرِّ" (متفق عليه). كثير منا يظن الصدق في الكلام الكبير فقط، وينسى صدق الوعد الصغير. هذا ما سنقف عنده اليوم: الصدق في الأشياء التي نظنها لا تستحق الكذب فيها.»	✔ «قال النبيُّ ﷺ: "عليكم بالصِّدقِ، فإنَّ الصِّدقَ يَهدي إلى البِرِّ" (متفق عليه)[^ha100]. كثير منا يظن الصدق في الكلام الكبير فقط، وينسى صدق الوعد الصغير. هذا ما سنقف عنده اليوم: الصدق في الأشياء التي نظنها لا تستحق الكذب فيها.»	تخريج — طوبق على المطبوع (الدفعة HA4): البخاري (٦٠٩٤) ومسلم (٢٦٠٧)، واللفظ لمسلم	1
المجلد-الثامن/الباب-التاسع/ف01-ب-العبارة-والصوت-والنموذج.md	53	> «سأل النبي ﷺ أصحابه: «أتدرون ما الغيبة؟» قالوا: الله ورسوله أعلم. قال: «ذِكرُك أخاك بما يكره» (رواه مسلم). ذكرُك أخاك بما يكره: أن تقول في المجلس: "فلان بخيل"، أو "فلان لا يحضر الفجر"، وهو غائب لا يسمع. هذه هي الغيبة، ولو كان ما قلته فيه صحيحًا.»	> «سأل النبي ﷺ أصحابه: «أتدرون ما الغيبة؟» قالوا: الله ورسوله أعلم. قال: «ذِكرُك أخاك بما يكره» (رواه مسلم)[^ha112]. ذكرُك أخاك بما يكره: أن تقول في المجلس: "فلان بخيل"، أو "فلان لا يحضر الفجر"، وهو غائب لا يسمع. هذه هي الغيبة، ولو كان ما قلته فيه صحيحًا.»	تخريج — طوبق على المطبوع (الدفعة HA4): مسلم (٢٥٨٩)، واللفظ مطابق	1
المجلد-الثامن/الباب-التاسع/ف01-ج-التطبيق-والتقويم.md	272	3. «قال رسول الله ﷺ: «الظُّلْمُ ظُلُمَاتٌ يَوْمَ الْقِيَامَةِ» (متفق عليه)، فاحذروه.» *(جملة إنذار)*	3. «قال رسول الله ﷺ: «الظُّلْمُ ظُلُمَاتٌ يَوْمَ الْقِيَامَةِ» (متفق عليه)[^ha116]، فاحذروه.» *(جملة إنذار)*	تخريج — طوبق على المطبوع (الدفعة HA4): البخاري (٢٤٤٧) ومسلم (٢٥٧٩)، واللفظ للبخاري	1
المجلد-العاشر/الباب-الثالث-عشر/ف01-أ-المدخل-وسلم-الارتجال.md	52	من أشهر مواقف الجواب الفوري في السيرة النبوية أن أعرابيًّا سأل النبي ﷺ سؤالًا عظيمًا، مباغتًا، لا صلة له بما كان فيه المجلس:	من أشهر مواقف الجواب الفوري في السيرة النبوية أن رجلًا سأل النبي ﷺ سؤالًا عظيمًا، مباغتًا، لا صلة له بما كان فيه المجلس:	مواءمة مع لفظ مسلم (٢٦٣٩/١٦٣) المنقول بعده: «جاء رجل»، وهو في رواية أخرى «أعرابيّ» (الدفعة HA4)	1
المجلد-الحادي-عشر/الملاحق/ملحق-ج-أخطاء-قد-تظهر-عند-بعض-المتعلمين.md	96	[^1]: Steven Moran and Daniel McCloy (eds.), *PHOIBLE 2.0* (Jena: Max Planck Institute for the Science of Human History, 2019), https://phoible.org (accessed 25 Sept. 2026)؛ ولم ترد فيه الدال المفخّمة [dˤ]، وهي الضاد في النطق المعاصر، إلا في ٧ قوائم صوتية من ٣٠٢٠، أكثرها للهجات عربية ولغات أمازيغية مجاورة لها.	[^1]: Steven Moran and Daniel McCloy (eds.), *PHOIBLE 2.0* (Jena: Max Planck Institute for the Science of Human History, 2019), https://phoible.org (accessed 25 Sept. 2026)؛ ولم ترد فيه الدال المفخّمة، وهي الضاد في النطق المعاصر، إلا في ٧ قوائم صوتية من ٣٠٢٠، أكثرها للهجات عربية ولغات أمازيغية مجاورة لها.	علامة التحلّق في الأبجدية الصوتية (ˤ) ليست في حروف الكتاب، فتدخل خطًّا من النظام؛ والاسم العربي يكفي	1
المجلد-الحادي-عشر/الملاحق/ملحق-ج-أخطاء-قد-تظهر-عند-بعض-المتعلمين.md	97	[^2]: Steven Moran and Daniel McCloy (eds.), *PHOIBLE 2.0* (Jena: Max Planck Institute for the Science of Human History, 2019), https://phoible.org (accessed 25 Sept. 2026)؛ ولم ترد فيه الظاء [ðˤ] إلا في قائمتين من ٣٠٢٠، كلتاهما للهجة عربية، والزاي المفخّمة [zˤ] في ٨ قوائم.	[^2]: Steven Moran and Daniel McCloy (eds.), *PHOIBLE 2.0* (Jena: Max Planck Institute for the Science of Human History, 2019), https://phoible.org (accessed 25 Sept. 2026)؛ ولم ترد فيه الظاء إلا في قائمتين من ٣٠٢٠، كلتاهما للهجة عربية، والزاي المفخّمة [zˤ] في ٨ قوائم.	علامة التحلّق في الأبجدية الصوتية (ˤ) ليست في حروف الكتاب، فتدخل خطًّا من النظام؛ والاسم العربي يكفي	1
المجلد-الحادي-عشر/الملاحق/ملحق-ج-أخطاء-قد-تظهر-عند-بعض-المتعلمين.md	97	[^2]: Steven Moran and Daniel McCloy (eds.), *PHOIBLE 2.0* (Jena: Max Planck Institute for the Science of Human History, 2019), https://phoible.org (accessed 25 Sept. 2026)؛ ولم ترد فيه الظاء إلا في قائمتين من ٣٠٢٠، كلتاهما للهجة عربية، والزاي المفخّمة [zˤ] في ٨ قوائم.	[^2]: Steven Moran and Daniel McCloy (eds.), *PHOIBLE 2.0* (Jena: Max Planck Institute for the Science of Human History, 2019), https://phoible.org (accessed 25 Sept. 2026)؛ ولم ترد فيه الظاء إلا في قائمتين من ٣٠٢٠، كلتاهما للهجة عربية، والزاي المفخّمة في ٨ قوائم.	علامة التحلّق في الأبجدية الصوتية (ˤ) ليست في حروف الكتاب، فتدخل خطًّا من النظام؛ والاسم العربي يكفي	1
المجلد-العاشر/الباب-الثاني-عشر/ف03-ب-التنازل-والعرض-المقابل.md	32	ومن أشهر ما يُستشهد به في هذا الباب ما جرى في صلح الحديبية: حين تنازل النبي ﷺ عن ألفاظ كان أصحابه يعتزّون بها في نص الكتاب الذي كُتب بين المسلمين وقريش، إرضاءً لمنطق الاتفاق ولإتمامه، من غير أن يتنازل عن جوهر الصلح ولا عن كرامة أصحابه، فكانت عاقبته فتحًا لم يكن يُحتسب. *(تفصيل القصة في كتب السيرة وصحيح البخاري؛ ولا يصح الاستشهاد بألفاظها إلا بعد تحقق دقيق من الرواية والطبعة المعتمدة) [يحتاج إلى تحقق من الصفحة]*. والمقصود هنا العبرة العامة: أن التنازل عن الشكل أحيانًا يحفظ الجوهر، وأن الحرص على كل التفاصيل قد يُضيّع الاتفاق كله.	ومن أشهر ما يُستشهد به في هذا الباب ما جرى في صلح الحديبية: حين تنازل النبي ﷺ عن ألفاظ كان أصحابه يعتزّون بها في نص الكتاب الذي كُتب بين المسلمين وقريش، إرضاءً لمنطق الاتفاق ولإتمامه، من غير أن يتنازل عن جوهر الصلح ولا عن كرامة أصحابه، فكانت عاقبته فتحًا لم يكن يُحتسب.. والمقصود هنا العبرة العامة: أن التنازل عن الشكل أحيانًا يحفظ الجوهر، وأن الحرص على كل التفاصيل قد يُضيّع الاتفاق كله.	وسمٌ متداخل في حاشية مائلة فاته العدّ؛ لا يُحال إلى رقمٍ لم يُرَ على المطبوع، فحُذفت الإحالة والتنبيه الإنتاجي، وبقي المعنى العام بصوت المؤلف ولا لفظ منقول فيه	1
المجلد-الثامن/الباب-الثامن/ف01-ب-الكلام-في-المجلس.md	383	ودرس باحثان في علم اللغة التداولي ما سمّياه «ماء الوجه»، وهو صورة المرء التي يحب أن يحفظها أمام الناس. وبيّنا أن بعض الأفعال الكلامية، كالتخطئة والاعتراض والطلب، تهدد هذه الصورة، وأن المتكلمين في اللغات المختلفة يلطّفونها بوسائل متقاربة: الاستفهام بدل الخبر، ونسبة القصور إلى النفس، وترك مخرج للمخاطَب. *(Penelope Brown and Stephen C. Levinson, Politeness: Some Universals in Language Usage, Cambridge University Press, 1987.)*	وسمّى عالم الاجتماع إرفنغ غوفمان صورة المرء التي يحب أن يحفظها أمام الناس «الوجه»، وهو ما نسمّيه «ماء الوجه»[^v8face]. ونلاحظ أن بعض الأفعال الكلامية، كالتخطئة والاعتراض والطلب، تهدد هذه الصورة، وأن المتكلمين يلطّفونها في الغالب بوسائل متقاربة: الاستفهام بدل الخبر، ونسبة القصور إلى النفس، وترك مخرج للمخاطَب.	إحالة في المتن إلى براون وليفنسون ولم يُرَ الكتاب (الدفعة T1): رُبط «الوجه» بغوفمان الذي رُئي موضعه، وصار الباقي ملاحظةً للمؤلف	1
المجلد-السادس/الباب-السادس/ف02-على-قدر-العقول.md	93	ويُعرف في أدبيات التواصل مفهوم يسمى «لعنة المعرفة»: أن المرء إذا عرف شيئًا صعب عليه أن يتخيل حال من لا يعرفه، فيحذف خطوات يراها بديهية وهي عند سامعه أصل الفهم. وهذا ما وقع لإبراهيم في الموقف الافتتاحي.	ومن الخبرة العملية أن المرء إذا عرف شيئًا صعب عليه أن يتخيل حال من لا يعرفه، فيحذف خطوات يراها بديهية وهي عند سامعه أصل الفهم. وهذا ما وقع لإبراهيم في الموقف الافتتاحي.	نسبة إلى «أدبيات التواصل» بلا مصدرٍ رُئي: صار الكلام ملاحظةً للمؤلف (قاعدة الدفعة الحديثة)	1
المجلد-السادس/الباب-السادس/ف09-ب-الدرس-الثاني.md	87	### من علم التواصل: أسباب المحبة عند دارسي التواصل الحديث	### من علم التواصل: أسباب المحبة عند كارنيجي	العنوان ينسب إلى «دارسي التواصل» ما تحته من كتاب كارنيجي وحده (الدفعة T2)	1
المجلد-الثاني/الباب-الثاني/ف09-ب-التطبيق-والتقويم.md	47	- **س٥:** «مسول» بإسقاط الهمزة، وهي في هذا السياق يُقصد بها «واثق ومتحمل تبعة رأيه»، فضاع المعنى بحذف حرف واحد.	- **س٥:** «مسول» بإسقاط الهمزة، وهي هنا يُقصد بها «واثق ومتحمل تبعة رأيه»، فضاع المعنى بحذف حرف واحد.	عبارة مجتنبة (الدليل ٣٣ §٣): «في هذا السياق»	1
المجلد-الرابع/الباب-الرابع/ف09-أ-من-علم-البديع.md	153	> «هنيئًا لك النجاحُ يا نجيبُ، فقد كنتَ في الجدّ عجيبًا، وفي الجهد مُجيبًا، ولستَ بالمذنب الكئيب!» (جناس وسجع مُقحمان، وكلمة «الكئيب» لا معنى لها في هذا السياق، أُقحمت لأجل القافية وحدها)	> «هنيئًا لك النجاحُ يا نجيبُ، فقد كنتَ في الجدّ عجيبًا، وفي الجهد مُجيبًا، ولستَ بالمذنب الكئيب!» (جناس وسجع مُقحمان، وكلمة «الكئيب» لا معنى لها هنا، أُقحمت لأجل القافية وحدها)	عبارة مجتنبة (الدليل ٣٣ §٣): «في هذا السياق»	1
المجلد-الأول/الباب-الأول/ف06-ب-البرنامج-والتطبيق.md	279	بعد كل ما تعلمته في هذا الفصل عن السماع نفسه، طبّق الطريقة كاملة الآن على مصدر تختاره بنفسك:	بعد كل ما تعلمته عن السماع نفسه، طبّق الطريقة كاملة الآن على مصدر تختاره بنفسك:	تكرار قالبي لـ«في هذا الفصل» (الموضع الثاني في الفصل السادس؛ أُبقي موضع ف06-أ)	1
المجلد-الثاني/الباب-الثاني/ف01-أ-المدخل-والمخارج.md	68	ويُستفاد من ذلك أمران: أن علماء العربية عرّفوا الحرف بموضعه قبل صورته المكتوبة، وأن طريقتهم في معرفته تجربة حسية يستطيع كل متعلم أن يؤديها بفمه، لا جدولًا يحفظه. وهذه الطريقة نفسها، طريقة الذوق، هي أداتك الأولى في هذا الفصل.	ويُستفاد من ذلك أمران: أن علماء العربية عرّفوا الحرف بموضعه قبل صورته المكتوبة، وأن طريقتهم في معرفته تجربة حسية يستطيع كل متعلم أن يؤديها بفمه، لا جدولًا يحفظه. وهذه الطريقة نفسها، طريقة الذوق، هي أداتك الأولى في تعرّف المخارج.	تكرار قالبي لـ«في هذا الفصل» (موضعان في الملف؛ سُمّي الشيء نفسه)	1
المجلد-الثاني/الباب-الثاني/ف05-ج-التطبيق-والتقويم.md	378	**إدارة النشاط:** امنح كل متدرب في هذا الفصل خصوصية أكبر عند الخطأ، خاصة في نماذج الدعاء والقراءة، فالحساسية الدينية لبعض المتدربين تجاه أخطائهم في هذا الباب أعلى منها في غيره. ابدأ دائمًا بالثناء على صدق النية أو حسن الأداء العام قبل الإشارة إلى الخطأ الصوتي.	**إدارة النشاط:** امنح كل متدرب خصوصية أكبر عند الخطأ في أصوات الحلق، خاصة في نماذج الدعاء والقراءة، فالحساسية الدينية لبعض المتدربين تجاه أخطائهم في هذا الباب أعلى منها في غيره. ابدأ دائمًا بالثناء على صدق النية أو حسن الأداء العام قبل الإشارة إلى الخطأ الصوتي.	تكرار قالبي لـ«في هذا الفصل» (الموضع الثاني في الفصل الخامس؛ أُبقي «معيار النطق في هذا الفصل»)	1
المجلد-الثاني/الباب-الثاني/ف06-أ-المدخل-وحروف-الذلاقة.md	118	| **الباء ميمًا (نادر)** | إضافة غنّة غير مقصودة لصوت شديد صرف | «بات» ← «مات»، وهذا من أخطر الإبدالات في هذا الفصل |	| **الباء ميمًا (نادر)** | إضافة غنّة غير مقصودة لصوت شديد صرف | «بات» ← «مات»، وهو من أخطر الإبدالات أثرًا في المعنى |	تكرار قالبي لـ«في هذا الفصل» (موضعان في الملف؛ أُبقي «أخطر مثال في هذا الفصل كله»)	1
المجلد-الثاني/الباب-الثاني/ف07-ب-التطبيق-والتقويم.md	282	سجّل دقيقتين: اقرأ في الدقيقة الأولى نص التدريب الصوتي في هذا الفصل، ثم تكلم في الدقيقة الثانية بلا إعداد عن طريقك من البيت إلى المسجد أو مكان العمل، واذكر فيه ثلاثة أماكن على الأقل. ثم استمع، واكتب في جدول: كل كلمة فيها مفخّم، وهل أصبت فيها؛ وكل لفظ جلالة، وهل أصبت في لامه؛ وكل راء، وهل أصبت في حكمها.	سجّل دقيقتين: اقرأ في الدقيقة الأولى نص التدريب الصوتي، ثم تكلم في الدقيقة الثانية بلا إعداد عن طريقك من البيت إلى المسجد أو مكان العمل، واذكر فيه ثلاثة أماكن على الأقل. ثم استمع، واكتب في جدول: كل كلمة فيها مفخّم، وهل أصبت فيها؛ وكل لفظ جلالة، وهل أصبت في لامه؛ وكل راء، وهل أصبت في حكمها.	قالب متكرر في خانة «مهمة التسجيل» عبر فصول الباب الثاني؛ التدريب الصوتي مذكور فوقه مباشرة	1
المجلد-الثاني/الباب-الثاني/ف08-ب-التطبيق-والتقويم.md	267	سجّل دقيقتين: في الأولى، اقرأ نص التدريب الصوتي في هذا الفصل. وفي الثانية، قدّم تقريرًا شفهيًّا قصيرًا عن عمل أو دراسة قمت بها هذا الأسبوع، مستعملًا فعلين من باب فاعَلَ على الأقل («حاضَرْتُ»، «راجَعْتُ»، «شاورْتُ»…). ثم استمع، واكتب: أي مدّ ثبتّه؟ وأيّ حركة قصيرة ضبطتها؟	سجّل دقيقتين: في الأولى، اقرأ نص التدريب الصوتي. وفي الثانية، قدّم تقريرًا شفهيًّا قصيرًا عن عمل أو دراسة قمت بها هذا الأسبوع، مستعملًا فعلين من باب فاعَلَ على الأقل («حاضَرْتُ»، «راجَعْتُ»، «شاورْتُ»…). ثم استمع، واكتب: أي مدّ ثبتّه؟ وأيّ حركة قصيرة ضبطتها؟	قالب متكرر في خانة «مهمة التسجيل» عبر فصول الباب الثاني	1
المجلد-الثاني/الباب-الثاني/ف09-ب-التطبيق-والتقويم.md	244	سجّل دقيقتين: في الأولى اقرأ نص التدريب الصوتي في هذا الفصل، وفي الثانية اروِ موقفًا احتجت فيه إلى تقديم طلب أو توضيح مسؤوليتك عن أمر ما، مستعملًا فعلين مشدَّدين وكلمتين فيهما همزة قطع على الأقل.	سجّل دقيقتين: في الأولى اقرأ نص التدريب الصوتي، وفي الثانية اروِ موقفًا احتجت فيه إلى تقديم طلب أو توضيح مسؤوليتك عن أمر ما، مستعملًا فعلين مشدَّدين وكلمتين فيهما همزة قطع على الأقل.	قالب متكرر في خانة «مهمة التسجيل» عبر فصول الباب الثاني	1
المجلد-الثاني/الباب-الثاني/ف10-ب-التطبيق-والتقويم.md	300	سجّل دقيقتين: في الأولى اقرأ نص التدريب الصوتي في هذا الفصل، وفي الثانية تكلم عن قاعدة من حياتك اليومية فيها استثناء، مع تخطيط مسبق لمواضع الوقف والنفَس. ثم استمع، وحدد: هل وقفت في موضع ممنوع؟ وهل كان نفَسك في موضعه؟	سجّل دقيقتين: في الأولى اقرأ نص التدريب الصوتي، وفي الثانية تكلم عن قاعدة من حياتك اليومية فيها استثناء، مع تخطيط مسبق لمواضع الوقف والنفَس. ثم استمع، وحدد: هل وقفت في موضع ممنوع؟ وهل كان نفَسك في موضعه؟	تكرار قالبي لـ«في هذا الفصل»؛ وقالب متكرر في خانة «مهمة التسجيل»	1
المجلد-الثاني/الباب-الثاني/ف10-ب-التطبيق-والتقويم.md	350	**إدارة النشاط:** استعمل موقف مصطفى بحساسية، فبعض المتدربين قد يكون لديهم قلق مشابه من الأسئلة العلنية. اطلب الإذن قبل استعمال أي تسجيل شخصي في هذا الفصل تحديدًا، لأن أخطاء الوقف تكشف أحيانًا توترًا حقيقيًّا لا يريد صاحبه إظهاره أمام الجميع.	**إدارة النشاط:** استعمل موقف مصطفى بحساسية، فبعض المتدربين قد يكون لديهم قلق مشابه من الأسئلة العلنية. اطلب الإذن قبل استعمال أي تسجيل شخصي في تدريبات الوقف تحديدًا، لأن أخطاء الوقف تكشف أحيانًا توترًا حقيقيًّا لا يريد صاحبه إظهاره أمام الجميع.	تكرار قالبي لـ«في هذا الفصل» (الفصل العاشر فيه ثلاثة مواضع؛ أُبقي موضع ف10-أ في بيان الغاية)	1
المجلد-الثاني/الباب-الثاني/ف11-ب-التطبيق-والتقويم.md	308	سجّل دقيقتين: في الأولى اقرأ نص التدريب الصوتي في هذا الفصل، وفي الثانية اروِ خبرًا حقيقيًّا مهمًّا لك، مستعملًا سكتة فنية واحدة على الأقل، ونبرًا واضحًا على الكلمة المفتاحية. ثم استمع، وقيّم نفسك بعناصر الصوت السبعة، عنصرًا عنصرًا.	سجّل دقيقتين: في الأولى اقرأ نص التدريب الصوتي، وفي الثانية اروِ خبرًا حقيقيًّا مهمًّا لك، مستعملًا سكتة فنية واحدة على الأقل، ونبرًا واضحًا على الكلمة المفتاحية. ثم استمع، وقيّم نفسك بعناصر الصوت السبعة، عنصرًا عنصرًا.	قالب متكرر في خانة «مهمة التسجيل» عبر فصول الباب الثاني	1
المجلد-الثاني/الباب-الثاني/ف12-ب-التطبيق-والتقويم.md	72	- **س١، س٣:** سليمان يعرض الأخطاء بلا أي ترتيب بحسب الشدة، وكأنها كلها بوزن واحد، مع أنه تعلم في هذا الفصل نفسه أن يفرّق بينها.	- **س١، س٣:** سليمان يعرض الأخطاء بلا أي ترتيب بحسب الشدة، وكأنها كلها بوزن واحد، مع أنه تعلّم سلّم الشدة الرباعي ليفرّق بينها.	تكرار قالبي لـ«في هذا الفصل» (أربعة مواضع في الملف؛ سُمّيت الأداة نفسها)	1
المجلد-الثاني/الباب-الثاني/ف12-ب-التطبيق-والتقويم.md	75	- **س٤:** سؤال خديجة «ربما بسبب لغتك الأولى؟» تعميم متسرع بلا أساس، يخالف بالضبط التنبيه الذي درسته في هذا الفصل: وصف الآلية لا اللغة. وسؤالها هنا لم يقدّم فائدة تشخيصية، بل فتح بابًا للتخمين غير المفيد.	- **س٤:** سؤال خديجة «ربما بسبب لغتك الأولى؟» تعميم متسرع بلا أساس، يخالف بالضبط تنبيه «صف الآلية، لا اللغة». وسؤالها هنا لم يقدّم فائدة تشخيصية، بل فتح بابًا للتخمين غير المفيد.	تكرار قالبي لـ«في هذا الفصل» (أربعة مواضع في الملف؛ سُمّي التنبيه بعنوانه)	1
المجلد-الثاني/الباب-الثاني/ف12-ب-التطبيق-والتقويم.md	200	النص التشخيصي المعتمد أعلاه هو تدريبك الصوتي في هذا الفصل. اقرأه أولًا ببطء شديد مركّزًا على كل صوت من دليل الأصوات الحرجة، ثم بسرعة طبيعية معتدلة، ثم سجّل القراءتين معًا.	النص التشخيصي المعتمد أعلاه هو نفسه تدريبك الصوتي. اقرأه أولًا ببطء شديد مركّزًا على كل صوت من دليل الأصوات الحرجة، ثم بسرعة طبيعية معتدلة، ثم سجّل القراءتين معًا.	تكرار قالبي لـ«في هذا الفصل» (أربعة مواضع في الملف؛ أُبقي موضع «محكمة التعميم»)	1
المجلد-الثالث/الباب-الثالث/ف01-أ-الاسمية-والفعلية.md	286	نفرّق في دراسة ترتيب الجملة بين ما يعرفه السامع قبل الكلام، وما يُضاف إليه به من جديد. ونرى أن موضع الكلمة في الجملة يدل السامع على منزلتها من هذين: أهي موضوع معروف يُبنى عليه، أم خبر جديد يُراد إيصاله؟ وهذا قريب من قول سيبويه الذي مرّ في هذا الفصل: «كأنّهم يقدّمون الذي بيانُه أهمُّ لهم».	نفرّق في دراسة ترتيب الجملة بين ما يعرفه السامع قبل الكلام، وما يُضاف إليه به من جديد. ونرى أن موضع الكلمة في الجملة يدل السامع على منزلتها من هذين: أهي موضوع معروف يُبنى عليه، أم خبر جديد يُراد إيصاله؟ وهذا قريب من قول سيبويه الذي مرّ في «من التراث»: «كأنّهم يقدّمون الذي بيانُه أهمُّ لهم».	تكرار قالبي لـ«في هذا الفصل» (موضعان في الملف؛ أُحيل إلى القسم باسمه، وأُبقي سؤال الفصل في التنبيه)	1
المجلد-الثالث/الباب-الثالث/ف07-ب-التكرار-والغموض.md	186	الغموض في هذا الفصل ليس صعوبة المعنى، بل أن يترك المتكلم في كلامه فجوة لا يملؤها إلا هو. وله أنواع، هذا جدولها:	ليس الغموض الذي نعنيه صعوبةَ المعنى، بل أن يترك المتكلم في كلامه فجوة لا يملؤها إلا هو. وله أنواع، هذا جدولها:	تكرار قالبي لـ«في هذا الفصل» (الموضع الثاني في الفصل السابع؛ أُبقي «أداة القياس في هذا الفصل كله»)	1
المجلد-الرابع/الباب-الرابع/ف06-ج-التطبيق-والتقويم.md	326	- حقق في هذا الفصل الجزء الخاص بالخاتمة من مخرج المستوى الرابع: كلمة ثلاث دقائق لها افتتاح وانتقالان وخاتمة.	- حقق الجزء الخاص بالخاتمة من مخرج المستوى الرابع: كلمة ثلاث دقائق لها افتتاح وانتقالان وخاتمة.	تكرار قالبي لـ«في هذا الفصل» (موضعان في الملف؛ أُبقي تنبيه المدرب)	1
المجلد-الرابع/الباب-الرابع/ف09-أ-من-علم-البديع.md	48	**فكّر قبل أن تكمل:** هل الإيقاع في هذه الخاتمة خدم رسالة أنس، أم أن رسالته هي التي خضعت للإيقاع؟ سترى الجواب مفصلًا في هذا الفصل، وتفاصيل الحوار كاملة في التطبيق الختامي.	**فكّر قبل أن تكمل:** هل الإيقاع في هذه الخاتمة خدم رسالة أنس، أم أن رسالته هي التي خضعت للإيقاع؟ وستجد الحوار كاملًا في التطبيق الختامي.	تكرار قالبي لـ«في هذا الفصل»؛ وعبارة «سترى الجواب مفصلًا في هذا الفصل» قالب مكرر بعد «فكّر قبل أن تكمل» (ف08-أ وف09-أ)؛ أُبقي الموضع الموازي للفصلين السابع والثامن	1
المجلد-الرابع/الباب-الرابع/ف10-د-التطبيق-والتقويم.md	127	**بطاقات التحقق السريع:** يوزع المدرب بطاقات مكتوب على كل منها استشهاد (بعضها صحيح النسبة تمامًا، وبعضها يحتاج تحققًا، وبعضها خاطئ نسبة معروفة كالأمثلة الموسومة في هذا الفصل)، وعلى كل متدرب أن يصنف بطاقته خلال دقيقة إلى إحدى ثلاث فئات: «أستشهد به كما هو»، أو «أستشهد به مع تحفظ»، أو «لا أستشهد به إطلاقًا»، ثم يعرض تصنيفه وتعليله على المجموعة.	**بطاقات التحقق السريع:** يوزع المدرب بطاقات مكتوب على كل منها استشهاد (بعضها صحيح النسبة تمامًا، وبعضها يحتاج تحققًا، وبعضها خاطئ نسبة معروفة كالأمثلة التي وُسمت بالخطأ من قبل)، وعلى كل متدرب أن يصنف بطاقته خلال دقيقة إلى إحدى ثلاث فئات: «أستشهد به كما هو»، أو «أستشهد به مع تحفظ»، أو «لا أستشهد به إطلاقًا»، ثم يعرض تصنيفه وتعليله على المجموعة.	تكرار قالبي لـ«في هذا الفصل» (الفصل العاشر فيه أربعة مواضع؛ أُبقي موضع ف10-أ)	1
المجلد-الرابع/الباب-الرابع/ف10-د-التطبيق-والتقويم.md	162	7. ما الفرق بين المثل السائر والحديث والحكمة، كما ورد في هذا الفصل؟	7. ما الفرق بين المثل السائر والحديث والحكمة؟	تكرار قالبي لـ«في هذا الفصل»	1
المجلد-الرابع/الباب-الرابع/ف10-د-التطبيق-والتقويم.md	187	**عودة إلى السؤال الافتتاحي:** أعد التفكير في الموقف الذي تذكرتَه في أول الفصل، حين اكتشفتَ خطأ نسبة استشهاد سمعتَه. كيف تتعامل الآن مع موقف مشابه لو وقع أمامك، سواء كنتَ المستشهِد أو السامع؟ وهل تغيّر شعورك تجاه من أخطأ في النسبة بعد أن رأيتَ في هذا الفصل أن حسن النية وحده لا يمنع الخطأ، وأن أعظم الباحثين والخطباء قد يقعون فيه لو غفلوا لحظة عن سؤال التحقق؟	**عودة إلى السؤال الافتتاحي:** أعد التفكير في الموقف الذي تذكرتَه في أول الفصل، حين اكتشفتَ خطأ نسبة استشهاد سمعتَه. كيف تتعامل الآن مع موقف مشابه لو وقع أمامك، سواء كنتَ المستشهِد أو السامع؟ وهل تغيّر شعورك تجاه من أخطأ في النسبة بعد أن رأيتَ أن حسن النية وحده لا يمنع الخطأ، وأن أعظم الباحثين والخطباء قد يقعون فيه لو غفلوا لحظة عن سؤال التحقق؟	تكرار قالبي لـ«في هذا الفصل»	1
المجلد-الخامس/الباب-الخامس/ف09-ج-التوليف-والتدريبات.md	341	- بنى جوابًا ناجحًا لموقف واحد وثلاثين من عنده، لم يرد في هذا الفصل، وطبّق فيه الخطوات الثلاث تطبيقًا صريحًا معلَّلًا خطوة خطوة.	- بنى جوابًا ناجحًا لموقف واحد وثلاثين من عنده، لا من المواقف الثلاثين، وطبّق فيه الخطوات الثلاث تطبيقًا صريحًا معلَّلًا خطوة خطوة.	تكرار قالبي لـ«في هذا الفصل» (موضعان في الملف؛ أُبقي موضع التدريب ١١)	1
المجلد-السادس/الباب-السادس/ف02-على-قدر-العقول.md	87	مرّ بك في الباب الأول (المجلد الأول) قول بشر بن المعتمر فيما رواه الجاحظ: أن يوازن المتكلم بين أقدار المعاني وأقدار المستمعين وأقدار الحالات، «فيجعلَ لكل طبقةٍ من ذلك كلامًا، ولكل حالةٍ من ذلك مقامًا»[^8] (انظر المجلد الأول، الباب الأول، الفصل الأول). وفي هذا الفصل تنظر إلى «أقدار المستمعين» من جهة علمهم وعقولهم خاصة: ماذا يعرفون؟ وماذا يحتملون؟ وبأي مثال يفهمون؟	مرّ بك في الباب الأول (المجلد الأول) قول بشر بن المعتمر فيما رواه الجاحظ: أن يوازن المتكلم بين أقدار المعاني وأقدار المستمعين وأقدار الحالات، «فيجعلَ لكل طبقةٍ من ذلك كلامًا، ولكل حالةٍ من ذلك مقامًا»[^8] (انظر المجلد الأول، الباب الأول، الفصل الأول). ومن هذه الأقدار الثلاثة نقف عند «أقدار المستمعين» من جهة علمهم وعقولهم خاصة: ماذا يعرفون؟ وماذا يحتملون؟ وبأي مثال يفهمون؟	تكرار قالبي لـ«في هذا الفصل» (تكررت «وفي هذا الفصل تنظر» في الملف؛ أُبقي الأولى في بيان الغاية)	1
المجلد-السادس/الباب-السادس/ف05-ج-التطبيق-والتقويم.md	300	4. اذكر الحديث الذي بُني عليه بناء التعزية في هذا الفصل، ومصدره.	4. اذكر الحديث الذي بُني عليه بناء التعزية، ومصدره.	تكرار قالبي لـ«في هذا الفصل» (الموضع الثاني في الفصل الخامس؛ أُبقي موضع ف05-ب)	1
المجلد-السادس/الباب-السادس/ف09-ب-الدرس-الثاني.md	91	هذه ملاحظات عملية من خبرة إنسانية عامة، لا أحكامًا شرعية ولا نصوصًا واجبة الاتباع، ويلاحَظ توافق كثير منها مع ما سبق في هذا الفصل من نصوص شرعية: فالإصغاء صورة من إفشاء السلام والاهتمام، والثناء الصادق صورة من المدح الصادق الذي سبق تفصيله *(انظر الفصل الثالث)*. فحيث اتفق العلم الحديث مع النص الشرعي، كان اتفاقًا في الملاحظة لا مصدرًا موازيًا له في الحجية؛ فالأصل الملزم عند هذا الكتاب هو النص الشرعي، وما وافقه من ملاحظة حديثة فهو تأكيد عملي لا تأسيس جديد.	هذه ملاحظات عملية من خبرة إنسانية عامة، لا أحكامًا شرعية ولا نصوصًا واجبة الاتباع، ويلاحَظ توافق كثير منها مع ما سبق من نصوص شرعية: فالإصغاء صورة من إفشاء السلام والاهتمام، والثناء الصادق صورة من المدح الصادق الذي سبق تفصيله *(انظر الفصل الثالث)*. فحيث اتفق العلم الحديث مع النص الشرعي، كان اتفاقًا في الملاحظة لا مصدرًا موازيًا له في الحجية؛ فالأصل الملزم عند هذا الكتاب هو النص الشرعي، وما وافقه من ملاحظة حديثة فهو تأكيد عملي لا تأسيس جديد.	تكرار قالبي لـ«في هذا الفصل» (الفصل التاسع فيه ثلاثة مواضع)	1
المجلد-السادس/الباب-السادس/ف09-ج-التطبيق-والتقويم.md	294	4. لماذا لا يُعدّ كتاب ديل كارنيجي مصدرًا شرعيًّا رغم الاستفادة منه في هذا الفصل؟	4. لماذا لا يُعدّ كتاب ديل كارنيجي مصدرًا شرعيًّا رغم الاستفادة منه في الدرس الثاني؟	تكرار قالبي لـ«في هذا الفصل» (موضعان في الملف؛ سُمّي الموضع، وأُبقي سؤال الأحاديث)	1
المجلد-الثامن/الباب-التاسع/ف02-ج-التطبيق-والتقويم.md	310	**عودة إلى مهمة تسجيل المنبر الأول (فاتحة الباب):** استمع إلى ذلك التسجيل الآن، وقارنه بما تعلمته في هذا الفصل: كم مثالًا ملموسًا استعملت؟ وهل كانت لك خاتمة واضحة؟	**عودة إلى مهمة تسجيل المنبر الأول (فاتحة الباب):** استمع إلى ذلك التسجيل الآن، وقارنه بما تعلمته: كم مثالًا ملموسًا استعملت؟ وهل كانت لك خاتمة واضحة؟	تكرار قالبي لـ«في هذا الفصل» (الموضع الثاني في الفصل الثاني من الباب التاسع)	1
المجلد-العاشر/الباب-الثالث-عشر/ف03-أ-الملف-الصوتي-ومشروع-التخرج.md	29	تذكّر تسجيلك الأول، الذي طلب منه الباب الأول (المجلد الأول) أن تسجله قبل أن تقرأ سطرًا واحدًا من هذا الكتاب. لو استمعت إليه الآن، ما الذي تتوقع أن تسمعه فيه؟ اكتب توقعك في سطرين، ثم استمع إليه فعلًا بعد قليل في هذا الفصل، وقارن.	تذكّر تسجيلك الأول، الذي طلب منه الباب الأول (المجلد الأول) أن تسجله قبل أن تقرأ سطرًا واحدًا من هذا الكتاب. لو استمعت إليه الآن، ما الذي تتوقع أن تسمعه فيه؟ اكتب توقعك في سطرين، ثم استمع إليه فعلًا بعد قليل، وقارن.	تكرار قالبي لـ«في هذا الفصل» (موضعان في الملف؛ أُبقي «المهمة الأهم في هذا الفصل»)	1
المجلد-الثاني/الباب-الثاني/ف02-ب-التطبيق-والتقويم.md	5	تعرف الآن الصفات الأربع وأضدادها، وتعرف كيف تختبرها بيدك ومرآتك. وفي هذا القسم تراها في موقف حقيقي يقف فيه متكلم أمام سامع لا يعرفه، ثم تتدرب عليها حتى تصير عادة.	تعرف الآن الصفات الأربع وأضدادها، وتعرف كيف تختبرها بيدك ومرآتك. وبقي أن تراها في موقف حقيقي يقف فيه متكلم أمام سامع لا يعرفه، ثم تتدرب عليها حتى تصير عادة.	قالب «وفي هذا القسم» في افتتاح التطبيق الختامي عبر فصول الباب الثاني	1
المجلد-الثاني/الباب-الثاني/ف03-ج-التطبيق-والتقويم.md	5	جمعت في الدرسين وصف الأصوات الخمسة وآليات الإبدال بينها، ثم رأيت أثرها في الكلام المتصل والكلمات الحقيقية التي تلتبس بعضها ببعض. وفي هذا القسم تؤدي موقفًا كاملًا فيه هذه الأصوات، ثم تتدرب عليها حتى تصير عادة لسانك لا مجرد معرفة ذهنية.	جمعت في الدرسين وصف الأصوات الخمسة وآليات الإبدال بينها، ثم رأيت أثرها في الكلام المتصل والكلمات الحقيقية التي تلتبس بعضها ببعض. فأدِّ الآن موقفًا كاملًا فيه هذه الأصوات، ثم تدرّب عليها حتى تصير عادة لسانك لا مجرد معرفة ذهنية.	قالب «وفي هذا القسم» في افتتاح التطبيق الختامي عبر فصول الباب الثاني	1
المجلد-الثاني/الباب-الثاني/ف04-ب-التطبيق-والتقويم.md	5	رأيت في الدرس السابق أن أربعة أزواج من الأصوات، وإن اختلفت مخارجها، يجمعها سبب واحد للخطأ: ضعف التمييز بين الإطباق أو الجهر أو التركيب حين ينشغل الذهن بالمعنى. وفي هذا القسم تؤدي موقفًا مهنيًّا كاملًا، ثم تتدرب حتى تصير هذه الأصوات عادة راسخة.	رأيت في الدرس السابق أن أربعة أزواج من الأصوات، وإن اختلفت مخارجها، يجمعها سبب واحد للخطأ: ضعف التمييز بين الإطباق أو الجهر أو التركيب حين ينشغل الذهن بالمعنى. وعلاجه أن تؤدي موقفًا مهنيًّا كاملًا، ثم تتدرب حتى تصير هذه الأصوات عادة راسخة.	قالب «وفي هذا القسم» في افتتاح التطبيق الختامي عبر فصول الباب الثاني	1
المجلد-الثاني/الباب-الثاني/ف05-ج-التطبيق-والتقويم.md	5	جمعت في الدرسين وصف أصوات الحلق الثمانية ومناطقها الثلاث، ثم رأيت أثرها حين ينشغل الذهن بالمعنى في مقامات الجدّ: الدعاء، والتقرير الطبي. وفي هذا القسم موقف محوري ثالث، ثم تدريب مكثف يثبّت هذه الأصوات في لسانك.	جمعت في الدرسين وصف أصوات الحلق الثمانية ومناطقها الثلاث، ثم رأيت أثرها حين ينشغل الذهن بالمعنى في مقامات الجدّ: الدعاء، والتقرير الطبي. ويأتي بعدهما موقف محوري ثالث، ثم تدريب مكثف يثبّت هذه الأصوات في لسانك.	قالب «وفي هذا القسم» في افتتاح التطبيق الختامي عبر فصول الباب الثاني	1
المجلد-الخامس/الباب-الخامس/ف01-ب-الدرس-الثاني.md	5	يجمع المتحدثين الثلاثة في هذا الدرس أنهم يعلّمون، ويفرّق بينهم المتعلم: المحاضر يلقى جمهورًا قد لا يراه بعد اليوم، والأستاذ الجامعي يصحب طلابه فصلًا دراسيًّا كاملًا، والمعلم يبني عقلًا صغيرًا ما زال يتعلم كيف يتعلم.	المتحدثون الثلاثة كلهم معلّمون، ويفرّق بينهم المتعلم: المحاضر يلقى جمهورًا قد لا يراه بعد اليوم، والأستاذ الجامعي يصحب طلابه فصلًا دراسيًّا كاملًا، والمعلم يبني عقلًا صغيرًا ما زال يتعلم كيف يتعلم.	قالب «يجمع المتحدثين الثلاثة في هذا الدرس» في افتتاح دروس الباب الخامس	1
المجلد-الخامس/الباب-الخامس/ف02-ب-الدرس-الثاني.md	5	يجمع المتحدثين الثلاثة في هذا الدرس أنهم لا يتكلمون باسم أنفسهم: المتحدث الرسمي يتكلم باسم مؤسسته إلى الجمهور، والدبلوماسي يتكلم باسم جهته إلى نظيرها، والمفاوض يتكلم باسم طرفه إلى طرف آخر له مصلحة غير مصلحته. ولكل منهم كلمة قد تُحسب عليه بعد سنين.	لا يتكلم أحد من هؤلاء الثلاثة باسم نفسه: المتحدث الرسمي يتكلم باسم مؤسسته إلى الجمهور، والدبلوماسي يتكلم باسم جهته إلى نظيرها، والمفاوض يتكلم باسم طرفه إلى طرف آخر له مصلحة غير مصلحته. ولكل منهم كلمة قد تُحسب عليه بعد سنين.	قالب «يجمع المتحدثين الثلاثة في هذا الدرس» في افتتاح دروس الباب الخامس	1
المجلد-الخامس/الباب-الخامس/ف03-أ-المدخل-والدرس-الأول.md	138	يجمع المتحدثين الثلاثة في هذا الدرس أنهم يقودون غيرهم. ويفرّق بينهم مدى القيادة: مدير الجامعة يرسم رؤية مؤسسة كاملة، والمدير التنفيذي يدير عملها اليومي، والقائد يحرّك جماعة صغيرة نحو غاية، وقد لا يملك منصبًا أصلًا.	يقود كلٌّ من المتحدثين الثلاثة غيرَه. ويفرّق بينهم مدى القيادة: مدير الجامعة يرسم رؤية مؤسسة كاملة، والمدير التنفيذي يدير عملها اليومي، والقائد يحرّك جماعة صغيرة نحو غاية، وقد لا يملك منصبًا أصلًا.	قالب «يجمع المتحدثين الثلاثة في هذا الدرس» في افتتاح دروس الباب الخامس	1
المجلد-الخامس/الباب-الخامس/ف04-أ-المدخل-والدرس-الأول.md	121	يجمع الأب والأم في هذا الدرس أنهما يربيان الغاية نفسها، ويفترقان في نبرة الوصول إليها: الأب أميل إلى الحزم الذي يحمي، والأم أميل إلى الرحمة التي تحتضن، وأكمل البيت ما اجتمع فيه اللسانان متعاونين لا متعارضين، كما رأيت في الموقف الواقعي.	يجمع الأب والأم أنهما يربيان الغاية نفسها، ويفترقان في نبرة الوصول إليها: الأب أميل إلى الحزم الذي يحمي، والأم أميل إلى الرحمة التي تحتضن، وأكمل البيت ما اجتمع فيه اللسانان متعاونين لا متعارضين، كما رأيت في الموقف الواقعي.	قالب «في هذا الدرس» في افتتاح دروس الباب الخامس (على مثال افتتاح درس الإعلام في ف02-أ)	1
المجلد-الخامس/الباب-الخامس/ف05-أ-المدخل-والدرس-الأول.md	131	يجمع الشيخ والعالِم في هذا الدرس أن مصدر منزلتهما العلم، لا المنصب. ومخاطبتهما تقوم على ثلاثة أركان: التوقير في اللفظ، والتؤدة في الاعتراض، وتجنب التملق الذي يُبطل صدق التوقير نفسه.	يجمع الشيخ والعالِم أن مصدر منزلتهما العلم، لا المنصب. ومخاطبتهما تقوم على ثلاثة أركان: التوقير في اللفظ، والتؤدة في الاعتراض، وتجنب التملق الذي يُبطل صدق التوقير نفسه.	قالب «في هذا الدرس» في افتتاح دروس الباب الخامس (على مثال افتتاح درس الإعلام في ف02-أ)	1
المجلد-الثاني/الباب-الثاني/ف01-أ-المدخل-والمخارج.md	188	| **ج. حافة اللسان مع الأضراس العليا** | الضاد | تعتمد حافة اللسان، من اليمين أو اليسار أو منهما، على الأضراس العليا، ولا يخرج الطرف |	| **ج. حافة اللسان مع الأضراس العليا** | الضاد | في وصف القدماء: تعتمد حافة اللسان، من اليمين أو اليسار أو منهما، على الأضراس العليا؛ والضاد المعتمدة اليوم يُحبس هواؤها بطرف اللسان عند أصول الثنايا مع الإطباق (الفصل الثالث) |	مواءمة مع قاعدة الضاد المعتمدة في المجلد الثاني (ف03-أ): الضاد المعاصرة شديدة، يُحبس الهواء فيها بطرف اللسان عند أصول الثنايا مع الإطباق؛ ووصف القدماء يبقى منسوبًا إليهم	1
المجلد-الثاني/الباب-الثاني/ف01-أ-المدخل-والمخارج.md	253	| ١٤ | حافة اللسان / أطراف الثنايا | ضَلَّ / ظَلَّ | تاهَ | بقيَ |	| ١٤ | طرف اللسان خفيّ / ظاهر بين الثنايا | ضَلَّ / ظَلَّ | تاهَ | بقيَ |	مواءمة مع قاعدة الضاد المعتمدة في المجلد الثاني (ف03-أ): الضاد المعاصرة شديدة، يُحبس الهواء فيها بطرف اللسان عند أصول الثنايا مع الإطباق؛ ووصف القدماء يبقى منسوبًا إليهم	1
المجلد-الثاني/الباب-الثاني/ف01-أ-المدخل-والمخارج.md	254	| ١٥ | حافة اللسان / أصول الثنايا | ضَرْبٌ / دَرْبٌ | الإيلام باليد أو العصا | الطريق |	| ١٥ | أصول الثنايا مع الإطباق / بلا إطباق | ضَرْبٌ / دَرْبٌ | الإيلام باليد أو العصا | الطريق |	مواءمة مع قاعدة الضاد المعتمدة في المجلد الثاني (ف03-أ): الضاد المعاصرة شديدة، يُحبس الهواء فيها بطرف اللسان عند أصول الثنايا مع الإطباق؛ ووصف القدماء يبقى منسوبًا إليهم	1
المجلد-الثاني/الباب-الثاني/ف02-أ-المدخل-والصفات.md	211	| **الاستطالة** | ض | امتداد الصوت على حافة اللسان، وتفصيلها في الفصل الثالث. |	| **الاستطالة** | ض | في وصف القدماء: امتداد الصوت على حافة اللسان؛ والخلاف فيها وفي الضاد المعتمدة اليوم في الفصل الثالث. |	مواءمة مع قاعدة الضاد المعتمدة في المجلد الثاني (ف03-أ): الضاد المعاصرة شديدة، يُحبس الهواء فيها بطرف اللسان عند أصول الثنايا مع الإطباق؛ ووصف القدماء يبقى منسوبًا إليهم	1
المجلد-الثاني/الملاحق/ملحق-الباب-الثاني-برنامج-النطق.md	210	**الهدف:** إخراج الضاد بإطباق كامل: حافة اللسان مع الأضراس العليا، وطرف اللسان خلف الأسنان لا يظهر، دون أن تسقط إلى دال أو تنزلق إلى ظاء.	**الهدف:** إخراج الضاد بإطباق كامل: يُحبس الهواء بطرف اللسان عند أصول الثنايا العليا كما في الدال، ويرتفع وسط اللسان ومؤخّره نحو الحنك، والطرف خلف الأسنان لا يظهر، دون أن تسقط إلى دال أو تنزلق إلى ظاء.	مواءمة مع قاعدة الضاد المعتمدة في المجلد الثاني (ف03-أ): الضاد المعاصرة شديدة، يُحبس الهواء فيها بطرف اللسان عند أصول الثنايا مع الإطباق؛ ووصف القدماء يبقى منسوبًا إليهم	1
المجلد-الحادي-عشر/المرجع-الأول-بنك-الأخطاء/ف03-أخطاء-النطق-الأصوات-الحرجة.md	51	- **التعليل:** الضاد والظاء يشتركان في صفة الإطباق (التفخيم)، لكنهما يختلفان في المخرج: الضاد من حافة اللسان مع الأضراس، والظاء من طرف اللسان مع أطراف الثنايا العليا؛ والخلط بينهما شائع لتقاربهما الشديد في الأذن غير المدرَّبة، مع أن معنييهما متباعدان تمامًا.	- **التعليل:** الضاد والظاء يشتركان في صفة الإطباق (التفخيم)، لكنهما يختلفان في المخرج: الضاد يُحبس هواؤها بطرف اللسان عند أصول الثنايا العليا والطرف خفيّ، والظاء يظهر فيها طرف اللسان مع أطراف الثنايا العليا؛ والخلط بينهما شائع لتقاربهما الشديد في الأذن غير المدرَّبة، مع أن معنييهما متباعدان تمامًا.	مواءمة مع قاعدة الضاد المعتمدة في المجلد الثاني (ف03-أ): الضاد المعاصرة شديدة، يُحبس الهواء فيها بطرف اللسان عند أصول الثنايا مع الإطباق؛ ووصف القدماء يبقى منسوبًا إليهم	1
المجلد-الحادي-عشر/المرجع-الأول-بنك-الأخطاء/ف03-أخطاء-النطق-الأصوات-الحرجة.md	55	- **التدريب:** «ضَلَّ الرجلُ طريقَه.» / «ظَلَّ الرجلُ في مكانِه.» / «جلستُ في الظِّلِّ بعد أن ضَلَلْتُ الطريقَ.» / «ميّز بين حافة اللسان في الضاد وطرفه في الظاء.» / «كرّر الزوج: ضلّ، ظلّ، حتى يستقر الفرق في أذنك.»	- **التدريب:** «ضَلَّ الرجلُ طريقَه.» / «ظَلَّ الرجلُ في مكانِه.» / «جلستُ في الظِّلِّ بعد أن ضَلَلْتُ الطريقَ.» / «ميّز بين طرف اللسان الخفيّ في الضاد والظاهر في الظاء.» / «كرّر الزوج: ضلّ، ظلّ، حتى يستقر الفرق في أذنك.»	مواءمة مع قاعدة الضاد المعتمدة في المجلد الثاني (ف03-أ): الضاد المعاصرة شديدة، يُحبس الهواء فيها بطرف اللسان عند أصول الثنايا مع الإطباق؛ ووصف القدماء يبقى منسوبًا إليهم	1
المجلد-الحادي-عشر/المرجع-الأول-بنك-الأخطاء/ف03-أخطاء-النطق-الأصوات-الحرجة.md	61	- **التصحيح:** ✔ «الأَرْضُ واسعةٌ» (بإطباق واضح: رفع مؤخر اللسان نحو الحنك، مع بقاء مخرجها الجانبي من حافة اللسان)	- **التصحيح:** ✔ «الأَرْضُ واسعةٌ» (بإطباق واضح: رفع مؤخّر اللسان نحو الحنك، وطرف اللسان عند أصول الثنايا العليا كما في الدال)	مواءمة مع قاعدة الضاد المعتمدة في المجلد الثاني (ف03-أ): الضاد المعاصرة شديدة، يُحبس الهواء فيها بطرف اللسان عند أصول الثنايا مع الإطباق؛ ووصف القدماء يبقى منسوبًا إليهم	1
المجلد-الخامس/الباب-الخامس/ف01-ب-الدرس-الثاني.md	137	> «قرأتَ الجملة كلها يا عمر، أحسنت. بقيت كلمة واحدة. انظر إليّ: [تشير إلى جانب فمها] ضَـ… ضَرَبَ. جانب اللسان يلمس الأضراس العليا. قلها معي: ضَرَبَ. [يقولها] ممتاز! أعد الجملة كلها الآن.»	> «قرأتَ الجملة كلها يا عمر، أحسنت. بقيت كلمة واحدة. انظر إليّ: [تشير إلى جانب فمها] ضَـ… ضَرَبَ. طرف اللسان خلف الأسنان العليا، والفم ممتلئ. قلها معي: ضَرَبَ. [يقولها] ممتاز! أعد الجملة كلها الآن.»	مواءمة مع قاعدة الضاد المعتمدة في المجلد الثاني (ف03-أ): الضاد المعاصرة شديدة، يُحبس الهواء فيها بطرف اللسان عند أصول الثنايا مع الإطباق؛ ووصف القدماء يبقى منسوبًا إليهم	1
المجلد-الرابع/الباب-الرابع/ف03-ج-التطبيق-والتقويم.md	310	3. «طفلان وُلدا في الأسبوع نفسه: دخل أحدهما المدرسة وهو يعرف ثلاثة أضعاف كلمات أخيه.»	3. «طفلان في عمر واحد: أحدهما يسمع كل ليلة قصة قبل النوم، والآخر لا يسمع شيئًا.»	بقيت في تدريب النبرة جملة الخطبة القديمة بدعواها غير الثابتة («ثلاثة أضعاف»)؛ سُوّيت على الافتتاح المصحّح (الدفعة T2، البند ١٢٤)	1
المجلد-الثاني/الباب-الثاني/ف05-ج-التطبيق-والتقويم.md	87	| س١٠–س١٢ | القاف تقدّمت إلى الكاف في الآية | ﴿وَقُلْ﴾ سليمة من أول قراءة | تدرّب على القاف تحت ضغط تمثيلي قبل المقابلة الثانية |	| س١٠–س١٢ | القاف تقدّمت إلى الكاف في الآية | ﴿وَقُل﴾ (طه: ١١٤) سليمة من أول قراءة | تدرّب على القاف تحت ضغط تمثيلي قبل المقابلة الثانية |	اللفظ المصحّح في جدول المقارنة كلمةٌ من آية طه ١١٤؛ ضُبطت على الرسم العثماني وأُضيفت الإحالة	1
المجلد-الرابع/الباب-الرابع/ف07-ب-التطبيق-والتقويم.md	297	4. لماذا قُدِّم المفعول في ﴿إِيَّاكَ نَعْبُدُ وَإِيَّاكَ نَسْتَعِينُ﴾؟	4. لماذا قُدِّم المفعول في ﴿إِيَّاكَ نَعْبُدُ وَإِيَّاكَ نَسْتَعِينُ﴾ (الفاتحة: ٥)؟	آية الفاتحة ٥ بلا إحالة؛ أُضيفت الإحالة واللفظ مطابق	1
المجلد-الخامس/الباب-الخامس/ف02-أ-المدخل-والدرس-الأول.md	69	- **﴿قَوْلًا لَّيِّنًا﴾:** اللين في القول مع أشد الناس خلافًا، ومع الإصرار على المضمون. وهذا أصل في لسان الدبلوماسي والمفاوض.	- **﴿قَوْلًا لَّيِّنًا﴾ (طه: ٤٤):** اللين في القول مع أشد الناس خلافًا، ومع الإصرار على المضمون. وهذا أصل في لسان الدبلوماسي والمفاوض.	جزء من آية طه ٤٤؛ أُضيفت الإحالة	1
المجلد-الخامس/الباب-الخامس/ف05-ج-التطبيق-والتقويم.md	372	8. ما الفرق بين قول موسى عليه السلام للخضر ﴿هَلْ أَتَّبِعُكَ﴾ وبين قول مباشر مثل «علّمني»؟	8. ما الفرق بين قول موسى عليه السلام للخضر ﴿هَلْ أَتَّبِعُكَ﴾ (الكهف: ٦٦) وبين قول مباشر مثل «علّمني»؟	جزء من آية الكهف ٦٦ من قول موسى عليه السلام؛ أُضيفت الإحالة	1
المجلد-السادس/الباب-السادس/ف01-السلام-والبشاشة-والاستماع.md	274	| ١٢ | الأب إذا دخل بيته | «السلام عليكم. أين الأبطال؟» | ﴿فَسَلِّمُوا عَلَى أَنْفُسِكُمْ﴾، مع دفء يليق بالبيت. |	| ١٢ | الأب إذا دخل بيته | «السلام عليكم. أين الأبطال؟» | ﴿فَسَلِّمُوا۟ عَلَىٰٓ أَنفُسِكُمْ﴾ (النور: ٦١)، مع دفء يليق بالبيت. |	جزء من آية النور ٦١؛ ضُبط على الرسم العثماني وأُضيفت الإحالة	1
المجلد-السادس/الباب-السادس/ف03-المدح-والشكر-والدعاء.md	203	﴿فَلَا تُزَكُّوا أَنْفُسَكُمْ﴾. فإذا احتجت إلى أن تُعرِّف بنفسك، كما في المقابلات، فاذكر الوقائع ودع الحكم للسامع (انظر المجلد التاسع، الباب العاشر، الفصل الأول).	﴿فَلَا تُزَكُّوٓا۟ أَنفُسَكُمْ﴾ (النجم: ٣٢). فإذا احتجت إلى أن تُعرِّف بنفسك، كما في المقابلات، فاذكر الوقائع ودع الحكم للسامع (انظر المجلد التاسع، الباب العاشر، الفصل الأول).	جزء من آية النجم ٣٢؛ ضُبط على الرسم العثماني وأُضيفت الإحالة	1
المجلد-السادس/الباب-السادس/ف04-أ-المدخل-والدرس-الأول.md	74	| ﴿حَتَّىٰ تَسْتَأْنِسُوا﴾ | الاستئذان قبل الدخول أو الكلام أو المقاطعة | «صيغ الاستئذان» |	| ﴿حَتَّىٰ تَسْتَأْنِسُوا۟﴾ (النور: ٢٧) | الاستئذان قبل الدخول أو الكلام أو المقاطعة | «صيغ الاستئذان» |	جزء من آية النور ٢٧؛ ضُبط على الرسم العثماني وأُضيفت الإحالة	1
المجلد-السادس/الباب-السادس/ف04-أ-المدخل-والدرس-الأول.md	76	| ﴿وَتَعَاوَنُوا عَلَى الْبِرِّ﴾ | تحديد الطلب ليسهل تلبيته | «طلب المساعدة: أمثلة» |	| ﴿وَتَعَاوَنُوا۟ عَلَى ٱلْبِرِّ﴾ (المائدة: ٢) | تحديد الطلب ليسهل تلبيته | «طلب المساعدة: أمثلة» |	جزء من آية المائدة ٢؛ ضُبط على الرسم العثماني وأُضيفت الإحالة	1
المجلد-السادس/الباب-السادس/ف05-أ-المدخل-والدرس-الأول.md	68	| ﴿رَبَّنَا ظَلَمْنَا أَنفُسَنَا﴾ | الاعتراف الصريح بلا تبرير | «أركان الاعتذار الكامل» |	| ﴿رَبَّنَا ظَلَمْنَآ أَنفُسَنَا﴾ (الأعراف: ٢٣) | الاعتراف الصريح بلا تبرير | «أركان الاعتذار الكامل» |	جزء من آية الأعراف ٢٣؛ ضُبط على الرسم العثماني وأُضيفت الإحالة	1
المجلد-السادس/الباب-السادس/ف06-ج-التطبيق-والتقويم.md	81	| س٩ | الشيخ إبراهيم | [يلتفت إلى الطلاب] يا إخوةُ، الاعتدالُ ثابتٌ بأدلةٍ كثيرةٍ، كقولِه تعالى: ﴿وَكَذَٰلِكَ جَعَلْنَاكُمْ أُمَّةً وَسَطًا﴾. أمّا هذا اللفظُ بعينِه فنراجعُه، ولا تكتبوه حديثًا حتى نتثبّتَ. |	| س٩ | الشيخ إبراهيم | [يلتفت إلى الطلاب] يا إخوةُ، الاعتدالُ ثابتٌ بأدلةٍ كثيرةٍ، كقولِه تعالى: ﴿وَكَذَٰلِكَ جَعَلْنَٰكُمْ أُمَّةً وَسَطًا﴾ (البقرة: ١٤٣). أمّا هذا اللفظُ بعينِه فنراجعُه، ولا تكتبوه حديثًا حتى نتثبّتَ. |	جزء من آية البقرة ١٤٣ في كلام الشيخ؛ ضُبط على الرسم العثماني وأُضيفت الإحالة	1
المجلد-السادس/الباب-السادس/ف06-ج-التطبيق-والتقويم.md	358	5. ماذا نستفيد في الاختلاف من قوله تعالى: ﴿وَإِنَّا أَوْ إِيَّاكُمْ لَعَلَىٰ هُدًى أَوْ فِي ضَلَالٍ مُّبِينٍ﴾؟ وما حدود هذه الاستفادة؟	5. ماذا نستفيد في الاختلاف من قوله تعالى: ﴿وَإِنَّآ أَوْ إِيَّاكُمْ لَعَلَىٰ هُدًى أَوْ فِى ضَلَٰلٍ مُّبِينٍ﴾ (سبأ: ٢٤)؟ وما حدود هذه الاستفادة؟	جزء من آية سبأ ٢٤؛ ضُبط على الرسم العثماني وأُضيفت الإحالة	1
المجلد-السادس/الباب-السادس/ف07-أ-المدخل-والدرس-الأول.md	66	جمعت الآية ثلاث صور: السخرية، واللمز (العيب بالقول والإشارة)، والتنابز بالألقاب المكروهة. وعللت النهي عن السخرية بقوله: ﴿عَسَىٰ أَن يَكُونُوا خَيْرًا مِّنْهُمْ﴾. ويُستفاد من التعليل أن الساخر يفترض في نفسه تفوقًا قد لا يكون له. وقوله ﴿أَنفُسَكُمْ﴾ يجعل من تلمزه كأنه أنت.	جمعت الآية ثلاث صور: السخرية، واللمز (العيب بالقول والإشارة)، والتنابز بالألقاب المكروهة. وعللت النهي عن السخرية بقوله: ﴿عَسَىٰٓ أَن يَكُونُوا۟ خَيْرًا مِّنْهُمْ﴾ (الحجرات: ١١). ويُستفاد من التعليل أن الساخر يفترض في نفسه تفوقًا قد لا يكون له. وقوله ﴿أَنفُسَكُمْ﴾ يجعل من تلمزه كأنه أنت.	جزء من آية الحجرات ١١ المسوقة قبلُ؛ ضُبط على الرسم العثماني وأُضيفت الإحالة	1
المجلد-السادس/الباب-السادس/ف07-أ-المدخل-والدرس-الأول.md	66	جمعت الآية ثلاث صور: السخرية، واللمز (العيب بالقول والإشارة)، والتنابز بالألقاب المكروهة. وعللت النهي عن السخرية بقوله: ﴿عَسَىٰٓ أَن يَكُونُوا۟ خَيْرًا مِّنْهُمْ﴾ (الحجرات: ١١). ويُستفاد من التعليل أن الساخر يفترض في نفسه تفوقًا قد لا يكون له. وقوله ﴿أَنفُسَكُمْ﴾ يجعل من تلمزه كأنه أنت.	جمعت الآية ثلاث صور: السخرية، واللمز (العيب بالقول والإشارة)، والتنابز بالألقاب المكروهة. وعللت النهي عن السخرية بقوله: ﴿عَسَىٰٓ أَن يَكُونُوا۟ خَيْرًا مِّنْهُمْ﴾ (الحجرات: ١١). ويُستفاد من التعليل أن الساخر يفترض في نفسه تفوقًا قد لا يكون له. وقوله ﴿أَنفُسَكُمْ﴾ (الحجرات: ١١) يجعل من تلمزه كأنه أنت.	كلمة من آية الحجرات ١١؛ أُضيفت الإحالة واللفظ مطابق	1
المجلد-السادس/الباب-السادس/ف07-أ-المدخل-والدرس-الأول.md	96	| ﴿عَسَىٰ أَن يَكُونُوا خَيْرًا مِّنْهُمْ﴾ | مراجعة الدعابة قبل قولها: على من يضحك الناس؟ | «المزاح والسخرية: أين الحد؟» |	| ﴿عَسَىٰٓ أَن يَكُونُوا۟ خَيْرًا مِّنْهُمْ﴾ (الحجرات: ١١) | مراجعة الدعابة قبل قولها: على من يضحك الناس؟ | «المزاح والسخرية: أين الحد؟» |	جزء من آية الحجرات ١١؛ ضُبط على الرسم العثماني وأُضيفت الإحالة	1
المجلد-السادس/الباب-السادس/ف07-أ-المدخل-والدرس-الأول.md	98	| ﴿وَاغْضُضْ مِن صَوْتِكَ﴾ | خفض الصوت وإبطاؤه عند الانفعال | «رفع الصوت: بين الإسماع والغضب» |	| ﴿وَٱغْضُضْ مِن صَوْتِكَ﴾ (لقمان: ١٩) | خفض الصوت وإبطاؤه عند الانفعال | «رفع الصوت: بين الإسماع والغضب» |	جزء من آية لقمان ١٩؛ ضُبط على الرسم العثماني وأُضيفت الإحالة	1
المجلد-السادس/الباب-السادس/ف07-أ-المدخل-والدرس-الأول.md	279	الرد على السخرية سلّم من خمس درجات. ابدأ بأدناها، ولا تصعد إلا إذا تكررت السخرية أو اشتد أثرها. والأصل في هذا السلّم قوله تعالى: ﴿وَإِذَا خَاطَبَهُمُ الْجَاهِلُونَ قَالُوا سَلَامًا﴾، أي لا ترد السخرية بمثلها.	الرد على السخرية سلّم من خمس درجات. ابدأ بأدناها، ولا تصعد إلا إذا تكررت السخرية أو اشتد أثرها. والأصل في هذا السلّم قوله تعالى: ﴿وَإِذَا خَاطَبَهُمُ ٱلْجَٰهِلُونَ قَالُوا۟ سَلَٰمًا﴾ (الفرقان: ٦٣)، أي لا ترد السخرية بمثلها.	جزء من آية الفرقان ٦٣؛ ضُبط على الرسم العثماني وأُضيفت الإحالة	1
المجلد-السادس/الباب-السادس/ف08-أ-المدخل-والدرس-الأول.md	54	**التواضع في المشية والصوت.** قال الله تعالى على لسان لقمان: ﴿وَلَا تُصَعِّرْ خَدَّكَ لِلنَّاسِ وَلَا تَمْشِ فِى ٱلْأَرْضِ مَرَحًاۖ إِنَّ ٱللَّهَ لَا يُحِبُّ كُلَّ مُخْتَالٍ فَخُورٍ﴾ (لقمان: ١٨) *(انظر الباب السادس، الفصل السابع، حيث فُصِّل غضّ الصوت من الآية نفسها)*. وقوله ﴿لَا تُصَعِّرْ خَدَّكَ﴾ نهي عن إمالة الوجه عن الناس كبرًا، وهو أقرب نص شرعي إلى موضوع هذا الفصل: أن يتوجه وجه المتكلم وجسده إلى من يخاطبه لا بعيدًا عنه.	**التواضع في المشية والصوت.** قال الله تعالى على لسان لقمان: ﴿وَلَا تُصَعِّرْ خَدَّكَ لِلنَّاسِ وَلَا تَمْشِ فِى ٱلْأَرْضِ مَرَحًاۖ إِنَّ ٱللَّهَ لَا يُحِبُّ كُلَّ مُخْتَالٍ فَخُورٍ﴾ (لقمان: ١٨) *(انظر الباب السادس، الفصل السابع، حيث فُصِّل غضّ الصوت من الآية نفسها)*. وقوله ﴿وَلَا تُصَعِّرْ خَدَّكَ﴾ (لقمان: ١٨) نهي عن إمالة الوجه عن الناس كبرًا، وهو أقرب نص شرعي إلى موضوع هذا الفصل: أن يتوجه وجه المتكلم وجسده إلى من يخاطبه لا بعيدًا عنه.	جزء من آية لقمان ١٨؛ الكلمة في المصحف «وَلَا» فرُدّت إليها الواو لتطابق حدود الكلمة، وأُضيفت الإحالة	1
المجلد-السادس/الباب-السادس/ف08-أ-المدخل-والدرس-الأول.md	63	| ﴿لَا تُصَعِّرْ خَدَّكَ﴾ | توجيه الوجه والجسد إلى المخاطَب | «النظر: كيف تنظر؟» |	| ﴿وَلَا تُصَعِّرْ خَدَّكَ﴾ (لقمان: ١٨) | توجيه الوجه والجسد إلى المخاطَب | «النظر: كيف تنظر؟» |	جزء من آية لقمان ١٨؛ الكلمة في المصحف «وَلَا» فرُدّت إليها الواو، وأُضيفت الإحالة	1
المجلد-السابع/الباب-السابع/ف01-ج-السؤال-التطبيق-والتقويم.md	288	6. ما الذي يستفيده السائل من قوله تعالى: ﴿فَلَا تَسْأَلْنِي عَن شَيْءٍ حَتَّىٰ أُحْدِثَ لَكَ مِنْهُ ذِكْرًا﴾؟	6. ما الذي يستفيده السائل من قوله تعالى: ﴿فَلَا تَسْـَٔلْنِى عَن شَىْءٍ حَتَّىٰٓ أُحْدِثَ لَكَ مِنْهُ ذِكْرًا﴾ (الكهف: ٧٠)؟	جزء من آية الكهف ٧٠؛ ضُبط على الرسم العثماني وأُضيفت الإحالة	1
المجلد-السابع/الباب-السابع/ف03-ب-الاستيضاح-التطبيق-والتقويم.md	248	10. لماذا سمّينا الآية ﴿فَتَبَيَّنُوا﴾ أصلًا لهذا الفصل مع أنها نزلت في خبر ينقله غائب؟	10. لماذا سمّينا الآية ﴿فَتَبَيَّنُوٓا۟﴾ (الحجرات: ٦) أصلًا لهذا الفصل مع أنها نزلت في خبر ينقله غائب؟	كلمة من آية الحجرات ٦ (آية الفصل في الدرس الأول)؛ ضُبطت على الرسم العثماني وأُضيفت الإحالة	1
المجلد-السابع/الباب-السابع/ف05-أ-الإقناع-المدخل-والدرس-الأول.md	233	✘ «قال تعالى: ﴿وَقُل رَّبِّ زِدْنِى عِلْمًا﴾، فالآية تدل على أن شراء أجهزة جديدة للمعهد واجب.»	✘ «قال تعالى: ﴿وَقُل رَّبِّ زِدْنِى عِلْمًا﴾ (طه: ١١٤)، فالآية تدل على أن شراء أجهزة جديدة للمعهد واجب.»	آية طه ١١٤ في المثال المخطئ؛ الخطأ في الاستدلال لا في اللفظ، فأُضيفت الإحالة كما في المثال الصحيح بعده	1
المجلد-السابع/الباب-السابع/ف05-ب-الإقناع-الدرس-الثاني.md	99	> «السلام عليكم ورحمة الله. أنتم آباؤنا وأساتذتنا في هذا السوق، ومنكم تعلمنا أن التجارة ثقة قبل أن تكون مالًا. وأقترح عليكم اقتراحًا صغيرًا: أن تطبع الجمعية ورقة دين بسيطة، نستعملها في الدين الكبير الذي يزيد أجله على شهر. قال الله تعالى: ﴿يَا أَيُّهَا الَّذِينَ آمَنُوا إِذَا تَدَايَنتُم بِدَيْنٍ إِلَىٰ أَجَلٍ مُّسَمًّى فَاكْتُبُوهُ﴾. والذاكرة تخون الصادق قبل الكاذب، والموت يأتي بغتة فيبقى الورثة لا يعرفون ما لأبيهم وما عليه. وفي سجل لجنة الصلح في جمعيتنا هذا العام إحدى عشرة شكوى، ثمانٍ منها في ديون لم تُكتب، وكلها بين أناس صادقين اختلفت ذاكرتهم. وأعرف أن بعضكم يقول: الكتابة تعني أني لا أثق بأخي. وأنا أقول: الكتابة تحفظ الثقة ولا تنقضها. فهل نجرّب الورقة ثلاثة أشهر، ثم نقيّمها في اجتماعنا؟»	> «السلام عليكم ورحمة الله. أنتم آباؤنا وأساتذتنا في هذا السوق، ومنكم تعلمنا أن التجارة ثقة قبل أن تكون مالًا. وأقترح عليكم اقتراحًا صغيرًا: أن تطبع الجمعية ورقة دين بسيطة، نستعملها في الدين الكبير الذي يزيد أجله على شهر. قال الله تعالى: ﴿يَٰٓأَيُّهَا ٱلَّذِينَ ءَامَنُوٓا۟ إِذَا تَدَايَنتُم بِدَيْنٍ إِلَىٰٓ أَجَلٍ مُّسَمًّى فَٱكْتُبُوهُ﴾ (البقرة: ٢٨٢). والذاكرة تخون الصادق قبل الكاذب، والموت يأتي بغتة فيبقى الورثة لا يعرفون ما لأبيهم وما عليه. وفي سجل لجنة الصلح في جمعيتنا هذا العام إحدى عشرة شكوى، ثمانٍ منها في ديون لم تُكتب، وكلها بين أناس صادقين اختلفت ذاكرتهم. وأعرف أن بعضكم يقول: الكتابة تعني أني لا أثق بأخي. وأنا أقول: الكتابة تحفظ الثقة ولا تنقضها. فهل نجرّب الورقة ثلاثة أشهر، ثم نقيّمها في اجتماعنا؟»	جزء من آية البقرة ٢٨٢ في كلام المتكلم النموذجي؛ ضُبط على الرسم العثماني وأُضيفت الإحالة	1
المجلد-السابع/الباب-السابع/ف05-ب-الإقناع-الدرس-الثاني.md	103	> «السلام عليكم ورحمة الله. أنتم آباؤنا في هذا السوق، ومنكم تعلمنا أن التجارة ثقة قبل أن تكون مالًا. ولهذا بالذات أعرض عليكم اقتراحًا صغيرًا: ورقة دين بسيطة تطبعها الجمعية، للدين الكبير الذي يزيد أجله على شهر. في سجل لجنة الصلح هذا العام إحدى عشرة شكوى، ثمانٍ منها في ديون لم تُكتب، ولم يكن في أصحابها خائن، بل ذاكرتان اختلفتا. وقد يقول قائلكم: الكتابة سوء ظن. وقد أجاب القرآن عن هذا قبلنا؛ فبعد أن أمر بكتابة الدين قال: ﴿ذَٰلِكُمْ أَقْسَطُ عِندَ اللَّهِ وَأَقْوَمُ لِلشَّهَادَةِ وَأَدْنَىٰ أَلَّا تَرْتَابُوا﴾. فالكتابة لا تقول لأخيك: لا أثق بك، بل تقول: لا أريد أن يفرّق بيننا النسيان. فهل نجرّبها ثلاثة أشهر، ثم نحكم عليها في هذا المجلس نفسه؟»	> «السلام عليكم ورحمة الله. أنتم آباؤنا في هذا السوق، ومنكم تعلمنا أن التجارة ثقة قبل أن تكون مالًا. ولهذا بالذات أعرض عليكم اقتراحًا صغيرًا: ورقة دين بسيطة تطبعها الجمعية، للدين الكبير الذي يزيد أجله على شهر. في سجل لجنة الصلح هذا العام إحدى عشرة شكوى، ثمانٍ منها في ديون لم تُكتب، ولم يكن في أصحابها خائن، بل ذاكرتان اختلفتا. وقد يقول قائلكم: الكتابة سوء ظن. وقد أجاب القرآن عن هذا قبلنا؛ فبعد أن أمر بكتابة الدين قال: ﴿ذَٰلِكُمْ أَقْسَطُ عِندَ ٱللَّهِ وَأَقْوَمُ لِلشَّهَٰدَةِ وَأَدْنَىٰٓ أَلَّا تَرْتَابُوٓا۟﴾ (البقرة: ٢٨٢). فالكتابة لا تقول لأخيك: لا أثق بك، بل تقول: لا أريد أن يفرّق بيننا النسيان. فهل نجرّبها ثلاثة أشهر، ثم نحكم عليها في هذا المجلس نفسه؟»	جزء من آية البقرة ٢٨٢ في كلام المتكلم الرفيع؛ ضُبط على الرسم العثماني وأُضيفت الإحالة	1
المجلد-الثامن/الباب-الثامن/ف01-ب-الكلام-في-المجلس.md	210	✔ [بصوت خافت:] «﴿…﴾» [يقول الكلمة الصحيحة وحدها، ثم يسكت]	✔ [بصوت خافت:] «…» [يقول الكلمة الصحيحة وحدها، ثم يسكت]	ليس اقتباسًا: «…» موضعٌ للكلمة الصحيحة التي ينطق بها المنبّه، فلا يوضع بين القوسين القرآنيين	1
المجلد-الثامن/الباب-الثامن/ف02-أ-إظهار-العلم-ومخاطبة-الكبير.md	55	أخرج البخاري في صحيحه عن ابن عباس رضي الله عنهما أن عمر بن الخطاب كان يُدخله مع أشياخ بدر، فكأنّ بعضهم وجد في نفسه، فقال: لِمَ تُدخل هذا معنا ولنا أبناء مثله؟ فسأل عمر الحاضرين يومًا عن قوله تعالى: ﴿إِذَا جَآءَ نَصْرُ ٱللَّهِ وَٱلْفَتْحُ﴾، فقال بعضهم: أُمرنا أن نحمد الله ونستغفره إذا نُصرنا وفُتح علينا، وسكت بعضهم فلم يقل شيئًا، فالتفت عمر إلى ابن عباس، وهو أحدثهم سنًّا، فقال: «أكذاك تقول يا ابن عباس؟» فقال: لا، هو أجلُ رسول الله ﷺ أعلمه له، فقال عمر: «ما أعلم منها إلا ما تقول»[^1].	أخرج البخاري في صحيحه عن ابن عباس رضي الله عنهما أن عمر بن الخطاب كان يُدخله مع أشياخ بدر، فكأنّ بعضهم وجد في نفسه، فقال: لِمَ تُدخل هذا معنا ولنا أبناء مثله؟ فسأل عمر الحاضرين يومًا عن قوله تعالى: ﴿إِذَا جَآءَ نَصْرُ ٱللَّهِ وَٱلْفَتْحُ﴾ (النصر: ١)، فقال بعضهم: أُمرنا أن نحمد الله ونستغفره إذا نُصرنا وفُتح علينا، وسكت بعضهم فلم يقل شيئًا، فالتفت عمر إلى ابن عباس، وهو أحدثهم سنًّا، فقال: «أكذاك تقول يا ابن عباس؟» فقال: لا، هو أجلُ رسول الله ﷺ أعلمه له، فقال عمر: «ما أعلم منها إلا ما تقول»[^1].	آية النصر ١؛ أُضيفت الإحالة واللفظ مطابق	1
المجلد-الثامن/الباب-التاسع/ف01-ج-التطبيق-والتقويم.md	138	| س٦ | يوسف | الصواب: ﴿إِنَّمَا يَخْشَى اللَّهَ مِنْ عِبَادِهِ الْعُلَمَاءُ﴾. |	| س٦ | يوسف | الصواب: ﴿إِنَّمَا يَخْشَى ٱللَّهَ مِنْ عِبَادِهِ ٱلْعُلَمَٰٓؤُا۟﴾ (فاطر: ٢٨). |	تصحيح يوسف للّحن المنقول بين «»؛ يبقى الخطأ كما هو، ويُضبط التصحيح على الرسم العثماني مع الإحالة (فاطر: ٢٨)	1
المجلد-الثامن/الباب-التاسع/ف01-ج-التطبيق-والتقويم.md	168	| س٦ | يوسف | ﴿إِنَّمَا يَخْشَى اللَّهَ مِنْ عِبَادِهِ الْعُلَمَاءُ﴾: لفظُ الجلالةِ منصوبٌ، والعلماءُ مرفوعٌ. |	| س٦ | يوسف | ﴿إِنَّمَا يَخْشَى ٱللَّهَ مِنْ عِبَادِهِ ٱلْعُلَمَٰٓؤُا۟﴾ (فاطر: ٢٨): لفظُ الجلالةِ منصوبٌ، والعلماءُ مرفوعٌ. |	تصحيح يوسف للّحن المنقول بين «»؛ يبقى الخطأ كما هو، ويُضبط التصحيح على الرسم العثماني مع الإحالة (فاطر: ٢٨)	1
المجلد-التاسع/الباب-العاشر/ف01-ب-الأسئلة-والمحاكاة.md	877	3. ما الذي يُستفاد من قوله تعالى: ﴿إِنِّي حَفِيظٌ عَلِيمٌ﴾ في بناء جواب المقابلة؟	3. ما الذي يُستفاد من قوله تعالى: ﴿إِنِّى حَفِيظٌ عَلِيمٌ﴾ (يوسف: ٥٥) في بناء جواب المقابلة؟	جزء من آية يوسف ٥٥؛ ضُبط على الرسم العثماني وأُضيفت الإحالة	1
المجلد-التاسع/الباب-العاشر/ف03-أ-إدارة-الاجتماع.md	65	وفي الآية أيضًا أن التوكل يأتي بعد العزم لا بدلًا منه: ﴿فَإِذَا عَزَمْتَ فَتَوَكَّلْ عَلَى اللَّهِ﴾. فمن ختم اجتماعًا لم يقرر فيه شيئًا بقوله «نتوكل على الله» فقد وضع الكلمة الصادقة في غير موضعها.	وفي الآية أيضًا أن التوكل يأتي بعد العزم لا بدلًا منه: ﴿فَإِذَا عَزَمْتَ فَتَوَكَّلْ عَلَى ٱللَّهِ﴾ (آل عمران: ١٥٩). فمن ختم اجتماعًا لم يقرر فيه شيئًا بقوله «نتوكل على الله» فقد وضع الكلمة الصادقة في غير موضعها.	جزء من آية آل عمران ١٥٩؛ ضُبط على الرسم العثماني وأُضيفت الإحالة	1
المجلد-السادس/الباب-السادس/ف01-السلام-والبشاشة-والاستماع.md	74	وبيّن من يبدأ بالسلام، فقال: «يُسَلِّمُ الصَّغِيرُ عَلَى الكَبِيرِ، وَالمَارُّ عَلَى القَاعِدِ، وَالقَلِيلُ عَلَى الكَثِيرِ» (رواه البخاري، كتاب الاستئذان)[^3]. وفي حديث آخر: «يُسَلِّمُ الرَّاكِبُ عَلَى المَاشِي، وَالمَاشِي عَلَى القَاعِدِ، وَالقَلِيلُ عَلَى الكَثِيرِ» (متفق عليه).	وبيّن من يبدأ بالسلام، فقال: «يُسَلِّمُ الصَّغِيرُ عَلَى الكَبِيرِ، وَالمَارُّ عَلَى القَاعِدِ، وَالقَلِيلُ عَلَى الكَثِيرِ» (رواه البخاري، كتاب الاستئذان)[^3]. وفي حديث آخر: «يُسَلِّمُ الرَّاكِبُ عَلَى المَاشِي، وَالمَاشِي عَلَى القَاعِدِ، وَالقَلِيلُ عَلَى الكَثِيرِ» (متفق عليه)[^ha5_1].	تخريج — طوبق على المطبوع (الدفعة HA3، البند HA35): البخاري (٦٢٣٢) ومسلم (٢١٦٠)، واللفظ مطابق	1
المجلد-السادس/الباب-السادس/ف09-أ-المدخل-والدرس-الأول.md	49	**الهدية سبب المحبة.** قال النبي ﷺ: «تَهَادَوْا تَحَابُّوا» (رواه البخاري في الأدب المفرد). والهدية هنا تشمل ما يقابلها في الكلام: هدية الوقت بالإصغاء، وهدية الاهتمام بالسؤال عن حال الآخر، لا المال وحده.	**الهدية سبب المحبة.** قال النبي ﷺ: «تَهَادَوْا تَحَابُّوا» (رواه البخاري في الأدب المفرد)[^ha5_2]. والهدية هنا تشمل ما يقابلها في الكلام: هدية الوقت بالإصغاء، وهدية الاهتمام بالسؤال عن حال الآخر، لا المال وحده.	تخريج — طوبق على المطبوع (الدفعة HA5): الأدب المفرد (٥٩٤)، ص٢٠٨، واللفظ مطابق	1
المجلد-الثاني/الباب-الثاني/ف03-أ-المدخل-والأصوات-الخمسة.md	161	> «أيها الإخوةُ الكرام، / أَظَلَّنا شهرُ **رَمَضانَ**، / شهرُ الصيامِ والقيام. // وقد قال رسولُ الله ﷺ: / «مَنْ صَامَ رَمَضَانَ إِيمَانًا وَاحْتِسَابًا / غُفِرَ لَهُ مَا تَقَدَّمَ مِنْ ذَنْبِهِ» (متفق عليه). // فلا **تُضَيِّعوا** أيامَه في الغفلة، / واحفظوا ألسنتَكم فيه من **الظُّلْمِ** والأذى.»	> «أيها الإخوةُ الكرام، / أَظَلَّنا شهرُ **رَمَضانَ**، / شهرُ الصيامِ والقيام. // وقد قال رسولُ الله ﷺ: / «مَنْ صَامَ رَمَضَانَ إِيمَانًا وَاحْتِسَابًا / غُفِرَ لَهُ مَا تَقَدَّمَ مِنْ ذَنْبِهِ» (متفق عليه)[^ha5_3a]. // فلا **تُضَيِّعوا** أيامَه في الغفلة، / واحفظوا ألسنتَكم فيه من **الظُّلْمِ** والأذى.»	تخريج — طوبق على المطبوع (الدفعة HA5): البخاري (٣٨) ومسلم (٧٦٠)، واللفظ مطابق	1
المجلد-الثاني/الباب-الثاني/ف03-أ-المدخل-والأصوات-الخمسة.md	165	> «أيها الإخوةُ الكرام، / أَظَلَّنا شهرُ **رَمَضانَ**. // وقد قال رسولُ الله ﷺ: / «مَنْ صَامَ رَمَضَانَ إِيمَانًا وَاحْتِسَابًا / غُفِرَ لَهُ مَا تَقَدَّمَ مِنْ ذَنْبِهِ» (متفق عليه). // ووصف الله أيامه فقال: ﴿أَيَّامًا مَّعْدُودَٰتٍ﴾ (البقرة: ١٨٤). / فما أسرعَ ما تنقضي! // فلا تُضَيِّعوا منها يومًا، / واحفظوا فيها ألسنتَكم ↓ / كما تحفظون بطونَكم.»	> «أيها الإخوةُ الكرام، / أَظَلَّنا شهرُ **رَمَضانَ**. // وقد قال رسولُ الله ﷺ: / «مَنْ صَامَ رَمَضَانَ إِيمَانًا وَاحْتِسَابًا / غُفِرَ لَهُ مَا تَقَدَّمَ مِنْ ذَنْبِهِ» (متفق عليه)[^ha5_3b]. // ووصف الله أيامه فقال: ﴿أَيَّامًا مَّعْدُودَٰتٍ﴾ (البقرة: ١٨٤). / فما أسرعَ ما تنقضي! // فلا تُضَيِّعوا منها يومًا، / واحفظوا فيها ألسنتَكم ↓ / كما تحفظون بطونَكم.»	تخريج — طوبق على المطبوع (الدفعة HA5): البخاري (٣٨) ومسلم (٧٦٠)، واللفظ مطابق	1
المجلد-الثاني/الباب-الثاني/ف07-أ-المدخل-والدرسان.md	493	«بسمِ اللهِ، والحمدُ للهِ، والصلاةُ والسلامُ على رسولِ اللهِ. قال رسولُ اللهِ ﷺ: «مَنْ كانَ يُؤْمِنُ بِاللهِ وَالْيَوْمِ الآخِرِ فَلْيَقُلْ خَيْرًا أَوْ لِيَصْمُتْ» (متفق عليه).»	«بسمِ اللهِ، والحمدُ للهِ، والصلاةُ والسلامُ على رسولِ اللهِ. قال رسولُ اللهِ ﷺ: «مَنْ كانَ يُؤْمِنُ بِاللهِ وَالْيَوْمِ الآخِرِ فَلْيَقُلْ خَيْرًا أَوْ لِيَصْمُتْ» (متفق عليه)[^ha5_4].»	تخريج — من تخريج المجلد الأول المطابق على المطبوع (خ ٦٠١٨، ٦٤٧٥؛ م ٤٧)، واللفظ مطابق	1
المجلد-السابع/الباب-السابع/ف02-أ-الجواب-المدخل-والدرس-الأول.md	86	وعن أبي هريرة رضي الله عنه أن رجلًا قال للنبي ﷺ: «أَوْصِنِي»، قال: «لَا تَغْضَبْ»، فردّد مرارًا، قال: «لَا تَغْضَبْ» (رواه البخاري).	وعن أبي هريرة رضي الله عنه أن رجلًا قال للنبي ﷺ: «أَوْصِنِي»، قال: «لَا تَغْضَبْ»، فردّد مرارًا، قال: «لَا تَغْضَبْ» (رواه البخاري)[^ha5_5].	تخريج — طوبق على المطبوع (الدفعة HA5): البخاري (٦١١٦)، واللفظ مطابق	1
المجلد-الأول/الباب-الأول/ف05-أ-المدخل-والدرس.md	70	«لَا يَدْخُلُ الْجَنَّةَ مَنْ كَانَ فِي قَلْبِهِ مِثْقَالُ ذَرَّةٍ مِنْ كِبْرٍ». قَالَ رَجُلٌ: إِنَّ الرَّجُلَ يُحِبُّ أَنْ يَكُونَ ثَوْبُهُ حَسَنًا وَنَعْلُهُ حَسَنَةً. قَالَ: «إِنَّ اللَّهَ جَمِيلٌ يُحِبُّ الْجَمَالَ، الْكِبْرُ بَطَرُ الْحَقِّ وَغَمْطُ النَّاسِ» (رواه مسلم)	«لَا يَدْخُلُ الْجَنَّةَ مَنْ كَانَ فِي قَلْبِهِ مِثْقَالُ ذَرَّةٍ مِنْ كِبْرٍ». قَالَ رَجُلٌ: إِنَّ الرَّجُلَ يُحِبُّ أَنْ يَكُونَ ثَوْبُهُ حَسَنًا وَنَعْلُهُ حَسَنَةً. قَالَ: «إِنَّ اللَّهَ جَمِيلٌ يُحِبُّ الْجَمَالَ، الْكِبْرُ بَطَرُ الْحَقِّ وَغَمْطُ النَّاسِ» (رواه مسلم)[^ha5_6]	تخريج — طوبق على المطبوع (الدفعة HA2، البند HA58؛ الحديث بتمامه في الصفحة نفسها): مسلم (٩١)، واللفظ مطابق	1
المجلد-الأول/الباب-الأول/ف02-أ-المدخل-والدرس-الأول.md	110	وفي الحديث الشريف: «مَنْ كَانَ يُؤْمِنُ بِاللَّهِ وَالْيَوْمِ الْآخِرِ فَلْيَقُلْ خَيْرًا أَوْ لِيَصْمُتْ» (متفق عليه). فالقول والصمت كلاهما عمل يُختار. ومن صفات المتكلم الناجح أن يعرف متى يكون السكوت هو الكلام المناسب.	وفي الحديث الشريف: «مَنْ كَانَ يُؤْمِنُ بِاللَّهِ وَالْيَوْمِ الْآخِرِ فَلْيَقُلْ خَيْرًا أَوْ لِيَصْمُتْ» (متفق عليه)[^ha5_7]. فالقول والصمت كلاهما عمل يُختار. ومن صفات المتكلم الناجح أن يعرف متى يكون السكوت هو الكلام المناسب.	تخريج — من تخريج المجلد الأول المطابق على المطبوع (خ ٦٠١٨، ٦٤٧٥؛ م ٤٧)، واللفظ مطابق	1
المجلد-الثامن/الباب-التاسع/ف01-أ-المدخل-وبناء-الخطبة.md	129	> «أمّا بعدُ، فيا عبادَ الله، في هاتف كلِّ واحدٍ منا أرقامٌ لأقاربَ لم نتصل بهم منذ سنة، ونحن نحفظ أرقام الباعة والزبائن عن ظهر قلب. قال رسول الله ﷺ: «ليس الواصلُ بالمكافئ، ولكنِ الواصلُ الذي إذا قُطِعتْ رحمُه وصلَها» (رواه البخاري). فخطبتُنا اليوم في جملة واحدة: لا تنتظرْ أن يبدأ قريبُك؛ ابدأْ أنت.»	> «أمّا بعدُ، فيا عبادَ الله، في هاتف كلِّ واحدٍ منا أرقامٌ لأقاربَ لم نتصل بهم منذ سنة، ونحن نحفظ أرقام الباعة والزبائن عن ظهر قلب. قال رسول الله ﷺ: «ليس الواصلُ بالمكافئ، ولكنِ الواصلُ الذي إذا قُطِعتْ رحمُه وصلَها» (رواه البخاري)[^ha5_8]. فخطبتُنا اليوم في جملة واحدة: لا تنتظرْ أن يبدأ قريبُك؛ ابدأْ أنت.»	تخريج — طوبق على المطبوع (الدفعة HA5): البخاري (٥٩٩١)، واللفظ مطابق (وضبط «قُطِعت» رواية مثبتة في حاشية الطبعة السلطانية)	1
المجلد-الرابع/الباب-الرابع/ف01-ب-الدرس-الثاني.md	91	✔ «جاءني بالأمس شاب يقول: أريد أن أحفظ القرآن كله في شهر. قلت: وكم تحفظ الآن كل يوم؟ قال: لا شيء. فالعبرة يا إخوة أن العمل القليل الدائم خير من الكثير الذي لا يبدأ، وفي الحديث: «أَحَبُّ الْأَعْمَالِ إِلَى اللَّهِ أَدْوَمُهَا وَإِنْ قَلَّ» (متفق عليه). فمن أراد الحفظ فليبدأ الليلة بآية واحدة، ولا يتركها.»	✔ «جاءني بالأمس شاب يقول: أريد أن أحفظ القرآن كله في شهر. قلت: وكم تحفظ الآن كل يوم؟ قال: لا شيء. فالعبرة يا إخوة أن العمل القليل الدائم خير من الكثير الذي لا يبدأ، وفي الحديث: «أَحَبُّ الْأَعْمَالِ إِلَى اللَّهِ تَعَالَى أَدْوَمُهَا وَإِنْ قَلَّ» (متفق عليه)[^ha5_9]. فمن أراد الحفظ فليبدأ الليلة بآية واحدة، ولا يتركها.»	تخريج وتصحيح لفظ — طوبق على المطبوع (الدفعة HA5): اللفظ لمسلم (٧٨٣) وفيه «تعالى»، والبخاري (٦٤٦٤) بتقديم «أدومها»	1
المجلد-الخامس/الباب-الخامس/ف04-ج-التطبيق-والتقويم.md	310	2. **الحزم في القرار لا يمنع الرفق في العرض.** فالرفق لا يكون في شيء إلا زانه، ولا يُنزع من شيء إلا شانه (رواه مسلم).	2. **الحزم في القرار لا يمنع الرفق في العرض.** فالرفق لا يكون في شيء إلا زانه، ولا يُنزع من شيء إلا شانه (رواه مسلم)[^ha5_10].	تخريج — طوبق على المطبوع (الدفعة HA1، البند HA21)، وسبق تخريجه في ف04-أ من الفصل نفسه	1
المجلد-الرابع/الباب-الرابع/ف07-ب-التطبيق-والتقويم.md	221	5. «إيّاكَ نَعْبُدُ وإيّاكَ نَسْتَعينُ.»	5. ﴿إِيَّاكَ نَعْبُدُ وَإِيَّاكَ نَسْتَعِينُ﴾ (الفاتحة: ٥)	آية الفاتحة ٥ كُتبت بين «» بإملاء عادي بلا إحالة؛ أُعيدت إلى ﴿﴾ بالرسم المطابق (كما في س٢٩٧) مع (الفاتحة: ٥)	1
المجلد-الرابع/الباب-الرابع/ف06-ب-خواتيم-المقامات.md	430	وفي الباب نفسه (٤٨٥٧–٤٨٥٨) عن عبد الله بن عمرو وأبي هريرة	وفي الباب نفسه (٤٨٥٧) عن عبد الله بن عمرو بن العاص من قوله موقوفًا، و(٤٨٥٨) عن أبي هريرة عن النبي ﷺ بمثله	التمييز بين الموقوف والمرفوع: ٤٨٥٧ من قول عبد الله بن عمرو، و٤٨٥٨ عن أبي هريرة مرفوعًا (المطبوع ٤/٢٦٤–٢٦٥)	1
المجلد-الرابع/الباب-الرابع/ف06-ب-خواتيم-المقامات.md	382	وهذا ما يقرره أثر الموقع في السلسلة: آخر ما يُسمع أبقى.	وهذا تطبيقٌ لما مرّ من أثر الموقع في السلسلة على انطباع السامع: آخر ما يُسمع من أبقى ما يُحفظ.	تمييز الصوت: تطبيق المؤلف لا يُنسب إلى النتيجة العلمية نفسها (سجل T2-139)	1
المجلد-الرابع/الباب-الرابع/ف06-ج-التطبيق-والتقويم.md	295	ما الذي يُستفاد من ختام النبي ﷺ مجلس جبريل عليه السلام بقوله:	ما الذي يُستفاد من قول النبي ﷺ لعمر رضي الله عنه بعد انصراف جبريل عليه السلام:	سياق الحديث: قالها النبي ﷺ لعمر بعد انصراف جبريل «فلبثتُ مليًّا» (مسلم ٨، ١/٣٨)، لا ختامًا للمجلس	1
المجلد-الرابع/الباب-الرابع/ف08-أ-من-علم-البيان.md	135	«قرأتُ لنجيب محفوظ.» (يريد كتبه	«قرأتُ نجيبَ محفوظ.» (يريد كتبه	مع اللام لا مجاز (الاسم على حقيقته والمفعول محذوف)؛ حُذفت اللام ليُراد بالكاتب كتبه كما في الشرح	1
المجلد-الرابع/الباب-الرابع/ف08-ب-التطبيق-والتقويم.md	247	ووضوح الضاد في «البيانيةُ» والقاف في «البيانُ»	ونبر «البيانيةُ» و«البيانُ»	لا ضاد في «البيانية» ولا قاف في «البيان»؛ جُعل الثابت نبر الكلمتين المعلَّمتين بالعريض في النص	1
المجلد-الرابع/الباب-الرابع/ف07-أ-من-علم-المعاني.md	95	بدل أن يقول إنشاءً حازمًا	بدل أن يقول خبرًا جازمًا	«لا يجوز هذا» خبرٌ منفي لا إنشاء؛ والمقابلة في المثال بين الجزم والتحفظ داخل الخبر	1
المجلد-الرابع/الباب-الرابع/ف06-ب-خواتيم-المقامات.md	230	لا نصًّا واحدًا مأثورًا بلفظه	لا نصٌّ واحدٌ مأثورٌ بلفظه	إعراب: «لا» العاطفة تُتبع ما بعدها الخبرَ المرفوع «صيغةٌ»	1
المجلد-الرابع/الباب-الرابع/ف07-ب-التطبيق-والتقويم.md	129	لا حوارًا مباشرًا.	لا حوارٌ مباشرٌ.	إعراب: المعطوف بـ«لا» على الخبر المرفوع «مكتوبٌ» مرفوع	1
المجلد-الرابع/الباب-الرابع/ف07-أ-من-علم-المعاني.md	119	سفر مفاجئ أمس تأخرني في العودة	سفر مفاجئ أمس أخّر عودتي	«تأخّر» لازم لا يتعدّى إلى الضمير؛ المتعدي «أخّر» (في مثال صحيح ✔)	1
المجلد-الرابع/الباب-الرابع/ف07-أ-من-علم-المعاني.md	226	يوصل معنائي	يوصل معناي	صرف: المقصور مع ياء المتكلم «معنايَ» لا «معنائي» (كما في الخلاصة)	1
المجلد-الرابع/الباب-الرابع/ف08-ب-التطبيق-والتقويم.md	95	فهل تسمعُ لي رأيَك بصراحةٍ؟	فهل تُسمِعُني رأيَك بصراحةٍ؟	«سمع له» لا يتعدى إلى «رأيك»؛ المراد «أسمعه الرأيَ» (تُسمِعُني رأيك)	1
المجلد-الرابع/الباب-الرابع/ف08-ب-التطبيق-والتقويم.md	117	عند سؤال «ماذا حدث لك أنت؟»	عند سؤاله عن نفسه (س٨)	سؤال منقول بين «» لا وجود له في الحوارين؛ أُحيل إلى س٨ الموجّه إلى حمزة نفسه في النسختين	1
المجلد-الرابع/الباب-الرابع/ف06-ب-خواتيم-المقامات.md	417	«أفهم العمل»، «مرن جدًّا جدًّا»	«فهمت العمل»، «مرن جدًّا جدًّا»	مطابقة الجدول للفظ الحوار في س٦: «أنا فهمت العمل»	1
المجلد-الرابع/الباب-الرابع/ف06-ب-خواتيم-المقامات.md	311	اكتب كل منكم في المحادثة الآن	ليكتب كلٌّ منكم في المحادثة الآن	فعل الأمر المفرد لا يرفع «كلٌّ منكم» الغائب؛ الأمر للغائب بلام الأمر (ليكتب… سيبدأ)	1
المجلد-الرابع/الباب-الرابع/ف07-ب-التطبيق-والتقويم.md	150	قارنا الأثر بينهما.	ثم قارِن الأثر بينهما.	مطابقة الخطاب: المخاطَب المدرب المفرد («درِّب»)، فلا وجه لأمر المثنى «قارنا»	1
المجلد-الرابع/الباب-الرابع/ف07-أ-من-علم-المعاني.md	177	مبدأ الكمّ في المحادثة	قاعدة الكمّ في المحادثة	توحيد المصطلح: الكمّ عند غرايس «قاعدة» تحت «مبدأ التعاون»، كما في الحاشية والاختبار والمجلد الثالث	1
المجلد-الرابع/الباب-الرابع/ف06-ج-التطبيق-والتقويم.md	338	المقارنة الأولى (خاتمة عرض البحث) وأداء النماذج الأربعة	النماذج الأربعة لخاتمة عرض البحث وأداؤها	جدول المدرب يسمّي قسمًا غير موجود («المقارنة الأولى»)؛ القسم في الفصل عنوانه «النماذج: خاتمة عرض البحث»	1
المجلد-الثامن/الباب-الثامن/ف02-أ-إظهار-العلم-ومخاطبة-الكبير.md	59	ومذهبُ مخالفنا خطأٌ يحتمل الصواب	ومذهبُ من خالفنا خطأٌ يحتمل الصواب	رُدّ لفظ القاعدة إلى المطبوع: التعريفات ص١١٩ «ومذهب من خالفنا»؛ وكان في المتن لفظٌ ملفّق من المصدرين	1
المجلد-الثامن/الباب-الثامن/ف01-د-التطبيق-الختامي-والتقويم.md	123	والسين والحاء المتجاورتين في «اسْأَلْ»	والسين والهمزة المتجاورتين في «اسْأَلْ»	لا حاء في «اسْأَلْ»؛ المتجاوران فيها السين والهمزة (والهمزة من الأصوات الحرجة في المجلد الثاني)	1
المجلد-الثامن/الباب-الثامن/ف01-د-التطبيق-الختامي-والتقويم.md	123	وسيأتي مزيد من تفصيل الأصوات الحرجة في الباب الثاني (المجلد الثاني)	وقد سبق تفصيل الأصوات الحرجة في الباب الثاني (المجلد الثاني)	الإحالة إلى سابق لا إلى لاحق: المجلد الثاني قبل الثامن	1
المجلد-الثامن/الباب-الثامن/ف02-أ-إظهار-العلم-ومخاطبة-الكبير.md	120	(انظر بطاقة السجلات، الباب الرابع، المجلد الرابع)	(انظر المجلد الخامس، الباب الخامس، الفصل الأول)	إحالة إلى غير موجود: لا «بطاقة سجلات» ولا حديث عن السجل في المجلد الرابع؛ السجل اللغوي في المجلد الخامس، الفصل الأول	1
المجلد-الثامن/الباب-الثامن/ف02-أ-إظهار-العلم-ومخاطبة-الكبير.md	25	خمسة أخطاء تتكرر عند من يُسمَّى «المستعرب»: العائد بعلم من الخارج، أو المتخرج حديثًا، أو من انتقل إلى بيئة علمية جديدة.	خمسة أخطاء تتكرر عند المستعرب في أحوال بعينها: حين يعود بعلم من الخارج، أو يتخرج حديثًا، أو ينتقل إلى بيئة علمية جديدة.	«يُسمَّى المستعرب» تعريفٌ مخالف لاصطلاح السلسلة (الدليل: المستعربون هم الفئة المستهدفة)؛ جُعلت الثلاثة أحوالًا له لا تعريفًا	1
المجلد-الثامن/الباب-الثامن/ف01-د-التطبيق-الختامي-والتقويم.md	53	«هو تكلم دور مهم في نجاح المجلس.»	«هو لعب دور مهم في نجاح المجلس.»	عبارة التحويل خلت من «لعب» التي يُنبَّه عليها («يلعب دورًا»)، فصارت بلا معنى	1
المجلد-الثامن/الباب-الثامن/ف01-ج-حواران-ممتدان.md	178	بين إكمالِ الدكتوراه في الخارجِ، أو البقاءِ	بين إكمالِ الدكتوراه في الخارجِ، والبقاءِ	«بين» يُعطف بعدها بالواو لا بـ«أو»، في نموذجٍ مضبوط للأداء	1
المجلد-الثامن/الباب-الثامن/ف02-ب-التصحيح-والمطالب-وحوار-ممتد.md	186	أستأذنُكِ يا أستاذةَ آمنةَ في ملاحظةٍ.	أستأذنُكِ يا أستاذةُ آمنةُ في ملاحظةٍ.	المنادى النكرة المقصودة مبنيٌّ على الضم؛ والفتح يجعله مضافًا («أستاذة آمنة»)	1
المجلد-الثامن/الباب-الثامن/ف02-ب-التصحيح-والمطالب-وحوار-ممتد.md	192	جزاكِ اللهُ خيرًا يا أستاذةَ آمنةَ. |	جزاكِ اللهُ خيرًا يا أستاذةُ آمنةُ. |	ضبط المنادى النكرة المقصودة بالضم	1
المجلد-الثامن/الباب-الثامن/ف02-ب-التصحيح-والمطالب-وحوار-ممتد.md	194	فيما أذكرُ يا أستاذةَ زينبَ	فيما أذكرُ يا أستاذةُ زينبُ	ضبط المنادى النكرة المقصودة بالضم	1
المجلد-الثامن/الباب-الثامن/ف02-ب-التصحيح-والمطالب-وحوار-ممتد.md	196	عندي ملاحظاتٌ أخرى يا أستاذةَ آمنةَ	عندي ملاحظاتٌ أخرى يا أستاذةُ آمنةُ	ضبط المنادى النكرة المقصودة بالضم	1
المجلد-الثامن/الباب-الثامن/ف02-ب-التصحيح-والمطالب-وحوار-ممتد.md	198	حسنًا يا أستاذةَ آمنةَ،	حسنًا يا أستاذةُ آمنةُ،	ضبط المنادى النكرة المقصودة بالضم	1
المجلد-الثامن/الباب-التاسع/ف05-ب-الأسئلة-والتطبيق-الختامي.md	315	مع عناية خاصة بمعياري الأدب والثبات.	مع عناية خاصة بمعيار الأدب وبالثبات.	«الثبات» ليس من المعايير الخمسة (الوضوح، الصحة، المناسبة، التأثير، الأدب)؛ فلا يُثنّى معه «معيار»	1
المجلد-الثامن/الباب-الثامن/ف01-ب-الكلام-في-المجلس.md	153	صحّح الخطأ في لفظ الآية فورًا بلطف، وأخّر تصحيح ما سواه إلى الخلوة.	صحّح الخطأ في لفظ الآية، أو فيما يُعمل به فورًا، في حينه بلطف، وأخّر تصحيح ما سواه إلى الخلوة.	القاعدة ناقضت جدول الدرس (إلا ما يُعمل به فورًا) ومث٤٦؛ سُوّيت بلفظ الجدول	1
المجلد-الثامن/الباب-الثامن/ف01-ب-الكلام-في-المجلس.md	389	«عندي سؤال» في عشرين مقامًا	«عندي سؤال» في أكثر من عشرين مقامًا	عدد المقامات في الجداول الأربعة واحدٌ وعشرون؛ على صيغة السلسلة «في أكثر من عشرين مقامًا»	1
المجلد-الثامن/الباب-الثامن/ف01-أ-المدخل-والدخول-والجلوس.md	57	سبعة أخطاء أدبية في ثلاثين دقيقة	سبعة أخطاء أدبية في عشرين دقيقة	مدة حضور إسماعيل بمعطيات المشهد نفسه نحو عشرين دقيقة (٤٥ − ١٥ − ١٠)	1
المجلد-الثامن/الباب-الثامن/ف01-ج-حواران-ممتدان.md	180	بترك فكرةِ الدكتوراه	بتركِ فكرةِ الدكتوراه	إتمام ضبط آخر الكلمة في نسخة الأداء المضبوطة	1
المجلد-الثامن/الباب-الثامن/ف01-د-التطبيق-الختامي-والتقويم.md	163	ما الفرق بين «الصمت من حياء» و«الصمت من عجز»؟	ما الفرق بين «الصمت أدبًا» و«الصمت من حياء»؟	سؤال الاختبار عن مفهوم لم يُدرَّس («الصمت من عجز»)، ولا يستقيم معه «لماذا لا يُطلب الأول دائمًا»؛ رُدّ إلى ما في الدرس	1
المجلد-الثامن/الباب-الثامن/ف01-د-التطبيق-الختامي-والتقويم.md	199	في ثلاثة مواقف من بنك المواقف.	في ثلاثة مواقف.	بنك المواقف ليس فيه ثلاثة مواقف تصحيح؛ فالمعيار غير قابل للتحقق منه	1
المجلد-الثامن/الباب-الثامن/ف01-د-التطبيق-الختامي-والتقويم.md	206	وجلسة ثالثة للحوارين الممتدين إن اتسع الوقت.	وجلسة ثالثة للتوسع في الحوارين الممتدين إن اتسع الوقت.	الحواران مجدولان في الجلسة الثانية بالجدول نفسه؛ فالثالثة للتوسع فيهما لا لأصلهما	1
المجلد-الثامن/الباب-الثامن/ف02-أ-إظهار-العلم-ومخاطبة-الكبير.md	104	لم يقترح بديلاً باسمه	لم يقترح بديلًا باسمه	توحيد رسم تنوين الفتح على عرف الكتاب (ـًا)	1
المجلد-الثامن/الباب-الثامن/ف02-أ-إظهار-العلم-ومخاطبة-الكبير.md	106	واقترح بديلاً محددًا	واقترح بديلًا محددًا	توحيد رسم تنوين الفتح على عرف الكتاب (ـًا)	1
المجلد-الثامن/الباب-الثامن/ف02-أ-إظهار-العلم-ومخاطبة-الكبير.md	164	ولا تنازلاً عن الرأي	ولا تنازلًا عن الرأي	توحيد رسم تنوين الفتح على عرف الكتاب (ـًا)	1
المجلد-الثامن/الباب-الثامن/ف02-ب-التصحيح-والمطالب-وحوار-ممتد.md	89	استأذن في الوقت أولاً	استأذن في الوقت أولًا	توحيد رسم تنوين الفتح على عرف الكتاب (ـًا)	1
المجلد-الثامن/الباب-الثامن/ف02-ب-التصحيح-والمطالب-وحوار-ممتد.md	164	فاستهلكت وقت المجلس كله تقريبًا في مقدمة نظرية	فاستهلكت أكثر الوقت المخصص لها في مقدمة نظرية	الاستطراد ثلاث دقائق من ساعة (خمس دقائق لكل معلمة) بنصّ المشهد، لا وقت المجلس كله	1
المجلد-الثامن/الباب-الثامن/ف02-ب-التصحيح-والمطالب-وحوار-ممتد.md	205	«مقام استشارة لا محاضرة»، كما في الموقف الأول	الإفادة لا إظهار العلم، كما في الموقف الأول	عبارةٌ بين علامتي تنصيص منسوبة إلى الموقف الأول وليست فيه؛ رُدّت إلى معناه بلا تنصيص	1
المجلد-الثامن/الباب-الثامن/ف02-ب-التصحيح-والمطالب-وحوار-ممتد.md	196	لتُعرَض حين يتسعُ؟	لتُعرَضَ حينَ يتسعُ؟	إتمام ضبط الأواخر في نسخة الأداء: المضارع المنصوب بلام التعليل، والظرف	1
المجلد-الثامن/الباب-التاسع/ف05-ب-الأسئلة-والتطبيق-الختامي.md	184	(س٨-٩)	(س٨–٩)	توحيد شرطة المدى (–) على عرف الكتاب	1
المجلد-الثامن/الباب-التاسع/ف05-ب-الأسئلة-والتطبيق-الختامي.md	184	(س١٢-١٤)	(س١٢–١٤)	توحيد شرطة المدى (–) على عرف الكتاب	1
../bible/05-الأسلوب-والمصطلحات-والبنية-والجودة.md	79	| **مستوى البرنامج** | مرحلة من المستويات ٠–١٢. | — |	| **مستوى البرنامج** | مرحلة من المستويات ١–١٣، ورقم كل مستوى رقم بابه. | — |	جدول مصطلحات الدليل متأخرٌ عن البنية المثبّتة (الباب ١١٢د): المستويات ١–١٣ ورقمها رقم الباب	1
_production/التحقيق/سجل-المصطلحات.tsv	23	مرحلة من المستويات صفر إلى اثني عشر في منهج الكتاب.	مرحلةٌ من المستويات الثلاثة عشر في منهج الكتاب، من الأول إلى الثالث عشر، ورقم كل مستوى رقم بابه.	تعريف السجل من البنية القديمة؛ يُطابَق على المسرد الذي يُولَّد منه (pdf/terms.py)	1
_المرافقة/سكريبتات-الحلقات/ملحق-د-نصوص-الحلقات.md	97	الكلام الصحيح لغةً قد يكون كلامًا فاشلًا مقامًا؛	الكلام الصحيح لغةً قد يكون كلامًا غير ناجحٍ مقامًا؛	«فاشلًا» بديلٌ ممنوع لمفهوم «غير الناجح» (الوثيقة الحاكمة، القاعدة ٤؛ سجل المصطلحات)	1
المجلد-الأول/الافتتاحية/05-البيان-عند-علماء-العربية.md	90	وهذا مما يعالجه الكتاب في باب العبارة، وفي فصول الترجمة الحرفية.	وهذا مما يعالجه الكتاب في باب العبارة (المجلد الثالث)، وفي فصول الترجمة الحرفية.	إحالةٌ إلى بابٍ في مجلدٍ آخر بلا ذكر المجلد	1
المجلد-الأول/الافتتاحية/18-كيف-تقرأ-المجلدات-وعهد-المؤلف.md	74	وطريقهما في باب البيان وباب المقام؛	وطريقهما في باب البيان (المجلد الرابع) وباب المقام (المجلد الخامس)؛	إحالةٌ إلى بابين في مجلدين آخرين بلا ذكر المجلد، في الفصل الذي يَعِد بذكره	1
المجلد-الأول/الباب-الأول/ف01-ب-الدرس-الثاني.md	314	ثم يُبنى عليها الارتجال في الباب الأخير.	ثم يُبنى عليها الارتجال في الباب الأخير (الثالث عشر، المجلد العاشر).	إحالة إلى باب في مجلد آخر بلا ذكر المجلد: الباب الأخير هو الثالث عشر في المجلد العاشر	1
المجلد-الأول/الباب-الأول/ف02-ب-الدرس-الثاني.md	124	| الباب الثاني، والباب التاسع (المنبر، المجلد الثامن) |	| الباب الثاني (اللسان، المجلد الثاني)، والباب التاسع (المنبر، المجلد الثامن) |	إحالة إلى الباب الثاني بلا ذكر مجلده	1
المجلد-الأول/الباب-الأول/ف03-ب-التطبيق-والتقويم.md	99	(هل يتغير مستوى الرسمية؟ وماذا يبقى كما هو؟)	(هل تتغير درجة الرسمية؟ وماذا يبقى كما هو؟)	«مستوى الرسمية» بدل المصطلح المعتمد «درجة الرسمية»؛ و«المستوى» مخصوص بمستويات البرنامج	1
المجلد-الأول/الباب-الأول/ف04-ب-الدرس-الثاني.md	269	(كيف يتغير مستوى الرسمية أكثر؟)	(كيف تتغير درجة الرسمية أكثر؟)	«مستوى الرسمية» بدل المصطلح المعتمد «درجة الرسمية»	1
المجلد-الأول/الباب-الأول/ف04-ج-التطبيق-والتقويم.md	244	بحيث ينتقل تسجيلك من الودي إلى الرسمي الشديد دون توقف بين الدرجات	بحيث ينتقل تسجيلك من الودي إلى الرسمي دون توقف بين الدرجات	ثلاث درجات متتالية من الودي (٢) تنتهي إلى الرسمي (٤) لا إلى الخامسة؛ و«الرسمي الشديد» ليس اسم درجة	1
المجلد-التاسع/الباب-العاشر/00-فاتحة-الباب-العاشر.md	47	هذان التسجيلان خط الأساس للمستوى التاسع.	هذان التسجيلان خط الأساس للمستوى العاشر.	رقم المستوى يخالف رقم الباب: الباب العاشر هو المستوى العاشر	1
المجلد-الثالث/الباب-الثالث/ف01-أ-الاسمية-والفعلية.md	286	«كأنّهم يقدّمون الذي بيانُه أهمُّ لهم»	«كأنّهم [إنّما] يقدّمون الذي بيانُه أهمُّ لهم»	إعادة لفظ «إنّما» الساقط من النقل المتحقَّق (م٣-٠٢٣) كما ورد في «من التراث»	1
المجلد-الثالث/الباب-الثالث/ف05-أ-الأفعال-وحروف-الجر.md	61	نسمّي هذه الظاهرة **التدخل اللغوي**، ويقابلها في الإنجليزية Interference أو Language Transfer:	نسمّي هذه الظاهرة **التدخل اللغوي** (Interference):	Language Transfer مقابل «النقل اللغوي» في الفصل السادس؛ فيُقتصر هنا على Interference بين قوسين على قاعدة الدليل	1
المجلد-الثالث/الباب-الثالث/ف05-ب-الضمير-والتعبيرات-والأزمنة.md	38	تعبيراتها الجاهزة (idioms)	تعبيراتها الجاهزة (Idioms)	المقابل الأجنبي يبدأ بحرف كبير على عُرف الكتاب («(Register)»)	1
المجلد-الثالث/الباب-الثالث/ف08-ب-الدقة-والإيحاء-والسجل.md	162	وهذا هو الأدب الذي مرّ بك في الفصل الأول.	وهذا هو الأدب الذي مرّ بك في المجلد الأول، الباب الأول، الفصل الأول.	إحالة إلى مجلد آخر بلا ذكره؛ معيار الأدب في المجلد الأول، الباب الأول، الفصل الأول	1
المجلد-الثالث/الباب-الثالث/ف08-ج-التطبيق-والتقويم.md	53	وما علاقة هذا بالأدب الذي درسته في الفصل الأول؟	وما علاقة هذا بالأدب الذي درسته في المجلد الأول، الباب الأول، الفصل الأول؟	إحالة إلى مجلد آخر بلا ذكره؛ معيار الأدب في المجلد الأول، الباب الأول، الفصل الأول	1
المجلد-الثالث/الباب-الثالث/ف09-ب-متى-تطيل.md	362	في النموذج السداسي (الفصل الأول)	في النموذج السداسي (المجلد الأول، الباب الأول، الفصل الأول)	إحالة إلى مجلد آخر بلا ذكره؛ النموذج السداسي في المجلد الأول، الباب الأول، الفصل الأول	1
المجلد-الثامن/الباب-التاسع/00-فاتحة-الباب-التاسع.md	52	هذا التسجيل خط الأساس للمستوى الثامن.	هذا التسجيل خط الأساس للمستوى التاسع.	الباب التاسع هو المستوى التاسع لا الثامن	1
المجلد-الثامن/الباب-التاسع/ف01-ب-العبارة-والصوت-والنموذج.md	278	ويقابلها في بنك الأخطاء (المجلد الحادي عشر) الصنفان «خ-٢٠» (أخطاء الخطابة) و«خ-٢» (الأخطاء الأدائية):	ويقابلها في بنك الأخطاء (المجلد الحادي عشر) قسم «أخطاء الخطابة» في الفصل السابع، وبطاقات «خ-٢» (الأخطاء النطقية الأدائية) في الفصلين الأول والثاني:	لا تحمل بطاقة في البنك الرمز خ-٢٠؛ أُحيل إلى القسم والفصل حيث يجدها القارئ	1
المجلد-الثامن/الباب-التاسع/ف04-ب-الدرس-الثاني.md	207	لها أدوات تفصيلية في الفصل الخامس: الجسر، والانعطاف، والإرجاء.	لها أدوات تفصيلية في الدرس الثاني من الفصل الخامس.	لا أدوات بهذه الأسماء في الفصل الخامس؛ الإحالة إلى الدرس الذي يعالج هذه الأسئلة	1
المجلد-الثاني/الباب-الثاني/ف01-ب-التطبيق-والتقويم.md	117	ثم حدّد الحروف الحرجة في كلامك ومناطقها	ثم حدّد الأصوات الحرجة في كلامك ومناطقها	توحيد المصطلح: «الأصوات الحرجة» كما في السجل والمسرد وسائر الباب	1
المجلد-الثاني/الباب-الثاني/ف03-ج-التطبيق-والتقويم.md	364	(يُضاف إلى زمن الدرس الأول في ف٣-أ)	(يُضاف إلى زمن الدرس الأول)	حذف رمز الملف ف٣-أ من المتن المطبوع	1
المجلد-الثاني/الباب-الثاني/ف04-ب-التطبيق-والتقويم.md	358	(يُضاف إلى زمن ف٤-أ)	(يُضاف إلى زمن الدرس)	حذف رمز الملف ف٤-أ من المتن المطبوع	1
المجلد-الثاني/الباب-الثاني/ف05-ج-التطبيق-والتقويم.md	358	(تضاف إلى زمن ف٥-أ وف٥-ب)	(تضاف إلى زمن الدرسين)	حذف رمزي الملفين ف٥-أ وف٥-ب من المتن المطبوع	1
المجلد-الثاني/الباب-الثاني/ف06-ب-التطبيق-والتقويم.md	346	يُعدّ المتدرب متقنًا لهذا الفصل، ولباب اللسان كله (الفصول ١-٦)، إذا حقق ما يأتي:	يُعدّ المتدرب متقنًا لهذا الفصل، ولما مضى من باب اللسان (الفصول ١-٦)، إذا حقق ما يأتي:	باب اللسان اثنا عشر فصلًا، فالفصول ١-٦ بعضه لا كله	1
المجلد-الثاني/الباب-الثاني/ف06-ب-التطبيق-والتقويم.md	350	مستوفيًا مخرج إتقان الباب الثاني كاملًا:	اقترابًا من مخرج إتقان الباب الثاني كاملًا:	مخرج الباب كاملًا لا يتحقق إلا في الفصل الثاني عشر؛ على صيغة الفصل الخامس	1
المجلد-الثاني/الباب-الثاني/ف06-ب-التطبيق-والتقويم.md	356	(يُضاف إلى زمن ف٦-أ)	(يُضاف إلى زمن المدخل والدرس)	رمز ملف في المتن؛ يُسمّى بما في الفصل: المدخل والدرس	1
المجلد-الثاني/الباب-الثاني/ف06-ب-التطبيق-والتقويم.md	340	بإتقان الأصوات الصعبة وحدها	بإتقان الأصوات الحرجة وحدها	المصطلح المعتمد «الأصوات الحرجة» لا «الصعبة» (الدليل، الباب ١٦)	1
المجلد-الثاني/الباب-الثاني/ف10-ب-التطبيق-والتقويم.md	76	(هل يتغير مستوى الرسمية؟)	(هل تتغير درجة الرسمية؟)	«درجة الرسمية» هو المصطلح؛ و«المستوى» خاص بمستويات البرنامج	1
المجلد-الثاني/الباب-الثاني/ف11-أ-المدخل-والدرسان.md	18	بحسب مقتضى المقام لا بسرعة واحدة ثابتة	بحسب مقتضى الحال لا بسرعة واحدة ثابتة	توحيد المصطلح: «مقتضى الحال» كما في السجل والدليل	1
المجلد-الثاني/الملاحق/ملحق-الباب-الثاني-برنامج-النطق-٢.md	1	*(تتمة ملحق الباب الثاني: برنامج النطق اليومي في ثلاثين يومًا. الأيام ١٦–٣٠. راجع القسم الأول لمقدمة الاستعمال ورموز الأداء، وللأيام ١–١٥.)*	*(الأيام ١٦–٣٠ من برنامج النطق اليومي. ومقدمة الاستعمال ورموز الأداء والأيام ١–١٥ في أول هذا الملحق.)*	«القسم الأول» إحالة إلى ملف لا إلى موضع مطبوع؛ يُحال إلى أول الملحق	1
المجلد-الثاني/الملاحق/ملحق-الباب-الثاني-برنامج-النطق.md	15	**رموز الأداء المستعملة (كما مرّ في مقدمة الكتاب):**	**رموز الأداء المستعملة:**	مقدمة الكتاب (المجلد الأول) لا رموز أداء فيها، والجدول يعرّف رموزه بنفسه	1
المجلد-الثاني/الملاحق/ملحق-الباب-الثاني-برنامج-النطق.md	480	في الأيام ١٦–٣٠ (الملف الثاني من هذا الملحق) تنتقل	في الأيام ١٦–٣٠ تنتقل	«الملف الثاني» لغة إنتاج؛ الملحق يُطبع متصلًا	1
المجلد-الحادي-عشر/الخواتيم/المسرد.md	17	موضع الكلام على السلّم الخماسي: من الودي الحميم (١) إلى الرسمي البروتوكولي (٥).	موضع الكلام على السلّم الخماسي: من الأسري (١) إلى شديد الرسمية (٥).	طرفا السلّم في المسرد يخالفان السلّم المعتمد (١ أسري، ٥ شديد الرسمية)	1
المجلد-الحادي-عشر/الخواتيم/المسرد.md	8	الإطار الإلزامي فوق كل نموذج مهم: المتكلم، والمخاطَب، والمكان والمناسبة، والغرض، ودرجة الرسمية، والزمن المتاح.	الإطار الإلزامي فوق كل نموذج مهم: المتكلم، والمخاطَب، والعلاقة بينهما، والمكان والمناسبة، والغرض، والأثر المطلوب، ودرجة الرسمية، والزمن المتاح.	تعريف بطاقة المقام يُسقط بندين من بنودها الثمانية (العلاقة، والأثر المطلوب)	1
المجلد-الحادي-عشر/المرجع-الأول-بنك-الأخطاء/00-فاتحة-بنك-الأخطاء.md	28	كل بطاقة في هذا المرجع تحمل رمزًا مثل [م٤-ب١٣-ف١-مث٥] للإحالة إليها، ثم ثمانية بنود بالترتيب نفسه دائمًا:	تحمل بطاقات الفصل الثالث فما بعده رمزًا مثل [م٤-ب١٣-ف٣-مث١] للإحالة إليها، وفي كل بطاقة من هذا المرجع ثمانية بنود بالترتيب نفسه دائمًا:	الرمز المثال لا بطاقة له، وبطاقات الفصلين الأول والثاني بلا رموز	1
المجلد-الحادي-عشر/المرجع-الأول-بنك-الأخطاء/00-فاتحة-بنك-الأخطاء.md	30	تصنيف الخطأ في دليل الأخطاء الموحد (خ-١ صوتي، خ-٣ نحوي…)	صنف الخطأ برمزه (خ-١ صوتي، خ-٣ نحوي…)	إحالة إلى وثيقة إنتاج (دليل الأخطاء) لا تُطبع	1
المجلد-الحادي-عشر/المرجع-الأول-بنك-الأخطاء/00-فاتحة-بنك-الأخطاء.md	52	### فصول الباب	### فصول المرجع	بنك الأخطاء مرجع خارج ترقيم الأبواب لا باب	1
المجلد-الحادي-عشر/المرجع-الأول-بنك-الأخطاء/ف03-أخطاء-النطق-الأصوات-الحرجة.md	257	تحفظ فيها كل الحروف الحرجة وضوحها كاملًا	تحفظ فيها كل الأصوات الحرجة وضوحها كاملًا	توحيد المصطلح: «الأصوات الحرجة» كما في السجل وعنوان الفصل	1
المجلد-الحادي-عشر/المرجع-الأول-بنك-الأخطاء/ف07-المقابلات-والخطابة-والإعلام-والعلماء.md	26	في أبواب أخرى من الكتاب (المؤسسة، والمنبر والمنصة، والإعلام، والمجالس)؛	في أبواب من الكتاب: المؤسسة (الباب العاشر، المجلد التاسع)، والمنبر والمنصة (الباب التاسع، المجلد الثامن)، والإعلام والتقديم (الباب الحادي عشر، المجلد العاشر)، والمجالس (الباب الثامن، المجلد الثامن)؛	«أبواب أخرى» تجعل المرجع بابًا، والأبواب المسمّاة في مجلدات أخرى بلا ذكر مجلداتها	1
المجلد-الحادي-عشر/الملاحق/ملحق-ج-أخطاء-قد-تظهر-عند-بعض-المتعلمين.md	92	(انظر باب التدريب الصوتي)	(انظر المجلد الثاني، الباب الثاني، الفصل الحادي عشر)	إحالة إلى باب لا وجود له؛ الموضع: المجلد الثاني، الباب الثاني، الفصل الحادي عشر (الصوت الإنساني)	1
المجلد-الحادي-عشر/الملاحق/ملحق-ج-أخطاء-قد-تظهر-عند-بعض-المتعلمين.md	78	## ٥. أخطاء تداولية ومقامية (البراغماتية)	## ٥. أخطاء تداولية ومقامية	مصطلح أجنبي بحروف عربية بعد مقابله العربي؛ الدليل (٠٥): لا يُكتب بحروف عربية	1
المجلد-الحادي-عشر/الملاحق/ملحق-د-النماذج-الكاملة.md	149	الذي تراه أيضًا في حلقة الباب العاشر (المجلد التاسع).	الذي تراه أيضًا في حلقة الباب العاشر من «سكريبتات الحلقات» (الكتاب المرافق).	الحلقة في الكتاب المرافق «سكريبتات الحلقات» لا في المجلد التاسع؛ تسميته كما في ملحق د-٢	1
المجلد-الخامس/الباب-الخامس/ف02-أ-المدخل-والدرس-الأول.md	23	ويُترك تفصيله للبابين الحادي عشر والثاني عشر.	ويُترك تفصيله للبابين الحادي عشر والثاني عشر (المجلد العاشر).	إحالة إلى بابين في مجلد آخر بلا ذكر المجلد	1
المجلد-الخامس/الباب-الخامس/ف06-مخاطبة-الأقران-والأدنى.md	321	«الوجه» (face)	«الوجه» (Face)	توحيد المقابل الأجنبي على عُرف الكتاب (الحرف الكبير) كما في المجلد العاشر	1
المجلد-الخامس/الباب-الخامس/ف09-ج-التوليف-والتدريبات.md	119	وطرفاه الأسري الصرف والرسمي الشديد أقل تكرارًا	وطرفاه الأسري الصرف وشديد الرسمية أقل تكرارًا	اسم الدرجة الخامسة في السلّم «شديد الرسمية» لا «الرسمي الشديد»	1
المجلد-الرابع/الباب-الرابع/ف01-ج-التطبيق-والتقويم.md	323	أساس المخرج المقرر للمستوى الثالث:	أساس المخرج المقرر للمستوى الرابع:	رقم المستوى رقم الباب: الكلمة ذات الدقائق الثلاث مخرج المستوى الرابع	1
المجلد-الرابع/الباب-الرابع/ف02-ج-التطبيق-والتقويم.md	335	يخدم المخرج المقرر للمستوى الثالث:	يخدم المخرج المقرر للمستوى الرابع:	رقم المستوى رقم الباب: المخرج مخرج المستوى الرابع	1
المجلد-الرابع/الباب-الرابع/ف03-أ-فن-الافتتاح.md	121	انظر الباب الرابع الفصل الثاني	انظر الباب الرابع، الفصل الثاني	صيغة الإحالة: فاصلة بين الباب والفصل (الدليل، الباب ١١١ §٢)	1
المجلد-الرابع/الباب-الرابع/ف10-أ-الاقتباس-والتضمين.md	5	فصل محوري في ثلاثة دروس: القرآن والحديث، ثم الشعر والأمثال والحكم، ثم تطبيق ختامي	فصل محوري في أربعة دروس: القرآن، ثم الحديث، ثم الشعر، ثم الأمثال والحكم، ثم تطبيق ختامي	رأس الفصل يعدّ ثلاثة دروس، والفصل فيه أربعة معنونة (الأول إلى الرابع)	1
المجلد-السابع/الباب-السابع/ف05-ج-الإقناع-التطبيق-والتقويم.md	194	(مثال ف٥-مث٥٢)	(المثال [م٣-ب٧-ف٥-مث٥٢])	إحالة إلى مثال برمز مختلق لا يحوّله نظام المعرّفات؛ رُدّت إلى معرّف المثال الممتد في الدرس الثاني	1
المجلد-السادس/الباب-السادس/ف01-السلام-والبشاشة-والاستماع.md	210	(نطق الحروف الحرجة في السلام)	(نطق الأصوات الحرجة في السلام)	المصطلح المعتمد في السجل والدليل «الأصوات الحرجة» لا «الحروف الحرجة»	1
المجلد-السادس/الباب-السادس/ف08-ج-التطبيق-والتقويم.md	19	**② نسخة وسط**	**② نسخة مقبولة**	«وسط» صيغة من «المتوسط» الممنوع بدل «المقبول» في دليل المصطلحات، والتحليل بعدها يسمّيها مقبولة	1
المجلد-السادس/الباب-السادس/ف09-أ-المدخل-والدرس-الأول.md	75	في سيناريو واحد متصل داخل مجلس العلم	في موقف واحد متصل داخل مجلس العلم	«السيناريو» لا يُستعمل بدل «الموقف» إلا في بنك المواقف (دليل المصطلحات)	1
المجلد-العاشر/الباب-الثالث-عشر/ف01-أ-المدخل-وسلم-الارتجال.md	5	والملف الثاني لثلاث درجات أخرى وللحوار الممتد، والملف الثالث لبنك المواقف	والثاني لثلاث درجات أخرى وللحوار الممتد، والثالث لبنك المواقف	لغة إنتاج في رأس الفصل المطبوع («الملف الثاني/الثالث») بدل أقسام الفصل	1
المجلد-العاشر/الباب-الثالث-عشر/ف03-أ-الملف-الصوتي-ومشروع-التخرج.md	6	وهو خاتمة الكتاب. الفصل في ملفين: هذا للملف الصوتي المرئي ولمشروع التخرج بمحطاته ومعاييره، والثاني ليوم الأداء الختامي وحواره الممتد والتطبيقات والتقويم وكلمة ختامية إلى القارئ.	وهو آخر أبواب الكتاب. الفصل في ثلاثة أقسام: هذا للملف الصوتي المرئي ولمشروع التخرج بمحطاته ومعاييره، والثاني ليوم الأداء الختامي وحواره الممتد، والثالث لخطة الاستمرار بعد الكتاب والتطبيقات والتقويم وكلمة ختامية إلى القارئ.	«في ملفين» لغة إنتاج وعدد خاطئ (الفصل في ثلاثة أقسام)، و«خاتمة الكتاب» اسم وحدة مستقلة في المجلد العاشر	1
المجلد-العاشر/الباب-الثالث-عشر/ف03-ج-التطبيق-والتقويم-والخاتمة.md	243	وللباب الثالث عشر كله، وللمستوى الثاني عشر تبعًا له،	وللباب الثالث عشر كله، وللمستوى الثالث عشر تبعًا له،	رقم المستوى رقم الباب: الباب الثالث عشر هو المستوى الثالث عشر (الملكة)	1
المجلد-العاشر/الباب-الحادي-عشر/ف02-أ-المدخل-والدرس-الأول.md	24	والتقديم الناجح لا يكاد يُلحظ، أما الفاشل فيفسد فعالية أُعدّت شهورًا.	والتقديم الناجح لا يكاد يُلحظ، أما غير الناجح فيفسد فعالية أُعدّت شهورًا.	لفظ «الفاشل» ممنوع في المتن (الوثيقة الحاكمة، القاعدة ٤؛ سجل المصطلحات)، والمعتمد «غير الناجح» وصفًا للأداء	1
المجلد-العاشر/الخاتمة/00-خاتمة-الكتاب.md	35	فأذكّرك بما مرّ في المقدمة:	فأذكّرك بما مرّ في المقدمة (المجلد الأول، الفصل الثامن):	إحالة إلى مقدمة المجلد الأول من المجلد العاشر بلا ذكر المجلد؛ وحديث المتتعتع في الفصل الثامن منها	1
المجلد-العاشر/الخاتمة/00-خاتمة-الكتاب.md	43	وقد مرّ في المقدمة أن العبد	وقد مرّ في المقدمة (المجلد الأول، الفصل الثالث) أن العبد	إحالة إلى مقدمة المجلد الأول من المجلد العاشر بلا ذكر المجلد؛ وحديث «إن العبد ليتكلم بالكلمة» في الفصل الثالث منها	1
المجلد-الأول/الافتتاحية/02-الإنسان-والبيان.md	53	وقد عرف العرب قبل الإسلام أنّ اللسان	وقد عرف العرب قديمًا أنّ اللسان	الحكم بأنّ ذلك «قبل الإسلام» قائمٌ على بيتين نسبتهما إلى زهير ثابتة في بعض روايات المعلّقة دون بعض، ونُسبا إلى شعراء إسلاميين (م١-٠٣١، ن-٠٢)؛ فأُطلق الزمن بقدر الدليل	1
المجلد-الأول/الافتتاحية/03-القول-في-القرآن.md	15	ومنه سدّ السهم إذا أصاب.	ومنه سَدَّ السهمُ يَسِدُّ إذا استقام.	المعاجم على أنّ «سَدَّ السهمُ يَسِدُّ» إذا استقام لا إذا أصاب (اللسان، مادة سدد؛ المحيط للصاحب؛ المجموع المغيث)، والإصابة للتسديد؛ ويُطابق على المطبوع قبل التوثيق	1
المجلد-الأول/الافتتاحية/07-العربية-والوحي.md	78	وأجاب عن ذلك بأن «لغة الصلاة والشعائر» تبقى كما هي.	وأجاب عن ذلك بأن لغة الصلاة والشعائر تبقى كما هي.	العبارة ممّا بين الجملتين المنقولتين في الحاشية ٧، وقد نصّت الحاشية على أنه حكايةُ معنى لم يوضع بين علامتي تنصيص؛ فأُزيلت العلامتان	1
المجلد-الأول/الافتتاحية/04-الكلام-في-السنة.md	7	وإنما نقف عند أحاديث صحيحةٍ تصف كلامه ﷺ	وإنما نقف عند أحاديث ثابتةٍ تصف كلامه ﷺ	في الأحاديث المذكورة ما حكمه «إسناده حسن» (أبو داود ٤٨٣٩، م١-٠٣٤)، فلا تُوصف جملتها بالصحّة الاصطلاحية	1
المجلد-الأول/الافتتاحية/05-البيان-عند-علماء-العربية.md	193	طبعة دار عطاءات العلم، ص٣٦٦	تحقيق محمد أجمل الإصلاحي، دار عطاءات العلم، ص٣٦٦	ذكر محقّق الطبعة وفاءً بما شُرط في التمهيد، على ما في السجل م١-٠٥٨ من المطبوع	1
المجلد-الأول/الافتتاحية/06-منزلة-العربية.md	98	وقد مرّ أن سيبويه كان فارسيّ الأصل	وسيأتي أن سيبويه كان فارسيّ الأصل	الإحالة إلى الفصل الثامن (§١٣) إحالةٌ إلى ما يأتي، ولم يُذكر أصل سيبويه والزمخشري في فصلٍ سابق	1
المجلد-الأول/الافتتاحية/06-منزلة-العربية.md	110	ط. محمد علي بيضون، باب القول على أن لغة العرب	علّق عليه أحمد حسن بسج، منشورات محمد علي بيضون، باب القول في أن لغة العرب	ترجمة الباب في المطبوع (ص١٩) «في أن» كما في المتن، و«على أن» لفظ الفهرس؛ وذُكر المعلّق على ما في السجل م١-٠٨٨	1
المجلد-الأول/الافتتاحية/09-ما-رأيته.md	308	حين قال: «السمع أبو الملكات اللسانية».	حين قال: «والسمعُ أبو الملكات اللسانية»، وقد مرّ في الفصل الرابع.	إثبات الواو كما في الأصل والسجل (م١-٠٦١)، والإحالة إلى موضع توثيق النصّ في الفصل الرابع	1
المجلد-الأول/الافتتاحية/09-ما-رأيته.md	477	في سيبويه: الذهبي، سير أعلام النبلاء، ٨/٣٥١	في سيبويه: الذهبي، سير أعلام النبلاء، أشرف على تحقيقه شعيب الأرنؤوط، مؤسسة الرسالة، ط٢، ٨/٣٥١	ذكر المحقّق والطبعة المطابَقة (الثانية) كما في السجل م١-٠٦٧ وثبت المصادر، إذ هي غير الطبعة المسمّاة أولًا	1
المجلد-الأول/الافتتاحية/02-الإنسان-والبيان.md	21	فلا تبقى بينهم وبين الحقّ حجابٌ من لسان	فلا يبقى بينهم وبين الحقّ حجابٌ من لسان	الفاعل «حجابٌ» مذكّر مفرد، فيُذكّر فعله	1
المجلد-الأول/الافتتاحية/01-تمهيد.md	37	معنى أُدّيه بعبارتي	معنى أؤدّيه بعبارتي	مضارع «أدّى» للمتكلّم «أؤدّي» بإثبات همزة الأصل على الواو	1
المجلد-الأول/الافتتاحية/09-ما-رأيته.md	133	والثاني يحتاج إلى أن يستحضر.	والثاني يحتاج إلى أن يستدعي.	«الاستحضار» في الفصل السابع علامة المعرفة لا الملكة، ولفظ الفصل نفسه للمرتبة الثانية «الاستدعاء»	1
المجلد-الأول/الافتتاحية/11-اعتراضات-وأجوبة.md	100	أن العلم بالشيء غير القدرة على استحضاره	أن العلم بالشيء غير القدرة على إجرائه على اللسان	رفع التناقض بين شطري الوجه: الاستحضار علامة المعرفة، والجريان على اللسان علامة الملكة (الفصل السابع)	1
المجلد-الأول/الافتتاحية/05-البيان-عند-علماء-العربية.md	105	خلوص الكلام من الغرابة والتعقيد والثقل	خلوص الكلام من الغرابة والتعقيد والتنافر	توحيد المصطلح مع المتن قبله (الغرابة والتعقيد والتنافر)، و«الثقل» وصفٌ لأثر التنافر لا اسمٌ له	1
المجلد-الأول/الافتتاحية/02-الإنسان-والبيان.md	48	لا يُستحيى من طلب الفصاحة	لا يُستحيا من طلب الفصاحة	الألف المتطرّفة المسبوقة بياءٍ تُرسم قائمة، وعليه رسم الكتاب «يُستحيا» في سائر مواضعه	1
المجلد-الأول/الافتتاحية/02-الإنسان-والبيان.md	75	ولا يُستحيى من السعي إليها	ولا يُستحيا من السعي إليها	الألف المتطرّفة المسبوقة بياءٍ تُرسم قائمة، وعليه رسم الكتاب «يُستحيا» في سائر مواضعه	1
المجلد-الأول/الافتتاحية/12-تصورات-تحتاج-إلى-تصحيح.md	67	ينتقل بين هذه المستويات في المحاضرة الواحدة	ينتقل بين مستويات العربية في المحاضرة الواحدة	ما رُوي في الفصل الثامن انتقالٌ بين الفصحى المرنة والعامية، لا بين مستويات الفصحى الثلاثة المذكورة قبله	1
المجلد-الرابع/الباب-الرابع/ف10-ب-الشعر-والأمثال.md	37	**الحديث** قول ثابت عن النبي ﷺ بسند صحيح.	**الحديث** ما أُضيف إلى النبي ﷺ من قول أو فعل أو تقرير، ومنه الثابت وغير الثابت؛ ولا يُجزم بنسبته إليه إلا إذا ثبت سنده.	تصحيح تعريف الحديث: هو ما أُضيف إلى النبي ﷺ، ثابتًا كان أو غير ثابت، لا الصحيح وحده؛ موافقةً لاستعمال الفصل نفسه (الحسن والضعيف والموضوع).	1
المجلد-الرابع/الباب-الرابع/ف10-ج-الحوار-الممتد.md	68	«والإنصاتُ عند كثيرٍ من العلماءِ لا يقلُّ قيمةً عن الكلامِ نفسِه»	«والإنصاتُ لا يقلُّ قيمةً عن الكلامِ نفسِه»	حذف نسبةٍ مبهمة إلى «كثير من العلماء» بلا مصدر من جملةٍ يقدّمها الحوار نفسه على أنها من عند الباحث.	1
المجلد-الرابع/الباب-الرابع/ف10-أ-الاقتباس-والتضمين.md	52	وتحرّي أصل النسبة قبل إشاعتها، حتى قيل إن من علامة الأمانة في النقل أن يتوقف الناقل عند الشك،	وتحرّي أصل النسبة قبل إشاعتها؛ ومقتضى هذه العناية أن يتوقف الناقل عند الشك،	تحويل «حتى قيل…» بلا مصدر إلى استنباطٍ من المؤلف (الباب ٨٣ §٣)، إذ لا أصل موثّق لهذا القول.	1
المجلد-الرابع/الباب-الرابع/ف09-ب-التطبيق-والتقويم.md	81	لاحظتَ كيف انتهت كل جملة بالياء والكاف مع ضمير الجمع؟	لاحظتَ كيف انتهت كل جملة بالكاف والميم، ضميرِ الجمع؟	تصحيح وصف الفواصل: تنتهي الجمل كلها بـ«ـكم» (الكاف والميم)، ولا ياء فيها.	1
المجلد-الرابع/الباب-الرابع/ف09-ب-التطبيق-والتقويم.md	112	لاحظتُ أنَّ كلَّ جملةٍ فيها انتهَتْ بالياءِ والكافِ.	لاحظتُ أنَّ كلَّ جملةٍ فيها انتهَتْ بالكافِ والميمِ.	تصحيح وصف الفواصل في النسخة المحسّنة: الكاف والميم لا الياء والكاف.	1
المجلد-الرابع/الباب-الرابع/ف09-ب-التطبيق-والتقويم.md	111	وأصلحوا بين إخوانِكم، وأكثِروا	وأصلحوا بين إخوتِكم، وأكثِروا	توحيد نصّ مسودة أنس المقروءة: «إخوتكم» كما في موضعيها الآخرين.	1
المجلد-الرابع/الباب-الرابع/ف09-أ-من-علم-البديع.md	52	آخر علوم الثلاثة	آخر العلوم الثلاثة	«العلوم الثلاثة» بالوصف لا «علوم الثلاثة» بالإضافة.	1
المجلد-الرابع/الباب-الرابع/ف09-أ-من-علم-البديع.md	71	لم يطغَه غنى	لم يُطغِه غنى	ضبط الفعل المتعدي: «لم يُطغِه» من أطغى، لا «يطغَه» من طغى اللازم.	1
المجلد-الرابع/الباب-الرابع/ف09-ب-التطبيق-والتقويم.md	8	(محاولة جناس خفيفة	(محاولة سجع خفيفة	تصحيح التسمية: «مُحكم/مُلائم» فاصلتان متفقتان في الحرف الأخير فهو سجع لا جناس.	1
المجلد-الرابع/الباب-الرابع/ف09-ب-التطبيق-والتقويم.md	78	أسمعتني رأيك؟	أتُسمعني رأيك؟	صيغة الطلب بالمضارع: «أتُسمعني رأيك؟» لا الماضي.	1
المجلد-الرابع/الباب-الرابع/ف09-ب-التطبيق-والتقويم.md	87	فإن جاء السجع عفوًا فحيّاه	فإن جاء السجع عفوًا فحيِّه	جواب الشرط أمرٌ: «فحيِّه» لا الماضي «فحيّاه»، موازاةً لـ«فلا تتكلفه».	1
المجلد-الرابع/الباب-الرابع/ف09-ب-التطبيق-والتقويم.md	116	فإن جاء السجعُ عفوًا فحيَّاه	فإن جاء السجعُ عفوًا فحَيِّهِ	جواب الشرط أمرٌ مضبوط: «فحَيِّهِ».	1
المجلد-الرابع/الباب-الرابع/ف09-ب-التطبيق-والتقويم.md	136	لا لقاءً مباشرًا.	لا في لقاء مباشر.	إصلاح الإعراب بعد «لا» العاطفة على مجرور: «لا في لقاء مباشر».	1
المجلد-الرابع/الباب-الرابع/ف09-ب-التطبيق-والتقويم.md	165	«فاتقوا الله، وأصلحوا ذات بينكم، وحافظوا على أوقاتكم»	«فاتقوا الله، وحافظوا على أوقاتكم، وأصلحوا ذات بينكم»	إعادة الخلل المقصود إلى تمرين التصحيح: كانت الجمل مرتّبة ترتيبًا صحيحًا فلا شيء يُصحَّح.	1
المجلد-الرابع/الباب-الرابع/ف09-ب-التطبيق-والتقويم.md	217	«جَدُّكَ اليومَ أَضحَكَك	«جِدُّكَ اليومَ أَضحَكَك	ضبط «جِدُّك» بالكسر (الاجتهاد)، لا «جَدُّك» (الحظّ)، وفق مقصود المثال.	1
المجلد-الرابع/الباب-الرابع/ف09-ب-التطبيق-والتقويم.md	254	ووضوح الضاد في «البديعَ»	ووضوح الضاد في «ضاعَ»	لا ضاد في «البديع»؛ أُحيل الهدف الصوتي إلى «ضاعَ» من نص التدريب نفسه.	1
المجلد-الرابع/الباب-الرابع/ف09-ب-التطبيق-والتقويم.md	345	يتحرّجون من ترك السجع كليًّا بعد هذا الدرس	يتحرّجون من السجع كليًّا بعد هذا الدرس	إزالة التناقض: المقصود أنهم يتحرّجون من السجع نفسه فيبالغون في تركه.	1
المجلد-الرابع/الباب-الرابع/ف09-ب-التطبيق-والتقويم.md	84	[يفكر] في الحقيقة... رتّبتها	[يفكر] في الحقيقة… رتّبتها	علامة الحذف «…» بدل النقاط الثلاث وفق الدليل ٠٥.	1
المجلد-الرابع/الباب-الرابع/ف10-أ-الاقتباس-والتضمين.md	24	لم يكن خطؤه لغويًا فحسب، بل أمانة علمية	لم يكن خطؤه لغويًّا فحسب، بل إخلالًا بالأمانة العلمية	إصلاح الخبر: الخطأ «إخلالٌ بالأمانة العلمية» لا «أمانة»، مع ضبط «لغويًّا».	1
المجلد-الرابع/الباب-الرابع/ف10-أ-الاقتباس-والتضمين.md	76	✔ يذكر الآية كاملة:	✔ يذكر الآية بتتمتها:	المذكور بعضُ آية النساء ٤٣ لا الآية كاملة؛ فعُدّل الوصف إلى «بتتمتها» دون مساس بنص الآية.	1
المجلد-الرابع/الباب-الرابع/ف10-أ-الاقتباس-والتضمين.md	88	إلى موضع يخدم فيها المعنى	إلى موضع تخدم فيه المعنى	إصلاح المطابقة والعائد: «موضع تخدم فيه» (الفاعل الآية، والعائد على الموضع).	1
المجلد-الرابع/الباب-الرابع/ف10-أ-الاقتباس-والتضمين.md	152	وسترى في الدرس القادم	وسترى في الدرسين القادمين	الشعر والأمثال درسان (الثالث والرابع) لا درس واحد.	1
المجلد-الرابع/الباب-الرابع/ف10-أ-الاقتباس-والتضمين.md	121	«قال ﷺ: «إنما الأعمال بالنيات» (متفق عليه)[^2].»	«قال ﷺ: "إنما الأعمال بالنيات" (متفق عليه)[^2].»	التنصيص الداخلي بـ"" وفق الدليل ٠٥؛ لفظ الحديث المتحقّق (م٤-٠١٥) لم يُمسّ، ويُحدَّث رسم علامتي التنصيص في السجل.	1
المجلد-الرابع/الباب-الرابع/ف10-أ-الاقتباس-والتضمين.md	124	ما رواه البخاري: «إن من البيان لسحرًا»[^3].»	ما رواه البخاري: "إن من البيان لسحرًا"[^3].»	التنصيص الداخلي بـ"" وفق الدليل ٠٥؛ لفظ الحديث المتحقّق (م٤-٠١٦) لم يُمسّ.	1
المجلد-الرابع/الباب-الرابع/ف10-ب-الشعر-والأمثال.md	113	وقد ثبت عنه ﷺ فيما رواه البخاري: «وما أُعطي أحدٌ عطاءً خيرًا وأوسع من الصبر» (متفق عليه)	وقد ثبت عن النبي ﷺ: "وما أُعطي أحدٌ عطاءً خيرًا وأوسع من الصبر" (متفق عليه)	إزالة التعارض بين «فيما رواه البخاري» و«متفق عليه» (جدول الصيغ في الفصل)، وتعيين المرجع «عن النبي ﷺ»؛ لفظ الحديث لم يُمسّ.	1
المجلد-الرابع/الباب-الرابع/ف10-ب-الشعر-والأمثال.md	119	لا استشهاد فتُنتفى المخاطرة	لا استشهاد فتنتفي المخاطرة	«تنتفي» بالبناء للفاعل؛ انتفى لازمٌ لا يُبنى للمجهول.	1
المجلد-الرابع/الباب-الرابع/ف10-ب-الشعر-والأمثال.md	129	وزاد الرابع حديثًا صحيحًا آخر يخدم	وزاد الرابع حديثًا صحيحًا يخدم	حذف «آخر»: لم يستشهد الثالث بحديث، بل بآية واحدة.	1
المجلد-الرابع/الباب-الرابع/ف10-ج-الحوار-الممتد.md	69	معنى قويٌّ بلا مخاطرةٍ	معنًى قويٌّ بلا مخاطرةٍ	تنوين الاسم المقصور النكرة في سطرٍ مشكول: «معنًى».	1
المجلد-الرابع/الباب-الرابع/ف10-ج-الحوار-الممتد.md	86	كلاهما كاد يستشهد بما لم يتحقق منه بثقة تامة، وكلاهما تدارك الأمر حين سأل نفسه سؤالًا بسيطًا	كلاهما استشهد أو كاد يستشهد بما لم يتحقق منه بثقة تامة، وكلاهما تدارك الأمر حين واجه سؤالًا بسيطًا	إزالة التناقض: يوسف استشهد فعلًا، ولم يسأل نفسه بل سُئل، كما تقرّر الجملة التالية.	1
المجلد-الرابع/الباب-الرابع/ف10-د-التطبيق-والتقويم.md	102	أو خاتمة الشيخ سليمان من هذا الفصل	أو استشهاد الشيخ سليمان بالحديث القدسي في هذا الفصل	لا خاتمة للشيخ سليمان في الفصل؛ أُحيل التمرين إلى استشهاده بالحديث القدسي الموجود فعلًا.	1
المجلد-الرابع/الباب-الرابع/ف10-د-التطبيق-والتقويم.md	119	والضاد في «أعطي»	والطاء في «أعطي»	لا ضاد في «أعطي»؛ الحرف المفخّم فيها الطاء.	1
المجلد-الرابع/الباب-الرابع/ف10-د-التطبيق-والتقويم.md	127	وبعضها خاطئ نسبة معروفة	وبعضها معروف الخطأ في نسبته	إصلاح تركيبٍ مضطرب: «معروف الخطأ في نسبته» موازاةً لـ«صحيح النسبة».	1
المجلد-الرابع/الباب-الرابع/ف10-د-التطبيق-والتقويم.md	209	| الثانية | درس الشعر والأمثال بأمثلته، والمقارنتان |	| الثانية | درس الشعر والأمثال بأمثلته، ومتى يضرّ الاستشهاد، والمقارنتان |	إدراج قسم «متى يضرّ الاستشهاد» في خطة الجلسة الثانية، وكان ساقطًا من الجلسات كلها.	1
المجلد-الثامن/الباب-الثامن/ف05-ب-عيادة-المريض-والزيارة.md	44	اللهمَّ ربَّ الناسِ، أذهبِ البأسَ، اشفِ أنتَ الشافي، لا شفاءَ إلا شفاؤك، شفاءً لا يغادِر سقمًا.	أذهبِ الباسَ ربَّ الناسِ، اشفِ وأنتَ الشافي، لا شفاءَ إلا شفاؤك، شفاءً لا يغادِر سقمًا.	ردّ دعاء عيادة المريض إلى لفظ البخاري (٥٦٧٥) المطابَق على المطبوع بدل لفظٍ ملفَّق من الروايات؛ ويبقى للمحرّر إثبات تخريجه في حاشية وسطرٌ في سجل النقول	1
المجلد-الثامن/الباب-الثامن/ف05-أ-المدخل-والتهنئة-والتعزية.md	100	بارك الله لك في الموهوب، وشكرت الواهب، وبلغ أشده، ورُزقت بره.	بارك الله لك في الموهوب لك، وشكرت الواهب، وبلغ أشده، ورُزقت بره.	ردّ صيغة التهنئة بالمولود إلى لفظها المطابَق في الأذكار (في الموهوب لك)	1
المجلد-الثامن/الباب-الثامن/ف04-أ-المدخل-ومجلس-القسم.md	213	وفي تهذيب الأسماء واللغات، إدارة الطباعة المنيرية، القاهرة، ١/٥٣؛	وشطرَه الآخر في تهذيب الأسماء واللغات، إدارة الطباعة المنيرية، القاهرة، ١/٥٣، بلفظ: «وددت إذا ناظرت أحدًا أن يظهر الله الحق على يديه»؛	الحاشية أوهمت أن اللفظ المنقول في تهذيب الأسماء، وليس فيه إلا شطره الآخر بلفظٍ مختلف	1
المجلد-الثامن/الباب-الثامن/ف04-ج-التطبيق-والتقويم.md	255	مخرج المستوى الثامن في «المستويات والمخرجات» (يؤدي	مخرج المستوى الثامن (يؤدي	لا أسماء ملفات التخطيط في النص المطبوع	1
المجلد-الثامن/الباب-الثامن/ف05-ج-التطبيق-والتقويم.md	159	اللهم رب الناس، أذهب البأس، اشفِ أنت الشافي.	أذهب الباس رب الناس، اشفِ وأنت الشافي.	ردّ جملة الدعاء في تدريب النبرة إلى لفظ البخاري (٥٦٧٥) المطابَق على المطبوع	1
المجلد-الثامن/الباب-الثامن/ف05-ج-التطبيق-والتقويم.md	122	(ب) «بارك الله لك في الموهوب، وشكرت الواهب.»	(ب) «بارك الله لك في الموهوب لك، وشكرت الواهب.»	ردّ الصيغة المأثورة إلى لفظها المطابَق (في الموهوب لك)	1
المجلد-الثامن/الباب-الثامن/ف05-ج-التطبيق-والتقويم.md	187	وَكُلُّ شَيْءٍ عِنْدَهُ بِأَجَلٍ	وَكُلٌّ عِنْدَهُ بِأَجَلٍ	ردّ نص التدريب الصوتي إلى لفظ البخاري (١٢٨٤) «وكلٌّ عنده» بدل الجمع بين لفظي الصحيحين	1
المجلد-الثامن/الباب-الثامن/ف05-أ-المدخل-والتهنئة-والتعزية.md	53	(رواه أبو داود والترمذي، وقال الترمذي: حديث حسن صحيح)[^1]	(وقال الترمذي: حديث حسن صحيح)[^1]	حذف تكرار التخريج في الجملة نفسها، والتخريج التام في الحاشية	1
المجلد-الثامن/الباب-الثامن/ف05-ب-عيادة-المريض-والزيارة.md	16	وتشميتُ العاطسِ» (متفق عليه)[^1]	وتشميتُ العاطسِ»[^1]	حذف «متفق عليه» المكرر بعد «الحديث المتفق عليه»	1
المجلد-الثامن/الباب-الثامن/ف02-ج-التطبيق-الختامي-والتقويم.md	106	اُعرِضْهُ	اِعرِضْهُ	همزة الوصل في أمر «عرَض يعرِض» مكسورة	1
المجلد-الثامن/الباب-الثامن/ف03-أ-المدخل-وحوار-اللقاء-الأول.md	139	يا أستاذةَ حفصةَ	يا أستاذةُ حفصةُ	المنادى نكرة مقصودة مبني على الضم، وفتحُه يجعله مضافًا إلى «حفصة»	1
المجلد-الثامن/الباب-الثامن/ف04-ب-مناقشة-الرسائل.md	9	يبدأ بالإشكالية وأهم النتيجة	يبدأ بالإشكالية وأهم نتيجة	اسم التفضيل المضاف إلى معرفة مفردة يدل على بعضها؛ والمراد أهم نتيجة	1
المجلد-الثامن/الباب-الثامن/ف04-ب-مناقشة-الرسائل.md	12	4. يفتتح الممتحن نقده بثناء صادق موجز	4. يفتتح نقده، حين يكون ممتحنًا، بثناء صادق موجز	إعادة الهدف إلى إطار «يكون المتدرب قادرًا على أن» بلا فاعلٍ آخر	1
المجلد-الثامن/الباب-الثامن/ف04-ب-مناقشة-الرسائل.md	13	5. يشكر الباحث لجنته ومشرفه	5. يشكر لجنته ومشرفه	إعادة الهدف إلى إطار «يكون المتدرب قادرًا على أن» بلا فاعلٍ آخر	1
المجلد-الثامن/الباب-الثامن/ف04-ج-التطبيق-والتقويم.md	70	تجاوزَ الألفَ نصٍّ	تجاوزَ ألفَ نصٍّ	العدد المعرّف بأل لا يضاف إلى تمييز نكرة	1
المجلد-الثامن/الباب-الثامن/ف04-ج-التطبيق-والتقويم.md	76	مشرفي الدكتورَ صالح على صبرِه	مشرفي الدكتورَ صالحًا على صبرِه	البدل من المنصوب منصوبٌ منوّن في سطرٍ مضبوطٍ للأداء	1
المجلد-الثامن/الباب-الثامن/ف05-ج-التطبيق-والتقويم.md	255	في ثلاث محاكاة متتابعة	في ثلاث محاكيات متتابعة	تمييز العدد من ثلاثة إلى عشرة جمعٌ مجرور	1
المجلد-الثامن/الباب-الثامن/ف05-ب-عيادة-المريض-والزيارة.md	112	أعد صياغة كل موقف بما يحقق قاعدة «ثلاث دقائق تكفي»:	اكتب لكل موقف كلامًا موجزًا من ثلاثة أجزاء:	القاعدة المحال إليها لم تُذكر في الكتاب، والبنود مواقف لا عبارات تُعاد صياغتها	1
المجلد-الثامن/الباب-الثامن/ف02-ج-التطبيق-الختامي-والتقويم.md	156	بأثر بن عباس	بأثر ابن عباس	تُثبت ألف «ابن» إذا لم يقع بين علمين	1
المجلد-الثامن/الباب-الثامن/ف02-ج-التطبيق-الختامي-والتقويم.md	183	في أول الفصل عن من خسر احترام مجلس	في أول الفصل عمّن خسر احترام مجلس	«عن» مع «مَن» تُكتب «عمّن»	1
المجلد-الثامن/الباب-الثامن/ف02-ج-التطبيق-الختامي-والتقويم.md	22	إلى مجلس علميات نساء مؤسَّس منذ سنوات	إلى مجلس علمي نسائي مؤسَّس منذ سنوات	«علميات» جمع الصفة «علمية» لا بمعنى العالمات	1
المجلد-الثامن/الباب-الثامن/ف02-ج-التطبيق-الختامي-والتقويم.md	111	ثم كأنك تنصح بها زميلًا بعد اجتماع أخطأ فيه	ثم كأنك تنصح به زميلًا بعد اجتماع أخطأ فيه	الضمير يعود على «النص» المذكّر	1
المجلد-الثامن/الباب-الثامن/ف03-أ-المدخل-وحوار-اللقاء-الأول.md	109	أول ما يسمعه منه زملاء الأمس الذين لا يعرفهم بعد	أول ما يسمعه منه زملاؤه الجدد الذين لا يعرفهم بعد	«زملاء الأمس» الزملاء السابقون، والمشهد في أول يومٍ مع زملاء جدد	1
المجلد-الثامن/الباب-الثامن/ف03-ج-التطبيق-الختامي-والتقويم.md	63	(حين يُسأل عن أول انطباعه بعد أسبوع)	(حين يُسأل عن انطباعه الأول بعد أسبوع)	«أول انطباعه» بمعنى بدايته؛ والمراد انطباعه الأول	1
المجلد-الثامن/الباب-الثامن/ف03-ج-التطبيق-الختامي-والتقويم.md	106	ثم تنصح بها صديقًا مقبلًا على سفر، ثم كأنك تراجعها في نفسك	ثم تنصح به صديقًا مقبلًا على سفر، ثم كأنك تراجعه في نفسك	الضمير يعود على «النص» المذكّر	1
المجلد-الثامن/الباب-الثامن/ف03-ج-التطبيق-الختامي-والتقويم.md	138	أترك لحظة قبل أن أتقدم بفرصة	أترك لحظة قبل أن أتقدم لفرصة	«تقدّم بـ» تقديمُ شيء؛ والمراد التقدّم للفرصة	1
المجلد-الثامن/الباب-الثامن/ف04-أ-المدخل-ومجلس-القسم.md	37	الدكتور إبراهيم: معيد حديث التعيين في قسم اللغة العربية	الدكتور إبراهيم: عضو هيئة تدريس حديث التعيين في قسم اللغة العربية	المعيد لا يُلقَّب بالدكتور، وسُمّي في الفصل نفسه «عضو هيئة التدريس الجديد»	1
المجلد-الثامن/الباب-الثامن/ف04-ب-مناقشة-الرسائل.md	104	ولا يجيب عن "لماذا هنا بالذات")*	ولا يجيب عن «لماذا هنا بالذات»)*	التنصيص بـ«» خارج النقل المتداخل (الدليل ٠٥)	1
المجلد-الثامن/الباب-الثامن/ف04-ب-مناقشة-الرسائل.md	131	بعشر دقائق تستطرد في موضوعات جانبية	بعشر دقائق يستطرد فيها إلى موضوعات جانبية	الفعل المؤنث أُسند إلى الدقائق، والمستطرد هو المتكلم	1
المجلد-الثامن/الباب-الثامن/ف04-ب-مناقشة-الرسائل.md	164	أعد صياغة كل عبارة بما يحقق الثقة المهذبة لا المكابرة ولا الانهيار:	اكتب لكل موقف جوابًا يحقق الثقة المهذبة لا المكابرة ولا الانهيار:	البنود مواقف لا عبارات تُعاد صياغتها	1
المجلد-الثامن/الباب-الثامن/ف04-ب-مناقشة-الرسائل.md	167	باحثة تُسأل رأيًا مخالفًا لرأيها	باحثة تُسأل عن رأي مخالف لرأيها	«سُئل رأيًا» طُلب منه رأي؛ والمراد سُئل عن رأي	1
المجلد-الثامن/الباب-الثامن/ف04-ج-التطبيق-والتقويم.md	86	| س١١–س١٢ (قبل: س١٣–س١٤) |	| س١١–س١٤ (قبل) |	تصحيح إحالة الأسطر في جدول «ماذا تغيّر؟» إلى أسطر الحوار الأول	1
المجلد-الثامن/الباب-الثامن/ف04-ج-التطبيق-والتقويم.md	107	الشكر رغم دون التوقع، بلا امتعاض ظاهر	الشكر مع أن النتيجة دون المتوقع، بلا امتعاض ظاهر	«رغم» لا يليها ظرف؛ تقويم التركيب	1
المجلد-الثامن/الباب-الثامن/ف04-ج-التطبيق-والتقويم.md	107	بعد نتيجة "قبول مع تعديلات جوهرية"	بعد نتيجة «قبول مع تعديلات جوهرية»	التنصيص بـ«» خارج النقل المتداخل (الدليل ٠٥)	1
المجلد-الثامن/الباب-الثامن/ف04-ج-التطبيق-والتقويم.md	146	وسّع توسيعًا طبيعيًا	وسّع توسيعًا طبيعيًّا	توحيد رسم «طبيعيًّا» بالشدة كما في عنوان التدريب نفسه في الفصول الأخرى	1
المجلد-الثامن/الباب-الثامن/ف05-أ-المدخل-والتهنئة-والتعزية.md	72	هل يسمع صاحبه المناسبة أم يسمع نفسه فقط	هل يسمع صاحبَ المناسبة أم يسمع نفسه فقط	ضميرٌ زائد أفسد التركيب؛ المراد «صاحبَ المناسبة»	1
المجلد-الثامن/الباب-الثامن/ف05-أ-المدخل-والتهنئة-والتعزية.md	154	والدعاء للميت (الرحمة والمغفرة)	والدعاء للميت (المغفرة)	النموذج الثالث ليس فيه دعاءٌ بالرحمة، فوُصف بما فيه	1
المجلد-الثامن/الباب-الثامن/ف05-أ-المدخل-والتهنئة-والتعزية.md	188	أعد صياغة كل عبارة صياغة موجزة مأثورة، مع حذف كل سؤال أو مقارنة لا تخص المقام:	اكتب لكل موقف عبارة موجزة مأثورة، خالية من كل سؤال أو مقارنة لا تخص المقام:	البنود مواقف لا عبارات تُعاد صياغتها	1
المجلد-الثامن/الباب-الثامن/ف05-ب-عيادة-المريض-والزيارة.md	20	ما أطول زيارة مرضية جلستها في حياتك؟	ما أطول زيارة لمريض جلستها في حياتك؟	«زيارة مرضية» لا تعني عيادة المريض	1
المجلد-الثامن/الباب-الثامن/ف05-ب-عيادة-المريض-والزيارة.md	44	هل تحتاج شيئًا أقدر أساعدك فيه؟	هل تحتاج شيئًا أقدر أن أساعدك فيه؟	«أقدر أساعدك» تركيبٌ عامّي في نموذجٍ فصيح؛ «قدر» يتعدى بـ«أن» والمضارع	1
المجلد-الثامن/الباب-الثامن/ف05-ب-عيادة-المريض-والزيارة.md	54	هل تحتاج شيئًا نقدر نساعدك فيه؟	هل تحتاج شيئًا نقدر أن نساعدك فيه؟	«نقدر نساعدك» تركيبٌ عامّي في نموذجٍ فصيح	1
المجلد-الثامن/الباب-الثامن/ف05-ب-عيادة-المريض-والزيارة.md	46	لأنه سأل عن تفاصيل طبية بإلحاح لا يخصه	لأنه سأل بإلحاح عن تفاصيل طبية لا تخصه	الصفة تعود على التفاصيل لا على الإلحاح	1
المجلد-الثامن/الباب-الثامن/ف05-ب-عيادة-المريض-والزيارة.md	70	أن زيارته سُرَّت لا أُثقلت بها	أن زيارته سَرَّت لا أثقلت	المبني للمجهول أفسد المعنى؛ الزيارة هي التي تَسُرّ ولا تُثقل	1
المجلد-الثامن/الباب-الثامن/ف05-ب-عيادة-المريض-والزيارة.md	120	ثم يخبر «المريض» الحقيقي شعوره بعد كل زيارة.	ثم يخبر «المريض» بشعوره الحقيقي بعد كل زيارة.	«الحقيقي» صفةٌ للشعور لا للمريض، و«أخبر» يتعدى بالباء إلى المخبَر به	1
المجلد-الثامن/الباب-الثامن/ف05-ج-التطبيق-والتقويم.md	37	[بصوت خافت جدًا]	[بصوت خافت جدًّا]	توحيد رسم «جدًّا» بالشدة كما في سائر المجلد	1
المجلد-الثامن/الباب-الثامن/ف05-ج-التطبيق-والتقويم.md	143	وسّع توسيعًا طبيعيًا	وسّع توسيعًا طبيعيًّا	توحيد رسم «طبيعيًّا» بالشدة كما في عنوان التدريب نفسه في الفصول الأخرى	1
المجلد-الثامن/الباب-الثامن/ف05-ج-التطبيق-والتقويم.md	216	ألحظ علامات إرهاق مضيفي أو ضيفي المريض	ألحظ علامات إرهاق مضيفي أو المريض	«ضيفي المريض» لا يستقيم في زيارةٍ يكون فيها المريض هو المضيف	1
المجلد-الثامن/الباب-الثامن/ف05-ج-التطبيق-والتقويم.md	253	(يؤدي محاكاة دخول مجلس والمشاركة فيه	(يؤدي محاكاة دخول مجلس علم والمشاركة فيه	ذكر مخرج المستوى الثامن بلفظه المعتمد (مجلس علم)	1
المجلد-العاشر/الخاتمة/00-خاتمة-الكتاب.md	43	أن العبد ليتكلّم بالكلمة لا يلقي لها بالًا، فيرفعه الله بها درجات، أو يهوي بها بعيدًا.	من قول النبي ﷺ أن العبد ليتكلّم بالكلمة لا يلقي لها بالًا، فيرفعه الله بها درجات، أو يهوي بها في جهنّم.	رُدّ المعنى المحكيّ إلى لفظ الحديث المتحقّق (خ ٦٤٧٨: «يهوي بها في جهنّم») بدل «بعيدًا» الذي لا تحمله رواية، ونُسب القول إلى النبي ﷺ ليتميّز النصّ النبوي	1
المجلد-العاشر/الباب-الحادي-عشر/ف04-ج-التطبيق-والتقويم.md	193	في مجموعة من أربعة، اكتب كل عضو جملة واحدة	في مجموعة من أربعة، يكتب كل عضو جملة واحدة	تصحيح نحوي: لا يُسند فعل الأمر المخاطَب إلى فاعلٍ غائب؛ «يكتب كل عضو» على نظير النشاط في الفصل الثالث	1
المجلد-الحادي-عشر/المرجع-الأول-بنك-الأخطاء/ف01-أ-اللحن-في-القرآن.md	49	«اهدنا الصراط المستقيم ولا تجعلنا من الضالين.»	«اللهم جنّبنا طريق الضالين.»	فصل لفظ الآية عن دعاءٍ مؤلَّف في جملة تدريب واحدة	1
المجلد-الحادي-عشر/المرجع-الأول-بنك-الأخطاء/ف02-الخطأ-في-السلام-والبسملة-والحمدلة.md	49	«وَإِذَا حُيِّيتُم بِتَحِيَّةٍ فَحَيُّوا بِأَحْسَنَ مِنْهَا أَوْ رُدُّوهَا» (النساء: ٨٦)	﴿وَإِذَا حُيِّيتُم بِتَحِيَّةٍ فَحَيُّوا بِأَحْسَنَ مِنْهَا أَوْ رُدُّوهَا﴾ (النساء: ٨٦)	وضع الآية بين القوسين القرآنيين لتُطابَق على الرسم العثماني	1
المجلد-الحادي-عشر/المرجع-الأول-بنك-الأخطاء/ف02-الخطأ-في-السلام-والبسملة-والحمدلة.md	116	(بإثبات الألف كتابة ونطقًا)	(بإثبات الألف في الكتابة)	ألف «اسم» همزة وصل لا تُنطق بعد الباء	1
المجلد-الحادي-عشر/المرجع-الأول-بنك-الأخطاء/ف03-أخطاء-النطق-الأصوات-الحرجة.md	235	مقابل «حَضِّي» (بالضاد: أمر من حَضَّ، أي حَثَّ)	مقابل «حَضِّي» (بالضاد: مصدر حَضَّ مضافًا إلى ياء المتكلم، أي حَثِّي)	«حَضِّي» بالفتح مصدرٌ مضاف لا فعل أمر (الأمر: حُضِّي)	1
المجلد-الحادي-عشر/المرجع-الأول-بنك-الأخطاء/ف03-أخطاء-النطق-الأصوات-الحرجة.md	90	خاصة أن الكلمتين تتقابلان في مواضع حديثية ودعائية كثيرة («اللهم لا تُذلَّني» مقابل «اللهم أظِلَّني»).	خاصة في الجملة القصيرة التي لا سياق فيها يوضح المراد.	حذف صيغتين دعائيتين غير موثّقتين نُسبتا إلى «مواضع حديثية»	1
المجلد-الحادي-عشر/المرجع-الأول-بنك-الأخطاء/ف03-أخطاء-النطق-الأصوات-الحرجة.md	14	فيختلف معناهما، مثل «قالَ» و«قامَ»[^1]	فيختلف معناهما[^1]، مثل «قالَ» و«قامَ»	نقل علامة الحاشية إلى المفهوم لأن المثال ليس من المطبوع	1
المجلد-الحادي-عشر/المرجع-الأول-بنك-الأخطاء/ف04-أ-الأخطاء-النحوية-والصرفية-والمعجمية-والتركيبية.md	118	كلما اتصلت ياء المتكلم بفعل مضارع أو بحرف من حروف الجر مفعولًا به، أدخل نون الوقاية قبلها دون استثناء.	كلما اتصلت ياء المتكلم بفعلٍ مفعولًا به، أدخل نون الوقاية قبلها؛ ومن حروف الجر لا تدخل إلا مع «مِن» و«عن» (مِنّي، عنّي)، لا مع غيرهما (بي، لي، فيّ).	تصحيح قاعدة نون الوقاية: مع الفعل مطلقًا، ومن حروف الجر مع من وعن وحدهما	1
المجلد-الحادي-عشر/المرجع-الأول-بنك-الأخطاء/ف01-أ-اللحن-في-القرآن.md	49	«ضَلَّ الطريقُ فاهتدى بعد حين.»	«ضَلَّ الطريقَ فاهتدى بعد حين.»	الطريق مفعول به منصوب	1
المجلد-الحادي-عشر/المرجع-الأول-بنك-الأخطاء/ف01-أ-اللحن-في-القرآن.md	16	ويُنكَره كل من يعرف العربية	ويُنكِره كل من يعرف العربية	الفعل مبني للمعلوم وفاعله «كل»	1
المجلد-الحادي-عشر/المرجع-الأول-بنك-الأخطاء/ف01-أ-اللحن-في-القرآن.md	38	#### ١. إمالة الضاد إلى الدال في «الضَّالِّينَ»	#### ١. تقريب الضاد من الدال في «الضَّالِّينَ»	الإمالة مصطلح في الحركات لا في إبدال الحروف	1
المجلد-الحادي-عشر/المرجع-الأول-بنك-الأخطاء/ف01-أ-اللحن-في-القرآن.md	84	و«إنْ» المخففة حرف شرط جازم	و«إنْ» الساكنة حرف شرط جازم	«إن المخففة» اصطلاحًا المخففة من الثقيلة لا الشرطية	1
المجلد-الحادي-عشر/المرجع-الأول-بنك-الأخطاء/ف01-أ-اللحن-في-القرآن.md	97	يوهم للسامع أن الآية	يوهم السامعَ أن الآية	أوهم يتعدى بنفسه	1
المجلد-الحادي-عشر/المرجع-الأول-بنك-الأخطاء/ف01-أ-اللحن-في-القرآن.md	114	«لا تفصل الشرط عن جوابه.»	«لا تفصل الحال عن صاحبها.»	القيد في الآية حال لا شرط	1
المجلد-الحادي-عشر/المرجع-الأول-بنك-الأخطاء/ف01-ب-اللحن-في-الحديث-والأذكار.md	164	#### ١. صنّف بالدرجة الأربع	#### ١. صنّف بالدرجات الأربع	مطابقة الصفة للموصوف	1
المجلد-الحادي-عشر/المرجع-الأول-بنك-الأخطاء/ف01-ب-اللحن-في-الحديث-والأذكار.md	89	صفة بمعنى «الثقة الأمانة»	صفة بمعنى «الثقة المؤتمَن»	إصلاح عبارة مضطربة	1
المجلد-الحادي-عشر/المرجع-الأول-بنك-الأخطاء/ف01-ب-اللحن-في-الحديث-والأذكار.md	154	فتُبنيان على الفتح بلا تنوين	فيُبنيان على الفتح بلا تنوين	تغليب المذكر ومطابقة «يُنصبان»	1
المجلد-الحادي-عشر/المرجع-الأول-بنك-الأخطاء/ف02-الخطأ-في-السلام-والبسملة-والحمدلة.md	148	فتنكسر التركيب	فينكسر التركيب	مطابقة الفعل لفاعله المذكر	1
المجلد-الحادي-عشر/المرجع-الأول-بنك-الأخطاء/ف02-الخطأ-في-السلام-والبسملة-والحمدلة.md	77	يستشعر أن الترتيب غير المعتاد	يستشعر أن الترتيب غير معتاد	استكمال خبر أنّ	1
المجلد-الحادي-عشر/المرجع-الأول-بنك-الأخطاء/ف02-الخطأ-في-السلام-والبسملة-والحمدلة.md	47	يُحيّى بـ«السلام عليكم ورحمة الله وبركاته» فيردّ بـ«وعليكم» فقط	يُحيَّا بـ«السلام عليكم ورحمة الله وبركاته» فيردّ بـ«وعليكم» فقط	رسم الألف المتطرفة بعد الياء قائمة	1
المجلد-الحادي-عشر/المرجع-الأول-بنك-الأخطاء/ف02-الخطأ-في-السلام-والبسملة-والحمدلة.md	134	ورقّقها المكسورة	ورقّق المكسورة	حذف ضمير مفعول زائد	1
المجلد-الحادي-عشر/المرجع-الأول-بنك-الأخطاء/ف03-أخطاء-النطق-الأصوات-الحرجة.md	162	والهمزة صوت انفجاري من الحنجرة أعلى منه قليلًا	والهمزة صوت انفجاري من الحنجرة أعمق منه	الهمزة أعمق مخرجًا من العين لا أعلى	1
المجلد-الحادي-عشر/المرجع-الأول-بنك-الأخطاء/ف03-أخطاء-النطق-الأصوات-الحرجة.md	210	والخاء أشد احتكاكًا من أقصاه	والخاء أشد احتكاكًا من أدناه	الخاء من أدنى الحلق	1
المجلد-الحادي-عشر/المرجع-الأول-بنك-الأخطاء/ف03-أخطاء-النطق-الأصوات-الحرجة.md	221	بخلاف الخاء الذي فيه استطالة واحتكاك أشد	بخلاف الخاء التي فيها احتكاك أشد	الاستطالة صفة الضاد وحدها، وتأنيث اسم الحرف	1
المجلد-الحادي-عشر/المرجع-الأول-بنك-الأخطاء/ف03-أخطاء-النطق-الأصوات-الحرجة.md	256	فتضعف فيها إطباقات الضاد والقاف والحاء الثلاث معًا	فتضعف فيها أصوات الضاد والقاف والحاء الثلاثة معًا	القاف والحاء ليستا من حروف الإطباق	1
المجلد-الحادي-عشر/المرجع-الأول-بنك-الأخطاء/ف03-أخطاء-النطق-الأصوات-الحرجة.md	262	«ضَعْ القرارَ عند الحاجةِ.»	«ضَعِ القرارَ عند الحاجةِ.»	التخلص من التقاء الساكنين بالكسر	1
المجلد-الحادي-عشر/المرجع-الأول-بنك-الأخطاء/ف03-أخطاء-النطق-الأصوات-الحرجة.md	236	(حرف حلقي مطبق بعد حاء)	(حرف مطبق بعد حاء)	الضاد والظاء ليستا من حروف الحلق	1
المجلد-الحادي-عشر/المرجع-الأول-بنك-الأخطاء/ف03-أخطاء-النطق-الأصوات-الحرجة.md	240	«حَضِّي زملاءَكِ على الحضورِ.»	«حُضِّي زملاءَكِ على الحضورِ.»	أمر المخاطبة من حضّ يحُضّ بالضم	1
المجلد-الحادي-عشر/المرجع-الأول-بنك-الأخطاء/ف03-أخطاء-النطق-الأصوات-الحرجة.md	208	✘ «رائحةُ بَخَرٍ» بحاء بدل خاء، يُراد بها «منظرُ بَحْرٍ جميل»، أو العكس	✘ «منظرُ بَخَرٍ جميل» بخاء بدل حاء، يُراد بها «منظرُ بَحْرٍ جميل»، أو العكس	إصلاح صورة الخطأ واتجاه الإبدال	1
المجلد-الحادي-عشر/المرجع-الأول-بنك-الأخطاء/ف03-أخطاء-النطق-الأصوات-الحرجة.md	123	✘ «آلَ الأمرُ إلى كذا» بهمزة بدل قاف، يُراد بها «قَالَ الأمرُ كذا» أو ما شابهها من صيغ بالقاف	✘ «آلَ فلانٌ كذا» بهمزة بدل قاف، يُراد بها «قَالَ فلانٌ كذا»	جعل صورة الخطأ زوجًا أدنى مطابقًا للتصحيح	1
المجلد-الحادي-عشر/المرجع-الأول-بنك-الأخطاء/ف03-أخطاء-النطق-الأصوات-الحرجة.md	134	✘ «غَمَرٌ شديدٌ» بغين بدل قاف، يُراد بها «قَمَرٌ منير»	✘ «غَمَرٌ منيرٌ» بغين بدل قاف، يُراد بها «قَمَرٌ منيرٌ»	مطابقة صورة الخطأ للعبارة المقصودة	1
المجلد-الحادي-عشر/المرجع-الأول-بنك-الأخطاء/ف03-أخطاء-النطق-الأصوات-الحرجة.md	27	انطق الزوج الدنيا	انطق الزوج الأدنى	مطابقة الصفة للموصوف المذكر	1
المجلد-الحادي-عشر/المرجع-الأول-بنك-الأخطاء/ف03-أخطاء-النطق-الأصوات-الحرجة.md	308	فمعرفة الفرق العلمي يسبق	فمعرفة الفرق العلمي تسبق	مطابقة الفعل لفاعله المؤنث	1
المجلد-الحادي-عشر/المرجع-الأول-بنك-الأخطاء/ف03-أخطاء-النطق-الأصوات-الحرجة.md	297	ودوّن أي صوت منها أضعفها عندك	ودوّن أيّ هذه الأصوات أضعفها عندك	إصلاح تركيب مضطرب	1
المجلد-الحادي-عشر/المرجع-الأول-بنك-الأخطاء/ف03-أخطاء-النطق-الأصوات-الحرجة.md	319	منه- بعد هذا الفصل- عن	منه، بعد هذا الفصل، عن	ترقيم الجملة الاعتراضية	1
المجلد-الحادي-عشر/المرجع-الأول-بنك-الأخطاء/ف03-أخطاء-النطق-الأصوات-الحرجة.md	35	الضاد تُنطق دالاً	الضاد تُنطق دالًا	توحيد رسم تنوين النصب	1
المجلد-الحادي-عشر/المرجع-الأول-بنك-الأخطاء/ف03-أخطاء-النطق-الأصوات-الحرجة.md	29	**●  قاتل**: يُسقط المتكلم سقوطًا بالغًا في مقام مهم أو يغيّر معنى القرآن أو الذكر. **◐  مغيّر للمعنى**: يوقع السامع في فهم غير المراد. **◔  لافت**: لا يُفسد المعنى، لكنه يلفت سمع العربي ويُضعف الانطباع. **○  هنة**	**● قاتل**: يُسقط المتكلم سقوطًا بالغًا في مقام مهم أو يغيّر معنى القرآن أو الذكر. **◐ مغيّر للمعنى**: يوقع السامع في فهم غير المراد. **◔ لافت**: لا يُفسد المعنى، لكنه يلفت سمع العربي ويُضعف الانطباع. **○ هنة**	حذف المسافات المزدوجة	1
المجلد-الحادي-عشر/المرجع-الأول-بنك-الأخطاء/ف04-أ-الأخطاء-النحوية-والصرفية-والمعجمية-والتركيبية.md	55	عكس مطابقة العدد المركّب من ٣ إلى ١٠	عكس مطابقة العدد المفرد من ٣ إلى ١٠	العدد من ٣ إلى ١٠ مفرد لا مركّب	1
المجلد-الحادي-عشر/المرجع-الأول-بنك-الأخطاء/ف04-أ-الأخطاء-النحوية-والصرفية-والمعجمية-والتركيبية.md	63	احفظ القاعدة معكوسة: عدد مؤنث (بلا تاء) مع معدود مذكر لا، بل العكس تمامًا؛ 	احفظ القاعدة معكوسة: 	حذف صياغة مضطربة متناقضة للقاعدة	1
المجلد-الحادي-عشر/المرجع-الأول-بنك-الأخطاء/ف04-أ-الأخطاء-النحوية-والصرفية-والمعجمية-والتركيبية.md	75	تبدأ بإنّ أو إنّ وأخواتها	تبدأ بإنّ أو بإحدى أخواتها	حذف تكرار سهو	1
المجلد-الحادي-عشر/المرجع-الأول-بنك-الأخطاء/ف04-أ-الأخطاء-النحوية-والصرفية-والمعجمية-والتركيبية.md	93	وحذفها- وإن كان يقع سماعًا في مواضع نادرة- ليس	وحذفها، وإن كان يقع سماعًا في مواضع نادرة، ليس	ترقيم الجملة الاعتراضية	1
المجلد-الحادي-عشر/المرجع-الأول-بنك-الأخطاء/00-فاتحة-بنك-الأخطاء.md	13	تُقاس بها كل خطأ	يُقاس بها كلُّ خطأ	مطابقة الفعل لـ«كل خطأ» المذكر	1
المجلد-الحادي-عشر/المرجع-الأول-بنك-الأخطاء/00-فاتحة-بنك-الأخطاء.md	67	(من فاتحة الباب الأول (المجلد الأول) إن وجدته	(من فاتحة الباب الأول في المجلد الأول إن وجدته	تجنّب الأقواس المتداخلة	1
المجلد-الحادي-عشر/الخواتيم/المصادر-والمراجع.md	60	دار القلم، دمشق، ١١ أجزاء.	دار القلم، دمشق، ١١ جزءًا.	تمييز العدد ١١ مفرد منصوب	1
المجلد-الحادي-عشر/الخواتيم/المصادر-والمراجع.md	80	٢٠ جزءا (في ١٠ مجلدات) أجزاء.	٢٠ جزءًا (في ١٠ مجلدات).	حذف لفظ زائد وضبط التمييز	1
المجلد-الحادي-عشر/الخواتيم/المصادر-والمراجع.md	26	٢ جزءان.	جزآن.	توحيد صيغة المثنى وحذف الرقم الزائد	1
المجلد-الحادي-عشر/الخواتيم/المصادر-والمراجع.md	55	دار احياء التراث العربي	دار إحياء التراث العربي	همزة القطع في «إحياء»	1
المجلد-الحادي-عشر/الخواتيم/المصادر-والمراجع.md	68	الأولى ، ١٤٠٧ هـ	الأولى، ١٤٠٧ هـ	حذف مسافة قبل الفاصلة	1
المجلد-الحادي-عشر/المرجع-الأول-بنك-الأخطاء/ف06-الصوت-والسرعة-وترتيب-الأفكار.md	304	ص٥٤٠، ٥٤٣–٥٤٤.	ص٥٤٠، ٥٤٣.	حذف ص٥٤٤ لأنها لم تُرَ على المطبوع؛ السجل م١١-٠٠٤ يثبت ٥٤٠ و٥٤٣ وحدهما	1
المجلد-الحادي-عشر/المرجع-الأول-بنك-الأخطاء/ف05-الأسلوب-والثقافة-والمقام.md	381	انبّه المتدربين مبكرًا	نبّه المتدربين مبكرًا	تصحيح فعل الأمر: «نبّه» لا «انبّه»	1
المجلد-الحادي-عشر/المرجع-الأول-بنك-الأخطاء/ف07-المقابلات-والخطابة-والإعلام-والعلماء.md	59	والإطالة فيه تُستهلك وقت	والإطالة فيه تستهلك وقت	الفعل مبني للمعلوم لأن له فاعلًا ومفعولًا: «تستهلك» لا «تُستهلك»	1
المجلد-الحادي-عشر/المرجع-الأول-بنك-الأخطاء/ف07-المقابلات-والخطابة-والإعلام-والعلماء.md	95	من ثلاثين إلى خمسة وأربعين ثانية	من ثلاثين إلى خمس وأربعين ثانية	مخالفة العدد للمعدود المؤنث: «خمس وأربعين ثانية»	1
المجلد-الحادي-عشر/المرجع-الأول-بنك-الأخطاء/ف07-المقابلات-والخطابة-والإعلام-والعلماء.md	138	يخاطب الورقة لا هم	يخاطب الورقة لا إياهم	المعطوف على المفعول منصوب: «لا إياهم» لا «لا هم»	1
المجلد-الحادي-عشر/المرجع-الأول-بنك-الأخطاء/ف05-الأسلوب-والثقافة-والمقام.md	299	اعتمادًا كاملًا على نص أُعدّ مرة واحدة	اعتمادٌ كاملٌ على نص أُعدّ مرة واحدة	الفاعل مرفوع: «اعتمادٌ كاملٌ» فاعل «يظهر»	1
المجلد-الحادي-عشر/المرجع-الأول-بنك-الأخطاء/ف04-ب-الأخطاء-الصرفية-والمعجمية-والتركيبية.md	144	(بحذف الضمير المنفصل، لأنه مستتر في الفعل أصلًا)	(بحذف الضمير المنفصل، لأن الفاعل ضمير متصل بالفعل أصلًا)	تاء الفاعل ضمير متصل بارز لا مستتر	1
المجلد-الحادي-عشر/المرجع-الأول-بنك-الأخطاء/ف04-ب-الأخطاء-الصرفية-والمعجمية-والتركيبية.md	148	حين يكون فاعله ضميرًا مستترًا واضحًا من السياق	حين يكون فاعله ضميرًا متصلًا أو مستترًا واضحًا من السياق	تعميم القاعدة لتشمل الضمير المتصل الذي في أمثلة البطاقة نفسها	1
المجلد-الحادي-عشر/المرجع-الأول-بنك-الأخطاء/ف04-ب-الأخطاء-الصرفية-والمعجمية-والتركيبية.md	140	البدء الدائم بالفاعل الظاهر (بنية اسمية مستوردة)	البدء الدائم بالضمير المنفصل قبل الفعل (بنية اسمية مستوردة)	مصطلح نحوي: «أنا» ضمير منفصل مبتدأ، لا «فاعل ظاهر»	1
المجلد-الحادي-عشر/المرجع-الأول-بنك-الأخطاء/ف04-ب-الأخطاء-الصرفية-والمعجمية-والتركيبية.md	165	✘ «قرأتُ كتابَ الأستاذِ الجديدَ» (يحتمل:	✘ «قرأتُ كتابَ الأستاذِ الجديد» (بلا حركة ظاهرة في آخره كما في الوقف، يحتمل:	الحركة الإعرابية «الجديدَ» تحسم الموصوف فتنفي اللبس المزعوم؛ حُذفت ليبقى المثال دالًّا على اللبس	1
المجلد-الحادي-عشر/المرجع-الأول-بنك-الأخطاء/ف04-ب-الأخطاء-الصرفية-والمعجمية-والتركيبية.md	219	«قرأتُ مقالَ الكاتبِ الجديدَ.»	«قرأتُ مقالَ الكاتبِ الجديد.»	حذف الفتحة الحاسمة ليبقى التدريب على إزالة اللبس التركيبي	1
المجلد-الحادي-عشر/المرجع-الأول-بنك-الأخطاء/ف04-ب-الأخطاء-الصرفية-والمعجمية-والتركيبية.md	44	استعمال صيغة المبالغة «غافر» موضع «غفور»	استعمال اسم الفاعل «غافر» موضع صيغة المبالغة «غفور»	«غافر» اسم فاعل و«غفور» صيغة مبالغة، كما في تعليل البطاقة نفسها	1
المجلد-الحادي-عشر/المرجع-الأول-بنك-الأخطاء/ف04-ب-الأخطاء-الصرفية-والمعجمية-والتركيبية.md	60	(أنا، أنتَ، نحن)	(أنا، أنتَ، أنتِ)	«نحن» يُسند إليه بنا الفاعلين لا بتاء الفاعل	1
المجلد-الحادي-عشر/المرجع-الأول-بنك-الأخطاء/ف05-الأسلوب-والثقافة-والمقام.md	374	صحح ستًّا من ثماني عبارات في تدريب «التصحيح»	صحح ستًّا من ثماني عبارات معروضة عليه، على نمط تدريب «التصحيح»	تدريب «التصحيح» خمس عبارات لا ثمانٍ؛ ضُبط المعيار ليكون قابلًا للتطبيق	1
المجلد-الحادي-عشر/المرجع-الأول-بنك-الأخطاء/ف07-المقابلات-والخطابة-والإعلام-والعلماء.md	14	أكثر وجودًا منه في غيره من فصول هذا المرجع	أكثر وجودًا منه في أكثر فصول هذا المرجع	فصلا اللحن (ف١-أ، ف١-ب) أكثر بطاقات «قاتل» من ف٧؛ ضُبط الإطلاق	1
المجلد-الحادي-عشر/الملاحق/ملحق-أ-المعجم-التطبيقي-٣.md	86	بآية قرآنية موثوقة الوثاقة عند الخطيب	بآية قرآنية يضبط الخطيب لفظها وموضعها	تركيب دائري «موثوقة الوثاقة» يوهم تفاوت الآيات في الثبوت؛ والمراد ضبط الخطيب لفظ الآية وموضعها كما في العمود المجاور	1
المجلد-الحادي-عشر/الملاحق/ملحق-ب-معجم-الترجمة-الحرفية-٢.md	53	| «قدّمت الشركة تنازلات كبيرة» | الإنجليزية (make concessions) | «قدّمت الشركة تنازلات كبيرة» | هذا التركيب فصيح مقبول؛ الخطأ الشائع بدلًا منه «صنعت تنازلات» |	| «صنعت الشركة تنازلات كبيرة» | الإنجليزية (make concessions) | «قدّمت الشركة تنازلات كبيرة» | «قدّم تنازلات» فصيح مقبول، والخطأ نقل فعل make إلى «صنع» |	عمود التعبير المترجم حرفيًّا حمل الصيغة الصحيحة نفسها المكرّرة في عمود البديل؛ فوُضع فيه الخطأ الذي تسمّيه الملاحظة	1
المجلد-الحادي-عشر/الملاحق/ملحق-أ-المعجم-التطبيقي.md	23	الطلاقة، لا عيبًا فيها	الطلاقة، لا عيبٌ فيها	المعطوف بـ«لا» على الخبر المرفوع «أولُ» يُرفع	1
المجلد-الحادي-عشر/الملاحق/ملحق-أ-المعجم-التطبيقي-٢.md	109	يدل على غفلة لا استيضاحًا دقيقًا	يدل على غفلة لا على استيضاح دقيق	المعطوف بـ«لا» على المجرور بـ«على» يُجرّ لا يُنصب	1
المجلد-الحادي-عشر/الملاحق/ملحق-أ-المعجم-التطبيقي-٤.md	142	يُطلب من المتكلم وعدًا بفعل	يُطلب من المتكلم وعدٌ بفعل	نائب الفاعل مرفوع	1
المجلد-الحادي-عشر/الملاحق/ملحق-أ-المعجم-التطبيقي-٣.md	143	لا تمثل كل منهما جهة	لا يمثّل كلٌّ منهما جهة	مطابقة الفعل لفاعله «كلّ» المضاف إلى ضمير المذكّرَين	1
المجلد-الحادي-عشر/الملاحق/ملحق-ب-معجم-الترجمة-الحرفية-٢.md	100	عن خطأ فعلي فعلًا وقع	عن خطأ وقع فعلًا	حشو مكرّر «فعلي فعلًا» من بقايا التحرير	1
المجلد-الحادي-عشر/الملاحق/ملحق-د-النماذج-الكاملة.md	36	فهو أول ما يُحاسَب عليه العبد بعد عمل قلبه.	فكلماته محسوبة عليه.	حذف ترتيبٍ عقديٍّ في المحاسبة لا مستند له ويعارض المشهور في أن أول ما يحاسب عليه العبد الصلاة	1
المجلد-الحادي-عشر/الملاحق/ملحق-ج-أخطاء-قد-تظهر-عند-بعض-المتعلمين.md	19	قاف حَلقية انفجارية مفخّمة ثابتة	قاف من أقصى اللسان عند اللهاة، شديدة مفخّمة ثابتة	القاف ليست من حروف الحلق؛ مخرجها أقصى اللسان عند اللهاة كما في المجلد الثاني	1
المجلد-الحادي-عشر/الملاحق/ملحق-ج-أخطاء-قد-تظهر-عند-بعض-المتعلمين.md	47	مطابقة جزأي العدد المركب (١١–١٩) للمعدود عكس القاعدة المفردة	في العدد المركب من ١٣ إلى ١٩ يخالف الجزءُ الأول المعدودَ تذكيرًا وتأنيثًا ويطابقه الجزءُ الثاني، وفي ١١ و١٢ يطابقه الجزآن	تصحيح قاعدة العدد المركب: الجزء الأول يخالف المعدود في ١٣–١٩ ويطابقه الثاني، ويتطابق الجزآن في ١١ و١٢	1
المجلد-الحادي-عشر/الملاحق/ملحق-ج-أخطاء-قد-تظهر-عند-بعض-المتعلمين.md	41	«الطالب نجح» بدل «الطالبة نجحَتْ»	«الطالبة نجح» بدل «الطالبة نجحَتْ»	مثال الخطأ كان جملة صحيحة (فاعل مذكر)؛ الخطأ المقصود إسقاط التاء مع الفاعل المؤنث	1
المجلد-الحادي-عشر/الملاحق/ملحق-ج-أخطاء-قد-تظهر-عند-بعض-المتعلمين.md	63	«لكن» حرف عطف لا يعمل	«لكن» المخففة حرف استدراك لا يعمل، ويكون عاطفًا بشروطه	«لكنْ» المخففة حرف استدراك، ولا تكون عاطفة إلا بشروط	1
المجلد-الحادي-عشر/الملاحق/ملحق-ج-أخطاء-قد-تظهر-عند-بعض-المتعلمين.md	73	الإكثار من «إنّ» و«أنّ» الاستئنافية في مطلع كل فقرة	الإكثار من «إنّ» في مطلع كل فقرة	«أنّ» المفتوحة لا يُبتدأ بها الكلام، فلا تكون في مطلع الفقرة	1
المجلد-الحادي-عشر/الملاحق/ملحق-ج-أخطاء-قد-تظهر-عند-بعض-المتعلمين.md	21	حاء حَلْقية احتكاكية مهموسة أشد اجتهادًا من الهاء	حاء من وسط الحلق احتكاكية مهموسة، تغاير الهاء التي من أقصاه	«أشد اجتهادًا» لا معنى له في وصف الصوت؛ والفرق مخرجيّ: الحاء من وسط الحلق والهاء من أقصاه	1
المجلد-الحادي-عشر/الملاحق/ملحق-د-النماذج-الكاملة.md	102	وضعه العلماء في أول كتبهم	وضعه كثير من العلماء في أول كتبهم، كالبخاري في صحيحه،	تقييد تعميمٍ تاريخي: لم يصدّر به كل العلماء كتبهم، والثابت منهم البخاري في صحيحه	1
المجلد-الحادي-عشر/الملاحق/ملحق-د-النماذج-الكاملة-٢.md	189	أوجز إبراهيم هنا ما أطاله هناك	أوجز المتكلم هنا ما أطاله إبراهيم هناك	متكلم النموذج صديق العائلة لا إبراهيم؛ إبراهيم هو المطيل في مشهد العزاء من السكريبتات	1
المجلد-الحادي-عشر/الملاحق/ملحق-ب-معجم-الترجمة-الحرفية.md	156	| «على المدى الطويل ستنجح الخطة» | الإنجليزية (in the long run) |	| «في المدى الطويل ستنجح الخطة» | الإنجليزية (in the long run) |	عمود التعبير المنقول كان يحمل الصيغة الصحيحة نفسها؛ والمنقول بحسب الملاحظة «في المدى الطويل»	1
المجلد-الحادي-عشر/الملاحق/ملحق-د-النماذج-الكاملة.md	73	والتكلم بها الفصيحُ الطبيعي	والتكلم بها الفصيحِ الطبيعي	النعت يتبع منعوته المجرور «التكلمِ»	1
المجلد-الحادي-عشر/الملاحق/ملحق-ج-أخطاء-قد-تظهر-عند-بعض-المتعلمين.md	22	إدغام الثاء والذال في السين والزاي أو التاء والدال	إبدال الثاء والذال سينًا وزايًا أو تاءً ودالًا	المصطلح الصحيح «إبدال» لا «إدغام»؛ فالمقصود نطق حرف مكان حرف	1
المجلد-الحادي-عشر/الملاحق/ملحق-ج-أخطاء-قد-تظهر-عند-بعض-المتعلمين.md	61	إذا استوفى الجواب المعنى	إذا استوفى الخبر المعنى	«ذهب» خبر المبتدأ لا جواب؛ لا شرط في الجملة	1
المجلد-الحادي-عشر/الملاحق/ملحق-د-النماذج-الكاملة-٢.md	185	إن لله ما أخذ، وله ما أعطى، وكل شيء عنده بأجل مسمى (متفق	«إن لله ما أخذ، وله ما أعطى، وكل شيء عنده بأجل مسمى» (متفق	تمييز لفظ الحديث بعلامتي التنصيص عن كلام المتكلم	1
المجلد-الحادي-عشر/الملاحق/ملحق-ب-معجم-الترجمة-الحرفية.md	44	خ-١٦ في دليل الأخطاء؛	خ-١٦ في بنك الأخطاء؛	«دليل الأخطاء» وثيقة إنتاج لا تُطبع؛ المرجع المطبوع «بنك الأخطاء»	1
المجلد-الحادي-عشر/الملاحق/ملحق-ب-معجم-الترجمة-الحرفية.md	61	خ-١٦ في دليل الأخطاء،	خ-١٦ في بنك الأخطاء،	«دليل الأخطاء» وثيقة إنتاج لا تُطبع؛ المرجع المطبوع «بنك الأخطاء»	1
المجلد-الحادي-عشر/الملاحق/ملحق-د-النماذج-الكاملة-٢.md	47	خمس دقائق فقرة.	فقرة من خمس دقائق.	إصلاح تركيب مختل في بطاقة المقام	1
المجلد-الحادي-عشر/الملاحق/ملحق-د-النماذج-الكاملة.md	7	ثمانية نصوص فرد واحد	ثمانية نصوص لمتكلم واحد	إصلاح تركيب غير مستقيم: المقصود نصوص يلقيها متكلم واحد	1
المجلد-التاسع/الباب-العاشر/ف02-ب-المقابلة-الأكاديمية.md	232	وهذه هي «لمسة البيان» التي يشترطها المشروع في ④: زيادة حقيقية لا تكلّف فيها.	وهذه هي «لمسة البيان» التي تميّز المتكلم الرفيع: زيادة حقيقية لا تكلّف فيها.	حذف لغة إنتاج («يشترطها المشروع») من المتن	1
المجلد-التاسع/الباب-العاشر/ف01-أ-بناء-الجواب.md	24	والتكليف الذي كُتب به هذا الكتاب نصّ على أن الغاية هنا تعليم **بناء الجواب لا حفظ جواب واحد**، وعلى هذا يقوم الفصل كله.	ولذلك كانت الغاية في هذا الفصل تعليم **بناء الجواب لا حفظ جواب واحد**، وعلى هذا يقوم الفصل كله.	حذف الإشارة إلى تكليف التأليف من المتن	1
المجلد-التاسع/الباب-العاشر/ف01-أ-بناء-الجواب.md	116	- **«فَلَمَّا كَلَّمَهُ»:**	- **﴿فَلَمَّا كَلَّمَهُۥ﴾:**	جزء آية يوسف ٥٤ يُكتب بالرسم العثماني بين قوسي القرآن	1
المجلد-التاسع/الباب-العاشر/ف02-ب-المقابلة-الأكاديمية.md	80	لا حكمًا نهائيًّا عليه.	لا حكمٌ نهائيٌّ عليه.	المعطوف بـ«لا» على الخبر المرفوع مرفوع	1
المجلد-التاسع/الباب-العاشر/ف02-ب-المقابلة-الأكاديمية.md	183	فتُفهم عدم استعداد لا توكلًا.	فيُفهم منها عدمُ الاستعداد لا التوكل.	تصحيح تركيب المبني للمجهول ونصب بلا ناصب	1
المجلد-التاسع/الباب-العاشر/ف02-ب-المقابلة-الأكاديمية.md	124	فصار الجواب يُذكر لا مجرد يُفهم.	فصار الجواب يُذكر لا يُفهم فحسب.	«مجرد» لا يدخل على الفعل	1
المجلد-التاسع/الباب-العاشر/ف02-ب-المقابلة-الأكاديمية.md	169	ولا حاجة إليها إذ يقابلها «شغف» تمامًا.	ولا حاجة إليها، فالمقام يطلب دليلًا على الاهتمام لا وصفًا له.	رفع التعارض مع الفصل الأول الذي عدّ «شغوف» ترجمة حرفية	1
المجلد-التاسع/الباب-العاشر/ف02-أ-الدرس-التجريبي.md	21	ويحلل أداءه بالمعايير الخمسة وبسلّم المئة درجة	ويحلل أداءه بسلّم المئة درجة	حذف أداة تقويم غير معرّفة في الفصل	1
المجلد-التاسع/الباب-العاشر/ف01-ب-الأسئلة-والمحاكاة.md	834	والتنوين في «سَنَوَاتٍ» و«طَالِبًا»	والتنوين في «لُغَةٍ» و«طَالِبًا»	المثال «سنواتٍ» في موضع وقف فلا يمثّل التنوين عند الوصل	1
المجلد-التاسع/الباب-العاشر/ف04-أ-المدير-وموظفوه.md	6	ثم حوار التفويض والمواقف والتدريبات والتقويم.	ثم المواقف والتدريبات والتقويم.	حذف وعدٍ بحوار تفويض لا وجود له في الفصل؛ مطابقةً لبنية التطبيق الختامي (بنك المواقف ثم التدريبات ثم التقويم).	1
المجلد-التاسع/الباب-العاشر/ف03-ج-إدارة-الاجتماع.md	374	والضاد في «تعرضه» و«حفصة»	والضاد في «تعرضه» و«تفضّلي»	«حفصة» بالصاد لا بالضاد؛ استُبدل بها «تفضّلي» من نص التدريب.	1
المجلد-التاسع/الباب-العاشر/ف03-ج-إدارة-الاجتماع.md	240	ثم افتتح وأدر وختم في الزمن المحدد	ثم افتتح وأدر واختم في الزمن المحدد	تصحيح صيغة الأمر: «اختم» لا «ختم» عطفًا على أفعال الأمر.	1
المجلد-التاسع/الباب-العاشر/ف04-أ-المدير-وموظفوه.md	369	5. «نعتذر عن إلغاء الرحلة الميدانية.» ← اجعلها: «نعتذر عن إلغاء الزيارة الميدانية.» (مدير لأولياء الأمور)	5. «نعتذر عن إلغاء الرحلة الميدانية.» (مدير لأولياء الأمور)	حذف «اجعلها» المخالفة لتعليمة التدريب (إضافة العناصر الناقصة لا تبديل لفظة).	1
المجلد-التاسع/الباب-العاشر/ف04-ب-الموظف-المخطئ.md	20	وما الذي صنع الفرق: الألفاظ، أم المكان، أم أنه استمع إليك؟	وما الذي صنع الفرق: الألفاظ، أم المكان، أم أنه استمع إليك؟ اكتب أول جملة قالها لك في ذلك اللقاء كما تذكرها، وسنعود إليها في آخر الفصل.	إضافة تكليف الكتابة الذي تحيل إليه «عودة إلى السؤال الافتتاحي» في ختام الفصل.	1
المجلد-التاسع/الباب-العاشر/ف04-ب-الموظف-المخطئ.md	159	وصلَ الأهالي جدولُ	وصلَ الأهاليَ جدولُ	إظهار فتحة النصب على ياء المنقوص المفعول به في النص المشكول للأداء.	1
المجلد-التاسع/الباب-العاشر/ف02-ج-التطبيق-والتقويم.md	166	(أحدهما لمنصب تدريس،	(لمنصب تدريس،	حذف ضمير «أحدهما» الذي لا يستقيم مرجعه؛ فالقوسان خيارات لنوع المقابلة.	1
المجلد-التاسع/الباب-العاشر/ف02-ج-التطبيق-والتقويم.md	217	لتغيير انطباع اللجنة عنه بالكامل	لتغيير انطباع اللجنة عنهم بالكامل	مطابقة الضمير لمرجعه الجمع (المتدربين).	1
المجلد-التاسع/الباب-العاشر/ف04-أ-المدير-وموظفوه.md	42,122,138,142,298,302	الإثنين	الاثنين	«الاثنين» بهمزة وصل (من اثنان)؛ يُستبدل في المواضع الستة من الملف.	6
المجلد-التاسع/الباب-العاشر/ف03-ب-إدارة-الاجتماع.md	234	وتعلن الجدول للطلاب يوم الإثنين.	وتعلن الجدول للطلاب يوم الاثنين.	«الاثنين» بهمزة وصل.	1
المجلد-التاسع/الباب-العاشر/ف03-ج-إدارة-الاجتماع.md	155	بعد صلاة العشاء يوم الإثنين.	بعد صلاة العشاء يوم الاثنين.	«الاثنين» بهمزة وصل.	1
المجلد-التاسع/الباب-العاشر/ف02-ج-التطبيق-والتقويم.md	13	إشراك "الطلاب" الحقيقيين	إشراك «الطلاب» الحقيقيين	توحيد علامات التنصيص على «».	1
المجلد-التاسع/الباب-العاشر/ف02-ج-التطبيق-والتقويم.md	51	ترجمة لكلمة "passion"	ترجمة لكلمة «passion»	توحيد علامات التنصيص على «».	1
المجلد-التاسع/الباب-العاشر/ف02-ج-التطبيق-والتقويم.md	92	أمام "لجنة" من زملائك	أمام «لجنة» من زملائك	توحيد علامات التنصيص على «».	1
المجلد-التاسع/الباب-العاشر/ف04-ج-التطبيق-والتقويم.md	62	وسّع توسيعًا طبيعيًا	وسّع توسيعًا طبيعيًّا	توحيد رسم «طبيعيًّا» بتشديد ياء النسب كسائر عناوين التمرين.	1
المجلد-التاسع/الباب-العاشر/ف05-ب-الرفض-والتطبيق-الختامي.md	280	فأتراكم عليه استياء مكتوم	فيتراكم عليّ استياءٌ مكتوم	تصحيح المطابقة: الفاعل «استياء» لا المتكلّم، وضمير «عليه» عائد على غير مرجعه	1
المجلد-التاسع/الباب-العاشر/ف05-أ-الاعتذار-والاعتراض.md	169	يضع المدير موقفًا دفاعيًّا	يضع المدير في موقف دفاعي	تعدية «وضع» بـ«في» إلى الموضع، موافقةً لقوله بعده «فوضعت المدير في موقع الدفاع»	1
المجلد-التاسع/الباب-العاشر/ف05-ب-الرفض-والتطبيق-الختامي.md	155	| الدليل | لا دليل، شكوى عن التعب الشخصي |	| الدليل | دليل واحد متأخر ضاع وسط الانفعال، وشكوى عن التعب الشخصي |	رفع التناقض بين الجدول والتحليل الذي أثبت دليلًا متأخرًا في س٧	1
المجلد-التاسع/الباب-العاشر/ف05-ب-الرفض-والتطبيق-الختامي.md	130	تهديد ضمني بالاستقالة الذهنية من القسم	تهديد ضمني بالانتقال من القسم	موافقة الوصف لنصّ س١١ ولجدول «ماذا تغيّر»	1
المجلد-التاسع/الباب-العاشر/ف05-ب-الرفض-والتطبيق-الختامي.md	252	اقرأ الجملة الآتية من حوار أسماء المحسَّن بحسب رموز الأداء:	اقرأ الجمل الآتية، المبنية على حوار أسماء المحسَّن، بحسب رموز الأداء:	السطر الثالث ليس في الحوار المحسَّن، والمقروء أكثر من جملة	1
المجلد-التاسع/الباب-العاشر/ف05-ب-الرفض-والتطبيق-الختامي.md	64	### أمثلة: رفض التكليف بأدب	### أمثلة: رفض التكليف بأدب، ومراجعة لما سبق	المثالان ١٥ و١٦ في الاعتراض والاعتذار لا في الرفض، فوُسّع العنوان ليشملهما	1
المجلد-التاسع/الباب-العاشر/ف05-ب-الرفض-والتطبيق-الختامي.md	180	وقارنا الفرق بين الأداءين	وقارِن الفرق بين الأداءين	توحيد المخاطَب: الأمر للمدرب المفرد كما في «كرّر»	1
المجلد-التاسع/الباب-العاشر/ف05-أ-الاعتذار-والاعتراض.md	148	فرعون - وهو أعلى الناس سلطانًا في زمانه، وأشدهم عتوًّا - بالقول	فرعون — وهو أعلى الناس سلطانًا في زمانه، وأشدهم عتوًّا — بالقول	إبدال الشَّرطة اللاتينية بشَرطة الاعتراض المعتمدة في الكتاب	1
المجلد-العاشر/الباب-الثالث-عشر/ف03-ب-يوم-الأداء-الختامي.md	56	أن غاية الكلام الفهم والإفهام لا استعراض العلم، كما قال الجاحظ.	أن غاية الكلام، كما قال الجاحظ، الفهم والإفهام، لا استعراض العلم.	قصر النسبة إلى الجاحظ على «الفهم والإفهام» الثابت عنه، وفصل المقابلة التي هي من شرح المؤلف	1
المجلد-العاشر/الباب-الثالث-عشر/ف03-أ-الملف-الصوتي-ومشروع-التخرج.md	149	ومستوى الملكة (الثاني عشر) الذي أنت فيه الآن	ومستوى الملكة (الثالث عشر) الذي أنت فيه الآن	تصحيح رقم مستوى الملكة: هو الثالث عشر لا الثاني عشر	1
المجلد-العاشر/الباب-الثالث-عشر/ف01-أ-المدخل-وسلم-الارتجال.md	52	سؤالًا عظيمًا، مباغتًا، لا صلة له بما كان فيه المجلس:	سؤالًا عظيمًا، مباغتًا:	حذف وصف «المجلس» الذي لا يرد في لفظ الحديث المنقول، وبعض طرقه على خلافه	1
المجلد-العاشر/الباب-الثالث-عشر/ف03-ب-يوم-الأداء-الختامي.md	75	(استشهد بالجاحظ في المرتين ضمنًا وصراحة)	(همّ بالاستشهاد في المرة الأولى، واستشهد بالجاحظ صراحةً في الثانية)	التحليل نسب إلى المشهد الأول استشهادًا بالجاحظ لم يرد فيه	1
المجلد-العاشر/الباب-الثالث-عشر/00-فاتحة-الباب-الثالث-عشر.md	7	في كل باب من الأبواب الثلاثة عشر التي مضت كان أمامك وقت	في كل باب من الأبواب الاثني عشر التي مضت كان أمامك وقت	الأبواب السابقة للباب الثالث عشر اثنا عشر لا ثلاثة عشر	1
المجلد-العاشر/الباب-الثالث-عشر/ف01-أ-المدخل-وسلم-الارتجال.md	24	في الأبواب الثلاثة عشر السابقة	في الأبواب الاثني عشر السابقة	الأبواب السابقة للباب الثالث عشر اثنا عشر	1
المجلد-العاشر/الباب-الثالث-عشر/00-فاتحة-الباب-الثالث-عشر.md	24	يؤدي المحاكاات السبع	يؤدي المحاكيات السبع	جمع «محاكاة» محاكيات لا «محاكاات» (يُعمَّم في بقية الباب)	1
المجلد-العاشر/الباب-الثالث-عشر/ف02-أ-المدخل-والمحاكاة-الأولى.md	25	اختير هذا المواقف السبعة	اختيرت هذه المواقف السبعة	مطابقة اسم الإشارة والفعل لجمع غير العاقل	1
المجلد-العاشر/الباب-الثالث-عشر/ف01-أ-المدخل-وسلم-الارتجال.md	139	فالدقيقتان تحتاج	فالدقيقتان تحتاجان	مطابقة الفعل لفاعله المثنى المتقدم	1
المجلد-العاشر/الباب-الثالث-عشر/ف01-أ-المدخل-وسلم-الارتجال.md	44	عن مبارك الزواج	عن بركة الزواج	«مبارك الزواج» تركيب غير سليم، والمراد بركة الزواج	1
المجلد-العاشر/الباب-الثالث-عشر/ف01-ب-سلم-الارتجال-والحوار-الممتد.md	79	«أستاذي الكريمان ذكرا	«أستاذايَ الكريمان ذكرا	المثنى المرفوع المضاف إلى ياء المتكلم: أستاذايَ	1
المجلد-العاشر/الباب-الثالث-عشر/ف01-ب-سلم-الارتجال-والحوار-الممتد.md	247	ويُدار خلالها وقفة	وتُدار خلالها وقفة	تأنيث الفعل لنائب فاعل مؤنث	1
المجلد-العاشر/الباب-الثالث-عشر/ف01-ب-سلم-الارتجال-والحوار-الممتد.md	252	| س٣ / س٩ | نظرة تطلب	| س٨ / س٩ | نظرة تطلب	تصحيح رقم السطر المحال إليه في جدول «ماذا تغيّر؟»	1
المجلد-العاشر/الباب-الثالث-عشر/ف01-ب-سلم-الارتجال-والحوار-الممتد.md	178	أُعطِ موضوعًا الآن (اطلبه من زميلك)	خذ موضوعًا الآن (اطلبه من زميلك)	صيغة أمر غير صحيحة تعكس المعنى المراد	1
المجلد-العاشر/الباب-الثالث-عشر/ف01-ج-التطبيق-والتقويم.md	88	خمس دقائق: أُعطِ موضوعًا من تخصصك	خمس دقائق: خذ موضوعًا من تخصصك	صيغة أمر غير صحيحة	1
المجلد-العاشر/الباب-الثالث-عشر/ف01-ج-التطبيق-والتقويم.md	21	يُسألك صحفي	يسألك صحفي	الفعل مبني للمعلوم مع فاعل ظاهر	1
المجلد-العاشر/الباب-الثالث-عشر/ف03-ج-التطبيق-والتقويم-والخاتمة.md	11	حين يُسألك عنها	حين تُسأل عنها	صيغة المبني للمجهول غير صحيحة	1
المجلد-العاشر/الباب-الثالث-عشر/ف01-ج-التطبيق-والتقويم.md	5	والتدريبات الإحدى عشرة، والتدريب الصوتي والثنائي والجماعي، والاستماع، والتقويم.)*	والتدريبات الأحد عشر، والتدريب الصوتي والثنائي والجماعي، والاستماع، والتقويم.)*	مطابقة العدد المركب لمعدود مذكر (تدريب)	1
المجلد-العاشر/الباب-الثالث-عشر/ف02-ج-المفاجآت-والتطبيق-والتقويم.md	5	ثم التدريبات الإحدى عشرة	ثم التدريبات الأحد عشر	مطابقة العدد المركب لمعدود مذكر	1
المجلد-العاشر/الباب-الثالث-عشر/ف03-ج-التطبيق-والتقويم-والخاتمة.md	5	وهو خاتمة أفصال الكتاب. في هذا القسم: خطة الاستمرار بعد الكتاب، والتدريبات الإحدى عشرة	وهو خاتمة فصول الكتاب. في هذا القسم: خطة الاستمرار بعد الكتاب، والتدريبات الأحد عشر	جمع فصل فصول، ومطابقة العدد لمعدود مذكر	1
المجلد-العاشر/الباب-الثالث-عشر/ف03-أ-الملف-الصوتي-ومشروع-التخرج.md	69	بمحطاته الثمانية	بمحطاته الثماني	العدد يخالف المعدود المؤنث (محطة)	1
المجلد-العاشر/الباب-الثالث-عشر/ف03-أ-الملف-الصوتي-ومشروع-التخرج.md	29	الذي طلب منه الباب الأول	الذي طلب منك الباب الأول	عود الضمير على المخاطَب	1
المجلد-العاشر/الباب-الثالث-عشر/ف02-ب-المحاكاة-الثانية.md	16	يمثَّل دور محاور متمرّس	يمثِّل دور محاور متمرّس	ضبط الفعل مبنيًّا للمعلوم لتعديه إلى مفعول	1
المجلد-العاشر/الباب-الثالث-عشر/00-فاتحة-الباب-الثالث-عشر.md	7	لا تملك من الوقت إلا ثوانٍ	لا تملك من الوقت إلا ثوانيَ	نصب المستثنى المفرغ المفعول به: ثوانيَ	1
المجلد-العاشر/الباب-الثالث-عشر/ف02-ج-المفاجآت-والتطبيق-والتقويم.md	141	نفس فكرة الاعتراض المؤدب، في ثلاثة مقامات	الفكرة نفسها في ثلاثة مقامات	عنوان التدريب لا يطابق بنوده (اعتذار وتهنئة لا اعتراض)	1
المجلد-العاشر/الباب-الثالث-عشر/ف03-ج-التطبيق-والتقويم-والخاتمة.md	147	على هذا المقتطف من كلام عمر، ثم اقرأه	على هذه المقتطفات من كلام عمر ومن خاتمة الكتاب، ثم اقرأها	تمييز الصوت: البند الثالث من خاتمة الكتاب لا من كلام عمر	1
المجلد-العاشر/الباب-الثاني-عشر/ف01-ب-الترحيب-والشكر.md	204	### من علم التواصل: المراسم رسائل بلا كلمات	### المراسم رسائل بلا كلمات	حذف نسبة الملاحظة إلى «علم التواصل» من العنوان؛ لم يُوقف لها على مصدر (T2-372) وأُعيدت صياغة متنها بصوت المؤلف، فبقي العنوان ناسبًا ما لم تثبت نسبته.	1
المجلد-العاشر/الباب-الثاني-عشر/ف01-ب-الترحيب-والشكر.md	269	الرسمية ٥؛ نحو دقيقتين ونصف)	الرسمية ٥؛ نحو دقيقتين)	توحيد الزمن المعلن في عنوان المثال الممتد مع مجموع جدول الأزمنة تحته (١١٥ ثانية).	1
المجلد-العاشر/الباب-الثاني-عشر/ف01-ج-الزيارة-الرسمية-والتقويم.md	212	إذن أرسلُ إليكم اليومَ	إذن أُرسلَ إليكم اليومَ	نصب المضارع بعد «إذن» لتحقق شروط الإعمال (التصدير والاستقبال والاتصال) في النسخة المضبوطة للأداء.	1
المجلد-العاشر/الباب-الحادي-عشر/ف01-أ-المدخل-والدرس-الأول.md	76	كَسَرْدِكُمْ» (رواه البخاري)[^3].	كَسَرْدِكُمْ» (علّقه البخاري، ووصله مسلم)[^3].	الحديث عند البخاري معلّق (٣٥٦٨) وموصول عند مسلم (٢٤٩٣) كما في السجل والحاشية؛ فعُدّل العزو في المتن لئلا يوهم الوصل	1
المجلد-العاشر/الباب-الحادي-عشر/ف01-أ-المدخل-والدرس-الأول.md	368	وضع ثلاث علامات للتنفس	وضع علامتين للتنفس	النص المُعَدّ فيه علامتا تنفس (ت) لا ثلاث؛ فوُفّق بين قائمة القرارات والنموذج	1
المجلد-العاشر/الباب-الحادي-عشر/ف01-أ-المدخل-والدرس-الأول.md	167	والنَّفَس في عشرين ثانية	والنَّفَس في اثنتي عشرة ثانية	النموذج الأول قرأ الخبر في اثنتي عشرة ثانية كما في وصفه والجدول؛ فرُفع التعارض	1
المجلد-العاشر/الباب-الحادي-عشر/ف01-ب-الدرس-الثاني.md	179	والإشارة إلى ما لا يُسمع، وطول الصمت	والإشارة إلى ما لا يُرى، وطول الصمت	خطأ الإذاعة الإشارة إلى ما لا يُرى كما سمّاه المثال مث٤٢؛ و«ما لا يُسمع» لا يستقيم	1
المجلد-العاشر/الباب-الثاني-عشر/ف02-ج-حوار-العشاء-وحوار-الصحفيين.md	65	يا دكتورةَ رقيةَ	يا دكتورةُ رقيةُ	المنادى المفرد «دكتورة» مبني على الضم وليس مضافًا	1
المجلد-العاشر/الباب-الثاني-عشر/ف02-ج-حوار-العشاء-وحوار-الصحفيين.md	81	الليلةَ نمتُ مرتاحةَ البالِ	الليلةَ أنامُ مرتاحةَ البالِ	الكلام ليلة العشاء نفسها بعد الانصراف؛ فالمضارع لا الماضي	1
المجلد-العاشر/الباب-الثاني-عشر/ف02-ج-حوار-العشاء-وحوار-الصحفيين.md	142	نفى النفي الصحيح («لا، هذا غير صحيح») بأسلوب مبالغ	نفى نفيًا صحيحًا («لا، هذا غير صحيح») لكن بأسلوب مبالغ	«نفى النفي الصحيح» يقلب المعنى؛ والمراد أن نفيه صحيح وأسلوبه مبالغ	1
المجلد-العاشر/الباب-الثاني-عشر/ف02-ج-حوار-العشاء-وحوار-الصحفيين.md	96	كيف تستجيبين بالأدوات نفسها؟	كيف تستجيب بالأدوات نفسها؟	توحيد خطاب المتدرب بالتذكير كما في أول التمرين وسائر الكتاب	1
المجلد-العاشر/الباب-الثاني-عشر/ف02-ج-حوار-العشاء-وحوار-الصحفيين.md	44	توقّعون على الإحصائية الجديدة	توقّعون على الاتفاقية الجديدة	لا يُوقَّع على إحصائية؛ والمقصود اتفاقية التوسعة كما يدل السياق	1
المجلد-العاشر/الباب-الثاني-عشر/ف02-د-بنك-المواقف-والتقويم.md	188	والحوارين الممتدين	والحواران الممتدان	معطوف على مرفوع؛ فيُرفع بالألف	1
المجلد-العاشر/الباب-الثاني-عشر/ف02-د-بنك-المواقف-والتقويم.md	167	خمس طرق لا سادس لها	خمس طرق لا سادسة لها	مطابقة العدد الوصفي لمعدوده المؤنث في «خمس طرق»	1
المجلد-العاشر/الباب-الثاني-عشر/ف03-أ-المدخل-وعرض-الموقف.md	129	| متردد ضعيف |	| مترددة ضعيفة |	مطابقة الوصف للمؤنث «النبرة» كسائر خانات الصف	1
المجلد-العاشر/الباب-الثاني-عشر/ف03-ب-التنازل-والعرض-المقابل.md	32	يُحتسب.. والمقصود	يُحتسب. والمقصود	نقطة مكررة من أثر حذف وسم سابق	1
المجلد-العاشر/الباب-الثاني-عشر/ف03-ج-التفاوض-والتطبيق-والتقويم.md	102	أدوات الفصل الثلاثة	أدوات الفصل الثلاث	مفرد المعدود «أداة» مؤنث؛ فالعدد «ثلاث»	1
المجلد-العاشر/الباب-الثاني-عشر/ف03-ج-التفاوض-والتطبيق-والتقويم.md	83	تليها اتفاقيةٌ ثلاثيةٌ متجددةٌ	تليها اتفاقيةٌ لثلاثِ سنواتٍ متجددةٌ	«ثلاثية» توهم ثلاثة أطراف؛ والمتفق عليه في س١٨ اتفاقية لثلاث سنوات	1
المجلد-العاشر/الباب-الثاني-عشر/ف03-ج-التفاوض-والتطبيق-والتقويم.md	52	سؤالاً استفزازيًّا	سؤالًا استفزازيًّا	توحيد رسم تنوين الفتح على ما قبل الألف كسائر الكتاب	1
المجلد-العاشر/الباب-الثاني-عشر/ف03-ج-التفاوض-والتطبيق-والتقويم.md	176	تنازلاً لم تستعد له	تنازلًا لم تستعد له	توحيد رسم تنوين الفتح على ما قبل الألف كسائر الكتاب	1
المجلد-العاشر/الباب-الثاني-عشر/ف03-ج-التفاوض-والتطبيق-والتقويم.md	287	بنك المواقف (طاولة المفاوضات الجماعية) وتكليف مهمة التسجيل	بنك المواقف وتكليف مهمة التسجيل	طاولة المفاوضات نشاط التدريب الجماعي لا بنك المواقف، وتستغرق وحدها خمس عشرة دقيقة	1
المجلد-العاشر/الباب-الحادي-عشر/ف02-ب-الدرس-الثاني.md	74	فجعل قِصَر الكلام حين يكون تمهيدًا لغيره علامة فقه لا قلة علم.	فجعل قِصَر الخطبة، وهي بين يدي الصلاة، علامةَ فقهٍ في الخطيب لا قلةَ علم.	فصلُ دلالة الحديث (قصر الخطبة) عن تعميم المؤلف، لئلا يُنسب الاستنباط إلى النبي ﷺ	1
المجلد-العاشر/الباب-الحادي-عشر/ف03-ب-الدرس-الثاني.md	25	وهذا هو الجواب نفسه الذي وقف عنده موسى عليه السلام في مدخل الفصل:	وهو من جنس ما رأيناه في جواب موسى عليه السلام في مدخل الفصل:	جواب موسى عليه السلام إثباتٌ لا «لا أدري»، فالمشترك الإيجاز والصدق لا عين الجواب	1
المجلد-العاشر/الباب-الحادي-عشر/ف04-أ-المدخل-والدرس-الأول.md	47	فيها صيغة مبنية للمجهول متكررة («تقرر»، «سيُعلن»)	فيها صيغ متكررة تُخفي الفاعل («تقرر»، «سيُعلن»)	«تقرّر» مبني للمعلوم على صيغة المطاوعة، فالوصف الدقيق إخفاء الفاعل	1
المجلد-العاشر/الباب-الحادي-عشر/ف04-أ-المدخل-والدرس-الأول.md	104	مبني للمجهول متكرر («من المقرر»، «سيتم»)	صيغ متكررة تُخفي الفاعل («من المقرر»، «سيتم»)	«من المقرر» تركيب اسمي و«سيتم» مبني للمعلوم؛ المقصود إخفاء الفاعل	1
المجلد-العاشر/الباب-الحادي-عشر/ف03-أ-المدخل-والدرس-الأول.md	179	«أذكر لنا تحديًا	«اذكر لنا تحديًا	همزة الأمر من الثلاثي همزة وصل	1
المجلد-العاشر/الباب-الحادي-عشر/ف03-ج-التطبيق-والتقويم.md	219	على موضوع واحد يختارونه	على موضوع واحد يختارانه	مطابقة الفعل للمثنى	1
المجلد-العاشر/الباب-الحادي-عشر/ف03-ج-التطبيق-والتقويم.md	273	لا مغلقًا يقبل كلمة واحدة، ولا مركّبًا يخلط أفكارًا، ولا موحيًا يحمل	لا مغلقٌ يقبل كلمة واحدة، ولا مركّبٌ يخلط أفكارًا، ولا موحٍ يحمل	المعطوف بـ«لا» يتبع المعطوف عليه المرفوع	1
المجلد-العاشر/الباب-الحادي-عشر/ف04-ب-الدرس-الثاني.md	139	لم تُطعن فيها بعد	لم يُطعن فيها بعد	نائب الفاعل شبه جملة فيُذكَّر الفعل	1
المجلد-العاشر/الباب-الحادي-عشر/ف02-ب-الدرس-الثاني.md	233	مكرَّمًا كان أم لم يُكرَّم	مكرَّمًا كان أو لم يُكرَّم	«أم» المعادلة لا تأتي بلا همزة تسوية، فالعطف بـ«أو»	1
المجلد-العاشر/الباب-الحادي-عشر/ف02-ب-الدرس-الثاني.md	110	ومن العملي إلى التطبيقي	ومن النظري إلى التطبيقي	الجسر بين مترادفين لا ينقل؛ والمقصود من التفريق النظري إلى التجربة التطبيقية	1
المجلد-العاشر/الباب-الحادي-عشر/ف03-ج-التطبيق-والتقويم.md	111	1. اللقاء مباشر لا مسجّل، ويتصل مستمع غاضب في منتصفه بسؤال حاد.	1. يتصل مشاهد غاضب في منتصف اللقاء بسؤال حاد.	اللقاء مباشر أصلًا في بطاقة المقام، والجمهور جمهور قناة تلفازية	1
المجلد-العاشر/الباب-الحادي-عشر/ف04-أ-المدخل-والدرس-الأول.md	47	وموعد المستند الثاني معلّق («لاحقًا»)	وبيان الأوراق المطلوبة معلّق («لاحقًا»)	النص لا يذكر مستندًا ثانيًا؛ المعلّق بيان الأوراق المطلوبة	1
المجلد-العاشر/الباب-الحادي-عشر/ف04-أ-المدخل-والدرس-الأول.md	187	(خبران متشابهان دون تمييز بينهما)	(خبران مختلفان بنبرة واحدة)	العنوان يعاكس المثال: خبران متضادان قُرئا بنبرة واحدة	1
المجلد-العاشر/الباب-الحادي-عشر/ف04-ب-الدرس-الثاني.md	143	شهادة متضرر تختلقانها معًا	شهادة متضرر تفترضانها معًا	«الاختلاق» كذبٌ مصنوع لا يليق بدرس الحياد؛ والمراد الافتراض التدريبي	1
المجلد-العاشر/الباب-الحادي-عشر/ف04-ب-الدرس-الثاني.md	20	قبل أن تسمع رأيك أنت فيه	قبل أن تكوّن رأيك أنت فيه	الرأي يُكوَّن لا يُسمع	1
المجلد-الأول/الافتتاحية/15-المفاهيم-الخمسة.md	54	فالفصاحة ليست أن تقول كلامًا صحيحًا فحسب	فالبلاغة ليست أن تقول كلامًا صحيحًا فحسب	وُصفت البلاغة (مطابقة المقام وبلوغ الأثر) باسم الفصاحة خلافًا لتعريف الفصل نفسه	1
المجلد-الأول/الباب-الأول/ف01-أ-المدخل-والدرس-الأول.md	380	والنصّان متّصلان فيه.	والنصّان من جملةٍ واحدةٍ فيه، وبينهما كلامٌ حُذف.	النصّان في المطبوع ١/٧٦ من جملة واحدة بينهما كلام محذوف، لا متّصلان	1
المجلد-الأول/الافتتاحية/91-ثبت-المصادر.md	27	، ١٣ جزءًا (الطبعة السلفية الأولى ١٣٨٠–١٣٩٠هـ بحسب بطاقة الشاملة).	، ١٣ جزءًا.	حذف لغة إنتاج (بطاقة الشاملة) وتاريخ طبعة لم يُرَ على المطبوع	1
المجلد-الأول/الباب-الأول/ف01-أ-المدخل-والدرس-الأول.md	185	من الإثنين إلى الأربعاء، لأن الإثنين يوافق	من الاثنين إلى الأربعاء، لأن الاثنين يوافق	همزة «الاثنين» همزة وصل	1
المجلد-الأول/الباب-الأول/ف01-ب-الدرس-الثاني.md	256	أزوركم يوم الإثنين إن شاء الله	أزوركم يوم الاثنين إن شاء الله	همزة «الاثنين» همزة وصل	1
المجلد-الأول/الباب-الأول/ف01-ج-التطبيق-والتقويم.md	137	فأعطِني إلى يومِ الإثنينِ	فأعطِني إلى يومِ الاثنينِ	همزة «الاثنين» همزة وصل	1
المجلد-الأول/الباب-الأول/ف01-أ-المدخل-والدرس-الأول.md	152	فأخفق في أربعة معايير مع أن سببه صادق	فأخفق في المعايير الخمسة كلها مع أن سببه صادق	التحليل قبله يذكر إخفاقه في المعايير الخمسة لا في أربعة	1
المجلد-الأول/الباب-الأول/ف01-أ-المدخل-والدرس-الأول.md	158	النموذج الناجح ليس أطول من غير الناجح، بل يكاد يساويه في عدد الكلمات.	النموذج الناجح لا يكاد يزيد على غير الناجح في عدد الكلمات.	النموذج الناجح أطول قليلًا (٥٦ كلمة مقابل ٤٨)	1
المجلد-الأول/الباب-الأول/ف01-ب-الدرس-الثاني.md	73	ثم تكرار «أنا» سبع مرات	ثم تكرار «أنا» خمس مرات	«أنا» تتكرر في النموذج خمس مرات بعد «أنا مصطفى»	1
المجلد-الأول/الباب-الأول/ف01-ب-الدرس-الثاني.md	75	ادعاءات عامة («أعرف كل شيء»، «مجتهد جدًّا»)	ادعاءات عامة («أعرف العربية جيدًا والإنجليزية والحاسوب»، «مجتهد جدًّا»)	العبارة بين علامتي التنصيص ليست في النموذج؛ استُبدل بها لفظه	1
المجلد-الأول/الباب-الأول/ف01-ب-الدرس-الثاني.md	139	ومن أنفع ما تعلّمه يوسف في الموقف الافتتاحي أنه حدّد	ومن أنفع ما تتعلّمه من الموقف الافتتاحي أن يوسف حدّد	تصحيح فاعل التعلّم: القارئ يتعلّم من الموقف لا يوسف	1
المجلد-الأول/الباب-الأول/ف01-ب-الدرس-الثاني.md	297	النداء (يا أمي، يا شيخنا، معاليكم)	النداء (يا أمي، يا شيخنا، أيها الإخوة)	«معاليكم» لا ترد في الجداول الملخَّصة	1
المجلد-الأول/الافتتاحية/18-كيف-تقرأ-المجلدات-وعهد-المؤلف.md	64	التحليل ← المثال الصحيح ← المثال الرفيع	التحليل ← المثال الناجح ← المثال الرفيع	توحيد درجات المقارنة: الناجح لا الصحيح	1
المجلد-الأول/الافتتاحية/18-كيف-تقرأ-المجلدات-وعهد-المؤلف.md	74	فالتشخيص هنا في بُعدين قبل غيرهما: البنية ومراعاة المقام؛	فالتشخيص هنا في بُعدين قبل غيرهما: البنية والمقام؛	اسم البعد الثابت «المقام»	1
المجلد-الأول/الباب-الأول/ف01-ج-التطبيق-والتقويم.md	286	5. أعد تسجيل «المهمة التشخيصية الأولى» من فاتحة الباب، وقارن بين التسجيلين.	5. أعد تسجيل «المهمة التشخيصية الأولى» من فاتحة الباب، واحفظه مؤرَّخًا إلى جانب الأول، لتقارن بينهما في آخر الباب.	موافقة فاتحة الباب: المقارنة بالتسجيل الأول في آخر الباب	1
المجلد-الأول/الباب-الأول/ف01-ب-الدرس-الثاني.md	119	أحببت أن أشاركه معكم	أحببت أن أعرضه عليكم	تركيب مترجم «أشاركه معكم» في نموذج صحيح	1
المجلد-الأول/الباب-الأول/ف01-ب-الدرس-الثاني.md	125	لابنه ذي الثماني سنين	لابنه ذي السنوات الثماني	تعريف العدد المضاف: لا يُعرَّف العدد ويُنكَّر المعدود	1
المجلد-الأول/الباب-الأول/ف01-ب-الدرس-الثاني.md	36	وربما يتصل من غير مكتبه	وربما يردّ من غير مكتبه	المدير متلقٍّ للمكالمة لا متصل	1
المجلد-الأول/الافتتاحية/16-علوم-العربية-وطريق-التكوين.md	10	لكنه ليس هي.	لكنه ليس إيّاها.	خبر ليس ضميرٌ منفصل منصوب	1
المجلد-الأول/الافتتاحية/15-المفاهيم-الخمسة.md	22	ولكنه ليس طبيعيًّا. لأن العربي يقول	ولكنه ليس طبيعيًّا؛ لأن العربي يقول	فاصلة منقوطة قبل جملة التعليل	1
المجلد-الأول/الافتتاحية/91-ثبت-المصادر.md	41	دار القلم، دمشق، ١١ أجزاء	دار القلم، دمشق، ١١ جزءًا	تمييز العدد ١١ مفرد منصوب (ويُصلح المولِّد bibliography.py)	1
المجلد-الأول/الافتتاحية/91-ثبت-المصادر.md	47	٢٠٠١ م، ٢٦ أجزاء	٢٠٠١ م، ٢٦ جزءًا	تمييز العدد ٢٦ مفرد منصوب	1
المجلد-الأول/الافتتاحية/91-ثبت-المصادر.md	51	٢٠١٧ م، ١٧ أجزاء	٢٠١٧ م، ١٧ جزءًا	تمييز العدد ١٧ مفرد منصوب	1
المجلد-الأول/الافتتاحية/91-ثبت-المصادر.md	34	تحقيق أبو عبيدة مشهور	تحقيق أبي عبيدة مشهور	جرّ الاسم المضاف إليه من الأسماء الخمسة	1
المجلد-الأول/الافتتاحية/91-ثبت-المصادر.md	37	دار احياء التراث العربي	دار إحياء التراث العربي	همزة قطع في «إحياء»	1
المجلد-الأول/الافتتاحية/91-ثبت-المصادر.md	48	مؤسسة الرسالة، الأولى ، ١٤٠٧	مؤسسة الرسالة، الأولى، ١٤٠٧	حذف مسافة قبل الفاصلة	1
المجلد-الأول/الافتتاحية/91-ثبت-المصادر.md	62	١٩٩٧ مـ	١٩٩٧ م	حذف تطويل زائد في رمز السنة	1
المجلد-الأول/الافتتاحية/91-ثبت-المصادر.md	50	الأولى، ١٤٠٩ - ١٩٨٩.	الأولى، ١٤٠٩ هـ - ١٩٨٩ م.	إثبات رمزَي التاريخين الهجري والميلادي	1
المجلد-الخامس/الباب-الخامس/00-فاتحة-الباب-الخامس.md	9	«لمقتضى الحال، مع فصاحته»[^1]	«لمقتضى الحال مع فصاحته»[^1]	حذف فاصلة زائدة داخل النقل المتحقَّق عن القزويني، ليطابق المطبوع (عروس الأفراح ١/٩٠، سجل النقول م١-١٢٢)	1
المجلد-الخامس/الباب-الخامس/00-فاتحة-الباب-الخامس.md	56	مطابقته لمقتضى الحال، مع فصاحته»؛	مطابقته لمقتضى الحال مع فصاحته»؛	حذف فاصلة زائدة في لفظ القزويني المنقول في الحاشية، ليطابق المطبوع المتحقَّق (م١-١٢٢)	1
المجلد-الخامس/الباب-الخامس/ف01-أ-المدخل-والدرس-الأول.md	151	وهذه أبعادها الستة الأولى للمتحدثين الستة	وهذه أبعادها الخمسة الأولى للمتحدثين الستة	تصحيح عدد الأبعاد ليطابق أعمدة الجدول (خمسة لا ستة)	1
المجلد-الخامس/الباب-الخامس/ف02-أ-المدخل-والدرس-الأول.md	122	وهذه أبعادها الستة الأولى للمتحدثين الخمسة	وهذه أبعادها الخمسة الأولى للمتحدثين الخمسة	تصحيح عدد الأبعاد ليطابق أعمدة الجدول (خمسة لا ستة)	1
المجلد-الخامس/الباب-الخامس/ف02-أ-المدخل-والدرس-الأول.md	54	كلام النبي ﷺ فقالت: «أَنَّ	كلام النبي ﷺ فذكرت: «أَنَّ	تصحيح فعل التأطير في كلام المؤلف ليوافق «أنّ» المفتوحة في اللفظ المروي، دون مساس بالنص المنقول	1
المجلد-الخامس/الباب-الخامس/ف03-ب-الدرس-الثاني.md	64	| يقبل اللجنة مع تحفظ |	| تقبل اللجنة الرد مع تحفظ |	تصحيح مطابقة الفعل للفاعل المؤنث «اللجنة» وإظهار المفعول	1
المجلد-الخامس/الباب-الخامس/ف03-ب-الدرس-الثاني.md	178	الفرق بين الأمثلة الثلاثة الأخيرة واحد	الخلل في الأمثلة الثلاثة الأخيرة واحد	تصحيح لفظ يناقض المعنى: المراد الخلل المشترك لا الفرق بين الأمثلة	1
المجلد-الخامس/الباب-الخامس/ف01-أ-المدخل-والدرس-الأول.md	23	ويحاضر يوم الإثنين	ويحاضر يوم الاثنين	إملاء: همزة «الاثنين» همزة وصل	1
المجلد-الخامس/الباب-الخامس/ف01-أ-المدخل-والدرس-الأول.md	40	قاعة المحاضرات يوم الإثنين، والمدرسة	قاعة المحاضرات يوم الاثنين، والمدرسة	إملاء: همزة «الاثنين» همزة وصل	1
المجلد-الخامس/الباب-الخامس/ف01-أ-المدخل-والدرس-الأول.md	46	قاعة المحاضرات يوم الإثنين، وبدأ	قاعة المحاضرات يوم الاثنين، وبدأ	إملاء: همزة «الاثنين» همزة وصل	1
المجلد-الخامس/الباب-الخامس/ف01-ج-التطبيق-والتقويم.md	205	يعيد محاضرة الإثنين بلسان	يعيد محاضرة الاثنين بلسان	إملاء: همزة «الاثنين» همزة وصل	1
المجلد-الخامس/الباب-الخامس/ف02-ب-الدرس-الثاني.md	89	نلتقي يوم الإثنين، وأرسل	نلتقي يوم الاثنين، وأرسل	إملاء: همزة «الاثنين» همزة وصل	1
المجلد-الخامس/الباب-الخامس/ف02-ج-التطبيق-والتقويم.md	180	تبدأ الدراسة يوم الإثنين بدل الأحد	تبدأ الدراسة يوم الاثنين بدل الأحد	إملاء: همزة «الاثنين» همزة وصل	1
المجلد-الخامس/الباب-الخامس/ف01-ج-التطبيق-والتقويم.md	269	مع أن كل ما قاله صحيح؟	مع أن ما قاله من العلم صحيح؟	رفع التناقض مع تحليل الفصل الذي عدّ في النموذج الأول اتهامًا للشباب	1
المجلد-الخامس/الباب-الخامس/ف03-ج-التطبيق-والتقويم.md	241	والضاد في «الأقساط» و«الأساسية»، ولا تُقرَّب الضاد من الدال أو الظاء. والقاف في «قررنا» تُنطق من أقصى الحلق لا كافًا مفخمة.	والضاد في «الإضافي»، ولا تُقرَّب الضاد من الدال أو الظاء. والقاف في «قررنا» تُنطق من أقصى اللسان مع ما يحاذيه من الحنك الأعلى، لا كافًا مفخمة.	تصحيح صوتي: لا ضاد في «الأقساط» و«الأساسية» والضاد في «الإضافي»، ومخرج القاف أقصى اللسان لا أقصى الحلق	1
المجلد-الخامس/الباب-الخامس/ف04-ج-التطبيق-والتقويم.md	248	والعين في «اجلس» و«الفصل»	والعين في «عادة» و«للّعب»	تصحيح صوتي: لا عين في «اجلس» و«الفصل»، فأُحيل إلى «عادة» و«للّعب» من نص التدريب	1
المجلد-الخامس/الباب-الخامس/ف05-ج-التطبيق-والتقويم.md	327	والقاف في «فرصة» و«يطمئنك» من مخرجها الصحيح	والقاف في «القرار» و«قد» من مخرجها الصحيح	تصحيح صوتي: لا قاف في «فرصة» و«يطمئنك»، فأُحيل إلى «القرار» و«قد» من نص التدريب	1
المجلد-الخامس/الباب-الخامس/ف05-ج-التطبيق-والتقويم.md	398	بمخرج المستوى الخامس: «يخاطب الأعلى منزلة والنظير والأدنى والجمهور بما يناسب كلًّا منهم» (انظر أهداف الباب في فاتحته)	بالهدف الثالث من أهداف الباب: «يخاطب الأعلى منزلة باللقب والضمير المناسبين، ويطلب منه ويستدرك عليه ويخالفه بأدب، بلا تملق ولا جفاء» (انظر أهداف الباب في فاتحته)	تصحيح إحالة داخلية: النص المنقول مخرج عام للبرنامج لا هدف في فاتحة الباب، فاستُبدل به نص الهدف الثالث كما في الفاتحة	1
المجلد-الخامس/الباب-الخامس/ف04-ج-التطبيق-والتقويم.md	203	4. «إن الرفق لا يكون في شيء إلا زانه.»	4. «إن الرفق لا يكون في شيء إلا زانه.» *(من حديث الرفق الذي سبق في الدرس الأول)*	تمييز الصوت: بيان أن الجملة من حديث نبوي سبق تخريجه، لئلا تلتبس بالجمل التعليمية المصنوعة	1
المجلد-الخامس/الباب-الخامس/ف05-ج-التطبيق-والتقويم.md	327	و«سنتين» عند الوقف المتأني	و«سنتين» في القراءة المتأنية	تصحيح لغوي: الوقف بالسكون فلا يُطلب إبقاء حركة الإعراب عنده، والمقصود القراءة المتأنية كما في نظيره	1
المجلد-الخامس/الباب-الخامس/ف04-ج-التطبيق-والتقويم.md	239	فَلْنَتَّفِقْ الآنَ	فَلْنَتَّفِقِ الآنَ	تصحيح ضبط: التخلص من التقاء الساكنين بكسر القاف قبل همزة الوصل	1
المجلد-الخامس/الباب-الخامس/ف05-ج-التطبيق-والتقويم.md	76	حين يتّضحَ لك الأمرُ	حين يتّضحُ لك الأمرُ	تصحيح ضبط: المضارع بعد «حين» مرفوع لعدم الناصب	1
المجلد-الخامس/الباب-الخامس/ف04-ج-التطبيق-والتقويم.md	63	لم يُقرأا	لم تُقرَآ	تصحيح نحوي وإملائي: مطابقة الفعل لفاعله المؤنث المثنى، ورسم الهمزة مع ألف الاثنين مدًّا	1
المجلد-الخامس/الباب-الخامس/ف04-أ-المدخل-والدرس-الأول.md	19	بألسنة الخمسة	بالألسنة الخمسة	تصحيح نحوي: العدد نعت للمعدود فيطابقه في التعريف	1
المجلد-الخامس/الباب-الخامس/ف05-ج-التطبيق-والتقويم.md	204	| ٤ | ١٠ ثانية |	| ٤ | ١٠ ثوانٍ |	تصحيح نحوي: تمييز العشرة جمع مجرور	1
المجلد-الخامس/الباب-الخامس/ف04-أ-المدخل-والدرس-الأول.md	183	ذي الست سنين	ذي السنوات الست	تصحيح نحوي: تعريف العدد المضاف على غير القياس	1
المجلد-الخامس/الباب-الخامس/ف04-ب-الدرس-الثاني.md	87	«ما رأيك نحل هذا معًا؟»	«ما رأيك أن نحل هذا معًا؟»	تصحيح نحوي: «ما رأيك» في الفصحى تُتبَع بـ«أن» والمضارع المنصوب كسائر نماذج الكتاب	1
المجلد-الخامس/الباب-الخامس/ف04-أ-المدخل-والدرس-الأول.md	121	أنهما يربيان الغاية نفسها	أنهما يريدان الغاية نفسها	تصحيح تصحيف: «يربيان الغاية» لا يستقيم، والمراد «يريدان الغاية نفسها»	1
المجلد-الخامس/الباب-الخامس/ف05-أ-المدخل-والدرس-الأول.md	68	متمكن نسبيًا	متمكن نسبيًّا	توحيد إملائي: إثبات الشدة في ياء النسب المنونة	1
المجلد-الخامس/الباب-الخامس/ف05-ب-الدرس-الثاني.md	121	إعدادًا خاصًا	إعدادًا خاصًّا	توحيد إملائي: إثبات الشدة في «خاصًّا»	1
المجلد-الخامس/الباب-الخامس/ف05-ج-التطبيق-والتقويم.md	313	و«(ت)» موضع التنفس، والكلمة العريضة تُنبَر:	و«(ت)» موضع التنفس، و«↑» رفع الصوت، والكلمة العريضة تُنبَر:	إتمام مفتاح الرموز: تعريف «↑» المستعمل في النص كما في نظيره في الفصل الثالث	1
المجلد-الخامس/الباب-الخامس/ف03-ج-التطبيق-والتقويم.md	339	(المدير يعرف بلالًا من قبل)	(المدير يعرف عمَّ بلال من قبل)	مطابقة ملاحظة المدرب للتمرين: المدير يعرف عم بلال لا بلالًا	1
المجلد-السادس/الباب-السادس/ف09-ج-التطبيق-والتقويم.md	247	> فَأَفْشُوا السَّلَامَ بَيْنَكُمْ (ت) / تَحَابُّوا //⏎> وَمَنْ تَوَاضَعَ لِلَّهِ / رَفَعَهُ اللهُ ↑ //	> أَفْشُوا السَّلَامَ بَيْنَكُمْ (ت) //⏎> وَمَا تَوَاضَعَ أَحَدٌ لِلَّهِ / إِلَّا رَفَعَهُ اللهُ ↑ //	رُدّ لفظا الحديثين في نص التدريب الصوتي إلى المتحقّق (مسلم ٥٤ و٢٥٨٨) بدل لفظٍ مركّب لا أصل له في السجل	1
المجلد-السادس/الباب-السادس/ف09-أ-المدخل-والدرس-الأول.md	151	فبلال في المقارنة السابقة لم يتنازل عن سؤال دقيق حين احتاج إليه، لكنه أضاف إلى دقته التفاتًا لا يكلفه شيئًا.	فحمزة في المقارنة السابقة لم يتنازل عن أدبه ولا عن صحة ما يعرف، لكنه أضاف إليهما التفاتًا لا يكلفه شيئًا.	تصحيح إحالة داخلية إلى شخصية غير موجودة في المقارنة (بلال) باسم صاحبها الفعلي حمزة ووصف ما فعله	1
المجلد-السادس/الباب-السادس/ف09-ج-التطبيق-والتقويم.md	344	ذكّرهم بمثال بلال الذي سأل سؤالًا دقيقًا دون تنازل، ومثال المؤمن القوي في الحديث.	ذكّرهم بمثال حمزة الذي زاد على أدبه التفاتًا دون تنازل عن الحق، ومثال المؤمن القوي في الحديث.	تصحيح إحالة المدرب إلى مثال غير موجود في الفصل (بلال) بمثال حمزة الوارد فعلًا	1
المجلد-السادس/الباب-السادس/ف09-ج-التطبيق-والتقويم.md	227	2. حمزة وبلال في الحلقة، مع تغيير: المبتدئ يخطئ في سؤاله علنًا، فكيف يتصرف بلال؟⏎3. صالح وحمزة في دعوة التخرج، مع تغيير: حمزة لا يستطيع الحضور فعلًا هذه المرة.	2. حمزة والمبتدئ في الحلقة، مع تغيير: المبتدئ يخطئ في سؤاله علنًا، فكيف يتصرف حمزة؟⏎3. صالح وزميله في دعوة التخرج، مع تغيير: صالح لا يستطيع الحضور فعلًا هذه المرة.	تصحيح أسماء شخصيات بنود المحاكاة لتطابق مواقف الفصل (حمزة والمبتدئ؛ صالح وزميله)	1
المجلد-السادس/الباب-السادس/ف09-ب-الدرس-الثاني.md	91	فحيث اتفق العلم الحديث مع النص الشرعي	فحيث اتفقت هذه الملاحظات الحديثة مع النص الشرعي	وصف كتاب كارنيجي بالعلم الحديث يناقض وصفه في الفقرة نفسها بالملاحظات العملية	1
المجلد-السادس/الباب-السادس/ف08-ج-التطبيق-والتقويم.md	240	> يَسَرَّنِي أَنْ أَقِفَ	> يَسُرُّنِي أَنْ أَقِفَ	ضبط خاطئ لمضارع سرّ في نص مشكول للأداء: يَسُرُّني	1
المجلد-السادس/الباب-السادس/ف09-أ-المدخل-والدرس-الأول.md	25	لا مجرد يقبلونه أو يحترمونه احترامًا باردًا	لا أن يقبلوه فحسب أو يحترموه احترامًا باردًا	تركيب غير صحيح: «مجرد» لا يليه فعل مضارع مباشرة	1
المجلد-السادس/الباب-السادس/ف09-ب-الدرس-الثاني.md	91	لا أحكامًا شرعية ولا نصوصًا واجبة الاتباع	لا أحكامٌ شرعية ولا نصوصٌ واجبة الاتباع	المعطوف بلا يتبع المعطوف عليه المرفوع (خبر هذه)	1
المجلد-السادس/الباب-السادس/ف09-ب-الدرس-الثاني.md	65	(شخص يلتقي بمعارف قابله مرة واحدة قبل أشهر)	(شخص يلتقي بأحد معارفه، قابله مرة واحدة قبل أشهر)	«معارف» جمع استُعمل للمفرد	1
المجلد-السادس/الباب-السادس/ف09-ج-التطبيق-والتقويم.md	136	تذكر تفصيل شخصي عن معارف قابلته مرة | شخص ← معارفه	تذكر تفصيل شخصي عن أحد المعارف قابلته مرة | شخص ← أحد معارفه	«معارف» جمع استُعمل للمفرد	1
المجلد-السادس/الباب-السادس/ف09-ج-التطبيق-والتقويم.md	153	*(لمعارف التقى به مرة	*(لأحد المعارف التقى به مرة	«معارف» جمع استُعمل للمفرد	1
المجلد-السادس/الباب-السادس/ف09-ج-التطبيق-والتقويم.md	165	سمعت خبر مرض قريب لمعارف منذ أسبوعين	سمعت خبر مرض قريب لأحد معارفك منذ أسبوعين	«معارف» جمع استُعمل للمفرد	1
المجلد-السادس/الباب-السادس/ف09-ج-التطبيق-والتقويم.md	79	في كل مرة أُتيحت فيه فرصة	في كل مرة أُتيحت فيها فرصة	مطابقة الضمير العائد على «مرة» المؤنثة	1
المجلد-السادس/الباب-السادس/ف09-ج-التطبيق-والتقويم.md	214	«أرجو أن أكون إضافة جيدة لا سببًا في إضعافه.»	«أرجو أن أكون إضافة جيدة لهذا التماسك لا سببًا في إضعافه.»	ضمير بلا مرجع في جملة منتزعة من الحوار؛ أُعيد مرجعه من نص الحوار نفسه (س٩)	1
المجلد-السادس/الباب-السادس/ف09-ج-التطبيق-والتقويم.md	296	اذكر حق المسلم على المسلم الخمسة	اذكر حقوق المسلم على المسلم الخمسة	مطابقة الموصوف لصفته «الخمسة» والضمير في «وردت»	1
المجلد-السادس/الباب-السادس/ف08-ج-التطبيق-والتقويم.md	289	ولماذا لا تصح تعميمها	ولماذا لا يصح تعميمها	تذكير الفعل لفاعله المذكر «تعميم»	1
المجلد-السادس/الباب-السادس/ف08-ب-الدرس-الثاني.md	127	| ساكنتان | تتحرك بخفة مع المعنى |	| ساكنتان | تتحركان بخفة مع المعنى |	مطابقة الخبر للمبتدأ المثنى «اليدان»	1
المجلد-السادس/الباب-السادس/ف09-ج-التطبيق-والتقويم.md	327	طبّق في موقف من بنك المواقف سلوكًا واحدًا	طبّق في مواقف من بنك المواقف سلوكًا واحدًا	معيار إتقان متعذّر: الموقف الواحد من مجال واحد، فالصواب «مواقف»	1
المجلد-السادس/الباب-السادس/ف09-ج-التطبيق-والتقويم.md	287	أقيّم أثري في من حولي	أقيّم أثري فيمن حولي	وصل «في» بـ«مَن» الموصولة: فيمن	1
المجلد-السابع/الباب-السابع/ف02-ب-الجواب-الدرس-الثاني.md	314	«أانتهى أم لا؟»	«أَنْتَهى أم لا؟»	حذف همزة الوصل بعد همزة الاستفهام في الفعل الماضي (أَنتهى لا أانتهى)	1
المجلد-السابع/الباب-السابع/ف02-أ-الجواب-المدخل-والدرس-الأول.md	172	ففي جواب العشر ثوانٍ	ففي جواب الثواني العشر	تعريف العدد ومعدوده على الوجه الفصيح، موافقةً لاستعمال الكتاب «الثواني العشر»	1
المجلد-السابع/الباب-السابع/ف01-ج-السؤال-التطبيق-والتقويم.md	245	ولا تنبر «أنتَ» في السؤال الخامس	ولا تنبر «أنتَ» في السطر الخامس	تصحيح الإحالة: «هل أنت متأكد» هو السطر الخامس من التدريب، والأسئلة فيه أربعة	1
المجلد-السابع/الباب-السابع/ف01-ج-السؤال-التطبيق-والتقويم.md	243	ارتفاع الطبقة في آخر سؤال «هل» والهمزة	ارتفاع الطبقة في آخر سؤال «هل»، وعلى الشقّ الأول من السؤال التخييري	موافقة القاعدة لرموز التدريب: السؤال التخييري بالهمزة ينخفض في آخره ويرتفع في شقّه الأول	1
المجلد-السابع/الباب-السابع/ف01-ج-السؤال-التطبيق-والتقويم.md	94	| س٤ | خطأ في الاسم |	| س٢ | خطأ في الاسم |	توحيد ترقيم جدول «ماذا تغيّر؟» على النسخة المحسّنة: الاسم الصحيح في س٢	1
المجلد-السابع/الباب-السابع/ف02-ب-الجواب-الدرس-الثاني.md	407	| س٥ | «يعني… لأن… المكتوبة هي مكتوبة» |	| س٣ | «يعني… لأن… المكتوبة هي مكتوبة» |	توحيد ترقيم جدول «ماذا تغيّر؟» على النسخة المحسّنة: السبب المنهجي في س٣	1
المجلد-السابع/الباب-السابع/ف02-ب-الجواب-الدرس-الثاني.md	267	وسترى أن الحركات الأربع تبقى، لكن مقدارها ولفظها يتغيران.	وسترى أن أجزاء المعنى الثلاثة تبقى، لكن مقدارها ولفظها يتغيران.	رفع التعارض مع الدرس الأول: الجواب القصير لا تبقى فيه الحركات الأربع، والثابت أجزاء المعنى الثلاثة	1
المجلد-السابع/الباب-السابع/ف02-أ-الجواب-المدخل-والدرس-الأول.md	289	فأجابت بالحركات الأربع، وقالت «لا أعرف يقينًا» في موضعها	فبدأت بالجملة الجامعة ثم فصّلت، وقالت «لا أعرف سببه يقينًا» في موضعها	موافقة الوصف لجواب فاطمة المنقول (لا مثال فيه ولا ختام)، ومطابقة عبارتها بلفظها	1
المجلد-الخامس/الباب-الخامس/ف08-أ-التهدئة-وحفظ-الكرامة.md	321	[^1]: أخرجه البخاري (٦١١٤) في كتاب الأدب، باب الحذر من الغضب، ومسلم (٢٦٠٩)	[^1]: حديث «لا تغضب» أخرجه البخاري (٦١١٦) في كتاب الأدب، باب الحذر من الغضب، من حديث أبي هريرة رضي الله عنه. وحديث «ليس الشديد بالصرعة» أخرجه البخاري (٦١١٤) في الكتاب والباب نفسيهما، ومسلم (٢٦٠٩)	إضافة تخريج حديث «لا تغضب» (البخاري ٦١١٦) من السطر المتحقّق م٧-٠٠٩؛ كان الهامش يخرّج الحديث الثاني وحده	1
المجلد-الخامس/الباب-الخامس/ف08-أ-التهدئة-وحفظ-الكرامة.md	213	**الباب الأول (المجلد الأول): رفض قبول الإهانة داخليًا**	**الباب الأول: رفض قبول الإهانة داخليًا**	حذف إحالة زائفة إلى المجلد الأول؛ «الأبواب» هنا مجازية لا وحدات بنيوية	1
المجلد-الخامس/الباب-الخامس/ف08-أ-التهدئة-وحفظ-الكرامة.md	215	**الباب الثاني (المجلد الثاني): عدم الرد بالمثل**	**الباب الثاني: عدم الرد بالمثل**	حذف إحالة زائفة إلى المجلد الثاني	1
المجلد-الخامس/الباب-الخامس/ف08-أ-التهدئة-وحفظ-الكرامة.md	217	**الباب الثالث (المجلد الثالث): كلمة تحفظ الحق	**الباب الثالث: كلمة تحفظ الحق	حذف إحالة زائفة إلى المجلد الثالث	1
المجلد-الخامس/الباب-الخامس/ف08-أ-التهدئة-وحفظ-الكرامة.md	41	في آيتين محكمتين:	في قوله تعالى:	الأمر في آية فصلت وحدها وآية الفرقان وصف؛ وحذف دعوى الإحكام غير الموثّقة	1
المجلد-الخامس/الباب-الخامس/ف08-ب-التطبيق-والتقويم.md	342	6. ما معنى «الإصغاء الانعكاسي»؟ ومتى يُستعمل؟	6. ما أداة الإصغاء التي وصفها روجرز وفارسون؟ ومتى تُستعمل مع الغاضب؟	سؤال الاختبار يسأل عن مصطلح لم يعد في متن الفصل؛ رُبط بما يعرضه المتن	1
المجلد-الخامس/الباب-الخامس/ف07-مخاطبة-الجمهور-العام.md	320	فوق أربعين درجة مئوية، لذلك	في درجات الحرارة المرتفعة، لذلك	حذف رقم حراري غير دقيق وغير موثّق؛ خطأ النموذج المقصود هو المصطلح لا المعلومة	1
المجلد-الخامس/الباب-الخامس/ف07-مخاطبة-الجمهور-العام.md	244	رسالة واحدة، اثنا عشر سياقًا	رسالة واحدة، ثلاثة عشر سياقًا	تصحيح العدد: الصيغ ثلاث عشرة (مث١٨–مث٣٠)	1
المجلد-الخامس/الباب-الخامس/ف07-مخاطبة-الجمهور-العام.md	295	في الصيغ الاثنتي عشرة كلها	في الصيغ الثلاث عشرة كلها	تصحيح العدد: الصيغ ثلاث عشرة	1
المجلد-الخامس/الباب-الخامس/ف07-مخاطبة-الجمهور-العام.md	585	والتطبيقات الأربعة الاثنا عشر	والتطبيقات الأربعة بصيغها الثلاث عشرة	تصحيح عدد الصيغ في خطة المدرّب	1
المجلد-الخامس/الباب-الخامس/ف07-مخاطبة-الجمهور-العام.md	363	القاعدة السادسة: قراءة الحضور	التقنية الخامسة: قراءة الحضور	تصحيح إحالة داخلية: قراءة الحضور هي «خامسًا» من تقنيات الدرس الثاني	1
المجلد-الخامس/الباب-الخامس/ف07-مخاطبة-الجمهور-العام.md	204	استمعوا لِمَ ومتى الجديد.	وإليكم السبب والموعد الجديد.	تصحيح تركيب مختلّ في نموذج صحيح (✔)	1
المجلد-الخامس/الباب-الخامس/ف07-مخاطبة-الجمهور-العام.md	239	، لمن يريد التفصيل التقني فسأشرحه له	، ومن أراد التفصيل التقني فسأشرحه له	فاء بلا شرط في نموذج صحيح؛ رُدّ إلى صيغة الشرط كنظيره مث١٧	1
المجلد-الخامس/الباب-الخامس/ف07-مخاطبة-الجمهور-العام.md	528	لا أوثق منها	لم أتوثّق منها	«أوثق» اسم تفضيل لا يستقيم؛ المراد «أتوثّق»	1
المجلد-الخامس/الباب-الخامس/ف07-مخاطبة-الجمهور-العام.md	141	(«لا إثم فيه»)	(«ليس فيه إثم»)	مطابقة الاقتباس الداخلي للفظ النموذج الثالث	1
المجلد-الخامس/الباب-الخامس/ف07-مخاطبة-الجمهور-العام.md	470	بعد سؤال الحوار الأول	بعد سؤال المقارنة الثانية	تصحيح إحالة داخلية: الشيخ إبراهيم في المقارنة الثانية	1
المجلد-الخامس/الباب-الخامس/ف07-مخاطبة-الجمهور-العام.md	476	في تدريب سابع الدرس الثاني	في القسم السابع من الدرس الثاني	إزالة لبس في الإحالة إلى «سابعًا» من الدرس الثاني	1
المجلد-الخامس/الباب-الخامس/ف07-مخاطبة-الجمهور-العام.md	510	(لا برنامج بعينه	(لا برنامجًا بعينه	مطابقة الإعراب في العطف بلا وبل، كنظيره في ف08-ب	1
المجلد-الخامس/الباب-الخامس/ف07-مخاطبة-الجمهور-العام.md	110	لأنه فهم، لكنه	لأنه فُهِم، لكنه	ضبط المبني للمجهول لرفع اللبس	1
المجلد-الخامس/الباب-الخامس/ف08-أ-التهدئة-وحفظ-الكرامة.md	33	تلك الثانيتان هما	هاتان الثانيتان هما	مطابقة اسم الإشارة للمثنى	1
المجلد-الخامس/الباب-الخامس/ف08-أ-التهدئة-وحفظ-الكرامة.md	90	نظيران في المنصب الإداري، زميلا عمل قديمان.	رئيس القسم وأحد أساتذته، وهما زميلا عمل قديمان.	رفع تناقض بطاقة المقام: رئيس قسم وأستاذ لا نظيران	1
المجلد-الخامس/الباب-الخامس/ف08-أ-التهدئة-وحفظ-الكرامة.md	229	لو أردت أن تتحدث في التفاصيل فأنا مستمع	إن أردت أن تتحدث في التفاصيل فأنا مستمع	جواب «لو» لا يكون جملة اسمية مقترنة بالفاء؛ رُدّ إلى «إن» كنظيره	1
المجلد-الخامس/الباب-الخامس/ف08-ب-التطبيق-والتقويم.md	130	(«كلام نظري»)	(«لا قيمة له»)	مطابقة الاقتباس الداخلي لكلام س١ لا س٣	1
المجلد-الخامس/الباب-الخامس/ف08-ب-التطبيق-والتقويم.md	57	يا أستاذَ عبدَ اللهِ	يا أستاذُ عبدَ اللهِ	ضبط المنادى النكرة المقصودة بالضم	1
المجلد-الخامس/الباب-الخامس/ف08-ب-التطبيق-والتقويم.md	196	الابنين المتنازعين	الابنان المتنازعان	توحيد الإعراب مع بقية خانات الجدول	1
المجلد-الخامس/الباب-الخامس/ف06-مخاطبة-الأقران-والأدنى.md	38	مدرّسة عربية منذ	مدرّسة للعربية منذ	رفع لبس «مدرّسة عربية» (عربية الجنس) إلى «مدرّسة للعربية»	1
المجلد-الخامس/الباب-الخامس/ف09-ج-التوليف-والتدريبات.md	119	وهذا يوافق ما يعيشه أكثر الناس فعلًا:	وهذا — فيما نقدّر — قريبٌ مما يعيشه أكثر الناس:	صوغ حكمٍ تجريبي غير موثّق بوصفه تقديرًا من المؤلف	1
المجلد-الخامس/الباب-الخامس/ف09-أ-مختبر-المقام.md	32	بين آذان الفجر	بين أذان الفجر	تصحيح إملائي: الأذان لا الآذان (جمع أذن)	1
المجلد-الخامس/الباب-الخامس/ف09-ج-التوليف-والتدريبات.md	83	لوالديّ اللذين دعما لي،	لوالديّ اللذين دعماني،	تصحيح تعدية الفعل «دعم» بنفسه	1
المجلد-الخامس/الباب-الخامس/ف09-أ-مختبر-المقام.md	244	القسم الثاني ينقلك إلى سبعة ميادين أخرى	القسم الثاني ينقلك إلى خمسة ميادين أخرى	تصحيح عدد ميادين القسم الثاني (خمسة لا سبعة)	1
المجلد-الخامس/الباب-الخامس/ف09-ب-مختبر-المقام.md	219	سبعة ميادين أخرى عبرتها في هذا القسم	خمسة ميادين أخرى عبرتها في هذا القسم	تصحيح عدد ميادين القسم (خمسة لا سبعة)	1
المجلد-الخامس/الباب-الخامس/ف09-ج-التوليف-والتدريبات.md	315	(مثلًا: من المسجد إلى السوق، لا من المسجد إلى المقام الرسمي)	(مثلًا: من السوق إلى المقام الرسمي، لا من السوق إلى المسجد)	تصحيح مثالٍ معكوس بحسب درجات الرسمية المثبتة في البطاقات	1
المجلد-الخامس/الباب-الخامس/ف09-أ-مختبر-المقام.md	98	في الموقفين ١ و٤ رغم	في الموقفين ١ و٥ رغم	تصحيح الإحالة إلى موقف الاستئذان (٥ لا ٤)	1
المجلد-الخامس/الباب-الخامس/ف09-ج-التوليف-والتدريبات.md	137	(ست مواقف في كل جلسة)	(ستة مواقف في كل جلسة)	تصحيح العدد والمعدود	1
المجلد-الخامس/الباب-الخامس/ف09-ج-التوليف-والتدريبات.md	119	الدرجتين الوسطى (٣ و٤)	الدرجتين الوُسطَيَين (٣ و٤)	مطابقة النعت للمنعوت المثنى	1
المجلد-الخامس/الباب-الخامس/ف09-ج-التوليف-والتدريبات.md	121	موقف واحد وثلاثون من عندك	موقفٌ حادٍ وثلاثون من عندك	صياغة العدد الترتيبي على الفصيح	1
المجلد-الخامس/الباب-الخامس/ف09-ج-التوليف-والتدريبات.md	341	لموقف واحد وثلاثين من عنده	لموقفٍ حادٍ وثلاثين من عنده	صياغة العدد الترتيبي على الفصيح	1
المجلد-الخامس/الباب-الخامس/ف09-ج-التوليف-والتدريبات.md	165	بعد أن يطمئن كل متدرب إلى أدائه في الأولى.	بعد أن يطمئن كل متدرب إلى أدائه في الأولى.⏎⏎**مفاتيح الإجابات** ونماذج تقييم التسجيلات في دليل المعلم.	إثبات إحالة مفاتيح الإجابات كسائر فصول الباب	1
المجلد-السادس/الباب-السادس/ف02-على-قدر-العقول.md	778	أعِده إلى حديث معاوية بن الحكم: أحسن معلم رآه كان أبسطهم عبارة.	أعِده إلى حديث معاوية بن الحكم: وصف النبيَّ ﷺ بأنه أحسن معلّم رآه، وقد علّمه الحكم بعبارة قصيرة واضحة بلا توبيخ.	نُسب إلى الحديث وصفٌ ليس في لفظه المتحقّق (مسلم ٥٣٧)؛ رُدّ إلى ما في الرواية مع إبقاء الاستنباط استنباطًا	1
المجلد-السادس/الباب-السادس/ف01-السلام-والبشاشة-والاستماع.md	54	وأحبوا أنس؟	وأحبوا أنسًا؟	لحن: المفعول به المصروف منصوب منوَّن	1
المجلد-السادس/الباب-السادس/ف01-السلام-والبشاشة-والاستماع.md	631	ولعل بلال أصاب	ولعل بلالًا أصاب	لحن: اسم «لعلّ» منصوب	1
المجلد-السادس/الباب-السادس/ف02-على-قدر-العقول.md	251	أن أنس يعاني	أن أنسًا يعاني	لحن غير مقصود في النموذج: اسم «أنّ» منصوب	1
المجلد-السادس/الباب-السادس/ف02-على-قدر-العقول.md	259	وتُعيد معه الكلمة	وتُعيدون معه الكلمة	اتساق ضمير المخاطَب المعظَّم في الخطاب الواحد	1
المجلد-السادس/الباب-السادس/ف01-السلام-والبشاشة-والاستماع.md	20	وترك المقاطعة، والتلخيص.	ورد الشعور، والتلخيص.	تكرار سلوك (ترك المقاطعة داخل في الإمهال) وإسقاط «رد الشعور»؛ مواءمة الهدف مع الجدول والخلاصة	1
المجلد-السادس/الباب-السادس/ف01-السلام-والبشاشة-والاستماع.md	879	ومقامين تُخفض فيهما.	وثلاثة مقامات تُخفض فيها.	مواءمة سؤال التقويم مع الهدف الرابع (ثلاثة مقامات)	1
المجلد-السادس/الباب-السادس/ف02-على-قدر-العقول.md	435	للطفل أو للمزارع شيئًا	للطفل أو للمستعرب شيئًا	إحالة إلى مخاطَب غير موجود في التطبيقات	1
المجلد-السادس/الباب-السادس/ف05-أ-المدخل-والدرس-الأول.md	56	ثم طلب واضح («فاغفر لنا وارحمنا»)	ثم طلب واضح («وإن لم تغفر لنا وترحمنا»)	لفظٌ بين علامتي تنصيص نُسب إلى آية الأعراف ٢٣ وليس فيها (هو من الأعراف ١٥٥)؛ أُبدل بلفظ الآية نفسها	1
المجلد-السادس/الباب-السادس/ف05-ج-التطبيق-والتقويم.md	39	| **الدعاء** | لا شيء | عام | دعاء نبوي محدد | دعاء نبوي محدد |	| **الدعاء** | لا شيء | عام | دعاء مأثور محدد | دعاء مأثور محدد |	صيغة تهنئة المولود مأثورة عن الحسين (الأذكار ٤٥٣) لا حديثٌ نبوي؛ رُفع الوصف بالنبوي	1
المجلد-السادس/الباب-السادس/ف05-ج-التطبيق-والتقويم.md	47	أن الثالثة جمعت الدعاء النبوي المحدد	أن الثالثة جمعت الدعاء المأثور المحدد	صيغة تهنئة المولود مأثورة لا نبوية (الأذكار ٤٥٣)	1
المجلد-السادس/الباب-السادس/ف05-ب-الدرس-الثاني.md	29	فهي مما يُروى بإسناد حسن عن الصحابة أنهم كانوا يتبادلونها يوم العيد، وليست حديثًا مرفوعًا إلى النبي ﷺ[^4]	فهي مما يُروى بإسناد حسن عن جبير بن نفير أن الصحابة كانوا يتبادلونها يوم العيد، ولم يصحّ فيها حديث مرفوع إلى النبي ﷺ[^4]	الإسناد الحسن إلى جبير بن نفير لا إلى الصحابة، وفي الباب مرفوعٌ ضعيف (فتح الباري ٢/٤٤٦)؛ ضُبطت العبارة على المطبوع	1
المجلد-السادس/الباب-السادس/ف05-ج-التطبيق-والتقويم.md	254	> فَلْتَصْبِرْ / وَلْتَحْتَسِبْ //⏎> وَاعْلَمْ أَنَّ **الصَّبْرَ** / أَوَّلُ الصَّدْمَةِ //	> فَلْتَصْبِرْ / وَلْتَحْتَسِبْ //	سطرٌ ملحق بنص حديث أسامة المتحقّق، وهو لفظٌ محرّف لحديث آخر («الصبر عند الصدمة الأولى») بلا توثيق؛ حُذف	1
المجلد-السادس/الباب-السادس/ف03-المدح-والشكر-والدعاء.md	402	للخادم الصغير بالعلم والبركة،	للغلام بالفقه في الدين، وللخادم بكثرة المال والولد والبركة،	الخلاصة خلطت دعاءين: الفقه لابن عباس، والمال والولد والبركة لأنس؛ ضُبطت على الحديثين المتحقّقين	1
المجلد-السادس/الباب-السادس/ف05-ج-التطبيق-والتقويم.md	217	«إن لله ما أخذ، وله ما أعطى، فلتصبر ولتحتسب.»	«إن لله ما أخذ، وله ما أعطى، وكلٌّ عنده بأجل مسمى، فلتصبر ولتحتسب.»	سقطت جملة «وكلٌّ عنده بأجل مسمى» من نص الحديث المنقول بين علامتي تنصيص بلا إشارة حذف؛ أُعيدت بلفظ البخاري	1
المجلد-السادس/الباب-السادس/ف04-أ-المدخل-والدرس-الأول.md	263	[^3]: أخرجه مسلم (٢٦٩٩) في كتاب الذكر والدعاء والتوبة والاستغفار، باب فضل الاجتماع على تلاوة القرآن وعلى الذكر، من حديث أبي هريرة رضي الله عنه.	[^3]: هو من الحديث السابق نفسه عند مسلم (٢٦٩٩).	حاشيةٌ مكرّرة حرفيًّا للحديث نفسه؛ اختُصرت إلى إحالةٍ على السابقة	1
المجلد-السادس/الباب-السادس/ف03-المدح-والشكر-والدعاء.md	702	، والضاد في «فَصْلٍ»… بل الصاد فيها؛ فميّز بين	؛ وميّز بين	تصحيحٌ ذاتي من المسودة بقي في المتن (الضاد… بل الصاد)؛ حُذف	1
المجلد-السادس/الباب-السادس/ف03-المدح-والشكر-والدعاء.md	128	شيئًا من أستاذ سليمان بعينه	شيئًا من الأستاذ سليمان بعينه	«أستاذ سليمان» بلا تعريف تُقرأ إضافة؛ وُحّدت بـ«الأستاذ سليمان» كسائر الفصل	1
المجلد-السادس/الباب-السادس/ف03-المدح-والشكر-والدعاء.md	215	**الموظف الذي لا يمدح أبدًا.**	**الرئيس الذي لا يمدح أبدًا.**	عنوان المثال يخالف مضمونه: الذي لا يمدح رئيس القسم لا الموظف	1
المجلد-السادس/الباب-السادس/ف04-أ-المدخل-والدرس-الأول.md	77	| «فَارْجِعْ» / «فَلْتَصْبِرْ» *(انظر الدرس الثاني)* |	| «مَا سُئِلَ… شَيْئًا قَطُّ فَقَالَ: لَا» *(انظر الدرس الثاني)* |	إحالةٌ خاطئة: «فلتصبر» من حديث التعزية في الفصل الخامس لا من درس الرفض؛ وُضع حديث جابر الذي بُني عليه الدرس الثاني	1
المجلد-السادس/الباب-السادس/ف04-أ-المدخل-والدرس-الأول.md	166	«يستأذن معاليكم في الانصراف	«أستأذن معاليكم في الانصراف	فعل الاستئذان للمتكلم؛ «يستأذن» بلا مرجع	1
المجلد-السادس/الباب-السادس/ف04-أ-المدخل-والدرس-الأول.md	94	وهذا هو الفرق الذي بناه بلال في الموقف السابق حين لم يقله	وهذا ما فات بلالًا في الموقف السابق	عبارة متناقضة (بناه… حين لم يقله)؛ بلال أخفق في بناء طلبه	1
المجلد-السادس/الباب-السادس/ف04-أ-المدخل-والدرس-الأول.md	150	كل ما زاد تحديد الطلب	كلما زاد تحديد الطلب	«كلما» الظرفية الشرطية تُكتب موصولة	1
المجلد-السادس/الباب-السادس/ف04-ج-التطبيق-والتقويم.md	338	وكل ما زاد التحديد	وكلما زاد التحديد	«كلما» الظرفية الشرطية تُكتب موصولة	1
المجلد-السادس/الباب-السادس/ف04-ب-الدرس-الثاني.md	157	أن أقرضك سيارتي	أن أعيرك سيارتي	السيارة تُعار ولا تُقرض، وفق جدول الدرس نفسه	1
المجلد-السادس/الباب-السادس/ف04-ج-التطبيق-والتقويم.md	40	يبقى انطباعًا حسنًا	يُبقي انطباعًا حسنًا	الفعل متعدٍّ إلى مفعول: يُبقي لا يبقى	1
المجلد-السادس/الباب-السادس/ف04-ج-التطبيق-والتقويم.md	220	«استأذنك.»	«أستأذنك.»	همزة القطع في المضارع للمتكلم	1
المجلد-السادس/الباب-السادس/ف04-ج-التطبيق-والتقويم.md	107	«الرفض الغامض مقابل الرفض الواضح».	«الرفض الغامض مقابل الرفض الواضح المهذب».	إحالةٌ إلى جدولٍ بغير عنوانه الوارد في الدرس الثاني	1
المجلد-السادس/الباب-السادس/ف05-ب-الدرس-الثاني.md	17	شارك الفرح صاحبَه	شاركتَ صاحبَ الفرح فرحَه	اضطراب التركيب (الفرحُ فاعل)؛ رُدّ إلى المخاطَب موازاةً لسائر الجملة	1
المجلد-السادس/الباب-السادس/ف05-ج-التطبيق-والتقويم.md	103	يا أستاذَ سليمانَ؟	يا أستاذُ سليمانُ؟	المنادى النكرة المقصودة مبني على الضم؛ الفتح يجعله إضافة	1
المجلد-السادس/الباب-السادس/ف05-ج-التطبيق-والتقويم.md	109	واقترحُ أن نتصلَ	وأقترحُ أن نتصلَ	همزة القطع في المضارع للمتكلم	1
المجلد-السادس/الباب-السادس/ف05-ج-التطبيق-والتقويم.md	84	بكلمة «لكن» ثلاث مرات في السطرين ٣ و٥	بكلمة «لكن» في السطرين ٣ و٥، ثم بـ«بس» في السطر ٩	«لكن» وردت مرتين لا ثلاثًا؛ والثالثة «بس» في السطر ٩	1
المجلد-السادس/الباب-السادس/ف05-ج-التطبيق-والتقويم.md	206	اعتذر عن التأخر نفسه لأستاذ	قل المعنى نفسه لأستاذ	عنوان التمرين لا يطابق بنوده (تهنئة وتعزية ونسيان…)	1
المجلد-السادس/الباب-السادس/ف05-ج-التطبيق-والتقويم.md	241	سجّل الصيغ الخمس للتهنئة	سجّل خمس صيغ للتهنئة	لا «صيغ خمس» معيّنة للتهنئة في الفصل؛ التعريف يحيل إلى معدوم	1
المجلد-السادس/الباب-السادس/ف05-ج-التطبيق-والتقويم.md	244	من فاتحة الباب لموقف الاعتذار، وقارنه	من فاتحة الباب بمواقفه الأربعة، وقارنه	فاتحة الباب تنصّ على إعادة المواقف الأربعة بعد الفصل الخامس	1
المجلد-السادس/الباب-السادس/ف05-ج-التطبيق-والتقويم.md	292	في مناسبات فرح الآخرين وأحزانهم القريبين مني	في مناسبات فرح القريبين مني وأحزانهم	فصلٌ بين النعت ومنعوته يوهم تعلّقه بالأحزان	1
المجلد-السادس/الباب-السادس/ف08-أ-المدخل-والدرس-الأول.md	62	| «تبسمك في وجه أخيك صدقة» |	| «تبسمك في وجه أخيك لك صدقة» |	إعادة لفظ الحديث في الجدول إلى المتحقَّق على مطبوع الترمذي (١٩٥٦) بإثبات «لك»، موافقةً للمتن والسجل م٦-٠٦١	1
المجلد-السادس/الباب-السادس/ف06-أ-المدخل-والدرس-الأول.md	93	«مذهبنا صوابٌ يحتمل الخطأ، ومذهبُ مخالفنا خطأٌ يحتمل الصواب»[^8]	«مذهبنا صوابٌ يحتمل الخطأ، ومذهبُ مَن خالفنا خطأٌ يحتمل الصواب»[^8]	مطابقة لفظ القاعدة لمطبوع التعريفات للجرجاني (ص١١٨–١١٩): «ومذهب من خالفنا»، إذ النص يقول «بلفظ»	1
المجلد-السادس/الباب-السادس/ف07-ج-التطبيق-والتقويم.md	92	في مثال «مريم» بالفصل السابق.	في مثال «مريم» في الدرس الأول من هذا الفصل.	تصحيح الإحالة: مثال مريم [م٢-ب٦-ف٧-مث٢٠] في الدرس الأول من الفصل نفسه لا في الفصل السابق	1
المجلد-السادس/الباب-السادس/ف08-أ-المدخل-والدرس-الأول.md	29	تذكّر شخصًا أثق كلامه فيك	تذكّر شخصًا وثقتَ بكلامه	إصلاح تركيب مختل: اضطراب الضمير وتعدية «وثق» بغير الباء	1
المجلد-السادس/الباب-السادس/ف07-ج-التطبيق-والتقويم.md	72	لم يأخذوها بعد، فاقترح…	لم يأخذوها بعد، فأقترح…	إثبات همزة القطع في المضارع المسند إلى المتكلم (أقترح)	1
المجلد-السادس/الباب-السادس/ف07-ج-التطبيق-والتقويم.md	76	| د. أسماء | اقترح أن ننقل	| د. أسماء | أقترح أن ننقل	إثبات همزة القطع في المضارع المسند إلى المتكلم (أقترح)	1
المجلد-السادس/الباب-السادس/ف07-أ-المدخل-والدرس-الأول.md	141	جعلت أنس موضوع الضحك	جعلت أنسًا موضوع الضحك	نصب المفعول به المصروف (أنسًا)	1
المجلد-السادس/الباب-السادس/ف07-أ-المدخل-والدرس-الأول.md	143	ولم يعلّم أنس كيف ينطق	ولم يعلّم أنسًا كيف ينطق	نصب المفعول به المصروف (أنسًا)	1
المجلد-السادس/الباب-السادس/ف07-ج-التطبيق-والتقويم.md	145	| ١ | ١٠ ثانية |	| ١ | ١٠ ثوانٍ |	مطابقة العدد والمعدود: العشرة يميَّز بجمعٍ مجرور (ثوانٍ)	1
المجلد-السادس/الباب-السادس/ف06-ب-الدرس-الثاني.md	57	قرار مؤجل يوم واحد	قرار مؤجل يومًا واحدًا	نصب ظرف الزمان (يومًا واحدًا)	1
المجلد-السادس/الباب-السادس/ف07-ج-التطبيق-والتقويم.md	105	تفضّلي يا دكتورةَ أسماءَ، عندَكِ	تفضّلي يا دكتورةُ أسماءُ، عندَكِ	ضبط المنادى النكرة المقصودة على الضم (يا دكتورةُ)	1
المجلد-السادس/الباب-السادس/ف07-ج-التطبيق-والتقويم.md	117	شكرًا لكِ يا دكتورةَ أسماءَ	شكرًا لكِ يا دكتورةُ أسماءُ	ضبط المنادى النكرة المقصودة على الضم (يا دكتورةُ)	1
المجلد-السادس/الباب-السادس/ف07-ب-الدرس-الثاني.md	96	**٥. الاستعانة بمدير الجلسة**	**٥. الاستعانة برئيس الجلسة**	توحيد المصطلح: «الاستعانة برئيس الجلسة» كما في أهداف الفصل وخلاصته	1
المجلد-السادس/الباب-السادس/ف07-ج-التطبيق-والتقويم.md	89	بل صعدت درجة واحدة في سلّم الاستعادة:	بل صعدت في سلّم الاستعادة إلى الدرجة الرابعة:	تصحيح وصف السلّم: التنبيه الصريح المهذب هو الدرجة الرابعة لا الدرجة التالية للثانية	1
المجلد-السادس/الباب-السادس/ف06-ج-التطبيق-والتقويم.md	102	| س١٦ | غيبة للشيخ أمام الطلاب |	| س١٦ / س١٣–س١٥ | غيبة للشيخ أمام الطلاب |	ضبط أرقام الأسطر في جدول «ماذا تغيّر؟»: الشرح لبلال في النسخة المحسّنة س١٣–س١٥	1
المجلد-السادس/الباب-السادس/ف06-ب-الدرس-الثاني.md	120	(لشيخ ذكر رقم آية على غير موضعها)	(لشيخ نسب آية إلى غير سورتها)	مطابقة وصف المقام لمضمون المثال: الخلاف في سورة الآية لا في رقمها	1
المجلد-السادس/الباب-السادس/ف06-ج-التطبيق-والتقويم.md	227	تخالف شيخك في رقم آية أمام الحلقة:	تخالف شيخك في موضع آية أمام الحلقة:	مطابقة نص التمرين لخياراته: الخلاف في موضع الآية (سورتها) لا في رقمها	1
المجلد-السادس/الباب-السادس/ف07-ب-الدرس-الثاني.md	82	لخطأ في الحفظ سيتكرر خطأ)	لخطأ في الحفظ سيتكرر إن لم يُصحَّح)	إصلاح عبارة مختلة التركيب في وصف المقام	1
المجلد-السادس/الباب-السادس/ف07-ج-التطبيق-والتقويم.md	59	أمام زملائها الجدد بينهم.	أمام زملائها وهي جديدة بينهم.	إصلاح تركيب مختل يوافق بطاقة المقام (أسماء في سنتها الأولى)	1
المجلد-السادس/الباب-السادس/ف07-ج-التطبيق-والتقويم.md	77	بعيدًا عن من اقترحه؟	بعيدًا عمّن اقترحه؟	إملاء: «عن» مع «مَن» تُكتب «عمّن»	1
المجلد-السادس/الباب-السادس/ف07-ج-التطبيق-والتقويم.md	92	«بعيدًا عن من اقترحه»	«بعيدًا عمّن اقترحه»	إملاء: «عمّن»، ومطابقة الاقتباس لسطر الحوار	1
المجلد-السادس/الباب-السادس/ف08-أ-المدخل-والدرس-الأول.md	20	ويوافق تعبير وجهه لمعنى كلامه	ويوافق بين تعبير وجهه ومعنى كلامه	تصحيح تعدية «وافق» (يوافق بين… و…)	1
المجلد-السادس/الباب-السادس/ف08-أ-المدخل-والدرس-الأول.md	115	ونظر ويداه يقولان إنه غير مطمئن	ونظرُه ويداه تقول إنه غير مطمئن	إصلاح تركيب ملتبس: «نظر» يُقرأ فعلًا، والمراد «نظرُه ويداه»	1
المجلد-السادس/الباب-السادس/ف07-ب-الدرس-الثاني.md	123	ثانيتان صمت قبل	ثانيتان من الصمت قبل	تصحيح التركيب: بيان المثنى بـ«من» (ثانيتان من الصمت)	1
المجلد-السابع/الباب-السابع/ف05-أ-الإقناع-المدخل-والدرس-الأول.md	394	وعناصر النموذج فيه 90–97،	وعناصر النموذج فيه 91–97،	تصحيح نطاق الصفحات إلى ما رُئي فعلًا (السجل م٧-٠٢٠: 91، 93–94، 96–97)؛ الصفحة 90 لم تُطابَق	1
المجلد-السابع/الباب-السابع/ف03-أ-الاستيضاح-وإعادة-الصياغة.md	274	قُرئ في نصّه المعاد نشره مقتطفًا في R. G. Newman, M. A. Danziger and M. Cohen (eds.), *Communicating in Business Today* (Lexington, Mass.: D. C. Heath, 1987)، بلا رقم صفحة	قُرئ في مقتطفٍ منه نشرته Gordon Training International سنة 2007، بلا رقم صفحة	الإحالة إلى الشاهد المقروء فعلًا (مقتطف Gordon Training 2007) بدل مجلد لم يُرَ، وحذف عنوانٍ ومكان نشرٍ غير مسندين (السجل م٧-٠١٨ توثيقٌ ناقص)	1
المجلد-السابع/الباب-السابع/ف05-أ-الإقناع-المدخل-والدرس-الأول.md	98	هذه النصوص نزلت في الدعوة إلى الله	هذه النصوص وردت في الدعوة إلى الله وفي الرفق عامةً	الحديث لا يُقال فيه «نزل»، وحديث الرفق عامّ لا في الدعوة خاصة كما قدّم له النص نفسه	1
المجلد-السابع/الباب-السابع/ف03-ب-الاستيضاح-التطبيق-والتقويم.md	181	موقف مصطفى وأنس (المقارنة الثانية)	موقف حمزة وأنس (المقارنة الثانية)	تصحيح اسم الشخصية في الإحالة: المقارنة الثانية بين أنس وحمزة	1
المجلد-السابع/الباب-السابع/ف02-ج-الجواب-التطبيق-والتقويم.md	290	ما الذي يستفاده المتكلم	ما الذي يستفيده المتكلم	تصحيح صرفي: يستفيده لا يستفاده	1
المجلد-السابع/الباب-السابع/ف03-ب-الاستيضاح-التطبيق-والتقويم.md	264	**أعرض البدائل التي تتوقعها داخل سؤالك**	**اعرض البدائل التي تتوقعها داخل سؤالك**	همزة وصل في فعل الأمر «اعرض»	1
المجلد-السابع/الباب-السابع/ف05-ب-الإقناع-الدرس-الثاني.md	38	أسمح لي أن أعرضها من جهة أخرى	اسمح لي أن أعرضها من جهة أخرى	همزة وصل في فعل الأمر «اسمح» في النموذج الصحيح	1
المجلد-السابع/الباب-السابع/ف03-ب-الاستيضاح-التطبيق-والتقويم.md	262	لا اعترافًا بالعجز ولا مضيعة للوقت	لا اعترافٌ بالعجز ولا مضيعةٌ للوقت	المعطوف بـ«لا» يتبع المعطوف عليه المرفوع «طلبٌ»	1
المجلد-السابع/الباب-السابع/ف04-ب-المداخلة-التطبيق-والتقويم.md	53	لم تُقبل الجلسة كلامه	لم تَقبل الجلسة كلامه	ضبط الفعل مبنيًّا للمعلوم لوجود الفاعل والمفعول	1
المجلد-السابع/الباب-السابع/ف03-ب-الاستيضاح-التطبيق-والتقويم.md	273	في تدريب «صنّف نوع الاستيضاح»	في «بنك المواقف»	معيار الإتقان يحيل على تدريب من خمسة بنود؛ المواقف العشرة في «بنك المواقف»	1
المجلد-السابع/الباب-السابع/ف04-أ-المداخلة-والمناقشة.md	47، 77	لم نجرّب هذا الأسلوب أبدًا ولم ينجح!	جرّبنا هذا الأسلوب ولم ينجح أبدًا!	رفع تناقض في كلام بلال (لم نجرّب… ولم ينجح) بما يوافق تحليل الفصل أن ملاحظته صحيحة؛ في الموضعين	2
المجلد-السابع/الباب-السابع/ف04-أ-المداخلة-والمناقشة.md	143	عامية، وحشو («طيب بس»، «يعني»)	عامية، وحشو («طيب بس»، «وكمان»)	جدول التحليل يستشهد بلفظ غير وارد في النموذج ①	1
المجلد-السابع/الباب-السابع/ف04-أ-المداخلة-والمناقشة.md	225	«أعتذر، أختم بجملة واحدة: …» جزاكم الله خيرًا.»	«أعتذر، أختم بجملة واحدة: … جزاكم الله خيرًا.»	موازنة علامات التنصيص	1
المجلد-السابع/الباب-السابع/ف04-ب-المداخلة-التطبيق-والتقويم.md	269	في ثلاث محاكاة متتالية	في ثلاث محاكيات متتالية	تمييز العدد من ثلاثة إلى عشرة جمعٌ مجرور	1
المجلد-السابع/الباب-السابع/ف03-أ-الاستيضاح-وإعادة-الصياغة.md	210	إذا فهمتُ ملاحظتكم صحيحة	إذا فهمتُ ملاحظتكم فهمًا صحيحًا	«صحيحة» تصير حالًا من الملاحظة فتفسد المعنى؛ المراد وصف الفهم	1
المجلد-السابع/الباب-السابع/ف05-ب-الإقناع-الدرس-الثاني.md	275	لكان أطمأن لقلبك وقلبي	لكان أدعى إلى طمأنينة قلبك وقلبي	«أطمأن» اسم تفضيل غير قياسي من المزيد اطمأنّ، والتركيب بلا مسند إليه واضح	1
المجلد-السابع/الباب-السابع/ف05-ب-الإقناع-الدرس-الثاني.md	115	«أعرف الحكم أكثر منكم»	«أعرف الحكم أكثر من كثير من الناس هنا»	مطابقة ما بين علامتي التنصيص في الجدول لنصّ النموذج ①	1
المجلد-السابع/الباب-السابع/ف03-ب-الاستيضاح-التطبيق-والتقويم.md	248	خبر ينقله غائب	خبر يُنقل عن غائب	مطابقة ما قرره الدرس: الخبر منقول عن غائب لا ينقله غائب	1
المجلد-السابع/الباب-السابع/ف05-أ-الإقناع-المدخل-والدرس-الأول.md	340	أركان الحجة عند المحدثين	أركان الحجة عند أرسطو وتولمن	العنوان يُلبس بالمحدِّثين ولا يصدق على أرسطو؛ تسمية من عُرض كلامهما في الفقرة	1
المجلد-السابع/الباب-السابع/ف06-أ-المناظرة-وأدبها.md	246	[^3]: البيهقي، مناقب الشافعي، تحقيق السيد أحمد صقر، ١/١٧٤–١٧٥؛ وأبو نعيم، حلية الأولياء، مكتبة الخانجي ومطبعة السعادة، القاهرة، ط١، ١٣٥٧هـ/١٩٣٨م، ٩/١١٨.	[^3]: القول الأول في البيهقي، مناقب الشافعي، تحقيق السيد أحمد صقر، ١/١٧٤؛ والثاني بلفظه في أبي نعيم، حلية الأولياء، مكتبة الخانجي ومطبعة السعادة، القاهرة، ط١، ١٣٥٧هـ/١٩٣٨م، ٩/١١٨، وهو عند البيهقي ١/١٧٤–١٧٥ بلفظ: «ما كلَّمتُ أحدًا قطّ إلا ولم أبالِ بيَّنَ اللهُ الحقَّ على لساني أو لسانِه».	فصل موضع كل قول، وبيان اختلاف اللفظ (ناظرت/كلّمت) بين الحلية ومناقب البيهقي على المطبوع	1
المجلد-السابع/الباب-السابع/ف05-ج-الإقناع-التطبيق-والتقويم.md	203	ثُمَّ آتِ بِدَلِيلِهَا	ثُمَّ ائْتِ بِدَلِيلِهَا	أمر «أتى» ائتِ، و«آتِ» أمر «آتى» بمعنى أعطِ	1
المجلد-السابع/الباب-السابع/ف05-ج-الإقناع-التطبيق-والتقويم.md	212	ووضوح الحاء والعين في «الحجة»	ووضوح العين في «دعواك» والحاء في «الحجة»	لا عين في «الحجة»؛ نُسب كل حرف إلى كلمته من الكلمتين المبرزتين في النص	1
المجلد-السابع/الباب-السابع/ف07-ب-النقد-والنصيحة-الدرس-الثاني.md	13	يستعمل الأمر والنهي بأربعة مخاطَبين ومقامات مختلفة، وبأربع درجات من الرسمية.	يستعمل الأمر والنهي مع مخاطَبين ومتكلمين وقنوات مختلفة، وبدرجات متفاوتة من الرسمية.	الهدف يعد أربعة مخاطبين وأربع درجات، والدرس فيه ثلاثة وثلاث	1
المجلد-السابع/الباب-السابع/ف06-ب-المناظرة-التطبيق-والتقويم.md	77	س٤ (الأولى) مقابل س٤ (المحسّنة)	س٤ (الأولى) مقابل س٦ (المحسّنة)	الإحالة إلى سطر زينب في النسخة المحسّنة س٦ لا س٤	1
المجلد-السابع/الباب-السابع/ف06-ب-المناظرة-التطبيق-والتقويم.md	75	دعوى ودليل محدد (رقم، مصدر) واستنتاج	دعوى ودليل محدد (واقعة وأثرها) واستنتاج	الجدول ينسب إلى النموذج رقمًا ومصدرًا ليسا فيه	1
المجلد-السابع/الباب-السابع/ف06-ب-المناظرة-التطبيق-والتقويم.md	48	وتُبني اعتراضها	وتبني اعتراضها	مضارع الثلاثي «بنى» بفتح حرف المضارعة	1
المجلد-السابع/الباب-السابع/ف07-ب-النقد-والنصيحة-الدرس-الثاني.md	205	ينتقد شخص أنس وتاريخه	ينتقدان شخص أنس وتاريخه	مطابقة الخبر للمبتدأ المتعاطف في التثنية	1
المجلد-السابع/الباب-السابع/ف07-ب-النقد-والنصيحة-الدرس-الثاني.md	243	مقابل س٥–٨ (المحسّنة)	مقابل س٤–٨ (المحسّنة)	السؤال الموجّه الأول في س٤ من النسخة المحسّنة	1
المجلد-السابع/الباب-السابع/ف07-ج-النقد-والنصيحة-التطبيق-والتقويم.md	68	يا أستاذَ إبراهيمَ	يا أستاذُ إبراهيمُ	المنادى غير مضاف فيُبنى على الضم، والفتح يجعله «أستاذ إبراهيم» أي معلّمه	1
المجلد-السابع/الباب-السابع/ف07-ج-النقد-والنصيحة-التطبيق-والتقويم.md	63	لكن تأخرَ اليومِ	لكنَّ تأخرَ اليومِ	نصب اسم «لكنّ» يقتضي إظهار الشدة كما في السطر السابق	1
المجلد-السابع/الباب-السابع/ف07-ج-النقد-والنصيحة-التطبيق-والتقويم.md	239	لماذا كوفئ حمزة بنقطة إضافية في الحوار الأول خطأً تربويًّا؟	لماذا كانت مكافأة حمزة بنقطة إضافية في الحوار الأول خطأً تربويًّا؟	تقويم تركيب السؤال: «خطأً» بلا ناصب والمعنى المراد أن المكافأة خطأ	1
المجلد-السابع/الباب-السابع/ف07-ج-النقد-والنصيحة-التطبيق-والتقويم.md	295	ومن استُعمل تسجيله في «الاستماع» فلا بد من إذنه المسبق.	ومن استُعمل تسجيله في أي نشاط فلا بد من إذنه المسبق.	نشاط الاستماع في هذا الفصل لا يستعمل تسجيلات المتدربين	1
المجلد-الثامن/الباب-التاسع/ف01-أ-المدخل-وبناء-الخطبة.md	67	قال جابر بن سمرة رضي الله عنه: «كُنْتُ أُصَلِّي	«كُنْتُ أُصَلِّي	حذف تكرار عبارة التقديم للحديث (بقية تحرير)، دون مساس بنص الحديث	1
المجلد-الثامن/الباب-التاسع/ف02-أ-المدخل-وبناء-المحاضرة.md	294	تفتح بابًا من البر غدًا». Then the bridge.	تفتح بابًا من البر غدًا». ثم الجسر إلى ما بعده.	إزالة عبارة إنجليزية باقية من المسودة وإتمام خطوات المقطع الخمس بالعربية	1
المجلد-الثامن/الباب-التاسع/ف01-ج-التطبيق-والتقويم.md	368	لماذا يُعد رفع لفظ الجلالة في «مَن يهده الله» خطأً قاتلًا؟	لماذا يُعد نصب لفظ الجلالة في «مَن يهده الله» خطأً قاتلًا؟	تصحيح سؤال الاختبار: الخطأ القاتل نصب لفظ الجلالة لا رفعه	1
المجلد-الثامن/الباب-التاسع/ف01-ج-التطبيق-والتقويم.md	100	جملة فكرة من أربع عشرة كلمة	جملة فكرة من ثماني كلمات	تصحيح عدد كلمات جملة الفكرة في جدول «ماذا تغيّر؟» (ثماني كلمات)	1
المجلد-الثامن/الباب-التاسع/ف01-أ-المدخل-وبناء-الخطبة.md	349	| المحور الثالث | ٢ دقيقة |	| المحور الثالث | دقيقتان |	العدد والمعدود: الاثنان يُعبَّر عنهما بالمثنى «دقيقتان»	1
المجلد-الثامن/الباب-التاسع/ف01-ج-التطبيق-والتقويم.md	300	و«↓» خفض الصوت:	و«↑» رفع الصوت أو الطبقة، و«↓» خفض الصوت:	إتمام مفتاح رموز الأداء برمز «↑» المستعمل في النص والتمرين	1
المجلد-الثامن/الباب-التاسع/ف01-ج-التطبيق-والتقويم.md	341	4. أين علا صوته، وأين خفض؟ وهل وافق ذلك المعنى؟	4. أين علا صوته، وأين خفض؟ وهل وافق ذلك المعنى؟⏎5. اذكر خمسة أخطاء من «أخطاء الخطيب الشائعة» وقعت فيها الخطبة، واقترح لكل خطأ علاجًا محددًا.	إضافة سؤال استماع يحقق الهدف السادس للفصل (تشخيص خمسة أخطاء واقتراح علاجها)	1
المجلد-الثامن/الباب-التاسع/ف02-أ-المدخل-وبناء-المحاضرة.md	317	افتتاحه من التدريب الحر (١).	افتتاحه من التدريب الموجّه (١).	تصحيح إحالة داخلية: الافتتاح يُكتب في التدريب الموجّه (١) لا في التدريب الحر (١)	1
المجلد-الثامن/الباب-التاسع/ف02-ب-الدرس-الثاني.md	128	وكلفتها ذلك ثقة الصف	وكلفها ذلك ثقة الصف	مطابقة الفعل لفاعله المذكّر «ذلك»	1
المجلد-الثامن/الباب-التاسع/ف02-ب-الدرس-الثاني.md	168	التي مرت في مدخل الفصل:	التي مرت في الدرس الأول:	تصحيح إحالة داخلية: محاضرة الدكتور يوسف في الدرس الأول لا في مدخل الفصل	1
المجلد-الثامن/الباب-التاسع/ف02-ب-الدرس-الثاني.md	184	### تدريب موجّه (٢):	### التدريب الموجّه (٢):	توحيد عنوان التدريب مع نظائره بالتعريف	1
المجلد-الثامن/الباب-التاسع/ف02-ج-التطبيق-والتقويم.md	78	يمثلون بلال وحفصة ومريم	يمثلون بلالًا وحفصة ومريم	نصب المفعول به المنصرف وتنوينه «بلالًا»	1
المجلد-الثامن/الباب-التاسع/ف02-ج-التطبيق-والتقويم.md	134	لكن حتى العشرَ دقائقَ صعبةٌ	لكن حتى الدقائقُ العشرُ صعبةٌ	رفع المبتدأ بعد «حتى» الابتدائية وتعريف العدد مع معدوده	1
المجلد-الثامن/الباب-التاسع/ف02-ج-التطبيق-والتقويم.md	217	وخطًّا تحت الكلمة المنبورة	واجعل الكلمة المنبورة عريضة	توحيد رمز النبر مع اصطلاح الفصل (الكلمة العريضة)	1
المجلد-الثامن/الباب-التاسع/ف04-أ-المدخل-والدرس-الأول.md	69	وأصلها في كتبهم أن الناقل «لا يَرِدُ عليه إلا طلبُ تصحيح النقل»	وأصلها في كتبهم أن الناقل لا يَرِدُ عليه «إلا طلبُ تصحيح النقل»	حصر علامتي التنصيص في القدر المطابق للفظ المطبوع (الولدية ص١٢: «فلا يرد عليك إلا طلب تصحيح النقل»)	1
المجلد-الثامن/الباب-التاسع/ف03-أ-المدخل-والدرس-الأول.md	84	لم يكن الحديث في خطبة طويلة ولا في مجلس علم، بل في كلمتين ألقاهما رجلان في مقام عابر، فبلغتا من التأثير ما جعل النبي ﷺ يصفهما بهذا الوصف. ويُستفاد من موضع الحديث أن قصر الكلام لا يمنعه أن يبلغ أثرًا بالغًا، إن أُحسن بناؤه وأداؤه.	والخبر لا يذكر طول الخطبتين ولا قصرهما، وإنما يذكر أثر بيانهما في السامعين حتى عجبوا منه. والذي نأخذه منه أن أثر الكلام يُطلب في حسن بنائه وأدائه لا في طوله، فلا يمنع الكلامَ قصرُه أن يبلغ أثرًا بالغًا إن أُحسن بناؤه وأداؤه.	حذف تفصيلات لا يذكرها الخبر (كلمتين، مقام عابر) وردّ الاستنباط إلى كلام المؤلف	1
المجلد-الثامن/الباب-التاسع/ف04-أ-المدخل-والدرس-الأول.md	69	ومن القواعد المشهورة عند أهل آداب البحث والمناظرة قولهم: «	ومن القواعد الدائرة على الألسنة في آداب البحث والمناظرة: «	رفع نسبة اللفظ إلى أهل الفن لأن الحاشية نفسها تنص على عدم الوقوف عليه بلفظه في المطبوع	1
المجلد-الثامن/الباب-التاسع/ف03-أ-المدخل-والدرس-الأول.md	228	وأخرجه أيضًا (٥١٤٦) في كتاب النكاح، باب الخطبة، بلفظ: «إنّ من البيان سحرًا».	وأخرجه أيضًا (٥١٤٦) في كتاب النكاح، باب الخطبة.	حذف لفظ منسوب إلى الموضع ٥١٤٦ لم يُطابق على المطبوع	1
المجلد-الثامن/الباب-التاسع/ف03-ج-التطبيق-والتقويم.md	213	اذكر حديثًا واحدًا يدل على أن الكلام القصير قد يبلغ أثرًا بالغًا، مع تخريجه.	اذكر حديثًا واحدًا في أثر البيان في السامعين، مع تخريجه.	السؤال كان يحمّل الحديث دلالة على القِصَر لا يذكرها الخبر	1
المجلد-الثامن/الباب-التاسع/ف04-أ-المدخل-والدرس-الأول.md	256	حَتَّى تُفْهَمَ عَنْهُ» (رواه البخاري)[^2]	حَتَّى تُفْهَمَ عَنْهُ»[^2]	حذف عزو مكرر في الجملة نفسها (صدرها: روى البخاري)، والتخريج في الحاشية	1
المجلد-الثامن/الباب-التاسع/ف03-أ-المدخل-والدرس-الأول.md	130	ليسهل على المترجم أداءها.	ليسهل على المترجم أداؤها.	رفع الفاعل: أداؤها فاعل «يسهل»	1
المجلد-الثامن/الباب-التاسع/ف05-أ-العطل-وضيق-الوقت.md	106	أن العطل أرباكه هو	أن العطل أربكه هو	تصحيح إملائي: أربكه	1
المجلد-الثامن/الباب-التاسع/ف05-أ-العطل-وضيق-الوقت.md	82	قدم الأشجّ عبد القيس على النبي	قدم أشجّ عبد القيس على النبي	لا تدخل «ال» على المضاف: أشجّ عبد القيس	1
المجلد-الثامن/الباب-التاسع/ف04-ج-التطبيق-والتقويم.md	57	قالب يتكرر أربع مرات في الحوار	قالب يتكرر ثلاث مرات في الحوار	العدد يخالف الحوار: وردت العبارة ثلاث مرات	1
المجلد-الثامن/الباب-التاسع/ف03-ب-الدرس-الثاني.md	243	فلنستمعْ الآنَ إلى الورقةِ الأولى، وأترك الحديثَ	فلنستمعِ الآنَ إلى الورقةِ الأولى، وأتركُ الحديثَ	تحريك الساكن لالتقاء الساكنين، وضبط «أتركُ» في نص مضبوط للأداء	1
المجلد-الثامن/الباب-التاسع/ف03-ب-الدرس-الثاني.md	253	| س١١ | ثناء عام جاهز	| س١١–س١٢ | ثناء عام جاهز	موافقة رقم السطر للحوار الأول وعنوان التحليل (س١١–س١٢)	1
المجلد-الثامن/الباب-التاسع/ف03-ب-الدرس-الثاني.md	257	(الدكتور عمر، والفني، والمنسقة)	(الدكتور عمر، والقارئ، والفني)	موافقة الأدوار لأشخاص النسخة المحسّنة	1
المجلد-الثامن/الباب-التاسع/ف03-ج-التطبيق-والتقويم.md	38	فيكرر خطأ الدرس الأول: صيغة الفرد	فيكرر خطأ الدرس الثاني: صيغة الفرد	الإحالة إلى الدرس الذي تناول صيغة الجماعة	1
المجلد-الثامن/الباب-التاسع/ف04-ج-التطبيق-والتقويم.md	377	اطلب من ثلاثة من الحاضرين أن يكتب كل منهم نتيجتك	اطلب من أربعة من الحاضرين أن يكتب كل منهم نتيجتك	موافقة المهمة لمعيار الإتقان (ثلاثة من أربعة مستمعين)	1
المجلد-الثامن/الباب-التاسع/ف03-ج-التطبيق-والتقويم.md	164	أَهلًا وسَهلًا بِكُم	أَهلًا وَسَهلًا بِكُم	استكمال الشكل في نص موصوف بالشكل التام	1
المجلد-الأول/الباب-الأول/ف03-ب-التطبيق-والتقويم.md	204	4. أبو علقمة النحوي بعد سقوطه، لكنه هذه المرة يتكلم بلسان فصيح مأنوس.	4. أبو علقمة النحوي حين أفاق والناس مجتمعون عليه، لكنه هذه المرة يتكلم بلسان فصيح مأنوس.	إزالة بقية الخلط بين خبر أبي علقمة (ثار به المُرار، المحتسب ٢/١٩٣) وسقوط عيسى بن عمر عن حماره؛ وفق سجل النقول م١-١٣٧	1
المجلد-الأول/الباب-الأول/ف03-ب-التطبيق-والتقويم.md	60	مثال حي على «تنافر الكلمات» بالمعنى الذي شرحه الدرس: ثقل يأتي من التكرار لا من صعوبة اللفظ.	مثال حي على «الإطالة بالمترادف» التي عدّها الدرس من مصادر الثقل: ثقل يأتي من تكرار المعنى لا من صعوبة اللفظ. وليس هذا «تنافر الكلمات» عند البلاغيين، فذاك ثقلٌ في اجتماع الأصوات على اللسان.	تصحيح مصطلح: الترادف المكرر «إطالة بالمترادف» كما في جدول الدرس، لا «تنافر الكلمات» الذي عرّفه الدرس ثقلًا صوتيًّا	1
المجلد-الأول/الباب-الأول/ف03-ب-التطبيق-والتقويم.md	47	هذا بالضبط ما درسناه اليوم في المحاضرة: تنافر الكلمات، لا في مخارجها هذه المرة، بل في تكرار معناها.	هذا بالضبط ما درسناه اليوم في المحاضرة: الإطالة بالمترادف؛ كلماتٌ تملأ الجملة ولا تزيدها معنى.	تصحيح المصطلح في كلام حفصة ليوافق الدرس (الإطالة بالمترادف) ويتّسق مع التحليل في س٢٠	1
المجلد-الأول/الباب-الأول/ف03-أ-المفاهيم-والدرس.md	527	و«وقبرُ حربٍ بمكانٍ قفرِ»؛ عروس الأفراح	و«وليس قربَ قبرِ حربٍ قبرُ»؛ عروس الأفراح	طوبق على مصوّرة المطبوع (عروس الأفراح ١/٧٦): شاهد المتن «وليس قرب قبر حرب قبر»، والشطر الأول من شرح السبكي؛ ويُصحَّح نص م١-١٢٤ في السجل وledger.py بمثله	1
المجلد-الأول/الباب-الأول/ف03-ب-التطبيق-والتقويم.md	223	**انتبه إلى:** الظاء في «يخلُص»، والضاد في «فَصُحَ» و«الحال»، وعدم تحويل الحاء إلى هاء في «صحيح».	**انتبه إلى:** الظاء في «اللَّفظُ» فلا تجعلها زايًا؛ والصاد في «يَخلُصِ» و«فَصاحَةَ» و«فَصُحَ» و«يَصِلْ» فلا تجعلها سينًا؛ والحاء في «فَصاحَةَ» و«فَصُحَ» و«الحالَ» فلا تجعلها هاءً.	تنبيه المخارج كان يذكر حروفًا ليست في نص التدريب (ظاء في «يخلص»، ضاد في «فصح» و«الحال»، و«صحيح»)؛ أُثبتت الحروف الواردة فيه فعلًا	1
المجلد-الأول/الباب-الأول/ف02-ب-الدرس-الثاني.md	16	ذكر التكليف الذي كُتب له هذا الكتاب مشكلة تحضر في روحه كله:	عرضت المقدمة مشكلةً تحضر في روح هذا الكتاب كله:	إزالة لغة إنتاج («التكليف الذي كُتب له الكتاب») من المتن، والإحالة إلى المقدمة التي عرضت المشكلة	1
المجلد-الأول/الباب-الأول/ف03-ب-التطبيق-والتقويم.md	312	وجّههم إلى سؤال الجاحظ نفسه: هل فهمه أكثر السامعين؟	ذكّرهم بما قرره الجاحظ في الوحشي من الكلام، ثم اسألهم: هل فهمه أكثر السامعين؟	نسبة سؤالٍ تربوي معاصر إلى الجاحظ بلا مصدر؛ أُعيدت صياغته بصوت الكتاب مع الإحالة إلى ما قرره الجاحظ (الباب ٨٣ §٣)	1
المجلد-الأول/الباب-الأول/ف03-ب-التطبيق-والتقويم.md	283	أمران متلازمان لا مترادفان	أمران متكاملان لا مترادفان	تناقض داخلي: «متلازمان» مع «وقد يفترقان»؛ والدرس ينصّ على افتراقهما	1
المجلد-الأول/الباب-الأول/ف03-ب-التطبيق-والتقويم.md	5	والتدريبات الإحدى عشرة	والتدريبات الأحد عشر	مطابقة العدد للمعدود المذكّر (تدريب)، كسائر مواضع السلسلة	1
المجلد-الأول/الباب-الأول/ف03-ب-التطبيق-والتقويم.md	217	خلاصة الدرس في جملتين	خلاصة الدرس في ثلاث جمل	النص ثلاث جمل شرطية لا جملتان	1
المجلد-الأول/الباب-الأول/ف03-ب-التطبيق-والتقويم.md	56	فلم تُبِنْ عن أستاذة أنيسة نفسها	فلم تُبِنْ عن الأستاذة أنيسة نفسها	سقوط «ال» من اللقب يقلبه إضافة	1
المجلد-الأول/الباب-الأول/ف03-ب-التطبيق-والتقويم.md	56	سليمة نحويًا	سليمة نحويًّا	شدّة ياء النسب مع التنوين وفق رسم الكتاب	1
المجلد-الأول/الباب-الأول/ف03-ب-التطبيق-والتقويم.md	137	بحثًا معجميًا	بحثًا معجميًّا	شدّة ياء النسب مع التنوين وفق رسم الكتاب	1
المجلد-الأول/الباب-الأول/ف03-ب-التطبيق-والتقويم.md	167	وسّع توسيعًا طبيعيًا لا متكلفًا	وسّع توسيعًا طبيعيًّا لا متكلفًا	شدّة ياء النسب مع التنوين، كنظيره في الفصل الثاني	1
المجلد-الأول/الباب-الأول/ف03-ب-التطبيق-والتقويم.md	97	(كيف يتغير أسلوب حفصة في العرض؟)	(كيف يتغير أسلوب عائشة في العرض؟)	المقصودة بالعرض عائشة لا حفصة، فحفصة غائبة في هذا التنويع	1
المجلد-الأول/الباب-الأول/ف03-ب-التطبيق-والتقويم.md	300	تكملةً لجلسات الدرس الأول	تكملةً لجلسات الدرس	الفصل الثالث درس واحد، فلا «درس أول»؛ وتبقى ملاحظة توقيت جلسات الدرس للمحرر	1
المجلد-الأول/الباب-الأول/ف03-ب-التطبيق-والتقويم.md	76	جملة واحدة تصف عشرين سنة من الصبر	جملة واحدة تصف خمسة وعشرين عامًا من الصبر	موافقة بطاقة المقام: خمسة وعشرون عامًا في التدريس	1
المجلد-الأول/الباب-الأول/ف03-ب-التطبيق-والتقويم.md	91	| س١١ | «الفضل الجزيل	| س١١ (الأولى) | «الفضل الجزيل	توحيد وسم أسطر النسخة الأولى في جدول «ماذا تغيّر؟»	1
المجلد-الأول/الباب-الأول/ف03-ب-التطبيق-والتقويم.md	197	عبّر برأيك.	عبّر عن رأيك.	تصحيح المتلازمة: «عبّر عن» لا «عبّر بـ»	1
المجلد-الأول/الباب-الأول/ف02-ب-الدرس-الثاني.md	335	وهم أول ما يتذكره المستمع من الحلقة	وهو أول ما يتذكره المستمع من الحلقة	ضمير بلا مرجع: «وهم» والمراد ردّ السؤال، فهو «وهو»	1
المجلد-الأول/الباب-الأول/ف02-ب-الدرس-الثاني.md	332	وهذا هو طرفا معرفة القدر معًا	وهذان هما طرفا معرفة القدر معًا	مطابقة اسم الإشارة وضمير الفصل للخبر المثنى، كنظيرها في ف02-ج	1
المجلد-الأول/الباب-الأول/ف02-ب-الدرس-الثاني.md	268	الباب الثالث (الجملة القصيرة والطويلة، المجلد الثالث)	الباب الثالث (العبارة، المجلد الثالث)، الفصل التاسع	تصحيح الإحالة: اسم الباب الثالث «العبارة»، و«الجملة القصيرة والطويلة» عنوان فصله التاسع	1
المجلد-الأول/الباب-الأول/ف02-أ-المدخل-والدرس-الأول.md	250	**طرف الزيادة:** سماع سلبي:	**طرف الزيادة:** صمت سلبي:	توحيد اسم طرف الزيادة مع الجدول («صمت سلبي»)، وتجنّب «السماع السلبي» المصطلح المعرَّف في الفصل السادس بمعنى آخر	1
المجلد-الأول/الباب-الأول/ف02-أ-المدخل-والدرس-الأول.md	369	يوم الإثنين القادم	يوم الاثنين القادم	همزة «الاثنين» همزة وصل	1
المجلد-الأول/الباب-الأول/ف02-أ-المدخل-والدرس-الأول.md	54	علماء اللغة التطبيقي منذ	علماء اللغة التطبيقيون منذ	مطابقة الصفة لموصوفها («علماء… التطبيقيون»)؛ والخطأ غير معدود في تحليل كلام صالح	1
المجلد-الأول/الباب-الأول/ف04-أ-المدخل-ومقتضى-الحال.md	58	بوصفه مثلًا سائرًا لا حديثًا نبويًّا ولا أثرًا	بوصفه أثرًا موقوفًا على أبي الطفيل جرى مثلًا سائرًا، لا حديثًا نبويًّا	هدف الدرس كان ينفي كونه أثرًا، والسجل (م١-١٣٩، م١-١٤٠) يثبته أثرًا موقوفًا على أبي الطفيل؛ مواءمةً للدرس	1
المجلد-الأول/الباب-الأول/ف06-أ-المدخل-والدرس.md	24	الجواب الذي يتفق عليه علماء العربية القدامى وعلماء تعليم اللغات المحدثون واحد:	والجواب الذي يأخذ به هذا الكتاب، وله أصلٌ عند ابن خلدون كما سيأتي:	دعوى اتفاق القدامى والمحدثين بلا مصدر؛ صيغت رأيًا للكتاب له أصل عند ابن خلدون (الدليل ٨٣ §٣)	1
المجلد-الأول/المدخل/ف01-العربية-ومستوياتها.md	15	الازدواجية اللغوية (diglossia)	الازدواجية اللغوية (Diglossia)	تنفيذ قرار تدقيق المصطلحات: المقابل الأجنبي بحرف كبير على عرف الكتاب	1
المجلد-الأول/الباب-الأول/ف04-ب-الدرس-الثاني.md	81	لا عامية في هذا المشروع إلا في موضعين	لا عامية في هذا الكتاب إلا في موضعين	لغة إنتاج في المتن («هذا المشروع»)؛ والكتاب يسمّي نفسه «هذا الكتاب»	1
المجلد-الأول/الباب-الأول/ف04-أ-المدخل-ومقتضى-الحال.md	90	فقد أُمر بموسى وهارون	فقد أُمر موسى وهارون	المأمور نائب فاعل بلا باء: «أُمر موسى وهارون»	1
المجلد-الأول/الباب-الأول/ف04-ب-الدرس-الثاني.md	70	«أبناءي،	«أبنائي،	رسم الهمزة: «أبنائي» على نبرة	1
المجلد-الأول/الباب-الأول/ف05-ب-التطبيق-والتقويم.md	55	الأسبوع الماضي: زميلها سليمان، منشغل ولا يحسن المساندة. اليوم: الأستاذة رقية، زميلة أقدم، تحسن التوجيه.	في الحوار الأول: زميلها سليمان، منشغل ولا يحسن المساندة. وفي النسخة المحسّنة: الأستاذة رقية، زميلة أقدم، تحسن التوجيه.	تعارض زمني بين البطاقة («اليوم») وعنوان النسخة المحسّنة («الأسبوع نفسه») والمحاضرة الأولى	1
المجلد-الأول/الباب-الأول/ف05-ب-التطبيق-والتقويم.md	137	ثماني مواقف	ثمانية مواقف	العدد من ٣ إلى ١٠ يخالف المعدود: «ثمانية مواقف»	1
المجلد-الأول/المدخل/ف01-العربية-ومستوياتها.md	36	يعمل الكتاب بخمسة مستويات، يعرضها الرسم الآتي:	يعمل الكتاب بأربعة مستويات تصحبها الأساليب المهنية، يعرضها الرسم الآتي:	«خمسة مستويات» يناقض قول القائمة إن الأساليب المهنية ليست مستوى مستقلًّا، والرسم بأربعة	1
المجلد-الأول/المدخل/ف01-العربية-ومستوياتها.md	32	والوسطى عند فريقٍ مستوىً مستقل	والوسطى عند فريقٍ مستوًى مستقل	رسم تنوين الفتح قبل الألف المقصورة على عرف الكتاب (ـًى)	1
المجلد-الأول/المدخل/ف01-العربية-ومستوياتها.md	44	وهي ليست مستوىً مستقلًّا	وهي ليست مستوًى مستقلًّا	رسم تنوين الفتح قبل الألف المقصورة على عرف الكتاب (ـًى)	1
المجلد-الأول/الباب-الأول/ف04-أ-المدخل-ومقتضى-الحال.md	133	لأن بلال نقل أسلوب المنبر	لأن بلالًا نقل أسلوب المنبر	اسم أنّ منصوب، و«بلال» منصرف: «بلالًا»	1
المجلد-الأول/الباب-الأول/ف04-ب-الدرس-الثاني.md	55	✔ «ما رأيك، مو أنا شايف الموضوع من زاوية ثانية؟» [هنا تظهر العامية، والفصيح المأنوس المناسب:] «أنا أرى الموضوع من زاوية مختلفة، تسمعني؟»	✘ «ما رأيك، مو أنا شايف الموضوع من زاوية ثانية؟» *(نزول إلى العامية)*⏎✔ «أنا أرى الموضوع من زاوية مختلفة، تسمعني؟»	جملة عامية تحت علامة الصواب؛ والقاعدة الخامسة لا تعرض العامية إلا خطأً يُصحَّح	1
المجلد-الأول/الباب-الأول/ف04-ب-الدرس-الثاني.md	75	◐ «خلونا نرتاح دقيقة من هذا الكلام الثقيل.»	✘ «خلونا نرتاح دقيقة من هذا الكلام الثقيل.»	النزول إلى العامية يخالف شرط القاعدة الرابعة، فعلامته الخطأ لا المقبول	1
المجلد-الأول/الباب-الأول/ف04-ب-الدرس-الثاني.md	84	◐ (نزول خاطئ إلى العامية ظنًّا أنه «تقرب»)	✘ (نزول خاطئ إلى العامية ظنًّا أنه «تقرب»)	المثال موصوف بأنه «نزول خاطئ» فعلامته ✘ لا ◐	1
المجلد-الأول/الباب-الأول/ف04-ب-الدرس-الثاني.md	117	التحول السريع بين السجول مهارة	التحول السريع بين السجلات مهارة	جمع «سِجِلّ» سجلات، و«السجول» جمع سَجْل (الدلو)	1
المجلد-الأول/الباب-الأول/ف04-ب-الدرس-الثاني.md	126	◐ **مطابقة سليمة:**	✔ **مطابقة سليمة:**	المطابقة السليمة هي الصواب الذي يقرره الدرس، فعلامتها ✔	1
المجلد-الأول/الباب-الأول/ف04-ب-الدرس-الثاني.md	174	وينزعج انطباع الضيف عن مهنية الشركة	ويسوء انطباع الضيف عن مهنية الشركة	«انزعج» لا يُسند إلى الانطباع؛ المراد: يسوء انطباع الضيف	1
المجلد-الأول/الباب-الأول/ف04-ب-الدرس-الثاني.md	223	والمازح ثوانٍ بعد دخول المديرة	والمازح ثوانيَ بعد دخول المديرة	ظرف منصوب، والمنقوص الممنوع من الصرف تظهر الفتحة على يائه: «ثوانيَ»	1
المجلد-الأول/الباب-الأول/ف04-ج-التطبيق-والتقويم.md	51	عودته إلى الرسمية الشديدة مع الدكتور حمزة صحيحة في ذاتها	عودته إلى الرسمية الشديدة مع الأستاذ عبد الله صحيحة في ذاتها	السائل في س٨ الأستاذ عبد الله لا الدكتور حمزة	1
المجلد-الأول/الباب-الأول/ف04-ج-التطبيق-والتقويم.md	60	قبل أن يعود إلى الرسمية مع سؤال الدكتور حمزة التالي	قبل أن يعود إلى الرسمية مع سؤال الأستاذ عبد الله التالي	السؤال التالي في النسخة المحسّنة (س٩) للأستاذ عبد الله	1
المجلد-الأول/الباب-الأول/ف04-ج-التطبيق-والتقويم.md	64	تفضلْ بالجلوسِ يا أستاذَ مصطفى.	تفضلْ بالجلوسِ يا أستاذُ مصطفى.	المنادى النكرة المقصودة مبني على الضم؛ والفتح يجعله مضافًا	1
المجلد-الأول/الباب-الأول/ف04-ج-التطبيق-والتقويم.md	91	أدِّ الحوار المحسّن في ثلاثي	أدِّ الحوار المحسّن في مجموعة من أربعة	في الحوار المحسّن أربعة متكلمين لا ثلاثة	1
المجلد-الأول/الباب-الأول/ف04-ج-التطبيق-والتقويم.md	254	1. **مقتضى الحال** مجموع ما يفرضه المقام على الكلام: المخاطَب، والمكان والزمان والمناسبة، ودرجة الرسمية، والزمن المتاح، ومزاج المخاطَب وحاله.	1. **مقتضى الحال** مجموع ما يفرضه المقام على الكلام، وعناصره ستة: منزلة المخاطَب وعلمه، وعدد المخاطَبين، والمكان والمناسبة، ودرجة الرسمية، والزمن المتاح، ومزاج المخاطَب وحاله.	الخلاصة لم تذكر العناصر الستة التي يشترطها معيار الإتقان؛ رُدّت إلى جدول الدرس الثاني	1
المجلد-الأول/الباب-الأول/ف04-ج-التطبيق-والتقويم.md	255	ومعناه صحيح وإن لم يثبت مصدره على وجه اليقين.	ويُروى من كلام أبي الطفيل موقوفًا عليه، وجاء شطرَ بيتٍ يُنسب إلى الحطيئة، ومعناه صحيح.	الخلاصة نفت ثبوت المصدر، والسجل (م١-١٣٩–١٤١) يثبته أثرًا عن أبي الطفيل وشطر بيت للحطيئة	1
المجلد-الأول/الباب-الأول/ف05-أ-المدخل-والدرس.md	178	أدنى منزلة بفارق كبير، وهذا أول درس تحضره عنده.	أدنى منزلة بفارق كبير، ولم تحضر عنده إلا دروسًا قليلة.	البطاقة تجعله أول درس، والنموذج الرفيع وتحليله يذكران درسًا ماضيًا	1
المجلد-الأول/الباب-الأول/ف05-أ-المدخل-والدرس.md	223	لا أسلوبًا مستعارًا؟	لا بأسلوبٍ مستعار؟	المعطوف بـ«لا» يتبع المعطوف عليه المجرور	1
المجلد-الأول/الباب-الأول/ف05-ب-التطبيق-والتقويم.md	32	«لو أخطأت في كلمة، سأصحح وأكمل.	«إن أخطأت في كلمة فسأصحح وأكمل.	جواب «لو» لا يقترن بالسين؛ صيغ بـ«إن» والفاء	1
المجلد-الأول/الباب-الأول/ف05-ب-التطبيق-والتقويم.md	31	«إن أخطأت في كلمة واحدة، سينهار كل شيء أمامهم.»	«إن أخطأت في كلمة واحدة فسينهار كل شيء أمامهم.»	الفاء واجبة في جواب الشرط المقترن بالسين	1
المجلد-الأول/الباب-الأول/ف05-ب-التطبيق-والتقويم.md	60	| **درجة الرسمية** | ٢–٣ بين الزميلات. |	| **درجة الرسمية** | ٢–٣ بين الزملاء. |	في المخاطَبين زميل (سليمان)، فالتعبير «بين الزملاء»	1
المجلد-الأول/الباب-الأول/ف05-ب-التطبيق-والتقويم.md	93	تمامًا كما تنبه هذا الفصل	تمامًا كما نبّه هذا الفصل	«تنبّه» بمعنى انتبه؛ والمراد «نبّه»، والفاعل مذكر	1
المجلد-الأول/الباب-الأول/ف05-ب-التطبيق-والتقويم.md	103	لا أستطيعُ يا أستاذةَ رقيةَ...	لا أستطيعُ يا أستاذةُ رقيةُ...	المنادى النكرة المقصودة مبني على الضم؛ والفتح يجعله مضافًا	1
المجلد-الأول/الباب-الأول/ف05-ب-التطبيق-والتقويم.md	160	«شكرًاجزيلاًوتحياتيللجميعوالسلامعليكم.»	«شكرًاجزيلًاوتحياتيللجميعوالسلامعليكم.»	رسم تنوين النصب على عرف الكتاب (ـًا)	1
المجلد-الأول/الباب-الأول/ف05-ب-التطبيق-والتقويم.md	291	تُدرَّب عليها كما تُدرَّب أي مهارة أخرى	يُتدرَّب عليها كما يُتدرَّب على أي مهارة أخرى	نائب الفاعل شبه جملة فالفعل مذكر، و«تدرّب» يتعدى بـ«على»	1
المجلد-الأول/الباب-الأول/ف05-ب-التطبيق-والتقويم.md	294	هل غيّرت تجربتك في التقليد	هل اكتسبت تجربتك في التقليد	«غيّرت ... معنى جديدًا» لا يستقيم؛ المراد «اكتسبت ... معنى جديدًا»	1
المجلد-الأول/الباب-الأول/ف05-ب-التطبيق-والتقويم.md	302	في بند «الثقة» عن	في بند «الطلاقة والثقة» عن	اسم البند في سلّم التقييم المعتمد «الطلاقة والثقة»	1
المجلد-الأول/الباب-الأول/ف06-أ-المدخل-والدرس.md	24,66,75,137	تلقائيًا	تلقائيًّا	رسم ظرف النسبة على عرف الكتاب (ـيًّا)؛ أربعة مواضع في الملف	4
المجلد-الأول/الباب-الأول/ف06-أ-المدخل-والدرس.md	149	متعلمان يستمعان الكمية نفسها	متعلمتان تستمعان الكمية نفسها	المتعلمتان امرأتان (مريم وهاجر)، فالمثنى مؤنث	1
المجلد-الأول/الباب-الأول/ف06-أ-المدخل-والدرس.md	155	**② المقبول (سماع مع ملاحظة عابرة بلا تكرار ولا تصحيح)**	**② المقبول (لو اكتفت هاجر بملاحظة عابرة بلا تكرار ولا تصحيح)**	البطاقة تجعل هاجر صاحبة الخطوات الست، والنموذج الثاني ينسب إليها السماع الناقص؛ جُعل افتراضًا	1
المجلد-الأول/الباب-الأول/ف06-أ-المدخل-والدرس.md	171	| نفس الساعة تقريبًا،	| الساعة نفسها تقريبًا،	على ما يقرره الكتاب (ف٣ مث٢٣): «الشيء نفسه» لا «نفس الشيء»	1
المجلد-الأول/الباب-الأول/ف06-ب-البرنامج-والتطبيق.md	10	وحوار إذاعي حواري	وبرنامج إذاعي حواري	تكرار «حوار ... حواري»؛ المراد برنامج إذاعي حواري	1
المجلد-الأول/الباب-الأول/ف06-ب-البرنامج-والتطبيق.md	28	ورددّ خلفه بصوت منخفض	وردِّد خلفه بصوت منخفض	رسم الأمر من «ردّد»: الشدة على الدال الأولى	1
المجلد-الأول/الباب-الأول/ف06-ب-البرنامج-والتطبيق.md	152	ورددّ خلفه في الوقت نفسه تقريبًا، خمس مرات	وردِّد خلفه في الوقت نفسه تقريبًا، خمس مرات	رسم الأمر من «ردّد»: الشدة على الدال الأولى	1
المجلد-الأول/الباب-الأول/ف06-ب-البرنامج-والتطبيق.md	60	تعبير 'يذهب بعض المؤرخين إلى أن...'	تعبير "يذهب بعض المؤرخين إلى أن..."	علامة التنصيص الداخلية على عرف الكتاب ("...")	1
المجلد-الأول/الباب-الأول/ف06-ب-البرنامج-والتطبيق.md	98	بعد كلمة 'المستمعين' قبل	بعد كلمة "المستمعين" قبل	علامة التنصيص الداخلية على عرف الكتاب ("...")	1
المجلد-الأول/الباب-الأول/ف06-ب-البرنامج-والتطبيق.md	76	✔ (نفس الملاحظة، بصيغة ودية طبيعية)	✔ (الملاحظة نفسها، بصيغة ودية طبيعية)	على ما يقرره الكتاب (ف٣ مث٢٣): «الشيء نفسه» لا «نفس الشيء»	1
المجلد-الأول/الباب-الأول/ف06-ب-البرنامج-والتطبيق.md	97	«تسجيلي مختلف عن الأصل شويًّا.»	«تسجيلي مختلف عن الأصل قليلًا.»	«شويًّا» عامية بتنوين فصيح في مثال مقبول؛ والمراد «قليلًا»	1
المجلد-الأول/الباب-الأول/ف06-ب-البرنامج-والتطبيق.md	102	لا صوتًا بعينه.	لا على صوتٍ بعينه.	المعطوف بـ«لا» يتبع المعطوف عليه المجرور	1
المجلد-الأول/الباب-الأول/ف06-ب-البرنامج-والتطبيق.md	241	2. «اسمَعْ / لاحِظْ / حَلِّلْ / أَعِدْ / قارِنْ / صَحِّحْ //»	2. «اسمَعْ، لاحِظْ، حَلِّلْ، أَعِدْ، قارِنْ، صَحِّحْ.»	التدريب يطلب وضع رموز السكتة، والبند الثاني مطبوع بها	1
المجلد-الأول/الباب-الأول/ف06-ب-البرنامج-والتطبيق.md	227	وسّع توسيعًا عمليًا بخطوات واضحة	وسّع توسيعًا عمليًّا بخطوات واضحة	رسم ظرف النسبة على عرف الكتاب (ـيًّا)	1
المجلد-الأول/الباب-الأول/ف06-ب-البرنامج-والتطبيق.md	269	الفرق بين النبر على «كثيرًا» في السطر الأول	الفرق بين النبر على «كثيرًا» في السطر الثاني	«كثيرًا» في السطر الثاني من المقطع لا الأول	1
المجلد-الثامن/الباب-التاسع/ف02-أ-المدخل-وبناء-المحاضرة.md	326	﴿يا أيها الذين آمنوا اتقوا الله وكونوا مع الصادقين﴾	﴿يَٰٓأَيُّهَا ٱلَّذِينَ ءَامَنُوا۟ ٱتَّقُوا۟ ٱللَّهَ وَكُونُوا۟ مَعَ ٱلصَّٰدِقِينَ﴾ (التوبة: ١١٩)	آيةٌ في حاشية تخريج (عنوان باب من الصحيح، أو قولٌ منقول) أُحيلت إلى موضعها وضُبطت بالرسم العثماني لمصحف المدينة من مصدرين متطابقين (quran.py)؛ الدليل ٢٣ §٤.١	1
المجلد-الثامن/الباب-الثامن/ف02-أ-إظهار-العلم-ومخاطبة-الكبير.md	216	﴿إذا جاء نصر الله﴾	﴿إِذَا جَآءَ نَصْرُ ٱللَّهِ﴾ (النصر: ١)	آيةٌ في حاشية تخريج (عنوان باب من الصحيح، أو قولٌ منقول) أُحيلت إلى موضعها وضُبطت بالرسم العثماني لمصحف المدينة من مصدرين متطابقين (quran.py)؛ الدليل ٢٣ §٤.١	1
المجلد-الثامن/الباب-الثامن/ف02-أ-إظهار-العلم-ومخاطبة-الكبير.md	216	﴿فسبح بحمد ربك واستغفره إنه كان توابا﴾	﴿فَسَبِّحْ بِحَمْدِ رَبِّكَ وَٱسْتَغْفِرْهُۚ إِنَّهُۥ كَانَ تَوَّابًۢا﴾ (النصر: ٣)	آيةٌ في حاشية تخريج (عنوان باب من الصحيح، أو قولٌ منقول) أُحيلت إلى موضعها وضُبطت بالرسم العثماني لمصحف المدينة من مصدرين متطابقين (quran.py)؛ الدليل ٢٣ §٤.١	1
المجلد-الحادي-عشر/المرجع-الأول-بنك-الأخطاء/ف02-الخطأ-في-السلام-والبسملة-والحمدلة.md	49	﴿وَإِذَا حُيِّيتُم بِتَحِيَّةٍ فَحَيُّوا بِأَحْسَنَ مِنْهَا أَوْ رُدُّوهَا﴾ (النساء: ٨٦)	﴿وَإِذَا حُيِّيتُم بِتَحِيَّةٍ فَحَيُّوا۟ بِأَحْسَنَ مِنْهَآ أَوْ رُدُّوهَآ﴾ (النساء: ٨٦)	آيةٌ مُحالة ضُبط لفظها على الرسم العثماني لمصحف المدينة كما هو (quran.py)	1
المجلد-الرابع/الباب-الرابع/ف03-ب-فن-الافتتاح.md	177	﴿يا أيها الذين آمنوا اتقوا الله وكونوا مع الصادقين﴾	﴿يَٰٓأَيُّهَا ٱلَّذِينَ ءَامَنُوا۟ ٱتَّقُوا۟ ٱللَّهَ وَكُونُوا۟ مَعَ ٱلصَّٰدِقِينَ﴾ (التوبة: ١١٩)	آيةٌ في حاشية تخريج (عنوان باب من الصحيح، أو قولٌ منقول) أُحيلت إلى موضعها وضُبطت بالرسم العثماني لمصحف المدينة من مصدرين متطابقين (quran.py)؛ الدليل ٢٣ §٤.١	1
المجلد-الرابع/الباب-الرابع/ف05-أ-فن-الانتقال.md	363	﴿وفصل الخطاب﴾	﴿وَفَصْلَ ٱلْخِطَابِ﴾ (ص: ٢٠)	آيةٌ في حاشية تخريج (عنوان باب من الصحيح، أو قولٌ منقول) أُحيلت إلى موضعها وضُبطت بالرسم العثماني لمصحف المدينة من مصدرين متطابقين (quran.py)؛ الدليل ٢٣ §٤.١	1
المجلد-السابع/الباب-السابع/ف02-ب-الجواب-الدرس-الثاني.md	420	﴿وما أنا من المتكلفين﴾	﴿وَمَآ أَنَا۠ مِنَ ٱلْمُتَكَلِّفِينَ﴾ (ص: ٨٦)	آيةٌ في حاشية تخريج (عنوان باب من الصحيح، أو قولٌ منقول) أُحيلت إلى موضعها وضُبطت بالرسم العثماني لمصحف المدينة من مصدرين متطابقين (quran.py)؛ الدليل ٢٣ §٤.١	1
المجلد-الثاني/الباب-الثاني/ف01-أ-المدخل-والمخارج.md	500	ص١٣٢، ١٣٩–١٤٠؛ وتعداد الأعضاء بلا هذا التقسيم في: إبراهيم أنيس، الأصوات اللغوية، مكتبة الأنجلو المصرية، ط٥، ١٩٧٥م، ص١٧–١٩.	ص١٣٢، ١٣٩–١٤٠.	حذف إحالة إلى أنيس ص١٧–١٩ لم تُطابَق على المطبوع ولا شاهد لها في السجل	1
المجلد-الثاني/الباب-الثاني/ف03-أ-المدخل-والأصوات-الخمسة.md	67	دخلت الإسبانية بلام، كـ«القاضي»	دخلت الإسبانية بلام تليها دال (ld)، كـ«القاضي»	مطابقة حكاية برجشتراسر: أُبدلت الضاد في الإسبانية (ld) لا لامًا وحدها	1
المجلد-الثاني/الباب-الثاني/ف03-ب-الدرس-الثاني-والأزواج.md	84	حين ينقلب المعنى كلمة حقيقية بأخرى	حين تُبدَل كلمة حقيقية بأخرى	إصلاح تركيب العنوان	1
المجلد-الثاني/الباب-الثاني/ف03-ب-الدرس-الثاني-والأزواج.md	124	في كلمتين متتاليتين	في كلمتين	الكلمتان غير متتاليتين في المثال	1
المجلد-الثالث/الباب-الثالث/ف01-أ-الاسمية-والفعلية.md	509	يدل الفعل على فاعله بلواحقه في أكثر لغات العالم، كما في العربية.	يدل الفعل على فاعله بلواحقه في أكثر اللغات التي شملتها خريطته، كما في العربية.	قصر الحكم على ما تثبته خريطة WALS 101A (عيّنة الأطلس) لا لغات العالم كلها	1
المجلد-الثالث/الباب-الثالث/ف02-ب-الإعراب-والنواسخ.md	110	وبعضها يفصل بين المضاف والمضاف إليه، وبين النعت والمنعوت.	وبعضها يفصل بين «كان» واسمها، وبين النعت والمنعوت.	مطابقة التحليل للمثال: الوقفات تفصل كان عن اسمها لا المضاف عن المضاف إليه	1
المجلد-الثالث/الباب-الثالث/ف02-أ-المطابقة.md	267	وأكثر أخطاء عبد الله في حفله زلّات من النوع الأول.	وأكثر أخطاء عبد الله في حفله زلّات لا أخطاء.	إزالة التناقض مع ترتيب قسمي كوردر (الخطأ أولًا ثم الزلّة)	1
المجلد-الثالث/الباب-الثالث/ف01-ب-التطبيق-والتقويم.md	316	نطق عشر جمل متتابعة في تدريب المطابقة بلا خطأ في التقدم والتأخر.	نطق عشر جمل متتابعة يتقدم فيها الفعل على فاعله ويتأخر عنه، بلا خطأ في المطابقة.	معيار الإتقان يحيل إلى تدريب غير موجود؛ رُدّ إلى نص الهدف الثالث	1
المجلد-الثالث/الباب-الثالث/ف02-ج-التطبيق-والتقويم.md	383	«أنتنّ»، «لكنّ»، «فعلتنّ»	«أنتنّ»، «لكُنّ»، «فعلتنّ»	ضبط «لكُنّ» لرفع اللبس بحرف «لكنّ» الناسخ	1
المجلد-الثالث/الباب-الثالث/ف02-أ-المطابقة.md	271	ثم علّل بكلمة واحدة: (العدد،	ثم علّل بكلمة واحدة (العدد،	حذف نقطتين مكررتين في جملة واحدة	1
المجلد-الثالث/الباب-الثالث/ف04-أ-التذكير-والتأنيث-والعدد.md	225	| ١٠ مفردة | توافق المعدود | جمع مجرور |	| ١٠ مفردة | تخالف المعدود | جمع مجرور |	العشرة المفردة تخالف معدودها كما في أمثلة الفصل نفسه	1
المجلد-الثالث/الباب-الثالث/ف04-أ-التذكير-والتأنيث-والعدد.md	167	العدد المركب («أحد عشر» إلى «تسعة عشر») جزآن يطابقان المعدود معًا، إلا «اثنا عشر» فيُعرب إعراب المثنى:	العدد المركب «أحد عشر» و«اثنا عشر» يطابق جزآه المعدود معًا (ويُعرب «اثنا عشر» إعراب المثنى)، وأما من «ثلاثة عشر» إلى «تسعة عشر» فيخالف جزؤه الأول المعدود كالأعداد ٣–٩، ويطابقه «عشر»:	تصحيح قاعدة العدد المركب: صدر ١٣–١٩ يخالف المعدود	1
المجلد-الثالث/الباب-الثالث/ف04-أ-التذكير-والتأنيث-والعدد.md	226	| ١١–١٩ (والعدد ١٢ خاصة) | يطابق الجزءان (أو المثنى في ١٢) | مفرد منصوب |	| ١١–١٩ | ١١ و١٢: يطابق الجزءان (ويُعرب ١٢ إعراب المثنى)؛ ١٣–١٩: يخالف الأول ويطابق «عشر» | مفرد منصوب |	تصحيح جدول العدد المركب	1
المجلد-الثالث/الباب-الثالث/ف03-أ-الأوزان-والمصادر.md	122	بضم أوله وكسر ما قبل آخره	بكسر ثالثه وزيادة ألف قبل آخره	قاعدة صوغ مصدر افتعل واستفعل: كسر الثالث وزيادة ألف قبل الآخر	1
المجلد-الثالث/الباب-الثالث/ف03-أ-الأوزان-والمصادر.md	195	 على وزن «اسْتِفْعال» أصلًا لا زيادة فيهما (كـ«استقبال» بلا تاء، بخلاف «استشار» الذي أصل مصدره القياسي «استشارة» لاعتلال عينه لا لزيادة تاء دخيلة؛ فالتاء هنا من صميم الوزن لا زائدة عليه)	، وهما فعلان معتلّا العين، فأصل مصدرهما على «اسْتِفْعال» («استِشْوار»، «استِضْياف»)، ثم حُذفت العين المعتلة وعُوِّض منها التاء في آخره؛ فالتاء فيهما عوضٌ لازم لا زيادة دخيلة، بخلاف «استقبال» الصحيح العين فلا تاء فيه	التاء في استشارة واستضافة عوض عن العين المحذوفة، ورفع التناقض في ملاحظة المدرب	1
المجلد-الثالث/الباب-الثالث/ف03-ب-النسبة-والجموع-والمعتل.md	26	وإن كانت أصلية بقيت | صحراء ← صحراوي (للتأنيث) / بناء ← بنائي (أصلية) |	وإن كانت أصلية بقيت، وإن كانت منقلبة عن واو أو ياء جاز الوجهان | صحراء ← صحراوي (للتأنيث) / بناء ← بنائي (منقلبة عن ياء، ويجوز «بناوي») |	همزة «بناء» منقلبة عن ياء لا أصلية، ويجوز فيها الوجهان	1
المجلد-الثالث/الباب-الثالث/ف03-ب-النسبة-والجموع-والمعتل.md	40	والمدنيّة نُسبت إلى «المدينة» بحذف التاء أيضًا	والمدنيّة نُسبت إلى «المدينة» بحذف التاء وياء «فَعِيلة» معًا، على قياس النسب إلى «فَعِيلة» (كـ«حنفيّ» من «حنيفة»)	النسب إلى فعيلة: حذف التاء والياء	1
المجلد-الثالث/الباب-الثالث/ف03-ب-النسبة-والجموع-والمعتل.md	95	جموع التكسير سماعية لا قياسية؛	جموع التكسير يغلب عليها السماع؛	موافقة السطر ١٦ وملاحظة التحقيق M1-80: جموع التكسير يغلب عليها السماع	1
المجلد-الثالث/الباب-الثالث/ف03-ب-النسبة-والجموع-والمعتل.md	488	**جموع التكسير سماعية.**	**جموع التكسير يغلب عليها السماع.**	تليين الإطلاق وفق M1-80	1
المجلد-الثالث/الباب-الثالث/ف03-ب-النسبة-والجموع-والمعتل.md	118	✘ «جاء الداعي إلى المؤتمر باكرًا.»	✘ «جاء داعيٌ إلى المؤتمر باكرًا.»	المثال المخطَّأ كان صحيحًا؛ الخطأ إثبات ياء المنقوص النكرة	1
المجلد-الثالث/الباب-الثالث/ف03-ب-النسبة-والجموع-والمعتل.md	163	بإثبات الواو وحذف الألف الفارقة الزائدة كتابةً لا نطقًا	بحذف ألف الفعل وبقاء الفتحة قبل واو الجماعة، والألف الفارقة بعدها تُكتب ولا تُنطق	تصحيح وصف أمر الناقص المسند إلى واو الجماعة	1
المجلد-الثالث/الباب-الثالث/ف03-ب-النسبة-والجموع-والمعتل.md	48	(تاريخ إسلامي، مثال آمن معروف)	(تاريخ إسلامي)	حذف لغة إنتاج من المتن	1
المجلد-الثالث/الباب-الثالث/ف04-ب-الإضافة.md	193	، و«مدرستين الأخريين» خطأ في حذف نون المثنى قبل النعت المضاف إليه («مدرستين الأخريين» ليست إضافة هنا لكن الخطأ في نون المثنى مع الوصف يستوجب تأمل السياق: الصواب أن يُقال «المدرستين الأخريين» بأل التعريف بلا إضافة، أو «مدرستَي الحيين الآخرين» إن أُضيفت).	. و«من مدرستين الأخريين» ليست إضافة، بل موصوف نكرة ونعته معرفة، والنعت يطابق منعوته تعريفًا وتنكيرًا؛ فالصواب «من المدرستين الأخريين».	تعليل الخطأ بعدم مطابقة النعت للمنعوت تعريفًا وتنكيرًا	1
المجلد-الثالث/الباب-الثالث/ف04-أ-التذكير-والتأنيث-والعدد.md	193	مئة وألف: تلزمان الإفراد والتذكير	مئة وألف: لا تتغيران بتذكير المعدود وتأنيثه	مئة مؤنثة اللفظ وتُثنّى وتُجمع؛ المقصود ثباتها مع جنس المعدود	1
المجلد-الثالث/الباب-الثالث/ف06-أ-أثر-اللغات-المحلية.md	315	كان معناه الاستيلاء بالباطل	غلب عليه معنى الاستيلاء بغير حق	تقييد دعوى معجمية مطلقة	1
المجلد-الثالث/الباب-الثالث/ف04-أ-التذكير-والتأنيث-والعدد.md	155	#### ٣. العدد ١٠ مفردة (غير مركبة): توافق معدودها،	#### ٣. العدد ١٠ مفردة (غير مركبة): تخالف معدودها كالأعداد من ٣ إلى ٩،	العشرة المفردة تخالف معدودها	1
المجلد-الثالث/الباب-الثالث/ف04-أ-التذكير-والتأنيث-والعدد.md	165	من ١١ إلى ١٩: يطابق الجزءان معدودهما	من ١١ إلى ١٩: يطابق «عشر» معدودَه، ويطابقه الجزء الأول في ١١ و١٢ ويخالفه من ١٣ إلى ١٩	تصحيح عنوان قاعدة العدد المركب	1
المجلد-الثالث/الباب-الثالث/ف04-أ-التذكير-والتأنيث-والعدد.md	46	يجب أن يطابقها في جزأيه	يجب أن يخالفها في جزئه الأول ويطابقها في الثاني	مطابقة التعليل لتصحيح «خمس عشرة»	1
المجلد-الثالث/الباب-الثالث/ف04-أ-التذكير-والتأنيث-والعدد.md	127	عكس المخالفة عند القلة، وتوافق عند غيرها.	المخالفة في الآحاد من ٣ إلى ٩ مفردةً ومركّبةً وفي العشرة المفردة، والموافقة فيما عدا ذلك.	ضبط القاعدة الجامعة للعدد	1
المجلد-الثالث/الباب-الثالث/ف04-أ-التذكير-والتأنيث-والعدد.md	231	خالِف بين العدد ومعدوده من ٣ إلى ٩ فقط، ووافقه فيما عداه.	خالِف بين العدد ومعدوده من ٣ إلى ١٠، وفي صدر المركّب من ١٣ إلى ١٩، ووافقه فيما عدا ذلك.	تصحيح نطاق المخالفة في العدد	1
المجلد-الثالث/الباب-الثالث/ف04-ب-الإضافة.md	390	العدد يخالف معدوده من ٣ إلى ٩ فقط	العدد يخالف معدوده من ٣ إلى ١٠، وفي صدر المركّب من ١٣ إلى ١٩	تصحيح نطاق المخالفة في الخلاصة	1
المجلد-الثالث/الباب-الثالث/ف04-أ-التذكير-والتأنيث-والعدد.md	179	قُدِّم لهنّ خمسَ	قُدِّم لهم خمسَ	ضمير الجمع المختلط «لهم» لا «لهنّ»	1
المجلد-الثالث/الباب-الثالث/ف04-أ-التذكير-والتأنيث-والعدد.md	117	تستوي فيها المذكر والمؤنث	يستوي فيها المذكر والمؤنث	تذكير الفعل مع فاعله «المذكر»	1
المجلد-الثالث/الباب-الثالث/ف04-أ-التذكير-والتأنيث-والعدد.md	120	لصيغتي فَعول وفَعّال بمعنى المبالغة	لصيغة فَعول بمعنى المبالغة	فعّال تلحقه التاء في المؤنث	1
المجلد-الثالث/الباب-الثالث/ف04-أ-التذكير-والتأنيث-والعدد.md	253	ومطابقة «ثلاثين»	وإعراب «ثلاثين»	خطأ «ثلاثين» في الإعراب لا في المطابقة	1
المجلد-الثالث/الباب-الثالث/ف04-أ-التذكير-والتأنيث-والعدد.md	262	جمع الصحة الصرفية التامة	جمع الصحة النحوية التامة	العدد والمعدود من النحو لا الصرف	1
المجلد-الثالث/الباب-الثالث/ف04-ب-الإضافة.md	146	جمعت السلامة الصرفية إلى	جمعت السلامة النحوية إلى	الإضافة من النحو لا الصرف	1
المجلد-الثالث/الباب-الثالث/ف04-ب-الإضافة.md	192	و«طلبٌ أغلبهم» كذلك	و«طلبٌ أغلبهم» تنوينٌ لحق الفعل الماضي «طلبَ» فنُطق كأنه اسم مضاف	«طلبَ» فعل ماضٍ لا مضاف	1
المجلد-الثالث/الباب-الثالث/ف04-ب-الإضافة.md	191	- **س٥:** «مئة طلاب»	- **س٣:** «خمسة عشر معلمة» خطأ في العدد المركب مع المؤنث (الصواب «خمسَ عشرةَ معلمةً»)، و«عشرون معلم» تمييز غير منصوب (الصواب «عشرون معلمًا»).⏎- **س٥:** «مئة طلاب»	تحليل تصحيح س٣ الذي ورد في النسخة المحسّنة بلا تعليل	1
المجلد-الثالث/الباب-الثالث/ف03-ب-النسبة-والجموع-والمعتل.md	500	بما لا يزيد عن خطأين نحويين وصرفيين	بما لا يزيد على خطأين نحويين أو صرفيين	موافقة نص مخرج المستوى في فاتحة الباب	1
المجلد-الثالث/الباب-الثالث/ف04-ب-الإضافة.md	403	بما لا يزيد عن خطأين نحويين وصرفيين	بما لا يزيد على خطأين نحويين أو صرفيين	موافقة نص مخرج المستوى في فاتحة الباب	1
المجلد-الثالث/الباب-الثالث/ف03-أ-الأوزان-والمصادر.md	183	ومصدر «اسْتَفْعَلَ» و«افْتَعَلَ» و«تَفَعَّلَ» لا تاء في آخره.	ومصدر «اسْتَفْعَلَ» الصحيحِ العين و«افْتَعَلَ» و«تَفَعَّلَ» لا تاء في آخره.	استثناء معتل العين الذي تلحقه تاء العوض	1
المجلد-الثالث/الباب-الثالث/ف03-ب-النسبة-والجموع-والمعتل.md	285	فالتاء فيها أصلية من وزن	فالتاء فيها عوض من العين المحذوفة في وزن	تاء استشارة تاء عوض لا أصلية	1
المجلد-الثالث/الباب-الثالث/ف03-ب-النسبة-والجموع-والمعتل.md	518	يظنون كل مصدر خماسي أو سداسي يحتاج تاء، فيصححون حتى ما لا يحتاج	يظنون كل تاء في آخر المصدر زائدة، فيصححون حتى ما لا يحتاج إلى تصحيح	تصحيح وصف الخطأ المتوقع ليوافق العلاج المذكور	1
المجلد-الثالث/الباب-الثالث/ف03-أ-الأوزان-والمصادر.md	73	| فَهَّمَ (جعله يفهم) | — |	| فَهَّمَ (جعله يفهم) | أَفْهَمَ (أوصل إليه المعنى) |	«أفهم» مستعمل فصيح	1
المجلد-الثالث/الباب-الثالث/ف03-ب-النسبة-والجموع-والمعتل.md	46	فهمزته أصلية من مادة «ب ن ي»، فتبقى كما هي	فهمزته منقلبة عن ياء أصلية (من مادة «ب ن ي»)، فيجوز أن تبقى كما هي	همزة «بناء» منقلبة عن ياء	1
المجلد-الثالث/الباب-الثالث/ف03-ب-النسبة-والجموع-والمعتل.md	66	| أسبوعات | القياس على جمع المذكر السالم |	| أسبوعات | القياس على جمع المؤنث السالم |	«أسبوعات» على جمع المؤنث السالم	1
المجلد-الثالث/الباب-الثالث/ف03-ب-النسبة-والجموع-والمعتل.md	73	خمسةُ أساتذةٍ، بينهم ثلاثُ دكتوراتٍ	خمسةُ أساتذةٍ وثلاثةُ دكاترةٍ	جمع «دكتور» للرجال «دكاترة» وفق جدول الفصل	1
المجلد-الثالث/الباب-الثالث/ف03-ب-النسبة-والجموع-والمعتل.md	99	من مادتين مختلفتي الوزن	من مادة واحدة على وزنين مختلفين	دارس ومدرّس من مادة واحدة	1
المجلد-الثالث/الباب-الثالث/ف03-ب-النسبة-والجموع-والمعتل.md	367	«اسعوا في طلب العلم، أيها الإخوة.» *(للمخاطَب المفرد)*	«اسعوا في طلب العلم، يا أخي.» *(للمخاطَب المفرد)*	رفع التناقض بين النداء والمخاطَب المفرد	1
المجلد-الثالث/الباب-الثالث/ف03-ب-النسبة-والجموع-والمعتل.md	195	الفعل المعتل يفقد حرف علته في مواضع أربعة تحتاج إلى ضبط خاص: إسناد الأجوف إلى تاء الفاعل، وأمر الناقص، وجزم مضارع الناقص، والأمر من الأفعال الثلاثة الشاذة «خُذ، كُل، مُر».	الفعل المعتل يفقد حرف علته في مواضع ثلاثة تحتاج إلى ضبط خاص: إسناد الأجوف إلى تاء الفاعل، وأمر الناقص، وجزم مضارع الناقص؛ ويشبهها في الحذف الأمرُ من الأفعال المهموزة الثلاثة «خُذ، كُل، مُر»، وهي تفقد همزتها لا حرف علة.	خذ وكل ومر مهموزة لا معتلة	1
المجلد-الثالث/الباب-الثالث/ف03-ب-النسبة-والجموع-والمعتل.md	490	**الفعل المعتل يفقد حرف علته** في أربعة مواضع: إسناد الأجوف إلى تاء الفاعل، وأمر الناقص، وجزم مضارعه، والأفعال الثلاثة الشاذة.	**الفعل المعتل يفقد حرف علته** في ثلاثة مواضع: إسناد الأجوف إلى تاء الفاعل، وأمر الناقص، وجزم مضارعه؛ ويُلحق بها حذف الهمزة في أمر المهموز الشاذ: «خُذ، كُل، مُر».	خذ وكل ومر مهموزة لا معتلة	1
المجلد-الثالث/الباب-الثالث/ف03-ب-النسبة-والجموع-والمعتل.md	236	(الثلثان حضروا بانتظام)	(حضر ثلثاهنّ بانتظام)	مطابقة الضمير للنساء المذكورات	1
المجلد-الثالث/الباب-الثالث/ف03-ب-النسبة-والجموع-والمعتل.md	497	وانسب إلى خمسة	ونسب إلى خمسة	توحيد صيغة معايير الإتقان بالماضي	1
المجلد-الثالث/الباب-الثالث/ف03-ب-النسبة-والجموع-والمعتل.md	450	بمثالين من عندي	بثلاثة أمثلة من عندي	موافقة هدف الفصل (ثلاثة أمثلة)	1
المجلد-الثالث/الباب-الثالث/ف05-أ-الأفعال-وحروف-الجر.md	16	يستبدل بعشرة أفعال إنجليزية واسعة الاستعمال	يستبدل بأفعال الإنجليزية الأربعة الواسعة الاستعمال	موافقة الهدف لما يُدرَّس (أربعة أفعال)	1
المجلد-الثالث/الباب-الثالث/ف05-أ-الأفعال-وحروف-الجر.md	5	أكثر من خمسين مثالًا مرمّزًا	خمسون مثالًا مرمّزًا	عدد الأمثلة المرمّزة خمسون	1
المجلد-الثالث/الباب-الثالث/ف05-ب-الضمير-والتعبيرات-والأزمنة.md	157	| **المصطلح الاصطلاحي** |	| **التعبير الاصطلاحي** |	توحيد المصطلح مع عنوان القسم	1
المجلد-الثالث/الباب-الثالث/ف05-ج-التطبيق-والتقويم.md	242	في مقابل ما تحتها خط من القوالب المرفوضة	في مقابل القوالب المرفوضة («تأخذها»، «تأخذه»)	لا خط تحت شيء في النص	1
المجلد-الثالث/الباب-الثالث/ف05-ج-التطبيق-والتقويم.md	329	كل ضمير مستتر مشروع	كل ضمير بارز مشروع	المقصود الضمير البارز لا المستتر	1
المجلد-الثالث/الباب-الثالث/ف06-أ-أثر-اللغات-المحلية.md	17	ست آليات للنقل: ترتيب الجملة، وعادات الزمن،	سبع آليات للنقل: ترتيب الجملة، وتتابع الأفعال، وعادات الزمن،	إدراج آلية تتابع الأفعال المدروسة في الدرس الأول	1
المجلد-الثالث/الباب-الثالث/ف07-أ-الحشو-الصوتي.md	107	كَسَرْدِكُمْ» (متفق عليه)[^3]	كَسَرْدِكُمْ» (رواه مسلم، وعلّقه البخاري)[^3]	رواية البخاري معلّقة (٣٥٦٨) ووصلها مسلم (٢٤٩٣)؛ فلا يُطلق «متفق عليه» (م٣-٠١١)	1
المجلد-الثالث/الباب-الثالث/ف07-ب-التكرار-والغموض.md	153	حَتَّى تُفْهَمَ عَنْهُ» (رواه البخاري)[^3]	حَتَّى تُفْهَمَ عَنْهُ»[^3]	حذف «(رواه البخاري)» المكرّر بعد «روى البخاري» في الجملة نفسها، والتخريج في الحاشية	1
المجلد-الثالث/الباب-الثالث/ف07-ب-التكرار-والغموض.md	10	بأربعة معايير.	بخمسة معايير.	جدول المعايير في الدرس خمسة صفوف (الغاية، الموضع، الصورة، العدد، الأثر) لا أربعة	1
المجلد-الثالث/الباب-الثالث/ف07-ج-التطبيق-والتقويم.md	397	ما المعايير الأربعة التي	ما المعايير الخمسة التي	موافقة سؤال التقويم لجدول المعايير الخمسة في الدرس	1
المجلد-الثالث/الباب-الثالث/ف06-ب-المخاطبة-والتحية-والتطبيق.md	523	سبع عبارات من ثماني في	سبع عبارات من ثمانٍ في	«ثمانٍ» منقوص نكرة مجرور حُذف تمييزه، فتُحذف ياؤه ويُنوَّن	1
المجلد-الثالث/الباب-الثالث/ف07-ب-التكرار-والغموض.md	311	«اجتماع الإثنين صار	«اجتماع الاثنين صار	همزة «الاثنين» همزة وصل لا تُكتب	1
المجلد-الثالث/الباب-الثالث/ف07-ج-التطبيق-والتقويم.md	255	تدريب الحاسوب إلى الإثنين في التاسعة	تدريب الحاسوب إلى الاثنين في التاسعة	همزة «الاثنين» همزة وصل لا تُكتب	1
المجلد-الثالث/الباب-الثالث/ف06-ب-المخاطبة-والتحية-والتطبيق.md	288	أن تدعوَ للمولودِ بعد الإمامِ	أن تدعوا للمولودِ بعد الإمامِ	توحيد خطاب الشيخ بجمع التعظيم في الجملة الواحدة (تدعوا… رأيتم… تقولوا… منكم)	1
المجلد-الثالث/الباب-الثالث/ف09-ب-متى-تطيل.md	86	### النموذج الثاني: استشارة اختيار موضوع البحث	### النموذج الثاني: مريم تعتذر عن خطئها	عنوان النموذج الثاني لا يطابق مضمونه (اعتذار مريم لا استشارة البحث)	1
المجلد-الثالث/الباب-الثالث/ف09-ب-متى-تطيل.md	329	أقل عدد كلممكن	أقل عدد ممكن من الكلمات	خطأ طباعي: التحام كلمتين «كلممكن»	1
المجلد-الثالث/الباب-الثالث/ف08-ج-التطبيق-والتقويم.md	59	هل تسمحُ وقتُك	هل يسمحُ وقتُك	مطابقة الفعل لفاعله المذكّر «وقتُك» في النسخة المحسّنة	1
المجلد-الثالث/الباب-الثالث/ف08-ج-التطبيق-والتقويم.md	28	هل تسمح وقتك	هل يسمح وقتك	مطابقة الفعل لفاعله المذكّر «وقتك»، وليس من الأخطاء المقصودة في النسخة الأولى	1
المجلد-الثالث/الباب-الثالث/ف09-أ-متى-توجز.md	86	(حُذف جواب الشرط لظهوره)	(حُذف مفعول «وجد» لظهوره)	تصحيح إعراب: جواب الشرط «وجد» مذكور، والمحذوف مفعوله	1
المجلد-الثالث/الباب-الثالث/ف09-ب-متى-تطيل.md	200	ماجستيرَ لاحقةٍ	ماجستيرٍ لاحقةٍ	«ماجستير» اسم جنس مصروف فيُجرّ بالكسرة مع التنوين	1
المجلد-الثالث/الباب-الثالث/ف09-أ-متى-توجز.md	140	يستحق دقيقة كاملة	يستحق الدقيقتين المتاحتين	توحيد الزمن مع بطاقة المقام (دقيقتان)	1
المجلد-الثالث/الباب-الثالث/ف09-ب-متى-تطيل.md	281	بمقدار مختلف لثلاثة مخاطَبين	بمقدار مختلف لكل مخاطَب	التعليمة تذكر ثلاثة مخاطَبين والبندان ٢ و٣ فيهما اثنان	1
المجلد-الثالث/الباب-الثالث/ف09-ب-متى-تطيل.md	211	جواب مباشر بكلمتين	جواب مباشر بثلاث كلمات	الجواب المحسّن ثلاث كلمات لا كلمتان	1
المجلد-الثالث/الباب-الثالث/ف08-ج-التطبيق-والتقويم.md	260	وبما لا يزيد عن خطأين نحويين في المواضع الشائعة (انظر	وبما لا يزيد على خطأين نحويين في المواضع الشائعة (انظر	«زاد على» لا «زاد عن»، ومطابقةً لنص فاتحة الباب	1
المجلد-الثالث/الباب-الثالث/ف09-ب-متى-تطيل.md	390	وبما لا يزيد عن خطأين نحويين في المواضع الشائعة، مع	وبما لا يزيد على خطأين نحويين في المواضع الشائعة، مع	«زاد على» لا «زاد عن»، ومطابقةً لنص فاتحة الباب	1
المجلد-الرابع/الباب-الرابع/ف02-ج-التطبيق-والتقويم.md	363	زيادة: «ونستغفره، ونعوذ بالله من شرور أنفسنا»، وعند الترمذي: «وسيئات أعمالنا»	زيادة: «ونستغفره، ونعوذ به من شرور أنفسنا»، ولفظ الترمذي: «ونعوذ بالله من شرور أنفسنا وسيئات أعمالنا»	لفظ أبي داود (٢١١٨، ٢/٢٣٩) «ونعوذ به»، ولفظ الترمذي (١١٠٥، ٣/٤٠٤) «ونعوذ بالله… وسيئات أعمالنا»؛ فُصل بين اللفظين على المطبوع	1
المجلد-الرابع/الباب-الرابع/ف03-أ-فن-الافتتاح.md	266	باب من أحق الناس بحسن الصحبة، ومسلم	باب من أحق الناس بحسن الصحبة، واللفظ له، ومسلم	لفظ مسلم (٢٥٤٨) «ثم أمك… ثم أبوك» يخالف المسوق؛ فبُيّن أن اللفظ للبخاري (٥٩٧١) كسائر تخريجات الباب	1
المجلد-الرابع/الباب-الرابع/ف02-ب-الدرس-الثاني.md	139	ثم تُستعان الورقة بعدها	ثم يُستعان بالورقة بعدها	«استعان» لازم يتعدّى بالباء، فنائب الفاعل الجار والمجرور والفعل مذكّر: «يُستعان بالورقة»	1
المجلد-الرابع/الباب-الرابع/ف03-أ-فن-الافتتاح.md	198	جاء رجلٌ إلى النبيِّ ﷺ فسأله: مَن أحقُّ	جاء رجلٌ إلى رسولِ اللهِ ﷺ فقال: يا رسولَ اللهِ، مَن أحقُّ	صدر الحديث على مطبوع البخاري (٥٩٧١، ٨/٢) كما في سجل النقول م٤-٠٢٨: «إلى رسول الله ﷺ فقال: يا رسول الله»؛ و«فسأله» ليست في رواية، والمتن يدّعي النص الدقيق	1
المجلد-الرابع/الباب-الرابع/ف03-أ-فن-الافتتاح.md	24	و"أما بعد"، وأنها تعلن نوع الكلام. لكن الصيغة وحدها لا تكفي. فبعد "أما بعد" جملة أولى فيها المعنى، وهذه الجملة هي التي تقرر: هل يُصغي السامع بقية الكلام، أم يشغل ذهنه بأمر آخر؟ كثير من المتكلمين يُحسنون الصيغة المأثورة ثم يبددون أثرها بجملة أولى مرتجلة: "طيب، سأتكلم اليوم عن..."، أو "لا أدري من أين أبدأ".	و«أما بعد»، وأنها تعلن نوع الكلام. لكن الصيغة وحدها لا تكفي. فبعد «أما بعد» جملة أولى فيها المعنى، وهذه الجملة هي التي تقرر: هل يُصغي السامع بقية الكلام، أم يشغل ذهنه بأمر آخر؟ كثير من المتكلمين يُحسنون الصيغة المأثورة ثم يبددون أثرها بجملة أولى مرتجلة: «طيب، سأتكلم اليوم عن…»، أو «لا أدري من أين أبدأ».	التنصيص بـ«» وعلامة الحذف … (الدليل ٠٥، الترقيم)، بدل علامات التنصيص اللاتينية والنقاط الثلاث	1
المجلد-الرابع/الباب-الرابع/ف03-أ-فن-الافتتاح.md	36	"أساليب تعليم القراءة"	«أساليب تعليم القراءة»	التنصيص بـ«» لا بالعلامة اللاتينية (الدليل ٠٥)	1
المجلد-الرابع/الباب-الرابع/ف03-أ-فن-الافتتاح.md	45	بدأ الأستاذ صالح: "السلام عليكم ورحمة الله وبركاته.	بدأ الأستاذ صالح: «السلام عليكم ورحمة الله وبركاته.	فتح التنصيص بـ« (الدليل ٠٥)	1
المجلد-الرابع/الباب-الرابع/ف03-أ-فن-الافتتاح.md	45	هل الكراسي مريحة؟..." ومضت خمس دقائق كاملة قبل أن يذكر كلمة "القراءة".	هل الكراسي مريحة؟…» ومضت خمس دقائق كاملة قبل أن يذكر كلمة «القراءة».	إغلاق التنصيص بـ» وعلامة الحذف … (الدليل ٠٥)	1
المجلد-الرابع/الباب-الرابع/ف03-أ-فن-الافتتاح.md	49	"أما بعد" مباشرة: "ثلاث طرائق فقط، جربتها في أربع مدارس، ستأخذون كل واحدة منها إلى صفكم غدًا"،	«أما بعد» مباشرة: «ثلاث طرائق فقط، جربتها في أربع مدارس، ستأخذون كل واحدة منها إلى صفكم غدًا»،	التنصيص بـ«» (الدليل ٠٥)	1
المجلد-الرابع/الباب-الرابع/ف03-أ-فن-الافتتاح.md	53	"براعة الاستهلال":	«براعة الاستهلال»:	التنصيص بـ«» (الدليل ٠٥)	1
المجلد-الرابع/الباب-الرابع/ف03-أ-فن-الافتتاح.md	87	اليوم موضوعي هو... في الحقيقة	اليوم موضوعي هو… في الحقيقة	علامة الحذف … بدل النقاط الثلاث (الدليل ٠٥)	1
المجلد-الرابع/الباب-الرابع/ف03-أ-فن-الافتتاح.md	103	("سأحاول")	(«سأحاول»)	التنصيص بـ«» (الدليل ٠٥)	1
المجلد-الرابع/الباب-الرابع/ف03-أ-فن-الافتتاح.md	106	"كيف... وماذا..." | "ثلاثة أسباب... وثلاث خطوات"،	«كيف… وماذا…» | «ثلاثة أسباب… وثلاث خطوات»،	التنصيص بـ«» وعلامة الحذف … (الدليل ٠٥)	1
المجلد-الرابع/الباب-الرابع/ف03-أ-فن-الافتتاح.md	109	("لا أدري من أين أبدأ")،	(«لا أدري من أين أبدأ»)،	التنصيص بـ«» (الدليل ٠٥)	1
المجلد-الرابع/الباب-الرابع/ف03-أ-فن-الافتتاح.md	111	"أي نوع كلام" بجملة صحيحة كافية، لكنه ترك "من المتكلم" و"ما الذي يعنيني"	«أي نوع كلام» بجملة صحيحة كافية، لكنه ترك «من المتكلم» و«ما الذي يعنيني»	التنصيص بـ«» (الدليل ٠٥)	1
المجلد-الرابع/الباب-الرابع/ف03-أ-فن-الافتتاح.md	113	"ما الذي يعنيني"،	«ما الذي يعنيني»،	التنصيص بـ«» (الدليل ٠٥)	1
المجلد-الرابع/الباب-الرابع/ف03-أ-فن-الافتتاح.md	126	أو "أما بعد"، بحسب نوع الكلام	أو «أما بعد»، بحسب نوع الكلام	التنصيص بـ«» (الدليل ٠٥)	1
المجلد-الرابع/الباب-الرابع/ف03-أ-فن-الافتتاح.md	129	"في ثلاث نقاط"، "في عشر دقائق"، "أولًا... وثانيًا...".	«في ثلاث نقاط»، «في عشر دقائق»، «أولًا… وثانيًا…».	التنصيص بـ«» وعلامة الحذف … (الدليل ٠٥)	1
المجلد-الرابع/الباب-الرابع/ف03-أ-فن-الافتتاح.md	222	نعلن...»	نعلن…»	علامة الحذف … (الدليل ٠٥)	1
المجلد-الرابع/الباب-الرابع/ف03-أ-فن-الافتتاح.md	238	("موضوعًا مهمًّا يهم الجميع")	(«موضوعًا مهمًّا يهم الجميع»)	التنصيص بـ«» (الدليل ٠٥)	1
المجلد-الرابع/الباب-الرابع/ف03-أ-فن-الافتتاح.md	181	فأجاب عن "لماذا يعنيني"	فأجاب عن «ما الذي يعنيني»	توحيد اسم السؤال الثالث «ما الذي يعنيني» كما عُرّف في الفصل، والتنصيص بـ«»	1
المجلد-الرابع/الباب-الرابع/ف03-أ-فن-الافتتاح.md	179	وتطبيقها الصفي.»	وتطبيقها الصفي.» (نتيجةٌ مفترَضة للتمثيل)	النموذج الرفيع يعيد النتيجة المفترضة نفسها المعلَّمة في الناجح؛ فعُلِّمت مثله ليتميّز المثال من الواقع المثبت	1
المجلد-الرابع/الباب-الرابع/ف03-أ-فن-الافتتاح.md	28	أو اجتماعًا حضرته	أو اجتماعٍ حضرته	المعطوف على المضاف إليه مجرور: «آخرِ محاضرةٍ أو خطبةٍ أو اجتماعٍ»	1
المجلد-الرابع/الباب-الرابع/ف03-أ-فن-الافتتاح.md	113	وأضاف رقمًا ضمنيًّا لخريطة الطريق	وأضاف رقمًا صريحًا لخريطة الطريق	«ضمنيّ» بمعنى غير المصرَّح به، والعدد في النموذج الرفيع صريح («ثلاثة أسباب… وثلاث خطوات»)	1
المجلد-الرابع/الباب-الرابع/ف03-أ-فن-الافتتاح.md	208	توجيهًا شفهيًا	توجيهًا شفهيًّا	توحيد رسم ياء النسب المشددة مع التنوين «شفهيًّا» كما في سائر الباب	1
المجلد-الرابع/الباب-الرابع/ف03-أ-فن-الافتتاح.md	227	فصلًا دراسيًا جديدًا	فصلًا دراسيًّا جديدًا	توحيد رسم «دراسيًّا» بالشدة كما في ف01-أ	1
المجلد-الرابع/الباب-الرابع/ف01-أ-المدخل-والدرس-الأول.md	192	الجملة الأولى نحو ثلاثين كلمة	الجملة الأولى خمس وعشرون كلمة	عدد كلمات الجملة الأولى في المثال خمس وعشرون لا نحو ثلاثين، والدرس يأمر بعدّ الكلمات	1
المجلد-الرابع/الباب-الرابع/ف01-أ-المدخل-والدرس-الأول.md	319	يجيب عن سؤال من سؤالات التدريب الموجّه	يجيب عن سؤال في موضوع من موضوعات التدريب الموجّه	التدريب الموجّه يعطي موضوعات لا أسئلة؛ فصحّت الإحالة إليها	1
المجلد-الرابع/الباب-الرابع/ف01-ب-الدرس-الثاني.md	56	والثالثة، وهي أهمها: اقرؤوا	والثالث، وهو أهمها: اقرؤوا	العدد الترتيبي يطابق المعدود المذكور «ثلاثة أشياء»: «والثالث، وهو أهمها»	1
المجلد-الرابع/الباب-الرابع/ف01-ب-الدرس-الثاني.md	221	«أنت تتكلم دقيقة، وثلاثون يسمعونها»	«أنت تتكلم خمس دقائق، وثلاثون يسمعونها»	توحيد الرقم بين الخريطة الذهنية والجواب المبني عليها (خمس دقائق × ثلاثين = ساعتان ونصف)	1
المجلد-الرابع/الباب-الرابع/ف01-ب-الدرس-الثاني.md	70	يوم الإثنين	يوم الاثنين	«الاثنين» بهمزة وصل (من اثنان)، كما صُحّح في المجلد التاسع	1
المجلد-الرابع/الباب-الرابع/ف01-ج-التطبيق-والتقويم.md	196	يوم الإثنين	يوم الاثنين	«الاثنين» بهمزة وصل (من اثنان)	1
المجلد-الرابع/الباب-الرابع/00-فاتحة-الباب-الرابع.md	51	التاريخ ...»	التاريخ …»	علامة الحذف … بدل النقاط الثلاث (الدليل ٠٥)	1
المجلد-الرابع/الباب-الرابع/ف05-أ-فن-الانتقال.md	85	أعلن للحاضرين أن ما يأتي أشد مما سبق.	أعلن للحاضرين أن ما يأتي يستدعي انتباهًا خاصًّا.	تصحيح استنباط المؤلف: الحديث يقدّم الإشراك بالله في أكبر الكبائر، فلا يصح أن قول الزور «أشد مما سبق»؛ الجلوس للتنبيه والتأكيد	1
المجلد-الرابع/الباب-الرابع/ف05-أ-فن-الانتقال.md	277	حين انتقل إلى أشد ما في الحديث.	حين انتقل إلى ما أراد أن يؤكده في الحديث.	تصحيح استنباط المؤلف: قول الزور ليس أشد ما في الحديث، فالإشراك مقدَّم فيه؛ الجلوس للتأكيد	1
المجلد-الرابع/الباب-الرابع/ف05-أ-فن-الانتقال.md	73	فهذه الكلمة القصيرة أقدم أداة انتقال في خطابتنا:	فهذه الكلمة القصيرة من أقدم أدوات الانتقال في خطابتنا:	تليين حكم تاريخي بلا مستند: «أقدم أداة انتقال» إلى «من أقدم أدوات الانتقال»	1
المجلد-الرابع/الباب-الرابع/ف05-أ-فن-الانتقال.md	361	؛ وفي الإيضاح: «حتى تكون» أي المواضع.	، وفيه: «حتى يكون»؛ وفي الإيضاح، شرح محمد عبد المنعم خفاجي، دار الكتاب اللبناني، ط٦، ص٥٩١: «حتى تكون»، أي المواضع.	استكمال إحالة الإيضاح (الطبعة والصفحة) وتوضيح اختلاف اللفظ بين التلخيص والإيضاح من سجل النقول م٤-٠٠٢	1
المجلد-الرابع/الباب-الرابع/ف03-ج-التطبيق-والتقويم.md	222	لو تأخَّرَ عليهِ أجرةُ عشرِ دقائقَ!	لو تأخَّرتْ عليهِ سيارةُ الأجرةِ عشرَ دقائقَ!	تصحيح ضبط وتركيب: «أجرةُ عشرِ دقائقَ» إضافةٌ تفسد المعنى؛ ظرف الزمان منصوب، ومواءمةٌ مع س١١ «سيارة الأجرة»	1
المجلد-الرابع/الباب-الرابع/ف03-ج-التطبيق-والتقويم.md	337	لَوْ تَأَخَّرَ عَلَيْهِ أَجْرَةُ عَشْرِ دَقائِقَ!	لَوْ تَأَخَّرَتْ عَلَيْهِ سَيّارَةُ الأُجْرَةِ عَشْرَ دَقائِقَ!	تصحيح الضبط: أُجْرة بضم الهمزة، وظرف الزمان منصوب «عَشْرَ»؛ ومواءمة مع «سيارة الأجرة»	1
المجلد-الرابع/الباب-الرابع/ف04-أ-فن-التعريف-بالنفس.md	110	درّست فيه أطفال لاجئين تطوعًا	درّست فيه أطفالًا لاجئين تطوعًا	المفعول به النكرة منصوب منوَّن: أطفالًا	1
المجلد-الرابع/الباب-الرابع/ف04-أ-فن-التعريف-بالنفس.md	167	خمس دقائق طُلبت عشرين ثانية	خمس دقائق حيث طُلبت عشرون ثانية	نائب الفاعل مرفوع: طُلبت عشرون ثانية، مع إضافة رابط	1
المجلد-الرابع/الباب-الرابع/ف04-أ-فن-التعريف-بالنفس.md	124	بلا سبب تفضّله على غيرها	بلا سبب تفضّلها به على غيرها	تصحيح عود الضمير على المتقدِّمة (المؤنث) وإضافة الرابط العائد على «سبب»	1
المجلد-الرابع/الباب-الرابع/ف03-ب-فن-الافتتاح.md	149	إلى الجملة الاسمية المصدرية التي	إلى الصياغة المصدرية التي	تصحيح مصطلح نحوي: أمثلة الدرجتين ٤–٥ جمل فعلية، والجامع بينها الصياغة المصدرية	1
المجلد-الرابع/الباب-الرابع/ف03-ب-فن-الافتتاح.md	169	في العشر دقائق القادمة	في الدقائق العشر القادمة	تعريف العدد المضاف يكون بتعريف المعدود: الدقائق العشر	1
المجلد-الرابع/الباب-الرابع/ف05-ب-التطبيق-والتقويم.md	213	ويعرضُه علينا يومَ الإثنينِ.	ويعرضُه علينا يومَ الاثنينِ.	همزة «الاثنين» همزة وصل لا تُكتب (ويُصحَّح مثلها في السطر ٢١٨)	1
المجلد-الرابع/الباب-الرابع/ف03-ج-التطبيق-والتقويم.md	234	مهتزة، طلب التعذير	مهتزة، طلب العذر	«التعذير» التقصير؛ والمقصود طلب العذر	1
المجلد-الرابع/الباب-الرابع/ف03-ج-التطبيق-والتقويم.md	150	يُسري القلق	يُشيع القلق	«أسرى» بمعنى السير ليلًا لا الإشاعة؛ الصواب «يُشيع»	1
المجلد-الرابع/الباب-الرابع/ف04-ج-التطبيق-والتقويم.md	380	كما وقع حمزة وعبد الرحمن	كما وقع فيه حمزة وعبد الرحمن	«وقع» بمعنى الوقوع في الخطأ يتعدى بـ«في»	1
المجلد-الرابع/الباب-الرابع/ف05-ب-التطبيق-والتقويم.md	123	«وأيضًا» سبع مرات، و«بالإضافة إلى ذلك»	«وأيضًا» أربع مرات، و«بالإضافة إلى ذلك»	تصحيح العدّ: «وأيضًا» وردت في النموذج ① أربع مرات لا سبعًا	1
المجلد-الرابع/الباب-الرابع/ف05-أ-فن-الانتقال.md	41	في الأسبوع الذي يسبق الامتحانات النهائية.	قبل الامتحانات النهائية بثلاثة أسابيع.	رفع تناقض زمني في الموقف: خديجة تأتي بعد أسبوع وتقول «بقي أسبوعان»	1
المجلد-الرابع/الباب-الرابع/ف03-ج-التطبيق-والتقويم.md	350	هل عرفتَ من الجملة الثانية عشرة ثانية ماذا ستسمع	هل عرفتَ في العشرين ثانية الأولى ماذا ستسمع	إصلاح عبارة مضطربة بمعيار الفصل: العشرون ثانية الأولى	1
المجلد-الرابع/الباب-الرابع/ف04-ب-فن-التعريف-بالنفس.md	107	(مقارنة ممتدة لهذا المقام في نهاية الفصل.)	(مقارنة ممتدة لهذا المقام بعد عرض المقامات الأربعة عشر.)	تصحيح إحالة داخلية: المقارنة الممتدة تأتي بعد المقامات الأربعة عشر في الدرس نفسه لا في نهاية الفصل	1
المجلد-الرابع/الباب-الرابع/ف04-ج-التطبيق-والتقويم.md	259	عرّف بكل معلومات فيما يأتي	عرّف بنفسك بصفتك صاحب كلٍّ من المعلومات الآتية	إصلاح تعليمة تمرين مضطربة التركيب	1
المجلد-الثاني/الباب-الثاني/ف05-ج-التطبيق-والتقويم.md	37	[يقرأ بتوتر] ﴿وَكُلْ رَّبِّ زِدْنِي عِلْمًا﴾…	[يقرأ بتوتر] «وَكُلْ رَبِّ…»	إخراج النطق الخاطئ من قوسي القرآن: لا يُطبع نصٌّ محرَّف بين ﴿﴾	1
المجلد-الثاني/الباب-الثاني/ف05-ج-التطبيق-والتقويم.md	170	3. «وقُل ربِّ زدني علمًا.»	3. ﴿وَقُل رَّبِّ زِدْنِى عِلْمًا﴾ (طه: ١١٤)	تمييز الآية بقوسي القرآن ورسمها المتحقّق وعزوها	1
المجلد-الثاني/الباب-الثاني/ف04-أ-المدخل-والأزواج.md	67	| مجهورة، شديدة، مطبقة، مستعلية | فم ممتلئ، وانحباس قصير مع طنين خفيف ثم انطلاق |	| شديدة، مطبقة، مستعلية؛ مهموسة في النطق المعاصر المعتمد (وعدّها سيبويه مجهورة) | فم ممتلئ، وانحباس قصير بلا طنين ثم انطلاق |	الطاء مهموسة في النطق المعاصر المعتمد في الكتاب (م٢-٠٠٦، ف02-أ)	1
المجلد-الثاني/الباب-الثاني/ف04-أ-المدخل-والأزواج.md	75	والفرق الإطباق والجهر معًا: الطاء مجهورة مطبقة، والتاء مهموسة منفتحة.	والفرق في النطق المعاصر المعتمد الإطباق وحده: الطاء مطبقة والتاء منفتحة، وكلتاهما مهموسة (وكان القدماء يعدّون الطاء مجهورة، كما مرّ في الفصل الثاني).	الفرق بين الطاء والتاء في النطق المعاصر الإطباق وحده (م٢-٠٠٦)	1
المجلد-الثاني/الباب-الثاني/ف04-أ-المدخل-والأزواج.md	90	2. أطلق الصوت: يجب أن تحسّ طنينًا خفيفًا في حنجرتك قبل الانطلاق، لأن الطاء مجهورة.	2. أطلق الصوت: لا طنين في حنجرتك، فالطاء في النطق المعاصر المعتمد مهموسة كالتاء، والفرق كله في امتلاء الفم بالإطباق.	تصحيح تعليمة التدريب: الطاء مهموسة في النطق المعتمد	1
المجلد-الثاني/الباب-الثاني/ف04-أ-المدخل-والأزواج.md	186	الصاد والطاء مجهورتان أو مهموستان بحسب إطباقهما مع جاراتهما؛ فتذكّر: الصاد مهموسة رغم إطباقها، والطاء مجهورة معه.	الإطباق غير الجهر؛ فالصاد مهموسة مع إطباقها، والطاء كذلك في النطق المعاصر المعتمد، والضاد والظاء مجهورتان مع إطباقهما.	تقويم قاعدة الإطباق والجهر ورفع التناقض مع المعيار المعتمد	1
المجلد-الثاني/الباب-الثاني/ف04-ب-التطبيق-والتقويم.md	307	- [ ] أنطق الطاء مجهورة مطبقة، والتاء مهموسة منفتحة.	- [ ] أنطق الطاء مطبقة والتاء منفتحة، وكلتاهما مهموسة في النطق المعاصر المعتمد.	الطاء مهموسة في النطق المعاصر المعتمد (م٢-٠٠٦)	1
المجلد-الثاني/الباب-الثاني/ف04-ب-التطبيق-والتقويم.md	318	2. لماذا الطاء مجهورة والتاء مهموسة مع أن مخرجهما واحد؟	2. ما الذي يفرّق الطاء من التاء مع أن مخرجهما واحد؟ وكيف وصف القدماء الطاء؟	سؤال مبنيّ على وصفٍ يخالف المعيار المعتمد	1
المجلد-الثاني/الباب-الثاني/ف04-ب-التطبيق-والتقويم.md	338	والطاء والتاء بالإطباق والجهر،	والطاء والتاء بالإطباق،	الفرق بين الطاء والتاء الإطباق وحده في النطق المعتمد	1
المجلد-الثاني/الباب-الثاني/ف04-أ-المدخل-والأزواج.md	71	مجهورة، بين الشدة والرخاوة (تبدأ شدة وتنتهي رخاوة)، منفتحة، مستفلة	مجهورة، شديدة عند القدماء (ويصفها المحدثون بأنها مركّبة: تبدأ شدة وتنتهي رخاوة)، منفتحة، مستفلة	الجيم من حروف «أجد قط بكت» الشديدة؛ «بين الشدة والرخاوة» مصطلح «لن عمر»	1
المجلد-الثاني/الباب-الثاني/ف05-أ-المدخل-وأصوات-الحلق.md	87	كلاهما من أقصى الحلق تقريبًا، لكن العين رخوة مجهورة ممتدة، والهمزة شديدة انفجارية لا تمتد.	العين من وسط الحلق والهمزة من أقصاه؛ والعين مجهورة متوسطة بين الشدة والرخاوة يمتد صوتها، والهمزة شديدة انفجارية لا تمتد.	العين من وسط الحلق ومتوسطة، وفق جدول الفصل وابن الجزري	1
المجلد-الثاني/الباب-الثاني/ف05-ب-الدرس-الثاني-والأزواج.md	76	والخاء أدنى (أقرب للفم) باحتكاك مجهور	والخاء أدنى (أقرب للفم) باحتكاك مهموس	الخاء مهموسة	1
المجلد-الثاني/الباب-الثاني/ف05-ج-التطبيق-والتقويم.md	339	لغيابها عن أكثر لغات العالم	لغياب أكثرها، ولا سيما العين والحاء، عن كثير من لغات العالم	تقييد التعميم بما يسنده الشاهد (العين والحاء)	1
المجلد-الثاني/الباب-الثاني/ف06-ب-التطبيق-والتقويم.md	5	وهذا الفصل يختم الباب الثاني كله؛ ففيه تجمع كل ما تدربتَ عليه من مخارج الحروف وصفاتها وأزواجها الحرجة.	وهذا الفصل يختم الفصول الستة الأولى من الباب؛ ففيه تجمع ما تدربتَ عليه من مخارج الحروف وصفاتها وأزواجها الحرجة.	الباب يمتد إلى الفصل الثاني عشر	1
المجلد-الثاني/الباب-الثاني/ف06-ب-التطبيق-والتقويم.md	373	هذا آخر فصل في الباب، فخصص وقتًا لمراجعة شاملة تربط الفصول الستة بعضها ببعض	هذا آخر فصول المخارج والأزواج الحرجة في الباب، فخصص وقتًا لمراجعة شاملة تربط الفصول الستة بعضها ببعض	الفصل السادس ليس آخر فصول الباب	1
المجلد-الثاني/الباب-الثاني/ف06-أ-المدخل-وحروف-الذلاقة.md	295	و«بال» بدل «بات» (ب/ت غير مقصودة أيضًا لكنها من جنس أخطاء الشدة القريبة)، و«الفه» بدل «الله» (سقوط لام كاملة سهوًا	و«بال» بدل «بات» (لام مكان تاء)، و«الفه» بدل «الله» (فاء مكان اللام سهوًا	وصف الإبدال في المثال الممتد لا يطابق المثال	1
المجلد-الثاني/الباب-الثاني/ف03-ج-التطبيق-والتقويم.md	55	يشبه أخطاء الفصل السابق	يشبه أخطاء الدرس الأول	إحالة داخلية خاطئة: الموضع في الدرس الأول من هذا الفصل	1
المجلد-الثاني/الباب-الثاني/ف05-أ-المدخل-وأصوات-الحلق.md	24	واللهويّان (ق)	واللهويّ (ق)	إفراد اللهويّ لصوت واحد	1
المجلد-الثاني/الباب-الثاني/ف03-ج-التطبيق-والتقويم.md	49	ولم يكتشف الأستاذة استدراكه إلا بسؤال مباشر	ولم يستدرك إلا بعد سؤال الأستاذة المباشر	خطأ في المطابقة واضطراب في العبارة	1
المجلد-الثاني/الباب-الثاني/ف03-ج-التطبيق-والتقويم.md	90	| س١٠، س١١ | «ملاحزاتي» |	| س١٦ | «ملاحزاتي» |	رقم السطر يحيل إلى الحوار الأول (س١٦)	1
المجلد-الثاني/الباب-الثاني/ف04-أ-المدخل-والأزواج.md	24	وككل الفصل الماضي،	وكما في الفصل الماضي،	تقويم عبارة التشبيه	1
المجلد-الثاني/الباب-الثاني/ف04-أ-المدخل-والأزواج.md	149	### المقارنة الثانية: مقابلة صحفية لناشر	### المقارنة الثانية: مقابلة تلفزيونية لكاتبة	العنوان يخالف بطاقة المقام	1
المجلد-الثاني/الباب-الثاني/ف04-أ-المدخل-والأزواج.md	180	**ما الذي جعل الثالث ناجحة؟**	**ما الذي جعل الثالثة ناجحة؟**	مطابقة في التأنيث	1
المجلد-الثاني/الباب-الثاني/ف04-أ-المدخل-والأزواج.md	277	«شدّي تحب الجلوس	«شدّي يحب الجلوس	عزل الخطأ المعروض في الزوج ✘/✔	1
المجلد-الثاني/الباب-الثاني/ف04-أ-المدخل-والأزواج.md	288	ضعف التمييز بين الإطباق أو الجهر أو التركيب حين ينشغل الذهن بالمحتوى	ضعف التمييز بالإطباق أو الجهر أو التركيب حين ينشغل الذهن بالمحتوى	«بين» لا يُعطف بعدها بـ«أو»	1
المجلد-الثاني/الباب-الثاني/ف04-ب-التطبيق-والتقويم.md	5	ضعف التمييز بين الإطباق أو الجهر أو التركيب حين ينشغل الذهن بالمعنى	ضعف التمييز بالإطباق أو الجهر أو التركيب حين ينشغل الذهن بالمعنى	«بين» لا يُعطف بعدها بـ«أو»	1
المجلد-الثاني/الباب-الثاني/ف04-ب-التطبيق-والتقويم.md	340	من تجنّب الكلمة الحرجة بدل كلمة أضعف	من تجنّب الكلمة الحرجة إلى كلمة أضعف	انعكاس المعنى	1
المجلد-الثاني/الباب-الثاني/ف04-ب-التطبيق-والتقويم.md	373	كما فعل مصطفى وكما فعلت الشخصيات في نماذج «المقبول»	كما فعلت الشخصيات في نماذج «المقبول»	مصطفى لم يتجنب الكلمة في الحوار	1
المجلد-الثاني/الباب-الثاني/ف05-أ-المدخل-وأصوات-الحلق.md	51	إبراهيم حافظ مجوَّد	إبراهيم حافظ مجوِّد	اسم الفاعل للقارئ	1
المجلد-الثاني/الباب-الثاني/ف05-أ-المدخل-وأصوات-الحلق.md	49	لا من وسطه كالكاف	لا من موضع الكاف الأقرب إلى الفم	الكاف من أقصى اللسان أسفل القاف، لا من وسطه	1
المجلد-الثاني/الباب-الثاني/ف05-أ-المدخل-وأصوات-الحلق.md	123	| «سأل» ← «سعل» أو العكس |	| «سعل» ← «سأل» |	اتجاه المثال يخالف عنوان الصف	1
المجلد-الثاني/الباب-الثاني/ف05-ب-الدرس-الثاني-والأزواج.md	61	الحاء خالفت خاء في أهم كلمة	الحاء صارت خاءً في أهم كلمة	فعل غير مناسب ونصب ناقص	1
المجلد-الثاني/الباب-الثاني/ف05-ب-الدرس-الثاني-والأزواج.md	76	لا تخلط بين العمق الثلاثة	لا تخلط بين درجات العمق الثلاث	مطابقة الصفة للموصوف	1
المجلد-الثاني/الباب-الثاني/ف05-ب-الدرس-الثاني-والأزواج.md	104	أن الملك مظلوم لا ظالمًا	أن الملك مظلومٌ لا ظالمٌ	المعطوف بـ«لا» يتبع ما قبله في الرفع	1
المجلد-الثاني/الباب-الثاني/ف05-ب-الدرس-الثاني-والأزواج.md	126	(ممرضة تكمل تسليم المناوبة نفسها)	(ممرض يكمل تسليم المناوبة نفسها)	المتكلم في التسليم ممرض (يوسف)	1
المجلد-الثاني/الباب-الثاني/ف05-ج-التطبيق-والتقويم.md	49	لا صوتًا مبدلًا فحسب	لا صوتٌ مبدلٌ فحسب	المعطوف بـ«لا» يتبع المرفوع	1
المجلد-الثاني/الباب-الثاني/ف05-ج-التطبيق-والتقويم.md	61	هذه المقابلة نفسها بعد أسبوعين، حين تقدّم عبد الله لمسجد آخر	هذه المقابلة نفسها لو أعادها عبد الله بعد أسبوعين	تناقض في إطار النسخة المحسّنة	1
المجلد-الثاني/الباب-الثاني/ف05-ج-التطبيق-والتقويم.md	91	مع اثنين من زملائك (أحدهما يمثل المتقدم، والآخران أعضاء اللجنة)	مع ثلاثة من زملائك (تمثّل أنت المتقدم، ويمثّلون هم أعضاء اللجنة)	خلل في عدد الأدوار	1
المجلد-الثاني/الباب-الثاني/ف05-ج-التطبيق-والتقويم.md	348	ولباب أصوات الحلق كله،	ولأصوات الحلق كلها،	«الباب» اسم وحدة بنيوية لا موضوع	1
المجلد-الثاني/الباب-الثاني/ف06-أ-المدخل-وحروف-الذلاقة.md	85	يجب أن تسمع قرعتين واضحتين خفيفتين في كل راء	يجب أن تسمع في كل راء قرعة أو قرعتين خفيفتين	توحيد وصف قرعة الراء مع الجدول والقاعدة	1
المجلد-الثاني/الباب-الثاني/ف06-أ-المدخل-وحروف-الذلاقة.md	182	«أبي باتَ المستشفى الليلةَ الماضيةَ.»	«أبي باتَ في المستشفى الليلةَ الماضيةَ.»	«بات» يتعدى إلى المكان المختص بـ«في»	1
المجلد-الثاني/الباب-الثاني/ف06-أ-المدخل-وحروف-الذلاقة.md	186	لِلمراقَبةِ، / وباتَ فيها،	لِلمراقَبةِ، / وباتَ فيه،	المستشفى مذكّر	1
المجلد-الثاني/الباب-الثاني/ف06-أ-المدخل-وحروف-الذلاقة.md	277	(خطيب يفتتح كلمته بالتكبير)	(متحدث يؤكد خبرًا بالقسم)	وصف المقام لا يطابق المثال	1
المجلد-الثاني/الباب-الثاني/ف06-ب-التطبيق-والتقويم.md	51	لاحظ أن بلال صرخ	لاحظ أن بلالًا صرخ	اسم أنّ منصوب	1
المجلد-الثاني/الباب-الثاني/ف06-ب-التطبيق-والتقويم.md	57	لو لم يصحح بلال بسرعة السؤال،	لو لم تصحح خديجة خطأها بسرعة،	خطأ في الشخصية واضطراب العبارة	1
المجلد-الثاني/الباب-الثاني/ف06-ب-التطبيق-والتقويم.md	66	عندي خبرًا يستحقُّ	عندي خبرٌ يستحقُّ	المبتدأ المؤخر مرفوع	1
المجلد-الثاني/الباب-الثاني/ف06-ب-التطبيق-والتقويم.md	72	لكن لو أتيتَ غدًا بعد الظهرِ يكونُ أفضلَ.	لكن لو أتيتَ غدًا بعد الظهرِ لكان أفضلَ.	جواب «لو» ماضٍ مقترن باللام	1
المجلد-الثاني/الباب-الثاني/ف06-ب-التطبيق-والتقويم.md	149	بينما تشارك الأنف في الثانية	بينما يشارك الأنف في الثانية	الأنف مذكّر	1
المجلد-الثاني/الباب-الثاني/ف06-ب-التطبيق-والتقويم.md	197	> رَبَحَ التّاجِرُ	> رَبِحَ التّاجِرُ	ضبط «رَبِحَ»	1
المجلد-الثاني/الباب-الثاني/ف06-ب-التطبيق-والتقويم.md	288	**سوق الأزواج الستة (جماعي):**	**سوق الأصوات الستة (جماعي):**	الفصل ستة أصوات لا ستة أزواج	1
المجلد-الثاني/الباب-الثاني/ف06-ب-التطبيق-والتقويم.md	293	1. ثلاث مواضع فيها لفظ الجلالة	1. ثلاثة مواضع فيها لفظ الجلالة	مخالفة العدد للمعدود	1
المجلد-الثاني/الباب-الثاني/ف09-أ-المدخل-والدرسان.md	145	*(انظر المجلد الثالث، الباب الثالث، الفصل الأول)*	*(انظر المجلد الثالث، الباب الثالث، الفصل الثاني)*	تصحيح الإحالة: أحكام همزة إنّ وأنّ في الفصل الثاني من الباب الثالث لا الأول	1
المجلد-الثاني/الباب-الثاني/ف09-أ-المدخل-والدرسان.md	78	همزة القطع همزة أصلية تُنطق في كل موضع من الكلام	همزة القطع همزة ثابتة، أصلية أو زائدة، تُنطق في كل موضع من الكلام	همزة القطع قد تكون زائدة كهمزة أكرم وأفعال، فالتعريف بالأصالة غير صحيح	1
المجلد-الثاني/الباب-الثاني/ف09-أ-المدخل-والدرسان.md	231	| فرَقَ (نادر الاستعمال) | فرَّقَ | — / باعد بين الأشياء أو الجماعة |	| فرَقَ | فرَّقَ | فصل بين شيئين وميّز / باعد بين الأشياء أو الجماعة وشتّتها |	فرَقَ مستعمل شائع لا نادر، وأُثبت معناه ليتم الفرق بين المخفف والمشدد	1
المجلد-الثاني/الباب-الثاني/ف07-أ-المدخل-والدرسان.md	560	الظاء والصاد والضاد متقاربة	الظاء والقاف والضاد متقاربة	لا صاد في العبارة، وحروف الاستعلاء فيها الظاء والقاف والضاد	1
المجلد-الثاني/الباب-الثاني/ف07-أ-المدخل-والدرسان.md	553	والطاء بين الفاء والعين لا تسحب التاء	والتاء في «مرتفعة» تبقى مرققة بعد الراء المفخّمة	لا طاء في العبارة؛ صُحّح موضع الانتباه إلى التاء بعد الراء المفخمة	1
المجلد-الثاني/الباب-الثاني/ف07-أ-المدخل-والدرسان.md	68	ثم ذكر في لام لفظ الجلالة:	وقال قبله في لام لفظ الجلالة:	بيت لام الجلالة (٤٤) قبل بيت الاستعلاء (٤٥) في المقدمة بحسب الحاشيتين	1
المجلد-الثاني/الباب-الثاني/ف07-أ-المدخل-والدرسان.md	101	ويصحبها ارتفاع مؤخّر اللسان نحو أقصى الحنك ورجوعه قليلًا إلى الخلف[^5]	ويصحبها ارتفاع مؤخّر اللسان نحو أقصى الحنك، وربما رجوعه قليلًا إلى الخلف[^5]	المطبوع يذكر العامل الثاني بتحفظ «على ما يقال» فأُثبت التحفظ	1
المجلد-الثاني/الباب-الثاني/ف07-أ-المدخل-والدرسان.md	513	مضبوطة في المواضع الستة	مضبوطة في المواضع الخمسة	مواضع لفظ الجلالة في النموذج خمسة لا ستة	1
المجلد-الثاني/الباب-الثاني/ف07-أ-المدخل-والدرسان.md	554	الصاد في «مصطفى» لا تُعدي الطاء بعدها ولا السين	الصاد والطاء في «مصطفى» لا تُعديان الفاء بعدهما، ولا السين في «اسمي»	الطاء مفخمة أصلًا ولا سين في مصطفى؛ المعرَّض للعدوى الفاء وسين اسمي	1
المجلد-الثاني/الباب-الثاني/ف07-أ-المدخل-والدرسان.md	559	الراء في «تقرير» مفتوحة ثم مكسورة	الراء في «تقرير» مكسورة ثم مضمومة	تصحيح وصف حركتي الراء في تقريرُ	1
المجلد-الثاني/الباب-الثاني/ف07-أ-المدخل-والدرسان.md	371	(الراء المفتوحة مفخّمة، والألف بعدها ممتلئة)	(الراء المفتوحة مفخّمة، وفتحتها ممتلئة)	لا ألف بعد الراء في الرئيس	1
المجلد-الثاني/الباب-الثاني/ف07-أ-المدخل-والدرسان.md	448	و«دَرْصٌ»، و«طَعالَ»	و«ضَرْسٌ»، و«طَعالَ»	المثال الثاني يمثل تفخيم الدال ضادًا لا السين صادًا	1
المجلد-الثاني/الباب-الثاني/ف08-أ-المدخل-والدرسان.md	379	أربع مواضع في خاتمة واحدة	أربعة مواضع في خاتمة واحدة	مطابقة العدد للمعدود المذكر	1
المجلد-الثاني/الباب-الثاني/ف08-أ-المدخل-والدرسان.md	377	في الجملة ثلاث حركات تحمل المخاطَبة: «أنتِ»، و«قلتِ»، و«لي».	في الجملة حركتان تحملان المخاطَبة: «أنتِ»، و«قلتِ».	«لي» ياء المتكلم لا تحمل المخاطبة	1
المجلد-الثاني/الباب-الثاني/ف08-أ-المدخل-والدرسان.md	31	في هذه النصف ثانية	في نصف الثانية هذا	تصحيح تركيب الإشارة والإضافة	1
المجلد-الثاني/الباب-الثاني/ف08-أ-المدخل-والدرسان.md	418	فصار الضيف «طبيبَ باحثٍ»	فصار الضيف «طبيبُ باحثٍ»	مطابقة الجدول للنموذج الأول	1
المجلد-الثاني/الباب-الثاني/ف08-أ-المدخل-والدرسان.md	450	إلى أمر بالإجلاس	إلى أمر بالجلوس	اجلسوا أمر بالجلوس لا بالإجلاس	1
المجلد-الثاني/الباب-الثاني/ف08-أ-المدخل-والدرسان.md	203	◐ «في شهر ذُو القَعْدة.»	✘ «في شهر ذُو القَعْدة.»	المثال فيه خطأ نحوي صرّح به المتن فعلامته ✘	1
المجلد-الثاني/الباب-الثاني/ف08-ب-التطبيق-والتقويم.md	288	ميّز سماعًا خمسة عشر زوجًا	ميّز سماعًا عشرين زوجًا	مطابقة معيار الإتقان لهدف الفصل (عشرون زوجًا)	1
المجلد-الثاني/الباب-الثاني/ف08-ب-التطبيق-والتقويم.md	131	«يجلس المُمْتَحَنون في قاعة المراقبين.»	«يجلس المُمْتَحِنون في قاعة المُراقَبين.»	إظهار الخطأ المطلوب تصحيحه في تمرين التصحيح	1
المجلد-الثاني/الباب-الثاني/ف08-ب-التطبيق-والتقويم.md	112	تقديم زميل حاضر محاضرة لا ألقاها	تقديم زميل حضر محاضرة ولم يُلقها	رفع اللبس بين حضر وحاضر وتصحيح النفي	1
المجلد-الثاني/الباب-الثاني/ف08-ب-التطبيق-والتقويم.md	110	امتحان شفهيًا	امتحان شفهيًّا	توحيد الرسم وإثبات شدة ياء النسب	1
المجلد-الثاني/الباب-الثاني/ف08-ب-التطبيق-والتقويم.md	283	في مقدار الفرق بين نصف ثانية من الطول؟	في مقدار ما يصنعه نصف ثانية من الطول؟	«بين» تقتضي طرفين؛ أُصلح التركيب	1
المجلد-الثاني/الباب-الثاني/ف09-أ-المدخل-والدرسان.md	49	ثم سأل بلال مباشرة	ثم سأل بلالًا مباشرة	المفعول به منصوب منوّن	1
المجلد-الثاني/الباب-الثاني/ف09-أ-المدخل-والدرسان.md	49	في الاستديو لحظة	في الاستوديو لحظة	توحيد رسم الكلمة في الباب	1
المجلد-الثاني/الباب-الثاني/ف09-أ-المدخل-والدرسان.md	53	ثلاث كلمات من مادة واحدة تفترق	ثلاث كلمات متقاربة في الرسم تفترق	بريء من برأ وبرّ وبرّيّ من برر فليست من مادة واحدة	1
المجلد-الثاني/الباب-الثاني/ف09-أ-المدخل-والدرسان.md	124	وفي عشرة أسماء محفوظة («ابن»، «ابنة»، «اسم»، «امرؤ»، «امرأة»، «اثنان»، «اثنتان»، وفي «ال» التعريف)	وفي أسماء محفوظة منها («ابن»، «ابنة»، «اسم»، «امرؤ»، «امرأة»، «اثنان»، «اثنتان»)، وفي «ال» التعريف	المذكور سبعة لا عشرة، و«ال» حرف لا اسم	1
المجلد-الثاني/الباب-الثاني/ف09-أ-المدخل-والدرسان.md	133	تسقط همزة «ابن» في النطق والرسم إذا وقعت بين علمين	تسقط همزة «ابن» في النطق كلما وُصلت، وتسقط في الرسم أيضًا إذا وقعت بين علمين	سقوط همزة ابن نطقًا عام في الوصل، والشرط للرسم	1
المجلد-الثاني/الباب-الثاني/ف09-أ-المدخل-والدرسان.md	136	✘ «/ استمع معنا / إلى هذه الفقرة.» (بوقفة قبل كل همزة وصل، كأنها همزة قطع)	✘ «و / استمعوا معنا إلى هذه الفقرة.» (بوقفة قبل همزة الوصل، ونطقها كأنها همزة قطع)	الصيغة الخاطئة لم تُظهر الخطأ المقصود في همزة الوصل	1
المجلد-الثاني/الباب-الثاني/ف09-أ-المدخل-والدرسان.md	247	✘ «الحمد لله، سلَمتَ من الخطر.»	✘ «الحمد لله، سلَّمتَ من الخطر.»	مطابقة المثال الخاطئ لتعليقه (التشديد)	1
المجلد-الثاني/الباب-الثاني/ف09-أ-المدخل-والدرسان.md	319	نفسي لكنَّ الآنَ	نفسي لَكُنَّ الآنَ	إتمام الضبط لرفع اللبس بحرف الاستدراك	1
المجلد-الثاني/الباب-الثاني/ف09-ب-التطبيق-والتقويم.md	98	«الفريق الفائز» شمسية، «القرار» قمرية	«الفريق الفائز» و«القرار» قمرية	الفاء حرف قمري فليست «الفريق الفائز» شمسية	1
المجلد-الثاني/الباب-الثاني/ف09-ب-التطبيق-والتقويم.md	188	أَحَدُ الطُّلابِ	أَحَدُ الطُّلّابِ	إثبات الشدة في نص مشكول شكلًا تامًّا	1
المجلد-الثاني/الباب-الثاني/ف09-ب-التطبيق-والتقويم.md	195	اقرأ النص ثماني مرات: ببطء، ثم بسرعة معتدلة، ثم بنبرة رسمية كمحاضر	اقرأ النص ست مرات: ببطء، ثم بسرعة معتدلة، ثم بنبرة رسمية كمحاضر	مطابقة العدد للقراءات المذكورة (ست)	1
المجلد-الثاني/الخواتيم/ثبت-المصادر.md	19	- **سيبويه**، الكتاب، تحقيق عبد السلام محمد هارون، مكتبة الخانجي، القاهرة، الثالثة، ١٤٠٨ هـ - ١٩٨٨ م، ٤ أجزاء.	- **سيبويه**، الكتاب، تحقيق وشرح عبد السلام محمد هارون، عالم الكتب، بيروت، الثالثة، ١٤٠٣هـ / ١٩٨٣م، ٤ أجزاء؛ وترقيمها مطابق لترقيم طبعة مكتبة الخانجي، القاهرة، الثالثة، ١٤٠٨هـ / ١٩٨٨م.	الطبعة المطابَقة فعلًا على المطبوع في السجل هي طبعة عالم الكتب، وطبعة الخانجي للمقابلة في الترقيم	1
المجلد-الثاني/الباب-الثاني/ف12-أ-المدخل-والدرسان.md	108	هـ (حلق أدنى)	هـ (أقصى الحلق)	الهاء من أقصى الحلق على ما قرّره الفصل الأول	1
المجلد-الثاني/الباب-الثاني/ف12-أ-المدخل-والدرسان.md	109	خ (أقصى الحلق)	خ (أدنى الحلق)	الخاء من أدنى الحلق على ما قرّره الفصل الأول	1
المجلد-الثاني/الباب-الثاني/ف10-أ-المدخل-والدرسان.md	230	بنعمة الإسلام (نفَس مفاجئ) وهدانا إلى صراطه المستقيم.» (نفَس وسط شبه جملة الحال)	بنعمة (نفَس مفاجئ) الإسلام وهدانا إلى صراطه المستقيم.» (نفَس بين المضاف والمضاف إليه)	موضع النفَس في المثال الخاطئ كان هو موضعه في الصحيح، ولا حال فيه؛ نُقل إلى وسط الإضافة	1
المجلد-الثاني/الباب-الثاني/ف10-أ-المدخل-والدرسان.md	234	(نفَس بين الفعل ومفعوله المباشر)	(نفَس بين حرف الجر ومجروره)	«دراسة» مجرورة بـ«إلى» لا مفعول به	1
المجلد-الثاني/الباب-الثاني/ف10-أ-المدخل-والدرسان.md	275	لعلّق الصلة الموصولة عن صلتها	لعلّق الاسم الموصول عن صلته	تصحيح المصطلح النحوي: الاسم الموصول وصلته	1
المجلد-الثاني/الباب-الثاني/ف10-أ-المدخل-والدرسان.md	277	ثلاث جمل معطوفة بالواو، فالنفَس	ثلاثة أجزاء متتابعة بينها فاصلتان، فالنفَس	الجزء الأوسط شبه جملة بـ«مع» لا جملة معطوفة بالواو	1
المجلد-الثاني/الباب-الثاني/ف10-أ-المدخل-والدرسان.md	93	// إلا موظف واحد لعذر طارئ.»	// إلا موظفًا واحدًا لعذر طارئ.»	الرفع على البدلية جائز في الاستثناء التام المنفي؛ وُحّد الإعراب ليبقى الفرق في الوقف وحده	1
المجلد-الثاني/الخواتيم/ثبت-المصادر.md	13	١٣٩١هـ / ١٩٧١م. <span class="deg">إحالةٌ عامّة</span>	١٣٩١هـ / ١٩٧١م. <span class="deg">طوبق على المطبوع</span>	نُقل منه نصٌّ طوبق على مصوّرة المطبوع (١/٤١) فدرجته «طوبق على المطبوع»	1
المجلد-الثاني/الملاحق/ملحق-الباب-الثاني-برنامج-النطق-٢.md	314	«↓ وَصَلَ الضَّيْفُ.» (تقرير بلا أداة	«وَصَلَ الضَّيْفُ ↑؟» (استفهام بلا أداة	الارتفاع في الآخر علامة الاستفهام بلا أداة لا التقرير	1
المجلد-الثاني/الباب-الثاني/ف12-ب-التطبيق-والتقويم.md	37	سكون، وتنوين فتح، وتاء مربوطة	سكون، وتنوين فتح، وهاء ضمير	لا ينتهي شطر من النص بتاء مربوطة؛ وفيه «وُدَّهُ» بهاء الضمير	1
المجلد-الثاني/الباب-الثاني/ف10-ب-التطبيق-والتقويم.md	243	أَيِّ سُؤالٍ (ت) إِلّا في آخِرِ	أَيِّ سُؤالٍ إِلّا في آخِرِ	حُذفت علامة التنفس قبل «إلا» وهو موضع ممنوع بنص الفصل	1
المجلد-الثاني/الباب-الثاني/ف10-أ-المدخل-والدرسان.md	127	(«هل يُفهم سامعٌ لم يسمع	(«هل يَفهم سامعٌ لم يسمع	الفعل مبني للمعلوم كما في نص القاعدة	1
المجلد-الثاني/الباب-الثاني/ف10-أ-المدخل-والدرسان.md	271	وهو ينفس في آن واحد	وهو يتنفس في آن واحد	الصواب «يتنفس»	1
المجلد-الثاني/الباب-الثاني/ف10-أ-المدخل-والدرسان.md	328	وقاطعك زميلك عمدًا	وليقاطعك زميلك عمدًا	صيغة الأمر للزميل بدل الماضي	1
المجلد-الثاني/الباب-الثاني/ف10-ب-التطبيق-والتقويم.md	294	لماذا يُعدّ فصل هذا الفصل محوريًّا	لماذا يُعدّ هذا الفصل محوريًّا	حذف كلمة مكررة	1
المجلد-الثاني/الباب-الثاني/ف10-ب-التطبيق-والتقويم.md	249	اقرأ النص ثماني مرات: ببطء مع تنفس عميق واضح	اقرأ النص ست مرات: ببطء مع تنفس عميق واضح	العدد مطابق للقراءات المذكورة (ست)	1
المجلد-الثاني/الباب-الثاني/ف10-ب-التطبيق-والتقويم.md	110	(«إلا لتسليم قطعة من الجهة الآمنة»)	(«إلا لتسليم قطعة خشب من الجهة الآمنة»)	مطابقة الاقتباس لنص الحوار (س٣)	1
المجلد-الثاني/الباب-الثاني/ف11-ب-التطبيق-والتقويم.md	252	**جُرحٍ** واحدةٍ [/]	**جُرحٍ** واحدةٌ [/]	النعت تابع لـ«كلمةُ» المرفوعة	1
المجلد-الثاني/الباب-الثاني/ف11-ب-التطبيق-والتقويم.md	257	اقرأ النص ثماني مرات: بحماس	اقرأ النص ست مرات: بحماس	العدد مطابق للقراءات المذكورة (ست)	1
المجلد-الثاني/الباب-الثاني/ف11-ب-التطبيق-والتقويم.md	301	عيبًا في الإيقاء؟	عيبًا في الإيقاع؟	خطأ طباعي	1
المجلد-الثاني/الباب-الثاني/ف11-أ-المدخل-والدرسان.md	274	بلا ابتلاع ولا تعثم	بلا ابتلاع ولا تلعثم	خطأ طباعي: «تلعثم»	1
المجلد-الثاني/الباب-الثاني/ف11-ب-التطبيق-والتقويم.md	83	المقابلة مكتوبة لا مسموعة (بودكاست فيديو تفاعلي)	المقابلة مرئية لا مسموعة فقط (بودكاست فيديو تفاعلي)	رفع التناقض بين «مكتوبة» و«بودكاست فيديو»	1
المجلد-الثاني/الباب-الثاني/ف12-أ-المدخل-والدرسان.md	131	متعلم يرقق الراء المكسورة أحيانًا	متعلم يفخّم الراء المكسورة أحيانًا	ترقيق الراء المكسورة هو الصواب؛ الخطأ تفخيمها	1
المجلد-الثاني/الباب-الثاني/ف12-أ-المدخل-والدرسان.md	28	ويسمعه أذن أخرى	وتسمعه أذن أخرى	مطابقة الفعل للفاعل المؤنث	1
المجلد-الثاني/الباب-الثاني/ف12-أ-المدخل-والدرسان.md	264	(في الدرس الآتي)	(في التطبيق الختامي للفصل)	النص التشخيصي في التطبيق الختامي لا في درس آتٍ	1
المجلد-الثاني/الباب-الثاني/ف12-ب-التطبيق-والتقويم.md	90	أستاذةَ خديجة، هذا	أستاذةُ خديجةُ، هذا	المنادى نكرة مقصودة مبني على الضم، لا مضاف	1
المجلد-الثاني/الباب-الثاني/ف12-ب-التطبيق-والتقويم.md	296	عند حد الثلاثة أصوات	عند حد الأصوات الثلاثة	تصحيح تركيب العدد والمعدود	1
المجلد-الثاني/الملاحق/ملحق-الباب-الثاني-برنامج-النطق-٢.md	217	يَحْتَاجُ صَبْرًا طَوِيلْ	يَحْتَاجُ إِلَى صَبْرٍ طَوِيلْ	الوقف على المنوّن بالفتح يكون بالألف؛ أُعيدت الصياغة لتصح وقفة السكون	1
المجلد-الثاني/الملاحق/ملحق-الباب-الثاني-برنامج-النطق-٢.md	434	«أَتْقِنْ عَمَلَكَ بِصَبْرٍ.» (ط)	«أَتْقِنْ عَمَلَكَ بِضَبْطٍ وَصَبْرٍ.» (ط)	العبارة المخصصة للطاء خلت منها	1
المجلد-الثاني/الملاحق/ملحق-الباب-الثاني-برنامج-النطق-٢.md	339	(بل غيري قاله)	(وإن كنتُ لمّحتُ إليه)	النبر على الفعل يقابل القولَ بغيره من الأفعال لا القائلَ بغيره	1
المجلد-الثاني/الملاحق/ملحق-الباب-الثاني-برنامج-النطق-٢.md	344	«هُوَ **الَّذِي** أَخْبَرَنِي، لَا سِوَاهُ.»	«**هُوَ** الَّذِي أَخْبَرَنِي، لَا سِوَاهُ.»	النبر على المقصود بالتخصيص «هو»	1
المجلد-الثاني/الملاحق/ملحق-الباب-الثاني-برنامج-النطق-٢.md	228	(أمر مجزوم أصلًا، لا يتغير)	(أمر مبني على السكون أصلًا، لا يتغير)	فعل الأمر مبني لا مجزوم	1
المجلد-الثاني/الملاحق/ملحق-الباب-الثاني-برنامج-النطق-٢.md	138	وتسقط همزته بعد «بِسْمِ اللهِ»	وتسقط همزته في «بِسْمِ اللهِ»	الهمزة تسقط في «بسم» نفسها	1
المجلد-الثاني/الملاحق/ملحق-الباب-الثاني-برنامج-النطق-٢.md	384	الوقف، النبرة، النبر، السرعة)	الوقف، الاستئناف، النبرة، النبر، السرعة)	استكمال العنصر العاشر (الاستئناف) كما في قائمة المراجعة	1
المجلد-الثاني/الملاحق/ملحق-الباب-الثاني-برنامج-النطق-٢.md	270	حتى يوشك نفسك أن ينفد	حتى يوشك نفَسك أن ينفد	ضبط «نفَس» دفعًا للّبس بـ«نفْس»	1
المجلد-الثاني/الملاحق/ملحق-الباب-الثاني-برنامج-النطق.md	452	وهو محاطًا بجيرانه	وهو محاطٌ بجيرانه	رفع خبر المبتدأ في الجملة الحالية الاسمية	1
المجلد-الثاني/الملاحق/ملحق-الباب-الثاني-برنامج-النطق.md	461	وَقَدْ ازْدادَ	وَقَدِ ازْدادَ	كسر الدال لالتقاء الساكنين قبل همزة الوصل في نص مشكول للقراءة	1
المجلد-الثاني/الملاحق/ملحق-الباب-الثاني-برنامج-النطق.md	212	أثقل وأمتلأ، وفي	أثقل وأكثر امتلاءً، وفي	تصحيح صيغة التفضيل «أمتلأ» إلى «أكثر امتلاءً»	1
المجلد-الثاني/الملاحق/ملحق-الباب-الثاني-برنامج-النطق.md	330	أثقل وأمتلأ في الفم	أثقل وأكثر امتلاءً في الفم	تصحيح صيغة التفضيل «أمتلأ» إلى «أكثر امتلاءً»	1
المجلد-الثاني/الملاحق/ملحق-الباب-الثاني-برنامج-النطق.md	181	محسّا بانحباس	محسًّا بانحباس	إثبات تنوين النصب في الحال وفق رسم الملف	1
المجلد-الثاني/الملاحق/ملحق-الباب-الثاني-برنامج-النطق.md	225	«حَدَرَ» (للتمييز الصوتي فقط، وقد لا تكون كلمة مستعملة)	«حَدَرَ» (ركّز على الفرق في المخرج لا المعنى)	«حَدَرَ» كلمة مستعملة (ومنها الحدر في التلاوة)؛ حذف وصفها بأنها قد لا تكون مستعملة	1
المجلد-الحادي-عشر/الملاحق/ملحق-د-النماذج-الكاملة.md	149	في حلقة الباب العاشر من «سكريبتات الحلقات	في حلقة الباب العاشر (المجلد التاسع) من «سكريبتات الحلقات	إحالة إلى بابٍ في مجلدٍ آخر يُذكر فيها المجلد (xrefs.py)	1
