المعرّف الإنتاجي	المعرّف المطبوع	الملف	السطر
[م١-ب١-ف١-مث١]	[ب١-ف١-مث١]	المجلد-الأول/الباب-الأول/ف01-أ-المدخل-والدرس-الأول.md	183
[م١-ب١-ف١-مث٢]	[ب١-ف١-مث٢]	المجلد-الأول/الباب-الأول/ف01-أ-المدخل-والدرس-الأول.md	187
[م١-ب١-ف١-مث٣]	[ب١-ف١-مث٣]	المجلد-الأول/الباب-الأول/ف01-أ-المدخل-والدرس-الأول.md	191
[م١-ب١-ف١-مث٤]	[ب١-ف١-مث٤]	المجلد-الأول/الباب-الأول/ف01-أ-المدخل-والدرس-الأول.md	195
[م١-ب١-ف١-مث٥]	[ب١-ف١-مث٥]	المجلد-الأول/الباب-الأول/ف01-أ-المدخل-والدرس-الأول.md	199
[م١-ب١-ف١-مث٦]	[ب١-ف١-مث٦]	المجلد-الأول/الباب-الأول/ف01-أ-المدخل-والدرس-الأول.md	209
[م١-ب١-ف١-مث٧]	[ب١-ف١-مث٧]	المجلد-الأول/الباب-الأول/ف01-أ-المدخل-والدرس-الأول.md	213
[م١-ب١-ف١-مث٨]	[ب١-ف١-مث٨]	المجلد-الأول/الباب-الأول/ف01-أ-المدخل-والدرس-الأول.md	217
[م١-ب١-ف١-مث٩]	[ب١-ف١-مث٩]	المجلد-الأول/الباب-الأول/ف01-أ-المدخل-والدرس-الأول.md	221
[م١-ب١-ف١-مث١٠]	[ب١-ف١-مث١٠]	المجلد-الأول/الباب-الأول/ف01-أ-المدخل-والدرس-الأول.md	226
[م١-ب١-ف١-مث١١]	[ب١-ف١-مث١١]	المجلد-الأول/الباب-الأول/ف01-أ-المدخل-والدرس-الأول.md	236
[م١-ب١-ف١-مث١٢]	[ب١-ف١-مث١٢]	المجلد-الأول/الباب-الأول/ف01-أ-المدخل-والدرس-الأول.md	240
[م١-ب١-ف١-مث١٣]	[ب١-ف١-مث١٣]	المجلد-الأول/الباب-الأول/ف01-أ-المدخل-والدرس-الأول.md	244
[م١-ب١-ف١-مث١٤]	[ب١-ف١-مث١٤]	المجلد-الأول/الباب-الأول/ف01-أ-المدخل-والدرس-الأول.md	248
[م١-ب١-ف١-مث١٥]	[ب١-ف١-مث١٥]	المجلد-الأول/الباب-الأول/ف01-أ-المدخل-والدرس-الأول.md	252
[م١-ب١-ف١-مث١٦]	[ب١-ف١-مث١٦]	المجلد-الأول/الباب-الأول/ف01-أ-المدخل-والدرس-الأول.md	264
[م١-ب١-ف١-مث١٧]	[ب١-ف١-مث١٧]	المجلد-الأول/الباب-الأول/ف01-أ-المدخل-والدرس-الأول.md	268
[م١-ب١-ف١-مث١٨]	[ب١-ف١-مث١٨]	المجلد-الأول/الباب-الأول/ف01-أ-المدخل-والدرس-الأول.md	272
[م١-ب١-ف١-مث١٩]	[ب١-ف١-مث١٩]	المجلد-الأول/الباب-الأول/ف01-أ-المدخل-والدرس-الأول.md	276
[م١-ب١-ف١-مث٢٠]	[ب١-ف١-مث٢٠]	المجلد-الأول/الباب-الأول/ف01-أ-المدخل-والدرس-الأول.md	286
[م١-ب١-ف١-مث٢١]	[ب١-ف١-مث٢١]	المجلد-الأول/الباب-الأول/ف01-أ-المدخل-والدرس-الأول.md	290
[م١-ب١-ف١-مث٢٢]	[ب١-ف١-مث٢٢]	المجلد-الأول/الباب-الأول/ف01-أ-المدخل-والدرس-الأول.md	294
[م١-ب١-ف١-مث٢٣]	[ب١-ف١-مث٢٣]	المجلد-الأول/الباب-الأول/ف01-أ-المدخل-والدرس-الأول.md	298
[م١-ب١-ف١-مث٢٤]	[ب١-ف١-مث٢٤]	المجلد-الأول/الباب-الأول/ف01-أ-المدخل-والدرس-الأول.md	302
[م١-ب١-ف١-مث٢٥]	[ب١-ف١-مث٢٥]	المجلد-الأول/الباب-الأول/ف01-أ-المدخل-والدرس-الأول.md	312
[م١-ب١-ف١-مث٢٦]	[ب١-ف١-مث٢٦]	المجلد-الأول/الباب-الأول/ف01-أ-المدخل-والدرس-الأول.md	314
[م١-ب١-ف١-مث٢٧]	[ب١-ف١-مث٢٧]	المجلد-الأول/الباب-الأول/ف01-أ-المدخل-والدرس-الأول.md	316
[م١-ب١-ف١-مث٢٨]	[ب١-ف١-مث٢٨]	المجلد-الأول/الباب-الأول/ف01-أ-المدخل-والدرس-الأول.md	318
[م١-ب١-ف١-مث٢٩]	[ب١-ف١-مث٢٩]	المجلد-الأول/الباب-الأول/ف01-أ-المدخل-والدرس-الأول.md	320
[م١-ب١-ف١-مث٣٠]	[ب١-ف١-مث٣٠]	المجلد-الأول/الباب-الأول/ف01-أ-المدخل-والدرس-الأول.md	339
[م١-ب١-ف١-مث٣١]	[ب١-ف١-مث٣١]	المجلد-الأول/الباب-الأول/ف01-ب-الدرس-الثاني.md	111
[م١-ب١-ف١-مث٣٢]	[ب١-ف١-مث٣٢]	المجلد-الأول/الباب-الأول/ف01-ب-الدرس-الثاني.md	115
[م١-ب١-ف١-مث٣٣]	[ب١-ف١-مث٣٣]	المجلد-الأول/الباب-الأول/ف01-ب-الدرس-الثاني.md	123
[م١-ب١-ف١-مث٣٤]	[ب١-ف١-مث٣٤]	المجلد-الأول/الباب-الأول/ف01-ب-الدرس-الثاني.md	127
[م١-ب١-ف١-مث٣٥]	[ب١-ف١-مث٣٥]	المجلد-الأول/الباب-الأول/ف01-ب-الدرس-الثاني.md	131
[م١-ب١-ف١-مث٣٦]	[ب١-ف١-مث٣٦]	المجلد-الأول/الباب-الأول/ف01-ب-الدرس-الثاني.md	139
[م١-ب١-ف١-مث٣٧]	[ب١-ف١-مث٣٧]	المجلد-الأول/الباب-الأول/ف01-ب-الدرس-الثاني.md	143
[م١-ب١-ف١-مث٣٨]	[ب١-ف١-مث٣٨]	المجلد-الأول/الباب-الأول/ف01-ب-الدرس-الثاني.md	151
[م١-ب١-ف١-مث٣٩]	[ب١-ف١-مث٣٩]	المجلد-الأول/الباب-الأول/ف01-ب-الدرس-الثاني.md	155
[م١-ب١-ف١-مث٤٠]	[ب١-ف١-مث٤٠]	المجلد-الأول/الباب-الأول/ف01-ب-الدرس-الثاني.md	163
[م١-ب١-ف١-مث٤١]	[ب١-ف١-مث٤١]	المجلد-الأول/الباب-الأول/ف01-ب-الدرس-الثاني.md	167
[م١-ب١-ف١-مث٤٢]	[ب١-ف١-مث٤٢]	المجلد-الأول/الباب-الأول/ف01-ب-الدرس-الثاني.md	186
[م١-ب١-ف١-مث٤٣]	[ب١-ف١-مث٤٣]	المجلد-الأول/الباب-الأول/ف01-ب-الدرس-الثاني.md	188
[م١-ب١-ف١-مث٤٤]	[ب١-ف١-مث٤٤]	المجلد-الأول/الباب-الأول/ف01-ب-الدرس-الثاني.md	190
[م١-ب١-ف١-مث٤٥]	[ب١-ف١-مث٤٥]	المجلد-الأول/الباب-الأول/ف01-ب-الدرس-الثاني.md	192
[م١-ب١-ف١-مث٤٦]	[ب١-ف١-مث٤٦]	المجلد-الأول/الباب-الأول/ف01-ب-الدرس-الثاني.md	194
[م١-ب١-ف١-مث٤٧]	[ب١-ف١-مث٤٧]	المجلد-الأول/الباب-الأول/ف01-ب-الدرس-الثاني.md	196
[م١-ب١-ف١-مث٤٨]	[ب١-ف١-مث٤٨]	المجلد-الأول/الباب-الأول/ف01-ب-الدرس-الثاني.md	198
[م١-ب١-ف١-مث٤٩]	[ب١-ف١-مث٤٩]	المجلد-الأول/الباب-الأول/ف01-ب-الدرس-الثاني.md	200
[م١-ب١-ف١-مث٥٠]	[ب١-ف١-مث٥٠]	المجلد-الأول/الباب-الأول/ف01-ب-الدرس-الثاني.md	202
[م١-ب١-ف١-مث٥١]	[ب١-ف١-مث٥١]	المجلد-الأول/الباب-الأول/ف01-ب-الدرس-الثاني.md	204
[م١-ب١-ف٢-مث١]	[ب١-ف٢-مث١]	المجلد-الأول/الباب-الأول/ف02-أ-المدخل-والدرس-الأول.md	215
[م١-ب١-ف٢-مث٢]	[ب١-ف٢-مث٢]	المجلد-الأول/الباب-الأول/ف02-أ-المدخل-والدرس-الأول.md	219
[م١-ب١-ف٢-مث٣]	[ب١-ف٢-مث٣]	المجلد-الأول/الباب-الأول/ف02-أ-المدخل-والدرس-الأول.md	223
[م١-ب١-ف٢-مث٤]	[ب١-ف٢-مث٤]	المجلد-الأول/الباب-الأول/ف02-أ-المدخل-والدرس-الأول.md	235
[م١-ب١-ف٢-مث٥]	[ب١-ف٢-مث٥]	المجلد-الأول/الباب-الأول/ف02-أ-المدخل-والدرس-الأول.md	239
[م١-ب١-ف٢-مث٦]	[ب١-ف٢-مث٦]	المجلد-الأول/الباب-الأول/ف02-أ-المدخل-والدرس-الأول.md	243
[م١-ب١-ف٢-مث٧]	[ب١-ف٢-مث٧]	المجلد-الأول/الباب-الأول/ف02-أ-المدخل-والدرس-الأول.md	255
[م١-ب١-ف٢-مث٨]	[ب١-ف٢-مث٨]	المجلد-الأول/الباب-الأول/ف02-أ-المدخل-والدرس-الأول.md	259
[م١-ب١-ف٢-مث٩]	[ب١-ف٢-مث٩]	المجلد-الأول/الباب-الأول/ف02-أ-المدخل-والدرس-الأول.md	263
[م١-ب١-ف٢-مث١٠]	[ب١-ف٢-مث١٠]	المجلد-الأول/الباب-الأول/ف02-أ-المدخل-والدرس-الأول.md	275
[م١-ب١-ف٢-مث١١]	[ب١-ف٢-مث١١]	المجلد-الأول/الباب-الأول/ف02-أ-المدخل-والدرس-الأول.md	279
[م١-ب١-ف٢-مث١٢]	[ب١-ف٢-مث١٢]	المجلد-الأول/الباب-الأول/ف02-أ-المدخل-والدرس-الأول.md	283
[م١-ب١-ف٢-مث١٣]	[ب١-ف٢-مث١٣]	المجلد-الأول/الباب-الأول/ف02-أ-المدخل-والدرس-الأول.md	295
[م١-ب١-ف٢-مث١٤]	[ب١-ف٢-مث١٤]	المجلد-الأول/الباب-الأول/ف02-أ-المدخل-والدرس-الأول.md	301
[م١-ب١-ف٢-مث١٥]	[ب١-ف٢-مث١٥]	المجلد-الأول/الباب-الأول/ف02-أ-المدخل-والدرس-الأول.md	305
[م١-ب١-ف٢-مث١٦]	[ب١-ف٢-مث١٦]	المجلد-الأول/الباب-الأول/ف02-أ-المدخل-والدرس-الأول.md	319
[م١-ب١-ف٢-مث١٧]	[ب١-ف٢-مث١٧]	المجلد-الأول/الباب-الأول/ف02-أ-المدخل-والدرس-الأول.md	323
[م١-ب١-ف٢-مث١٨]	[ب١-ف٢-مث١٨]	المجلد-الأول/الباب-الأول/ف02-أ-المدخل-والدرس-الأول.md	327
[م١-ب١-ف٢-مث١٩]	[ب١-ف٢-مث١٩]	المجلد-الأول/الباب-الأول/ف02-أ-المدخل-والدرس-الأول.md	342
[م١-ب١-ف٢-مث٢٠]	[ب١-ف٢-مث٢٠]	المجلد-الأول/الباب-الأول/ف02-أ-المدخل-والدرس-الأول.md	348
[م١-ب١-ف٢-مث٢١]	[ب١-ف٢-مث٢١]	المجلد-الأول/الباب-الأول/ف02-أ-المدخل-والدرس-الأول.md	352
[م١-ب١-ف٢-مث٢٢]	[ب١-ف٢-مث٢٢]	المجلد-الأول/الباب-الأول/ف02-أ-المدخل-والدرس-الأول.md	364
[م١-ب١-ف٢-مث٢٣]	[ب١-ف٢-مث٢٣]	المجلد-الأول/الباب-الأول/ف02-أ-المدخل-والدرس-الأول.md	368
[م١-ب١-ف٢-مث٢٤]	[ب١-ف٢-مث٢٤]	المجلد-الأول/الباب-الأول/ف02-أ-المدخل-والدرس-الأول.md	372
[م١-ب١-ف٢-مث٢٥]	[ب١-ف٢-مث٢٥]	المجلد-الأول/الباب-الأول/ف02-أ-المدخل-والدرس-الأول.md	384
[م١-ب١-ف٢-مث٢٦]	[ب١-ف٢-مث٢٦]	المجلد-الأول/الباب-الأول/ف02-أ-المدخل-والدرس-الأول.md	388
[م١-ب١-ف٢-مث٢٧]	[ب١-ف٢-مث٢٧]	المجلد-الأول/الباب-الأول/ف02-أ-المدخل-والدرس-الأول.md	400
[م١-ب١-ف٢-مث٢٨]	[ب١-ف٢-مث٢٨]	المجلد-الأول/الباب-الأول/ف02-أ-المدخل-والدرس-الأول.md	404
[م١-ب١-ف٢-مث٢٩]	[ب١-ف٢-مث٢٩]	المجلد-الأول/الباب-الأول/ف02-أ-المدخل-والدرس-الأول.md	408
[م١-ب١-ف٢-مث٣٠]	[ب١-ف٢-مث٣٠]	المجلد-الأول/الباب-الأول/ف02-أ-المدخل-والدرس-الأول.md	424
[م١-ب١-ف٢-مث٣١]	[ب١-ف٢-مث٣١]	المجلد-الأول/الباب-الأول/ف02-أ-المدخل-والدرس-الأول.md	426
[م١-ب١-ف٢-مث٣٢]	[ب١-ف٢-مث٣٢]	المجلد-الأول/الباب-الأول/ف02-أ-المدخل-والدرس-الأول.md	428
[م١-ب١-ف٢-مث٣٣]	[ب١-ف٢-مث٣٣]	المجلد-الأول/الباب-الأول/ف02-أ-المدخل-والدرس-الأول.md	430
[م١-ب١-ف٢-مث٣٤]	[ب١-ف٢-مث٣٤]	المجلد-الأول/الباب-الأول/ف02-أ-المدخل-والدرس-الأول.md	432
[م١-ب١-ف٢-مث٣٥]	[ب١-ف٢-مث٣٥]	المجلد-الأول/الباب-الأول/ف02-أ-المدخل-والدرس-الأول.md	434
[م١-ب١-ف٢-مث٣٦]	[ب١-ف٢-مث٣٦]	المجلد-الأول/الباب-الأول/ف02-أ-المدخل-والدرس-الأول.md	440
[م١-ب١-ف٢-مث٣٧]	[ب١-ف٢-مث٣٧]	المجلد-الأول/الباب-الأول/ف02-ب-الدرس-الثاني.md	74
[م١-ب١-ف٢-مث٣٨]	[ب١-ف٢-مث٣٨]	المجلد-الأول/الباب-الأول/ف02-ب-الدرس-الثاني.md	78
[م١-ب١-ف٢-مث٣٩]	[ب١-ف٢-مث٣٩]	المجلد-الأول/الباب-الأول/ف02-ب-الدرس-الثاني.md	82
[م١-ب١-ف٢-مث٤٠]	[ب١-ف٢-مث٤٠]	المجلد-الأول/الباب-الأول/ف02-ب-الدرس-الثاني.md	86
[م١-ب١-ف٢-مث٤١]	[ب١-ف٢-مث٤١]	المجلد-الأول/الباب-الأول/ف02-ب-الدرس-الثاني.md	90
[م١-ب١-ف٢-مث٣٢]	[ب١-ف٢-مث٣٢]	المجلد-الأول/الباب-الأول/ف02-ج-التطبيق-والتقويم.md	362
[م١-ب١-ف٣-مث١]	[ب١-ف٣-مث١]	المجلد-الأول/الباب-الأول/ف03-أ-المفاهيم-والدرس.md	181
[م١-ب١-ف٣-مث٢]	[ب١-ف٣-مث٢]	المجلد-الأول/الباب-الأول/ف03-أ-المفاهيم-والدرس.md	185
[م١-ب١-ف٣-مث٣]	[ب١-ف٣-مث٣]	المجلد-الأول/الباب-الأول/ف03-أ-المفاهيم-والدرس.md	189
[م١-ب١-ف٣-مث٤]	[ب١-ف٣-مث٤]	المجلد-الأول/الباب-الأول/ف03-أ-المفاهيم-والدرس.md	193
[م١-ب١-ف٣-مث٥]	[ب١-ف٣-مث٥]	المجلد-الأول/الباب-الأول/ف03-أ-المفاهيم-والدرس.md	197
[م١-ب١-ف٣-مث٦]	[ب١-ف٣-مث٦]	المجلد-الأول/الباب-الأول/ف03-أ-المفاهيم-والدرس.md	201
[م١-ب١-ف٣-مث٧]	[ب١-ف٣-مث٧]	المجلد-الأول/الباب-الأول/ف03-أ-المفاهيم-والدرس.md	205
[م١-ب١-ف٣-مث٨]	[ب١-ف٣-مث٨]	المجلد-الأول/الباب-الأول/ف03-أ-المفاهيم-والدرس.md	209
[م١-ب١-ف٣-مث٩]	[ب١-ف٣-مث٩]	المجلد-الأول/الباب-الأول/ف03-أ-المفاهيم-والدرس.md	231
[م١-ب١-ف٣-مث١٠]	[ب١-ف٣-مث١٠]	المجلد-الأول/الباب-الأول/ف03-أ-المفاهيم-والدرس.md	236
[م١-ب١-ف٣-مث١١]	[ب١-ف٣-مث١١]	المجلد-الأول/الباب-الأول/ف03-أ-المفاهيم-والدرس.md	242
[م١-ب١-ف٣-مث١٢]	[ب١-ف٣-مث١٢]	المجلد-الأول/الباب-الأول/ف03-أ-المفاهيم-والدرس.md	247
[م١-ب١-ف٣-مث١٣]	[ب١-ف٣-مث١٣]	المجلد-الأول/الباب-الأول/ف03-أ-المفاهيم-والدرس.md	251
[م١-ب١-ف٣-مث١٤]	[ب١-ف٣-مث١٤]	المجلد-الأول/الباب-الأول/ف03-أ-المفاهيم-والدرس.md	255
[م١-ب١-ف٣-مث١٥]	[ب١-ف٣-مث١٥]	المجلد-الأول/الباب-الأول/ف03-أ-المفاهيم-والدرس.md	259
[م١-ب١-ف٣-مث١٦]	[ب١-ف٣-مث١٦]	المجلد-الأول/الباب-الأول/ف03-أ-المفاهيم-والدرس.md	324
[م١-ب١-ف٣-مث١٧]	[ب١-ف٣-مث١٧]	المجلد-الأول/الباب-الأول/ف03-أ-المفاهيم-والدرس.md	329
[م١-ب١-ف٣-مث١٨]	[ب١-ف٣-مث١٨]	المجلد-الأول/الباب-الأول/ف03-أ-المفاهيم-والدرس.md	334
[م١-ب١-ف٣-مث١٩]	[ب١-ف٣-مث١٩]	المجلد-الأول/الباب-الأول/ف03-أ-المفاهيم-والدرس.md	339
[م١-ب١-ف٣-مث٢٠]	[ب١-ف٣-مث٢٠]	المجلد-الأول/الباب-الأول/ف03-أ-المفاهيم-والدرس.md	344
[م١-ب١-ف٣-مث٢١]	[ب١-ف٣-مث٢١]	المجلد-الأول/الباب-الأول/ف03-أ-المفاهيم-والدرس.md	349
[م١-ب١-ف٣-مث٢٢]	[ب١-ف٣-مث٢٢]	المجلد-الأول/الباب-الأول/ف03-أ-المفاهيم-والدرس.md	354
[م١-ب١-ف٣-مث٢٣]	[ب١-ف٣-مث٢٣]	المجلد-الأول/الباب-الأول/ف03-أ-المفاهيم-والدرس.md	359
[م١-ب١-ف٣-مث٢٤]	[ب١-ف٣-مث٢٤]	المجلد-الأول/الباب-الأول/ف03-أ-المفاهيم-والدرس.md	364
[م١-ب١-ف٣-مث٢٥]	[ب١-ف٣-مث٢٥]	المجلد-الأول/الباب-الأول/ف03-أ-المفاهيم-والدرس.md	369
[م١-ب١-ف٣-مث٢٦]	[ب١-ف٣-مث٢٦]	المجلد-الأول/الباب-الأول/ف03-أ-المفاهيم-والدرس.md	374
[م١-ب١-ف٣-مث٢٧]	[ب١-ف٣-مث٢٧]	المجلد-الأول/الباب-الأول/ف03-أ-المفاهيم-والدرس.md	379
[م١-ب١-ف٣-مث٢٨]	[ب١-ف٣-مث٢٨]	المجلد-الأول/الباب-الأول/ف03-أ-المفاهيم-والدرس.md	384
[م١-ب١-ف٣-مث٢٩]	[ب١-ف٣-مث٢٩]	المجلد-الأول/الباب-الأول/ف03-أ-المفاهيم-والدرس.md	389
[م١-ب١-ف٣-مث٣٠]	[ب١-ف٣-مث٣٠]	المجلد-الأول/الباب-الأول/ف03-أ-المفاهيم-والدرس.md	394
[م١-ب١-ف٣-مث٣١]	[ب١-ف٣-مث٣١]	المجلد-الأول/الباب-الأول/ف03-أ-المفاهيم-والدرس.md	467
[م١-ب١-ف٣-مث٣٢]	[ب١-ف٣-مث٣٢]	المجلد-الأول/الباب-الأول/ف03-أ-المفاهيم-والدرس.md	471
[م١-ب١-ف٣-مث٣٣]	[ب١-ف٣-مث٣٣]	المجلد-الأول/الباب-الأول/ف03-أ-المفاهيم-والدرس.md	475
[م١-ب١-ف٣-مث٣٤]	[ب١-ف٣-مث٣٤]	المجلد-الأول/الباب-الأول/ف03-أ-المفاهيم-والدرس.md	479
[م١-ب١-ف٣-مث٣٥]	[ب١-ف٣-مث٣٥]	المجلد-الأول/الباب-الأول/ف03-أ-المفاهيم-والدرس.md	483
[م١-ب١-ف٣-مث٣٦]	[ب١-ف٣-مث٣٦]	المجلد-الأول/الباب-الأول/ف03-أ-المفاهيم-والدرس.md	495
[م١-ب١-ف٣-مث٣٧]	[ب١-ف٣-مث٣٧]	المجلد-الأول/الباب-الأول/ف03-أ-المفاهيم-والدرس.md	497
[م١-ب١-ف٣-مث٣٨]	[ب١-ف٣-مث٣٨]	المجلد-الأول/الباب-الأول/ف03-أ-المفاهيم-والدرس.md	499
[م١-ب١-ف٣-مث٣٩]	[ب١-ف٣-مث٣٩]	المجلد-الأول/الباب-الأول/ف03-أ-المفاهيم-والدرس.md	501
[م١-ب١-ف٣-مث٤٠]	[ب١-ف٣-مث٤٠]	المجلد-الأول/الباب-الأول/ف03-أ-المفاهيم-والدرس.md	503
[م١-ب١-ف٣-مث٤١]	[ب١-ف٣-مث٤١]	المجلد-الأول/الباب-الأول/ف03-أ-المفاهيم-والدرس.md	509
[م١-ب١-ف٤-مث١]	[ب١-ف٤-مث١]	المجلد-الأول/الباب-الأول/ف04-ب-الدرس-الثاني.md	43
[م١-ب١-ف٤-مث٢]	[ب١-ف٤-مث٢]	المجلد-الأول/الباب-الأول/ف04-ب-الدرس-الثاني.md	47
[م١-ب١-ف٤-مث٣]	[ب١-ف٤-مث٣]	المجلد-الأول/الباب-الأول/ف04-ب-الدرس-الثاني.md	53
[م١-ب١-ف٤-مث٤]	[ب١-ف٤-مث٤]	المجلد-الأول/الباب-الأول/ف04-ب-الدرس-الثاني.md	57
[م١-ب١-ف٤-مث٥]	[ب١-ف٤-مث٥]	المجلد-الأول/الباب-الأول/ف04-ب-الدرس-الثاني.md	63
[م١-ب١-ف٤-مث٦]	[ب١-ف٤-مث٦]	المجلد-الأول/الباب-الأول/ف04-ب-الدرس-الثاني.md	67
[م١-ب١-ف٤-مث٧]	[ب١-ف٤-مث٧]	المجلد-الأول/الباب-الأول/ف04-ب-الدرس-الثاني.md	73
[م١-ب١-ف٤-مث٨]	[ب١-ف٤-مث٨]	المجلد-الأول/الباب-الأول/ف04-ب-الدرس-الثاني.md	77
[م١-ب١-ف٤-مث٩]	[ب١-ف٤-مث٩]	المجلد-الأول/الباب-الأول/ف04-ب-الدرس-الثاني.md	82
[م١-ب١-ف٤-مث١٠]	[ب١-ف٤-مث١٠]	المجلد-الأول/الباب-الأول/ف04-ب-الدرس-الثاني.md	94
[م١-ب١-ف٤-مث١١]	[ب١-ف٤-مث١١]	المجلد-الأول/الباب-الأول/ف04-ب-الدرس-الثاني.md	100
[م١-ب١-ف٤-مث١٢]	[ب١-ف٤-مث١٢]	المجلد-الأول/الباب-الأول/ف04-ب-الدرس-الثاني.md	106
[م١-ب١-ف٤-مث١٣]	[ب١-ف٤-مث١٣]	المجلد-الأول/الباب-الأول/ف04-ب-الدرس-الثاني.md	112
[م١-ب١-ف٤-مث١٤]	[ب١-ف٤-مث١٤]	المجلد-الأول/الباب-الأول/ف04-ب-الدرس-الثاني.md	124
[م١-ب١-ف٤-مث١٥]	[ب١-ف٤-مث١٥]	المجلد-الأول/الباب-الأول/ف04-ب-الدرس-الثاني.md	128
[م١-ب١-ف٥-مث١]	[ب١-ف٥-مث١]	المجلد-الأول/الباب-الأول/ف05-أ-المدخل-والدرس.md	90
[م١-ب١-ف٥-مث٢]	[ب١-ف٥-مث٢]	المجلد-الأول/الباب-الأول/ف05-أ-المدخل-والدرس.md	94
[م١-ب١-ف٥-مث٣]	[ب١-ف٥-مث٣]	المجلد-الأول/الباب-الأول/ف05-أ-المدخل-والدرس.md	98
[م١-ب١-ف٥-مث٤]	[ب١-ف٥-مث٤]	المجلد-الأول/الباب-الأول/ف05-أ-المدخل-والدرس.md	102
[م١-ب١-ف٥-مث٥]	[ب١-ف٥-مث٥]	المجلد-الأول/الباب-الأول/ف05-أ-المدخل-والدرس.md	154
[م١-ب١-ف٥-مث٦]	[ب١-ف٥-مث٦]	المجلد-الأول/الباب-الأول/ف05-أ-المدخل-والدرس.md	158
[م١-ب١-ف٥-مث٧]	[ب١-ف٥-مث٧]	المجلد-الأول/الباب-الأول/ف05-أ-المدخل-والدرس.md	162
[م١-ب١-ف٥-مث٨]	[ب١-ف٥-مث٨]	المجلد-الأول/الباب-الأول/ف05-أ-المدخل-والدرس.md	166
[م١-ب١-ف٥-مث٩]	[ب١-ف٥-مث٩]	المجلد-الأول/الباب-الأول/ف05-أ-المدخل-والدرس.md	237
[م١-ب١-ف٥-مث١٠]	[ب١-ف٥-مث١٠]	المجلد-الأول/الباب-الأول/ف05-أ-المدخل-والدرس.md	241
[م١-ب١-ف٥-مث١١]	[ب١-ف٥-مث١١]	المجلد-الأول/الباب-الأول/ف05-أ-المدخل-والدرس.md	245
[م١-ب١-ف٥-مث١٢]	[ب١-ف٥-مث١٢]	المجلد-الأول/الباب-الأول/ف05-أ-المدخل-والدرس.md	249
[م١-ب١-ف٥-مث١٣]	[ب١-ف٥-مث١٣]	المجلد-الأول/الباب-الأول/ف05-ب-التطبيق-والتقويم.md	26
[م١-ب١-ف٥-مث١٤]	[ب١-ف٥-مث١٤]	المجلد-الأول/الباب-الأول/ف05-ب-التطبيق-والتقويم.md	30
[م١-ب١-ف٥-مث١٥]	[ب١-ف٥-مث١٥]	المجلد-الأول/الباب-الأول/ف05-ب-التطبيق-والتقويم.md	34
[م١-ب١-ف٥-مث١٦]	[ب١-ف٥-مث١٦]	المجلد-الأول/الباب-الأول/ف05-ب-التطبيق-والتقويم.md	38
[م١-ب١-ف٦-مث١]	[ب١-ف٦-مث١]	المجلد-الأول/الباب-الأول/ف06-أ-المدخل-والدرس.md	90
[م١-ب١-ف٦-مث٢]	[ب١-ف٦-مث٢]	المجلد-الأول/الباب-الأول/ف06-ب-البرنامج-والتطبيق.md	32
[م١-ب١-ف٦-مث٣]	[ب١-ف٦-مث٣]	المجلد-الأول/الباب-الأول/ف06-ب-البرنامج-والتطبيق.md	36
[م١-ب١-ف٦-مث٤]	[ب١-ف٦-مث٤]	المجلد-الأول/الباب-الأول/ف06-ب-البرنامج-والتطبيق.md	40
[م١-ب١-ف٦-مث٥]	[ب١-ف٦-مث٥]	المجلد-الأول/الباب-الأول/ف06-ب-البرنامج-والتطبيق.md	58
[م١-ب١-ف٦-مث٦]	[ب١-ف٦-مث٦]	المجلد-الأول/الباب-الأول/ف06-ب-البرنامج-والتطبيق.md	62
[م١-ب١-ف٦-مث٧]	[ب١-ف٦-مث٧]	المجلد-الأول/الباب-الأول/ف06-ب-البرنامج-والتطبيق.md	66
[م١-ب١-ف٦-مث٨]	[ب١-ف٦-مث٨]	المجلد-الأول/الباب-الأول/ف06-ب-البرنامج-والتطبيق.md	74
[م١-ب١-ف٦-مث٩]	[ب١-ف٦-مث٩]	المجلد-الأول/الباب-الأول/ف06-ب-البرنامج-والتطبيق.md	78
[م١-ب١-ف٦-مث١٠]	[ب١-ف٦-مث١٠]	المجلد-الأول/الباب-الأول/ف06-ب-البرنامج-والتطبيق.md	82
[م١-ب١-ف٦-مث١١]	[ب١-ف٦-مث١١]	المجلد-الأول/الباب-الأول/ف06-ب-البرنامج-والتطبيق.md	86
[م١-ب١-ف٦-مث١٢]	[ب١-ف٦-مث١٢]	المجلد-الأول/الباب-الأول/ف06-ب-البرنامج-والتطبيق.md	90
[م١-ب١-ف٦-مث١٣]	[ب١-ف٦-مث١٣]	المجلد-الأول/الباب-الأول/ف06-ب-البرنامج-والتطبيق.md	93
[م١-ب١-ف٦-مث١٤]	[ب١-ف٦-مث١٤]	المجلد-الأول/الباب-الأول/ف06-ب-البرنامج-والتطبيق.md	96
[م١-ب١-ف٦-مث١٥]	[ب١-ف٦-مث١٥]	المجلد-الأول/الباب-الأول/ف06-ب-البرنامج-والتطبيق.md	100
[م٣-ب١٠-ف١-مث١]	[ب١٠-ف١-مث١]	المجلد-التاسع/الباب-العاشر/ف01-أ-بناء-الجواب.md	145
[م٣-ب١٠-ف١-مث٢]	[ب١٠-ف١-مث٢]	المجلد-التاسع/الباب-العاشر/ف01-أ-بناء-الجواب.md	149
[م٣-ب١٠-ف١-مث٣]	[ب١٠-ف١-مث٣]	المجلد-التاسع/الباب-العاشر/ف01-أ-بناء-الجواب.md	153
[م٣-ب١٠-ف١-مث٤]	[ب١٠-ف١-مث٤]	المجلد-التاسع/الباب-العاشر/ف01-أ-بناء-الجواب.md	157
[م٣-ب١٠-ف١-مث٥]	[ب١٠-ف١-مث٥]	المجلد-التاسع/الباب-العاشر/ف01-أ-بناء-الجواب.md	163
[م٣-ب١٠-ف١-مث٦]	[ب١٠-ف١-مث٦]	المجلد-التاسع/الباب-العاشر/ف01-أ-بناء-الجواب.md	167
[م٣-ب١٠-ف١-مث٧]	[ب١٠-ف١-مث٧]	المجلد-التاسع/الباب-العاشر/ف01-أ-بناء-الجواب.md	171
[م٣-ب١٠-ف١-مث٨]	[ب١٠-ف١-مث٨]	المجلد-التاسع/الباب-العاشر/ف01-أ-بناء-الجواب.md	175
[م٣-ب١٠-ف١-مث٩]	[ب١٠-ف١-مث٩]	المجلد-التاسع/الباب-العاشر/ف01-أ-بناء-الجواب.md	183
[م٣-ب١٠-ف١-مث١٠]	[ب١٠-ف١-مث١٠]	المجلد-التاسع/الباب-العاشر/ف01-أ-بناء-الجواب.md	187
[م٣-ب١٠-ف١-مث١١]	[ب١٠-ف١-مث١١]	المجلد-التاسع/الباب-العاشر/ف01-أ-بناء-الجواب.md	191
[م٣-ب١٠-ف١-مث١٢]	[ب١٠-ف١-مث١٢]	المجلد-التاسع/الباب-العاشر/ف01-أ-بناء-الجواب.md	197
[م٣-ب١٠-ف١-مث١٣]	[ب١٠-ف١-مث١٣]	المجلد-التاسع/الباب-العاشر/ف01-أ-بناء-الجواب.md	201
[م٣-ب١٠-ف١-مث١٤]	[ب١٠-ف١-مث١٤]	المجلد-التاسع/الباب-العاشر/ف01-أ-بناء-الجواب.md	205
[م٣-ب١٠-ف١-مث١٥]	[ب١٠-ف١-مث١٥]	المجلد-التاسع/الباب-العاشر/ف01-أ-بناء-الجواب.md	227
[م٣-ب١٠-ف١-مث١٦]	[ب١٠-ف١-مث١٦]	المجلد-التاسع/الباب-العاشر/ف01-أ-بناء-الجواب.md	231
[م٣-ب١٠-ف١-مث١٧]	[ب١٠-ف١-مث١٧]	المجلد-التاسع/الباب-العاشر/ف01-أ-بناء-الجواب.md	251
[م٣-ب١٠-ف١-مث١٨]	[ب١٠-ف١-مث١٨]	المجلد-التاسع/الباب-العاشر/ف01-أ-بناء-الجواب.md	255
[م٣-ب١٠-ف١-مث١٩]	[ب١٠-ف١-مث١٩]	المجلد-التاسع/الباب-العاشر/ف01-أ-بناء-الجواب.md	259
[م٣-ب١٠-ف١-مث٢٠]	[ب١٠-ف١-مث٢٠]	المجلد-التاسع/الباب-العاشر/ف01-أ-بناء-الجواب.md	263
[م٣-ب١٠-ف١-مث٢١]	[ب١٠-ف١-مث٢١]	المجلد-التاسع/الباب-العاشر/ف01-أ-بناء-الجواب.md	267
[م٣-ب١٠-ف١-مث٢٢]	[ب١٠-ف١-مث٢٢]	المجلد-التاسع/الباب-العاشر/ف01-أ-بناء-الجواب.md	271
[م٣-ب١٠-ف١-مث٢٣]	[ب١٠-ف١-مث٢٣]	المجلد-التاسع/الباب-العاشر/ف01-أ-بناء-الجواب.md	275
[م٣-ب١٠-ف١-مث٢٤]	[ب١٠-ف١-مث٢٤]	المجلد-التاسع/الباب-العاشر/ف01-أ-بناء-الجواب.md	279
[م٣-ب١٠-ف١-مث٢٥]	[ب١٠-ف١-مث٢٥]	المجلد-التاسع/الباب-العاشر/ف01-أ-بناء-الجواب.md	395
[م٣-ب١٠-ف١-مث٢٦]	[ب١٠-ف١-مث٢٦]	المجلد-التاسع/الباب-العاشر/ف01-أ-بناء-الجواب.md	560
[م٣-ب١٠-ف١-مث٢٧]	[ب١٠-ف١-مث٢٧]	المجلد-التاسع/الباب-العاشر/ف01-أ-بناء-الجواب.md	564
[م٣-ب١٠-ف١-مث٢٨]	[ب١٠-ف١-مث٢٨]	المجلد-التاسع/الباب-العاشر/ف01-ب-الأسئلة-والمحاكاة.md	141
[م٣-ب١٠-ف١-مث٢٩]	[ب١٠-ف١-مث٢٩]	المجلد-التاسع/الباب-العاشر/ف01-ب-الأسئلة-والمحاكاة.md	297
[م٣-ب١٠-ف١-مث٣٠]	[ب١٠-ف١-مث٣٠]	المجلد-التاسع/الباب-العاشر/ف01-ب-الأسئلة-والمحاكاة.md	327
[م٣-ب١٠-ف١-مث٣١]	[ب١٠-ف١-مث٣١]	المجلد-التاسع/الباب-العاشر/ف01-ب-الأسئلة-والمحاكاة.md	331
[م٣-ب١٠-ف١-مث٣٢]	[ب١٠-ف١-مث٣٢]	المجلد-التاسع/الباب-العاشر/ف01-ب-الأسئلة-والمحاكاة.md	347
[م٣-ب١٠-ف١-مث٣٣]	[ب١٠-ف١-مث٣٣]	المجلد-التاسع/الباب-العاشر/ف01-ب-الأسئلة-والمحاكاة.md	351
[م٣-ب١٠-ف١-مث٣٤]	[ب١٠-ف١-مث٣٤]	المجلد-التاسع/الباب-العاشر/ف01-ب-الأسئلة-والمحاكاة.md	355
[م٣-ب١٠-ف١-مث٣٥]	[ب١٠-ف١-مث٣٥]	المجلد-التاسع/الباب-العاشر/ف01-ب-الأسئلة-والمحاكاة.md	359
[م٣-ب١٠-ف١-مث٣٦]	[ب١٠-ف١-مث٣٦]	المجلد-التاسع/الباب-العاشر/ف01-ب-الأسئلة-والمحاكاة.md	363
[م٣-ب١٠-ف١-مث٣٧]	[ب١٠-ف١-مث٣٧]	المجلد-التاسع/الباب-العاشر/ف01-ب-الأسئلة-والمحاكاة.md	381
[م٣-ب١٠-ف١-مث٣٨]	[ب١٠-ف١-مث٣٨]	المجلد-التاسع/الباب-العاشر/ف01-ب-الأسئلة-والمحاكاة.md	385
[م٣-ب١٠-ف١-مث٣٩]	[ب١٠-ف١-مث٣٩]	المجلد-التاسع/الباب-العاشر/ف01-ب-الأسئلة-والمحاكاة.md	389
[م٣-ب١٠-ف١-مث٤٠]	[ب١٠-ف١-مث٤٠]	المجلد-التاسع/الباب-العاشر/ف01-ب-الأسئلة-والمحاكاة.md	393
[م٣-ب١٠-ف١-مث٤١]	[ب١٠-ف١-مث٤١]	المجلد-التاسع/الباب-العاشر/ف01-ب-الأسئلة-والمحاكاة.md	397
[م٣-ب١٠-ف١-مث٤٢]	[ب١٠-ف١-مث٤٢]	المجلد-التاسع/الباب-العاشر/ف01-ب-الأسئلة-والمحاكاة.md	401
[م٣-ب١٠-ف٢-مث١]	[ب١٠-ف٢-مث١]	المجلد-التاسع/الباب-العاشر/ف02-أ-الدرس-التجريبي.md	81
[م٣-ب١٠-ف٢-مث٢]	[ب١٠-ف٢-مث٢]	المجلد-التاسع/الباب-العاشر/ف02-أ-الدرس-التجريبي.md	85
[م٣-ب١٠-ف٢-مث٣]	[ب١٠-ف٢-مث٣]	المجلد-التاسع/الباب-العاشر/ف02-أ-الدرس-التجريبي.md	89
[م٣-ب١٠-ف٢-مث٤]	[ب١٠-ف٢-مث٤]	المجلد-التاسع/الباب-العاشر/ف02-أ-الدرس-التجريبي.md	93
[م٣-ب١٠-ف٢-مث٥]	[ب١٠-ف٢-مث٥]	المجلد-التاسع/الباب-العاشر/ف02-أ-الدرس-التجريبي.md	97
[م٣-ب١٠-ف٢-مث٦]	[ب١٠-ف٢-مث٦]	المجلد-التاسع/الباب-العاشر/ف02-أ-الدرس-التجريبي.md	101
[م٣-ب١٠-ف٢-مث٧]	[ب١٠-ف٢-مث٧]	المجلد-التاسع/الباب-العاشر/ف02-أ-الدرس-التجريبي.md	105
[م٣-ب١٠-ف٢-مث٨]	[ب١٠-ف٢-مث٨]	المجلد-التاسع/الباب-العاشر/ف02-أ-الدرس-التجريبي.md	109
[م٣-ب١٠-ف٢-مث٩]	[ب١٠-ف٢-مث٩]	المجلد-التاسع/الباب-العاشر/ف02-أ-الدرس-التجريبي.md	113
[م٣-ب١٠-ف٢-مث١٠]	[ب١٠-ف٢-مث١٠]	المجلد-التاسع/الباب-العاشر/ف02-أ-الدرس-التجريبي.md	117
[م٣-ب١٠-ف٢-مث١١]	[ب١٠-ف٢-مث١١]	المجلد-التاسع/الباب-العاشر/ف02-أ-الدرس-التجريبي.md	121
[م٣-ب١٠-ف٢-مث١٢]	[ب١٠-ف٢-مث١٢]	المجلد-التاسع/الباب-العاشر/ف02-أ-الدرس-التجريبي.md	125
[م٣-ب١٠-ف٢-مث١٣]	[ب١٠-ف٢-مث١٣]	المجلد-التاسع/الباب-العاشر/ف02-ب-المقابلة-الأكاديمية.md	26
[م٣-ب١٠-ف٢-مث١٤]	[ب١٠-ف٢-مث١٤]	المجلد-التاسع/الباب-العاشر/ف02-ب-المقابلة-الأكاديمية.md	30
[م٣-ب١٠-ف٢-مث١٥]	[ب١٠-ف٢-مث١٥]	المجلد-التاسع/الباب-العاشر/ف02-ب-المقابلة-الأكاديمية.md	34
[م٣-ب١٠-ف٢-مث١٦]	[ب١٠-ف٢-مث١٦]	المجلد-التاسع/الباب-العاشر/ف02-ب-المقابلة-الأكاديمية.md	38
[م٣-ب١٠-ف٢-مث١٧]	[ب١٠-ف٢-مث١٧]	المجلد-التاسع/الباب-العاشر/ف02-ب-المقابلة-الأكاديمية.md	42
[م٣-ب١٠-ف٢-مث١٨]	[ب١٠-ف٢-مث١٨]	المجلد-التاسع/الباب-العاشر/ف02-ب-المقابلة-الأكاديمية.md	46
[م٣-ب١٠-ف٢-مث١٩]	[ب١٠-ف٢-مث١٩]	المجلد-التاسع/الباب-العاشر/ف02-ب-المقابلة-الأكاديمية.md	50
[م٣-ب١٠-ف٢-مث٢٠]	[ب١٠-ف٢-مث٢٠]	المجلد-التاسع/الباب-العاشر/ف02-ب-المقابلة-الأكاديمية.md	54
[م٣-ب١٠-ف٢-مث٢١]	[ب١٠-ف٢-مث٢١]	المجلد-التاسع/الباب-العاشر/ف02-ب-المقابلة-الأكاديمية.md	58
[م٣-ب١٠-ف٢-مث٢٢]	[ب١٠-ف٢-مث٢٢]	المجلد-التاسع/الباب-العاشر/ف02-ب-المقابلة-الأكاديمية.md	62
[م٣-ب١٠-ف٢-مث٢٣]	[ب١٠-ف٢-مث٢٣]	المجلد-التاسع/الباب-العاشر/ف02-ب-المقابلة-الأكاديمية.md	66
[م٣-ب١٠-ف٢-مث٢٤]	[ب١٠-ف٢-مث٢٤]	المجلد-التاسع/الباب-العاشر/ف02-ب-المقابلة-الأكاديمية.md	70
[م٣-ب١٠-ف٢-مث٢٥]	[ب١٠-ف٢-مث٢٥]	المجلد-التاسع/الباب-العاشر/ف02-ب-المقابلة-الأكاديمية.md	74
[م٣-ب١٠-ف٢-مث٢٦]	[ب١٠-ف٢-مث٢٦]	المجلد-التاسع/الباب-العاشر/ف02-ب-المقابلة-الأكاديمية.md	78
[م٣-ب١٠-ف٣-مث١]	[ب١٠-ف٣-مث١]	المجلد-التاسع/الباب-العاشر/ف03-أ-إدارة-الاجتماع.md	94
[م٣-ب١٠-ف٣-مث٢]	[ب١٠-ف٣-مث٢]	المجلد-التاسع/الباب-العاشر/ف03-أ-إدارة-الاجتماع.md	98
[م٣-ب١٠-ف٣-مث٣]	[ب١٠-ف٣-مث٣]	المجلد-التاسع/الباب-العاشر/ف03-أ-إدارة-الاجتماع.md	102
[م٣-ب١٠-ف٣-مث٤]	[ب١٠-ف٣-مث٤]	المجلد-التاسع/الباب-العاشر/ف03-أ-إدارة-الاجتماع.md	106
[م٣-ب١٠-ف٣-مث٥]	[ب١٠-ف٣-مث٥]	المجلد-التاسع/الباب-العاشر/ف03-أ-إدارة-الاجتماع.md	110
[م٣-ب١٠-ف٣-مث٦]	[ب١٠-ف٣-مث٦]	المجلد-التاسع/الباب-العاشر/ف03-أ-إدارة-الاجتماع.md	114
[م٣-ب١٠-ف٣-مث٧]	[ب١٠-ف٣-مث٧]	المجلد-التاسع/الباب-العاشر/ف03-أ-إدارة-الاجتماع.md	118
[م٣-ب١٠-ف٣-مث٨]	[ب١٠-ف٣-مث٨]	المجلد-التاسع/الباب-العاشر/ف03-أ-إدارة-الاجتماع.md	122
[م٣-ب١٠-ف٣-مث٩]	[ب١٠-ف٣-مث٩]	المجلد-التاسع/الباب-العاشر/ف03-أ-إدارة-الاجتماع.md	219
[م٣-ب١٠-ف٣-مث١٠]	[ب١٠-ف٣-مث١٠]	المجلد-التاسع/الباب-العاشر/ف03-أ-إدارة-الاجتماع.md	223
[م٣-ب١٠-ف٣-مث١١]	[ب١٠-ف٣-مث١١]	المجلد-التاسع/الباب-العاشر/ف03-أ-إدارة-الاجتماع.md	227
[م٣-ب١٠-ف٣-مث١٢]	[ب١٠-ف٣-مث١٢]	المجلد-التاسع/الباب-العاشر/ف03-أ-إدارة-الاجتماع.md	231
[م٣-ب١٠-ف٣-مث١٣]	[ب١٠-ف٣-مث١٣]	المجلد-التاسع/الباب-العاشر/ف03-أ-إدارة-الاجتماع.md	235
[م٣-ب١٠-ف٣-مث١٤]	[ب١٠-ف٣-مث١٤]	المجلد-التاسع/الباب-العاشر/ف03-أ-إدارة-الاجتماع.md	239
[م٣-ب١٠-ف٣-مث١٥]	[ب١٠-ف٣-مث١٥]	المجلد-التاسع/الباب-العاشر/ف03-أ-إدارة-الاجتماع.md	243
[م٣-ب١٠-ف٣-مث١٦]	[ب١٠-ف٣-مث١٦]	المجلد-التاسع/الباب-العاشر/ف03-أ-إدارة-الاجتماع.md	247
[م٣-ب١٠-ف٣-مث١٧]	[ب١٠-ف٣-مث١٧]	المجلد-التاسع/الباب-العاشر/ف03-أ-إدارة-الاجتماع.md	251
[م٣-ب١٠-ف٣-مث١٨]	[ب١٠-ف٣-مث١٨]	المجلد-التاسع/الباب-العاشر/ف03-أ-إدارة-الاجتماع.md	255
[م٣-ب١٠-ف٣-مث١٩]	[ب١٠-ف٣-مث١٩]	المجلد-التاسع/الباب-العاشر/ف03-أ-إدارة-الاجتماع.md	259
[م٣-ب١٠-ف٣-مث٢٠]	[ب١٠-ف٣-مث٢٠]	المجلد-التاسع/الباب-العاشر/ف03-أ-إدارة-الاجتماع.md	263
[م٣-ب١٠-ف٣-مث٢١]	[ب١٠-ف٣-مث٢١]	المجلد-التاسع/الباب-العاشر/ف03-ب-إدارة-الاجتماع.md	25
[م٣-ب١٠-ف٣-مث٢٢]	[ب١٠-ف٣-مث٢٢]	المجلد-التاسع/الباب-العاشر/ف03-ب-إدارة-الاجتماع.md	29
[م٣-ب١٠-ف٣-مث٢٣]	[ب١٠-ف٣-مث٢٣]	المجلد-التاسع/الباب-العاشر/ف03-ب-إدارة-الاجتماع.md	33
[م٣-ب١٠-ف٣-مث٢٤]	[ب١٠-ف٣-مث٢٤]	المجلد-التاسع/الباب-العاشر/ف03-ب-إدارة-الاجتماع.md	37
[م٣-ب١٠-ف٣-مث٢٥]	[ب١٠-ف٣-مث٢٥]	المجلد-التاسع/الباب-العاشر/ف03-ب-إدارة-الاجتماع.md	41
[م٣-ب١٠-ف٣-مث٢٦]	[ب١٠-ف٣-مث٢٦]	المجلد-التاسع/الباب-العاشر/ف03-ب-إدارة-الاجتماع.md	45
[م٣-ب١٠-ف٣-مث٢٧]	[ب١٠-ف٣-مث٢٧]	المجلد-التاسع/الباب-العاشر/ف03-ب-إدارة-الاجتماع.md	49
[م٣-ب١٠-ف٣-مث٢٨]	[ب١٠-ف٣-مث٢٨]	المجلد-التاسع/الباب-العاشر/ف03-ب-إدارة-الاجتماع.md	53
[م٣-ب١٠-ف٣-مث٢٩]	[ب١٠-ف٣-مث٢٩]	المجلد-التاسع/الباب-العاشر/ف03-ب-إدارة-الاجتماع.md	65
[م٣-ب١٠-ف٣-مث٣٠]	[ب١٠-ف٣-مث٣٠]	المجلد-التاسع/الباب-العاشر/ف03-ب-إدارة-الاجتماع.md	69
[م٣-ب١٠-ف٣-مث٣١]	[ب١٠-ف٣-مث٣١]	المجلد-التاسع/الباب-العاشر/ف03-ب-إدارة-الاجتماع.md	73
[م٣-ب١٠-ف٣-مث٣٢]	[ب١٠-ف٣-مث٣٢]	المجلد-التاسع/الباب-العاشر/ف03-ب-إدارة-الاجتماع.md	77
[م٣-ب١٠-ف٣-مث٣٣]	[ب١٠-ف٣-مث٣٣]	المجلد-التاسع/الباب-العاشر/ف03-ب-إدارة-الاجتماع.md	81
[م٣-ب١٠-ف٣-مث٣٤]	[ب١٠-ف٣-مث٣٤]	المجلد-التاسع/الباب-العاشر/ف03-ب-إدارة-الاجتماع.md	101
[م٣-ب١٠-ف٣-مث٣٥]	[ب١٠-ف٣-مث٣٥]	المجلد-التاسع/الباب-العاشر/ف03-ب-إدارة-الاجتماع.md	105
[م٣-ب١٠-ف٣-مث٣٦]	[ب١٠-ف٣-مث٣٦]	المجلد-التاسع/الباب-العاشر/ف03-ب-إدارة-الاجتماع.md	165
[م٣-ب١٠-ف٣-مث٣٧]	[ب١٠-ف٣-مث٣٧]	المجلد-التاسع/الباب-العاشر/ف03-ب-إدارة-الاجتماع.md	169
[م٣-ب١٠-ف٣-مث٣٨]	[ب١٠-ف٣-مث٣٨]	المجلد-التاسع/الباب-العاشر/ف03-ب-إدارة-الاجتماع.md	173
[م٣-ب١٠-ف٣-مث٣٩]	[ب١٠-ف٣-مث٣٩]	المجلد-التاسع/الباب-العاشر/ف03-ب-إدارة-الاجتماع.md	182
[م٣-ب١٠-ف٣-مث٤٠]	[ب١٠-ف٣-مث٤٠]	المجلد-التاسع/الباب-العاشر/ف03-ب-إدارة-الاجتماع.md	188
[م٣-ب١٠-ف٣-مث٤١]	[ب١٠-ف٣-مث٤١]	المجلد-التاسع/الباب-العاشر/ف03-ب-إدارة-الاجتماع.md	192
[م٣-ب١٠-ف٣-مث٤٢]	[ب١٠-ف٣-مث٤٢]	المجلد-التاسع/الباب-العاشر/ف03-ب-إدارة-الاجتماع.md	198
[م٣-ب١٠-ف٣-مث٤٣]	[ب١٠-ف٣-مث٤٣]	المجلد-التاسع/الباب-العاشر/ف03-ب-إدارة-الاجتماع.md	202
[م٣-ب١٠-ف٣-مث٤٤]	[ب١٠-ف٣-مث٤٤]	المجلد-التاسع/الباب-العاشر/ف03-ب-إدارة-الاجتماع.md	214
[م٣-ب١٠-ف٣-مث٤٥]	[ب١٠-ف٣-مث٤٥]	المجلد-التاسع/الباب-العاشر/ف03-ب-إدارة-الاجتماع.md	218
[م٣-ب١٠-ف٣-مث٤٦]	[ب١٠-ف٣-مث٤٦]	المجلد-التاسع/الباب-العاشر/ف03-ب-إدارة-الاجتماع.md	232
[م٣-ب١٠-ف٣-مث٤٧]	[ب١٠-ف٣-مث٤٧]	المجلد-التاسع/الباب-العاشر/ف03-ب-إدارة-الاجتماع.md	236
[م٣-ب١٠-ف٣-مث٤٨]	[ب١٠-ف٣-مث٤٨]	المجلد-التاسع/الباب-العاشر/ف03-ب-إدارة-الاجتماع.md	240
[م٣-ب١٠-ف٣-مث٤٩]	[ب١٠-ف٣-مث٤٩]	المجلد-التاسع/الباب-العاشر/ف03-ب-إدارة-الاجتماع.md	244
[م٣-ب١٠-ف٣-مث٥٠]	[ب١٠-ف٣-مث٥٠]	المجلد-التاسع/الباب-العاشر/ف03-ب-إدارة-الاجتماع.md	248
[م٣-ب١٠-ف٣-مث٥١]	[ب١٠-ف٣-مث٥١]	المجلد-التاسع/الباب-العاشر/ف03-ب-إدارة-الاجتماع.md	252
[م٣-ب١٠-ف٣-مث٥٢]	[ب١٠-ف٣-مث٥٢]	المجلد-التاسع/الباب-العاشر/ف03-ب-إدارة-الاجتماع.md	256
[م٣-ب١٠-ف٣-مث٥٣]	[ب١٠-ف٣-مث٥٣]	المجلد-التاسع/الباب-العاشر/ف03-ب-إدارة-الاجتماع.md	323
[م٣-ب١٠-ف٣-مث٥٤]	[ب١٠-ف٣-مث٥٤]	المجلد-التاسع/الباب-العاشر/ف03-ب-إدارة-الاجتماع.md	327
[م٣-ب١٠-ف٣-مث٥٥]	[ب١٠-ف٣-مث٥٥]	المجلد-التاسع/الباب-العاشر/ف03-ب-إدارة-الاجتماع.md	331
[م٣-ب١٠-ف٣-مث٥٦]	[ب١٠-ف٣-مث٥٦]	المجلد-التاسع/الباب-العاشر/ف03-ب-إدارة-الاجتماع.md	335
[م٣-ب١٠-ف٣-مث٥٧]	[ب١٠-ف٣-مث٥٧]	المجلد-التاسع/الباب-العاشر/ف03-ب-إدارة-الاجتماع.md	339
[م٣-ب١٠-ف٣-مث٥٨]	[ب١٠-ف٣-مث٥٨]	المجلد-التاسع/الباب-العاشر/ف03-ب-إدارة-الاجتماع.md	345
[م٣-ب١٠-ف٤-مث١]	[ب١٠-ف٤-مث١]	المجلد-التاسع/الباب-العاشر/ف04-أ-المدير-وموظفوه.md	82
[م٣-ب١٠-ف٤-مث٢]	[ب١٠-ف٤-مث٢]	المجلد-التاسع/الباب-العاشر/ف04-أ-المدير-وموظفوه.md	86
[م٣-ب١٠-ف٤-مث٣]	[ب١٠-ف٤-مث٣]	المجلد-التاسع/الباب-العاشر/ف04-أ-المدير-وموظفوه.md	90
[م٣-ب١٠-ف٤-مث٤]	[ب١٠-ف٤-مث٤]	المجلد-التاسع/الباب-العاشر/ف04-أ-المدير-وموظفوه.md	94
[م٣-ب١٠-ف٤-مث٥]	[ب١٠-ف٤-مث٥]	المجلد-التاسع/الباب-العاشر/ف04-أ-المدير-وموظفوه.md	98
[م٣-ب١٠-ف٤-مث٦]	[ب١٠-ف٤-مث٦]	المجلد-التاسع/الباب-العاشر/ف04-أ-المدير-وموظفوه.md	102
[م٣-ب١٠-ف٤-مث٧]	[ب١٠-ف٤-مث٧]	المجلد-التاسع/الباب-العاشر/ف04-أ-المدير-وموظفوه.md	168
[م٣-ب١٠-ف٤-مث٨]	[ب١٠-ف٤-مث٨]	المجلد-التاسع/الباب-العاشر/ف04-أ-المدير-وموظفوه.md	172
[م٣-ب١٠-ف٤-مث٩]	[ب١٠-ف٤-مث٩]	المجلد-التاسع/الباب-العاشر/ف04-أ-المدير-وموظفوه.md	176
[م٣-ب١٠-ف٤-مث١٠]	[ب١٠-ف٤-مث١٠]	المجلد-التاسع/الباب-العاشر/ف04-أ-المدير-وموظفوه.md	180
[م٣-ب١٠-ف٤-مث١١]	[ب١٠-ف٤-مث١١]	المجلد-التاسع/الباب-العاشر/ف04-أ-المدير-وموظفوه.md	184
[م٣-ب١٠-ف٤-مث١٢]	[ب١٠-ف٤-مث١٢]	المجلد-التاسع/الباب-العاشر/ف04-أ-المدير-وموظفوه.md	188
[م٣-ب١٠-ف٤-مث١٣]	[ب١٠-ف٤-مث١٣]	المجلد-التاسع/الباب-العاشر/ف04-أ-المدير-وموظفوه.md	192
[م٣-ب١٠-ف٤-مث١٤]	[ب١٠-ف٤-مث١٤]	المجلد-التاسع/الباب-العاشر/ف04-أ-المدير-وموظفوه.md	212
[م٣-ب١٠-ف٤-مث١٥]	[ب١٠-ف٤-مث١٥]	المجلد-التاسع/الباب-العاشر/ف04-أ-المدير-وموظفوه.md	216
[م٣-ب١٠-ف٤-مث١٦]	[ب١٠-ف٤-مث١٦]	المجلد-التاسع/الباب-العاشر/ف04-أ-المدير-وموظفوه.md	220
[م٣-ب١٠-ف٤-مث١٧]	[ب١٠-ف٤-مث١٧]	المجلد-التاسع/الباب-العاشر/ف04-أ-المدير-وموظفوه.md	224
[م٣-ب١٠-ف٤-مث١٨]	[ب١٠-ف٤-مث١٨]	المجلد-التاسع/الباب-العاشر/ف04-أ-المدير-وموظفوه.md	228
[م٣-ب١٠-ف٤-مث١٩]	[ب١٠-ف٤-مث١٩]	المجلد-التاسع/الباب-العاشر/ف04-أ-المدير-وموظفوه.md	232
[م٣-ب١٠-ف٤-مث٢٠]	[ب١٠-ف٤-مث٢٠]	المجلد-التاسع/الباب-العاشر/ف04-أ-المدير-وموظفوه.md	242
[م٣-ب١٠-ف٤-مث٢١]	[ب١٠-ف٤-مث٢١]	المجلد-التاسع/الباب-العاشر/ف04-أ-المدير-وموظفوه.md	246
[م٣-ب١٠-ف٤-مث٢٢]	[ب١٠-ف٤-مث٢٢]	المجلد-التاسع/الباب-العاشر/ف04-أ-المدير-وموظفوه.md	250
[م٣-ب١٠-ف٤-مث٢٣]	[ب١٠-ف٤-مث٢٣]	المجلد-التاسع/الباب-العاشر/ف04-أ-المدير-وموظفوه.md	254
[م٣-ب١٠-ف٤-مث٢٤]	[ب١٠-ف٤-مث٢٤]	المجلد-التاسع/الباب-العاشر/ف04-أ-المدير-وموظفوه.md	258
[م٣-ب١٠-ف٤-مث٢٥]	[ب١٠-ف٤-مث٢٥]	المجلد-التاسع/الباب-العاشر/ف04-أ-المدير-وموظفوه.md	262
[م٣-ب١٠-ف٤-مث٢٦]	[ب١٠-ف٤-مث٢٦]	المجلد-التاسع/الباب-العاشر/ف04-أ-المدير-وموظفوه.md	266
[م٣-ب١٠-ف٤-مث٢٧]	[ب١٠-ف٤-مث٢٧]	المجلد-التاسع/الباب-العاشر/ف04-ب-الموظف-المخطئ.md	44
[م٣-ب١٠-ف٤-مث٢٨]	[ب١٠-ف٤-مث٢٨]	المجلد-التاسع/الباب-العاشر/ف04-ب-الموظف-المخطئ.md	48
[م٣-ب١٠-ف٤-مث٢٩]	[ب١٠-ف٤-مث٢٩]	المجلد-التاسع/الباب-العاشر/ف04-ب-الموظف-المخطئ.md	52
[م٣-ب١٠-ف٤-مث٣٠]	[ب١٠-ف٤-مث٣٠]	المجلد-التاسع/الباب-العاشر/ف04-ب-الموظف-المخطئ.md	56
[م٣-ب١٠-ف٤-مث٣١]	[ب١٠-ف٤-مث٣١]	المجلد-التاسع/الباب-العاشر/ف04-ب-الموظف-المخطئ.md	60
[م٣-ب١٠-ف٤-مث٣٢]	[ب١٠-ف٤-مث٣٢]	المجلد-التاسع/الباب-العاشر/ف04-ب-الموظف-المخطئ.md	64
[م٣-ب١٠-ف٤-مث٣٣]	[ب١٠-ف٤-مث٣٣]	المجلد-التاسع/الباب-العاشر/ف04-ب-الموظف-المخطئ.md	68
[م٣-ب١٠-ف٤-مث٣٤]	[ب١٠-ف٤-مث٣٤]	المجلد-التاسع/الباب-العاشر/ف04-ب-الموظف-المخطئ.md	72
[م٣-ب١٠-ف٤-مث٣٥]	[ب١٠-ف٤-مث٣٥]	المجلد-التاسع/الباب-العاشر/ف04-ب-الموظف-المخطئ.md	76
[م٣-ب١٠-ف٤-مث٣٦]	[ب١٠-ف٤-مث٣٦]	المجلد-التاسع/الباب-العاشر/ف04-ب-الموظف-المخطئ.md	80
[م٣-ب١٠-ف٤-مث٣٧]	[ب١٠-ف٤-مث٣٧]	المجلد-التاسع/الباب-العاشر/ف04-ب-الموظف-المخطئ.md	84
[م٣-ب١٠-ف٤-مث٣٨]	[ب١٠-ف٤-مث٣٨]	المجلد-التاسع/الباب-العاشر/ف04-ب-الموظف-المخطئ.md	88
[م٣-ب١٠-ف٥-مث١]	[ب١٠-ف٥-مث١]	المجلد-التاسع/الباب-العاشر/ف05-أ-الاعتذار-والاعتراض.md	108
[م٣-ب١٠-ف٥-مث٢]	[ب١٠-ف٥-مث٢]	المجلد-التاسع/الباب-العاشر/ف05-أ-الاعتذار-والاعتراض.md	112
[م٣-ب١٠-ف٥-مث٣]	[ب١٠-ف٥-مث٣]	المجلد-التاسع/الباب-العاشر/ف05-أ-الاعتذار-والاعتراض.md	116
[م٣-ب١٠-ف٥-مث٤]	[ب١٠-ف٥-مث٤]	المجلد-التاسع/الباب-العاشر/ف05-أ-الاعتذار-والاعتراض.md	120
[م٣-ب١٠-ف٥-مث٥]	[ب١٠-ف٥-مث٥]	المجلد-التاسع/الباب-العاشر/ف05-أ-الاعتذار-والاعتراض.md	124
[م٣-ب١٠-ف٥-مث٦]	[ب١٠-ف٥-مث٦]	المجلد-التاسع/الباب-العاشر/ف05-أ-الاعتذار-والاعتراض.md	182
[م٣-ب١٠-ف٥-مث٧]	[ب١٠-ف٥-مث٧]	المجلد-التاسع/الباب-العاشر/ف05-أ-الاعتذار-والاعتراض.md	186
[م٣-ب١٠-ف٥-مث٨]	[ب١٠-ف٥-مث٨]	المجلد-التاسع/الباب-العاشر/ف05-أ-الاعتذار-والاعتراض.md	190
[م٣-ب١٠-ف٥-مث٩]	[ب١٠-ف٥-مث٩]	المجلد-التاسع/الباب-العاشر/ف05-أ-الاعتذار-والاعتراض.md	194
[م٣-ب١٠-ف٥-مث١٠]	[ب١٠-ف٥-مث١٠]	المجلد-التاسع/الباب-العاشر/ف05-ب-الرفض-والتطبيق-الختامي.md	66
[م٣-ب١٠-ف٥-مث١١]	[ب١٠-ف٥-مث١١]	المجلد-التاسع/الباب-العاشر/ف05-ب-الرفض-والتطبيق-الختامي.md	70
[م٣-ب١٠-ف٥-مث١٢]	[ب١٠-ف٥-مث١٢]	المجلد-التاسع/الباب-العاشر/ف05-ب-الرفض-والتطبيق-الختامي.md	74
[م٣-ب١٠-ف٥-مث١٣]	[ب١٠-ف٥-مث١٣]	المجلد-التاسع/الباب-العاشر/ف05-ب-الرفض-والتطبيق-الختامي.md	78
[م٣-ب١٠-ف٥-مث١٤]	[ب١٠-ف٥-مث١٤]	المجلد-التاسع/الباب-العاشر/ف05-ب-الرفض-والتطبيق-الختامي.md	82
[م٣-ب١٠-ف٥-مث١٥]	[ب١٠-ف٥-مث١٥]	المجلد-التاسع/الباب-العاشر/ف05-ب-الرفض-والتطبيق-الختامي.md	86
[م٣-ب١٠-ف٥-مث١٦]	[ب١٠-ف٥-مث١٦]	المجلد-التاسع/الباب-العاشر/ف05-ب-الرفض-والتطبيق-الختامي.md	90
[م١-ب٣-ف١-مث١]	[ب٣-ف١-مث١]	المجلد-الثالث/الباب-الثالث/ف01-أ-الاسمية-والفعلية.md	145
[م١-ب٣-ف١-مث٢]	[ب٣-ف١-مث٢]	المجلد-الثالث/الباب-الثالث/ف01-أ-الاسمية-والفعلية.md	149
[م١-ب٣-ف١-مث٣]	[ب٣-ف١-مث٣]	المجلد-الثالث/الباب-الثالث/ف01-أ-الاسمية-والفعلية.md	153
[م١-ب٣-ف١-مث٤]	[ب٣-ف١-مث٤]	المجلد-الثالث/الباب-الثالث/ف01-أ-الاسمية-والفعلية.md	157
[م١-ب٣-ف١-مث٥]	[ب٣-ف١-مث٥]	المجلد-الثالث/الباب-الثالث/ف01-أ-الاسمية-والفعلية.md	165
[م١-ب٣-ف١-مث٦]	[ب٣-ف١-مث٦]	المجلد-الثالث/الباب-الثالث/ف01-أ-الاسمية-والفعلية.md	175
[م١-ب٣-ف١-مث٧]	[ب٣-ف١-مث٧]	المجلد-الثالث/الباب-الثالث/ف01-أ-الاسمية-والفعلية.md	181
[م١-ب٣-ف١-مث٨]	[ب٣-ف١-مث٨]	المجلد-الثالث/الباب-الثالث/ف01-أ-الاسمية-والفعلية.md	191
[م١-ب٣-ف١-مث٩]	[ب٣-ف١-مث٩]	المجلد-الثالث/الباب-الثالث/ف01-أ-الاسمية-والفعلية.md	195
[م١-ب٣-ف١-مث١٠]	[ب٣-ف١-مث١٠]	المجلد-الثالث/الباب-الثالث/ف01-أ-الاسمية-والفعلية.md	203
[م١-ب٣-ف١-مث١١]	[ب٣-ف١-مث١١]	المجلد-الثالث/الباب-الثالث/ف01-أ-الاسمية-والفعلية.md	213
[م١-ب٣-ف١-مث١٢]	[ب٣-ف١-مث١٢]	المجلد-الثالث/الباب-الثالث/ف01-أ-الاسمية-والفعلية.md	217
[م١-ب٣-ف١-مث١٣]	[ب٣-ف١-مث١٣]	المجلد-الثالث/الباب-الثالث/ف01-أ-الاسمية-والفعلية.md	223
[م١-ب٣-ف١-مث١٤]	[ب٣-ف١-مث١٤]	المجلد-الثالث/الباب-الثالث/ف01-أ-الاسمية-والفعلية.md	233
[م١-ب٣-ف١-مث١٥]	[ب٣-ف١-مث١٥]	المجلد-الثالث/الباب-الثالث/ف01-أ-الاسمية-والفعلية.md	241
[م١-ب٣-ف١-مث١٦]	[ب٣-ف١-مث١٦]	المجلد-الثالث/الباب-الثالث/ف01-أ-الاسمية-والفعلية.md	251
[م١-ب٣-ف١-مث١٧]	[ب٣-ف١-مث١٧]	المجلد-الثالث/الباب-الثالث/ف01-أ-الاسمية-والفعلية.md	255
[م١-ب٣-ف١-مث١٨]	[ب٣-ف١-مث١٨]	المجلد-الثالث/الباب-الثالث/ف01-أ-الاسمية-والفعلية.md	261
[م١-ب٣-ف١-مث١٩]	[ب٣-ف١-مث١٩]	المجلد-الثالث/الباب-الثالث/ف01-أ-الاسمية-والفعلية.md	267
[م١-ب٣-ف١-مث٢٠]	[ب٣-ف١-مث٢٠]	المجلد-الثالث/الباب-الثالث/ف01-أ-الاسمية-والفعلية.md	377
[م١-ب٣-ف١-مث٢١]	[ب٣-ف١-مث٢١]	المجلد-الثالث/الباب-الثالث/ف01-أ-الاسمية-والفعلية.md	381
[م١-ب٣-ف١-مث٢٢]	[ب٣-ف١-مث٢٢]	المجلد-الثالث/الباب-الثالث/ف01-أ-الاسمية-والفعلية.md	385
[م١-ب٣-ف١-مث٢٣]	[ب٣-ف١-مث٢٣]	المجلد-الثالث/الباب-الثالث/ف01-أ-الاسمية-والفعلية.md	389
[م١-ب٣-ف١-مث٢٤]	[ب٣-ف١-مث٢٤]	المجلد-الثالث/الباب-الثالث/ف01-أ-الاسمية-والفعلية.md	395
[م١-ب٣-ف١-مث٢٥]	[ب٣-ف١-مث٢٥]	المجلد-الثالث/الباب-الثالث/ف01-أ-الاسمية-والفعلية.md	399
[م١-ب٣-ف١-مث٢٦]	[ب٣-ف١-مث٢٦]	المجلد-الثالث/الباب-الثالث/ف01-أ-الاسمية-والفعلية.md	403
[م١-ب٣-ف١-مث٢٧]	[ب٣-ف١-مث٢٧]	المجلد-الثالث/الباب-الثالث/ف01-أ-الاسمية-والفعلية.md	417
[م١-ب٣-ف١-مث٢٨]	[ب٣-ف١-مث٢٨]	المجلد-الثالث/الباب-الثالث/ف01-أ-الاسمية-والفعلية.md	425
[م١-ب٣-ف١-مث٢٩]	[ب٣-ف١-مث٢٩]	المجلد-الثالث/الباب-الثالث/ف01-أ-الاسمية-والفعلية.md	433
[م١-ب٣-ف١-مث٣٠]	[ب٣-ف١-مث٣٠]	المجلد-الثالث/الباب-الثالث/ف01-أ-الاسمية-والفعلية.md	439
[م١-ب٣-ف١-مث٣١]	[ب٣-ف١-مث٣١]	المجلد-الثالث/الباب-الثالث/ف01-أ-الاسمية-والفعلية.md	447
[م١-ب٣-ف١-مث٣٢]	[ب٣-ف١-مث٣٢]	المجلد-الثالث/الباب-الثالث/ف01-أ-الاسمية-والفعلية.md	451
[م١-ب٣-ف١-مث٣٣]	[ب٣-ف١-مث٣٣]	المجلد-الثالث/الباب-الثالث/ف01-أ-الاسمية-والفعلية.md	459
[م١-ب٣-ف١-مث٣٤]	[ب٣-ف١-مث٣٤]	المجلد-الثالث/الباب-الثالث/ف01-أ-الاسمية-والفعلية.md	489
[م١-ب٣-ف٢-مث١]	[ب٣-ف٢-مث١]	المجلد-الثالث/الباب-الثالث/ف02-أ-المطابقة.md	142
[م١-ب٣-ف٢-مث٢]	[ب٣-ف٢-مث٢]	المجلد-الثالث/الباب-الثالث/ف02-أ-المطابقة.md	146
[م١-ب٣-ف٢-مث٣]	[ب٣-ف٢-مث٣]	المجلد-الثالث/الباب-الثالث/ف02-أ-المطابقة.md	150
[م١-ب٣-ف٢-مث٤]	[ب٣-ف٢-مث٤]	المجلد-الثالث/الباب-الثالث/ف02-أ-المطابقة.md	154
[م١-ب٣-ف٢-مث٥]	[ب٣-ف٢-مث٥]	المجلد-الثالث/الباب-الثالث/ف02-أ-المطابقة.md	160
[م١-ب٣-ف٢-مث٦]	[ب٣-ف٢-مث٦]	المجلد-الثالث/الباب-الثالث/ف02-أ-المطابقة.md	170
[م١-ب٣-ف٢-مث٧]	[ب٣-ف٢-مث٧]	المجلد-الثالث/الباب-الثالث/ف02-أ-المطابقة.md	174
[م١-ب٣-ف٢-مث٨]	[ب٣-ف٢-مث٨]	المجلد-الثالث/الباب-الثالث/ف02-أ-المطابقة.md	182
[م١-ب٣-ف٢-مث٩]	[ب٣-ف٢-مث٩]	المجلد-الثالث/الباب-الثالث/ف02-أ-المطابقة.md	186
[م١-ب٣-ف٢-مث١٠]	[ب٣-ف٢-مث١٠]	المجلد-الثالث/الباب-الثالث/ف02-أ-المطابقة.md	190
[م١-ب٣-ف٢-مث١١]	[ب٣-ف٢-مث١١]	المجلد-الثالث/الباب-الثالث/ف02-أ-المطابقة.md	196
[م١-ب٣-ف٢-مث١٢]	[ب٣-ف٢-مث١٢]	المجلد-الثالث/الباب-الثالث/ف02-أ-المطابقة.md	200
[م١-ب٣-ف٢-مث١٣]	[ب٣-ف٢-مث١٣]	المجلد-الثالث/الباب-الثالث/ف02-أ-المطابقة.md	206
[م١-ب٣-ف٢-مث١٤]	[ب٣-ف٢-مث١٤]	المجلد-الثالث/الباب-الثالث/ف02-أ-المطابقة.md	223
[م١-ب٣-ف٢-مث١٥]	[ب٣-ف٢-مث١٥]	المجلد-الثالث/الباب-الثالث/ف02-أ-المطابقة.md	227
[م١-ب٣-ف٢-مث١٦]	[ب٣-ف٢-مث١٦]	المجلد-الثالث/الباب-الثالث/ف02-أ-المطابقة.md	231
[م١-ب٣-ف٢-مث١٧]	[ب٣-ف٢-مث١٧]	المجلد-الثالث/الباب-الثالث/ف02-أ-المطابقة.md	241
[م١-ب٣-ف٢-مث١٨]	[ب٣-ف٢-مث١٨]	المجلد-الثالث/الباب-الثالث/ف02-أ-المطابقة.md	247
[م١-ب٣-ف٢-مث١٩]	[ب٣-ف٢-مث١٩]	المجلد-الثالث/الباب-الثالث/ف02-ب-الإعراب-والنواسخ.md	41
[م١-ب٣-ف٢-مث٢٠]	[ب٣-ف٢-مث٢٠]	المجلد-الثالث/الباب-الثالث/ف02-ب-الإعراب-والنواسخ.md	47
[م١-ب٣-ف٢-مث٢١]	[ب٣-ف٢-مث٢١]	المجلد-الثالث/الباب-الثالث/ف02-ب-الإعراب-والنواسخ.md	51
[م١-ب٣-ف٢-مث٢٢]	[ب٣-ف٢-مث٢٢]	المجلد-الثالث/الباب-الثالث/ف02-ب-الإعراب-والنواسخ.md	55
[م١-ب٣-ف٢-مث٢٣]	[ب٣-ف٢-مث٢٣]	المجلد-الثالث/الباب-الثالث/ف02-ب-الإعراب-والنواسخ.md	61
[م١-ب٣-ف٢-مث٢٤]	[ب٣-ف٢-مث٢٤]	المجلد-الثالث/الباب-الثالث/ف02-ب-الإعراب-والنواسخ.md	71
[م١-ب٣-ف٢-مث٢٥]	[ب٣-ف٢-مث٢٥]	المجلد-الثالث/الباب-الثالث/ف02-ب-الإعراب-والنواسخ.md	77
[م١-ب٣-ف٢-مث٢٦]	[ب٣-ف٢-مث٢٦]	المجلد-الثالث/الباب-الثالث/ف02-ب-الإعراب-والنواسخ.md	98
[م١-ب٣-ف٢-مث٢٧]	[ب٣-ف٢-مث٢٧]	المجلد-الثالث/الباب-الثالث/ف02-ب-الإعراب-والنواسخ.md	102
[م١-ب٣-ف٢-مث٢٨]	[ب٣-ف٢-مث٢٨]	المجلد-الثالث/الباب-الثالث/ف02-ب-الإعراب-والنواسخ.md	106
[م١-ب٣-ف٢-مث٢٩]	[ب٣-ف٢-مث٢٩]	المجلد-الثالث/الباب-الثالث/ف02-ب-الإعراب-والنواسخ.md	194
[م١-ب٣-ف٢-مث٣٠]	[ب٣-ف٢-مث٣٠]	المجلد-الثالث/الباب-الثالث/ف02-ب-الإعراب-والنواسخ.md	198
[م١-ب٣-ف٢-مث٣١]	[ب٣-ف٢-مث٣١]	المجلد-الثالث/الباب-الثالث/ف02-ب-الإعراب-والنواسخ.md	204
[م١-ب٣-ف٢-مث٣٢]	[ب٣-ف٢-مث٣٢]	المجلد-الثالث/الباب-الثالث/ف02-ب-الإعراب-والنواسخ.md	210
[م١-ب٣-ف٢-مث٣٣]	[ب٣-ف٢-مث٣٣]	المجلد-الثالث/الباب-الثالث/ف02-ب-الإعراب-والنواسخ.md	216
[م١-ب٣-ف٢-مث٣٤]	[ب٣-ف٢-مث٣٤]	المجلد-الثالث/الباب-الثالث/ف02-ب-الإعراب-والنواسخ.md	220
[م١-ب٣-ف٢-مث٣٥]	[ب٣-ف٢-مث٣٥]	المجلد-الثالث/الباب-الثالث/ف02-ب-الإعراب-والنواسخ.md	224
[م١-ب٣-ف٢-مث٣٦]	[ب٣-ف٢-مث٣٦]	المجلد-الثالث/الباب-الثالث/ف02-ب-الإعراب-والنواسخ.md	234
[م١-ب٣-ف٢-مث٣٧]	[ب٣-ف٢-مث٣٧]	المجلد-الثالث/الباب-الثالث/ف02-ب-الإعراب-والنواسخ.md	240
[م١-ب٣-ف٢-مث٣٨]	[ب٣-ف٢-مث٣٨]	المجلد-الثالث/الباب-الثالث/ف02-ب-الإعراب-والنواسخ.md	244
[م١-ب٣-ف٢-مث٣٩]	[ب٣-ف٢-مث٣٩]	المجلد-الثالث/الباب-الثالث/ف02-ب-الإعراب-والنواسخ.md	248
[م١-ب٣-ف٢-مث٤٠]	[ب٣-ف٢-مث٤٠]	المجلد-الثالث/الباب-الثالث/ف02-ب-الإعراب-والنواسخ.md	258
[م١-ب٣-ف٢-مث٤١]	[ب٣-ف٢-مث٤١]	المجلد-الثالث/الباب-الثالث/ف02-ب-الإعراب-والنواسخ.md	262
[م١-ب٣-ف٢-مث٤٢]	[ب٣-ف٢-مث٤٢]	المجلد-الثالث/الباب-الثالث/ف02-ب-الإعراب-والنواسخ.md	266
[م١-ب٣-ف٢-مث٤٣]	[ب٣-ف٢-مث٤٣]	المجلد-الثالث/الباب-الثالث/ف02-ب-الإعراب-والنواسخ.md	272
[م١-ب٣-ف٢-مث٤٤]	[ب٣-ف٢-مث٤٤]	المجلد-الثالث/الباب-الثالث/ف02-ب-الإعراب-والنواسخ.md	282
[م١-ب٣-ف٢-مث٤٥]	[ب٣-ف٢-مث٤٥]	المجلد-الثالث/الباب-الثالث/ف02-ب-الإعراب-والنواسخ.md	286
[م١-ب٣-ف٢-مث٤٦]	[ب٣-ف٢-مث٤٦]	المجلد-الثالث/الباب-الثالث/ف02-ب-الإعراب-والنواسخ.md	292
[م١-ب٣-ف٢-مث٤٧]	[ب٣-ف٢-مث٤٧]	المجلد-الثالث/الباب-الثالث/ف02-ب-الإعراب-والنواسخ.md	296
[م١-ب٣-ف٢-مث٤٨]	[ب٣-ف٢-مث٤٨]	المجلد-الثالث/الباب-الثالث/ف02-ب-الإعراب-والنواسخ.md	300
[م١-ب٣-ف٢-مث٤٩]	[ب٣-ف٢-مث٤٩]	المجلد-الثالث/الباب-الثالث/ف02-ب-الإعراب-والنواسخ.md	317
[م١-ب٣-ف٢-مث٥٠]	[ب٣-ف٢-مث٥٠]	المجلد-الثالث/الباب-الثالث/ف02-ب-الإعراب-والنواسخ.md	321
[م١-ب٣-ف٢-مث٥١]	[ب٣-ف٢-مث٥١]	المجلد-الثالث/الباب-الثالث/ف02-ب-الإعراب-والنواسخ.md	325
[م١-ب٣-ف٢-مث٥٢]	[ب٣-ف٢-مث٥٢]	المجلد-الثالث/الباب-الثالث/ف02-ب-الإعراب-والنواسخ.md	329
[م١-ب٣-ف٢-مث٥٣]	[ب٣-ف٢-مث٥٣]	المجلد-الثالث/الباب-الثالث/ف02-ب-الإعراب-والنواسخ.md	333
[م١-ب٣-ف٢-مث٥٤]	[ب٣-ف٢-مث٥٤]	المجلد-الثالث/الباب-الثالث/ف02-ب-الإعراب-والنواسخ.md	343
[م١-ب٣-ف٢-مث٥٥]	[ب٣-ف٢-مث٥٥]	المجلد-الثالث/الباب-الثالث/ف02-ب-الإعراب-والنواسخ.md	347
[م١-ب٣-ف٢-مث٥٦]	[ب٣-ف٢-مث٥٦]	المجلد-الثالث/الباب-الثالث/ف02-ب-الإعراب-والنواسخ.md	351
[م١-ب٣-ف٢-مث٥٧]	[ب٣-ف٢-مث٥٧]	المجلد-الثالث/الباب-الثالث/ف02-ب-الإعراب-والنواسخ.md	379
[م١-ب٣-ف٢-مث٥٨]	[ب٣-ف٢-مث٥٨]	المجلد-الثالث/الباب-الثالث/ف02-ب-الإعراب-والنواسخ.md	385
[م١-ب٣-ف٢-مث٥٩]	[ب٣-ف٢-مث٥٩]	المجلد-الثالث/الباب-الثالث/ف02-ب-الإعراب-والنواسخ.md	389
[م١-ب٣-ف٢-مث٦٠]	[ب٣-ف٢-مث٦٠]	المجلد-الثالث/الباب-الثالث/ف02-ب-الإعراب-والنواسخ.md	393
[م١-ب٣-ف٢-مث٦١]	[ب٣-ف٢-مث٦١]	المجلد-الثالث/الباب-الثالث/ف02-ب-الإعراب-والنواسخ.md	399
[م١-ب٣-ف٢-مث٦٢]	[ب٣-ف٢-مث٦٢]	المجلد-الثالث/الباب-الثالث/ف02-ب-الإعراب-والنواسخ.md	403
[م١-ب٣-ف٢-مث٦٣]	[ب٣-ف٢-مث٦٣]	المجلد-الثالث/الباب-الثالث/ف02-ب-الإعراب-والنواسخ.md	407
[م١-ب٣-ف٢-مث٦٤]	[ب٣-ف٢-مث٦٤]	المجلد-الثالث/الباب-الثالث/ف02-ب-الإعراب-والنواسخ.md	411
[م١-ب٣-ف٢-مث٦٥]	[ب٣-ف٢-مث٦٥]	المجلد-الثالث/الباب-الثالث/ف02-ب-الإعراب-والنواسخ.md	417
[م١-ب٣-ف٣-مث١]	[ب٣-ف٣-مث١]	المجلد-الثالث/الباب-الثالث/ف03-أ-الأوزان-والمصادر.md	77
[م١-ب٣-ف٣-مث٢]	[ب٣-ف٣-مث٢]	المجلد-الثالث/الباب-الثالث/ف03-أ-الأوزان-والمصادر.md	81
[م١-ب٣-ف٣-مث٣]	[ب٣-ف٣-مث٣]	المجلد-الثالث/الباب-الثالث/ف03-أ-الأوزان-والمصادر.md	124
[م١-ب٣-ف٣-مث٤]	[ب٣-ف٣-مث٤]	المجلد-الثالث/الباب-الثالث/ف03-أ-الأوزان-والمصادر.md	128
[م١-ب٣-ف٣-مث٥]	[ب٣-ف٣-مث٥]	المجلد-الثالث/الباب-الثالث/ف03-أ-الأوزان-والمصادر.md	132
[م١-ب٣-ف٣-مث٦]	[ب٣-ف٣-مث٦]	المجلد-الثالث/الباب-الثالث/ف03-أ-الأوزان-والمصادر.md	136
[م١-ب٣-ف٣-مث٧]	[ب٣-ف٣-مث٧]	المجلد-الثالث/الباب-الثالث/ف03-أ-الأوزان-والمصادر.md	140
[م١-ب٣-ف٣-مث٨]	[ب٣-ف٣-مث٨]	المجلد-الثالث/الباب-الثالث/ف03-أ-الأوزان-والمصادر.md	144
[م١-ب٣-ف٣-مث٩]	[ب٣-ف٣-مث٩]	المجلد-الثالث/الباب-الثالث/ف03-أ-الأوزان-والمصادر.md	148
[م١-ب٣-ف٣-مث١٠]	[ب٣-ف٣-مث١٠]	المجلد-الثالث/الباب-الثالث/ف03-أ-الأوزان-والمصادر.md	167
[م١-ب٣-ف٣-مث١١]	[ب٣-ف٣-مث١١]	المجلد-الثالث/الباب-الثالث/ف03-أ-الأوزان-والمصادر.md	171
[م١-ب٣-ف٣-مث١٢]	[ب٣-ف٣-مث١٢]	المجلد-الثالث/الباب-الثالث/ف03-أ-الأوزان-والمصادر.md	179
[م١-ب٣-ف٣-مث١٣]	[ب٣-ف٣-مث١٣]	المجلد-الثالث/الباب-الثالث/ف03-ب-النسبة-والجموع-والمعتل.md	28
[م١-ب٣-ف٣-مث١٤]	[ب٣-ف٣-مث١٤]	المجلد-الثالث/الباب-الثالث/ف03-ب-النسبة-والجموع-والمعتل.md	32
[م١-ب٣-ف٣-مث١٥]	[ب٣-ف٣-مث١٥]	المجلد-الثالث/الباب-الثالث/ف03-ب-النسبة-والجموع-والمعتل.md	36
[م١-ب٣-ف٣-مث١٦]	[ب٣-ف٣-مث١٦]	المجلد-الثالث/الباب-الثالث/ف03-ب-النسبة-والجموع-والمعتل.md	42
[م١-ب٣-ف٣-مث١٧]	[ب٣-ف٣-مث١٧]	المجلد-الثالث/الباب-الثالث/ف03-ب-النسبة-والجموع-والمعتل.md	48
[م١-ب٣-ف٣-مث١٨]	[ب٣-ف٣-مث١٨]	المجلد-الثالث/الباب-الثالث/ف03-ب-النسبة-والجموع-والمعتل.md	71
[م١-ب٣-ف٣-مث١٩]	[ب٣-ف٣-مث١٩]	المجلد-الثالث/الباب-الثالث/ف03-ب-النسبة-والجموع-والمعتل.md	75
[م١-ب٣-ف٣-مث٢٠]	[ب٣-ف٣-مث٢٠]	المجلد-الثالث/الباب-الثالث/ف03-ب-النسبة-والجموع-والمعتل.md	79
[م١-ب٣-ف٣-مث٢١]	[ب٣-ف٣-مث٢١]	المجلد-الثالث/الباب-الثالث/ف03-ب-النسبة-والجموع-والمعتل.md	83
[م١-ب٣-ف٣-مث٢٢]	[ب٣-ف٣-مث٢٢]	المجلد-الثالث/الباب-الثالث/ف03-ب-النسبة-والجموع-والمعتل.md	87
[م١-ب٣-ف٣-مث٢٣]	[ب٣-ف٣-مث٢٣]	المجلد-الثالث/الباب-الثالث/ف03-ب-النسبة-والجموع-والمعتل.md	91
[م١-ب٣-ف٣-مث٢٤]	[ب٣-ف٣-مث٢٤]	المجلد-الثالث/الباب-الثالث/ف03-ب-النسبة-والجموع-والمعتل.md	101
[م١-ب٣-ف٣-مث٢٥]	[ب٣-ف٣-مث٢٥]	المجلد-الثالث/الباب-الثالث/ف03-ب-النسبة-والجموع-والمعتل.md	117
[م١-ب٣-ف٣-مث٢٦]	[ب٣-ف٣-مث٢٦]	المجلد-الثالث/الباب-الثالث/ف03-ب-النسبة-والجموع-والمعتل.md	123
[م١-ب٣-ف٣-مث٢٧]	[ب٣-ف٣-مث٢٧]	المجلد-الثالث/الباب-الثالث/ف03-ب-النسبة-والجموع-والمعتل.md	127
[م١-ب٣-ف٣-مث٢٨]	[ب٣-ف٣-مث٢٨]	المجلد-الثالث/الباب-الثالث/ف03-ب-النسبة-والجموع-والمعتل.md	139
[م١-ب٣-ف٣-مث٢٩]	[ب٣-ف٣-مث٢٩]	المجلد-الثالث/الباب-الثالث/ف03-ب-النسبة-والجموع-والمعتل.md	143
[م١-ب٣-ف٣-مث٣٠]	[ب٣-ف٣-مث٣٠]	المجلد-الثالث/الباب-الثالث/ف03-ب-النسبة-والجموع-والمعتل.md	147
[م١-ب٣-ف٣-مث٣١]	[ب٣-ف٣-مث٣١]	المجلد-الثالث/الباب-الثالث/ف03-ب-النسبة-والجموع-والمعتل.md	151
[م١-ب٣-ف٣-مث٣٢]	[ب٣-ف٣-مث٣٢]	المجلد-الثالث/الباب-الثالث/ف03-ب-النسبة-والجموع-والمعتل.md	157
[م١-ب٣-ف٣-مث٣٣]	[ب٣-ف٣-مث٣٣]	المجلد-الثالث/الباب-الثالث/ف03-ب-النسبة-والجموع-والمعتل.md	161
[م١-ب٣-ف٣-مث٣٤]	[ب٣-ف٣-مث٣٤]	المجلد-الثالث/الباب-الثالث/ف03-ب-النسبة-والجموع-والمعتل.md	165
[م١-ب٣-ف٣-مث٣٥]	[ب٣-ف٣-مث٣٥]	المجلد-الثالث/الباب-الثالث/ف03-ب-النسبة-والجموع-والمعتل.md	169
[م١-ب٣-ف٣-مث٣٦]	[ب٣-ف٣-مث٣٦]	المجلد-الثالث/الباب-الثالث/ف03-ب-النسبة-والجموع-والمعتل.md	175
[م١-ب٣-ف٣-مث٣٧]	[ب٣-ف٣-مث٣٧]	المجلد-الثالث/الباب-الثالث/ف03-ب-النسبة-والجموع-والمعتل.md	179
[م١-ب٣-ف٣-مث٣٨]	[ب٣-ف٣-مث٣٨]	المجلد-الثالث/الباب-الثالث/ف03-ب-النسبة-والجموع-والمعتل.md	191
[م١-ب٣-ف٤-مث١]	[ب٣-ف٤-مث١]	المجلد-الثالث/الباب-الثالث/ف04-أ-التذكير-والتأنيث-والعدد.md	78
[م١-ب٣-ف٤-مث٢]	[ب٣-ف٤-مث٢]	المجلد-الثالث/الباب-الثالث/ف04-أ-التذكير-والتأنيث-والعدد.md	82
[م١-ب٣-ف٤-مث٣]	[ب٣-ف٤-مث٣]	المجلد-الثالث/الباب-الثالث/ف04-أ-التذكير-والتأنيث-والعدد.md	86
[م١-ب٣-ف٤-مث٤]	[ب٣-ف٤-مث٤]	المجلد-الثالث/الباب-الثالث/ف04-أ-التذكير-والتأنيث-والعدد.md	104
[م١-ب٣-ف٤-مث٥]	[ب٣-ف٤-مث٥]	المجلد-الثالث/الباب-الثالث/ف04-أ-التذكير-والتأنيث-والعدد.md	108
[م١-ب٣-ف٤-مث٦]	[ب٣-ف٤-مث٦]	المجلد-الثالث/الباب-الثالث/ف04-أ-التذكير-والتأنيث-والعدد.md	118
[م١-ب٣-ف٤-مث٧]	[ب٣-ف٤-مث٧]	المجلد-الثالث/الباب-الثالث/ف04-أ-التذكير-والتأنيث-والعدد.md	130
[م١-ب٣-ف٤-مث٨]	[ب٣-ف٤-مث٨]	المجلد-الثالث/الباب-الثالث/ف04-أ-التذكير-والتأنيث-والعدد.md	134
[م١-ب٣-ف٤-مث٩]	[ب٣-ف٤-مث٩]	المجلد-الثالث/الباب-الثالث/ف04-أ-التذكير-والتأنيث-والعدد.md	146
[م١-ب٣-ف٤-مث١٠]	[ب٣-ف٤-مث١٠]	المجلد-الثالث/الباب-الثالث/ف04-أ-التذكير-والتأنيث-والعدد.md	150
[م١-ب٣-ف٤-مث١١]	[ب٣-ف٤-مث١١]	المجلد-الثالث/الباب-الثالث/ف04-أ-التذكير-والتأنيث-والعدد.md	156
[م١-ب٣-ف٤-مث١٢]	[ب٣-ف٤-مث١٢]	المجلد-الثالث/الباب-الثالث/ف04-أ-التذكير-والتأنيث-والعدد.md	160
[م١-ب٣-ف٤-مث١٣]	[ب٣-ف٤-مث١٣]	المجلد-الثالث/الباب-الثالث/ف04-أ-التذكير-والتأنيث-والعدد.md	168
[م١-ب٣-ف٤-مث١٤]	[ب٣-ف٤-مث١٤]	المجلد-الثالث/الباب-الثالث/ف04-أ-التذكير-والتأنيث-والعدد.md	172
[م١-ب٣-ف٤-مث١٥]	[ب٣-ف٤-مث١٥]	المجلد-الثالث/الباب-الثالث/ف04-أ-التذكير-والتأنيث-والعدد.md	176
[م١-ب٣-ف٤-مث١٦]	[ب٣-ف٤-مث١٦]	المجلد-الثالث/الباب-الثالث/ف04-أ-التذكير-والتأنيث-والعدد.md	180
[م١-ب٣-ف٤-مث١٧]	[ب٣-ف٤-مث١٧]	المجلد-الثالث/الباب-الثالث/ف04-أ-التذكير-والتأنيث-والعدد.md	186
[م١-ب٣-ف٤-مث١٨]	[ب٣-ف٤-مث١٨]	المجلد-الثالث/الباب-الثالث/ف04-أ-التذكير-والتأنيث-والعدد.md	194
[م١-ب٣-ف٤-مث١٩]	[ب٣-ف٤-مث١٩]	المجلد-الثالث/الباب-الثالث/ف04-أ-التذكير-والتأنيث-والعدد.md	198
[م١-ب٣-ف٤-مث٢٠]	[ب٣-ف٤-مث٢٠]	المجلد-الثالث/الباب-الثالث/ف04-أ-التذكير-والتأنيث-والعدد.md	206
[م١-ب٣-ف٤-مث٢١]	[ب٣-ف٤-مث٢١]	المجلد-الثالث/الباب-الثالث/ف04-أ-التذكير-والتأنيث-والعدد.md	210
[م١-ب٣-ف٤-مث٢٢]	[ب٣-ف٤-مث٢٢]	المجلد-الثالث/الباب-الثالث/ف04-أ-التذكير-والتأنيث-والعدد.md	214
[م١-ب٣-ف٤-مث٢٣]	[ب٣-ف٤-مث٢٣]	المجلد-الثالث/الباب-الثالث/ف04-ب-الإضافة.md	20
[م١-ب٣-ف٤-مث٢٤]	[ب٣-ف٤-مث٢٤]	المجلد-الثالث/الباب-الثالث/ف04-ب-الإضافة.md	24
[م١-ب٣-ف٤-مث٢٥]	[ب٣-ف٤-مث٢٥]	المجلد-الثالث/الباب-الثالث/ف04-ب-الإضافة.md	28
[م١-ب٣-ف٤-مث٢٦]	[ب٣-ف٤-مث٢٦]	المجلد-الثالث/الباب-الثالث/ف04-ب-الإضافة.md	34
[م١-ب٣-ف٤-مث٢٧]	[ب٣-ف٤-مث٢٧]	المجلد-الثالث/الباب-الثالث/ف04-ب-الإضافة.md	38
[م١-ب٣-ف٤-مث٢٨]	[ب٣-ف٤-مث٢٨]	المجلد-الثالث/الباب-الثالث/ف04-ب-الإضافة.md	42
[م١-ب٣-ف٤-مث٢٩]	[ب٣-ف٤-مث٢٩]	المجلد-الثالث/الباب-الثالث/ف04-ب-الإضافة.md	58
[م١-ب٣-ف٤-مث٣٠]	[ب٣-ف٤-مث٣٠]	المجلد-الثالث/الباب-الثالث/ف04-ب-الإضافة.md	62
[م١-ب٣-ف٤-مث٣١]	[ب٣-ف٤-مث٣١]	المجلد-الثالث/الباب-الثالث/ف04-ب-الإضافة.md	66
[م١-ب٣-ف٤-مث٣٢]	[ب٣-ف٤-مث٣٢]	المجلد-الثالث/الباب-الثالث/ف04-ب-الإضافة.md	74
[م١-ب٣-ف٤-مث٣٣]	[ب٣-ف٤-مث٣٣]	المجلد-الثالث/الباب-الثالث/ف04-ب-الإضافة.md	78
[م١-ب٣-ف٤-مث٣٤]	[ب٣-ف٤-مث٣٤]	المجلد-الثالث/الباب-الثالث/ف04-ب-الإضافة.md	88
[م١-ب٣-ف٤-مث٣٥]	[ب٣-ف٤-مث٣٥]	المجلد-الثالث/الباب-الثالث/ف04-ب-الإضافة.md	92
[م١-ب٣-ف٤-مث٣٦]	[ب٣-ف٤-مث٣٦]	المجلد-الثالث/الباب-الثالث/ف04-ب-الإضافة.md	100
[م١-ب٣-ف٤-مث٣٧]	[ب٣-ف٤-مث٣٧]	المجلد-الثالث/الباب-الثالث/ف04-ب-الإضافة.md	104
[م١-ب٣-ف٥-مث١]	[ب٣-ف٥-مث١]	المجلد-الثالث/الباب-الثالث/ف05-أ-الأفعال-وحروف-الجر.md	69
[م١-ب٣-ف٥-مث٢]	[ب٣-ف٥-مث٢]	المجلد-الثالث/الباب-الثالث/ف05-أ-الأفعال-وحروف-الجر.md	73
[م١-ب٣-ف٥-مث٣]	[ب٣-ف٥-مث٣]	المجلد-الثالث/الباب-الثالث/ف05-أ-الأفعال-وحروف-الجر.md	77
[م١-ب٣-ف٥-مث٤]	[ب٣-ف٥-مث٤]	المجلد-الثالث/الباب-الثالث/ف05-أ-الأفعال-وحروف-الجر.md	81
[م١-ب٣-ف٥-مث٥]	[ب٣-ف٥-مث٥]	المجلد-الثالث/الباب-الثالث/ف05-أ-الأفعال-وحروف-الجر.md	87
[م١-ب٣-ف٥-مث٦]	[ب٣-ف٥-مث٦]	المجلد-الثالث/الباب-الثالث/ف05-أ-الأفعال-وحروف-الجر.md	91
[م١-ب٣-ف٥-مث٧]	[ب٣-ف٥-مث٧]	المجلد-الثالث/الباب-الثالث/ف05-أ-الأفعال-وحروف-الجر.md	95
[م١-ب٣-ف٥-مث٨]	[ب٣-ف٥-مث٨]	المجلد-الثالث/الباب-الثالث/ف05-أ-الأفعال-وحروف-الجر.md	99
[م١-ب٣-ف٥-مث٩]	[ب٣-ف٥-مث٩]	المجلد-الثالث/الباب-الثالث/ف05-أ-الأفعال-وحروف-الجر.md	103
[م١-ب٣-ف٥-مث١٠]	[ب٣-ف٥-مث١٠]	المجلد-الثالث/الباب-الثالث/ف05-أ-الأفعال-وحروف-الجر.md	109
[م١-ب٣-ف٥-مث١١]	[ب٣-ف٥-مث١١]	المجلد-الثالث/الباب-الثالث/ف05-أ-الأفعال-وحروف-الجر.md	113
[م١-ب٣-ف٥-مث١٢]	[ب٣-ف٥-مث١٢]	المجلد-الثالث/الباب-الثالث/ف05-أ-الأفعال-وحروف-الجر.md	117
[م١-ب٣-ف٥-مث١٣]	[ب٣-ف٥-مث١٣]	المجلد-الثالث/الباب-الثالث/ف05-أ-الأفعال-وحروف-الجر.md	123
[م١-ب٣-ف٥-مث١٤]	[ب٣-ف٥-مث١٤]	المجلد-الثالث/الباب-الثالث/ف05-أ-الأفعال-وحروف-الجر.md	127
[م١-ب٣-ف٥-مث١٥]	[ب٣-ف٥-مث١٥]	المجلد-الثالث/الباب-الثالث/ف05-أ-الأفعال-وحروف-الجر.md	149
[م١-ب٣-ف٥-مث١٦]	[ب٣-ف٥-مث١٦]	المجلد-الثالث/الباب-الثالث/ف05-أ-الأفعال-وحروف-الجر.md	153
[م١-ب٣-ف٥-مث١٧]	[ب٣-ف٥-مث١٧]	المجلد-الثالث/الباب-الثالث/ف05-أ-الأفعال-وحروف-الجر.md	157
[م١-ب٣-ف٥-مث١٨]	[ب٣-ف٥-مث١٨]	المجلد-الثالث/الباب-الثالث/ف05-أ-الأفعال-وحروف-الجر.md	161
[م١-ب٣-ف٥-مث١٩]	[ب٣-ف٥-مث١٩]	المجلد-الثالث/الباب-الثالث/ف05-أ-الأفعال-وحروف-الجر.md	165
[م١-ب٣-ف٥-مث٢٠]	[ب٣-ف٥-مث٢٠]	المجلد-الثالث/الباب-الثالث/ف05-أ-الأفعال-وحروف-الجر.md	169
[م١-ب٣-ف٥-مث٢١]	[ب٣-ف٥-مث٢١]	المجلد-الثالث/الباب-الثالث/ف05-أ-الأفعال-وحروف-الجر.md	173
[م١-ب٣-ف٥-مث٢٢]	[ب٣-ف٥-مث٢٢]	المجلد-الثالث/الباب-الثالث/ف05-أ-الأفعال-وحروف-الجر.md	177
[م١-ب٣-ف٥-مث٢٣]	[ب٣-ف٥-مث٢٣]	المجلد-الثالث/الباب-الثالث/ف05-أ-الأفعال-وحروف-الجر.md	181
[م١-ب٣-ف٥-مث٢٤]	[ب٣-ف٥-مث٢٤]	المجلد-الثالث/الباب-الثالث/ف05-أ-الأفعال-وحروف-الجر.md	191
[م١-ب٣-ف٥-مث٢٥]	[ب٣-ف٥-مث٢٥]	المجلد-الثالث/الباب-الثالث/ف05-أ-الأفعال-وحروف-الجر.md	195
[م١-ب٣-ف٥-مث٢٦]	[ب٣-ف٥-مث٢٦]	المجلد-الثالث/الباب-الثالث/ف05-أ-الأفعال-وحروف-الجر.md	199
[م١-ب٣-ف٥-مث٢٧]	[ب٣-ف٥-مث٢٧]	المجلد-الثالث/الباب-الثالث/ف05-أ-الأفعال-وحروف-الجر.md	203
[م١-ب٣-ف٥-مث٢٨]	[ب٣-ف٥-مث٢٨]	المجلد-الثالث/الباب-الثالث/ف05-أ-الأفعال-وحروف-الجر.md	207
[م١-ب٣-ف٥-مث٢٩]	[ب٣-ف٥-مث٢٩]	المجلد-الثالث/الباب-الثالث/ف05-أ-الأفعال-وحروف-الجر.md	211
[م١-ب٣-ف٥-مث٣٠]	[ب٣-ف٥-مث٣٠]	المجلد-الثالث/الباب-الثالث/ف05-ب-الضمير-والتعبيرات-والأزمنة.md	18
[م١-ب٣-ف٥-مث٣١]	[ب٣-ف٥-مث٣١]	المجلد-الثالث/الباب-الثالث/ف05-ب-الضمير-والتعبيرات-والأزمنة.md	22
[م١-ب٣-ف٥-مث٣٢]	[ب٣-ف٥-مث٣٢]	المجلد-الثالث/الباب-الثالث/ف05-ب-الضمير-والتعبيرات-والأزمنة.md	26
[م١-ب٣-ف٥-مث٣٣]	[ب٣-ف٥-مث٣٣]	المجلد-الثالث/الباب-الثالث/ف05-ب-الضمير-والتعبيرات-والأزمنة.md	30
[م١-ب٣-ف٥-مث٣٤]	[ب٣-ف٥-مث٣٤]	المجلد-الثالث/الباب-الثالث/ف05-ب-الضمير-والتعبيرات-والأزمنة.md	40
[م١-ب٣-ف٥-مث٣٥]	[ب٣-ف٥-مث٣٥]	المجلد-الثالث/الباب-الثالث/ف05-ب-الضمير-والتعبيرات-والأزمنة.md	44
[م١-ب٣-ف٥-مث٣٦]	[ب٣-ف٥-مث٣٦]	المجلد-الثالث/الباب-الثالث/ف05-ب-الضمير-والتعبيرات-والأزمنة.md	48
[م١-ب٣-ف٥-مث٣٧]	[ب٣-ف٥-مث٣٧]	المجلد-الثالث/الباب-الثالث/ف05-ب-الضمير-والتعبيرات-والأزمنة.md	52
[م١-ب٣-ف٥-مث٣٨]	[ب٣-ف٥-مث٣٨]	المجلد-الثالث/الباب-الثالث/ف05-ب-الضمير-والتعبيرات-والأزمنة.md	56
[م١-ب٣-ف٥-مث٣٩]	[ب٣-ف٥-مث٣٩]	المجلد-الثالث/الباب-الثالث/ف05-ب-الضمير-والتعبيرات-والأزمنة.md	66
[م١-ب٣-ف٥-مث٤٠]	[ب٣-ف٥-مث٤٠]	المجلد-الثالث/الباب-الثالث/ف05-ب-الضمير-والتعبيرات-والأزمنة.md	70
[م١-ب٣-ف٥-مث٤١]	[ب٣-ف٥-مث٤١]	المجلد-الثالث/الباب-الثالث/ف05-ب-الضمير-والتعبيرات-والأزمنة.md	74
[م١-ب٣-ف٥-مث٤٢]	[ب٣-ف٥-مث٤٢]	المجلد-الثالث/الباب-الثالث/ف05-ب-الضمير-والتعبيرات-والأزمنة.md	84
[م١-ب٣-ف٥-مث٤٣]	[ب٣-ف٥-مث٤٣]	المجلد-الثالث/الباب-الثالث/ف05-ب-الضمير-والتعبيرات-والأزمنة.md	88
[م١-ب٣-ف٥-مث٤٤]	[ب٣-ف٥-مث٤٤]	المجلد-الثالث/الباب-الثالث/ف05-ب-الضمير-والتعبيرات-والأزمنة.md	92
[م١-ب٣-ف٥-مث٤٥]	[ب٣-ف٥-مث٤٥]	المجلد-الثالث/الباب-الثالث/ف05-ب-الضمير-والتعبيرات-والأزمنة.md	100
[م١-ب٣-ف٥-مث٤٦]	[ب٣-ف٥-مث٤٦]	المجلد-الثالث/الباب-الثالث/ف05-ب-الضمير-والتعبيرات-والأزمنة.md	104
[م١-ب٣-ف٥-مث٤٧]	[ب٣-ف٥-مث٤٧]	المجلد-الثالث/الباب-الثالث/ف05-ب-الضمير-والتعبيرات-والأزمنة.md	110
[م١-ب٣-ف٥-مث٤٨]	[ب٣-ف٥-مث٤٨]	المجلد-الثالث/الباب-الثالث/ف05-ب-الضمير-والتعبيرات-والأزمنة.md	114
[م١-ب٣-ف٥-مث٤٩]	[ب٣-ف٥-مث٤٩]	المجلد-الثالث/الباب-الثالث/ف05-ب-الضمير-والتعبيرات-والأزمنة.md	118
[م١-ب٣-ف٥-مث٥٠]	[ب٣-ف٥-مث٥٠]	المجلد-الثالث/الباب-الثالث/ف05-ب-الضمير-والتعبيرات-والأزمنة.md	122
[م١-ب٣-ف٦-مث١]	[ب٣-ف٦-مث١]	المجلد-الثالث/الباب-الثالث/ف06-أ-أثر-اللغات-المحلية.md	184
[م١-ب٣-ف٦-مث٢]	[ب٣-ف٦-مث٢]	المجلد-الثالث/الباب-الثالث/ف06-أ-أثر-اللغات-المحلية.md	188
[م١-ب٣-ف٦-مث٣]	[ب٣-ف٦-مث٣]	المجلد-الثالث/الباب-الثالث/ف06-أ-أثر-اللغات-المحلية.md	192
[م١-ب٣-ف٦-مث٤]	[ب٣-ف٦-مث٤]	المجلد-الثالث/الباب-الثالث/ف06-أ-أثر-اللغات-المحلية.md	196
[م١-ب٣-ف٦-مث٥]	[ب٣-ف٦-مث٥]	المجلد-الثالث/الباب-الثالث/ف06-أ-أثر-اللغات-المحلية.md	200
[م١-ب٣-ف٦-مث٦]	[ب٣-ف٦-مث٦]	المجلد-الثالث/الباب-الثالث/ف06-أ-أثر-اللغات-المحلية.md	210
[م١-ب٣-ف٦-مث٧]	[ب٣-ف٦-مث٧]	المجلد-الثالث/الباب-الثالث/ف06-أ-أثر-اللغات-المحلية.md	214
[م١-ب٣-ف٦-مث٨]	[ب٣-ف٦-مث٨]	المجلد-الثالث/الباب-الثالث/ف06-أ-أثر-اللغات-المحلية.md	218
[م١-ب٣-ف٦-مث٩]	[ب٣-ف٦-مث٩]	المجلد-الثالث/الباب-الثالث/ف06-أ-أثر-اللغات-المحلية.md	222
[م١-ب٣-ف٦-مث١٠]	[ب٣-ف٦-مث١٠]	المجلد-الثالث/الباب-الثالث/ف06-أ-أثر-اللغات-المحلية.md	232
[م١-ب٣-ف٦-مث١١]	[ب٣-ف٦-مث١١]	المجلد-الثالث/الباب-الثالث/ف06-أ-أثر-اللغات-المحلية.md	236
[م١-ب٣-ف٦-مث١٢]	[ب٣-ف٦-مث١٢]	المجلد-الثالث/الباب-الثالث/ف06-أ-أثر-اللغات-المحلية.md	240
[م١-ب٣-ف٦-مث١٣]	[ب٣-ف٦-مث١٣]	المجلد-الثالث/الباب-الثالث/ف06-أ-أثر-اللغات-المحلية.md	244
[م١-ب٣-ف٦-مث١٤]	[ب٣-ف٦-مث١٤]	المجلد-الثالث/الباب-الثالث/ف06-أ-أثر-اللغات-المحلية.md	248
[م١-ب٣-ف٦-مث١٥]	[ب٣-ف٦-مث١٥]	المجلد-الثالث/الباب-الثالث/ف06-أ-أثر-اللغات-المحلية.md	269
[م١-ب٣-ف٦-مث١٦]	[ب٣-ف٦-مث١٦]	المجلد-الثالث/الباب-الثالث/ف06-أ-أثر-اللغات-المحلية.md	273
[م١-ب٣-ف٦-مث١٧]	[ب٣-ف٦-مث١٧]	المجلد-الثالث/الباب-الثالث/ف06-أ-أثر-اللغات-المحلية.md	277
[م١-ب٣-ف٦-مث١٨]	[ب٣-ف٦-مث١٨]	المجلد-الثالث/الباب-الثالث/ف06-أ-أثر-اللغات-المحلية.md	281
[م١-ب٣-ف٦-مث١٩]	[ب٣-ف٦-مث١٩]	المجلد-الثالث/الباب-الثالث/ف06-أ-أثر-اللغات-المحلية.md	286
[م١-ب٣-ف٦-مث٢٠]	[ب٣-ف٦-مث٢٠]	المجلد-الثالث/الباب-الثالث/ف06-أ-أثر-اللغات-المحلية.md	290
[م١-ب٣-ف٦-مث٢١]	[ب٣-ف٦-مث٢١]	المجلد-الثالث/الباب-الثالث/ف06-أ-أثر-اللغات-المحلية.md	298
[م١-ب٣-ف٦-مث٢٢]	[ب٣-ف٦-مث٢٢]	المجلد-الثالث/الباب-الثالث/ف06-أ-أثر-اللغات-المحلية.md	302
[م١-ب٣-ف٦-مث٢٣]	[ب٣-ف٦-مث٢٣]	المجلد-الثالث/الباب-الثالث/ف06-أ-أثر-اللغات-المحلية.md	306
[م١-ب٣-ف٦-مث٢٤]	[ب٣-ف٦-مث٢٤]	المجلد-الثالث/الباب-الثالث/ف06-أ-أثر-اللغات-المحلية.md	310
[م١-ب٣-ف٦-مث٢٥]	[ب٣-ف٦-مث٢٥]	المجلد-الثالث/الباب-الثالث/ف06-أ-أثر-اللغات-المحلية.md	316
[م١-ب٣-ف٦-مث٢٦]	[ب٣-ف٦-مث٢٦]	المجلد-الثالث/الباب-الثالث/ف06-أ-أثر-اللغات-المحلية.md	332
[م١-ب٣-ف٦-مث٢٧]	[ب٣-ف٦-مث٢٧]	المجلد-الثالث/الباب-الثالث/ف06-أ-أثر-اللغات-المحلية.md	342
[م١-ب٣-ف٦-مث٢٨]	[ب٣-ف٦-مث٢٨]	المجلد-الثالث/الباب-الثالث/ف06-أ-أثر-اللغات-المحلية.md	350
[م١-ب٣-ف٦-مث٢٩]	[ب٣-ف٦-مث٢٩]	المجلد-الثالث/الباب-الثالث/ف06-ب-المخاطبة-والتحية-والتطبيق.md	75
[م١-ب٣-ف٦-مث٣٠]	[ب٣-ف٦-مث٣٠]	المجلد-الثالث/الباب-الثالث/ف06-ب-المخاطبة-والتحية-والتطبيق.md	81
[م١-ب٣-ف٦-مث٣١]	[ب٣-ف٦-مث٣١]	المجلد-الثالث/الباب-الثالث/ف06-ب-المخاطبة-والتحية-والتطبيق.md	86
[م١-ب٣-ف٦-مث٣٢]	[ب٣-ف٦-مث٣٢]	المجلد-الثالث/الباب-الثالث/ف06-ب-المخاطبة-والتحية-والتطبيق.md	92
[م١-ب٣-ف٦-مث٣٣]	[ب٣-ف٦-مث٣٣]	المجلد-الثالث/الباب-الثالث/ف06-ب-المخاطبة-والتحية-والتطبيق.md	99
[م١-ب٣-ف٦-مث٣٤]	[ب٣-ف٦-مث٣٤]	المجلد-الثالث/الباب-الثالث/ف06-ب-المخاطبة-والتحية-والتطبيق.md	103
[م١-ب٣-ف٦-مث٣٥]	[ب٣-ف٦-مث٣٥]	المجلد-الثالث/الباب-الثالث/ف06-ب-المخاطبة-والتحية-والتطبيق.md	106
[م١-ب٣-ف٦-مث٣٦]	[ب٣-ف٦-مث٣٦]	المجلد-الثالث/الباب-الثالث/ف06-ب-المخاطبة-والتحية-والتطبيق.md	114
[م١-ب٣-ف٦-مث٣٧]	[ب٣-ف٦-مث٣٧]	المجلد-الثالث/الباب-الثالث/ف06-ب-المخاطبة-والتحية-والتطبيق.md	118
[م١-ب٣-ف٦-مث٣٨]	[ب٣-ف٦-مث٣٨]	المجلد-الثالث/الباب-الثالث/ف06-ب-المخاطبة-والتحية-والتطبيق.md	122
[م١-ب٣-ف٦-مث٣٩]	[ب٣-ف٦-مث٣٩]	المجلد-الثالث/الباب-الثالث/ف06-ب-المخاطبة-والتحية-والتطبيق.md	126
[م١-ب٣-ف٦-مث٤٠]	[ب٣-ف٦-مث٤٠]	المجلد-الثالث/الباب-الثالث/ف06-ب-المخاطبة-والتحية-والتطبيق.md	130
[م١-ب٣-ف٦-مث٤١]	[ب٣-ف٦-مث٤١]	المجلد-الثالث/الباب-الثالث/ف06-ب-المخاطبة-والتحية-والتطبيق.md	136
[م١-ب٣-ف٦-مث٤٢]	[ب٣-ف٦-مث٤٢]	المجلد-الثالث/الباب-الثالث/ف06-ب-المخاطبة-والتحية-والتطبيق.md	141
[م١-ب٣-ف٦-مث٤٣]	[ب٣-ف٦-مث٤٣]	المجلد-الثالث/الباب-الثالث/ف06-ب-المخاطبة-والتحية-والتطبيق.md	147
[م١-ب٣-ف٦-مث٤٤]	[ب٣-ف٦-مث٤٤]	المجلد-الثالث/الباب-الثالث/ف06-ب-المخاطبة-والتحية-والتطبيق.md	151
[م١-ب٣-ف٦-مث٤٥]	[ب٣-ف٦-مث٤٥]	المجلد-الثالث/الباب-الثالث/ف06-ب-المخاطبة-والتحية-والتطبيق.md	159
[م١-ب٣-ف٦-مث٤٦]	[ب٣-ف٦-مث٤٦]	المجلد-الثالث/الباب-الثالث/ف06-ب-المخاطبة-والتحية-والتطبيق.md	167
[م١-ب٣-ف٧-مث١]	[ب٣-ف٧-مث١]	المجلد-الثالث/الباب-الثالث/ف07-أ-الحشو-الصوتي.md	179
[م١-ب٣-ف٧-مث٢]	[ب٣-ف٧-مث٢]	المجلد-الثالث/الباب-الثالث/ف07-أ-الحشو-الصوتي.md	183
[م١-ب٣-ف٧-مث٣]	[ب٣-ف٧-مث٣]	المجلد-الثالث/الباب-الثالث/ف07-أ-الحشو-الصوتي.md	191
[م١-ب٣-ف٧-مث٤]	[ب٣-ف٧-مث٤]	المجلد-الثالث/الباب-الثالث/ف07-أ-الحشو-الصوتي.md	195
[م١-ب٣-ف٧-مث٥]	[ب٣-ف٧-مث٥]	المجلد-الثالث/الباب-الثالث/ف07-أ-الحشو-الصوتي.md	213
[م١-ب٣-ف٧-مث٦]	[ب٣-ف٧-مث٦]	المجلد-الثالث/الباب-الثالث/ف07-أ-الحشو-الصوتي.md	221
[م١-ب٣-ف٧-مث٧]	[ب٣-ف٧-مث٧]	المجلد-الثالث/الباب-الثالث/ف07-أ-الحشو-الصوتي.md	229
[م١-ب٣-ف٧-مث٨]	[ب٣-ف٧-مث٨]	المجلد-الثالث/الباب-الثالث/ف07-أ-الحشو-الصوتي.md	241
[م١-ب٣-ف٧-مث٩]	[ب٣-ف٧-مث٩]	المجلد-الثالث/الباب-الثالث/ف07-أ-الحشو-الصوتي.md	245
[م١-ب٣-ف٧-مث١٠]	[ب٣-ف٧-مث١٠]	المجلد-الثالث/الباب-الثالث/ف07-أ-الحشو-الصوتي.md	249
[م١-ب٣-ف٧-مث١١]	[ب٣-ف٧-مث١١]	المجلد-الثالث/الباب-الثالث/ف07-أ-الحشو-الصوتي.md	261
[م١-ب٣-ف٧-مث١٢]	[ب٣-ف٧-مث١٢]	المجلد-الثالث/الباب-الثالث/ف07-أ-الحشو-الصوتي.md	269
[م١-ب٣-ف٧-مث١٣]	[ب٣-ف٧-مث١٣]	المجلد-الثالث/الباب-الثالث/ف07-أ-الحشو-الصوتي.md	275
[م١-ب٣-ف٧-مث١٤]	[ب٣-ف٧-مث١٤]	المجلد-الثالث/الباب-الثالث/ف07-أ-الحشو-الصوتي.md	279
[م١-ب٣-ف٧-مث١٥]	[ب٣-ف٧-مث١٥]	المجلد-الثالث/الباب-الثالث/ف07-ب-التكرار-والغموض.md	102
[م١-ب٣-ف٧-مث١٦]	[ب٣-ف٧-مث١٦]	المجلد-الثالث/الباب-الثالث/ف07-ب-التكرار-والغموض.md	106
[م١-ب٣-ف٧-مث١٧]	[ب٣-ف٧-مث١٧]	المجلد-الثالث/الباب-الثالث/ف07-ب-التكرار-والغموض.md	110
[م١-ب٣-ف٧-مث١٨]	[ب٣-ف٧-مث١٨]	المجلد-الثالث/الباب-الثالث/ف07-ب-التكرار-والغموض.md	141
[م١-ب٣-ف٧-مث١٩]	[ب٣-ف٧-مث١٩]	المجلد-الثالث/الباب-الثالث/ف07-ب-التكرار-والغموض.md	145
[م١-ب٣-ف٧-مث٢٠]	[ب٣-ف٧-مث٢٠]	المجلد-الثالث/الباب-الثالث/ف07-ب-التكرار-والغموض.md	165
[م١-ب٣-ف٧-مث٢١]	[ب٣-ف٧-مث٢١]	المجلد-الثالث/الباب-الثالث/ف07-ب-التكرار-والغموض.md	169
[م١-ب٣-ف٧-مث٢٢]	[ب٣-ف٧-مث٢٢]	المجلد-الثالث/الباب-الثالث/ف07-ب-التكرار-والغموض.md	174
[م١-ب٣-ف٧-مث٢٣]	[ب٣-ف٧-مث٢٣]	المجلد-الثالث/الباب-الثالث/ف07-ب-التكرار-والغموض.md	181
[م١-ب٣-ف٧-مث٢٤]	[ب٣-ف٧-مث٢٤]	المجلد-الثالث/الباب-الثالث/ف07-ب-التكرار-والغموض.md	198
[م١-ب٣-ف٧-مث٢٥]	[ب٣-ف٧-مث٢٥]	المجلد-الثالث/الباب-الثالث/ف07-ب-التكرار-والغموض.md	202
[م١-ب٣-ف٧-مث٢٦]	[ب٣-ف٧-مث٢٦]	المجلد-الثالث/الباب-الثالث/ف07-ب-التكرار-والغموض.md	206
[م١-ب٣-ف٧-مث٢٧]	[ب٣-ف٧-مث٢٧]	المجلد-الثالث/الباب-الثالث/ف07-ب-التكرار-والغموض.md	210
[م١-ب٣-ف٧-مث٢٨]	[ب٣-ف٧-مث٢٨]	المجلد-الثالث/الباب-الثالث/ف07-ب-التكرار-والغموض.md	216
[م١-ب٣-ف٧-مث٢٩]	[ب٣-ف٧-مث٢٩]	المجلد-الثالث/الباب-الثالث/ف07-ب-التكرار-والغموض.md	220
[م١-ب٣-ف٧-مث٣٠]	[ب٣-ف٧-مث٣٠]	المجلد-الثالث/الباب-الثالث/ف07-ب-التكرار-والغموض.md	226
[م١-ب٣-ف٨-مث١]	[ب٣-ف٨-مث١]	المجلد-الثالث/الباب-الثالث/ف08-أ-الفصيح-المأنوس.md	158
[م١-ب٣-ف٨-مث٢]	[ب٣-ف٨-مث٢]	المجلد-الثالث/الباب-الثالث/ف08-أ-الفصيح-المأنوس.md	162
[م١-ب٣-ف٨-مث٣]	[ب٣-ف٨-مث٣]	المجلد-الثالث/الباب-الثالث/ف08-أ-الفصيح-المأنوس.md	166
[م١-ب٣-ف٨-مث٤]	[ب٣-ف٨-مث٤]	المجلد-الثالث/الباب-الثالث/ف08-أ-الفصيح-المأنوس.md	170
[م١-ب٣-ف٨-مث٥]	[ب٣-ف٨-مث٥]	المجلد-الثالث/الباب-الثالث/ف08-أ-الفصيح-المأنوس.md	174
[م١-ب٣-ف٨-مث٦]	[ب٣-ف٨-مث٦]	المجلد-الثالث/الباب-الثالث/ف08-أ-الفصيح-المأنوس.md	178
[م١-ب٣-ف٨-مث٧]	[ب٣-ف٨-مث٧]	المجلد-الثالث/الباب-الثالث/ف08-أ-الفصيح-المأنوس.md	182
[م١-ب٣-ف٨-مث٨]	[ب٣-ف٨-مث٨]	المجلد-الثالث/الباب-الثالث/ف08-أ-الفصيح-المأنوس.md	186
[م١-ب٣-ف٨-مث٩]	[ب٣-ف٨-مث٩]	المجلد-الثالث/الباب-الثالث/ف08-أ-الفصيح-المأنوس.md	192
[م١-ب٣-ف٨-مث١٠]	[ب٣-ف٨-مث١٠]	المجلد-الثالث/الباب-الثالث/ف08-أ-الفصيح-المأنوس.md	196
[م١-ب٣-ف٨-مث١١]	[ب٣-ف٨-مث١١]	المجلد-الثالث/الباب-الثالث/ف08-أ-الفصيح-المأنوس.md	200
[م١-ب٣-ف٨-مث١٢]	[ب٣-ف٨-مث١٢]	المجلد-الثالث/الباب-الثالث/ف08-أ-الفصيح-المأنوس.md	210
[م١-ب٣-ف٨-مث١٣]	[ب٣-ف٨-مث١٣]	المجلد-الثالث/الباب-الثالث/ف08-أ-الفصيح-المأنوس.md	214
[م١-ب٣-ف٨-مث١٤]	[ب٣-ف٨-مث١٤]	المجلد-الثالث/الباب-الثالث/ف08-أ-الفصيح-المأنوس.md	218
[م١-ب٣-ف٨-مث١٥]	[ب٣-ف٨-مث١٥]	المجلد-الثالث/الباب-الثالث/ف08-أ-الفصيح-المأنوس.md	222
[م١-ب٣-ف٨-مث١٦]	[ب٣-ف٨-مث١٦]	المجلد-الثالث/الباب-الثالث/ف08-أ-الفصيح-المأنوس.md	230
[م١-ب٣-ف٨-مث١٧]	[ب٣-ف٨-مث١٧]	المجلد-الثالث/الباب-الثالث/ف08-أ-الفصيح-المأنوس.md	234
[م١-ب٣-ف٨-مث١٨]	[ب٣-ف٨-مث١٨]	المجلد-الثالث/الباب-الثالث/ف08-أ-الفصيح-المأنوس.md	238
[م١-ب٣-ف٨-مث١٩]	[ب٣-ف٨-مث١٩]	المجلد-الثالث/الباب-الثالث/ف08-أ-الفصيح-المأنوس.md	242
[م١-ب٣-ف٨-مث٢٠]	[ب٣-ف٨-مث٢٠]	المجلد-الثالث/الباب-الثالث/ف08-أ-الفصيح-المأنوس.md	248
[م١-ب٣-ف٨-مث٢١]	[ب٣-ف٨-مث٢١]	المجلد-الثالث/الباب-الثالث/ف08-أ-الفصيح-المأنوس.md	252
[م١-ب٣-ف٨-مث٢٢]	[ب٣-ف٨-مث٢٢]	المجلد-الثالث/الباب-الثالث/ف08-ب-الدقة-والإيحاء-والسجل.md	32
[م١-ب٣-ف٨-مث٢٣]	[ب٣-ف٨-مث٢٣]	المجلد-الثالث/الباب-الثالث/ف08-ب-الدقة-والإيحاء-والسجل.md	38
[م١-ب٣-ف٨-مث٢٤]	[ب٣-ف٨-مث٢٤]	المجلد-الثالث/الباب-الثالث/ف08-ب-الدقة-والإيحاء-والسجل.md	53
[م١-ب٣-ف٨-مث٢٥]	[ب٣-ف٨-مث٢٥]	المجلد-الثالث/الباب-الثالث/ف08-ب-الدقة-والإيحاء-والسجل.md	57
[م١-ب٣-ف٨-مث٢٦]	[ب٣-ف٨-مث٢٦]	المجلد-الثالث/الباب-الثالث/ف08-ب-الدقة-والإيحاء-والسجل.md	71
[م١-ب٣-ف٨-مث٢٧]	[ب٣-ف٨-مث٢٧]	المجلد-الثالث/الباب-الثالث/ف08-ب-الدقة-والإيحاء-والسجل.md	75
[م١-ب٣-ف٨-مث٢٨]	[ب٣-ف٨-مث٢٨]	المجلد-الثالث/الباب-الثالث/ف08-ب-الدقة-والإيحاء-والسجل.md	89
[م١-ب٣-ف٨-مث٢٩]	[ب٣-ف٨-مث٢٩]	المجلد-الثالث/الباب-الثالث/ف08-ب-الدقة-والإيحاء-والسجل.md	93
[م١-ب٣-ف٨-مث٣٠]	[ب٣-ف٨-مث٣٠]	المجلد-الثالث/الباب-الثالث/ف08-ب-الدقة-والإيحاء-والسجل.md	107
[م١-ب٣-ف٨-مث٣١]	[ب٣-ف٨-مث٣١]	المجلد-الثالث/الباب-الثالث/ف08-ب-الدقة-والإيحاء-والسجل.md	123
[م١-ب٣-ف٨-مث٣٢]	[ب٣-ف٨-مث٣٢]	المجلد-الثالث/الباب-الثالث/ف08-ب-الدقة-والإيحاء-والسجل.md	142
[م١-ب٣-ف٨-مث٣٣]	[ب٣-ف٨-مث٣٣]	المجلد-الثالث/الباب-الثالث/ف08-ب-الدقة-والإيحاء-والسجل.md	146
[م١-ب٣-ف٨-مث٣٤]	[ب٣-ف٨-مث٣٤]	المجلد-الثالث/الباب-الثالث/ف08-ب-الدقة-والإيحاء-والسجل.md	150
[م١-ب٣-ف٨-مث٣٥]	[ب٣-ف٨-مث٣٥]	المجلد-الثالث/الباب-الثالث/ف08-ب-الدقة-والإيحاء-والسجل.md	154
[م١-ب٣-ف٨-مث٣٦]	[ب٣-ف٨-مث٣٦]	المجلد-الثالث/الباب-الثالث/ف08-ب-الدقة-والإيحاء-والسجل.md	158
[م١-ب٣-ف٨-مث٣٧]	[ب٣-ف٨-مث٣٧]	المجلد-الثالث/الباب-الثالث/ف08-ب-الدقة-والإيحاء-والسجل.md	176
[م١-ب٣-ف٨-مث٣٨]	[ب٣-ف٨-مث٣٨]	المجلد-الثالث/الباب-الثالث/ف08-ب-الدقة-والإيحاء-والسجل.md	180
[م١-ب٣-ف٩-مث١]	[ب٣-ف٩-مث١]	المجلد-الثالث/الباب-الثالث/ف09-أ-متى-توجز.md	91
[م١-ب٣-ف٩-مث٢]	[ب٣-ف٩-مث٢]	المجلد-الثالث/الباب-الثالث/ف09-أ-متى-توجز.md	95
[م١-ب٣-ف٩-مث٣]	[ب٣-ف٩-مث٣]	المجلد-الثالث/الباب-الثالث/ف09-أ-متى-توجز.md	99
[م١-ب٣-ف٩-مث٤]	[ب٣-ف٩-مث٤]	المجلد-الثالث/الباب-الثالث/ف09-أ-متى-توجز.md	103
[م١-ب٣-ف٩-مث٥]	[ب٣-ف٩-مث٥]	المجلد-الثالث/الباب-الثالث/ف09-أ-متى-توجز.md	107
[م١-ب٣-ف٩-مث٦]	[ب٣-ف٩-مث٦]	المجلد-الثالث/الباب-الثالث/ف09-أ-متى-توجز.md	111
[م١-ب٣-ف٩-مث٧]	[ب٣-ف٩-مث٧]	المجلد-الثالث/الباب-الثالث/ف09-ب-متى-تطيل.md	44
[م١-ب٣-ف٩-مث٨]	[ب٣-ف٩-مث٨]	المجلد-الثالث/الباب-الثالث/ف09-ب-متى-تطيل.md	48
[م١-ب٣-ف٩-مث٩]	[ب٣-ف٩-مث٩]	المجلد-الثالث/الباب-الثالث/ف09-ب-متى-تطيل.md	52
[م١-ب٣-ف٩-مث١٠]	[ب٣-ف٩-مث١٠]	المجلد-الثالث/الباب-الثالث/ف09-ب-متى-تطيل.md	56
[م١-ب٣-ف٩-مث١١]	[ب٣-ف٩-مث١١]	المجلد-الثالث/الباب-الثالث/ف09-ب-متى-تطيل.md	60
[م١-ب٣-ف٩-مث١٢]	[ب٣-ف٩-مث١٢]	المجلد-الثالث/الباب-الثالث/ف09-ب-متى-تطيل.md	64
[م١-ب٣-ف٩-مث١٣]	[ب٣-ف٩-مث١٣]	المجلد-الثالث/الباب-الثالث/ف09-ب-متى-تطيل.md	68
[م١-ب٣-ف٩-مث١٤]	[ب٣-ف٩-مث١٤]	المجلد-الثالث/الباب-الثالث/ف09-ب-متى-تطيل.md	72
[م١-ب٣-ف٩-مث١٥]	[ب٣-ف٩-مث١٥]	المجلد-الثالث/الباب-الثالث/ف09-ب-متى-تطيل.md	76
[م١-ب٣-ف٩-مث١٦]	[ب٣-ف٩-مث١٦]	المجلد-الثالث/الباب-الثالث/ف09-ب-متى-تطيل.md	80
[م٣-ب٩-ف١-مث١]	[ب٩-ف١-مث١]	المجلد-الثامن/الباب-التاسع/ف01-أ-المدخل-وبناء-الخطبة.md	195
[م٣-ب٩-ف١-مث٢]	[ب٩-ف١-مث٢]	المجلد-الثامن/الباب-التاسع/ف01-أ-المدخل-وبناء-الخطبة.md	201
[م٣-ب٩-ف١-مث٣]	[ب٩-ف١-مث٣]	المجلد-الثامن/الباب-التاسع/ف01-أ-المدخل-وبناء-الخطبة.md	205
[م٣-ب٩-ف١-مث٤]	[ب٩-ف١-مث٤]	المجلد-الثامن/الباب-التاسع/ف01-أ-المدخل-وبناء-الخطبة.md	211
[م٣-ب٩-ف١-مث٥]	[ب٩-ف١-مث٥]	المجلد-الثامن/الباب-التاسع/ف01-أ-المدخل-وبناء-الخطبة.md	226
[م٣-ب٩-ف١-مث٦]	[ب٩-ف١-مث٦]	المجلد-الثامن/الباب-التاسع/ف01-أ-المدخل-وبناء-الخطبة.md	230
[م٣-ب٩-ف١-مث٧]	[ب٩-ف١-مث٧]	المجلد-الثامن/الباب-التاسع/ف01-أ-المدخل-وبناء-الخطبة.md	234
[م٣-ب٩-ف١-مث٨]	[ب٩-ف١-مث٨]	المجلد-الثامن/الباب-التاسع/ف01-أ-المدخل-وبناء-الخطبة.md	238
[م٣-ب٩-ف١-مث٩]	[ب٩-ف١-مث٩]	المجلد-الثامن/الباب-التاسع/ف01-أ-المدخل-وبناء-الخطبة.md	245
[م٣-ب٩-ف١-مث١٠]	[ب٩-ف١-مث١٠]	المجلد-الثامن/الباب-التاسع/ف01-أ-المدخل-وبناء-الخطبة.md	249
[م٣-ب٩-ف١-مث١١]	[ب٩-ف١-مث١١]	المجلد-الثامن/الباب-التاسع/ف01-أ-المدخل-وبناء-الخطبة.md	261
[م٣-ب٩-ف١-مث١٢]	[ب٩-ف١-مث١٢]	المجلد-الثامن/الباب-التاسع/ف01-أ-المدخل-وبناء-الخطبة.md	267
[م٣-ب٩-ف١-مث١٣]	[ب٩-ف١-مث١٣]	المجلد-الثامن/الباب-التاسع/ف01-أ-المدخل-وبناء-الخطبة.md	273
[م٣-ب٩-ف١-مث١٤]	[ب٩-ف١-مث١٤]	المجلد-الثامن/الباب-التاسع/ف01-أ-المدخل-وبناء-الخطبة.md	279
[م٣-ب٩-ف١-مث١٥]	[ب٩-ف١-مث١٥]	المجلد-الثامن/الباب-التاسع/ف01-أ-المدخل-وبناء-الخطبة.md	287
[م٣-ب٩-ف١-مث١٦]	[ب٩-ف١-مث١٦]	المجلد-الثامن/الباب-التاسع/ف01-أ-المدخل-وبناء-الخطبة.md	293
[م٣-ب٩-ف١-مث١٧]	[ب٩-ف١-مث١٧]	المجلد-الثامن/الباب-التاسع/ف01-أ-المدخل-وبناء-الخطبة.md	309
[م٣-ب٩-ف١-مث١٨]	[ب٩-ف١-مث١٨]	المجلد-الثامن/الباب-التاسع/ف01-أ-المدخل-وبناء-الخطبة.md	311
[م٣-ب٩-ف١-مث١٩]	[ب٩-ف١-مث١٩]	المجلد-الثامن/الباب-التاسع/ف01-أ-المدخل-وبناء-الخطبة.md	313
[م٣-ب٩-ف١-مث٢٠]	[ب٩-ف١-مث٢٠]	المجلد-الثامن/الباب-التاسع/ف01-أ-المدخل-وبناء-الخطبة.md	321
[م٣-ب٩-ف١-مث٢١]	[ب٩-ف١-مث٢١]	المجلد-الثامن/الباب-التاسع/ف01-أ-المدخل-وبناء-الخطبة.md	325
[م٣-ب٩-ف١-مث٢٢]	[ب٩-ف١-مث٢٢]	المجلد-الثامن/الباب-التاسع/ف01-أ-المدخل-وبناء-الخطبة.md	329
[م٣-ب٩-ف١-مث٢٣]	[ب٩-ف١-مث٢٣]	المجلد-الثامن/الباب-التاسع/ف01-أ-المدخل-وبناء-الخطبة.md	354
[م٣-ب٩-ف١-مث٢٤]	[ب٩-ف١-مث٢٤]	المجلد-الثامن/الباب-التاسع/ف01-أ-المدخل-وبناء-الخطبة.md	358
[م٣-ب٩-ف١-مث٢٥]	[ب٩-ف١-مث٢٥]	المجلد-الثامن/الباب-التاسع/ف01-أ-المدخل-وبناء-الخطبة.md	362
[م٣-ب٩-ف١-مث٢٦]	[ب٩-ف١-مث٢٦]	المجلد-الثامن/الباب-التاسع/ف01-أ-المدخل-وبناء-الخطبة.md	366
[م٣-ب٩-ف١-مث٢٧]	[ب٩-ف١-مث٢٧]	المجلد-الثامن/الباب-التاسع/ف01-ب-العبارة-والصوت-والنموذج.md	92
[م٣-ب٩-ف١-مث٢٨]	[ب٩-ف١-مث٢٨]	المجلد-الثامن/الباب-التاسع/ف01-ب-العبارة-والصوت-والنموذج.md	98
[م٣-ب٩-ف١-مث٢٩]	[ب٩-ف١-مث٢٩]	المجلد-الثامن/الباب-التاسع/ف01-ب-العبارة-والصوت-والنموذج.md	104
[م٣-ب٩-ف١-مث٣٠]	[ب٩-ف١-مث٣٠]	المجلد-الثامن/الباب-التاسع/ف01-ب-العبارة-والصوت-والنموذج.md	110
[م٣-ب٩-ف١-مث٣١]	[ب٩-ف١-مث٣١]	المجلد-الثامن/الباب-التاسع/ف01-ب-العبارة-والصوت-والنموذج.md	114
[م٣-ب٩-ف١-مث٣٢]	[ب٩-ف١-مث٣٢]	المجلد-الثامن/الباب-التاسع/ف01-ب-العبارة-والصوت-والنموذج.md	120
[م٣-ب٩-ف١-مث٣٣]	[ب٩-ف١-مث٣٣]	المجلد-الثامن/الباب-التاسع/ف01-ب-العبارة-والصوت-والنموذج.md	126
[م٣-ب٩-ف١-مث٣٤]	[ب٩-ف١-مث٣٤]	المجلد-الثامن/الباب-التاسع/ف01-ب-العبارة-والصوت-والنموذج.md	132
[م٣-ب٩-ف١-مث٣٥]	[ب٩-ف١-مث٣٥]	المجلد-الثامن/الباب-التاسع/ف01-ب-العبارة-والصوت-والنموذج.md	136
[م٣-ب٩-ف١-مث٣٦]	[ب٩-ف١-مث٣٦]	المجلد-الثامن/الباب-التاسع/ف01-ب-العبارة-والصوت-والنموذج.md	144
[م٣-ب٩-ف١-مث٣٧]	[ب٩-ف١-مث٣٧]	المجلد-الثامن/الباب-التاسع/ف01-ب-العبارة-والصوت-والنموذج.md	154
[م٣-ب٩-ف١-مث٣٨]	[ب٩-ف١-مث٣٨]	المجلد-الثامن/الباب-التاسع/ف01-ب-العبارة-والصوت-والنموذج.md	160
[م٣-ب٩-ف١-مث٣٩]	[ب٩-ف١-مث٣٩]	المجلد-الثامن/الباب-التاسع/ف01-ب-العبارة-والصوت-والنموذج.md	166
[م٣-ب٩-ف١-مث٤٠]	[ب٩-ف١-مث٤٠]	المجلد-الثامن/الباب-التاسع/ف01-ب-العبارة-والصوت-والنموذج.md	172
[م٣-ب٩-ف١-مث٤١]	[ب٩-ف١-مث٤١]	المجلد-الثامن/الباب-التاسع/ف01-ب-العبارة-والصوت-والنموذج.md	240
[م٣-ب٩-ف١-مث٤٢]	[ب٩-ف١-مث٤٢]	المجلد-الثامن/الباب-التاسع/ف01-ب-العبارة-والصوت-والنموذج.md	244
[م٣-ب٩-ف١-مث٤٣]	[ب٩-ف١-مث٤٣]	المجلد-الثامن/الباب-التاسع/ف01-ب-العبارة-والصوت-والنموذج.md	248
[م٣-ب٩-ف١-مث٤٤]	[ب٩-ف١-مث٤٤]	المجلد-الثامن/الباب-التاسع/ف01-ب-العبارة-والصوت-والنموذج.md	252
[م٣-ب٩-ف١-مث٤٥]	[ب٩-ف١-مث٤٥]	المجلد-الثامن/الباب-التاسع/ف01-ب-العبارة-والصوت-والنموذج.md	256
[م٣-ب٩-ف١-مث٤٦]	[ب٩-ف١-مث٤٦]	المجلد-الثامن/الباب-التاسع/ف01-ب-العبارة-والصوت-والنموذج.md	260
[م٣-ب٩-ف١-مث٤٧]	[ب٩-ف١-مث٤٧]	المجلد-الثامن/الباب-التاسع/ف01-ب-العبارة-والصوت-والنموذج.md	295
[م٣-ب٩-ف٢-مث١]	[ب٩-ف٢-مث١]	المجلد-الثامن/الباب-التاسع/ف02-أ-المدخل-وبناء-المحاضرة.md	185
[م٣-ب٩-ف٢-مث٢]	[ب٩-ف٢-مث٢]	المجلد-الثامن/الباب-التاسع/ف02-أ-المدخل-وبناء-المحاضرة.md	189
[م٣-ب٩-ف٢-مث٣]	[ب٩-ف٢-مث٣]	المجلد-الثامن/الباب-التاسع/ف02-أ-المدخل-وبناء-المحاضرة.md	195
[م٣-ب٩-ف٢-مث٤]	[ب٩-ف٢-مث٤]	المجلد-الثامن/الباب-التاسع/ف02-أ-المدخل-وبناء-المحاضرة.md	199
[م٣-ب٩-ف٢-مث٥]	[ب٩-ف٢-مث٥]	المجلد-الثامن/الباب-التاسع/ف02-أ-المدخل-وبناء-المحاضرة.md	203
[م٣-ب٩-ف٢-مث٦]	[ب٩-ف٢-مث٦]	المجلد-الثامن/الباب-التاسع/ف02-أ-المدخل-وبناء-المحاضرة.md	207
[م٣-ب٩-ف٢-مث٧]	[ب٩-ف٢-مث٧]	المجلد-الثامن/الباب-التاسع/ف02-أ-المدخل-وبناء-المحاضرة.md	211
[م٣-ب٩-ف٢-مث٨]	[ب٩-ف٢-مث٨]	المجلد-الثامن/الباب-التاسع/ف02-أ-المدخل-وبناء-المحاضرة.md	215
[م٣-ب٩-ف٢-مث٩]	[ب٩-ف٢-مث٩]	المجلد-الثامن/الباب-التاسع/ف02-أ-المدخل-وبناء-المحاضرة.md	230
[م٣-ب٩-ف٢-مث١٠]	[ب٩-ف٢-مث١٠]	المجلد-الثامن/الباب-التاسع/ف02-أ-المدخل-وبناء-المحاضرة.md	234
[م٣-ب٩-ف٢-مث١١]	[ب٩-ف٢-مث١١]	المجلد-الثامن/الباب-التاسع/ف02-أ-المدخل-وبناء-المحاضرة.md	238
[م٣-ب٩-ف٢-مث١٢]	[ب٩-ف٢-مث١٢]	المجلد-الثامن/الباب-التاسع/ف02-أ-المدخل-وبناء-المحاضرة.md	242
[م٣-ب٩-ف٢-مث١٣]	[ب٩-ف٢-مث١٣]	المجلد-الثامن/الباب-التاسع/ف02-أ-المدخل-وبناء-المحاضرة.md	246
[م٣-ب٩-ف٢-مث١٤]	[ب٩-ف٢-مث١٤]	المجلد-الثامن/الباب-التاسع/ف02-أ-المدخل-وبناء-المحاضرة.md	278
[م٣-ب٩-ف٢-مث١٥]	[ب٩-ف٢-مث١٥]	المجلد-الثامن/الباب-التاسع/ف02-أ-المدخل-وبناء-المحاضرة.md	282
[م٣-ب٩-ف٢-مث١٦]	[ب٩-ف٢-مث١٦]	المجلد-الثامن/الباب-التاسع/ف02-أ-المدخل-وبناء-المحاضرة.md	286
[م٣-ب٩-ف٢-مث١٧]	[ب٩-ف٢-مث١٧]	المجلد-الثامن/الباب-التاسع/ف02-أ-المدخل-وبناء-المحاضرة.md	290
[م٣-ب٩-ف٢-مث١٨]	[ب٩-ف٢-مث١٨]	المجلد-الثامن/الباب-التاسع/ف02-أ-المدخل-وبناء-المحاضرة.md	294
[م٣-ب٩-ف٢-مث١٩]	[ب٩-ف٢-مث١٩]	المجلد-الثامن/الباب-التاسع/ف02-أ-المدخل-وبناء-المحاضرة.md	296
[م٣-ب٩-ف٢-مث٢٠]	[ب٩-ف٢-مث٢٠]	المجلد-الثامن/الباب-التاسع/ف02-أ-المدخل-وبناء-المحاضرة.md	298
[م٣-ب٩-ف٢-مث٢١]	[ب٩-ف٢-مث٢١]	المجلد-الثامن/الباب-التاسع/ف02-ب-الدرس-الثاني.md	63
[م٣-ب٩-ف٢-مث٢٢]	[ب٩-ف٢-مث٢٢]	المجلد-الثامن/الباب-التاسع/ف02-ب-الدرس-الثاني.md	67
[م٣-ب٩-ف٢-مث٢٣]	[ب٩-ف٢-مث٢٣]	المجلد-الثامن/الباب-التاسع/ف02-ب-الدرس-الثاني.md	71
[م٣-ب٩-ف٢-مث٢٤]	[ب٩-ف٢-مث٢٤]	المجلد-الثامن/الباب-التاسع/ف02-ب-الدرس-الثاني.md	79
[م٣-ب٩-ف٢-مث٢٥]	[ب٩-ف٢-مث٢٥]	المجلد-الثامن/الباب-التاسع/ف02-ب-الدرس-الثاني.md	83
[م٣-ب٩-ف٢-مث٢٦]	[ب٩-ف٢-مث٢٦]	المجلد-الثامن/الباب-التاسع/ف02-ب-الدرس-الثاني.md	87
[م٣-ب٩-ف٢-مث٢٧]	[ب٩-ف٢-مث٢٧]	المجلد-الثامن/الباب-التاسع/ف02-ب-الدرس-الثاني.md	134
[م٣-ب٩-ف٢-مث٢٨]	[ب٩-ف٢-مث٢٨]	المجلد-الثامن/الباب-التاسع/ف02-ب-الدرس-الثاني.md	138
[م٣-ب٩-ف٢-مث٢٩]	[ب٩-ف٢-مث٢٩]	المجلد-الثامن/الباب-التاسع/ف02-ب-الدرس-الثاني.md	142
[م٣-ب٩-ف٢-مث٣٠]	[ب٩-ف٢-مث٣٠]	المجلد-الثامن/الباب-التاسع/ف02-ب-الدرس-الثاني.md	150
[م٣-ب٩-ف٢-مث٣١]	[ب٩-ف٢-مث٣١]	المجلد-الثامن/الباب-التاسع/ف02-ب-الدرس-الثاني.md	154
[م٣-ب٩-ف٢-مث٣٢]	[ب٩-ف٢-مث٣٢]	المجلد-الثامن/الباب-التاسع/ف02-ب-الدرس-الثاني.md	158
[م٣-ب٩-ف٢-مث٣٣]	[ب٩-ف٢-مث٣٣]	المجلد-الثامن/الباب-التاسع/ف02-ب-الدرس-الثاني.md	162
[م٣-ب٩-ف٣-مث١]	[ب٩-ف٣-مث١]	المجلد-الثامن/الباب-التاسع/ف03-أ-المدخل-والدرس-الأول.md	120
[م٣-ب٩-ف٣-مث٢]	[ب٩-ف٣-مث٢]	المجلد-الثامن/الباب-التاسع/ف03-أ-المدخل-والدرس-الأول.md	124
[م٣-ب٩-ف٣-مث٣]	[ب٩-ف٣-مث٣]	المجلد-الثامن/الباب-التاسع/ف03-أ-المدخل-والدرس-الأول.md	128
[م٣-ب٩-ف٣-مث٤]	[ب٩-ف٣-مث٤]	المجلد-الثامن/الباب-التاسع/ف03-أ-المدخل-والدرس-الأول.md	132
[م٣-ب٩-ف٣-مث٥]	[ب٩-ف٣-مث٥]	المجلد-الثامن/الباب-التاسع/ف03-أ-المدخل-والدرس-الأول.md	136
[م٣-ب٩-ف٣-مث٦]	[ب٩-ف٣-مث٦]	المجلد-الثامن/الباب-التاسع/ف03-أ-المدخل-والدرس-الأول.md	140
[م٣-ب٩-ف٣-مث٧]	[ب٩-ف٣-مث٧]	المجلد-الثامن/الباب-التاسع/ف03-أ-المدخل-والدرس-الأول.md	144
[م٣-ب٩-ف٣-مث٨]	[ب٩-ف٣-مث٨]	المجلد-الثامن/الباب-التاسع/ف03-أ-المدخل-والدرس-الأول.md	195
[م٣-ب٩-ف٣-مث٩]	[ب٩-ف٣-مث٩]	المجلد-الثامن/الباب-التاسع/ف03-أ-المدخل-والدرس-الأول.md	199
[م٣-ب٩-ف٣-مث١٠]	[ب٩-ف٣-مث١٠]	المجلد-الثامن/الباب-التاسع/ف03-أ-المدخل-والدرس-الأول.md	203
[م٣-ب٩-ف٣-مث١١]	[ب٩-ف٣-مث١١]	المجلد-الثامن/الباب-التاسع/ف03-أ-المدخل-والدرس-الأول.md	207
[م٣-ب٩-ف٣-مث١٢]	[ب٩-ف٣-مث١٢]	المجلد-الثامن/الباب-التاسع/ف03-أ-المدخل-والدرس-الأول.md	211
[م٣-ب٩-ف٣-مث١٣]	[ب٩-ف٣-مث١٣]	المجلد-الثامن/الباب-التاسع/ف03-ب-الدرس-الثاني.md	69
[م٣-ب٩-ف٣-مث١٤]	[ب٩-ف٣-مث١٤]	المجلد-الثامن/الباب-التاسع/ف03-ب-الدرس-الثاني.md	73
[م٣-ب٩-ف٣-مث١٥]	[ب٩-ف٣-مث١٥]	المجلد-الثامن/الباب-التاسع/ف03-ب-الدرس-الثاني.md	77
[م٣-ب٩-ف٣-مث١٦]	[ب٩-ف٣-مث١٦]	المجلد-الثامن/الباب-التاسع/ف03-ب-الدرس-الثاني.md	81
[م٣-ب٩-ف٣-مث١٧]	[ب٩-ف٣-مث١٧]	المجلد-الثامن/الباب-التاسع/ف03-ب-الدرس-الثاني.md	103
[م٣-ب٩-ف٣-مث١٨]	[ب٩-ف٣-مث١٨]	المجلد-الثامن/الباب-التاسع/ف03-ب-الدرس-الثاني.md	107
[م٣-ب٩-ف٣-مث١٩]	[ب٩-ف٣-مث١٩]	المجلد-الثامن/الباب-التاسع/ف03-ب-الدرس-الثاني.md	158
[م٣-ب٩-ف٣-مث٢٠]	[ب٩-ف٣-مث٢٠]	المجلد-الثامن/الباب-التاسع/ف03-ب-الدرس-الثاني.md	162
[م٣-ب٩-ف٣-مث٢١]	[ب٩-ف٣-مث٢١]	المجلد-الثامن/الباب-التاسع/ف03-ب-الدرس-الثاني.md	166
[م٣-ب٩-ف٣-مث٢٢]	[ب٩-ف٣-مث٢٢]	المجلد-الثامن/الباب-التاسع/ف03-ب-الدرس-الثاني.md	170
[م٣-ب٩-ف٤-مث١]	[ب٩-ف٤-مث١]	المجلد-الثامن/الباب-التاسع/ف04-أ-المدخل-والدرس-الأول.md	163
[م٣-ب٩-ف٤-مث٢]	[ب٩-ف٤-مث٢]	المجلد-الثامن/الباب-التاسع/ف04-أ-المدخل-والدرس-الأول.md	167
[م٣-ب٩-ف٤-مث٣]	[ب٩-ف٤-مث٣]	المجلد-الثامن/الباب-التاسع/ف04-أ-المدخل-والدرس-الأول.md	171
[م٣-ب٩-ف٤-مث٤]	[ب٩-ف٤-مث٤]	المجلد-الثامن/الباب-التاسع/ف04-أ-المدخل-والدرس-الأول.md	179
[م٣-ب٩-ف٤-مث٥]	[ب٩-ف٤-مث٥]	المجلد-الثامن/الباب-التاسع/ف04-أ-المدخل-والدرس-الأول.md	183
[م٣-ب٩-ف٤-مث٦]	[ب٩-ف٤-مث٦]	المجلد-الثامن/الباب-التاسع/ف04-أ-المدخل-والدرس-الأول.md	187
[م٣-ب٩-ف٤-مث٧]	[ب٩-ف٤-مث٧]	المجلد-الثامن/الباب-التاسع/ف04-أ-المدخل-والدرس-الأول.md	195
[م٣-ب٩-ف٤-مث٨]	[ب٩-ف٤-مث٨]	المجلد-الثامن/الباب-التاسع/ف04-أ-المدخل-والدرس-الأول.md	199
[م٣-ب٩-ف٤-مث٩]	[ب٩-ف٤-مث٩]	المجلد-الثامن/الباب-التاسع/ف04-أ-المدخل-والدرس-الأول.md	203
[م٣-ب٩-ف٤-مث١٠]	[ب٩-ف٤-مث١٠]	المجلد-الثامن/الباب-التاسع/ف04-أ-المدخل-والدرس-الأول.md	211
[م٣-ب٩-ف٤-مث١١]	[ب٩-ف٤-مث١١]	المجلد-الثامن/الباب-التاسع/ف04-أ-المدخل-والدرس-الأول.md	215
[م٣-ب٩-ف٤-مث١٢]	[ب٩-ف٤-مث١٢]	المجلد-الثامن/الباب-التاسع/ف04-أ-المدخل-والدرس-الأول.md	219
[م٣-ب٩-ف٤-مث١٣]	[ب٩-ف٤-مث١٣]	المجلد-الثامن/الباب-التاسع/ف04-أ-المدخل-والدرس-الأول.md	227
[م٣-ب٩-ف٤-مث١٤]	[ب٩-ف٤-مث١٤]	المجلد-الثامن/الباب-التاسع/ف04-أ-المدخل-والدرس-الأول.md	232
[م٣-ب٩-ف٤-مث١٥]	[ب٩-ف٤-مث١٥]	المجلد-الثامن/الباب-التاسع/ف04-أ-المدخل-والدرس-الأول.md	236
[م٣-ب٩-ف٤-مث١٦]	[ب٩-ف٤-مث١٦]	المجلد-الثامن/الباب-التاسع/ف04-أ-المدخل-والدرس-الأول.md	244
[م٣-ب٩-ف٤-مث١٧]	[ب٩-ف٤-مث١٧]	المجلد-الثامن/الباب-التاسع/ف04-أ-المدخل-والدرس-الأول.md	262
[م٣-ب٩-ف٤-مث١٨]	[ب٩-ف٤-مث١٨]	المجلد-الثامن/الباب-التاسع/ف04-أ-المدخل-والدرس-الأول.md	287
[م٣-ب٩-ف٤-مث١٩]	[ب٩-ف٤-مث١٩]	المجلد-الثامن/الباب-التاسع/ف04-أ-المدخل-والدرس-الأول.md	291
[م٣-ب٩-ف٤-مث٢٠]	[ب٩-ف٤-مث٢٠]	المجلد-الثامن/الباب-التاسع/ف04-أ-المدخل-والدرس-الأول.md	307
[م٣-ب٩-ف٤-مث٢١]	[ب٩-ف٤-مث٢١]	المجلد-الثامن/الباب-التاسع/ف04-أ-المدخل-والدرس-الأول.md	311
[م٣-ب٩-ف٤-مث٢٢]	[ب٩-ف٤-مث٢٢]	المجلد-الثامن/الباب-التاسع/ف04-أ-المدخل-والدرس-الأول.md	315
[م٣-ب٩-ف٤-مث٢٣]	[ب٩-ف٤-مث٢٣]	المجلد-الثامن/الباب-التاسع/ف04-أ-المدخل-والدرس-الأول.md	319
[م٣-ب٩-ف٤-مث٢٤]	[ب٩-ف٤-مث٢٤]	المجلد-الثامن/الباب-التاسع/ف04-أ-المدخل-والدرس-الأول.md	323
[م٣-ب٩-ف٤-مث٢٥]	[ب٩-ف٤-مث٢٥]	المجلد-الثامن/الباب-التاسع/ف04-أ-المدخل-والدرس-الأول.md	332
[م٣-ب٩-ف٤-مث٢٦]	[ب٩-ف٤-مث٢٦]	المجلد-الثامن/الباب-التاسع/ف04-ب-الدرس-الثاني.md	101
[م٣-ب٩-ف٤-مث٢٧]	[ب٩-ف٤-مث٢٧]	المجلد-الثامن/الباب-التاسع/ف04-ب-الدرس-الثاني.md	105
[م٣-ب٩-ف٤-مث٢٨]	[ب٩-ف٤-مث٢٨]	المجلد-الثامن/الباب-التاسع/ف04-ب-الدرس-الثاني.md	109
[م٣-ب٩-ف٤-مث٢٩]	[ب٩-ف٤-مث٢٩]	المجلد-الثامن/الباب-التاسع/ف04-ب-الدرس-الثاني.md	113
[م٣-ب٩-ف٤-مث٣٠]	[ب٩-ف٤-مث٣٠]	المجلد-الثامن/الباب-التاسع/ف04-ب-الدرس-الثاني.md	117
[م٣-ب٩-ف٤-مث٣١]	[ب٩-ف٤-مث٣١]	المجلد-الثامن/الباب-التاسع/ف04-ب-الدرس-الثاني.md	121
[م٣-ب٩-ف٤-مث٣٢]	[ب٩-ف٤-مث٣٢]	المجلد-الثامن/الباب-التاسع/ف04-ب-الدرس-الثاني.md	125
[م٣-ب٩-ف٤-مث٣٣]	[ب٩-ف٤-مث٣٣]	المجلد-الثامن/الباب-التاسع/ف04-ب-الدرس-الثاني.md	129
[م٣-ب٩-ف٤-مث٣٤]	[ب٩-ف٤-مث٣٤]	المجلد-الثامن/الباب-التاسع/ف04-ب-الدرس-الثاني.md	134
[م٣-ب٩-ف٤-مث٣٥]	[ب٩-ف٤-مث٣٥]	المجلد-الثامن/الباب-التاسع/ف04-ب-الدرس-الثاني.md	139
[م٣-ب٩-ف٤-مث٣٦]	[ب٩-ف٤-مث٣٦]	المجلد-الثامن/الباب-التاسع/ف04-ب-الدرس-الثاني.md	175
[م٣-ب٩-ف٤-مث٣٧]	[ب٩-ف٤-مث٣٧]	المجلد-الثامن/الباب-التاسع/ف04-ب-الدرس-الثاني.md	180
[م٣-ب٩-ف٤-مث٣٨]	[ب٩-ف٤-مث٣٨]	المجلد-الثامن/الباب-التاسع/ف04-ب-الدرس-الثاني.md	184
[م٣-ب٩-ف٤-مث٣٩]	[ب٩-ف٤-مث٣٩]	المجلد-الثامن/الباب-التاسع/ف04-ب-الدرس-الثاني.md	188
[م٣-ب٩-ف٤-مث٤٠]	[ب٩-ف٤-مث٤٠]	المجلد-الثامن/الباب-التاسع/ف04-ب-الدرس-الثاني.md	193
[م٣-ب٩-ف٤-مث٤١]	[ب٩-ف٤-مث٤١]	المجلد-الثامن/الباب-التاسع/ف04-ب-الدرس-الثاني.md	198
[م٣-ب٩-ف٤-مث٤٢]	[ب٩-ف٤-مث٤٢]	المجلد-الثامن/الباب-التاسع/ف04-ب-الدرس-الثاني.md	203
[م٣-ب٩-ف٤-مث٤٣]	[ب٩-ف٤-مث٤٣]	المجلد-الثامن/الباب-التاسع/ف04-ب-الدرس-الثاني.md	215
[م٣-ب٩-ف٤-مث٤٤]	[ب٩-ف٤-مث٤٤]	المجلد-الثامن/الباب-التاسع/ف04-ب-الدرس-الثاني.md	219
[م٣-ب٩-ف٤-مث٤٥]	[ب٩-ف٤-مث٤٥]	المجلد-الثامن/الباب-التاسع/ف04-ب-الدرس-الثاني.md	223
[م٣-ب٩-ف٤-مث٤٦]	[ب٩-ف٤-مث٤٦]	المجلد-الثامن/الباب-التاسع/ف04-ب-الدرس-الثاني.md	243
[م٣-ب٩-ف٤-مث٤٧]	[ب٩-ف٤-مث٤٧]	المجلد-الثامن/الباب-التاسع/ف04-ب-الدرس-الثاني.md	247
[م٣-ب٩-ف٤-مث٤٨]	[ب٩-ف٤-مث٤٨]	المجلد-الثامن/الباب-التاسع/ف04-ب-الدرس-الثاني.md	266
[م٣-ب٩-ف٥-مث١]	[ب٩-ف٥-مث١]	المجلد-الثامن/الباب-التاسع/ف05-أ-العطل-وضيق-الوقت.md	115
[م٣-ب٩-ف٥-مث٢]	[ب٩-ف٥-مث٢]	المجلد-الثامن/الباب-التاسع/ف05-أ-العطل-وضيق-الوقت.md	119
[م٣-ب٩-ف٥-مث٣]	[ب٩-ف٥-مث٣]	المجلد-الثامن/الباب-التاسع/ف05-أ-العطل-وضيق-الوقت.md	123
[م٣-ب٩-ف٥-مث٤]	[ب٩-ف٥-مث٤]	المجلد-الثامن/الباب-التاسع/ف05-أ-العطل-وضيق-الوقت.md	127
[م٣-ب٩-ف٥-مث٥]	[ب٩-ف٥-مث٥]	المجلد-الثامن/الباب-التاسع/ف05-أ-العطل-وضيق-الوقت.md	177
[م٣-ب٩-ف٥-مث٦]	[ب٩-ف٥-مث٦]	المجلد-الثامن/الباب-التاسع/ف05-أ-العطل-وضيق-الوقت.md	181
[م٣-ب٩-ف٥-مث٧]	[ب٩-ف٥-مث٧]	المجلد-الثامن/الباب-التاسع/ف05-أ-العطل-وضيق-الوقت.md	185
[م٣-ب٩-ف٥-مث٨]	[ب٩-ف٥-مث٨]	المجلد-الثامن/الباب-التاسع/ف05-أ-العطل-وضيق-الوقت.md	195
[م٣-ب٩-ف٥-مث٩]	[ب٩-ف٥-مث٩]	المجلد-الثامن/الباب-التاسع/ف05-أ-العطل-وضيق-الوقت.md	199
[م٣-ب٩-ف٥-مث١٠]	[ب٩-ف٥-مث١٠]	المجلد-الثامن/الباب-التاسع/ف05-ب-الأسئلة-والتطبيق-الختامي.md	62
[م٣-ب٩-ف٥-مث١١]	[ب٩-ف٥-مث١١]	المجلد-الثامن/الباب-التاسع/ف05-ب-الأسئلة-والتطبيق-الختامي.md	66
[م٣-ب٩-ف٥-مث١٢]	[ب٩-ف٥-مث١٢]	المجلد-الثامن/الباب-التاسع/ف05-ب-الأسئلة-والتطبيق-الختامي.md	70
[م٣-ب٩-ف٥-مث١٣]	[ب٩-ف٥-مث١٣]	المجلد-الثامن/الباب-التاسع/ف05-ب-الأسئلة-والتطبيق-الختامي.md	120
[م٣-ب٩-ف٥-مث١٤]	[ب٩-ف٥-مث١٤]	المجلد-الثامن/الباب-التاسع/ف05-ب-الأسئلة-والتطبيق-الختامي.md	124
[م٣-ب٩-ف٥-مث١٥]	[ب٩-ف٥-مث١٥]	المجلد-الثامن/الباب-التاسع/ف05-ب-الأسئلة-والتطبيق-الختامي.md	128
[م٣-ب٩-ف٥-مث١٦]	[ب٩-ف٥-مث١٦]	المجلد-الثامن/الباب-التاسع/ف05-ب-الأسئلة-والتطبيق-الختامي.md	136
[م٣-ب٩-ف٥-مث١٧]	[ب٩-ف٥-مث١٧]	المجلد-الثامن/الباب-التاسع/ف05-ب-الأسئلة-والتطبيق-الختامي.md	140
[م٣-ب٩-ف٥-مث١٨]	[ب٩-ف٥-مث١٨]	المجلد-الثامن/الباب-التاسع/ف05-ب-الأسئلة-والتطبيق-الختامي.md	144
[م٣-ب٨-ف١-مث١]	[ب٨-ف١-مث١]	المجلد-الثامن/الباب-الثامن/ف01-أ-المدخل-والدخول-والجلوس.md	209
[م٣-ب٨-ف١-مث٢]	[ب٨-ف١-مث٢]	المجلد-الثامن/الباب-الثامن/ف01-أ-المدخل-والدخول-والجلوس.md	213
[م٣-ب٨-ف١-مث٣]	[ب٨-ف١-مث٣]	المجلد-الثامن/الباب-الثامن/ف01-أ-المدخل-والدخول-والجلوس.md	217
[م٣-ب٨-ف١-مث٤]	[ب٨-ف١-مث٤]	المجلد-الثامن/الباب-الثامن/ف01-أ-المدخل-والدخول-والجلوس.md	221
[م٣-ب٨-ف١-مث٥]	[ب٨-ف١-مث٥]	المجلد-الثامن/الباب-الثامن/ف01-أ-المدخل-والدخول-والجلوس.md	225
[م٣-ب٨-ف١-مث٦]	[ب٨-ف١-مث٦]	المجلد-الثامن/الباب-الثامن/ف01-أ-المدخل-والدخول-والجلوس.md	229
[م٣-ب٨-ف١-مث٧]	[ب٨-ف١-مث٧]	المجلد-الثامن/الباب-الثامن/ف01-أ-المدخل-والدخول-والجلوس.md	235
[م٣-ب٨-ف١-مث٨]	[ب٨-ف١-مث٨]	المجلد-الثامن/الباب-الثامن/ف01-أ-المدخل-والدخول-والجلوس.md	239
[م٣-ب٨-ف١-مث٩]	[ب٨-ف١-مث٩]	المجلد-الثامن/الباب-الثامن/ف01-أ-المدخل-والدخول-والجلوس.md	257
[م٣-ب٨-ف١-مث١٠]	[ب٨-ف١-مث١٠]	المجلد-الثامن/الباب-الثامن/ف01-أ-المدخل-والدخول-والجلوس.md	261
[م٣-ب٨-ف١-مث١١]	[ب٨-ف١-مث١١]	المجلد-الثامن/الباب-الثامن/ف01-أ-المدخل-والدخول-والجلوس.md	267
[م٣-ب٨-ف١-مث١٢]	[ب٨-ف١-مث١٢]	المجلد-الثامن/الباب-الثامن/ف01-أ-المدخل-والدخول-والجلوس.md	271
[م٣-ب٨-ف١-مث١٣]	[ب٨-ف١-مث١٣]	المجلد-الثامن/الباب-الثامن/ف01-أ-المدخل-والدخول-والجلوس.md	275
[م٣-ب٨-ف١-مث١٤]	[ب٨-ف١-مث١٤]	المجلد-الثامن/الباب-الثامن/ف01-أ-المدخل-والدخول-والجلوس.md	279
[م٣-ب٨-ف١-مث١٥]	[ب٨-ف١-مث١٥]	المجلد-الثامن/الباب-الثامن/ف01-أ-المدخل-والدخول-والجلوس.md	285
[م٣-ب٨-ف١-مث١٦]	[ب٨-ف١-مث١٦]	المجلد-الثامن/الباب-الثامن/ف01-أ-المدخل-والدخول-والجلوس.md	289
[م٣-ب٨-ف١-مث١٧]	[ب٨-ف١-مث١٧]	المجلد-الثامن/الباب-الثامن/ف01-أ-المدخل-والدخول-والجلوس.md	320
[م٣-ب٨-ف١-مث١٨]	[ب٨-ف١-مث١٨]	المجلد-الثامن/الباب-الثامن/ف01-أ-المدخل-والدخول-والجلوس.md	324
[م٣-ب٨-ف١-مث١٩]	[ب٨-ف١-مث١٩]	المجلد-الثامن/الباب-الثامن/ف01-أ-المدخل-والدخول-والجلوس.md	328
[م٣-ب٨-ف١-مث٢٠]	[ب٨-ف١-مث٢٠]	المجلد-الثامن/الباب-الثامن/ف01-أ-المدخل-والدخول-والجلوس.md	332
[م٣-ب٨-ف١-مث٢١]	[ب٨-ف١-مث٢١]	المجلد-الثامن/الباب-الثامن/ف01-أ-المدخل-والدخول-والجلوس.md	336
[م٣-ب٨-ف١-مث٢٢]	[ب٨-ف١-مث٢٢]	المجلد-الثامن/الباب-الثامن/ف01-أ-المدخل-والدخول-والجلوس.md	340
[م٣-ب٨-ف١-مث٢٣]	[ب٨-ف١-مث٢٣]	المجلد-الثامن/الباب-الثامن/ف01-أ-المدخل-والدخول-والجلوس.md	344
[م٣-ب٨-ف١-مث٢٤]	[ب٨-ف١-مث٢٤]	المجلد-الثامن/الباب-الثامن/ف01-أ-المدخل-والدخول-والجلوس.md	348
[م٣-ب٨-ف١-مث٢٥]	[ب٨-ف١-مث٢٥]	المجلد-الثامن/الباب-الثامن/ف01-ب-الكلام-في-المجلس.md	35
[م٣-ب٨-ف١-مث٢٦]	[ب٨-ف١-مث٢٦]	المجلد-الثامن/الباب-الثامن/ف01-ب-الكلام-في-المجلس.md	39
[م٣-ب٨-ف١-مث٢٧]	[ب٨-ف١-مث٢٧]	المجلد-الثامن/الباب-الثامن/ف01-ب-الكلام-في-المجلس.md	43
[م٣-ب٨-ف١-مث٢٨]	[ب٨-ف١-مث٢٨]	المجلد-الثامن/الباب-الثامن/ف01-ب-الكلام-في-المجلس.md	47
[م٣-ب٨-ف١-مث٢٩]	[ب٨-ف١-مث٢٩]	المجلد-الثامن/الباب-الثامن/ف01-ب-الكلام-في-المجلس.md	65
[م٣-ب٨-ف١-مث٣٠]	[ب٨-ف١-مث٣٠]	المجلد-الثامن/الباب-الثامن/ف01-ب-الكلام-في-المجلس.md	69
[م٣-ب٨-ف١-مث٣١]	[ب٨-ف١-مث٣١]	المجلد-الثامن/الباب-الثامن/ف01-ب-الكلام-في-المجلس.md	73
[م٣-ب٨-ف١-مث٣٢]	[ب٨-ف١-مث٣٢]	المجلد-الثامن/الباب-الثامن/ف01-ب-الكلام-في-المجلس.md	77
[م٣-ب٨-ف١-مث٣٣]	[ب٨-ف١-مث٣٣]	المجلد-الثامن/الباب-الثامن/ف01-ب-الكلام-في-المجلس.md	94
[م٣-ب٨-ف١-مث٣٤]	[ب٨-ف١-مث٣٤]	المجلد-الثامن/الباب-الثامن/ف01-ب-الكلام-في-المجلس.md	98
[م٣-ب٨-ف١-مث٣٥]	[ب٨-ف١-مث٣٥]	المجلد-الثامن/الباب-الثامن/ف01-ب-الكلام-في-المجلس.md	102
[م٣-ب٨-ف١-مث٣٦]	[ب٨-ف١-مث٣٦]	المجلد-الثامن/الباب-الثامن/ف01-ب-الكلام-في-المجلس.md	106
[م٣-ب٨-ف١-مث٣٧]	[ب٨-ف١-مث٣٧]	المجلد-الثامن/الباب-الثامن/ف01-ب-الكلام-في-المجلس.md	112
[م٣-ب٨-ف١-مث٣٨]	[ب٨-ف١-مث٣٨]	المجلد-الثامن/الباب-الثامن/ف01-ب-الكلام-في-المجلس.md	121
[م٣-ب٨-ف١-مث٣٩]	[ب٨-ف١-مث٣٩]	المجلد-الثامن/الباب-الثامن/ف01-ب-الكلام-في-المجلس.md	125
[م٣-ب٨-ف١-مث٤٠]	[ب٨-ف١-مث٤٠]	المجلد-الثامن/الباب-الثامن/ف01-ب-الكلام-في-المجلس.md	129
[م٣-ب٨-ف١-مث٤١]	[ب٨-ف١-مث٤١]	المجلد-الثامن/الباب-الثامن/ف01-ب-الكلام-في-المجلس.md	208
[م٣-ب٨-ف١-مث٤٢]	[ب٨-ف١-مث٤٢]	المجلد-الثامن/الباب-الثامن/ف01-ب-الكلام-في-المجلس.md	212
[م٣-ب٨-ف١-مث٤٣]	[ب٨-ف١-مث٤٣]	المجلد-الثامن/الباب-الثامن/ف01-ب-الكلام-في-المجلس.md	216
[م٣-ب٨-ف١-مث٤٤]	[ب٨-ف١-مث٤٤]	المجلد-الثامن/الباب-الثامن/ف01-ب-الكلام-في-المجلس.md	220
[م٣-ب٨-ف١-مث٤٥]	[ب٨-ف١-مث٤٥]	المجلد-الثامن/الباب-الثامن/ف01-ب-الكلام-في-المجلس.md	226
[م٣-ب٨-ف١-مث٤٦]	[ب٨-ف١-مث٤٦]	المجلد-الثامن/الباب-الثامن/ف01-ب-الكلام-في-المجلس.md	230
[م٣-ب٨-ف١-مث٤٧]	[ب٨-ف١-مث٤٧]	المجلد-الثامن/الباب-الثامن/ف01-ب-الكلام-في-المجلس.md	236
[م٣-ب٨-ف١-مث٤٨]	[ب٨-ف١-مث٤٨]	المجلد-الثامن/الباب-الثامن/ف01-ب-الكلام-في-المجلس.md	240
[م٣-ب٨-ف١-مث٤٩]	[ب٨-ف١-مث٤٩]	المجلد-الثامن/الباب-الثامن/ف01-ب-الكلام-في-المجلس.md	251
[م٣-ب٨-ف١-مث٥٠]	[ب٨-ف١-مث٥٠]	المجلد-الثامن/الباب-الثامن/ف01-ب-الكلام-في-المجلس.md	255
[م٣-ب٨-ف١-مث٥١]	[ب٨-ف١-مث٥١]	المجلد-الثامن/الباب-الثامن/ف01-ب-الكلام-في-المجلس.md	259
[م٣-ب٨-ف١-مث٥٢]	[ب٨-ف١-مث٥٢]	المجلد-الثامن/الباب-الثامن/ف01-ب-الكلام-في-المجلس.md	263
[م٣-ب٨-ف١-مث٥٣]	[ب٨-ف١-مث٥٣]	المجلد-الثامن/الباب-الثامن/ف01-ب-الكلام-في-المجلس.md	315
[م٣-ب٨-ف١-مث٥٤]	[ب٨-ف١-مث٥٤]	المجلد-الثامن/الباب-الثامن/ف01-ب-الكلام-في-المجلس.md	319
[م٣-ب٨-ف١-مث٥٥]	[ب٨-ف١-مث٥٥]	المجلد-الثامن/الباب-الثامن/ف01-ب-الكلام-في-المجلس.md	323
[م٣-ب٨-ف١-مث٥٦]	[ب٨-ف١-مث٥٦]	المجلد-الثامن/الباب-الثامن/ف01-ب-الكلام-في-المجلس.md	327
[م٣-ب٨-ف١-مث٥٧]	[ب٨-ف١-مث٥٧]	المجلد-الثامن/الباب-الثامن/ف01-ب-الكلام-في-المجلس.md	331
[م٣-ب٨-ف١-مث٥٨]	[ب٨-ف١-مث٥٨]	المجلد-الثامن/الباب-الثامن/ف01-ب-الكلام-في-المجلس.md	335
[م٣-ب٨-ف١-مث٥٩]	[ب٨-ف١-مث٥٩]	المجلد-الثامن/الباب-الثامن/ف01-ب-الكلام-في-المجلس.md	357
[م٣-ب٨-ف١-مث٦٠]	[ب٨-ف١-مث٦٠]	المجلد-الثامن/الباب-الثامن/ف01-ب-الكلام-في-المجلس.md	361
[م٣-ب٨-ف١-مث٦١]	[ب٨-ف١-مث٦١]	المجلد-الثامن/الباب-الثامن/ف01-ب-الكلام-في-المجلس.md	365
[م٣-ب٨-ف١-مث٦٢]	[ب٨-ف١-مث٦٢]	المجلد-الثامن/الباب-الثامن/ف01-ب-الكلام-في-المجلس.md	369
[م٣-ب٨-ف١-مث٦٣]	[ب٨-ف١-مث٦٣]	المجلد-الثامن/الباب-الثامن/ف01-ب-الكلام-في-المجلس.md	373
[م٣-ب٨-ف٢-مث١]	[ب٨-ف٢-مث١]	المجلد-الثامن/الباب-الثامن/ف02-أ-إظهار-العلم-ومخاطبة-الكبير.md	107
[م٣-ب٨-ف٢-مث٢]	[ب٨-ف٢-مث٢]	المجلد-الثامن/الباب-الثامن/ف02-أ-إظهار-العلم-ومخاطبة-الكبير.md	111
[م٣-ب٨-ف٢-مث٣]	[ب٨-ف٢-مث٣]	المجلد-الثامن/الباب-الثامن/ف02-أ-إظهار-العلم-ومخاطبة-الكبير.md	155
[م٣-ب٨-ف٢-مث٤]	[ب٨-ف٢-مث٤]	المجلد-الثامن/الباب-الثامن/ف02-أ-إظهار-العلم-ومخاطبة-الكبير.md	159
[م٣-ب٨-ف٢-مث٥]	[ب٨-ف٢-مث٥]	المجلد-الثامن/الباب-الثامن/ف02-أ-إظهار-العلم-ومخاطبة-الكبير.md	205
[م٣-ب٨-ف٢-مث٦]	[ب٨-ف٢-مث٦]	المجلد-الثامن/الباب-الثامن/ف02-أ-إظهار-العلم-ومخاطبة-الكبير.md	209
[م٣-ب٨-ف٢-مث٧]	[ب٨-ف٢-مث٧]	المجلد-الثامن/الباب-الثامن/ف02-ب-التصحيح-والمطالب-وحوار-ممتد.md	41
[م٣-ب٨-ف٢-مث٨]	[ب٨-ف٢-مث٨]	المجلد-الثامن/الباب-الثامن/ف02-ب-التصحيح-والمطالب-وحوار-ممتد.md	45
[م٣-ب٨-ف٢-مث٩]	[ب٨-ف٢-مث٩]	المجلد-الثامن/الباب-الثامن/ف02-ب-التصحيح-والمطالب-وحوار-ممتد.md	91
[م٣-ب٨-ف٢-مث١٠]	[ب٨-ف٢-مث١٠]	المجلد-الثامن/الباب-الثامن/ف02-ب-التصحيح-والمطالب-وحوار-ممتد.md	95
[م٣-ب٨-ف٢-مث١١]	[ب٨-ف٢-مث١١]	المجلد-الثامن/الباب-الثامن/ف02-ب-التصحيح-والمطالب-وحوار-ممتد.md	105
[م٣-ب٨-ف٢-مث١٢]	[ب٨-ف٢-مث١٢]	المجلد-الثامن/الباب-الثامن/ف02-ب-التصحيح-والمطالب-وحوار-ممتد.md	109
[م٣-ب٨-ف٢-مث١٣]	[ب٨-ف٢-مث١٣]	المجلد-الثامن/الباب-الثامن/ف02-ب-التصحيح-والمطالب-وحوار-ممتد.md	113
[م٣-ب٨-ف٢-مث١٤]	[ب٨-ف٢-مث١٤]	المجلد-الثامن/الباب-الثامن/ف02-ب-التصحيح-والمطالب-وحوار-ممتد.md	117
[م٣-ب٨-ف٢-مث١٥]	[ب٨-ف٢-مث١٥]	المجلد-الثامن/الباب-الثامن/ف02-ب-التصحيح-والمطالب-وحوار-ممتد.md	121
[م٣-ب٨-ف٣-مث١]	[ب٨-ف٣-مث١]	المجلد-الثامن/الباب-الثامن/ف03-ب-مقارنتان-وتطبيقات.md	91
[م٣-ب٨-ف٣-مث٢]	[ب٨-ف٣-مث٢]	المجلد-الثامن/الباب-الثامن/ف03-ب-مقارنتان-وتطبيقات.md	95
[م٣-ب٨-ف٣-مث٣]	[ب٨-ف٣-مث٣]	المجلد-الثامن/الباب-الثامن/ف03-ب-مقارنتان-وتطبيقات.md	99
[م٣-ب٨-ف٣-مث٤]	[ب٨-ف٣-مث٤]	المجلد-الثامن/الباب-الثامن/ف03-ب-مقارنتان-وتطبيقات.md	103
[م٣-ب٨-ف٣-مث٥]	[ب٨-ف٣-مث٥]	المجلد-الثامن/الباب-الثامن/ف03-ب-مقارنتان-وتطبيقات.md	107
[م٣-ب٨-ف٣-مث٦]	[ب٨-ف٣-مث٦]	المجلد-الثامن/الباب-الثامن/ف03-ب-مقارنتان-وتطبيقات.md	111
[م٣-ب٨-ف٣-مث٧]	[ب٨-ف٣-مث٧]	المجلد-الثامن/الباب-الثامن/ف03-ب-مقارنتان-وتطبيقات.md	115
[م٣-ب٨-ف٣-مث٨]	[ب٨-ف٣-مث٨]	المجلد-الثامن/الباب-الثامن/ف03-ب-مقارنتان-وتطبيقات.md	119
[م٣-ب٨-ف٣-مث٩]	[ب٨-ف٣-مث٩]	المجلد-الثامن/الباب-الثامن/ف03-ب-مقارنتان-وتطبيقات.md	123
[م٣-ب٨-ف٣-مث١٠]	[ب٨-ف٣-مث١٠]	المجلد-الثامن/الباب-الثامن/ف03-ب-مقارنتان-وتطبيقات.md	127
[م٣-ب٨-ف٣-مث١١]	[ب٨-ف٣-مث١١]	المجلد-الثامن/الباب-الثامن/ف03-ب-مقارنتان-وتطبيقات.md	131
[م٣-ب٨-ف٣-مث١٢]	[ب٨-ف٣-مث١٢]	المجلد-الثامن/الباب-الثامن/ف03-ب-مقارنتان-وتطبيقات.md	135
[م٣-ب٨-ف٣-مث١٣]	[ب٨-ف٣-مث١٣]	المجلد-الثامن/الباب-الثامن/ف03-ب-مقارنتان-وتطبيقات.md	139
[م٣-ب٨-ف٣-مث١٤]	[ب٨-ف٣-مث١٤]	المجلد-الثامن/الباب-الثامن/ف03-ب-مقارنتان-وتطبيقات.md	143
[م٣-ب٨-ف٣-مث١٥]	[ب٨-ف٣-مث١٥]	المجلد-الثامن/الباب-الثامن/ف03-ب-مقارنتان-وتطبيقات.md	147
[م٣-ب٨-ف٤-مث١]	[ب٨-ف٤-مث١]	المجلد-الثامن/الباب-الثامن/ف04-أ-المدخل-ومجلس-القسم.md	146
[م٣-ب٨-ف٤-مث٢]	[ب٨-ف٤-مث٢]	المجلد-الثامن/الباب-الثامن/ف04-أ-المدخل-ومجلس-القسم.md	150
[م٣-ب٨-ف٤-مث٣]	[ب٨-ف٤-مث٣]	المجلد-الثامن/الباب-الثامن/ف04-أ-المدخل-ومجلس-القسم.md	154
[م٣-ب٨-ف٤-مث٤]	[ب٨-ف٤-مث٤]	المجلد-الثامن/الباب-الثامن/ف04-أ-المدخل-ومجلس-القسم.md	158
[م٣-ب٨-ف٤-مث٥]	[ب٨-ف٤-مث٥]	المجلد-الثامن/الباب-الثامن/ف04-أ-المدخل-ومجلس-القسم.md	162
[م٣-ب٨-ف٤-مث٦]	[ب٨-ف٤-مث٦]	المجلد-الثامن/الباب-الثامن/ف04-أ-المدخل-ومجلس-القسم.md	166
[م٣-ب٨-ف٤-مث٧]	[ب٨-ف٤-مث٧]	المجلد-الثامن/الباب-الثامن/ف04-أ-المدخل-ومجلس-القسم.md	170
[م٣-ب٨-ف٤-مث٨]	[ب٨-ف٤-مث٨]	المجلد-الثامن/الباب-الثامن/ف04-أ-المدخل-ومجلس-القسم.md	174
[م٣-ب٨-ف٤-مث٩]	[ب٨-ف٤-مث٩]	المجلد-الثامن/الباب-الثامن/ف04-أ-المدخل-ومجلس-القسم.md	182
[م٣-ب٨-ف٤-مث١٠]	[ب٨-ف٤-مث١٠]	المجلد-الثامن/الباب-الثامن/ف04-أ-المدخل-ومجلس-القسم.md	186
[م٣-ب٨-ف٤-مث١١]	[ب٨-ف٤-مث١١]	المجلد-الثامن/الباب-الثامن/ف04-أ-المدخل-ومجلس-القسم.md	190
[م٣-ب٨-ف٤-مث١٢]	[ب٨-ف٤-مث١٢]	المجلد-الثامن/الباب-الثامن/ف04-أ-المدخل-ومجلس-القسم.md	194
[م٣-ب٨-ف٤-مث١٣]	[ب٨-ف٤-مث١٣]	المجلد-الثامن/الباب-الثامن/ف04-ب-مناقشة-الرسائل.md	75
[م٣-ب٨-ف٤-مث١٤]	[ب٨-ف٤-مث١٤]	المجلد-الثامن/الباب-الثامن/ف04-ب-مناقشة-الرسائل.md	79
[م٣-ب٨-ف٤-مث١٥]	[ب٨-ف٤-مث١٥]	المجلد-الثامن/الباب-الثامن/ف04-ب-مناقشة-الرسائل.md	83
[م٣-ب٨-ف٤-مث١٦]	[ب٨-ف٤-مث١٦]	المجلد-الثامن/الباب-الثامن/ف04-ب-مناقشة-الرسائل.md	118
[م٣-ب٨-ف٤-مث١٧]	[ب٨-ف٤-مث١٧]	المجلد-الثامن/الباب-الثامن/ف04-ب-مناقشة-الرسائل.md	122
[م٣-ب٨-ف٤-مث١٨]	[ب٨-ف٤-مث١٨]	المجلد-الثامن/الباب-الثامن/ف04-ب-مناقشة-الرسائل.md	126
[م٣-ب٨-ف٤-مث١٩]	[ب٨-ف٤-مث١٩]	المجلد-الثامن/الباب-الثامن/ف04-ب-مناقشة-الرسائل.md	130
[م٣-ب٨-ف٤-مث٢٠]	[ب٨-ف٤-مث٢٠]	المجلد-الثامن/الباب-الثامن/ف04-ب-مناقشة-الرسائل.md	138
[م٣-ب٨-ف٤-مث٢١]	[ب٨-ف٤-مث٢١]	المجلد-الثامن/الباب-الثامن/ف04-ب-مناقشة-الرسائل.md	142
[م٣-ب٨-ف٤-مث٢٢]	[ب٨-ف٤-مث٢٢]	المجلد-الثامن/الباب-الثامن/ف04-ب-مناقشة-الرسائل.md	146
[م٣-ب٨-ف٤-مث٢٣]	[ب٨-ف٤-مث٢٣]	المجلد-الثامن/الباب-الثامن/ف04-ب-مناقشة-الرسائل.md	150
[م٣-ب٨-ف٤-مث٢٤]	[ب٨-ف٤-مث٢٤]	المجلد-الثامن/الباب-الثامن/ف04-ب-مناقشة-الرسائل.md	158
[م٣-ب٨-ف٥-مث١]	[ب٨-ف٥-مث١]	المجلد-الثامن/الباب-الثامن/ف05-أ-المدخل-والتهنئة-والتعزية.md	107
[م٣-ب٨-ف٥-مث٢]	[ب٨-ف٥-مث٢]	المجلد-الثامن/الباب-الثامن/ف05-أ-المدخل-والتهنئة-والتعزية.md	111
[م٣-ب٨-ف٥-مث٣]	[ب٨-ف٥-مث٣]	المجلد-الثامن/الباب-الثامن/ف05-أ-المدخل-والتهنئة-والتعزية.md	115
[م٣-ب٨-ف٥-مث٤]	[ب٨-ف٥-مث٤]	المجلد-الثامن/الباب-الثامن/ف05-أ-المدخل-والتهنئة-والتعزية.md	119
[م٣-ب٨-ف٥-مث٥]	[ب٨-ف٥-مث٥]	المجلد-الثامن/الباب-الثامن/ف05-أ-المدخل-والتهنئة-والتعزية.md	123
[م٣-ب٨-ف٥-مث٦]	[ب٨-ف٥-مث٦]	المجلد-الثامن/الباب-الثامن/ف05-أ-المدخل-والتهنئة-والتعزية.md	157
[م٣-ب٨-ف٥-مث٧]	[ب٨-ف٥-مث٧]	المجلد-الثامن/الباب-الثامن/ف05-أ-المدخل-والتهنئة-والتعزية.md	161
[م٣-ب٨-ف٥-مث٨]	[ب٨-ف٥-مث٨]	المجلد-الثامن/الباب-الثامن/ف05-أ-المدخل-والتهنئة-والتعزية.md	165
[م٣-ب٨-ف٥-مث٩]	[ب٨-ف٥-مث٩]	المجلد-الثامن/الباب-الثامن/ف05-أ-المدخل-والتهنئة-والتعزية.md	169
[م٣-ب٨-ف٥-مث١٠]	[ب٨-ف٥-مث١٠]	المجلد-الثامن/الباب-الثامن/ف05-أ-المدخل-والتهنئة-والتعزية.md	173
[م٣-ب٨-ف٥-مث١١]	[ب٨-ف٥-مث١١]	المجلد-الثامن/الباب-الثامن/ف05-أ-المدخل-والتهنئة-والتعزية.md	177
[م٣-ب٨-ف٥-مث١٢]	[ب٨-ف٥-مث١٢]	المجلد-الثامن/الباب-الثامن/ف05-أ-المدخل-والتهنئة-والتعزية.md	181
[م٣-ب٨-ف٥-مث١٣]	[ب٨-ف٥-مث١٣]	المجلد-الثامن/الباب-الثامن/ف05-ب-عيادة-المريض-والزيارة.md	52
[م٣-ب٨-ف٥-مث١٤]	[ب٨-ف٥-مث١٤]	المجلد-الثامن/الباب-الثامن/ف05-ب-عيادة-المريض-والزيارة.md	56
[م٣-ب٨-ف٥-مث١٥]	[ب٨-ف٥-مث١٥]	المجلد-الثامن/الباب-الثامن/ف05-ب-عيادة-المريض-والزيارة.md	60
[م٣-ب٨-ف٥-مث١٦]	[ب٨-ف٥-مث١٦]	المجلد-الثامن/الباب-الثامن/ف05-ب-عيادة-المريض-والزيارة.md	64
[م٣-ب٨-ف٥-مث١٧]	[ب٨-ف٥-مث١٧]	المجلد-الثامن/الباب-الثامن/ف05-ب-عيادة-المريض-والزيارة.md	72
[م٣-ب٨-ف٥-مث١٨]	[ب٨-ف٥-مث١٨]	المجلد-الثامن/الباب-الثامن/ف05-ب-عيادة-المريض-والزيارة.md	76
[م٣-ب٨-ف٥-مث١٩]	[ب٨-ف٥-مث١٩]	المجلد-الثامن/الباب-الثامن/ف05-ب-عيادة-المريض-والزيارة.md	80
[م٣-ب٨-ف٥-مث٢٠]	[ب٨-ف٥-مث٢٠]	المجلد-الثامن/الباب-الثامن/ف05-ب-عيادة-المريض-والزيارة.md	88
[م٣-ب٨-ف٥-مث٢١]	[ب٨-ف٥-مث٢١]	المجلد-الثامن/الباب-الثامن/ف05-ب-عيادة-المريض-والزيارة.md	92
[م٣-ب٨-ف٥-مث٢٢]	[ب٨-ف٥-مث٢٢]	المجلد-الثامن/الباب-الثامن/ف05-ب-عيادة-المريض-والزيارة.md	96
[م٣-ب٨-ف٥-مث٢٣]	[ب٨-ف٥-مث٢٣]	المجلد-الثامن/الباب-الثامن/ف05-ب-عيادة-المريض-والزيارة.md	100
[م٣-ب٨-ف٥-مث٢٤]	[ب٨-ف٥-مث٢٤]	المجلد-الثامن/الباب-الثامن/ف05-ب-عيادة-المريض-والزيارة.md	104
[م١-ب٢-ف١-مث١]	[ب٢-ف١-مث١]	المجلد-الثاني/الباب-الثاني/ف01-أ-المدخل-والمخارج.md	271
[م١-ب٢-ف١-مث٢]	[ب٢-ف١-مث٢]	المجلد-الثاني/الباب-الثاني/ف01-أ-المدخل-والمخارج.md	277
[م١-ب٢-ف١-مث٣]	[ب٢-ف١-مث٣]	المجلد-الثاني/الباب-الثاني/ف01-أ-المدخل-والمخارج.md	283
[م١-ب٢-ف١-مث٤]	[ب٢-ف١-مث٤]	المجلد-الثاني/الباب-الثاني/ف01-أ-المدخل-والمخارج.md	287
[م١-ب٢-ف١-مث٥]	[ب٢-ف١-مث٥]	المجلد-الثاني/الباب-الثاني/ف01-أ-المدخل-والمخارج.md	293
[م١-ب٢-ف١-مث٦]	[ب٢-ف١-مث٦]	المجلد-الثاني/الباب-الثاني/ف01-أ-المدخل-والمخارج.md	297
[م١-ب٢-ف١-مث٧]	[ب٢-ف١-مث٧]	المجلد-الثاني/الباب-الثاني/ف01-أ-المدخل-والمخارج.md	301
[م١-ب٢-ف١-مث٨]	[ب٢-ف١-مث٨]	المجلد-الثاني/الباب-الثاني/ف01-أ-المدخل-والمخارج.md	309
[م١-ب٢-ف١-مث٩]	[ب٢-ف١-مث٩]	المجلد-الثاني/الباب-الثاني/ف01-أ-المدخل-والمخارج.md	313
[م١-ب٢-ف١-مث١٠]	[ب٢-ف١-مث١٠]	المجلد-الثاني/الباب-الثاني/ف01-أ-المدخل-والمخارج.md	317
[م١-ب٢-ف١-مث١١]	[ب٢-ف١-مث١١]	المجلد-الثاني/الباب-الثاني/ف01-أ-المدخل-والمخارج.md	323
[م١-ب٢-ف١-مث١٢]	[ب٢-ف١-مث١٢]	المجلد-الثاني/الباب-الثاني/ف01-أ-المدخل-والمخارج.md	329
[م١-ب٢-ف١-مث١٣]	[ب٢-ف١-مث١٣]	المجلد-الثاني/الباب-الثاني/ف01-أ-المدخل-والمخارج.md	333
[م١-ب٢-ف١-مث١٤]	[ب٢-ف١-مث١٤]	المجلد-الثاني/الباب-الثاني/ف01-أ-المدخل-والمخارج.md	337
[م١-ب٢-ف١-مث١٥]	[ب٢-ف١-مث١٥]	المجلد-الثاني/الباب-الثاني/ف01-أ-المدخل-والمخارج.md	344
[م١-ب٢-ف١-مث١٦]	[ب٢-ف١-مث١٦]	المجلد-الثاني/الباب-الثاني/ف01-أ-المدخل-والمخارج.md	348
[م١-ب٢-ف١-مث١٧]	[ب٢-ف١-مث١٧]	المجلد-الثاني/الباب-الثاني/ف01-أ-المدخل-والمخارج.md	352
[م١-ب٢-ف١-مث١٨]	[ب٢-ف١-مث١٨]	المجلد-الثاني/الباب-الثاني/ف01-أ-المدخل-والمخارج.md	356
[م١-ب٢-ف١-مث١٩]	[ب٢-ف١-مث١٩]	المجلد-الثاني/الباب-الثاني/ف01-أ-المدخل-والمخارج.md	364
[م١-ب٢-ف١-مث٢٠]	[ب٢-ف١-مث٢٠]	المجلد-الثاني/الباب-الثاني/ف01-أ-المدخل-والمخارج.md	368
[م١-ب٢-ف١-مث٢١]	[ب٢-ف١-مث٢١]	المجلد-الثاني/الباب-الثاني/ف01-أ-المدخل-والمخارج.md	374
[م١-ب٢-ف١-مث٢٢]	[ب٢-ف١-مث٢٢]	المجلد-الثاني/الباب-الثاني/ف01-أ-المدخل-والمخارج.md	380
[م١-ب٢-ف١-مث٢٣]	[ب٢-ف١-مث٢٣]	المجلد-الثاني/الباب-الثاني/ف01-أ-المدخل-والمخارج.md	391
[م١-ب٢-ف١-مث٢٤]	[ب٢-ف١-مث٢٤]	المجلد-الثاني/الباب-الثاني/ف01-أ-المدخل-والمخارج.md	393
[م١-ب٢-ف١-مث٢٥]	[ب٢-ف١-مث٢٥]	المجلد-الثاني/الباب-الثاني/ف01-أ-المدخل-والمخارج.md	395
[م١-ب٢-ف١-مث٢٦]	[ب٢-ف١-مث٢٦]	المجلد-الثاني/الباب-الثاني/ف01-أ-المدخل-والمخارج.md	397
[م١-ب٢-ف١-مث٢٧]	[ب٢-ف١-مث٢٧]	المجلد-الثاني/الباب-الثاني/ف01-أ-المدخل-والمخارج.md	399
[م١-ب٢-ف١-مث٢٨]	[ب٢-ف١-مث٢٨]	المجلد-الثاني/الباب-الثاني/ف01-أ-المدخل-والمخارج.md	403
[م١-ب٢-ف٢-مث١]	[ب٢-ف٢-مث١]	المجلد-الثاني/الباب-الثاني/ف02-أ-المدخل-والصفات.md	221
[م١-ب٢-ف٢-مث٢]	[ب٢-ف٢-مث٢]	المجلد-الثاني/الباب-الثاني/ف02-أ-المدخل-والصفات.md	227
[م١-ب٢-ف٢-مث٣]	[ب٢-ف٢-مث٣]	المجلد-الثاني/الباب-الثاني/ف02-أ-المدخل-والصفات.md	231
[م١-ب٢-ف٢-مث٤]	[ب٢-ف٢-مث٤]	المجلد-الثاني/الباب-الثاني/ف02-أ-المدخل-والصفات.md	235
[م١-ب٢-ف٢-مث٥]	[ب٢-ف٢-مث٥]	المجلد-الثاني/الباب-الثاني/ف02-أ-المدخل-والصفات.md	239
[م١-ب٢-ف٢-مث٦]	[ب٢-ف٢-مث٦]	المجلد-الثاني/الباب-الثاني/ف02-أ-المدخل-والصفات.md	245
[م١-ب٢-ف٢-مث٧]	[ب٢-ف٢-مث٧]	المجلد-الثاني/الباب-الثاني/ف02-أ-المدخل-والصفات.md	251
[م١-ب٢-ف٢-مث٨]	[ب٢-ف٢-مث٨]	المجلد-الثاني/الباب-الثاني/ف02-أ-المدخل-والصفات.md	259
[م١-ب٢-ف٢-مث٩]	[ب٢-ف٢-مث٩]	المجلد-الثاني/الباب-الثاني/ف02-أ-المدخل-والصفات.md	263
[م١-ب٢-ف٢-مث١٠]	[ب٢-ف٢-مث١٠]	المجلد-الثاني/الباب-الثاني/ف02-أ-المدخل-والصفات.md	267
[م١-ب٢-ف٢-مث١١]	[ب٢-ف٢-مث١١]	المجلد-الثاني/الباب-الثاني/ف02-أ-المدخل-والصفات.md	271
[م١-ب٢-ف٢-مث١٢]	[ب٢-ف٢-مث١٢]	المجلد-الثاني/الباب-الثاني/ف02-أ-المدخل-والصفات.md	275
[م١-ب٢-ف٢-مث١٣]	[ب٢-ف٢-مث١٣]	المجلد-الثاني/الباب-الثاني/ف02-أ-المدخل-والصفات.md	279
[م١-ب٢-ف٢-مث١٤]	[ب٢-ف٢-مث١٤]	المجلد-الثاني/الباب-الثاني/ف02-أ-المدخل-والصفات.md	285
[م١-ب٢-ف٢-مث١٥]	[ب٢-ف٢-مث١٥]	المجلد-الثاني/الباب-الثاني/ف02-أ-المدخل-والصفات.md	292
[م١-ب٢-ف٢-مث١٦]	[ب٢-ف٢-مث١٦]	المجلد-الثاني/الباب-الثاني/ف02-أ-المدخل-والصفات.md	296
[م١-ب٢-ف٢-مث١٧]	[ب٢-ف٢-مث١٧]	المجلد-الثاني/الباب-الثاني/ف02-أ-المدخل-والصفات.md	302
[م١-ب٢-ف٢-مث١٨]	[ب٢-ف٢-مث١٨]	المجلد-الثاني/الباب-الثاني/ف02-أ-المدخل-والصفات.md	306
[م١-ب٢-ف٢-مث١٩]	[ب٢-ف٢-مث١٩]	المجلد-الثاني/الباب-الثاني/ف02-أ-المدخل-والصفات.md	314
[م١-ب٢-ف٢-مث٢٠]	[ب٢-ف٢-مث٢٠]	المجلد-الثاني/الباب-الثاني/ف02-أ-المدخل-والصفات.md	318
[م١-ب٢-ف٢-مث٢١]	[ب٢-ف٢-مث٢١]	المجلد-الثاني/الباب-الثاني/ف02-أ-المدخل-والصفات.md	326
[م١-ب٢-ف٢-مث٢٢]	[ب٢-ف٢-مث٢٢]	المجلد-الثاني/الباب-الثاني/ف02-أ-المدخل-والصفات.md	330
[م١-ب٢-ف٢-مث٢٣]	[ب٢-ف٢-مث٢٣]	المجلد-الثاني/الباب-الثاني/ف02-أ-المدخل-والصفات.md	334
[م١-ب٢-ف٢-مث٢٤]	[ب٢-ف٢-مث٢٤]	المجلد-الثاني/الباب-الثاني/ف02-أ-المدخل-والصفات.md	342
[م١-ب٢-ف٢-مث٢٥]	[ب٢-ف٢-مث٢٥]	المجلد-الثاني/الباب-الثاني/ف02-أ-المدخل-والصفات.md	344
[م١-ب٢-ف٢-مث٢٦]	[ب٢-ف٢-مث٢٦]	المجلد-الثاني/الباب-الثاني/ف02-أ-المدخل-والصفات.md	346
[م١-ب٢-ف٢-مث٢٧]	[ب٢-ف٢-مث٢٧]	المجلد-الثاني/الباب-الثاني/ف02-أ-المدخل-والصفات.md	348
[م١-ب٢-ف٢-مث٢٨]	[ب٢-ف٢-مث٢٨]	المجلد-الثاني/الباب-الثاني/ف02-أ-المدخل-والصفات.md	350
[م١-ب٢-ف٢-مث٢٩]	[ب٢-ف٢-مث٢٩]	المجلد-الثاني/الباب-الثاني/ف02-أ-المدخل-والصفات.md	354
[م١-ب٢-ف٣-مث١]	[ب٢-ف٣-مث١]	المجلد-الثاني/الباب-الثاني/ف03-ب-الدرس-الثاني-والأزواج.md	86
[م١-ب٢-ف٣-مث٢]	[ب٢-ف٣-مث٢]	المجلد-الثاني/الباب-الثاني/ف03-ب-الدرس-الثاني-والأزواج.md	92
[م١-ب٢-ف٣-مث٣]	[ب٢-ف٣-مث٣]	المجلد-الثاني/الباب-الثاني/ف03-ب-الدرس-الثاني-والأزواج.md	96
[م١-ب٢-ف٣-مث٤]	[ب٢-ف٣-مث٤]	المجلد-الثاني/الباب-الثاني/ف03-ب-الدرس-الثاني-والأزواج.md	102
[م١-ب٢-ف٣-مث٥]	[ب٢-ف٣-مث٥]	المجلد-الثاني/الباب-الثاني/ف03-ب-الدرس-الثاني-والأزواج.md	110
[م١-ب٢-ف٣-مث٦]	[ب٢-ف٣-مث٦]	المجلد-الثاني/الباب-الثاني/ف03-ب-الدرس-الثاني-والأزواج.md	114
[م١-ب٢-ف٣-مث٧]	[ب٢-ف٣-مث٧]	المجلد-الثاني/الباب-الثاني/ف03-ب-الدرس-الثاني-والأزواج.md	120
[م١-ب٢-ف٣-مث٨]	[ب٢-ف٣-مث٨]	المجلد-الثاني/الباب-الثاني/ف03-ب-الدرس-الثاني-والأزواج.md	128
[م١-ب٢-ف٣-مث٩]	[ب٢-ف٣-مث٩]	المجلد-الثاني/الباب-الثاني/ف03-ب-الدرس-الثاني-والأزواج.md	134
[م١-ب٢-ف٣-مث١٠]	[ب٢-ف٣-مث١٠]	المجلد-الثاني/الباب-الثاني/ف03-ب-الدرس-الثاني-والأزواج.md	140
[م١-ب٢-ف٣-مث١١]	[ب٢-ف٣-مث١١]	المجلد-الثاني/الباب-الثاني/ف03-ب-الدرس-الثاني-والأزواج.md	146
[م١-ب٢-ف٣-مث١٢]	[ب٢-ف٣-مث١٢]	المجلد-الثاني/الباب-الثاني/ف03-ب-الدرس-الثاني-والأزواج.md	150
[م١-ب٢-ف٣-مث١٣]	[ب٢-ف٣-مث١٣]	المجلد-الثاني/الباب-الثاني/ف03-ب-الدرس-الثاني-والأزواج.md	154
[م١-ب٢-ف٣-مث١٤]	[ب٢-ف٣-مث١٤]	المجلد-الثاني/الباب-الثاني/ف03-ب-الدرس-الثاني-والأزواج.md	161
[م١-ب٢-ف٣-مث١٥]	[ب٢-ف٣-مث١٥]	المجلد-الثاني/الباب-الثاني/ف03-ب-الدرس-الثاني-والأزواج.md	165
[م١-ب٢-ف٣-مث١٦]	[ب٢-ف٣-مث١٦]	المجلد-الثاني/الباب-الثاني/ف03-ب-الدرس-الثاني-والأزواج.md	173
[م١-ب٢-ف٣-مث١٧]	[ب٢-ف٣-مث١٧]	المجلد-الثاني/الباب-الثاني/ف03-ب-الدرس-الثاني-والأزواج.md	181
[م١-ب٢-ف٤-مث١]	[ب٢-ف٤-مث١]	المجلد-الثاني/الباب-الثاني/ف04-أ-المدخل-والأزواج.md	196
[م١-ب٢-ف٤-مث٢]	[ب٢-ف٤-مث٢]	المجلد-الثاني/الباب-الثاني/ف04-أ-المدخل-والأزواج.md	200
[م١-ب٢-ف٤-مث٣]	[ب٢-ف٤-مث٣]	المجلد-الثاني/الباب-الثاني/ف04-أ-المدخل-والأزواج.md	204
[م١-ب٢-ف٤-مث٤]	[ب٢-ف٤-مث٤]	المجلد-الثاني/الباب-الثاني/ف04-أ-المدخل-والأزواج.md	208
[م١-ب٢-ف٤-مث٥]	[ب٢-ف٤-مث٥]	المجلد-الثاني/الباب-الثاني/ف04-أ-المدخل-والأزواج.md	214
[م١-ب٢-ف٤-مث٦]	[ب٢-ف٤-مث٦]	المجلد-الثاني/الباب-الثاني/ف04-أ-المدخل-والأزواج.md	220
[م١-ب٢-ف٤-مث٧]	[ب٢-ف٤-مث٧]	المجلد-الثاني/الباب-الثاني/ف04-أ-المدخل-والأزواج.md	224
[م١-ب٢-ف٤-مث٨]	[ب٢-ف٤-مث٨]	المجلد-الثاني/الباب-الثاني/ف04-أ-المدخل-والأزواج.md	228
[م١-ب٢-ف٤-مث٩]	[ب٢-ف٤-مث٩]	المجلد-الثاني/الباب-الثاني/ف04-أ-المدخل-والأزواج.md	232
[م١-ب٢-ف٤-مث١٠]	[ب٢-ف٤-مث١٠]	المجلد-الثاني/الباب-الثاني/ف04-أ-المدخل-والأزواج.md	238
[م١-ب٢-ف٤-مث١١]	[ب٢-ف٤-مث١١]	المجلد-الثاني/الباب-الثاني/ف04-أ-المدخل-والأزواج.md	244
[م١-ب٢-ف٤-مث١٢]	[ب٢-ف٤-مث١٢]	المجلد-الثاني/الباب-الثاني/ف04-أ-المدخل-والأزواج.md	248
[م١-ب٢-ف٤-مث١٣]	[ب٢-ف٤-مث١٣]	المجلد-الثاني/الباب-الثاني/ف04-أ-المدخل-والأزواج.md	254
[م١-ب٢-ف٤-مث١٤]	[ب٢-ف٤-مث١٤]	المجلد-الثاني/الباب-الثاني/ف04-أ-المدخل-والأزواج.md	260
[م١-ب٢-ف٤-مث١٥]	[ب٢-ف٤-مث١٥]	المجلد-الثاني/الباب-الثاني/ف04-أ-المدخل-والأزواج.md	264
[م١-ب٢-ف٤-مث١٦]	[ب٢-ف٤-مث١٦]	المجلد-الثاني/الباب-الثاني/ف04-أ-المدخل-والأزواج.md	270
[م١-ب٢-ف٤-مث١٧]	[ب٢-ف٤-مث١٧]	المجلد-الثاني/الباب-الثاني/ف04-أ-المدخل-والأزواج.md	276
[م١-ب٢-ف٤-مث١٨]	[ب٢-ف٤-مث١٨]	المجلد-الثاني/الباب-الثاني/ف04-أ-المدخل-والأزواج.md	284
[م١-ب٢-ف٥-مث١]	[ب٢-ف٥-مث١]	المجلد-الثاني/الباب-الثاني/ف05-ب-الدرس-الثاني-والأزواج.md	86
[م١-ب٢-ف٥-مث٢]	[ب٢-ف٥-مث٢]	المجلد-الثاني/الباب-الثاني/ف05-ب-الدرس-الثاني-والأزواج.md	90
[م١-ب٢-ف٥-مث٣]	[ب٢-ف٥-مث٣]	المجلد-الثاني/الباب-الثاني/ف05-ب-الدرس-الثاني-والأزواج.md	96
[م١-ب٢-ف٥-مث٤]	[ب٢-ف٥-مث٤]	المجلد-الثاني/الباب-الثاني/ف05-ب-الدرس-الثاني-والأزواج.md	100
[م١-ب٢-ف٥-مث٥]	[ب٢-ف٥-مث٥]	المجلد-الثاني/الباب-الثاني/ف05-ب-الدرس-الثاني-والأزواج.md	108
[م١-ب٢-ف٥-مث٦]	[ب٢-ف٥-مث٦]	المجلد-الثاني/الباب-الثاني/ف05-ب-الدرس-الثاني-والأزواج.md	112
[م١-ب٢-ف٥-مث٧]	[ب٢-ف٥-مث٧]	المجلد-الثاني/الباب-الثاني/ف05-ب-الدرس-الثاني-والأزواج.md	116
[م١-ب٢-ف٥-مث٨]	[ب٢-ف٥-مث٨]	المجلد-الثاني/الباب-الثاني/ف05-ب-الدرس-الثاني-والأزواج.md	120
[م١-ب٢-ف٥-مث٩]	[ب٢-ف٥-مث٩]	المجلد-الثاني/الباب-الثاني/ف05-ب-الدرس-الثاني-والأزواج.md	126
[م١-ب٢-ف٥-مث١٠]	[ب٢-ف٥-مث١٠]	المجلد-الثاني/الباب-الثاني/ف05-ب-الدرس-الثاني-والأزواج.md	132
[م١-ب٢-ف٥-مث١١]	[ب٢-ف٥-مث١١]	المجلد-الثاني/الباب-الثاني/ف05-ب-الدرس-الثاني-والأزواج.md	136
[م١-ب٢-ف٥-مث١٢]	[ب٢-ف٥-مث١٢]	المجلد-الثاني/الباب-الثاني/ف05-ب-الدرس-الثاني-والأزواج.md	140
[م١-ب٢-ف٥-مث١٣]	[ب٢-ف٥-مث١٣]	المجلد-الثاني/الباب-الثاني/ف05-ب-الدرس-الثاني-والأزواج.md	146
[م١-ب٢-ف٥-مث١٤]	[ب٢-ف٥-مث١٤]	المجلد-الثاني/الباب-الثاني/ف05-ب-الدرس-الثاني-والأزواج.md	152
[م١-ب٢-ف٥-مث١٥]	[ب٢-ف٥-مث١٥]	المجلد-الثاني/الباب-الثاني/ف05-ب-الدرس-الثاني-والأزواج.md	160
[م١-ب٢-ف٦-مث١]	[ب٢-ف٦-مث١]	المجلد-الثاني/الباب-الثاني/ف06-أ-المدخل-وحروف-الذلاقة.md	220
[م١-ب٢-ف٦-مث٢]	[ب٢-ف٦-مث٢]	المجلد-الثاني/الباب-الثاني/ف06-أ-المدخل-وحروف-الذلاقة.md	224
[م١-ب٢-ف٦-مث٣]	[ب٢-ف٦-مث٣]	المجلد-الثاني/الباب-الثاني/ف06-أ-المدخل-وحروف-الذلاقة.md	230
[م١-ب٢-ف٦-مث٤]	[ب٢-ف٦-مث٤]	المجلد-الثاني/الباب-الثاني/ف06-أ-المدخل-وحروف-الذلاقة.md	236
[م١-ب٢-ف٦-مث٥]	[ب٢-ف٦-مث٥]	المجلد-الثاني/الباب-الثاني/ف06-أ-المدخل-وحروف-الذلاقة.md	240
[م١-ب٢-ف٦-مث٦]	[ب٢-ف٦-مث٦]	المجلد-الثاني/الباب-الثاني/ف06-أ-المدخل-وحروف-الذلاقة.md	246
[م١-ب٢-ف٦-مث٧]	[ب٢-ف٦-مث٧]	المجلد-الثاني/الباب-الثاني/ف06-أ-المدخل-وحروف-الذلاقة.md	250
[م١-ب٢-ف٦-مث٨]	[ب٢-ف٦-مث٨]	المجلد-الثاني/الباب-الثاني/ف06-أ-المدخل-وحروف-الذلاقة.md	254
[م١-ب٢-ف٦-مث٩]	[ب٢-ف٦-مث٩]	المجلد-الثاني/الباب-الثاني/ف06-أ-المدخل-وحروف-الذلاقة.md	258
[م١-ب٢-ف٦-مث١٠]	[ب٢-ف٦-مث١٠]	المجلد-الثاني/الباب-الثاني/ف06-أ-المدخل-وحروف-الذلاقة.md	264
[م١-ب٢-ف٦-مث١١]	[ب٢-ف٦-مث١١]	المجلد-الثاني/الباب-الثاني/ف06-أ-المدخل-وحروف-الذلاقة.md	272
[م١-ب٢-ف٦-مث١٢]	[ب٢-ف٦-مث١٢]	المجلد-الثاني/الباب-الثاني/ف06-أ-المدخل-وحروف-الذلاقة.md	276
[م١-ب٢-ف٦-مث١٣]	[ب٢-ف٦-مث١٣]	المجلد-الثاني/الباب-الثاني/ف06-أ-المدخل-وحروف-الذلاقة.md	280
[م١-ب٢-ف٦-مث١٤]	[ب٢-ف٦-مث١٤]	المجلد-الثاني/الباب-الثاني/ف06-أ-المدخل-وحروف-الذلاقة.md	284
[م١-ب٢-ف٦-مث١٥]	[ب٢-ف٦-مث١٥]	المجلد-الثاني/الباب-الثاني/ف06-أ-المدخل-وحروف-الذلاقة.md	290
[م١-ب٢-ف٧-مث١]	[ب٢-ف٧-مث١]	المجلد-الثاني/الباب-الثاني/ف07-أ-المدخل-والدرسان.md	221
[م١-ب٢-ف٧-مث٢]	[ب٢-ف٧-مث٢]	المجلد-الثاني/الباب-الثاني/ف07-أ-المدخل-والدرسان.md	226
[م١-ب٢-ف٧-مث٣]	[ب٢-ف٧-مث٣]	المجلد-الثاني/الباب-الثاني/ف07-أ-المدخل-والدرسان.md	230
[م١-ب٢-ف٧-مث٤]	[ب٢-ف٧-مث٤]	المجلد-الثاني/الباب-الثاني/ف07-أ-المدخل-والدرسان.md	235
[م١-ب٢-ف٧-مث٥]	[ب٢-ف٧-مث٥]	المجلد-الثاني/الباب-الثاني/ف07-أ-المدخل-والدرسان.md	239
[م١-ب٢-ف٧-مث٦]	[ب٢-ف٧-مث٦]	المجلد-الثاني/الباب-الثاني/ف07-أ-المدخل-والدرسان.md	245
[م١-ب٢-ف٧-مث٧]	[ب٢-ف٧-مث٧]	المجلد-الثاني/الباب-الثاني/ف07-أ-المدخل-والدرسان.md	250
[م١-ب٢-ف٧-مث٨]	[ب٢-ف٧-مث٨]	المجلد-الثاني/الباب-الثاني/ف07-أ-المدخل-والدرسان.md	254
[م١-ب٢-ف٧-مث٩]	[ب٢-ف٧-مث٩]	المجلد-الثاني/الباب-الثاني/ف07-أ-المدخل-والدرسان.md	258
[م١-ب٢-ف٧-مث١٠]	[ب٢-ف٧-مث١٠]	المجلد-الثاني/الباب-الثاني/ف07-أ-المدخل-والدرسان.md	265
[م١-ب٢-ف٧-مث١١]	[ب٢-ف٧-مث١١]	المجلد-الثاني/الباب-الثاني/ف07-أ-المدخل-والدرسان.md	270
[م١-ب٢-ف٧-مث١٢]	[ب٢-ف٧-مث١٢]	المجلد-الثاني/الباب-الثاني/ف07-أ-المدخل-والدرسان.md	274
[م١-ب٢-ف٧-مث١٣]	[ب٢-ف٧-مث١٣]	المجلد-الثاني/الباب-الثاني/ف07-أ-المدخل-والدرسان.md	278
[م١-ب٢-ف٧-مث١٤]	[ب٢-ف٧-مث١٤]	المجلد-الثاني/الباب-الثاني/ف07-أ-المدخل-والدرسان.md	284
[م١-ب٢-ف٧-مث١٥]	[ب٢-ف٧-مث١٥]	المجلد-الثاني/الباب-الثاني/ف07-أ-المدخل-والدرسان.md	289
[م١-ب٢-ف٧-مث١٦]	[ب٢-ف٧-مث١٦]	المجلد-الثاني/الباب-الثاني/ف07-أ-المدخل-والدرسان.md	296
[م١-ب٢-ف٧-مث١٧]	[ب٢-ف٧-مث١٧]	المجلد-الثاني/الباب-الثاني/ف07-أ-المدخل-والدرسان.md	298
[م١-ب٢-ف٧-مث١٨]	[ب٢-ف٧-مث١٨]	المجلد-الثاني/الباب-الثاني/ف07-أ-المدخل-والدرسان.md	300
[م١-ب٢-ف٧-مث١٩]	[ب٢-ف٧-مث١٩]	المجلد-الثاني/الباب-الثاني/ف07-أ-المدخل-والدرسان.md	302
[م١-ب٢-ف٧-مث٢٠]	[ب٢-ف٧-مث٢٠]	المجلد-الثاني/الباب-الثاني/ف07-أ-المدخل-والدرسان.md	304
[م١-ب٢-ف٧-مث٢١]	[ب٢-ف٧-مث٢١]	المجلد-الثاني/الباب-الثاني/ف07-أ-المدخل-والدرسان.md	368
[م١-ب٢-ف٧-مث٢٢]	[ب٢-ف٧-مث٢٢]	المجلد-الثاني/الباب-الثاني/ف07-أ-المدخل-والدرسان.md	372
[م١-ب٢-ف٧-مث٢٣]	[ب٢-ف٧-مث٢٣]	المجلد-الثاني/الباب-الثاني/ف07-أ-المدخل-والدرسان.md	377
[م١-ب٢-ف٧-مث٢٤]	[ب٢-ف٧-مث٢٤]	المجلد-الثاني/الباب-الثاني/ف07-أ-المدخل-والدرسان.md	381
[م١-ب٢-ف٧-مث٢٥]	[ب٢-ف٧-مث٢٥]	المجلد-الثاني/الباب-الثاني/ف07-أ-المدخل-والدرسان.md	385
[م١-ب٢-ف٧-مث٢٦]	[ب٢-ف٧-مث٢٦]	المجلد-الثاني/الباب-الثاني/ف07-أ-المدخل-والدرسان.md	389
[م١-ب٢-ف٧-مث٢٧]	[ب٢-ف٧-مث٢٧]	المجلد-الثاني/الباب-الثاني/ف07-أ-المدخل-والدرسان.md	417
[م١-ب٢-ف٧-مث٢٨]	[ب٢-ف٧-مث٢٨]	المجلد-الثاني/الباب-الثاني/ف07-أ-المدخل-والدرسان.md	421
[م١-ب٢-ف٧-مث٢٩]	[ب٢-ف٧-مث٢٩]	المجلد-الثاني/الباب-الثاني/ف07-أ-المدخل-والدرسان.md	425
[م١-ب٢-ف٧-مث٣٠]	[ب٢-ف٧-مث٣٠]	المجلد-الثاني/الباب-الثاني/ف07-أ-المدخل-والدرسان.md	429
[م١-ب٢-ف٧-مث٣١]	[ب٢-ف٧-مث٣١]	المجلد-الثاني/الباب-الثاني/ف07-أ-المدخل-والدرسان.md	433
[م١-ب٢-ف٧-مث٣٢]	[ب٢-ف٧-مث٣٢]	المجلد-الثاني/الباب-الثاني/ف07-أ-المدخل-والدرسان.md	455
[م١-ب٢-ف٧-مث٣٣]	[ب٢-ف٧-مث٣٣]	المجلد-الثاني/الباب-الثاني/ف07-أ-المدخل-والدرسان.md	460
[م١-ب٢-ف٧-مث٣٤]	[ب٢-ف٧-مث٣٤]	المجلد-الثاني/الباب-الثاني/ف07-أ-المدخل-والدرسان.md	465
[م١-ب٢-ف٧-مث٣٥]	[ب٢-ف٧-مث٣٥]	المجلد-الثاني/الباب-الثاني/ف07-أ-المدخل-والدرسان.md	469
[م١-ب٢-ف٧-مث٣٦]	[ب٢-ف٧-مث٣٦]	المجلد-الثاني/الباب-الثاني/ف07-أ-المدخل-والدرسان.md	545
[م١-ب٢-ف٨-مث١]	[ب٢-ف٨-مث١]	المجلد-الثاني/الباب-الثاني/ف08-أ-المدخل-والدرسان.md	112
[م١-ب٢-ف٨-مث٢]	[ب٢-ف٨-مث٢]	المجلد-الثاني/الباب-الثاني/ف08-أ-المدخل-والدرسان.md	116
[م١-ب٢-ف٨-مث٣]	[ب٢-ف٨-مث٣]	المجلد-الثاني/الباب-الثاني/ف08-أ-المدخل-والدرسان.md	121
[م١-ب٢-ف٨-مث٤]	[ب٢-ف٨-مث٤]	المجلد-الثاني/الباب-الثاني/ف08-أ-المدخل-والدرسان.md	125
[م١-ب٢-ف٨-مث٥]	[ب٢-ف٨-مث٥]	المجلد-الثاني/الباب-الثاني/ف08-أ-المدخل-والدرسان.md	130
[م١-ب٢-ف٨-مث٦]	[ب٢-ف٨-مث٦]	المجلد-الثاني/الباب-الثاني/ف08-أ-المدخل-والدرسان.md	134
[م١-ب٢-ف٨-مث٧]	[ب٢-ف٨-مث٧]	المجلد-الثاني/الباب-الثاني/ف08-أ-المدخل-والدرسان.md	143
[م١-ب٢-ف٨-مث٨]	[ب٢-ف٨-مث٨]	المجلد-الثاني/الباب-الثاني/ف08-أ-المدخل-والدرسان.md	148
[م١-ب٢-ف٨-مث٩]	[ب٢-ف٨-مث٩]	المجلد-الثاني/الباب-الثاني/ف08-أ-المدخل-والدرسان.md	153
[م١-ب٢-ف٨-مث١٠]	[ب٢-ف٨-مث١٠]	المجلد-الثاني/الباب-الثاني/ف08-أ-المدخل-والدرسان.md	177
[م١-ب٢-ف٨-مث١١]	[ب٢-ف٨-مث١١]	المجلد-الثاني/الباب-الثاني/ف08-أ-المدخل-والدرسان.md	181
[م١-ب٢-ف٨-مث١٢]	[ب٢-ف٨-مث١٢]	المجلد-الثاني/الباب-الثاني/ف08-أ-المدخل-والدرسان.md	185
[م١-ب٢-ف٨-مث١٣]	[ب٢-ف٨-مث١٣]	المجلد-الثاني/الباب-الثاني/ف08-أ-المدخل-والدرسان.md	193
[م١-ب٢-ف٨-مث١٤]	[ب٢-ف٨-مث١٤]	المجلد-الثاني/الباب-الثاني/ف08-أ-المدخل-والدرسان.md	197
[م١-ب٢-ف٨-مث١٥]	[ب٢-ف٨-مث١٥]	المجلد-الثاني/الباب-الثاني/ف08-أ-المدخل-والدرسان.md	201
[م١-ب٢-ف٨-مث١٦]	[ب٢-ف٨-مث١٦]	المجلد-الثاني/الباب-الثاني/ف08-أ-المدخل-والدرسان.md	219
[م١-ب٢-ف٨-مث١٧]	[ب٢-ف٨-مث١٧]	المجلد-الثاني/الباب-الثاني/ف08-أ-المدخل-والدرسان.md	223
[م١-ب٢-ف٨-مث١٨]	[ب٢-ف٨-مث١٨]	المجلد-الثاني/الباب-الثاني/ف08-أ-المدخل-والدرسان.md	227
[م١-ب٢-ف٨-مث١٩]	[ب٢-ف٨-مث١٩]	المجلد-الثاني/الباب-الثاني/ف08-أ-المدخل-والدرسان.md	313
[م١-ب٢-ف٨-مث٢٠]	[ب٢-ف٨-مث٢٠]	المجلد-الثاني/الباب-الثاني/ف08-أ-المدخل-والدرسان.md	318
[م١-ب٢-ف٨-مث٢١]	[ب٢-ف٨-مث٢١]	المجلد-الثاني/الباب-الثاني/ف08-أ-المدخل-والدرسان.md	322
[م١-ب٢-ف٨-مث٢٢]	[ب٢-ف٨-مث٢٢]	المجلد-الثاني/الباب-الثاني/ف08-أ-المدخل-والدرسان.md	350
[م١-ب٢-ف٨-مث٢٣]	[ب٢-ف٨-مث٢٣]	المجلد-الثاني/الباب-الثاني/ف08-أ-المدخل-والدرسان.md	356
[م١-ب٢-ف٨-مث٢٤]	[ب٢-ف٨-مث٢٤]	المجلد-الثاني/الباب-الثاني/ف08-أ-المدخل-والدرسان.md	360
[م١-ب٢-ف٨-مث٢٥]	[ب٢-ف٨-مث٢٥]	المجلد-الثاني/الباب-الثاني/ف08-أ-المدخل-والدرسان.md	364
[م١-ب٢-ف٨-مث٢٦]	[ب٢-ف٨-مث٢٦]	المجلد-الثاني/الباب-الثاني/ف08-أ-المدخل-والدرسان.md	368
[م١-ب٢-ف٨-مث٢٧]	[ب٢-ف٨-مث٢٧]	المجلد-الثاني/الباب-الثاني/ف08-أ-المدخل-والدرسان.md	374
[م١-ب٢-ف٨-مث٢٨]	[ب٢-ف٨-مث٢٨]	المجلد-الثاني/الباب-الثاني/ف08-أ-المدخل-والدرسان.md	376
[م١-ب٢-ف٨-مث٢٩]	[ب٢-ف٨-مث٢٩]	المجلد-الثاني/الباب-الثاني/ف08-أ-المدخل-والدرسان.md	378
[م١-ب٢-ف٨-مث٣٠]	[ب٢-ف٨-مث٣٠]	المجلد-الثاني/الباب-الثاني/ف08-أ-المدخل-والدرسان.md	380
[م١-ب٢-ف٨-مث٣١]	[ب٢-ف٨-مث٣١]	المجلد-الثاني/الباب-الثاني/ف08-أ-المدخل-والدرسان.md	382
[م١-ب٢-ف٨-مث٣٢]	[ب٢-ف٨-مث٣٢]	المجلد-الثاني/الباب-الثاني/ف08-أ-المدخل-والدرسان.md	445
[م١-ب٢-ف٩-مث١]	[ب٢-ف٩-مث١]	المجلد-الثاني/الباب-الثاني/ف09-أ-المدخل-والدرسان.md	89
[م١-ب٢-ف٩-مث٢]	[ب٢-ف٩-مث٢]	المجلد-الثاني/الباب-الثاني/ف09-أ-المدخل-والدرسان.md	94
[م١-ب٢-ف٩-مث٣]	[ب٢-ف٩-مث٣]	المجلد-الثاني/الباب-الثاني/ف09-أ-المدخل-والدرسان.md	98
[م١-ب٢-ف٩-مث٤]	[ب٢-ف٩-مث٤]	المجلد-الثاني/الباب-الثاني/ف09-أ-المدخل-والدرسان.md	102
[م١-ب٢-ف٩-مث٥]	[ب٢-ف٩-مث٥]	المجلد-الثاني/الباب-الثاني/ف09-أ-المدخل-والدرسان.md	107
[م١-ب٢-ف٩-مث٦]	[ب٢-ف٩-مث٦]	المجلد-الثاني/الباب-الثاني/ف09-أ-المدخل-والدرسان.md	111
[م١-ب٢-ف٩-مث٧]	[ب٢-ف٩-مث٧]	المجلد-الثاني/الباب-الثاني/ف09-أ-المدخل-والدرسان.md	115
[م١-ب٢-ف٩-مث٨]	[ب٢-ف٩-مث٨]	المجلد-الثاني/الباب-الثاني/ف09-أ-المدخل-والدرسان.md	125
[م١-ب٢-ف٩-مث٩]	[ب٢-ف٩-مث٩]	المجلد-الثاني/الباب-الثاني/ف09-أ-المدخل-والدرسان.md	129
[م١-ب٢-ف٩-مث١٠]	[ب٢-ف٩-مث١٠]	المجلد-الثاني/الباب-الثاني/ف09-أ-المدخل-والدرسان.md	134
[م١-ب٢-ف٩-مث١١]	[ب٢-ف٩-مث١١]	المجلد-الثاني/الباب-الثاني/ف09-أ-المدخل-والدرسان.md	146
[م١-ب٢-ف٩-مث١٢]	[ب٢-ف٩-مث١٢]	المجلد-الثاني/الباب-الثاني/ف09-أ-المدخل-والدرسان.md	232
[م١-ب٢-ف٩-مث١٣]	[ب٢-ف٩-مث١٣]	المجلد-الثاني/الباب-الثاني/ف09-أ-المدخل-والدرسان.md	237
[م١-ب٢-ف٩-مث١٤]	[ب٢-ف٩-مث١٤]	المجلد-الثاني/الباب-الثاني/ف09-أ-المدخل-والدرسان.md	241
[م١-ب٢-ف٩-مث١٥]	[ب٢-ف٩-مث١٥]	المجلد-الثاني/الباب-الثاني/ف09-أ-المدخل-والدرسان.md	245
[م١-ب٢-ف٩-مث١٦]	[ب٢-ف٩-مث١٦]	المجلد-الثاني/الباب-الثاني/ف09-أ-المدخل-والدرسان.md	271
[م١-ب٢-ف٩-مث١٧]	[ب٢-ف٩-مث١٧]	المجلد-الثاني/الباب-الثاني/ف09-أ-المدخل-والدرسان.md	276
[م١-ب٢-ف٩-مث١٨]	[ب٢-ف٩-مث١٨]	المجلد-الثاني/الباب-الثاني/ف09-أ-المدخل-والدرسان.md	285
[م١-ب٢-ف٩-مث١٩]	[ب٢-ف٩-مث١٩]	المجلد-الثاني/الباب-الثاني/ف09-أ-المدخل-والدرسان.md	289
[م١-ب٢-ف١٠-مث١]	[ب٢-ف١٠-مث١]	المجلد-الثاني/الباب-الثاني/ف10-أ-المدخل-والدرسان.md	92
[م١-ب٢-ف١٠-مث٢]	[ب٢-ف١٠-مث٢]	المجلد-الثاني/الباب-الثاني/ف10-أ-المدخل-والدرسان.md	96
[م١-ب٢-ف١٠-مث٣]	[ب٢-ف١٠-مث٣]	المجلد-الثاني/الباب-الثاني/ف10-أ-المدخل-والدرسان.md	103
[م١-ب٢-ف١٠-مث٤]	[ب٢-ف١٠-مث٤]	المجلد-الثاني/الباب-الثاني/ف10-أ-المدخل-والدرسان.md	110
[م١-ب٢-ف١٠-مث٥]	[ب٢-ف١٠-مث٥]	المجلد-الثاني/الباب-الثاني/ف10-أ-المدخل-والدرسان.md	117
[م١-ب٢-ف١٠-مث٦]	[ب٢-ف١٠-مث٦]	المجلد-الثاني/الباب-الثاني/ف10-أ-المدخل-والدرسان.md	123
[م١-ب٢-ف١٠-مث٧]	[ب٢-ف١٠-مث٧]	المجلد-الثاني/الباب-الثاني/ف10-أ-المدخل-والدرسان.md	133
[م١-ب٢-ف١٠-مث٨]	[ب٢-ف١٠-مث٨]	المجلد-الثاني/الباب-الثاني/ف10-أ-المدخل-والدرسان.md	137
[م١-ب٢-ف١٠-مث٩]	[ب٢-ف١٠-مث٩]	المجلد-الثاني/الباب-الثاني/ف10-أ-المدخل-والدرسان.md	145
[م١-ب٢-ف١٠-مث١٠]	[ب٢-ف١٠-مث١٠]	المجلد-الثاني/الباب-الثاني/ف10-أ-المدخل-والدرسان.md	149
[م١-ب٢-ف١٠-مث١١]	[ب٢-ف١٠-مث١١]	المجلد-الثاني/الباب-الثاني/ف10-أ-المدخل-والدرسان.md	229
[م١-ب٢-ف١٠-مث١٢]	[ب٢-ف١٠-مث١٢]	المجلد-الثاني/الباب-الثاني/ف10-أ-المدخل-والدرسان.md	233
[م١-ب٢-ف١٠-مث١٣]	[ب٢-ف١٠-مث١٣]	المجلد-الثاني/الباب-الثاني/ف10-أ-المدخل-والدرسان.md	251
[م١-ب٢-ف١٠-مث١٤]	[ب٢-ف١٠-مث١٤]	المجلد-الثاني/الباب-الثاني/ف10-أ-المدخل-والدرسان.md	255
[م١-ب٢-ف١٠-مث١٥]	[ب٢-ف١٠-مث١٥]	المجلد-الثاني/الباب-الثاني/ف10-أ-المدخل-والدرسان.md	259
[م١-ب٢-ف١٠-مث١٦]	[ب٢-ف١٠-مث١٦]	المجلد-الثاني/الباب-الثاني/ف10-أ-المدخل-والدرسان.md	267
[م١-ب٢-ف١٠-مث١٦أ]	[ب٢-ف١٠-مث١٦أ]	المجلد-الثاني/الباب-الثاني/ف10-أ-المدخل-والدرسان.md	275
[م١-ب٢-ف١٠-مث١٦ب]	[ب٢-ف١٠-مث١٦ب]	المجلد-الثاني/الباب-الثاني/ف10-أ-المدخل-والدرسان.md	277
[م١-ب٢-ف١٠-مث١٦ج]	[ب٢-ف١٠-مث١٦ج]	المجلد-الثاني/الباب-الثاني/ف10-أ-المدخل-والدرسان.md	279
[م١-ب٢-ف١٠-مث١٧]	[ب٢-ف١٠-مث١٧]	المجلد-الثاني/الباب-الثاني/ف10-أ-المدخل-والدرسان.md	336
[م١-ب٢-ف١١-مث١]	[ب٢-ف١١-مث١]	المجلد-الثاني/الباب-الثاني/ف11-أ-المدخل-والدرسان.md	85
[م١-ب٢-ف١١-مث٢]	[ب٢-ف١١-مث٢]	المجلد-الثاني/الباب-الثاني/ف11-أ-المدخل-والدرسان.md	89
[م١-ب٢-ف١١-مث٣]	[ب٢-ف١١-مث٣]	المجلد-الثاني/الباب-الثاني/ف11-أ-المدخل-والدرسان.md	93
[م١-ب٢-ف١١-مث٤]	[ب٢-ف١١-مث٤]	المجلد-الثاني/الباب-الثاني/ف11-أ-المدخل-والدرسان.md	105
[م١-ب٢-ف١١-مث٥]	[ب٢-ف١١-مث٥]	المجلد-الثاني/الباب-الثاني/ف11-أ-المدخل-والدرسان.md	109
[م١-ب٢-ف١١-مث٦]	[ب٢-ف١١-مث٦]	المجلد-الثاني/الباب-الثاني/ف11-أ-المدخل-والدرسان.md	113
[م١-ب٢-ف١١-مث٧]	[ب٢-ف١١-مث٧]	المجلد-الثاني/الباب-الثاني/ف11-أ-المدخل-والدرسان.md	133
[م١-ب٢-ف١١-مث٨]	[ب٢-ف١١-مث٨]	المجلد-الثاني/الباب-الثاني/ف11-أ-المدخل-والدرسان.md	137
[م١-ب٢-ف١١-مث٩]	[ب٢-ف١١-مث٩]	المجلد-الثاني/الباب-الثاني/ف11-أ-المدخل-والدرسان.md	141
[م١-ب٢-ف١١-مث١٠]	[ب٢-ف١١-مث١٠]	المجلد-الثاني/الباب-الثاني/ف11-أ-المدخل-والدرسان.md	220
[م١-ب٢-ف١١-مث١١]	[ب٢-ف١١-مث١١]	المجلد-الثاني/الباب-الثاني/ف11-أ-المدخل-والدرسان.md	224
[م١-ب٢-ف١١-مث١٢]	[ب٢-ف١١-مث١٢]	المجلد-الثاني/الباب-الثاني/ف11-أ-المدخل-والدرسان.md	243
[م١-ب٢-ف١١-مث١٣]	[ب٢-ف١١-مث١٣]	المجلد-الثاني/الباب-الثاني/ف11-أ-المدخل-والدرسان.md	247
[م١-ب٢-ف١١-مث١٤]	[ب٢-ف١١-مث١٤]	المجلد-الثاني/الباب-الثاني/ف11-أ-المدخل-والدرسان.md	251
[م١-ب٢-ف١١-مث١٥]	[ب٢-ف١١-مث١٥]	المجلد-الثاني/الباب-الثاني/ف11-أ-المدخل-والدرسان.md	261
[م١-ب٢-ف١١-مث١٦]	[ب٢-ف١١-مث١٦]	المجلد-الثاني/الباب-الثاني/ف11-أ-المدخل-والدرسان.md	265
[م١-ب٢-ف١١-مث١٧]	[ب٢-ف١١-مث١٧]	المجلد-الثاني/الباب-الثاني/ف11-أ-المدخل-والدرسان.md	277
[م١-ب٢-ف١٢-مث١]	[ب٢-ف١٢-مث١]	المجلد-الثاني/الباب-الثاني/ف12-أ-المدخل-والدرسان.md	129
[م١-ب٢-ف١٢-مث٢]	[ب٢-ف١٢-مث٢]	المجلد-الثاني/الباب-الثاني/ف12-أ-المدخل-والدرسان.md	131
[م١-ب٢-ف١٢-مث٣]	[ب٢-ف١٢-مث٣]	المجلد-الثاني/الباب-الثاني/ف12-أ-المدخل-والدرسان.md	133
[م١-ب٢-ف١٢-مث٤]	[ب٢-ف١٢-مث٤]	المجلد-الثاني/الباب-الثاني/ف12-أ-المدخل-والدرسان.md	135
[م١-ب٢-ف١٢-مث٥]	[ب٢-ف١٢-مث٥]	المجلد-الثاني/الباب-الثاني/ف12-أ-المدخل-والدرسان.md	141
[م١-ب٢-ف١٢-مث٦]	[ب٢-ف١٢-مث٦]	المجلد-الثاني/الباب-الثاني/ف12-أ-المدخل-والدرسان.md	145
[م١-ب٢-ف١٢-مث٧]	[ب٢-ف١٢-مث٧]	المجلد-الثاني/الباب-الثاني/ف12-أ-المدخل-والدرسان.md	149
[م١-ب٢-ف١٢-مث٨]	[ب٢-ف١٢-مث٨]	المجلد-الثاني/الباب-الثاني/ف12-أ-المدخل-والدرسان.md	153
[م١-ب٢-ف١٢-مث٩]	[ب٢-ف١٢-مث٩]	المجلد-الثاني/الباب-الثاني/ف12-أ-المدخل-والدرسان.md	221
[م١-ب٢-ف١٢-مث١٠]	[ب٢-ف١٢-مث١٠]	المجلد-الثاني/الباب-الثاني/ف12-أ-المدخل-والدرسان.md	225
[م١-ب٢-ف١٢-مث١١]	[ب٢-ف١٢-مث١١]	المجلد-الثاني/الباب-الثاني/ف12-أ-المدخل-والدرسان.md	229
[م١-ب٢-ف١٢-مث١٢]	[ب٢-ف١٢-مث١٢]	المجلد-الثاني/الباب-الثاني/ف12-أ-المدخل-والدرسان.md	276
[م١-ب٢-ف١٢-مث١٣]	[ب٢-ف١٢-مث١٣]	المجلد-الثاني/الباب-الثاني/ف12-أ-المدخل-والدرسان.md	280
[م١-ب٢-ف١٢-مث١٤]	[ب٢-ف١٢-مث١٤]	المجلد-الثاني/الباب-الثاني/ف12-أ-المدخل-والدرسان.md	284
[م١-ب٢-ف١٢-مث١٥]	[ب٢-ف١٢-مث١٥]	المجلد-الثاني/الباب-الثاني/ف12-أ-المدخل-والدرسان.md	288
[م٤-ب١٣-ف١-مث٥]	[ر١-ف١-مث٥]	المجلد-الحادي-عشر/المرجع-الأول-بنك-الأخطاء/00-فاتحة-بنك-الأخطاء.md	28
[م٤-ب١٣-ف٣-مث١]	[ر١-ف٣-مث١]	المجلد-الحادي-عشر/المرجع-الأول-بنك-الأخطاء/ف03-أخطاء-النطق-الأصوات-الحرجة.md	34
[م٤-ب١٣-ف٣-مث٢]	[ر١-ف٣-مث٢]	المجلد-الحادي-عشر/المرجع-الأول-بنك-الأخطاء/ف03-أخطاء-النطق-الأصوات-الحرجة.md	45
[م٤-ب١٣-ف٣-مث٣]	[ر١-ف٣-مث٣]	المجلد-الحادي-عشر/المرجع-الأول-بنك-الأخطاء/ف03-أخطاء-النطق-الأصوات-الحرجة.md	56
[م٤-ب١٣-ف٣-مث٤]	[ر١-ف٣-مث٤]	المجلد-الحادي-عشر/المرجع-الأول-بنك-الأخطاء/ف03-أخطاء-النطق-الأصوات-الحرجة.md	71
[م٤-ب١٣-ف٣-مث٥]	[ر١-ف٣-مث٥]	المجلد-الحادي-عشر/المرجع-الأول-بنك-الأخطاء/ف03-أخطاء-النطق-الأصوات-الحرجة.md	82
[م٤-ب١٣-ف٣-مث٦]	[ر١-ف٣-مث٦]	المجلد-الحادي-عشر/المرجع-الأول-بنك-الأخطاء/ف03-أخطاء-النطق-الأصوات-الحرجة.md	93
[م٤-ب١٣-ف٣-مث٧]	[ر١-ف٣-مث٧]	المجلد-الحادي-عشر/المرجع-الأول-بنك-الأخطاء/ف03-أخطاء-النطق-الأصوات-الحرجة.md	108
[م٤-ب١٣-ف٣-مث٨]	[ر١-ف٣-مث٨]	المجلد-الحادي-عشر/المرجع-الأول-بنك-الأخطاء/ف03-أخطاء-النطق-الأصوات-الحرجة.md	119
[م٤-ب١٣-ف٣-مث٩]	[ر١-ف٣-مث٩]	المجلد-الحادي-عشر/المرجع-الأول-بنك-الأخطاء/ف03-أخطاء-النطق-الأصوات-الحرجة.md	130
[م٤-ب١٣-ف٣-مث١٠]	[ر١-ف٣-مث١٠]	المجلد-الحادي-عشر/المرجع-الأول-بنك-الأخطاء/ف03-أخطاء-النطق-الأصوات-الحرجة.md	141
[م٤-ب١٣-ف٣-مث١١]	[ر١-ف٣-مث١١]	المجلد-الحادي-عشر/المرجع-الأول-بنك-الأخطاء/ف03-أخطاء-النطق-الأصوات-الحرجة.md	156
[م٤-ب١٣-ف٣-مث١٢]	[ر١-ف٣-مث١٢]	المجلد-الحادي-عشر/المرجع-الأول-بنك-الأخطاء/ف03-أخطاء-النطق-الأصوات-الحرجة.md	167
[م٤-ب١٣-ف٣-مث١٣]	[ر١-ف٣-مث١٣]	المجلد-الحادي-عشر/المرجع-الأول-بنك-الأخطاء/ف03-أخطاء-النطق-الأصوات-الحرجة.md	178
[م٤-ب١٣-ف٣-مث١٤]	[ر١-ف٣-مث١٤]	المجلد-الحادي-عشر/المرجع-الأول-بنك-الأخطاء/ف03-أخطاء-النطق-الأصوات-الحرجة.md	193
[م٤-ب١٣-ف٣-مث١٥]	[ر١-ف٣-مث١٥]	المجلد-الحادي-عشر/المرجع-الأول-بنك-الأخطاء/ف03-أخطاء-النطق-الأصوات-الحرجة.md	204
[م٤-ب١٣-ف٣-مث١٦]	[ر١-ف٣-مث١٦]	المجلد-الحادي-عشر/المرجع-الأول-بنك-الأخطاء/ف03-أخطاء-النطق-الأصوات-الحرجة.md	215
[م٤-ب١٣-ف٣-مث١٧]	[ر١-ف٣-مث١٧]	المجلد-الحادي-عشر/المرجع-الأول-بنك-الأخطاء/ف03-أخطاء-النطق-الأصوات-الحرجة.md	230
[م٤-ب١٣-ف٣-مث١٨]	[ر١-ف٣-مث١٨]	المجلد-الحادي-عشر/المرجع-الأول-بنك-الأخطاء/ف03-أخطاء-النطق-الأصوات-الحرجة.md	241
[م٤-ب١٣-ف٣-مث١٩]	[ر١-ف٣-مث١٩]	المجلد-الحادي-عشر/المرجع-الأول-بنك-الأخطاء/ف03-أخطاء-النطق-الأصوات-الحرجة.md	252
[م٤-ب١٣-ف٣-مث٢٠]	[ر١-ف٣-مث٢٠]	المجلد-الحادي-عشر/المرجع-الأول-بنك-الأخطاء/ف03-أخطاء-النطق-الأصوات-الحرجة.md	263
[م٤-ب١٣-ف٤-مث١]	[ر١-ف٤-مث١]	المجلد-الحادي-عشر/المرجع-الأول-بنك-الأخطاء/ف04-أ-الأخطاء-النحوية-والصرفية-والمعجمية-والتركيبية.md	32
[م٤-ب١٣-ف٤-مث٢]	[ر١-ف٤-مث٢]	المجلد-الحادي-عشر/المرجع-الأول-بنك-الأخطاء/ف04-أ-الأخطاء-النحوية-والصرفية-والمعجمية-والتركيبية.md	43
[م٤-ب١٣-ف٤-مث٣]	[ر١-ف٤-مث٣]	المجلد-الحادي-عشر/المرجع-الأول-بنك-الأخطاء/ف04-أ-الأخطاء-النحوية-والصرفية-والمعجمية-والتركيبية.md	54
[م٤-ب١٣-ف٤-مث٤]	[ر١-ف٤-مث٤]	المجلد-الحادي-عشر/المرجع-الأول-بنك-الأخطاء/ف04-أ-الأخطاء-النحوية-والصرفية-والمعجمية-والتركيبية.md	65
[م٤-ب١٣-ف٤-مث٥]	[ر١-ف٤-مث٥]	المجلد-الحادي-عشر/المرجع-الأول-بنك-الأخطاء/ف04-أ-الأخطاء-النحوية-والصرفية-والمعجمية-والتركيبية.md	76
[م٤-ب١٣-ف٤-مث٦]	[ر١-ف٤-مث٦]	المجلد-الحادي-عشر/المرجع-الأول-بنك-الأخطاء/ف04-أ-الأخطاء-النحوية-والصرفية-والمعجمية-والتركيبية.md	87
[م٤-ب١٣-ف٤-مث٧]	[ر١-ف٤-مث٧]	المجلد-الحادي-عشر/المرجع-الأول-بنك-الأخطاء/ف04-أ-الأخطاء-النحوية-والصرفية-والمعجمية-والتركيبية.md	98
[م٤-ب١٣-ف٤-مث٨]	[ر١-ف٤-مث٨]	المجلد-الحادي-عشر/المرجع-الأول-بنك-الأخطاء/ف04-أ-الأخطاء-النحوية-والصرفية-والمعجمية-والتركيبية.md	109
[م٤-ب١٣-ف٤-مث٩]	[ر١-ف٤-مث٩]	المجلد-الحادي-عشر/المرجع-الأول-بنك-الأخطاء/ف04-أ-الأخطاء-النحوية-والصرفية-والمعجمية-والتركيبية.md	120
[م٤-ب١٣-ف٤-مث١٠]	[ر١-ف٤-مث١٠]	المجلد-الحادي-عشر/المرجع-الأول-بنك-الأخطاء/ف04-أ-الأخطاء-النحوية-والصرفية-والمعجمية-والتركيبية.md	131
[م٤-ب١٣-ف٤-مث١١]	[ر١-ف٤-مث١١]	المجلد-الحادي-عشر/المرجع-الأول-بنك-الأخطاء/ف04-أ-الأخطاء-النحوية-والصرفية-والمعجمية-والتركيبية.md	142
[م٤-ب١٣-ف٤-مث١٢]	[ر١-ف٤-مث١٢]	المجلد-الحادي-عشر/المرجع-الأول-بنك-الأخطاء/ف04-أ-الأخطاء-النحوية-والصرفية-والمعجمية-والتركيبية.md	153
[م٤-ب١٣-ف٤-مث١٣]	[ر١-ف٤-مث١٣]	المجلد-الحادي-عشر/المرجع-الأول-بنك-الأخطاء/ف04-أ-الأخطاء-النحوية-والصرفية-والمعجمية-والتركيبية.md	164
[م٤-ب١٣-ف٤-مث١٤]	[ر١-ف٤-مث١٤]	المجلد-الحادي-عشر/المرجع-الأول-بنك-الأخطاء/ف04-أ-الأخطاء-النحوية-والصرفية-والمعجمية-والتركيبية.md	175
[م٤-ب١٣-ف٤-مث١٥]	[ر١-ف٤-مث١٥]	المجلد-الحادي-عشر/المرجع-الأول-بنك-الأخطاء/ف04-أ-الأخطاء-النحوية-والصرفية-والمعجمية-والتركيبية.md	186
[م٤-ب١٣-ف٤-مث١٦]	[ر١-ف٤-مث١٦]	المجلد-الحادي-عشر/المرجع-الأول-بنك-الأخطاء/ف04-أ-الأخطاء-النحوية-والصرفية-والمعجمية-والتركيبية.md	197
[م٤-ب١٣-ف٤-مث١٧]	[ر١-ف٤-مث١٧]	المجلد-الحادي-عشر/المرجع-الأول-بنك-الأخطاء/ف04-ب-الأخطاء-الصرفية-والمعجمية-والتركيبية.md	11
[م٤-ب١٣-ف٤-مث١٨]	[ر١-ف٤-مث١٨]	المجلد-الحادي-عشر/المرجع-الأول-بنك-الأخطاء/ف04-ب-الأخطاء-الصرفية-والمعجمية-والتركيبية.md	22
[م٤-ب١٣-ف٤-مث١٩]	[ر١-ف٤-مث١٩]	المجلد-الحادي-عشر/المرجع-الأول-بنك-الأخطاء/ف04-ب-الأخطاء-الصرفية-والمعجمية-والتركيبية.md	33
[م٤-ب١٣-ف٤-مث٢٠]	[ر١-ف٤-مث٢٠]	المجلد-الحادي-عشر/المرجع-الأول-بنك-الأخطاء/ف04-ب-الأخطاء-الصرفية-والمعجمية-والتركيبية.md	44
[م٤-ب١٣-ف٤-مث٢١]	[ر١-ف٤-مث٢١]	المجلد-الحادي-عشر/المرجع-الأول-بنك-الأخطاء/ف04-ب-الأخطاء-الصرفية-والمعجمية-والتركيبية.md	55
[م٤-ب١٣-ف٤-مث٢٢]	[ر١-ف٤-مث٢٢]	المجلد-الحادي-عشر/المرجع-الأول-بنك-الأخطاء/ف04-ب-الأخطاء-الصرفية-والمعجمية-والتركيبية.md	66
[م٤-ب١٣-ف٤-مث٢٣]	[ر١-ف٤-مث٢٣]	المجلد-الحادي-عشر/المرجع-الأول-بنك-الأخطاء/ف04-ب-الأخطاء-الصرفية-والمعجمية-والتركيبية.md	81
[م٤-ب١٣-ف٤-مث٢٤]	[ر١-ف٤-مث٢٤]	المجلد-الحادي-عشر/المرجع-الأول-بنك-الأخطاء/ف04-ب-الأخطاء-الصرفية-والمعجمية-والتركيبية.md	92
[م٤-ب١٣-ف٤-مث٢٥]	[ر١-ف٤-مث٢٥]	المجلد-الحادي-عشر/المرجع-الأول-بنك-الأخطاء/ف04-ب-الأخطاء-الصرفية-والمعجمية-والتركيبية.md	103
[م٤-ب١٣-ف٤-مث٢٦]	[ر١-ف٤-مث٢٦]	المجلد-الحادي-عشر/المرجع-الأول-بنك-الأخطاء/ف04-ب-الأخطاء-الصرفية-والمعجمية-والتركيبية.md	114
[م٤-ب١٣-ف٤-مث٢٧]	[ر١-ف٤-مث٢٧]	المجلد-الحادي-عشر/المرجع-الأول-بنك-الأخطاء/ف04-ب-الأخطاء-الصرفية-والمعجمية-والتركيبية.md	125
[م٤-ب١٣-ف٤-مث٢٨]	[ر١-ف٤-مث٢٨]	المجلد-الحادي-عشر/المرجع-الأول-بنك-الأخطاء/ف04-ب-الأخطاء-الصرفية-والمعجمية-والتركيبية.md	140
[م٤-ب١٣-ف٤-مث٢٩]	[ر١-ف٤-مث٢٩]	المجلد-الحادي-عشر/المرجع-الأول-بنك-الأخطاء/ف04-ب-الأخطاء-الصرفية-والمعجمية-والتركيبية.md	151
[م٤-ب١٣-ف٤-مث٣٠]	[ر١-ف٤-مث٣٠]	المجلد-الحادي-عشر/المرجع-الأول-بنك-الأخطاء/ف04-ب-الأخطاء-الصرفية-والمعجمية-والتركيبية.md	162
[م٤-ب١٣-ف٤-مث٣١]	[ر١-ف٤-مث٣١]	المجلد-الحادي-عشر/المرجع-الأول-بنك-الأخطاء/ف04-ب-الأخطاء-الصرفية-والمعجمية-والتركيبية.md	173
[م٤-ب١٣-ف٤-مث٣٢]	[ر١-ف٤-مث٣٢]	المجلد-الحادي-عشر/المرجع-الأول-بنك-الأخطاء/ف04-ب-الأخطاء-الصرفية-والمعجمية-والتركيبية.md	184
[م٤-ب١٣-ف٥-مث١]	[ر١-ف٥-مث١]	المجلد-الحادي-عشر/المرجع-الأول-بنك-الأخطاء/ف05-الأسلوب-والثقافة-والمقام.md	33
[م٤-ب١٣-ف٥-مث٢]	[ر١-ف٥-مث٢]	المجلد-الحادي-عشر/المرجع-الأول-بنك-الأخطاء/ف05-الأسلوب-والثقافة-والمقام.md	44
[م٤-ب١٣-ف٥-مث٣]	[ر١-ف٥-مث٣]	المجلد-الحادي-عشر/المرجع-الأول-بنك-الأخطاء/ف05-الأسلوب-والثقافة-والمقام.md	55
[م٤-ب١٣-ف٥-مث٤]	[ر١-ف٥-مث٤]	المجلد-الحادي-عشر/المرجع-الأول-بنك-الأخطاء/ف05-الأسلوب-والثقافة-والمقام.md	66
[م٤-ب١٣-ف٥-مث٥]	[ر١-ف٥-مث٥]	المجلد-الحادي-عشر/المرجع-الأول-بنك-الأخطاء/ف05-الأسلوب-والثقافة-والمقام.md	77
[م٤-ب١٣-ف٥-مث٦]	[ر١-ف٥-مث٦]	المجلد-الحادي-عشر/المرجع-الأول-بنك-الأخطاء/ف05-الأسلوب-والثقافة-والمقام.md	88
[م٤-ب١٣-ف٥-مث٧]	[ر١-ف٥-مث٧]	المجلد-الحادي-عشر/المرجع-الأول-بنك-الأخطاء/ف05-الأسلوب-والثقافة-والمقام.md	99
[م٤-ب١٣-ف٥-مث٨]	[ر١-ف٥-مث٨]	المجلد-الحادي-عشر/المرجع-الأول-بنك-الأخطاء/ف05-الأسلوب-والثقافة-والمقام.md	112
[م٤-ب١٣-ف٥-مث٩]	[ر١-ف٥-مث٩]	المجلد-الحادي-عشر/المرجع-الأول-بنك-الأخطاء/ف05-الأسلوب-والثقافة-والمقام.md	123
[م٤-ب١٣-ف٥-مث١٠]	[ر١-ف٥-مث١٠]	المجلد-الحادي-عشر/المرجع-الأول-بنك-الأخطاء/ف05-الأسلوب-والثقافة-والمقام.md	134
[م٤-ب١٣-ف٥-مث١١]	[ر١-ف٥-مث١١]	المجلد-الحادي-عشر/المرجع-الأول-بنك-الأخطاء/ف05-الأسلوب-والثقافة-والمقام.md	145
[م٤-ب١٣-ف٥-مث١٢]	[ر١-ف٥-مث١٢]	المجلد-الحادي-عشر/المرجع-الأول-بنك-الأخطاء/ف05-الأسلوب-والثقافة-والمقام.md	156
[م٤-ب١٣-ف٥-مث١٣]	[ر١-ف٥-مث١٣]	المجلد-الحادي-عشر/المرجع-الأول-بنك-الأخطاء/ف05-الأسلوب-والثقافة-والمقام.md	167
[م٤-ب١٣-ف٥-مث١٤]	[ر١-ف٥-مث١٤]	المجلد-الحادي-عشر/المرجع-الأول-بنك-الأخطاء/ف05-الأسلوب-والثقافة-والمقام.md	178
[م٤-ب١٣-ف٥-مث١٥]	[ر١-ف٥-مث١٥]	المجلد-الحادي-عشر/المرجع-الأول-بنك-الأخطاء/ف05-الأسلوب-والثقافة-والمقام.md	191
[م٤-ب١٣-ف٥-مث١٦]	[ر١-ف٥-مث١٦]	المجلد-الحادي-عشر/المرجع-الأول-بنك-الأخطاء/ف05-الأسلوب-والثقافة-والمقام.md	202
[م٤-ب١٣-ف٥-مث١٧]	[ر١-ف٥-مث١٧]	المجلد-الحادي-عشر/المرجع-الأول-بنك-الأخطاء/ف05-الأسلوب-والثقافة-والمقام.md	213
[م٤-ب١٣-ف٥-مث١٨]	[ر١-ف٥-مث١٨]	المجلد-الحادي-عشر/المرجع-الأول-بنك-الأخطاء/ف05-الأسلوب-والثقافة-والمقام.md	224
[م٤-ب١٣-ف٥-مث١٩]	[ر١-ف٥-مث١٩]	المجلد-الحادي-عشر/المرجع-الأول-بنك-الأخطاء/ف05-الأسلوب-والثقافة-والمقام.md	235
[م٤-ب١٣-ف٥-مث٢٠]	[ر١-ف٥-مث٢٠]	المجلد-الحادي-عشر/المرجع-الأول-بنك-الأخطاء/ف05-الأسلوب-والثقافة-والمقام.md	246
[م٤-ب١٣-ف٥-مث٢١]	[ر١-ف٥-مث٢١]	المجلد-الحادي-عشر/المرجع-الأول-بنك-الأخطاء/ف05-الأسلوب-والثقافة-والمقام.md	259
[م٤-ب١٣-ف٥-مث٢٢]	[ر١-ف٥-مث٢٢]	المجلد-الحادي-عشر/المرجع-الأول-بنك-الأخطاء/ف05-الأسلوب-والثقافة-والمقام.md	270
[م٤-ب١٣-ف٥-مث٢٣]	[ر١-ف٥-مث٢٣]	المجلد-الحادي-عشر/المرجع-الأول-بنك-الأخطاء/ف05-الأسلوب-والثقافة-والمقام.md	281
[م٤-ب١٣-ف٥-مث٢٤]	[ر١-ف٥-مث٢٤]	المجلد-الحادي-عشر/المرجع-الأول-بنك-الأخطاء/ف05-الأسلوب-والثقافة-والمقام.md	292
[م٤-ب١٣-ف٥-مث٢٥]	[ر١-ف٥-مث٢٥]	المجلد-الحادي-عشر/المرجع-الأول-بنك-الأخطاء/ف05-الأسلوب-والثقافة-والمقام.md	303
[م٤-ب١٣-ف٥-مث٢٦]	[ر١-ف٥-مث٢٦]	المجلد-الحادي-عشر/المرجع-الأول-بنك-الأخطاء/ف05-الأسلوب-والثقافة-والمقام.md	314
[م٤-ب١٣-ف٦-مث١]	[ر١-ف٦-مث١]	المجلد-الحادي-عشر/المرجع-الأول-بنك-الأخطاء/ف06-الصوت-والسرعة-وترتيب-الأفكار.md	33
[م٤-ب١٣-ف٦-مث٢]	[ر١-ف٦-مث٢]	المجلد-الحادي-عشر/المرجع-الأول-بنك-الأخطاء/ف06-الصوت-والسرعة-وترتيب-الأفكار.md	44
[م٤-ب١٣-ف٦-مث٣]	[ر١-ف٦-مث٣]	المجلد-الحادي-عشر/المرجع-الأول-بنك-الأخطاء/ف06-الصوت-والسرعة-وترتيب-الأفكار.md	55
[م٤-ب١٣-ف٦-مث٤]	[ر١-ف٦-مث٤]	المجلد-الحادي-عشر/المرجع-الأول-بنك-الأخطاء/ف06-الصوت-والسرعة-وترتيب-الأفكار.md	66
[م٤-ب١٣-ف٦-مث٥]	[ر١-ف٦-مث٥]	المجلد-الحادي-عشر/المرجع-الأول-بنك-الأخطاء/ف06-الصوت-والسرعة-وترتيب-الأفكار.md	77
[م٤-ب١٣-ف٦-مث٦]	[ر١-ف٦-مث٦]	المجلد-الحادي-عشر/المرجع-الأول-بنك-الأخطاء/ف06-الصوت-والسرعة-وترتيب-الأفكار.md	88
[م٤-ب١٣-ف٦-مث٧]	[ر١-ف٦-مث٧]	المجلد-الحادي-عشر/المرجع-الأول-بنك-الأخطاء/ف06-الصوت-والسرعة-وترتيب-الأفكار.md	101
[م٤-ب١٣-ف٦-مث٨]	[ر١-ف٦-مث٨]	المجلد-الحادي-عشر/المرجع-الأول-بنك-الأخطاء/ف06-الصوت-والسرعة-وترتيب-الأفكار.md	112
[م٤-ب١٣-ف٦-مث٩]	[ر١-ف٦-مث٩]	المجلد-الحادي-عشر/المرجع-الأول-بنك-الأخطاء/ف06-الصوت-والسرعة-وترتيب-الأفكار.md	123
[م٤-ب١٣-ف٦-مث١٠]	[ر١-ف٦-مث١٠]	المجلد-الحادي-عشر/المرجع-الأول-بنك-الأخطاء/ف06-الصوت-والسرعة-وترتيب-الأفكار.md	134
[م٤-ب١٣-ف٦-مث١١]	[ر١-ف٦-مث١١]	المجلد-الحادي-عشر/المرجع-الأول-بنك-الأخطاء/ف06-الصوت-والسرعة-وترتيب-الأفكار.md	147
[م٤-ب١٣-ف٦-مث١٢]	[ر١-ف٦-مث١٢]	المجلد-الحادي-عشر/المرجع-الأول-بنك-الأخطاء/ف06-الصوت-والسرعة-وترتيب-الأفكار.md	158
[م٤-ب١٣-ف٦-مث١٣]	[ر١-ف٦-مث١٣]	المجلد-الحادي-عشر/المرجع-الأول-بنك-الأخطاء/ف06-الصوت-والسرعة-وترتيب-الأفكار.md	169
[م٤-ب١٣-ف٦-مث١٤]	[ر١-ف٦-مث١٤]	المجلد-الحادي-عشر/المرجع-الأول-بنك-الأخطاء/ف06-الصوت-والسرعة-وترتيب-الأفكار.md	180
[م٤-ب١٣-ف٦-مث١٥]	[ر١-ف٦-مث١٥]	المجلد-الحادي-عشر/المرجع-الأول-بنك-الأخطاء/ف06-الصوت-والسرعة-وترتيب-الأفكار.md	191
[م٤-ب١٣-ف٦-مث١٦]	[ر١-ف٦-مث١٦]	المجلد-الحادي-عشر/المرجع-الأول-بنك-الأخطاء/ف06-الصوت-والسرعة-وترتيب-الأفكار.md	202
[م٤-ب١٣-ف٦-مث١٧]	[ر١-ف٦-مث١٧]	المجلد-الحادي-عشر/المرجع-الأول-بنك-الأخطاء/ف06-الصوت-والسرعة-وترتيب-الأفكار.md	215
[م٤-ب١٣-ف٦-مث١٨]	[ر١-ف٦-مث١٨]	المجلد-الحادي-عشر/المرجع-الأول-بنك-الأخطاء/ف06-الصوت-والسرعة-وترتيب-الأفكار.md	226
[م٤-ب١٣-ف٦-مث١٩]	[ر١-ف٦-مث١٩]	المجلد-الحادي-عشر/المرجع-الأول-بنك-الأخطاء/ف06-الصوت-والسرعة-وترتيب-الأفكار.md	237
[م٤-ب١٣-ف٧-مث١]	[ر١-ف٧-مث١]	المجلد-الحادي-عشر/المرجع-الأول-بنك-الأخطاء/ف07-المقابلات-والخطابة-والإعلام-والعلماء.md	31
[م٤-ب١٣-ف٧-مث٢]	[ر١-ف٧-مث٢]	المجلد-الحادي-عشر/المرجع-الأول-بنك-الأخطاء/ف07-المقابلات-والخطابة-والإعلام-والعلماء.md	42
[م٤-ب١٣-ف٧-مث٣]	[ر١-ف٧-مث٣]	المجلد-الحادي-عشر/المرجع-الأول-بنك-الأخطاء/ف07-المقابلات-والخطابة-والإعلام-والعلماء.md	53
[م٤-ب١٣-ف٧-مث٤]	[ر١-ف٧-مث٤]	المجلد-الحادي-عشر/المرجع-الأول-بنك-الأخطاء/ف07-المقابلات-والخطابة-والإعلام-والعلماء.md	64
[م٤-ب١٣-ف٧-مث٥]	[ر١-ف٧-مث٥]	المجلد-الحادي-عشر/المرجع-الأول-بنك-الأخطاء/ف07-المقابلات-والخطابة-والإعلام-والعلماء.md	75
[م٤-ب١٣-ف٧-مث٦]	[ر١-ف٧-مث٦]	المجلد-الحادي-عشر/المرجع-الأول-بنك-الأخطاء/ف07-المقابلات-والخطابة-والإعلام-والعلماء.md	86
[م٤-ب١٣-ف٧-مث٧]	[ر١-ف٧-مث٧]	المجلد-الحادي-عشر/المرجع-الأول-بنك-الأخطاء/ف07-المقابلات-والخطابة-والإعلام-والعلماء.md	99
[م٤-ب١٣-ف٧-مث٨]	[ر١-ف٧-مث٨]	المجلد-الحادي-عشر/المرجع-الأول-بنك-الأخطاء/ف07-المقابلات-والخطابة-والإعلام-والعلماء.md	110
[م٤-ب١٣-ف٧-مث٩]	[ر١-ف٧-مث٩]	المجلد-الحادي-عشر/المرجع-الأول-بنك-الأخطاء/ف07-المقابلات-والخطابة-والإعلام-والعلماء.md	121
[م٤-ب١٣-ف٧-مث١٠]	[ر١-ف٧-مث١٠]	المجلد-الحادي-عشر/المرجع-الأول-بنك-الأخطاء/ف07-المقابلات-والخطابة-والإعلام-والعلماء.md	132
[م٤-ب١٣-ف٧-مث١١]	[ر١-ف٧-مث١١]	المجلد-الحادي-عشر/المرجع-الأول-بنك-الأخطاء/ف07-المقابلات-والخطابة-والإعلام-والعلماء.md	143
[م٤-ب١٣-ف٧-مث١٢]	[ر١-ف٧-مث١٢]	المجلد-الحادي-عشر/المرجع-الأول-بنك-الأخطاء/ف07-المقابلات-والخطابة-والإعلام-والعلماء.md	156
[م٤-ب١٣-ف٧-مث١٣]	[ر١-ف٧-مث١٣]	المجلد-الحادي-عشر/المرجع-الأول-بنك-الأخطاء/ف07-المقابلات-والخطابة-والإعلام-والعلماء.md	167
[م٤-ب١٣-ف٧-مث١٤]	[ر١-ف٧-مث١٤]	المجلد-الحادي-عشر/المرجع-الأول-بنك-الأخطاء/ف07-المقابلات-والخطابة-والإعلام-والعلماء.md	178
[م٤-ب١٣-ف٧-مث١٥]	[ر١-ف٧-مث١٥]	المجلد-الحادي-عشر/المرجع-الأول-بنك-الأخطاء/ف07-المقابلات-والخطابة-والإعلام-والعلماء.md	189
[م٤-ب١٣-ف٧-مث١٦]	[ر١-ف٧-مث١٦]	المجلد-الحادي-عشر/المرجع-الأول-بنك-الأخطاء/ف07-المقابلات-والخطابة-والإعلام-والعلماء.md	200
[م٤-ب١٣-ف٧-مث١٧]	[ر١-ف٧-مث١٧]	المجلد-الحادي-عشر/المرجع-الأول-بنك-الأخطاء/ف07-المقابلات-والخطابة-والإعلام-والعلماء.md	215
[م٤-ب١٣-ف٧-مث١٨]	[ر١-ف٧-مث١٨]	المجلد-الحادي-عشر/المرجع-الأول-بنك-الأخطاء/ف07-المقابلات-والخطابة-والإعلام-والعلماء.md	226
[م٤-ب١٣-ف٧-مث١٩]	[ر١-ف٧-مث١٩]	المجلد-الحادي-عشر/المرجع-الأول-بنك-الأخطاء/ف07-المقابلات-والخطابة-والإعلام-والعلماء.md	237
[م٤-ب١٣-ف٧-مث٢٠]	[ر١-ف٧-مث٢٠]	المجلد-الحادي-عشر/المرجع-الأول-بنك-الأخطاء/ف07-المقابلات-والخطابة-والإعلام-والعلماء.md	248
[م٤-ب١٣-ف٧-مث٢١]	[ر١-ف٧-مث٢١]	المجلد-الحادي-عشر/المرجع-الأول-بنك-الأخطاء/ف07-المقابلات-والخطابة-والإعلام-والعلماء.md	259
[م٤-ب١٣-ف٧-مث٢٢]	[ر١-ف٧-مث٢٢]	المجلد-الحادي-عشر/المرجع-الأول-بنك-الأخطاء/ف07-المقابلات-والخطابة-والإعلام-والعلماء.md	270
[م٤-ب١٣-ف٨-مث١]	[ر١-ف٨-مث١]	المجلد-الحادي-عشر/المرجع-الأول-بنك-الأخطاء/ف08-الخروج-عن-الموضوع-والتكلف.md	33
[م٤-ب١٣-ف٨-مث٢]	[ر١-ف٨-مث٢]	المجلد-الحادي-عشر/المرجع-الأول-بنك-الأخطاء/ف08-الخروج-عن-الموضوع-والتكلف.md	44
[م٤-ب١٣-ف٨-مث٣]	[ر١-ف٨-مث٣]	المجلد-الحادي-عشر/المرجع-الأول-بنك-الأخطاء/ف08-الخروج-عن-الموضوع-والتكلف.md	55
[م٤-ب١٣-ف٨-مث٤]	[ر١-ف٨-مث٤]	المجلد-الحادي-عشر/المرجع-الأول-بنك-الأخطاء/ف08-الخروج-عن-الموضوع-والتكلف.md	66
[م٤-ب١٣-ف٨-مث٥]	[ر١-ف٨-مث٥]	المجلد-الحادي-عشر/المرجع-الأول-بنك-الأخطاء/ف08-الخروج-عن-الموضوع-والتكلف.md	79
[م٤-ب١٣-ف٨-مث٦]	[ر١-ف٨-مث٦]	المجلد-الحادي-عشر/المرجع-الأول-بنك-الأخطاء/ف08-الخروج-عن-الموضوع-والتكلف.md	90
[م٤-ب١٣-ف٨-مث٧]	[ر١-ف٨-مث٧]	المجلد-الحادي-عشر/المرجع-الأول-بنك-الأخطاء/ف08-الخروج-عن-الموضوع-والتكلف.md	101
[م٤-ب١٣-ف٨-مث٨]	[ر١-ف٨-مث٨]	المجلد-الحادي-عشر/المرجع-الأول-بنك-الأخطاء/ف08-الخروج-عن-الموضوع-والتكلف.md	112
[م٤-ب١٣-ف٨-مث٩]	[ر١-ف٨-مث٩]	المجلد-الحادي-عشر/المرجع-الأول-بنك-الأخطاء/ف08-الخروج-عن-الموضوع-والتكلف.md	125
[م٤-ب١٣-ف٨-مث١٠]	[ر١-ف٨-مث١٠]	المجلد-الحادي-عشر/المرجع-الأول-بنك-الأخطاء/ف08-الخروج-عن-الموضوع-والتكلف.md	136
[م٤-ب١٣-ف٨-مث١١]	[ر١-ف٨-مث١١]	المجلد-الحادي-عشر/المرجع-الأول-بنك-الأخطاء/ف08-الخروج-عن-الموضوع-والتكلف.md	147
[م٤-ب١٣-ف٨-مث١٢]	[ر١-ف٨-مث١٢]	المجلد-الحادي-عشر/المرجع-الأول-بنك-الأخطاء/ف08-الخروج-عن-الموضوع-والتكلف.md	158
[م٤-ب١٣-ف٨-مث١٣]	[ر١-ف٨-مث١٣]	المجلد-الحادي-عشر/المرجع-الأول-بنك-الأخطاء/ف08-الخروج-عن-الموضوع-والتكلف.md	171
[م٤-ب١٣-ف٨-مث١٤]	[ر١-ف٨-مث١٤]	المجلد-الحادي-عشر/المرجع-الأول-بنك-الأخطاء/ف08-الخروج-عن-الموضوع-والتكلف.md	182
[م٤-ب١٣-ف٨-مث١٥]	[ر١-ف٨-مث١٥]	المجلد-الحادي-عشر/المرجع-الأول-بنك-الأخطاء/ف08-الخروج-عن-الموضوع-والتكلف.md	193
[م٤-ب١٣-ف٨-مث١٦]	[ر١-ف٨-مث١٦]	المجلد-الحادي-عشر/المرجع-الأول-بنك-الأخطاء/ف08-الخروج-عن-الموضوع-والتكلف.md	204
[م٢-ب٥-ف١-مث١]	[ب٥-ف١-مث١]	المجلد-الخامس/الباب-الخامس/ف01-أ-المدخل-والدرس-الأول.md	182
[م٢-ب٥-ف١-مث٢]	[ب٥-ف١-مث٢]	المجلد-الخامس/الباب-الخامس/ف01-أ-المدخل-والدرس-الأول.md	186
[م٢-ب٥-ف١-مث٣]	[ب٥-ف١-مث٣]	المجلد-الخامس/الباب-الخامس/ف01-أ-المدخل-والدرس-الأول.md	190
[م٢-ب٥-ف١-مث٤]	[ب٥-ف١-مث٤]	المجلد-الخامس/الباب-الخامس/ف01-أ-المدخل-والدرس-الأول.md	222
[م٢-ب٥-ف١-مث٥]	[ب٥-ف١-مث٥]	المجلد-الخامس/الباب-الخامس/ف01-أ-المدخل-والدرس-الأول.md	226
[م٢-ب٥-ف١-مث٦]	[ب٥-ف١-مث٦]	المجلد-الخامس/الباب-الخامس/ف01-أ-المدخل-والدرس-الأول.md	230
[م٢-ب٥-ف١-مث٧]	[ب٥-ف١-مث٧]	المجلد-الخامس/الباب-الخامس/ف01-أ-المدخل-والدرس-الأول.md	252
[م٢-ب٥-ف١-مث٨]	[ب٥-ف١-مث٨]	المجلد-الخامس/الباب-الخامس/ف01-أ-المدخل-والدرس-الأول.md	270
[م٢-ب٥-ف١-مث٩]	[ب٥-ف١-مث٩]	المجلد-الخامس/الباب-الخامس/ف01-أ-المدخل-والدرس-الأول.md	274
[م٢-ب٥-ف١-مث١٠]	[ب٥-ف١-مث١٠]	المجلد-الخامس/الباب-الخامس/ف01-أ-المدخل-والدرس-الأول.md	278
[م٢-ب٥-ف١-مث١١]	[ب٥-ف١-مث١١]	المجلد-الخامس/الباب-الخامس/ف01-ب-الدرس-الثاني.md	19
[م٢-ب٥-ف١-مث١٢]	[ب٥-ف١-مث١٢]	المجلد-الخامس/الباب-الخامس/ف01-ب-الدرس-الثاني.md	23
[م٢-ب٥-ف١-مث١٣]	[ب٥-ف١-مث١٣]	المجلد-الخامس/الباب-الخامس/ف01-ب-الدرس-الثاني.md	53
[م٢-ب٥-ف١-مث١٤]	[ب٥-ف١-مث١٤]	المجلد-الخامس/الباب-الخامس/ف01-ب-الدرس-الثاني.md	57
[م٢-ب٥-ف١-مث١٥]	[ب٥-ف١-مث١٥]	المجلد-الخامس/الباب-الخامس/ف01-ب-الدرس-الثاني.md	87
[م٢-ب٥-ف١-مث١٦]	[ب٥-ف١-مث١٦]	المجلد-الخامس/الباب-الخامس/ف01-ب-الدرس-الثاني.md	91
[م٢-ب٥-ف١-مث١٧]	[ب٥-ف١-مث١٧]	المجلد-الخامس/الباب-الخامس/ف01-ب-الدرس-الثاني.md	194
[م٢-ب٥-ف١-مث١٨]	[ب٥-ف١-مث١٨]	المجلد-الخامس/الباب-الخامس/ف01-ب-الدرس-الثاني.md	198
[م٢-ب٥-ف١-مث١٩]	[ب٥-ف١-مث١٩]	المجلد-الخامس/الباب-الخامس/ف01-ب-الدرس-الثاني.md	202
[م٢-ب٥-ف١-مث٢٠]	[ب٥-ف١-مث٢٠]	المجلد-الخامس/الباب-الخامس/ف01-ب-الدرس-الثاني.md	206
[م٢-ب٥-ف١-مث٢١]	[ب٥-ف١-مث٢١]	المجلد-الخامس/الباب-الخامس/ف01-ب-الدرس-الثاني.md	210
[م٢-ب٥-ف١-مث٢٢]	[ب٥-ف١-مث٢٢]	المجلد-الخامس/الباب-الخامس/ف01-ب-الدرس-الثاني.md	214
[م٢-ب٥-ف١-مث٢٣]	[ب٥-ف١-مث٢٣]	المجلد-الخامس/الباب-الخامس/ف01-ب-الدرس-الثاني.md	218
[م٢-ب٥-ف١-مث٢٤]	[ب٥-ف١-مث٢٤]	المجلد-الخامس/الباب-الخامس/ف01-ب-الدرس-الثاني.md	222
[م٢-ب٥-ف١-مث٢٥]	[ب٥-ف١-مث٢٥]	المجلد-الخامس/الباب-الخامس/ف01-ب-الدرس-الثاني.md	226
[م٢-ب٥-ف١-مث٢٦]	[ب٥-ف١-مث٢٦]	المجلد-الخامس/الباب-الخامس/ف01-ب-الدرس-الثاني.md	230
[م٢-ب٥-ف١-مث٢٧]	[ب٥-ف١-مث٢٧]	المجلد-الخامس/الباب-الخامس/ف01-ب-الدرس-الثاني.md	236
[م٢-ب٥-ف١-مث٢٨]	[ب٥-ف١-مث٢٨]	المجلد-الخامس/الباب-الخامس/ف01-ب-الدرس-الثاني.md	238
[م٢-ب٥-ف١-مث٢٩]	[ب٥-ف١-مث٢٩]	المجلد-الخامس/الباب-الخامس/ف01-ب-الدرس-الثاني.md	240
[م٢-ب٥-ف١-مث٣٠]	[ب٥-ف١-مث٣٠]	المجلد-الخامس/الباب-الخامس/ف01-ب-الدرس-الثاني.md	242
[م٢-ب٥-ف١-مث٣١]	[ب٥-ف١-مث٣١]	المجلد-الخامس/الباب-الخامس/ف01-ب-الدرس-الثاني.md	244
[م٢-ب٥-ف٢-مث١]	[ب٥-ف٢-مث١]	المجلد-الخامس/الباب-الخامس/ف02-أ-المدخل-والدرس-الأول.md	150
[م٢-ب٥-ف٢-مث٢]	[ب٥-ف٢-مث٢]	المجلد-الخامس/الباب-الخامس/ف02-أ-المدخل-والدرس-الأول.md	154
[م٢-ب٥-ف٢-مث٣]	[ب٥-ف٢-مث٣]	المجلد-الخامس/الباب-الخامس/ف02-أ-المدخل-والدرس-الأول.md	158
[م٢-ب٥-ف٢-مث٤]	[ب٥-ف٢-مث٤]	المجلد-الخامس/الباب-الخامس/ف02-أ-المدخل-والدرس-الأول.md	190
[م٢-ب٥-ف٢-مث٥]	[ب٥-ف٢-مث٥]	المجلد-الخامس/الباب-الخامس/ف02-أ-المدخل-والدرس-الأول.md	194
[م٢-ب٥-ف٢-مث٦]	[ب٥-ف٢-مث٦]	المجلد-الخامس/الباب-الخامس/ف02-أ-المدخل-والدرس-الأول.md	198
[م٢-ب٥-ف٢-مث٧]	[ب٥-ف٢-مث٧]	المجلد-الخامس/الباب-الخامس/ف02-ب-الدرس-الثاني.md	19
[م٢-ب٥-ف٢-مث٨]	[ب٥-ف٢-مث٨]	المجلد-الخامس/الباب-الخامس/ف02-ب-الدرس-الثاني.md	23
[م٢-ب٥-ف٢-مث٩]	[ب٥-ف٢-مث٩]	المجلد-الخامس/الباب-الخامس/ف02-ب-الدرس-الثاني.md	27
[م٢-ب٥-ف٢-مث١٠]	[ب٥-ف٢-مث١٠]	المجلد-الخامس/الباب-الخامس/ف02-ب-الدرس-الثاني.md	43
[م٢-ب٥-ف٢-مث١١]	[ب٥-ف٢-مث١١]	المجلد-الخامس/الباب-الخامس/ف02-ب-الدرس-الثاني.md	47
[م٢-ب٥-ف٢-مث١٢]	[ب٥-ف٢-مث١٢]	المجلد-الخامس/الباب-الخامس/ف02-ب-الدرس-الثاني.md	79
[م٢-ب٥-ف٢-مث١٣]	[ب٥-ف٢-مث١٣]	المجلد-الخامس/الباب-الخامس/ف02-ب-الدرس-الثاني.md	83
[م٢-ب٥-ف٢-مث١٤]	[ب٥-ف٢-مث١٤]	المجلد-الخامس/الباب-الخامس/ف02-ب-الدرس-الثاني.md	87
[م٢-ب٥-ف٢-مث١٥]	[ب٥-ف٢-مث١٥]	المجلد-الخامس/الباب-الخامس/ف02-ب-الدرس-الثاني.md	125
[م٢-ب٥-ف٢-مث١٦]	[ب٥-ف٢-مث١٦]	المجلد-الخامس/الباب-الخامس/ف02-ب-الدرس-الثاني.md	129
[م٢-ب٥-ف٢-مث١٧]	[ب٥-ف٢-مث١٧]	المجلد-الخامس/الباب-الخامس/ف02-ب-الدرس-الثاني.md	133
[م٢-ب٥-ف٢-مث١٨]	[ب٥-ف٢-مث١٨]	المجلد-الخامس/الباب-الخامس/ف02-ب-الدرس-الثاني.md	137
[م٢-ب٥-ف٢-مث١٩]	[ب٥-ف٢-مث١٩]	المجلد-الخامس/الباب-الخامس/ف02-ب-الدرس-الثاني.md	141
[م٢-ب٥-ف٢-مث٢٠]	[ب٥-ف٢-مث٢٠]	المجلد-الخامس/الباب-الخامس/ف02-ب-الدرس-الثاني.md	145
[م٢-ب٥-ف٢-مث٢١]	[ب٥-ف٢-مث٢١]	المجلد-الخامس/الباب-الخامس/ف02-ب-الدرس-الثاني.md	149
[م٢-ب٥-ف٢-مث٢٢]	[ب٥-ف٢-مث٢٢]	المجلد-الخامس/الباب-الخامس/ف02-ب-الدرس-الثاني.md	153
[م٢-ب٥-ف٢-مث٢٣]	[ب٥-ف٢-مث٢٣]	المجلد-الخامس/الباب-الخامس/ف02-ب-الدرس-الثاني.md	159
[م٢-ب٥-ف٢-مث٢٤]	[ب٥-ف٢-مث٢٤]	المجلد-الخامس/الباب-الخامس/ف02-ب-الدرس-الثاني.md	161
[م٢-ب٥-ف٢-مث٢٥]	[ب٥-ف٢-مث٢٥]	المجلد-الخامس/الباب-الخامس/ف02-ب-الدرس-الثاني.md	163
[م٢-ب٥-ف٢-مث٢٦]	[ب٥-ف٢-مث٢٦]	المجلد-الخامس/الباب-الخامس/ف02-ب-الدرس-الثاني.md	165
[م٢-ب٥-ف٢-مث٢٧]	[ب٥-ف٢-مث٢٧]	المجلد-الخامس/الباب-الخامس/ف02-ب-الدرس-الثاني.md	167
[م٢-ب٥-ف٣-مث١]	[ب٥-ف٣-مث١]	المجلد-الخامس/الباب-الخامس/ف03-أ-المدخل-والدرس-الأول.md	152
[م٢-ب٥-ف٣-مث٢]	[ب٥-ف٣-مث٢]	المجلد-الخامس/الباب-الخامس/ف03-أ-المدخل-والدرس-الأول.md	156
[م٢-ب٥-ف٣-مث٣]	[ب٥-ف٣-مث٣]	المجلد-الخامس/الباب-الخامس/ف03-أ-المدخل-والدرس-الأول.md	160
[م٢-ب٥-ف٣-مث٤]	[ب٥-ف٣-مث٤]	المجلد-الخامس/الباب-الخامس/ف03-أ-المدخل-والدرس-الأول.md	178
[م٢-ب٥-ف٣-مث٥]	[ب٥-ف٣-مث٥]	المجلد-الخامس/الباب-الخامس/ف03-أ-المدخل-والدرس-الأول.md	192
[م٢-ب٥-ف٣-مث٦]	[ب٥-ف٣-مث٦]	المجلد-الخامس/الباب-الخامس/ف03-أ-المدخل-والدرس-الأول.md	196
[م٢-ب٥-ف٣-مث٧]	[ب٥-ف٣-مث٧]	المجلد-الخامس/الباب-الخامس/ف03-أ-المدخل-والدرس-الأول.md	212
[م٢-ب٥-ف٣-مث٨]	[ب٥-ف٣-مث٨]	المجلد-الخامس/الباب-الخامس/ف03-أ-المدخل-والدرس-الأول.md	216
[م٢-ب٥-ف٣-مث٩]	[ب٥-ف٣-مث٩]	المجلد-الخامس/الباب-الخامس/ف03-ب-الدرس-الثاني.md	90
[م٢-ب٥-ف٣-مث١٠]	[ب٥-ف٣-مث١٠]	المجلد-الخامس/الباب-الخامس/ف03-ب-الدرس-الثاني.md	94
[م٢-ب٥-ف٣-مث١١]	[ب٥-ف٣-مث١١]	المجلد-الخامس/الباب-الخامس/ف03-ب-الدرس-الثاني.md	112
[م٢-ب٥-ف٣-مث١٢]	[ب٥-ف٣-مث١٢]	المجلد-الخامس/الباب-الخامس/ف03-ب-الدرس-الثاني.md	126
[م٢-ب٥-ف٣-مث١٣]	[ب٥-ف٣-مث١٣]	المجلد-الخامس/الباب-الخامس/ف03-ب-الدرس-الثاني.md	142
[م٢-ب٥-ف٣-مث١٤]	[ب٥-ف٣-مث١٤]	المجلد-الخامس/الباب-الخامس/ف03-ب-الدرس-الثاني.md	146
[م٢-ب٥-ف٣-مث١٥]	[ب٥-ف٣-مث١٥]	المجلد-الخامس/الباب-الخامس/ف03-ب-الدرس-الثاني.md	166
[م٢-ب٥-ف٣-مث١٦]	[ب٥-ف٣-مث١٦]	المجلد-الخامس/الباب-الخامس/ف03-ب-الدرس-الثاني.md	170
[م٢-ب٥-ف٣-مث١٧]	[ب٥-ف٣-مث١٧]	المجلد-الخامس/الباب-الخامس/ف03-ب-الدرس-الثاني.md	174
[م٢-ب٥-ف٤-مث١]	[ب٥-ف٤-مث١]	المجلد-الخامس/الباب-الخامس/ف04-أ-المدخل-والدرس-الأول.md	135
[م٢-ب٥-ف٤-مث٢]	[ب٥-ف٤-مث٢]	المجلد-الخامس/الباب-الخامس/ف04-أ-المدخل-والدرس-الأول.md	139
[م٢-ب٥-ف٤-مث٣]	[ب٥-ف٤-مث٣]	المجلد-الخامس/الباب-الخامس/ف04-أ-المدخل-والدرس-الأول.md	155
[م٢-ب٥-ف٤-مث٤]	[ب٥-ف٤-مث٤]	المجلد-الخامس/الباب-الخامس/ف04-أ-المدخل-والدرس-الأول.md	169
[م٢-ب٥-ف٤-مث٥]	[ب٥-ف٤-مث٥]	المجلد-الخامس/الباب-الخامس/ف04-أ-المدخل-والدرس-الأول.md	173
[م٢-ب٥-ف٤-مث٦]	[ب٥-ف٤-مث٦]	المجلد-الخامس/الباب-الخامس/ف04-أ-المدخل-والدرس-الأول.md	183
[م٢-ب٥-ف٤-مث٧]	[ب٥-ف٤-مث٧]	المجلد-الخامس/الباب-الخامس/ف04-أ-المدخل-والدرس-الأول.md	187
[م٢-ب٥-ف٤-مث٨]	[ب٥-ف٤-مث٨]	المجلد-الخامس/الباب-الخامس/ف04-ب-الدرس-الثاني.md	90
[م٢-ب٥-ف٤-مث٩]	[ب٥-ف٤-مث٩]	المجلد-الخامس/الباب-الخامس/ف04-ب-الدرس-الثاني.md	94
[م٢-ب٥-ف٤-مث١٠]	[ب٥-ف٤-مث١٠]	المجلد-الخامس/الباب-الخامس/ف04-ب-الدرس-الثاني.md	98
[م٢-ب٥-ف٤-مث١١]	[ب٥-ف٤-مث١١]	المجلد-الخامس/الباب-الخامس/ف04-ب-الدرس-الثاني.md	114
[م٢-ب٥-ف٤-مث١٢]	[ب٥-ف٤-مث١٢]	المجلد-الخامس/الباب-الخامس/ف04-ب-الدرس-الثاني.md	118
[م٢-ب٥-ف٤-مث١٣]	[ب٥-ف٤-مث١٣]	المجلد-الخامس/الباب-الخامس/ف04-ب-الدرس-الثاني.md	122
[م٢-ب٥-ف٤-مث١٤]	[ب٥-ف٤-مث١٤]	المجلد-الخامس/الباب-الخامس/ف04-ب-الدرس-الثاني.md	142
[م٢-ب٥-ف٤-مث١٥]	[ب٥-ف٤-مث١٥]	المجلد-الخامس/الباب-الخامس/ف04-ب-الدرس-الثاني.md	146
[م٢-ب٥-ف٤-مث١٦]	[ب٥-ف٤-مث١٦]	المجلد-الخامس/الباب-الخامس/ف04-ب-الدرس-الثاني.md	150
[م٢-ب٥-ف٥-مث١]	[ب٥-ف٥-مث١]	المجلد-الخامس/الباب-الخامس/ف05-أ-المدخل-والدرس-الأول.md	144
[م٢-ب٥-ف٥-مث٢]	[ب٥-ف٥-مث٢]	المجلد-الخامس/الباب-الخامس/ف05-أ-المدخل-والدرس-الأول.md	148
[م٢-ب٥-ف٥-مث٣]	[ب٥-ف٥-مث٣]	المجلد-الخامس/الباب-الخامس/ف05-أ-المدخل-والدرس-الأول.md	152
[م٢-ب٥-ف٥-مث٤]	[ب٥-ف٥-مث٤]	المجلد-الخامس/الباب-الخامس/ف05-أ-المدخل-والدرس-الأول.md	168
[م٢-ب٥-ف٥-مث٥]	[ب٥-ف٥-مث٥]	المجلد-الخامس/الباب-الخامس/ف05-أ-المدخل-والدرس-الأول.md	172
[م٢-ب٥-ف٥-مث٦]	[ب٥-ف٥-مث٦]	المجلد-الخامس/الباب-الخامس/ف05-أ-المدخل-والدرس-الأول.md	178
[م٢-ب٥-ف٥-مث٧]	[ب٥-ف٥-مث٧]	المجلد-الخامس/الباب-الخامس/ف05-أ-المدخل-والدرس-الأول.md	184
[م٢-ب٥-ف٥-مث٨]	[ب٥-ف٥-مث٨]	المجلد-الخامس/الباب-الخامس/ف05-أ-المدخل-والدرس-الأول.md	201
[م٢-ب٥-ف٥-مث٩]	[ب٥-ف٥-مث٩]	المجلد-الخامس/الباب-الخامس/ف05-ب-الدرس-الثاني.md	91
[م٢-ب٥-ف٥-مث١٠]	[ب٥-ف٥-مث١٠]	المجلد-الخامس/الباب-الخامس/ف05-ب-الدرس-الثاني.md	95
[م٢-ب٥-ف٥-مث١١]	[ب٥-ف٥-مث١١]	المجلد-الخامس/الباب-الخامس/ف05-ب-الدرس-الثاني.md	109
[م٢-ب٥-ف٥-مث١٢]	[ب٥-ف٥-مث١٢]	المجلد-الخامس/الباب-الخامس/ف05-ب-الدرس-الثاني.md	113
[م٢-ب٥-ف٥-مث١٣]	[ب٥-ف٥-مث١٣]	المجلد-الخامس/الباب-الخامس/ف05-ب-الدرس-الثاني.md	129
[م٢-ب٥-ف٥-مث١٤]	[ب٥-ف٥-مث١٤]	المجلد-الخامس/الباب-الخامس/ف05-ب-الدرس-الثاني.md	157
[م٢-ب٥-ف٥-مث١٥]	[ب٥-ف٥-مث١٥]	المجلد-الخامس/الباب-الخامس/ف05-ب-الدرس-الثاني.md	161
[م٢-ب٥-ف٦-مث١]	[ب٥-ف٦-مث١]	المجلد-الخامس/الباب-الخامس/ف06-مخاطبة-الأقران-والأدنى.md	111
[م٢-ب٥-ف٦-مث٢]	[ب٥-ف٦-مث٢]	المجلد-الخامس/الباب-الخامس/ف06-مخاطبة-الأقران-والأدنى.md	117
[م٢-ب٥-ف٦-مث٣]	[ب٥-ف٦-مث٣]	المجلد-الخامس/الباب-الخامس/ف06-مخاطبة-الأقران-والأدنى.md	121
[م٢-ب٥-ف٦-مث٤]	[ب٥-ف٦-مث٤]	المجلد-الخامس/الباب-الخامس/ف06-مخاطبة-الأقران-والأدنى.md	125
[م٢-ب٥-ف٦-مث٥]	[ب٥-ف٦-مث٥]	المجلد-الخامس/الباب-الخامس/ف06-مخاطبة-الأقران-والأدنى.md	129
[م٢-ب٥-ف٦-مث٦]	[ب٥-ف٦-مث٦]	المجلد-الخامس/الباب-الخامس/ف06-مخاطبة-الأقران-والأدنى.md	133
[م٢-ب٥-ف٦-مث٧]	[ب٥-ف٦-مث٧]	المجلد-الخامس/الباب-الخامس/ف06-مخاطبة-الأقران-والأدنى.md	137
[م٢-ب٥-ف٦-مث٨]	[ب٥-ف٦-مث٨]	المجلد-الخامس/الباب-الخامس/ف06-مخاطبة-الأقران-والأدنى.md	139
[م٢-ب٥-ف٦-مث٩]	[ب٥-ف٦-مث٩]	المجلد-الخامس/الباب-الخامس/ف06-مخاطبة-الأقران-والأدنى.md	295
[م٢-ب٥-ف٦-مث١٠]	[ب٥-ف٦-مث١٠]	المجلد-الخامس/الباب-الخامس/ف06-مخاطبة-الأقران-والأدنى.md	366
[م٢-ب٥-ف٦-مث١١]	[ب٥-ف٦-مث١١]	المجلد-الخامس/الباب-الخامس/ف06-مخاطبة-الأقران-والأدنى.md	370
[م٢-ب٥-ف٦-مث١٢]	[ب٥-ف٦-مث١٢]	المجلد-الخامس/الباب-الخامس/ف06-مخاطبة-الأقران-والأدنى.md	374
[م٢-ب٥-ف٦-مث١٣]	[ب٥-ف٦-مث١٣]	المجلد-الخامس/الباب-الخامس/ف06-مخاطبة-الأقران-والأدنى.md	380
[م٢-ب٥-ف٦-مث١٤]	[ب٥-ف٦-مث١٤]	المجلد-الخامس/الباب-الخامس/ف06-مخاطبة-الأقران-والأدنى.md	384
[م٢-ب٥-ف٦-مث١٥]	[ب٥-ف٦-مث١٥]	المجلد-الخامس/الباب-الخامس/ف06-مخاطبة-الأقران-والأدنى.md	390
[م٢-ب٥-ف٦-مث١٦]	[ب٥-ف٦-مث١٦]	المجلد-الخامس/الباب-الخامس/ف06-مخاطبة-الأقران-والأدنى.md	402
[م٢-ب٥-ف٦-مث١٧]	[ب٥-ف٦-مث١٧]	المجلد-الخامس/الباب-الخامس/ف06-مخاطبة-الأقران-والأدنى.md	406
[م٢-ب٥-ف٦-مث١٨]	[ب٥-ف٦-مث١٨]	المجلد-الخامس/الباب-الخامس/ف06-مخاطبة-الأقران-والأدنى.md	410
[م٢-ب٥-ف٦-مث١٩]	[ب٥-ف٦-مث١٩]	المجلد-الخامس/الباب-الخامس/ف06-مخاطبة-الأقران-والأدنى.md	414
[م٢-ب٥-ف٦-مث٢٠]	[ب٥-ف٦-مث٢٠]	المجلد-الخامس/الباب-الخامس/ف06-مخاطبة-الأقران-والأدنى.md	426
[م٢-ب٥-ف٦-مث٢١]	[ب٥-ف٦-مث٢١]	المجلد-الخامس/الباب-الخامس/ف06-مخاطبة-الأقران-والأدنى.md	430
[م٢-ب٥-ف٦-مث٢٢]	[ب٥-ف٦-مث٢٢]	المجلد-الخامس/الباب-الخامس/ف06-مخاطبة-الأقران-والأدنى.md	434
[م٢-ب٥-ف٦-مث٢٣]	[ب٥-ف٦-مث٢٣]	المجلد-الخامس/الباب-الخامس/ف06-مخاطبة-الأقران-والأدنى.md	438
[م٢-ب٥-ف٦-مث٢٤]	[ب٥-ف٦-مث٢٤]	المجلد-الخامس/الباب-الخامس/ف06-مخاطبة-الأقران-والأدنى.md	442
[م٢-ب٥-ف٦-مث٢٥]	[ب٥-ف٦-مث٢٥]	المجلد-الخامس/الباب-الخامس/ف06-مخاطبة-الأقران-والأدنى.md	446
[م٢-ب٥-ف٦-مث٢٦]	[ب٥-ف٦-مث٢٦]	المجلد-الخامس/الباب-الخامس/ف06-مخاطبة-الأقران-والأدنى.md	495
[م٢-ب٥-ف٧-مث١]	[ب٥-ف٧-مث١]	المجلد-الخامس/الباب-الخامس/ف07-مخاطبة-الجمهور-العام.md	159
[م٢-ب٥-ف٧-مث٢]	[ب٥-ف٧-مث٢]	المجلد-الخامس/الباب-الخامس/ف07-مخاطبة-الجمهور-العام.md	163
[م٢-ب٥-ف٧-مث٣]	[ب٥-ف٧-مث٣]	المجلد-الخامس/الباب-الخامس/ف07-مخاطبة-الجمهور-العام.md	167
[م٢-ب٥-ف٧-مث٤]	[ب٥-ف٧-مث٤]	المجلد-الخامس/الباب-الخامس/ف07-مخاطبة-الجمهور-العام.md	171
[م٢-ب٥-ف٧-مث٥]	[ب٥-ف٧-مث٥]	المجلد-الخامس/الباب-الخامس/ف07-مخاطبة-الجمهور-العام.md	175
[م٢-ب٥-ف٧-مث٦]	[ب٥-ف٧-مث٦]	المجلد-الخامس/الباب-الخامس/ف07-مخاطبة-الجمهور-العام.md	179
[م٢-ب٥-ف٧-مث٧]	[ب٥-ف٧-مث٧]	المجلد-الخامس/الباب-الخامس/ف07-مخاطبة-الجمهور-العام.md	187
[م٢-ب٥-ف٧-مث٨]	[ب٥-ف٧-مث٨]	المجلد-الخامس/الباب-الخامس/ف07-مخاطبة-الجمهور-العام.md	191
[م٢-ب٥-ف٧-مث٩]	[ب٥-ف٧-مث٩]	المجلد-الخامس/الباب-الخامس/ف07-مخاطبة-الجمهور-العام.md	195
[م٢-ب٥-ف٧-مث١٠]	[ب٥-ف٧-مث١٠]	المجلد-الخامس/الباب-الخامس/ف07-مخاطبة-الجمهور-العام.md	201
[م٢-ب٥-ف٧-مث١١]	[ب٥-ف٧-مث١١]	المجلد-الخامس/الباب-الخامس/ف07-مخاطبة-الجمهور-العام.md	205
[م٢-ب٥-ف٧-مث١٢]	[ب٥-ف٧-مث١٢]	المجلد-الخامس/الباب-الخامس/ف07-مخاطبة-الجمهور-العام.md	213
[م٢-ب٥-ف٧-مث١٣]	[ب٥-ف٧-مث١٣]	المجلد-الخامس/الباب-الخامس/ف07-مخاطبة-الجمهور-العام.md	217
[م٢-ب٥-ف٧-مث١٤]	[ب٥-ف٧-مث١٤]	المجلد-الخامس/الباب-الخامس/ف07-مخاطبة-الجمهور-العام.md	225
[م٢-ب٥-ف٧-مث١٥]	[ب٥-ف٧-مث١٥]	المجلد-الخامس/الباب-الخامس/ف07-مخاطبة-الجمهور-العام.md	229
[م٢-ب٥-ف٧-مث١٦]	[ب٥-ف٧-مث١٦]	المجلد-الخامس/الباب-الخامس/ف07-مخاطبة-الجمهور-العام.md	237
[م٢-ب٥-ف٧-مث١٧]	[ب٥-ف٧-مث١٧]	المجلد-الخامس/الباب-الخامس/ف07-مخاطبة-الجمهور-العام.md	240
[م٢-ب٥-ف٧-مث١٨]	[ب٥-ف٧-مث١٨]	المجلد-الخامس/الباب-الخامس/ف07-مخاطبة-الجمهور-العام.md	249
[م٢-ب٥-ف٧-مث١٩]	[ب٥-ف٧-مث١٩]	المجلد-الخامس/الباب-الخامس/ف07-مخاطبة-الجمهور-العام.md	252
[م٢-ب٥-ف٧-مث٢٠]	[ب٥-ف٧-مث٢٠]	المجلد-الخامس/الباب-الخامس/ف07-مخاطبة-الجمهور-العام.md	255
[م٢-ب٥-ف٧-مث٢١]	[ب٥-ف٧-مث٢١]	المجلد-الخامس/الباب-الخامس/ف07-مخاطبة-الجمهور-العام.md	258
[م٢-ب٥-ف٧-مث٢٢]	[ب٥-ف٧-مث٢٢]	المجلد-الخامس/الباب-الخامس/ف07-مخاطبة-الجمهور-العام.md	263
[م٢-ب٥-ف٧-مث٢٣]	[ب٥-ف٧-مث٢٣]	المجلد-الخامس/الباب-الخامس/ف07-مخاطبة-الجمهور-العام.md	266
[م٢-ب٥-ف٧-مث٢٤]	[ب٥-ف٧-مث٢٤]	المجلد-الخامس/الباب-الخامس/ف07-مخاطبة-الجمهور-العام.md	269
[م٢-ب٥-ف٧-مث٢٥]	[ب٥-ف٧-مث٢٥]	المجلد-الخامس/الباب-الخامس/ف07-مخاطبة-الجمهور-العام.md	274
[م٢-ب٥-ف٧-مث٢٦]	[ب٥-ف٧-مث٢٦]	المجلد-الخامس/الباب-الخامس/ف07-مخاطبة-الجمهور-العام.md	277
[م٢-ب٥-ف٧-مث٢٧]	[ب٥-ف٧-مث٢٧]	المجلد-الخامس/الباب-الخامس/ف07-مخاطبة-الجمهور-العام.md	280
[م٢-ب٥-ف٧-مث٢٨]	[ب٥-ف٧-مث٢٨]	المجلد-الخامس/الباب-الخامس/ف07-مخاطبة-الجمهور-العام.md	285
[م٢-ب٥-ف٧-مث٢٩]	[ب٥-ف٧-مث٢٩]	المجلد-الخامس/الباب-الخامس/ف07-مخاطبة-الجمهور-العام.md	288
[م٢-ب٥-ف٧-مث٣٠]	[ب٥-ف٧-مث٣٠]	المجلد-الخامس/الباب-الخامس/ف07-مخاطبة-الجمهور-العام.md	291
[م٢-ب٥-ف٨-مث١]	[ب٥-ف٨-مث١]	المجلد-الخامس/الباب-الخامس/ف08-أ-التهدئة-وحفظ-الكرامة.md	218
[م٢-ب٥-ف٨-مث٢]	[ب٥-ف٨-مث٢]	المجلد-الخامس/الباب-الخامس/ف08-أ-التهدئة-وحفظ-الكرامة.md	222
[م٢-ب٥-ف٨-مث٣]	[ب٥-ف٨-مث٣]	المجلد-الخامس/الباب-الخامس/ف08-أ-التهدئة-وحفظ-الكرامة.md	226
[م٢-ب٥-ف٨-مث٤]	[ب٥-ف٨-مث٤]	المجلد-الخامس/الباب-الخامس/ف08-أ-التهدئة-وحفظ-الكرامة.md	230
[م٢-ب٥-ف٨-مث٥]	[ب٥-ف٨-مث٥]	المجلد-الخامس/الباب-الخامس/ف08-أ-التهدئة-وحفظ-الكرامة.md	250
[م٢-ب٥-ف٨-مث٦]	[ب٥-ف٨-مث٦]	المجلد-الخامس/الباب-الخامس/ف08-أ-التهدئة-وحفظ-الكرامة.md	254
[م٢-ب٥-ف٨-مث٧]	[ب٥-ف٨-مث٧]	المجلد-الخامس/الباب-الخامس/ف08-أ-التهدئة-وحفظ-الكرامة.md	258
[م٢-ب٥-ف٨-مث٨]	[ب٥-ف٨-مث٨]	المجلد-الخامس/الباب-الخامس/ف08-أ-التهدئة-وحفظ-الكرامة.md	266
[م٢-ب٥-ف٨-مث٩]	[ب٥-ف٨-مث٩]	المجلد-الخامس/الباب-الخامس/ف08-أ-التهدئة-وحفظ-الكرامة.md	270
[م٢-ب٥-ف٨-مث١٠]	[ب٥-ف٨-مث١٠]	المجلد-الخامس/الباب-الخامس/ف08-أ-التهدئة-وحفظ-الكرامة.md	274
[م٢-ب٥-ف٨-مث١١]	[ب٥-ف٨-مث١١]	المجلد-الخامس/الباب-الخامس/ف08-أ-التهدئة-وحفظ-الكرامة.md	278
[م٢-ب٥-ف٨-مث١٢]	[ب٥-ف٨-مث١٢]	المجلد-الخامس/الباب-الخامس/ف08-أ-التهدئة-وحفظ-الكرامة.md	282
[م٢-ب٥-ف٨-مث١٣]	[ب٥-ف٨-مث١٣]	المجلد-الخامس/الباب-الخامس/ف08-أ-التهدئة-وحفظ-الكرامة.md	286
[م٢-ب٥-ف٨-مث١٤]	[ب٥-ف٨-مث١٤]	المجلد-الخامس/الباب-الخامس/ف08-أ-التهدئة-وحفظ-الكرامة.md	290
[م٢-ب٥-ف٨-مث١٥]	[ب٥-ف٨-مث١٥]	المجلد-الخامس/الباب-الخامس/ف08-أ-التهدئة-وحفظ-الكرامة.md	294
[م٢-ب٥-ف٨-مث١٦]	[ب٥-ف٨-مث١٦]	المجلد-الخامس/الباب-الخامس/ف08-أ-التهدئة-وحفظ-الكرامة.md	298
[م٢-ب٥-ف٨-مث١٧]	[ب٥-ف٨-مث١٧]	المجلد-الخامس/الباب-الخامس/ف08-أ-التهدئة-وحفظ-الكرامة.md	302
[م٢-ب٥-ف٨-مث١٨]	[ب٥-ف٨-مث١٨]	المجلد-الخامس/الباب-الخامس/ف08-أ-التهدئة-وحفظ-الكرامة.md	306
[م٢-ب٥-ف٨-مث١٩]	[ب٥-ف٨-مث١٩]	المجلد-الخامس/الباب-الخامس/ف08-أ-التهدئة-وحفظ-الكرامة.md	310
[م٢-ب٥-ف٨-مث٢٠]	[ب٥-ف٨-مث٢٠]	المجلد-الخامس/الباب-الخامس/ف08-أ-التهدئة-وحفظ-الكرامة.md	314
[م٢-ب٤-ف١-مث١]	[ب٤-ف١-مث١]	المجلد-الرابع/الباب-الرابع/ف01-أ-المدخل-والدرس-الأول.md	176
[م٢-ب٤-ف١-مث٢]	[ب٤-ف١-مث٢]	المجلد-الرابع/الباب-الرابع/ف01-أ-المدخل-والدرس-الأول.md	180
[م٢-ب٤-ف١-مث٣]	[ب٤-ف١-مث٣]	المجلد-الرابع/الباب-الرابع/ف01-أ-المدخل-والدرس-الأول.md	184
[م٢-ب٤-ف١-مث٤]	[ب٤-ف١-مث٤]	المجلد-الرابع/الباب-الرابع/ف01-أ-المدخل-والدرس-الأول.md	188
[م٢-ب٤-ف١-مث٥]	[ب٤-ف١-مث٥]	المجلد-الرابع/الباب-الرابع/ف01-أ-المدخل-والدرس-الأول.md	194
[م٢-ب٤-ف١-مث٦]	[ب٤-ف١-مث٦]	المجلد-الرابع/الباب-الرابع/ف01-أ-المدخل-والدرس-الأول.md	213
[م٢-ب٤-ف١-مث٧]	[ب٤-ف١-مث٧]	المجلد-الرابع/الباب-الرابع/ف01-أ-المدخل-والدرس-الأول.md	217
[م٢-ب٤-ف١-مث٨]	[ب٤-ف١-مث٨]	المجلد-الرابع/الباب-الرابع/ف01-أ-المدخل-والدرس-الأول.md	221
[م٢-ب٤-ف١-مث٩]	[ب٤-ف١-مث٩]	المجلد-الرابع/الباب-الرابع/ف01-أ-المدخل-والدرس-الأول.md	225
[م٢-ب٤-ف١-مث١٠]	[ب٤-ف١-مث١٠]	المجلد-الرابع/الباب-الرابع/ف01-أ-المدخل-والدرس-الأول.md	231
[م٢-ب٤-ف١-مث١١]	[ب٤-ف١-مث١١]	المجلد-الرابع/الباب-الرابع/ف01-أ-المدخل-والدرس-الأول.md	241
[م٢-ب٤-ف١-مث١٢]	[ب٤-ف١-مث١٢]	المجلد-الرابع/الباب-الرابع/ف01-أ-المدخل-والدرس-الأول.md	245
[م٢-ب٤-ف١-مث١٣]	[ب٤-ف١-مث١٣]	المجلد-الرابع/الباب-الرابع/ف01-أ-المدخل-والدرس-الأول.md	249
[م٢-ب٤-ف١-مث١٤]	[ب٤-ف١-مث١٤]	المجلد-الرابع/الباب-الرابع/ف01-أ-المدخل-والدرس-الأول.md	253
[م٢-ب٤-ف١-مث١٥]	[ب٤-ف١-مث١٥]	المجلد-الرابع/الباب-الرابع/ف01-أ-المدخل-والدرس-الأول.md	261
[م٢-ب٤-ف١-مث١٦]	[ب٤-ف١-مث١٦]	المجلد-الرابع/الباب-الرابع/ف01-أ-المدخل-والدرس-الأول.md	265
[م٢-ب٤-ف١-مث١٧]	[ب٤-ف١-مث١٧]	المجلد-الرابع/الباب-الرابع/ف01-أ-المدخل-والدرس-الأول.md	269
[م٢-ب٤-ف١-مث١٨]	[ب٤-ف١-مث١٨]	المجلد-الرابع/الباب-الرابع/ف01-أ-المدخل-والدرس-الأول.md	273
[م٢-ب٤-ف١-مث١٩]	[ب٤-ف١-مث١٩]	المجلد-الرابع/الباب-الرابع/ف01-أ-المدخل-والدرس-الأول.md	281
[م٢-ب٤-ف١-مث٢٠]	[ب٤-ف١-مث٢٠]	المجلد-الرابع/الباب-الرابع/ف01-أ-المدخل-والدرس-الأول.md	283
[م٢-ب٤-ف١-مث٢١]	[ب٤-ف١-مث٢١]	المجلد-الرابع/الباب-الرابع/ف01-أ-المدخل-والدرس-الأول.md	285
[م٢-ب٤-ف١-مث٢٢]	[ب٤-ف١-مث٢٢]	المجلد-الرابع/الباب-الرابع/ف01-أ-المدخل-والدرس-الأول.md	287
[م٢-ب٤-ف١-مث٢٣]	[ب٤-ف١-مث٢٣]	المجلد-الرابع/الباب-الرابع/ف01-أ-المدخل-والدرس-الأول.md	289
[م٢-ب٤-ف١-مث٢٤]	[ب٤-ف١-مث٢٤]	المجلد-الرابع/الباب-الرابع/ف01-أ-المدخل-والدرس-الأول.md	299
[م٢-ب٤-ف١-مث٢٥]	[ب٤-ف١-مث٢٥]	المجلد-الرابع/الباب-الرابع/ف01-ب-الدرس-الثاني.md	37
[م٢-ب٤-ف١-مث٢٦]	[ب٤-ف١-مث٢٦]	المجلد-الرابع/الباب-الرابع/ف01-ب-الدرس-الثاني.md	47
[م٢-ب٤-ف١-مث٢٧]	[ب٤-ف١-مث٢٧]	المجلد-الرابع/الباب-الرابع/ف01-ب-الدرس-الثاني.md	55
[م٢-ب٤-ف١-مث٢٨]	[ب٤-ف١-مث٢٨]	المجلد-الرابع/الباب-الرابع/ف01-ب-الدرس-الثاني.md	58
[م٢-ب٤-ف١-مث٢٩]	[ب٤-ف١-مث٢٩]	المجلد-الرابع/الباب-الرابع/ف01-ب-الدرس-الثاني.md	68
[م٢-ب٤-ف١-مث٣٠]	[ب٤-ف١-مث٣٠]	المجلد-الرابع/الباب-الرابع/ف01-ب-الدرس-الثاني.md	80
[م٢-ب٤-ف١-مث٣١]	[ب٤-ف١-مث٣١]	المجلد-الرابع/الباب-الرابع/ف01-ب-الدرس-الثاني.md	90
[م٢-ب٤-ف١-مث٣٢]	[ب٤-ف١-مث٣٢]	المجلد-الرابع/الباب-الرابع/ف01-ب-الدرس-الثاني.md	97
[م٢-ب٤-ف١-مث٣٣]	[ب٤-ف١-مث٣٣]	المجلد-الرابع/الباب-الرابع/ف01-ب-الدرس-الثاني.md	161
[م٢-ب٤-ف١-مث٣٤]	[ب٤-ف١-مث٣٤]	المجلد-الرابع/الباب-الرابع/ف01-ب-الدرس-الثاني.md	165
[م٢-ب٤-ف١-مث٣٥]	[ب٤-ف١-مث٣٥]	المجلد-الرابع/الباب-الرابع/ف01-ب-الدرس-الثاني.md	169
[م٢-ب٤-ف١-مث٣٦]	[ب٤-ف١-مث٣٦]	المجلد-الرابع/الباب-الرابع/ف01-ب-الدرس-الثاني.md	195
[م٢-ب٤-ف٢-مث١]	[ب٤-ف٢-مث١]	المجلد-الرابع/الباب-الرابع/ف02-أ-المدخل-والدرس-الأول.md	170
[م٢-ب٤-ف٢-مث٢]	[ب٤-ف٢-مث٢]	المجلد-الرابع/الباب-الرابع/ف02-أ-المدخل-والدرس-الأول.md	174
[م٢-ب٤-ف٢-مث٣]	[ب٤-ف٢-مث٣]	المجلد-الرابع/الباب-الرابع/ف02-أ-المدخل-والدرس-الأول.md	178
[م٢-ب٤-ف٢-مث٤]	[ب٤-ف٢-مث٤]	المجلد-الرابع/الباب-الرابع/ف02-أ-المدخل-والدرس-الأول.md	182
[م٢-ب٤-ف٢-مث٥]	[ب٤-ف٢-مث٥]	المجلد-الرابع/الباب-الرابع/ف02-أ-المدخل-والدرس-الأول.md	186
[م٢-ب٤-ف٢-مث٦]	[ب٤-ف٢-مث٦]	المجلد-الرابع/الباب-الرابع/ف02-أ-المدخل-والدرس-الأول.md	200
[م٢-ب٤-ف٢-مث٧]	[ب٤-ف٢-مث٧]	المجلد-الرابع/الباب-الرابع/ف02-أ-المدخل-والدرس-الأول.md	204
[م٢-ب٤-ف٢-مث٨]	[ب٤-ف٢-مث٨]	المجلد-الرابع/الباب-الرابع/ف02-أ-المدخل-والدرس-الأول.md	208
[م٢-ب٤-ف٢-مث٩]	[ب٤-ف٢-مث٩]	المجلد-الرابع/الباب-الرابع/ف02-أ-المدخل-والدرس-الأول.md	212
[م٢-ب٤-ف٢-مث١٠]	[ب٤-ف٢-مث١٠]	المجلد-الرابع/الباب-الرابع/ف02-أ-المدخل-والدرس-الأول.md	232
[م٢-ب٤-ف٢-مث١١]	[ب٤-ف٢-مث١١]	المجلد-الرابع/الباب-الرابع/ف02-أ-المدخل-والدرس-الأول.md	237
[م٢-ب٤-ف٢-مث١٢]	[ب٤-ف٢-مث١٢]	المجلد-الرابع/الباب-الرابع/ف02-أ-المدخل-والدرس-الأول.md	242
[م٢-ب٤-ف٢-مث١٣]	[ب٤-ف٢-مث١٣]	المجلد-الرابع/الباب-الرابع/ف02-أ-المدخل-والدرس-الأول.md	247
[م٢-ب٤-ف٢-مث١٤]	[ب٤-ف٢-مث١٤]	المجلد-الرابع/الباب-الرابع/ف02-أ-المدخل-والدرس-الأول.md	251
[م٢-ب٤-ف٢-مث١٥]	[ب٤-ف٢-مث١٥]	المجلد-الرابع/الباب-الرابع/ف02-أ-المدخل-والدرس-الأول.md	255
[م٢-ب٤-ف٢-مث١٦]	[ب٤-ف٢-مث١٦]	المجلد-الرابع/الباب-الرابع/ف02-أ-المدخل-والدرس-الأول.md	269
[م٢-ب٤-ف٢-مث١٧]	[ب٤-ف٢-مث١٧]	المجلد-الرابع/الباب-الرابع/ف02-أ-المدخل-والدرس-الأول.md	273
[م٢-ب٤-ف٢-مث١٨]	[ب٤-ف٢-مث١٨]	المجلد-الرابع/الباب-الرابع/ف02-أ-المدخل-والدرس-الأول.md	277
[م٢-ب٤-ف٢-مث١٩]	[ب٤-ف٢-مث١٩]	المجلد-الرابع/الباب-الرابع/ف02-أ-المدخل-والدرس-الأول.md	281
[م٢-ب٤-ف٢-مث٢٠]	[ب٤-ف٢-مث٢٠]	المجلد-الرابع/الباب-الرابع/ف02-ب-الدرس-الثاني.md	101
[م٢-ب٤-ف٢-مث٢١]	[ب٤-ف٢-مث٢١]	المجلد-الرابع/الباب-الرابع/ف02-ب-الدرس-الثاني.md	105
[م٢-ب٤-ف٢-مث٢٢]	[ب٤-ف٢-مث٢٢]	المجلد-الرابع/الباب-الرابع/ف02-ب-الدرس-الثاني.md	110
[م٢-ب٤-ف٢-مث٢٣]	[ب٤-ف٢-مث٢٣]	المجلد-الرابع/الباب-الرابع/ف02-ب-الدرس-الثاني.md	115
[م٢-ب٤-ف٢-مث٢٤]	[ب٤-ف٢-مث٢٤]	المجلد-الرابع/الباب-الرابع/ف02-ب-الدرس-الثاني.md	119
[م٢-ب٤-ف٢-مث٢٥]	[ب٤-ف٢-مث٢٥]	المجلد-الرابع/الباب-الرابع/ف02-ب-الدرس-الثاني.md	123
[م٢-ب٤-ف٢-مث٢٦]	[ب٤-ف٢-مث٢٦]	المجلد-الرابع/الباب-الرابع/ف02-ب-الدرس-الثاني.md	127
[م٢-ب٤-ف٢-مث٢٧]	[ب٤-ف٢-مث٢٧]	المجلد-الرابع/الباب-الرابع/ف02-ب-الدرس-الثاني.md	131
[م٢-ب٤-ف٢-مث٢٨]	[ب٤-ف٢-مث٢٨]	المجلد-الرابع/الباب-الرابع/ف02-ب-الدرس-الثاني.md	135
[م٢-ب٤-ف٢-مث٢٩]	[ب٤-ف٢-مث٢٩]	المجلد-الرابع/الباب-الرابع/ف02-ب-الدرس-الثاني.md	139
[م٢-ب٤-ف٢-مث٣٠]	[ب٤-ف٢-مث٣٠]	المجلد-الرابع/الباب-الرابع/ف02-ب-الدرس-الثاني.md	145
[م٢-ب٤-ف٢-مث٣١]	[ب٤-ف٢-مث٣١]	المجلد-الرابع/الباب-الرابع/ف02-ب-الدرس-الثاني.md	147
[م٢-ب٤-ف٢-مث٣٢]	[ب٤-ف٢-مث٣٢]	المجلد-الرابع/الباب-الرابع/ف02-ب-الدرس-الثاني.md	149
[م٢-ب٤-ف٢-مث٣٣]	[ب٤-ف٢-مث٣٣]	المجلد-الرابع/الباب-الرابع/ف02-ب-الدرس-الثاني.md	151
[م٢-ب٤-ف٢-مث٣٤]	[ب٤-ف٢-مث٣٤]	المجلد-الرابع/الباب-الرابع/ف02-ب-الدرس-الثاني.md	153
[م٢-ب٤-ف٣-مث١]	[ب٤-ف٣-مث١]	المجلد-الرابع/الباب-الرابع/ف03-أ-فن-الافتتاح.md	133
[م٢-ب٤-ف٣-مث٢]	[ب٤-ف٣-مث٢]	المجلد-الرابع/الباب-الرابع/ف03-أ-فن-الافتتاح.md	138
[م٢-ب٤-ف٣-مث٣]	[ب٤-ف٣-مث٣]	المجلد-الرابع/الباب-الرابع/ف03-أ-فن-الافتتاح.md	142
[م٢-ب٤-ف٣-مث٤]	[ب٤-ف٣-مث٤]	المجلد-الرابع/الباب-الرابع/ف03-أ-فن-الافتتاح.md	146
[م٢-ب٤-ف٣-مث٥]	[ب٤-ف٣-مث٥]	المجلد-الرابع/الباب-الرابع/ف03-أ-فن-الافتتاح.md	183
[م٢-ب٤-ف٣-مث٦]	[ب٤-ف٣-مث٦]	المجلد-الرابع/الباب-الرابع/ف03-أ-فن-الافتتاح.md	202
[م٢-ب٤-ف٣-مث٧]	[ب٤-ف٣-مث٧]	المجلد-الرابع/الباب-الرابع/ف03-أ-فن-الافتتاح.md	221
[م٢-ب٤-ف٣-مث٨]	[ب٤-ف٣-مث٨]	المجلد-الرابع/الباب-الرابع/ف03-أ-فن-الافتتاح.md	240
[م٢-ب٤-ف٣-مث٩]	[ب٤-ف٣-مث٩]	المجلد-الرابع/الباب-الرابع/ف03-أ-فن-الافتتاح.md	259
[م٢-ب٤-ف٣-مث١٠]	[ب٤-ف٣-مث١٠]	المجلد-الرابع/الباب-الرابع/ف03-ب-فن-الافتتاح.md	24
[م٢-ب٤-ف٣-مث١١]	[ب٤-ف٣-مث١١]	المجلد-الرابع/الباب-الرابع/ف03-ب-فن-الافتتاح.md	46
[م٢-ب٤-ف٣-مث١٢]	[ب٤-ف٣-مث١٢]	المجلد-الرابع/الباب-الرابع/ف03-ب-فن-الافتتاح.md	67
[م٢-ب٤-ف٣-مث١٣]	[ب٤-ف٣-مث١٣]	المجلد-الرابع/الباب-الرابع/ف03-ب-فن-الافتتاح.md	91
[م٢-ب٤-ف٣-مث١٤]	[ب٤-ف٣-مث١٤]	المجلد-الرابع/الباب-الرابع/ف03-ب-فن-الافتتاح.md	110
[م٢-ب٤-ف٣-مث١٥]	[ب٤-ف٣-مث١٥]	المجلد-الرابع/الباب-الرابع/ف03-ب-فن-الافتتاح.md	129
[م٢-ب٤-ف٣-مث١٦]	[ب٤-ف٣-مث١٦]	المجلد-الرابع/الباب-الرابع/ف03-ب-فن-الافتتاح.md	155
[م٢-ب٤-ف٣-مث١٧]	[ب٤-ف٣-مث١٧]	المجلد-الرابع/الباب-الرابع/ف03-ب-فن-الافتتاح.md	159
[م٢-ب٤-ف٣-مث١٨]	[ب٤-ف٣-مث١٨]	المجلد-الرابع/الباب-الرابع/ف03-ب-فن-الافتتاح.md	163
[م٢-ب٤-ف٣-مث١٩]	[ب٤-ف٣-مث١٩]	المجلد-الرابع/الباب-الرابع/ف03-ب-فن-الافتتاح.md	167
[م٢-ب٤-ف٣-مث٢٠]	[ب٤-ف٣-مث٢٠]	المجلد-الرابع/الباب-الرابع/ف03-ب-فن-الافتتاح.md	171
[م٢-ب٤-ف٣-مث٢١]	[ب٤-ف٣-مث٢١]	المجلد-الرابع/الباب-الرابع/ف03-ج-التطبيق-والتقويم.md	27
[م٢-ب٤-ف٣-مث٢٢]	[ب٤-ف٣-مث٢٢]	المجلد-الرابع/الباب-الرابع/ف03-ج-التطبيق-والتقويم.md	46
[م٢-ب٤-ف٣-مث٢٣]	[ب٤-ف٣-مث٢٣]	المجلد-الرابع/الباب-الرابع/ف03-ج-التطبيق-والتقويم.md	68
[م٢-ب٤-ف٣-مث٢٤]	[ب٤-ف٣-مث٢٤]	المجلد-الرابع/الباب-الرابع/ف03-ج-التطبيق-والتقويم.md	87
[م٢-ب٤-ف٤-مث١]	[ب٤-ف٤-مث١]	المجلد-الرابع/الباب-الرابع/ف04-أ-فن-التعريف-بالنفس.md	163
[م٢-ب٤-ف٤-مث٢]	[ب٤-ف٤-مث٢]	المجلد-الرابع/الباب-الرابع/ف04-أ-فن-التعريف-بالنفس.md	167
[م٢-ب٤-ف٤-مث٣]	[ب٤-ف٤-مث٣]	المجلد-الرابع/الباب-الرابع/ف04-أ-فن-التعريف-بالنفس.md	175
[م٢-ب٤-ف٤-مث٤]	[ب٤-ف٤-مث٤]	المجلد-الرابع/الباب-الرابع/ف04-أ-فن-التعريف-بالنفس.md	179
[م٢-ب٤-ف٤-مث٥]	[ب٤-ف٤-مث٥]	المجلد-الرابع/الباب-الرابع/ف04-ب-فن-التعريف-بالنفس.md	18
[م٢-ب٤-ف٤-مث٦]	[ب٤-ف٤-مث٦]	المجلد-الرابع/الباب-الرابع/ف04-ب-فن-التعريف-بالنفس.md	60
[م٢-ب٤-ف٤-مث٧]	[ب٤-ف٤-مث٧]	المجلد-الرابع/الباب-الرابع/ف04-ب-فن-التعريف-بالنفس.md	190
[م٢-ب٤-ف٤-مث٨]	[ب٤-ف٤-مث٨]	المجلد-الرابع/الباب-الرابع/ف04-ب-فن-التعريف-بالنفس.md	210
[م٢-ب٤-ف٤-مث٩]	[ب٤-ف٤-مث٩]	المجلد-الرابع/الباب-الرابع/ف04-ب-فن-التعريف-بالنفس.md	214
[م٢-ب٤-ف٤-مث١٠]	[ب٤-ف٤-مث١٠]	المجلد-الرابع/الباب-الرابع/ف04-ج-التطبيق-والتقويم.md	39
[م٢-ب٤-ف٥-مث١]	[ب٤-ف٥-مث١]	المجلد-الرابع/الباب-الرابع/ف05-أ-فن-الانتقال.md	97
[م٢-ب٤-ف٥-مث٢]	[ب٤-ف٥-مث٢]	المجلد-الرابع/الباب-الرابع/ف05-أ-فن-الانتقال.md	184
[م٢-ب٤-ف٥-مث٣]	[ب٤-ف٥-مث٣]	المجلد-الرابع/الباب-الرابع/ف05-أ-فن-الانتقال.md	188
[م٢-ب٤-ف٥-مث٤]	[ب٤-ف٥-مث٤]	المجلد-الرابع/الباب-الرابع/ف05-أ-فن-الانتقال.md	192
[م٢-ب٤-ف٥-مث٥]	[ب٤-ف٥-مث٥]	المجلد-الرابع/الباب-الرابع/ف05-أ-فن-الانتقال.md	196
[م٢-ب٤-ف٥-مث٦]	[ب٤-ف٥-مث٦]	المجلد-الرابع/الباب-الرابع/ف05-أ-فن-الانتقال.md	201
[م٢-ب٤-ف٥-مث٧]	[ب٤-ف٥-مث٧]	المجلد-الرابع/الباب-الرابع/ف05-أ-فن-الانتقال.md	205
[م٢-ب٤-ف٥-مث٨]	[ب٤-ف٥-مث٨]	المجلد-الرابع/الباب-الرابع/ف05-أ-فن-الانتقال.md	209
[م٢-ب٤-ف٥-مث٩]	[ب٤-ف٥-مث٩]	المجلد-الرابع/الباب-الرابع/ف05-أ-فن-الانتقال.md	213
[م٢-ب٤-ف٥-مث١٠]	[ب٤-ف٥-مث١٠]	المجلد-الرابع/الباب-الرابع/ف05-أ-فن-الانتقال.md	217
[م٢-ب٤-ف٥-مث١١]	[ب٤-ف٥-مث١١]	المجلد-الرابع/الباب-الرابع/ف05-أ-فن-الانتقال.md	221
[م٢-ب٤-ف٥-مث١٢]	[ب٤-ف٥-مث١٢]	المجلد-الرابع/الباب-الرابع/ف05-أ-فن-الانتقال.md	233
[م٢-ب٤-ف٥-مث١٣]	[ب٤-ف٥-مث١٣]	المجلد-الرابع/الباب-الرابع/ف05-أ-فن-الانتقال.md	239
[م٢-ب٤-ف٥-مث١٤]	[ب٤-ف٥-مث١٤]	المجلد-الرابع/الباب-الرابع/ف05-أ-فن-الانتقال.md	247
[م٢-ب٤-ف٥-مث١٥]	[ب٤-ف٥-مث١٥]	المجلد-الرابع/الباب-الرابع/ف05-أ-فن-الانتقال.md	253
[م٢-ب٤-ف٥-مث١٦]	[ب٤-ف٥-مث١٦]	المجلد-الرابع/الباب-الرابع/ف05-أ-فن-الانتقال.md	259
[م٢-ب٤-ف٥-مث١٧]	[ب٤-ف٥-مث١٧]	المجلد-الرابع/الباب-الرابع/ف05-أ-فن-الانتقال.md	267
[م٢-ب٤-ف٥-مث١٨]	[ب٤-ف٥-مث١٨]	المجلد-الرابع/الباب-الرابع/ف05-أ-فن-الانتقال.md	273
[م٢-ب٤-ف٥-مث١٩]	[ب٤-ف٥-مث١٩]	المجلد-الرابع/الباب-الرابع/ف05-أ-فن-الانتقال.md	279
[م٢-ب٤-ف٥-مث٢٠]	[ب٤-ف٥-مث٢٠]	المجلد-الرابع/الباب-الرابع/ف05-أ-فن-الانتقال.md	304
[م٢-ب٤-ف٥-مث٢١]	[ب٤-ف٥-مث٢١]	المجلد-الرابع/الباب-الرابع/ف05-أ-فن-الانتقال.md	308
[م٢-ب٤-ف٥-مث٢٢]	[ب٤-ف٥-مث٢٢]	المجلد-الرابع/الباب-الرابع/ف05-أ-فن-الانتقال.md	312
[م٢-ب٤-ف٥-مث٢٣]	[ب٤-ف٥-مث٢٣]	المجلد-الرابع/الباب-الرابع/ف05-أ-فن-الانتقال.md	316
[م٢-ب٤-ف٥-مث٢٤]	[ب٤-ف٥-مث٢٤]	المجلد-الرابع/الباب-الرابع/ف05-أ-فن-الانتقال.md	320
[م٢-ب٤-ف٥-مث٢٥]	[ب٤-ف٥-مث٢٥]	المجلد-الرابع/الباب-الرابع/ف05-أ-فن-الانتقال.md	324
[م٢-ب٤-ف٥-مث٢٦]	[ب٤-ف٥-مث٢٦]	المجلد-الرابع/الباب-الرابع/ف05-أ-فن-الانتقال.md	336
[م٢-ب٤-ف٥-مث٢٧]	[ب٤-ف٥-مث٢٧]	المجلد-الرابع/الباب-الرابع/ف05-أ-فن-الانتقال.md	342
[م٢-ب٤-ف٥-مث٢٨]	[ب٤-ف٥-مث٢٨]	المجلد-الرابع/الباب-الرابع/ف05-ب-التطبيق-والتقويم.md	22
[م٢-ب٤-ف٥-مث٢٩]	[ب٤-ف٥-مث٢٩]	المجلد-الرابع/الباب-الرابع/ف05-ب-التطبيق-والتقويم.md	26
[م٢-ب٤-ف٥-مث٣٠]	[ب٤-ف٥-مث٣٠]	المجلد-الرابع/الباب-الرابع/ف05-ب-التطبيق-والتقويم.md	30
[م٢-ب٤-ف٦-مث١]	[ب٤-ف٦-مث١]	المجلد-الرابع/الباب-الرابع/ف06-أ-فن-الخاتمة.md	174
[م٢-ب٤-ف٦-مث٢]	[ب٤-ف٦-مث٢]	المجلد-الرابع/الباب-الرابع/ف06-أ-فن-الخاتمة.md	182
[م٢-ب٤-ف٦-مث٣]	[ب٤-ف٦-مث٣]	المجلد-الرابع/الباب-الرابع/ف06-أ-فن-الخاتمة.md	190
[م٢-ب٤-ف٦-مث٤]	[ب٤-ف٦-مث٤]	المجلد-الرابع/الباب-الرابع/ف06-أ-فن-الخاتمة.md	196
[م٢-ب٤-ف٦-مث٥]	[ب٤-ف٦-مث٥]	المجلد-الرابع/الباب-الرابع/ف06-أ-فن-الخاتمة.md	204
[م٢-ب٤-ف٦-مث٦]	[ب٤-ف٦-مث٦]	المجلد-الرابع/الباب-الرابع/ف06-أ-فن-الخاتمة.md	212
[م٢-ب٤-ف٦-مث٧]	[ب٤-ف٦-مث٧]	المجلد-الرابع/الباب-الرابع/ف06-أ-فن-الخاتمة.md	218
[م٢-ب٤-ف٦-مث٨]	[ب٤-ف٦-مث٨]	المجلد-الرابع/الباب-الرابع/ف06-أ-فن-الخاتمة.md	226
[م٢-ب٤-ف٦-مث٩]	[ب٤-ف٦-مث٩]	المجلد-الرابع/الباب-الرابع/ف06-أ-فن-الخاتمة.md	234
[م٢-ب٤-ف٦-مث١٠]	[ب٤-ف٦-مث١٠]	المجلد-الرابع/الباب-الرابع/ف06-أ-فن-الخاتمة.md	242
[م٢-ب٤-ف٦-مث١١]	[ب٤-ف٦-مث١١]	المجلد-الرابع/الباب-الرابع/ف06-أ-فن-الخاتمة.md	250
[م٢-ب٤-ف٦-مث١٢]	[ب٤-ف٦-مث١٢]	المجلد-الرابع/الباب-الرابع/ف06-أ-فن-الخاتمة.md	258
[م٢-ب٤-ف٦-مث١٣]	[ب٤-ف٦-مث١٣]	المجلد-الرابع/الباب-الرابع/ف06-أ-فن-الخاتمة.md	283
[م٢-ب٤-ف٦-مث١٤]	[ب٤-ف٦-مث١٤]	المجلد-الرابع/الباب-الرابع/ف06-أ-فن-الخاتمة.md	287
[م٢-ب٤-ف٦-مث١٥]	[ب٤-ف٦-مث١٥]	المجلد-الرابع/الباب-الرابع/ف06-أ-فن-الخاتمة.md	291
[م٢-ب٤-ف٦-مث١٦]	[ب٤-ف٦-مث١٦]	المجلد-الرابع/الباب-الرابع/ف06-أ-فن-الخاتمة.md	295
[م٢-ب٤-ف٦-مث١٧]	[ب٤-ف٦-مث١٧]	المجلد-الرابع/الباب-الرابع/ف06-ب-خواتيم-المقامات.md	282
[م٢-ب٤-ف٦-مث١٨]	[ب٤-ف٦-مث١٨]	المجلد-الرابع/الباب-الرابع/ف06-ب-خواتيم-المقامات.md	286
[م٢-ب٤-ف٦-مث١٩]	[ب٤-ف٦-مث١٩]	المجلد-الرابع/الباب-الرابع/ف06-ب-خواتيم-المقامات.md	290
[م٢-ب٤-ف٧-مث١]	[ب٤-ف٧-مث١]	المجلد-الرابع/الباب-الرابع/ف07-أ-من-علم-المعاني.md	73
[م٢-ب٤-ف٧-مث٢]	[ب٤-ف٧-مث٢]	المجلد-الرابع/الباب-الرابع/ف07-أ-من-علم-المعاني.md	77
[م٢-ب٤-ف٧-مث٣]	[ب٤-ف٧-مث٣]	المجلد-الرابع/الباب-الرابع/ف07-أ-من-علم-المعاني.md	83
[م٢-ب٤-ف٧-مث٤]	[ب٤-ف٧-مث٤]	المجلد-الرابع/الباب-الرابع/ف07-أ-من-علم-المعاني.md	87
[م٢-ب٤-ف٧-مث٥]	[ب٤-ف٧-مث٥]	المجلد-الرابع/الباب-الرابع/ف07-أ-من-علم-المعاني.md	91
[م٢-ب٤-ف٧-مث٦]	[ب٤-ف٧-مث٦]	المجلد-الرابع/الباب-الرابع/ف07-أ-من-علم-المعاني.md	95
[م٢-ب٤-ف٧-مث٧]	[ب٤-ف٧-مث٧]	المجلد-الرابع/الباب-الرابع/ف07-أ-من-علم-المعاني.md	105
[م٢-ب٤-ف٧-مث٨]	[ب٤-ف٧-مث٨]	المجلد-الرابع/الباب-الرابع/ف07-أ-من-علم-المعاني.md	109
[م٢-ب٤-ف٧-مث٩]	[ب٤-ف٧-مث٩]	المجلد-الرابع/الباب-الرابع/ف07-أ-من-علم-المعاني.md	113
[م٢-ب٤-ف٧-مث١٠]	[ب٤-ف٧-مث١٠]	المجلد-الرابع/الباب-الرابع/ف07-أ-من-علم-المعاني.md	117
[م٢-ب٤-ف٧-مث١١]	[ب٤-ف٧-مث١١]	المجلد-الرابع/الباب-الرابع/ف07-أ-من-علم-المعاني.md	121
[م٢-ب٤-ف٧-مث١٢]	[ب٤-ف٧-مث١٢]	المجلد-الرابع/الباب-الرابع/ف07-أ-من-علم-المعاني.md	133
[م٢-ب٤-ف٧-مث١٣]	[ب٤-ف٧-مث١٣]	المجلد-الرابع/الباب-الرابع/ف07-أ-من-علم-المعاني.md	137
[م٢-ب٤-ف٧-مث١٤]	[ب٤-ف٧-مث١٤]	المجلد-الرابع/الباب-الرابع/ف07-أ-من-علم-المعاني.md	141
[م٢-ب٤-ف٧-مث١٥]	[ب٤-ف٧-مث١٥]	المجلد-الرابع/الباب-الرابع/ف07-أ-من-علم-المعاني.md	145
[م٢-ب٤-ف٧-مث١٦]	[ب٤-ف٧-مث١٦]	المجلد-الرابع/الباب-الرابع/ف07-أ-من-علم-المعاني.md	149
[م٢-ب٤-ف٧-مث١٧]	[ب٤-ف٧-مث١٧]	المجلد-الرابع/الباب-الرابع/ف07-أ-من-علم-المعاني.md	161
[م٢-ب٤-ف٧-مث١٨]	[ب٤-ف٧-مث١٨]	المجلد-الرابع/الباب-الرابع/ف07-أ-من-علم-المعاني.md	165
[م٢-ب٤-ف٧-مث١٩]	[ب٤-ف٧-مث١٩]	المجلد-الرابع/الباب-الرابع/ف07-أ-من-علم-المعاني.md	169
[م٢-ب٤-ف٧-مث٢٠]	[ب٤-ف٧-مث٢٠]	المجلد-الرابع/الباب-الرابع/ف07-أ-من-علم-المعاني.md	173
[م٢-ب٤-ف٨-مث١]	[ب٤-ف٨-مث١]	المجلد-الرابع/الباب-الرابع/ف08-أ-من-علم-البيان.md	62
[م٢-ب٤-ف٨-مث٢]	[ب٤-ف٨-مث٢]	المجلد-الرابع/الباب-الرابع/ف08-أ-من-علم-البيان.md	66
[م٢-ب٤-ف٨-مث٣]	[ب٤-ف٨-مث٣]	المجلد-الرابع/الباب-الرابع/ف08-أ-من-علم-البيان.md	70
[م٢-ب٤-ف٨-مث٤]	[ب٤-ف٨-مث٤]	المجلد-الرابع/الباب-الرابع/ف08-أ-من-علم-البيان.md	74
[م٢-ب٤-ف٨-مث٥]	[ب٤-ف٨-مث٥]	المجلد-الرابع/الباب-الرابع/ف08-أ-من-علم-البيان.md	78
[م٢-ب٤-ف٨-مث٦]	[ب٤-ف٨-مث٦]	المجلد-الرابع/الباب-الرابع/ف08-أ-من-علم-البيان.md	82
[م٢-ب٤-ف٨-مث٧]	[ب٤-ف٨-مث٧]	المجلد-الرابع/الباب-الرابع/ف08-أ-من-علم-البيان.md	90
[م٢-ب٤-ف٨-مث٨]	[ب٤-ف٨-مث٨]	المجلد-الرابع/الباب-الرابع/ف08-أ-من-علم-البيان.md	94
[م٢-ب٤-ف٨-مث٩]	[ب٤-ف٨-مث٩]	المجلد-الرابع/الباب-الرابع/ف08-أ-من-علم-البيان.md	98
[م٢-ب٤-ف٨-مث١٠]	[ب٤-ف٨-مث١٠]	المجلد-الرابع/الباب-الرابع/ف08-أ-من-علم-البيان.md	102
[م٢-ب٤-ف٨-مث١١]	[ب٤-ف٨-مث١١]	المجلد-الرابع/الباب-الرابع/ف08-أ-من-علم-البيان.md	111
[م٢-ب٤-ف٨-مث١٢]	[ب٤-ف٨-مث١٢]	المجلد-الرابع/الباب-الرابع/ف08-أ-من-علم-البيان.md	115
[م٢-ب٤-ف٨-مث١٣]	[ب٤-ف٨-مث١٣]	المجلد-الرابع/الباب-الرابع/ف08-أ-من-علم-البيان.md	119
[م٢-ب٤-ف٨-مث١٤]	[ب٤-ف٨-مث١٤]	المجلد-الرابع/الباب-الرابع/ف08-أ-من-علم-البيان.md	123
[م٢-ب٤-ف٨-مث١٥]	[ب٤-ف٨-مث١٥]	المجلد-الرابع/الباب-الرابع/ف08-أ-من-علم-البيان.md	135
[م٢-ب٤-ف٨-مث١٦]	[ب٤-ف٨-مث١٦]	المجلد-الرابع/الباب-الرابع/ف08-أ-من-علم-البيان.md	137
[م٢-ب٤-ف٨-مث١٧]	[ب٤-ف٨-مث١٧]	المجلد-الرابع/الباب-الرابع/ف08-أ-من-علم-البيان.md	139
[م٢-ب٤-ف٨-مث١٨]	[ب٤-ف٨-مث١٨]	المجلد-الرابع/الباب-الرابع/ف08-أ-من-علم-البيان.md	153
[م٢-ب٤-ف٨-مث١٩]	[ب٤-ف٨-مث١٩]	المجلد-الرابع/الباب-الرابع/ف08-أ-من-علم-البيان.md	157
[م٢-ب٤-ف٩-مث١]	[ب٤-ف٩-مث١]	المجلد-الرابع/الباب-الرابع/ف09-أ-من-علم-البديع.md	66
[م٢-ب٤-ف٩-مث٢]	[ب٤-ف٩-مث٢]	المجلد-الرابع/الباب-الرابع/ف09-أ-من-علم-البديع.md	70
[م٢-ب٤-ف٩-مث٣]	[ب٤-ف٩-مث٣]	المجلد-الرابع/الباب-الرابع/ف09-أ-من-علم-البديع.md	73
[م٢-ب٤-ف٩-مث٤]	[ب٤-ف٩-مث٤]	المجلد-الرابع/الباب-الرابع/ف09-أ-من-علم-البديع.md	77
[م٢-ب٤-ف٩-مث٥]	[ب٤-ف٩-مث٥]	المجلد-الرابع/الباب-الرابع/ف09-أ-من-علم-البديع.md	88
[م٢-ب٤-ف٩-مث٦]	[ب٤-ف٩-مث٦]	المجلد-الرابع/الباب-الرابع/ف09-أ-من-علم-البديع.md	91
[م٢-ب٤-ف٩-مث٧]	[ب٤-ف٩-مث٧]	المجلد-الرابع/الباب-الرابع/ف09-أ-من-علم-البديع.md	95
[م٢-ب٤-ف٩-مث٨]	[ب٤-ف٩-مث٨]	المجلد-الرابع/الباب-الرابع/ف09-أ-من-علم-البديع.md	104
[م٢-ب٤-ف٩-مث٩]	[ب٤-ف٩-مث٩]	المجلد-الرابع/الباب-الرابع/ف09-أ-من-علم-البديع.md	107
[م٢-ب٤-ف٩-مث١٠]	[ب٤-ف٩-مث١٠]	المجلد-الرابع/الباب-الرابع/ف09-أ-من-علم-البديع.md	110
[م٢-ب٤-ف٩-مث١١]	[ب٤-ف٩-مث١١]	المجلد-الرابع/الباب-الرابع/ف09-أ-من-علم-البديع.md	120
[م٢-ب٤-ف٩-مث١٢]	[ب٤-ف٩-مث١٢]	المجلد-الرابع/الباب-الرابع/ف09-أ-من-علم-البديع.md	124
[م٢-ب٤-ف٩-مث١٣]	[ب٤-ف٩-مث١٣]	المجلد-الرابع/الباب-الرابع/ف09-أ-من-علم-البديع.md	128
[م٢-ب٤-ف٩-مث١٤]	[ب٤-ف٩-مث١٤]	المجلد-الرابع/الباب-الرابع/ف09-أ-من-علم-البديع.md	131
[م٢-ب٤-ف٩-مث١٥]	[ب٤-ف٩-مث١٥]	المجلد-الرابع/الباب-الرابع/ف09-ب-التطبيق-والتقويم.md	7
[م٢-ب٤-ف٩-مث١٦]	[ب٤-ف٩-مث١٦]	المجلد-الرابع/الباب-الرابع/ف09-ب-التطبيق-والتقويم.md	11
[م٢-ب٤-ف٩-مث١٧]	[ب٤-ف٩-مث١٧]	المجلد-الرابع/الباب-الرابع/ف09-ب-التطبيق-والتقويم.md	15
[م٢-ب٤-ف١٠-مث١]	[ب٤-ف١٠-مث١]	المجلد-الرابع/الباب-الرابع/ف10-أ-الاقتباس-والتضمين.md	70
[م٢-ب٤-ف١٠-مث٢]	[ب٤-ف١٠-مث٢]	المجلد-الرابع/الباب-الرابع/ف10-أ-الاقتباس-والتضمين.md	74
[م٢-ب٤-ف١٠-مث٣]	[ب٤-ف١٠-مث٣]	المجلد-الرابع/الباب-الرابع/ف10-أ-الاقتباس-والتضمين.md	78
[م٢-ب٤-ف١٠-مث٤]	[ب٤-ف١٠-مث٤]	المجلد-الرابع/الباب-الرابع/ف10-أ-الاقتباس-والتضمين.md	82
[م٢-ب٤-ف١٠-مث٥]	[ب٤-ف١٠-مث٥]	المجلد-الرابع/الباب-الرابع/ف10-أ-الاقتباس-والتضمين.md	86
[م٢-ب٤-ف١٠-مث٦]	[ب٤-ف١٠-مث٦]	المجلد-الرابع/الباب-الرابع/ف10-أ-الاقتباس-والتضمين.md	119
[م٢-ب٤-ف١٠-مث٧]	[ب٤-ف١٠-مث٧]	المجلد-الرابع/الباب-الرابع/ف10-أ-الاقتباس-والتضمين.md	123
[م٢-ب٤-ف١٠-مث٨]	[ب٤-ف١٠-مث٨]	المجلد-الرابع/الباب-الرابع/ف10-أ-الاقتباس-والتضمين.md	126
[م٢-ب٤-ف١٠-مث٩]	[ب٤-ف١٠-مث٩]	المجلد-الرابع/الباب-الرابع/ف10-أ-الاقتباس-والتضمين.md	130
[م٢-ب٤-ف١٠-مث١٠]	[ب٤-ف١٠-مث١٠]	المجلد-الرابع/الباب-الرابع/ف10-أ-الاقتباس-والتضمين.md	134
[م٢-ب٤-ف١٠-مث١١]	[ب٤-ف١٠-مث١١]	المجلد-الرابع/الباب-الرابع/ف10-أ-الاقتباس-والتضمين.md	138
[م٢-ب٤-ف١٠-مث١٢]	[ب٤-ف١٠-مث١٢]	المجلد-الرابع/الباب-الرابع/ف10-أ-الاقتباس-والتضمين.md	142
[م٢-ب٤-ف١٠-مث١٣]	[ب٤-ف١٠-مث١٣]	المجلد-الرابع/الباب-الرابع/ف10-ب-الشعر-والأمثال.md	15
[م٢-ب٤-ف١٠-مث١٤]	[ب٤-ف١٠-مث١٤]	المجلد-الرابع/الباب-الرابع/ف10-ب-الشعر-والأمثال.md	19
[م٢-ب٤-ف١٠-مث١٥]	[ب٤-ف١٠-مث١٥]	المجلد-الرابع/الباب-الرابع/ف10-ب-الشعر-والأمثال.md	23
[م٢-ب٤-ف١٠-مث١٦]	[ب٤-ف١٠-مث١٦]	المجلد-الرابع/الباب-الرابع/ف10-ب-الشعر-والأمثال.md	27
[م٢-ب٤-ف١٠-مث١٧]	[ب٤-ف١٠-مث١٧]	المجلد-الرابع/الباب-الرابع/ف10-ب-الشعر-والأمثال.md	41
[م٢-ب٤-ف١٠-مث١٨]	[ب٤-ف١٠-مث١٨]	المجلد-الرابع/الباب-الرابع/ف10-ب-الشعر-والأمثال.md	44
[م٢-ب٤-ف١٠-مث١٩]	[ب٤-ف١٠-مث١٩]	المجلد-الرابع/الباب-الرابع/ف10-ب-الشعر-والأمثال.md	47
[م٢-ب٤-ف١٠-مث٢٠]	[ب٤-ف١٠-مث٢٠]	المجلد-الرابع/الباب-الرابع/ف10-ب-الشعر-والأمثال.md	51
[م٢-ب٤-ف١٠-مث٢١]	[ب٤-ف١٠-مث٢١]	المجلد-الرابع/الباب-الرابع/ف10-ب-الشعر-والأمثال.md	73
[م٢-ب٤-ف١٠-مث٢٢]	[ب٤-ف١٠-مث٢٢]	المجلد-الرابع/الباب-الرابع/ف10-ب-الشعر-والأمثال.md	77
[م٢-ب٤-ف١٠-مث٢٣]	[ب٤-ف١٠-مث٢٣]	المجلد-الرابع/الباب-الرابع/ف10-ب-الشعر-والأمثال.md	81
[م٢-ب٤-ف١٠-مث٢٤]	[ب٤-ف١٠-مث٢٤]	المجلد-الرابع/الباب-الرابع/ف10-ب-الشعر-والأمثال.md	85
[م٣-ب٧-ف١-مث١]	[ب٧-ف١-مث١]	المجلد-السابع/الباب-السابع/ف01-أ-السؤال-المدخل-والدرس-الأول.md	201
[م٣-ب٧-ف١-مث٢]	[ب٧-ف١-مث٢]	المجلد-السابع/الباب-السابع/ف01-أ-السؤال-المدخل-والدرس-الأول.md	205
[م٣-ب٧-ف١-مث٣]	[ب٧-ف١-مث٣]	المجلد-السابع/الباب-السابع/ف01-أ-السؤال-المدخل-والدرس-الأول.md	209
[م٣-ب٧-ف١-مث٤]	[ب٧-ف١-مث٤]	المجلد-السابع/الباب-السابع/ف01-أ-السؤال-المدخل-والدرس-الأول.md	213
[م٣-ب٧-ف١-مث٥]	[ب٧-ف١-مث٥]	المجلد-السابع/الباب-السابع/ف01-أ-السؤال-المدخل-والدرس-الأول.md	217
[م٣-ب٧-ف١-مث٦]	[ب٧-ف١-مث٦]	المجلد-السابع/الباب-السابع/ف01-أ-السؤال-المدخل-والدرس-الأول.md	231
[م٣-ب٧-ف١-مث٧]	[ب٧-ف١-مث٧]	المجلد-السابع/الباب-السابع/ف01-أ-السؤال-المدخل-والدرس-الأول.md	235
[م٣-ب٧-ف١-مث٨]	[ب٧-ف١-مث٨]	المجلد-السابع/الباب-السابع/ف01-أ-السؤال-المدخل-والدرس-الأول.md	239
[م٣-ب٧-ف١-مث٩]	[ب٧-ف١-مث٩]	المجلد-السابع/الباب-السابع/ف01-أ-السؤال-المدخل-والدرس-الأول.md	243
[م٣-ب٧-ف١-مث١٠]	[ب٧-ف١-مث١٠]	المجلد-السابع/الباب-السابع/ف01-أ-السؤال-المدخل-والدرس-الأول.md	247
[م٣-ب٧-ف١-مث١١]	[ب٧-ف١-مث١١]	المجلد-السابع/الباب-السابع/ف01-أ-السؤال-المدخل-والدرس-الأول.md	255
[م٣-ب٧-ف١-مث١٢]	[ب٧-ف١-مث١٢]	المجلد-السابع/الباب-السابع/ف01-أ-السؤال-المدخل-والدرس-الأول.md	259
[م٣-ب٧-ف١-مث١٣]	[ب٧-ف١-مث١٣]	المجلد-السابع/الباب-السابع/ف01-أ-السؤال-المدخل-والدرس-الأول.md	263
[م٣-ب٧-ف١-مث١٤]	[ب٧-ف١-مث١٤]	المجلد-السابع/الباب-السابع/ف01-أ-السؤال-المدخل-والدرس-الأول.md	267
[م٣-ب٧-ف١-مث١٥]	[ب٧-ف١-مث١٥]	المجلد-السابع/الباب-السابع/ف01-أ-السؤال-المدخل-والدرس-الأول.md	271
[م٣-ب٧-ف١-مث١٦]	[ب٧-ف١-مث١٦]	المجلد-السابع/الباب-السابع/ف01-أ-السؤال-المدخل-والدرس-الأول.md	281
[م٣-ب٧-ف١-مث١٧]	[ب٧-ف١-مث١٧]	المجلد-السابع/الباب-السابع/ف01-أ-السؤال-المدخل-والدرس-الأول.md	285
[م٣-ب٧-ف١-مث١٨]	[ب٧-ف١-مث١٨]	المجلد-السابع/الباب-السابع/ف01-أ-السؤال-المدخل-والدرس-الأول.md	289
[م٣-ب٧-ف١-مث١٩]	[ب٧-ف١-مث١٩]	المجلد-السابع/الباب-السابع/ف01-أ-السؤال-المدخل-والدرس-الأول.md	293
[م٣-ب٧-ف١-مث٢٠]	[ب٧-ف١-مث٢٠]	المجلد-السابع/الباب-السابع/ف01-أ-السؤال-المدخل-والدرس-الأول.md	297
[م٣-ب٧-ف١-مث٢١]	[ب٧-ف١-مث٢١]	المجلد-السابع/الباب-السابع/ف01-أ-السؤال-المدخل-والدرس-الأول.md	318
[م٣-ب٧-ف١-مث٢٢]	[ب٧-ف١-مث٢٢]	المجلد-السابع/الباب-السابع/ف01-أ-السؤال-المدخل-والدرس-الأول.md	322
[م٣-ب٧-ف١-مث٢٣]	[ب٧-ف١-مث٢٣]	المجلد-السابع/الباب-السابع/ف01-أ-السؤال-المدخل-والدرس-الأول.md	326
[م٣-ب٧-ف١-مث٢٤]	[ب٧-ف١-مث٢٤]	المجلد-السابع/الباب-السابع/ف01-أ-السؤال-المدخل-والدرس-الأول.md	330
[م٣-ب٧-ف١-مث٢٥]	[ب٧-ف١-مث٢٥]	المجلد-السابع/الباب-السابع/ف01-أ-السؤال-المدخل-والدرس-الأول.md	340
[م٣-ب٧-ف١-مث٢٦]	[ب٧-ف١-مث٢٦]	المجلد-السابع/الباب-السابع/ف01-أ-السؤال-المدخل-والدرس-الأول.md	344
[م٣-ب٧-ف١-مث٢٧]	[ب٧-ف١-مث٢٧]	المجلد-السابع/الباب-السابع/ف01-أ-السؤال-المدخل-والدرس-الأول.md	348
[م٣-ب٧-ف١-مث٢٨]	[ب٧-ف١-مث٢٨]	المجلد-السابع/الباب-السابع/ف01-أ-السؤال-المدخل-والدرس-الأول.md	352
[م٣-ب٧-ف١-مث٢٩]	[ب٧-ف١-مث٢٩]	المجلد-السابع/الباب-السابع/ف01-أ-السؤال-المدخل-والدرس-الأول.md	356
[م٣-ب٧-ف١-مث٣٠]	[ب٧-ف١-مث٣٠]	المجلد-السابع/الباب-السابع/ف01-أ-السؤال-المدخل-والدرس-الأول.md	360
[م٣-ب٧-ف١-مث٣١]	[ب٧-ف١-مث٣١]	المجلد-السابع/الباب-السابع/ف01-أ-السؤال-المدخل-والدرس-الأول.md	371
[م٣-ب٧-ف١-مث٣٢]	[ب٧-ف١-مث٣٢]	المجلد-السابع/الباب-السابع/ف01-أ-السؤال-المدخل-والدرس-الأول.md	377
[م٣-ب٧-ف١-مث٣٣]	[ب٧-ف١-مث٣٣]	المجلد-السابع/الباب-السابع/ف01-أ-السؤال-المدخل-والدرس-الأول.md	394
[م٣-ب٧-ف١-مث٣٤]	[ب٧-ف١-مث٣٤]	المجلد-السابع/الباب-السابع/ف01-أ-السؤال-المدخل-والدرس-الأول.md	396
[م٣-ب٧-ف١-مث٣٥]	[ب٧-ف١-مث٣٥]	المجلد-السابع/الباب-السابع/ف01-أ-السؤال-المدخل-والدرس-الأول.md	398
[م٣-ب٧-ف١-مث٣٦]	[ب٧-ف١-مث٣٦]	المجلد-السابع/الباب-السابع/ف01-أ-السؤال-المدخل-والدرس-الأول.md	400
[م٣-ب٧-ف١-مث٣٧]	[ب٧-ف١-مث٣٧]	المجلد-السابع/الباب-السابع/ف01-أ-السؤال-المدخل-والدرس-الأول.md	402
[م٣-ب٧-ف١-مث٣٨]	[ب٧-ف١-مث٣٨]	المجلد-السابع/الباب-السابع/ف01-ب-السؤال-الدرس-الثاني.md	100
[م٣-ب٧-ف١-مث٣٩]	[ب٧-ف١-مث٣٩]	المجلد-السابع/الباب-السابع/ف01-ب-السؤال-الدرس-الثاني.md	104
[م٣-ب٧-ف١-مث٤٠]	[ب٧-ف١-مث٤٠]	المجلد-السابع/الباب-السابع/ف01-ب-السؤال-الدرس-الثاني.md	108
[م٣-ب٧-ف١-مث٤١]	[ب٧-ف١-مث٤١]	المجلد-السابع/الباب-السابع/ف01-ب-السؤال-الدرس-الثاني.md	112
[م٣-ب٧-ف١-مث٤٢]	[ب٧-ف١-مث٤٢]	المجلد-السابع/الباب-السابع/ف01-ب-السؤال-الدرس-الثاني.md	138
[م٣-ب٧-ف١-مث٤٣]	[ب٧-ف١-مث٤٣]	المجلد-السابع/الباب-السابع/ف01-ب-السؤال-الدرس-الثاني.md	142
[م٣-ب٧-ف١-مث٤٤]	[ب٧-ف١-مث٤٤]	المجلد-السابع/الباب-السابع/ف01-ب-السؤال-الدرس-الثاني.md	146
[م٣-ب٧-ف١-مث٤٥]	[ب٧-ف١-مث٤٥]	المجلد-السابع/الباب-السابع/ف01-ب-السؤال-الدرس-الثاني.md	150
[م٣-ب٧-ف١-مث٤٦]	[ب٧-ف١-مث٤٦]	المجلد-السابع/الباب-السابع/ف01-ب-السؤال-الدرس-الثاني.md	160
[م٣-ب٧-ف١-مث٤٧]	[ب٧-ف١-مث٤٧]	المجلد-السابع/الباب-السابع/ف01-ب-السؤال-الدرس-الثاني.md	164
[م٣-ب٧-ف١-مث٤٨]	[ب٧-ف١-مث٤٨]	المجلد-السابع/الباب-السابع/ف01-ب-السؤال-الدرس-الثاني.md	168
[م٣-ب٧-ف١-مث٤٩]	[ب٧-ف١-مث٤٩]	المجلد-السابع/الباب-السابع/ف01-ب-السؤال-الدرس-الثاني.md	176
[م٣-ب٧-ف١-مث٥٠]	[ب٧-ف١-مث٥٠]	المجلد-السابع/الباب-السابع/ف01-ب-السؤال-الدرس-الثاني.md	180
[م٣-ب٧-ف١-مث٥١]	[ب٧-ف١-مث٥١]	المجلد-السابع/الباب-السابع/ف01-ب-السؤال-الدرس-الثاني.md	188
[م٣-ب٧-ف١-مث٥٢]	[ب٧-ف١-مث٥٢]	المجلد-السابع/الباب-السابع/ف01-ب-السؤال-الدرس-الثاني.md	192
[م٣-ب٧-ف١-مث٥٣]	[ب٧-ف١-مث٥٣]	المجلد-السابع/الباب-السابع/ف01-ب-السؤال-الدرس-الثاني.md	200
[م٣-ب٧-ف١-مث٥٤]	[ب٧-ف١-مث٥٤]	المجلد-السابع/الباب-السابع/ف01-ب-السؤال-الدرس-الثاني.md	204
[م٣-ب٧-ف٢-مث١]	[ب٧-ف٢-مث١]	المجلد-السابع/الباب-السابع/ف02-أ-الجواب-المدخل-والدرس-الأول.md	178
[م٣-ب٧-ف٢-مث٢]	[ب٧-ف٢-مث٢]	المجلد-السابع/الباب-السابع/ف02-أ-الجواب-المدخل-والدرس-الأول.md	182
[م٣-ب٧-ف٢-مث٣]	[ب٧-ف٢-مث٣]	المجلد-السابع/الباب-السابع/ف02-أ-الجواب-المدخل-والدرس-الأول.md	186
[م٣-ب٧-ف٢-مث٤]	[ب٧-ف٢-مث٤]	المجلد-السابع/الباب-السابع/ف02-أ-الجواب-المدخل-والدرس-الأول.md	190
[م٣-ب٧-ف٢-مث٥]	[ب٧-ف٢-مث٥]	المجلد-السابع/الباب-السابع/ف02-أ-الجواب-المدخل-والدرس-الأول.md	194
[م٣-ب٧-ف٢-مث٦]	[ب٧-ف٢-مث٦]	المجلد-السابع/الباب-السابع/ف02-أ-الجواب-المدخل-والدرس-الأول.md	198
[م٣-ب٧-ف٢-مث٧]	[ب٧-ف٢-مث٧]	المجلد-السابع/الباب-السابع/ف02-أ-الجواب-المدخل-والدرس-الأول.md	208
[م٣-ب٧-ف٢-مث٨]	[ب٧-ف٢-مث٨]	المجلد-السابع/الباب-السابع/ف02-أ-الجواب-المدخل-والدرس-الأول.md	212
[م٣-ب٧-ف٢-مث٩]	[ب٧-ف٢-مث٩]	المجلد-السابع/الباب-السابع/ف02-أ-الجواب-المدخل-والدرس-الأول.md	216
[م٣-ب٧-ف٢-مث١٠]	[ب٧-ف٢-مث١٠]	المجلد-السابع/الباب-السابع/ف02-أ-الجواب-المدخل-والدرس-الأول.md	224
[م٣-ب٧-ف٢-مث١١]	[ب٧-ف٢-مث١١]	المجلد-السابع/الباب-السابع/ف02-أ-الجواب-المدخل-والدرس-الأول.md	228
[م٣-ب٧-ف٢-مث١٢]	[ب٧-ف٢-مث١٢]	المجلد-السابع/الباب-السابع/ف02-أ-الجواب-المدخل-والدرس-الأول.md	232
[م٣-ب٧-ف٢-مث١٣]	[ب٧-ف٢-مث١٣]	المجلد-السابع/الباب-السابع/ف02-أ-الجواب-المدخل-والدرس-الأول.md	240
[م٣-ب٧-ف٢-مث١٤]	[ب٧-ف٢-مث١٤]	المجلد-السابع/الباب-السابع/ف02-أ-الجواب-المدخل-والدرس-الأول.md	244
[م٣-ب٧-ف٢-مث١٥]	[ب٧-ف٢-مث١٥]	المجلد-السابع/الباب-السابع/ف02-أ-الجواب-المدخل-والدرس-الأول.md	248
[م٣-ب٧-ف٢-مث١٦]	[ب٧-ف٢-مث١٦]	المجلد-السابع/الباب-السابع/ف02-أ-الجواب-المدخل-والدرس-الأول.md	254
[م٣-ب٧-ف٢-مث١٧]	[ب٧-ف٢-مث١٧]	المجلد-السابع/الباب-السابع/ف02-أ-الجواب-المدخل-والدرس-الأول.md	281
[م٣-ب٧-ف٢-مث١٨]	[ب٧-ف٢-مث١٨]	المجلد-السابع/الباب-السابع/ف02-أ-الجواب-المدخل-والدرس-الأول.md	283
[م٣-ب٧-ف٢-مث١٩]	[ب٧-ف٢-مث١٩]	المجلد-السابع/الباب-السابع/ف02-أ-الجواب-المدخل-والدرس-الأول.md	285
[م٣-ب٧-ف٢-مث٢٠]	[ب٧-ف٢-مث٢٠]	المجلد-السابع/الباب-السابع/ف02-أ-الجواب-المدخل-والدرس-الأول.md	287
[م٣-ب٧-ف٢-مث٢١]	[ب٧-ف٢-مث٢١]	المجلد-السابع/الباب-السابع/ف02-أ-الجواب-المدخل-والدرس-الأول.md	289
[م٣-ب٧-ف٢-مث٢٢]	[ب٧-ف٢-مث٢٢]	المجلد-السابع/الباب-السابع/ف02-ب-الجواب-الدرس-الثاني.md	41
[م٣-ب٧-ف٢-مث٢٣]	[ب٧-ف٢-مث٢٣]	المجلد-السابع/الباب-السابع/ف02-ب-الجواب-الدرس-الثاني.md	45
[م٣-ب٧-ف٢-مث٢٤]	[ب٧-ف٢-مث٢٤]	المجلد-السابع/الباب-السابع/ف02-ب-الجواب-الدرس-الثاني.md	50
[م٣-ب٧-ف٢-مث٢٥]	[ب٧-ف٢-مث٢٥]	المجلد-السابع/الباب-السابع/ف02-ب-الجواب-الدرس-الثاني.md	54
[م٣-ب٧-ف٢-مث٢٦]	[ب٧-ف٢-مث٢٦]	المجلد-السابع/الباب-السابع/ف02-ب-الجواب-الدرس-الثاني.md	58
[م٣-ب٧-ف٢-مث٢٧]	[ب٧-ف٢-مث٢٧]	المجلد-السابع/الباب-السابع/ف02-ب-الجواب-الدرس-الثاني.md	70
[م٣-ب٧-ف٢-مث٢٨]	[ب٧-ف٢-مث٢٨]	المجلد-السابع/الباب-السابع/ف02-ب-الجواب-الدرس-الثاني.md	74
[م٣-ب٧-ف٢-مث٢٩]	[ب٧-ف٢-مث٢٩]	المجلد-السابع/الباب-السابع/ف02-ب-الجواب-الدرس-الثاني.md	78
[م٣-ب٧-ف٢-مث٣٠]	[ب٧-ف٢-مث٣٠]	المجلد-السابع/الباب-السابع/ف02-ب-الجواب-الدرس-الثاني.md	92
[م٣-ب٧-ف٢-مث٣١]	[ب٧-ف٢-مث٣١]	المجلد-السابع/الباب-السابع/ف02-ب-الجواب-الدرس-الثاني.md	96
[م٣-ب٧-ف٢-مث٣٢]	[ب٧-ف٢-مث٣٢]	المجلد-السابع/الباب-السابع/ف02-ب-الجواب-الدرس-الثاني.md	198
[م٣-ب٧-ف٢-مث٣٣]	[ب٧-ف٢-مث٣٣]	المجلد-السابع/الباب-السابع/ف02-ب-الجواب-الدرس-الثاني.md	202
[م٣-ب٧-ف٢-مث٣٤]	[ب٧-ف٢-مث٣٤]	المجلد-السابع/الباب-السابع/ف02-ب-الجواب-الدرس-الثاني.md	206
[م٣-ب٧-ف٢-مث٣٥]	[ب٧-ف٢-مث٣٥]	المجلد-السابع/الباب-السابع/ف02-ب-الجواب-الدرس-الثاني.md	210
[م٣-ب٧-ف٢-مث٣٦]	[ب٧-ف٢-مث٣٦]	المجلد-السابع/الباب-السابع/ف02-ب-الجواب-الدرس-الثاني.md	214
[م٣-ب٧-ف٢-مث٣٧]	[ب٧-ف٢-مث٣٧]	المجلد-السابع/الباب-السابع/ف02-ب-الجواب-الدرس-الثاني.md	237
[م٣-ب٧-ف٢-مث٣٨]	[ب٧-ف٢-مث٣٨]	المجلد-السابع/الباب-السابع/ف02-ب-الجواب-الدرس-الثاني.md	241
[م٣-ب٧-ف٢-مث٣٩]	[ب٧-ف٢-مث٣٩]	المجلد-السابع/الباب-السابع/ف02-ب-الجواب-الدرس-الثاني.md	245
[م٣-ب٧-ف٢-مث٤٠]	[ب٧-ف٢-مث٤٠]	المجلد-السابع/الباب-السابع/ف02-ب-الجواب-الدرس-الثاني.md	249
[م٣-ب٧-ف٢-مث٤١]	[ب٧-ف٢-مث٤١]	المجلد-السابع/الباب-السابع/ف02-ب-الجواب-الدرس-الثاني.md	253
[م٣-ب٧-ف٢-مث٤٢]	[ب٧-ف٢-مث٤٢]	المجلد-السابع/الباب-السابع/ف02-ب-الجواب-الدرس-الثاني.md	257
[م٣-ب٧-ف٣-مث١]	[ب٧-ف٣-مث١]	المجلد-السابع/الباب-السابع/ف03-أ-الاستيضاح-وإعادة-الصياغة.md	166
[م٣-ب٧-ف٣-مث٢]	[ب٧-ف٣-مث٢]	المجلد-السابع/الباب-السابع/ف03-أ-الاستيضاح-وإعادة-الصياغة.md	170
[م٣-ب٧-ف٣-مث٣]	[ب٧-ف٣-مث٣]	المجلد-السابع/الباب-السابع/ف03-أ-الاستيضاح-وإعادة-الصياغة.md	174
[م٣-ب٧-ف٣-مث٤]	[ب٧-ف٣-مث٤]	المجلد-السابع/الباب-السابع/ف03-أ-الاستيضاح-وإعادة-الصياغة.md	180
[م٣-ب٧-ف٣-مث٥]	[ب٧-ف٣-مث٥]	المجلد-السابع/الباب-السابع/ف03-أ-الاستيضاح-وإعادة-الصياغة.md	184
[م٣-ب٧-ف٣-مث٦]	[ب٧-ف٣-مث٦]	المجلد-السابع/الباب-السابع/ف03-أ-الاستيضاح-وإعادة-الصياغة.md	188
[م٣-ب٧-ف٣-مث٧]	[ب٧-ف٣-مث٧]	المجلد-السابع/الباب-السابع/ف03-أ-الاستيضاح-وإعادة-الصياغة.md	194
[م٣-ب٧-ف٣-مث٨]	[ب٧-ف٣-مث٨]	المجلد-السابع/الباب-السابع/ف03-أ-الاستيضاح-وإعادة-الصياغة.md	198
[م٣-ب٧-ف٣-مث٩]	[ب٧-ف٣-مث٩]	المجلد-السابع/الباب-السابع/ف03-أ-الاستيضاح-وإعادة-الصياغة.md	202
[م٣-ب٧-ف٣-مث١٠]	[ب٧-ف٣-مث١٠]	المجلد-السابع/الباب-السابع/ف03-أ-الاستيضاح-وإعادة-الصياغة.md	208
[م٣-ب٧-ف٣-مث١١]	[ب٧-ف٣-مث١١]	المجلد-السابع/الباب-السابع/ف03-أ-الاستيضاح-وإعادة-الصياغة.md	212
[م٣-ب٧-ف٣-مث١٢]	[ب٧-ف٣-مث١٢]	المجلد-السابع/الباب-السابع/ف03-أ-الاستيضاح-وإعادة-الصياغة.md	216
[م٣-ب٧-ف٣-مث١٣]	[ب٧-ف٣-مث١٣]	المجلد-السابع/الباب-السابع/ف03-أ-الاستيضاح-وإعادة-الصياغة.md	224
[م٣-ب٧-ف٣-مث١٤]	[ب٧-ف٣-مث١٤]	المجلد-السابع/الباب-السابع/ف03-أ-الاستيضاح-وإعادة-الصياغة.md	227
[م٣-ب٧-ف٣-مث١٥]	[ب٧-ف٣-مث١٥]	المجلد-السابع/الباب-السابع/ف03-أ-الاستيضاح-وإعادة-الصياغة.md	230
[م٣-ب٧-ف٣-مث١٦]	[ب٧-ف٣-مث١٦]	المجلد-السابع/الباب-السابع/ف03-أ-الاستيضاح-وإعادة-الصياغة.md	233
[م٣-ب٧-ف٣-مث١٧]	[ب٧-ف٣-مث١٧]	المجلد-السابع/الباب-السابع/ف03-أ-الاستيضاح-وإعادة-الصياغة.md	242
[م٣-ب٧-ف٣-مث١٨]	[ب٧-ف٣-مث١٨]	المجلد-السابع/الباب-السابع/ف03-أ-الاستيضاح-وإعادة-الصياغة.md	244
[م٣-ب٧-ف٤-مث١]	[ب٧-ف٤-مث١]	المجلد-السابع/الباب-السابع/ف04-أ-المداخلة-والمناقشة.md	169
[م٣-ب٧-ف٤-مث٢]	[ب٧-ف٤-مث٢]	المجلد-السابع/الباب-السابع/ف04-أ-المداخلة-والمناقشة.md	173
[م٣-ب٧-ف٤-مث٣]	[ب٧-ف٤-مث٣]	المجلد-السابع/الباب-السابع/ف04-أ-المداخلة-والمناقشة.md	176
[م٣-ب٧-ف٤-مث٤]	[ب٧-ف٤-مث٤]	المجلد-السابع/الباب-السابع/ف04-أ-المداخلة-والمناقشة.md	180
[م٣-ب٧-ف٤-مث٥]	[ب٧-ف٤-مث٥]	المجلد-السابع/الباب-السابع/ف04-أ-المداخلة-والمناقشة.md	183
[م٣-ب٧-ف٤-مث٦]	[ب٧-ف٤-مث٦]	المجلد-السابع/الباب-السابع/ف04-أ-المداخلة-والمناقشة.md	188
[م٣-ب٧-ف٤-مث٧]	[ب٧-ف٤-مث٧]	المجلد-السابع/الباب-السابع/ف04-أ-المداخلة-والمناقشة.md	191
[م٣-ب٧-ف٤-مث٨]	[ب٧-ف٤-مث٨]	المجلد-السابع/الباب-السابع/ف04-أ-المداخلة-والمناقشة.md	195
[م٣-ب٧-ف٤-مث٩]	[ب٧-ف٤-مث٩]	المجلد-السابع/الباب-السابع/ف04-أ-المداخلة-والمناقشة.md	198
[م٣-ب٧-ف٤-مث١٠]	[ب٧-ف٤-مث١٠]	المجلد-السابع/الباب-السابع/ف04-أ-المداخلة-والمناقشة.md	204
[م٣-ب٧-ف٤-مث١١]	[ب٧-ف٤-مث١١]	المجلد-السابع/الباب-السابع/ف04-أ-المداخلة-والمناقشة.md	208
[م٣-ب٧-ف٤-مث١٢]	[ب٧-ف٤-مث١٢]	المجلد-السابع/الباب-السابع/ف04-أ-المداخلة-والمناقشة.md	211
[م٣-ب٧-ف٤-مث١٣]	[ب٧-ف٤-مث١٣]	المجلد-السابع/الباب-السابع/ف04-أ-المداخلة-والمناقشة.md	216
[م٣-ب٧-ف٤-مث١٤]	[ب٧-ف٤-مث١٤]	المجلد-السابع/الباب-السابع/ف04-أ-المداخلة-والمناقشة.md	219
[م٣-ب٧-ف٤-مث١٥]	[ب٧-ف٤-مث١٥]	المجلد-السابع/الباب-السابع/ف04-أ-المداخلة-والمناقشة.md	223
[م٣-ب٧-ف٤-مث١٦]	[ب٧-ف٤-مث١٦]	المجلد-السابع/الباب-السابع/ف04-أ-المداخلة-والمناقشة.md	229
[م٣-ب٧-ف٤-مث١٧]	[ب٧-ف٤-مث١٧]	المجلد-السابع/الباب-السابع/ف04-أ-المداخلة-والمناقشة.md	231
[م٣-ب٧-ف٤-مث١٨]	[ب٧-ف٤-مث١٨]	المجلد-السابع/الباب-السابع/ف04-أ-المداخلة-والمناقشة.md	233
[م٣-ب٧-ف٥-مث١]	[ب٧-ف٥-مث١]	المجلد-السابع/الباب-السابع/ف05-أ-الإقناع-المدخل-والدرس-الأول.md	194
[م٣-ب٧-ف٥-مث٢]	[ب٧-ف٥-مث٢]	المجلد-السابع/الباب-السابع/ف05-أ-الإقناع-المدخل-والدرس-الأول.md	198
[م٣-ب٧-ف٥-مث٣]	[ب٧-ف٥-مث٣]	المجلد-السابع/الباب-السابع/ف05-أ-الإقناع-المدخل-والدرس-الأول.md	202
[م٣-ب٧-ف٥-مث٤]	[ب٧-ف٥-مث٤]	المجلد-السابع/الباب-السابع/ف05-أ-الإقناع-المدخل-والدرس-الأول.md	206
[م٣-ب٧-ف٥-مث٥]	[ب٧-ف٥-مث٥]	المجلد-السابع/الباب-السابع/ف05-أ-الإقناع-المدخل-والدرس-الأول.md	227
[م٣-ب٧-ف٥-مث٦]	[ب٧-ف٥-مث٦]	المجلد-السابع/الباب-السابع/ف05-أ-الإقناع-المدخل-والدرس-الأول.md	232
[م٣-ب٧-ف٥-مث٧]	[ب٧-ف٥-مث٧]	المجلد-السابع/الباب-السابع/ف05-أ-الإقناع-المدخل-والدرس-الأول.md	238
[م٣-ب٧-ف٥-مث٨]	[ب٧-ف٥-مث٨]	المجلد-السابع/الباب-السابع/ف05-أ-الإقناع-المدخل-والدرس-الأول.md	242
[م٣-ب٧-ف٥-مث٩]	[ب٧-ف٥-مث٩]	المجلد-السابع/الباب-السابع/ف05-أ-الإقناع-المدخل-والدرس-الأول.md	249
[م٣-ب٧-ف٥-مث١٠]	[ب٧-ف٥-مث١٠]	المجلد-السابع/الباب-السابع/ف05-أ-الإقناع-المدخل-والدرس-الأول.md	253
[م٣-ب٧-ف٥-مث١١]	[ب٧-ف٥-مث١١]	المجلد-السابع/الباب-السابع/ف05-أ-الإقناع-المدخل-والدرس-الأول.md	259
[م٣-ب٧-ف٥-مث١٢]	[ب٧-ف٥-مث١٢]	المجلد-السابع/الباب-السابع/ف05-أ-الإقناع-المدخل-والدرس-الأول.md	263
[م٣-ب٧-ف٥-مث١٣]	[ب٧-ف٥-مث١٣]	المجلد-السابع/الباب-السابع/ف05-أ-الإقناع-المدخل-والدرس-الأول.md	267
[م٣-ب٧-ف٥-مث١٤]	[ب٧-ف٥-مث١٤]	المجلد-السابع/الباب-السابع/ف05-أ-الإقناع-المدخل-والدرس-الأول.md	279
[م٣-ب٧-ف٥-مث١٥]	[ب٧-ف٥-مث١٥]	المجلد-السابع/الباب-السابع/ف05-أ-الإقناع-المدخل-والدرس-الأول.md	283
[م٣-ب٧-ف٥-مث١٦]	[ب٧-ف٥-مث١٦]	المجلد-السابع/الباب-السابع/ف05-أ-الإقناع-المدخل-والدرس-الأول.md	287
[م٣-ب٧-ف٥-مث١٧]	[ب٧-ف٥-مث١٧]	المجلد-السابع/الباب-السابع/ف05-أ-الإقناع-المدخل-والدرس-الأول.md	301
[م٣-ب٧-ف٥-مث١٨]	[ب٧-ف٥-مث١٨]	المجلد-السابع/الباب-السابع/ف05-أ-الإقناع-المدخل-والدرس-الأول.md	306
[م٣-ب٧-ف٥-مث١٩]	[ب٧-ف٥-مث١٩]	المجلد-السابع/الباب-السابع/ف05-أ-الإقناع-المدخل-والدرس-الأول.md	310
[م٣-ب٧-ف٥-مث٢٠]	[ب٧-ف٥-مث٢٠]	المجلد-السابع/الباب-السابع/ف05-أ-الإقناع-المدخل-والدرس-الأول.md	314
[م٣-ب٧-ف٥-مث٢١]	[ب٧-ف٥-مث٢١]	المجلد-السابع/الباب-السابع/ف05-أ-الإقناع-المدخل-والدرس-الأول.md	318
[م٣-ب٧-ف٥-مث٢٢]	[ب٧-ف٥-مث٢٢]	المجلد-السابع/الباب-السابع/ف05-أ-الإقناع-المدخل-والدرس-الأول.md	328
[م٣-ب٧-ف٥-مث٢٣]	[ب٧-ف٥-مث٢٣]	المجلد-السابع/الباب-السابع/ف05-أ-الإقناع-المدخل-والدرس-الأول.md	332
[م٣-ب٧-ف٥-مث٢٤]	[ب٧-ف٥-مث٢٤]	المجلد-السابع/الباب-السابع/ف05-أ-الإقناع-المدخل-والدرس-الأول.md	336
[م٣-ب٧-ف٥-مث٢٥]	[ب٧-ف٥-مث٢٥]	المجلد-السابع/الباب-السابع/ف05-أ-الإقناع-المدخل-والدرس-الأول.md	355
[م٣-ب٧-ف٥-مث٢٦]	[ب٧-ف٥-مث٢٦]	المجلد-السابع/الباب-السابع/ف05-أ-الإقناع-المدخل-والدرس-الأول.md	357
[م٣-ب٧-ف٥-مث٢٧]	[ب٧-ف٥-مث٢٧]	المجلد-السابع/الباب-السابع/ف05-أ-الإقناع-المدخل-والدرس-الأول.md	359
[م٣-ب٧-ف٥-مث٢٨]	[ب٧-ف٥-مث٢٨]	المجلد-السابع/الباب-السابع/ف05-أ-الإقناع-المدخل-والدرس-الأول.md	361
[م٣-ب٧-ف٥-مث٢٩]	[ب٧-ف٥-مث٢٩]	المجلد-السابع/الباب-السابع/ف05-أ-الإقناع-المدخل-والدرس-الأول.md	363
[م٣-ب٧-ف٥-مث٣٠]	[ب٧-ف٥-مث٣٠]	المجلد-السابع/الباب-السابع/ف05-ب-الإقناع-الدرس-الثاني.md	36
[م٣-ب٧-ف٥-مث٣١]	[ب٧-ف٥-مث٣١]	المجلد-السابع/الباب-السابع/ف05-ب-الإقناع-الدرس-الثاني.md	40
[م٣-ب٧-ف٥-مث٣٢]	[ب٧-ف٥-مث٣٢]	المجلد-السابع/الباب-السابع/ف05-ب-الإقناع-الدرس-الثاني.md	44
[م٣-ب٧-ف٥-مث٣٣]	[ب٧-ف٥-مث٣٣]	المجلد-السابع/الباب-السابع/ف05-ب-الإقناع-الدرس-الثاني.md	48
[م٣-ب٧-ف٥-مث٣٤]	[ب٧-ف٥-مث٣٤]	المجلد-السابع/الباب-السابع/ف05-ب-الإقناع-الدرس-الثاني.md	52
[م٣-ب٧-ف٥-مث٣٥]	[ب٧-ف٥-مث٣٥]	المجلد-السابع/الباب-السابع/ف05-ب-الإقناع-الدرس-الثاني.md	56
[م٣-ب٧-ف٥-مث٣٦]	[ب٧-ف٥-مث٣٦]	المجلد-السابع/الباب-السابع/ف05-ب-الإقناع-الدرس-الثاني.md	60
[م٣-ب٧-ف٥-مث٣٧]	[ب٧-ف٥-مث٣٧]	المجلد-السابع/الباب-السابع/ف05-ب-الإقناع-الدرس-الثاني.md	64
[م٣-ب٧-ف٥-مث٣٨]	[ب٧-ف٥-مث٣٨]	المجلد-السابع/الباب-السابع/ف05-ب-الإقناع-الدرس-الثاني.md	147
[م٣-ب٧-ف٥-مث٣٩]	[ب٧-ف٥-مث٣٩]	المجلد-السابع/الباب-السابع/ف05-ب-الإقناع-الدرس-الثاني.md	151
[م٣-ب٧-ف٥-مث٤٠]	[ب٧-ف٥-مث٤٠]	المجلد-السابع/الباب-السابع/ف05-ب-الإقناع-الدرس-الثاني.md	155
[م٣-ب٧-ف٥-مث٤١]	[ب٧-ف٥-مث٤١]	المجلد-السابع/الباب-السابع/ف05-ب-الإقناع-الدرس-الثاني.md	159
[م٣-ب٧-ف٥-مث٤٢]	[ب٧-ف٥-مث٤٢]	المجلد-السابع/الباب-السابع/ف05-ب-الإقناع-الدرس-الثاني.md	181
[م٣-ب٧-ف٥-مث٤٣]	[ب٧-ف٥-مث٤٣]	المجلد-السابع/الباب-السابع/ف05-ب-الإقناع-الدرس-الثاني.md	185
[م٣-ب٧-ف٥-مث٤٤]	[ب٧-ف٥-مث٤٤]	المجلد-السابع/الباب-السابع/ف05-ب-الإقناع-الدرس-الثاني.md	189
[م٣-ب٧-ف٥-مث٤٥]	[ب٧-ف٥-مث٤٥]	المجلد-السابع/الباب-السابع/ف05-ب-الإقناع-الدرس-الثاني.md	193
[م٣-ب٧-ف٥-مث٤٦]	[ب٧-ف٥-مث٤٦]	المجلد-السابع/الباب-السابع/ف05-ب-الإقناع-الدرس-الثاني.md	210
[م٣-ب٧-ف٥-مث٤٧]	[ب٧-ف٥-مث٤٧]	المجلد-السابع/الباب-السابع/ف05-ب-الإقناع-الدرس-الثاني.md	214
[م٣-ب٧-ف٥-مث٤٨]	[ب٧-ف٥-مث٤٨]	المجلد-السابع/الباب-السابع/ف05-ب-الإقناع-الدرس-الثاني.md	218
[م٣-ب٧-ف٥-مث٤٩]	[ب٧-ف٥-مث٤٩]	المجلد-السابع/الباب-السابع/ف05-ب-الإقناع-الدرس-الثاني.md	233
[م٣-ب٧-ف٥-مث٥٠]	[ب٧-ف٥-مث٥٠]	المجلد-السابع/الباب-السابع/ف05-ب-الإقناع-الدرس-الثاني.md	237
[م٣-ب٧-ف٥-مث٥١]	[ب٧-ف٥-مث٥١]	المجلد-السابع/الباب-السابع/ف05-ب-الإقناع-الدرس-الثاني.md	241
[م٣-ب٧-ف٥-مث٥٢]	[ب٧-ف٥-مث٥٢]	المجلد-السابع/الباب-السابع/ف05-ب-الإقناع-الدرس-الثاني.md	320
[م٣-ب٧-ف٦-مث١]	[ب٧-ف٦-مث١]	المجلد-السابع/الباب-السابع/ف06-أ-المناظرة-وأدبها.md	172
[م٣-ب٧-ف٦-مث٢]	[ب٧-ف٦-مث٢]	المجلد-السابع/الباب-السابع/ف06-أ-المناظرة-وأدبها.md	176
[م٣-ب٧-ف٦-مث٣]	[ب٧-ف٦-مث٣]	المجلد-السابع/الباب-السابع/ف06-أ-المناظرة-وأدبها.md	179
[م٣-ب٧-ف٦-مث٤]	[ب٧-ف٦-مث٤]	المجلد-السابع/الباب-السابع/ف06-أ-المناظرة-وأدبها.md	182
[م٣-ب٧-ف٦-مث٥]	[ب٧-ف٦-مث٥]	المجلد-السابع/الباب-السابع/ف06-أ-المناظرة-وأدبها.md	187
[م٣-ب٧-ف٦-مث٦]	[ب٧-ف٦-مث٦]	المجلد-السابع/الباب-السابع/ف06-أ-المناظرة-وأدبها.md	190
[م٣-ب٧-ف٦-مث٧]	[ب٧-ف٦-مث٧]	المجلد-السابع/الباب-السابع/ف06-أ-المناظرة-وأدبها.md	193
[م٣-ب٧-ف٦-مث٨]	[ب٧-ف٦-مث٨]	المجلد-السابع/الباب-السابع/ف06-أ-المناظرة-وأدبها.md	198
[م٣-ب٧-ف٦-مث٩]	[ب٧-ف٦-مث٩]	المجلد-السابع/الباب-السابع/ف06-أ-المناظرة-وأدبها.md	202
[م٣-ب٧-ف٦-مث١٠]	[ب٧-ف٦-مث١٠]	المجلد-السابع/الباب-السابع/ف06-أ-المناظرة-وأدبها.md	206
[م٣-ب٧-ف٦-مث١١]	[ب٧-ف٦-مث١١]	المجلد-السابع/الباب-السابع/ف06-أ-المناظرة-وأدبها.md	210
[م٣-ب٧-ف٦-مث١٢]	[ب٧-ف٦-مث١٢]	المجلد-السابع/الباب-السابع/ف06-أ-المناظرة-وأدبها.md	216
[م٣-ب٧-ف٦-مث١٣]	[ب٧-ف٦-مث١٣]	المجلد-السابع/الباب-السابع/ف06-أ-المناظرة-وأدبها.md	219
[م٣-ب٧-ف٦-مث١٤]	[ب٧-ف٦-مث١٤]	المجلد-السابع/الباب-السابع/ف06-أ-المناظرة-وأدبها.md	222
[م٣-ب٧-ف٦-مث١٥]	[ب٧-ف٦-مث١٥]	المجلد-السابع/الباب-السابع/ف06-أ-المناظرة-وأدبها.md	225
[م٣-ب٧-ف٧-مث١]	[ب٧-ف٧-مث١]	المجلد-السابع/الباب-السابع/ف07-أ-النقد-والنصيحة-المدخل-والدرس-الأول.md	126
[م٣-ب٧-ف٧-مث٢]	[ب٧-ف٧-مث٢]	المجلد-السابع/الباب-السابع/ف07-أ-النقد-والنصيحة-المدخل-والدرس-الأول.md	130
[م٣-ب٧-ف٧-مث٣]	[ب٧-ف٧-مث٣]	المجلد-السابع/الباب-السابع/ف07-أ-النقد-والنصيحة-المدخل-والدرس-الأول.md	134
[م٣-ب٧-ف٧-مث٤]	[ب٧-ف٧-مث٤]	المجلد-السابع/الباب-السابع/ف07-أ-النقد-والنصيحة-المدخل-والدرس-الأول.md	138
[م٣-ب٧-ف٧-مث٥]	[ب٧-ف٧-مث٥]	المجلد-السابع/الباب-السابع/ف07-أ-النقد-والنصيحة-المدخل-والدرس-الأول.md	142
[م٣-ب٧-ف٧-مث٦]	[ب٧-ف٧-مث٦]	المجلد-السابع/الباب-السابع/ف07-أ-النقد-والنصيحة-المدخل-والدرس-الأول.md	146
[م٣-ب٧-ف٧-مث٧]	[ب٧-ف٧-مث٧]	المجلد-السابع/الباب-السابع/ف07-أ-النقد-والنصيحة-المدخل-والدرس-الأول.md	154
[م٣-ب٧-ف٧-مث٨]	[ب٧-ف٧-مث٨]	المجلد-السابع/الباب-السابع/ف07-أ-النقد-والنصيحة-المدخل-والدرس-الأول.md	157
[م٣-ب٧-ف٧-مث٩]	[ب٧-ف٧-مث٩]	المجلد-السابع/الباب-السابع/ف07-أ-النقد-والنصيحة-المدخل-والدرس-الأول.md	160
[م٣-ب٧-ف٧-مث١٠]	[ب٧-ف٧-مث١٠]	المجلد-السابع/الباب-السابع/ف07-أ-النقد-والنصيحة-المدخل-والدرس-الأول.md	163
[م٣-ب٧-ف٧-مث١١]	[ب٧-ف٧-مث١١]	المجلد-السابع/الباب-السابع/ف07-أ-النقد-والنصيحة-المدخل-والدرس-الأول.md	166
[م٣-ب٧-ف٧-مث١٢]	[ب٧-ف٧-مث١٢]	المجلد-السابع/الباب-السابع/ف07-ب-النقد-والنصيحة-الدرس-الثاني.md	97
[م٣-ب٧-ف٧-مث١٣]	[ب٧-ف٧-مث١٣]	المجلد-السابع/الباب-السابع/ف07-ب-النقد-والنصيحة-الدرس-الثاني.md	101
[م٣-ب٧-ف٧-مث١٤]	[ب٧-ف٧-مث١٤]	المجلد-السابع/الباب-السابع/ف07-ب-النقد-والنصيحة-الدرس-الثاني.md	105
[م٣-ب٧-ف٧-مث١٥]	[ب٧-ف٧-مث١٥]	المجلد-السابع/الباب-السابع/ف07-ب-النقد-والنصيحة-الدرس-الثاني.md	109
[م٣-ب٧-ف٧-مث١٦]	[ب٧-ف٧-مث١٦]	المجلد-السابع/الباب-السابع/ف07-ب-النقد-والنصيحة-الدرس-الثاني.md	113
[م٣-ب٧-ف٧-مث١٧]	[ب٧-ف٧-مث١٧]	المجلد-السابع/الباب-السابع/ف07-ب-النقد-والنصيحة-الدرس-الثاني.md	116
[م٣-ب٧-ف٧-مث١٨]	[ب٧-ف٧-مث١٨]	المجلد-السابع/الباب-السابع/ف07-ب-النقد-والنصيحة-الدرس-الثاني.md	119
[م٢-ب٦-ف١-مث١]	[ب٦-ف١-مث١]	المجلد-السادس/الباب-السادس/ف01-السلام-والبشاشة-والاستماع.md	189
[م٢-ب٦-ف١-مث٢]	[ب٦-ف١-مث٢]	المجلد-السادس/الباب-السادس/ف01-السلام-والبشاشة-والاستماع.md	195
[م٢-ب٦-ف١-مث٣]	[ب٦-ف١-مث٣]	المجلد-السادس/الباب-السادس/ف01-السلام-والبشاشة-والاستماع.md	199
[م٢-ب٦-ف١-مث٤]	[ب٦-ف١-مث٤]	المجلد-السادس/الباب-السادس/ف01-السلام-والبشاشة-والاستماع.md	205
[م٢-ب٦-ف١-مث٥]	[ب٦-ف١-مث٥]	المجلد-السادس/الباب-السادس/ف01-السلام-والبشاشة-والاستماع.md	209
[م٢-ب٦-ف١-مث٦]	[ب٦-ف١-مث٦]	المجلد-السادس/الباب-السادس/ف01-السلام-والبشاشة-والاستماع.md	215
[م٢-ب٦-ف١-مث٧]	[ب٦-ف١-مث٧]	المجلد-السادس/الباب-السادس/ف01-السلام-والبشاشة-والاستماع.md	219
[م٢-ب٦-ف١-مث٨]	[ب٦-ف١-مث٨]	المجلد-السادس/الباب-السادس/ف01-السلام-والبشاشة-والاستماع.md	223
[م٢-ب٦-ف١-مث٩]	[ب٦-ف١-مث٩]	المجلد-السادس/الباب-السادس/ف01-السلام-والبشاشة-والاستماع.md	227
[م٢-ب٦-ف١-مث١٠]	[ب٦-ف١-مث١٠]	المجلد-السادس/الباب-السادس/ف01-السلام-والبشاشة-والاستماع.md	231
[م٢-ب٦-ف١-مث١١]	[ب٦-ف١-مث١١]	المجلد-السادس/الباب-السادس/ف01-السلام-والبشاشة-والاستماع.md	235
[م٢-ب٦-ف١-مث١٢]	[ب٦-ف١-مث١٢]	المجلد-السادس/الباب-السادس/ف01-السلام-والبشاشة-والاستماع.md	241
[م٢-ب٦-ف١-مث١٣]	[ب٦-ف١-مث١٣]	المجلد-السادس/الباب-السادس/ف01-السلام-والبشاشة-والاستماع.md	245
[م٢-ب٦-ف١-مث١٤]	[ب٦-ف١-مث١٤]	المجلد-السادس/الباب-السادس/ف01-السلام-والبشاشة-والاستماع.md	247
[م٢-ب٦-ف١-مث١٥]	[ب٦-ف١-مث١٥]	المجلد-السادس/الباب-السادس/ف01-السلام-والبشاشة-والاستماع.md	383
[م٢-ب٦-ف١-مث١٦]	[ب٦-ف١-مث١٦]	المجلد-السادس/الباب-السادس/ف01-السلام-والبشاشة-والاستماع.md	389
[م٢-ب٦-ف١-مث١٧]	[ب٦-ف١-مث١٧]	المجلد-السادس/الباب-السادس/ف01-السلام-والبشاشة-والاستماع.md	393
[م٢-ب٦-ف١-مث١٨]	[ب٦-ف١-مث١٨]	المجلد-السادس/الباب-السادس/ف01-السلام-والبشاشة-والاستماع.md	397
[م٢-ب٦-ف١-مث١٩]	[ب٦-ف١-مث١٩]	المجلد-السادس/الباب-السادس/ف01-السلام-والبشاشة-والاستماع.md	401
[م٢-ب٦-ف١-مث٢٠]	[ب٦-ف١-مث٢٠]	المجلد-السادس/الباب-السادس/ف01-السلام-والبشاشة-والاستماع.md	407
[م٢-ب٦-ف١-مث٢١]	[ب٦-ف١-مث٢١]	المجلد-السادس/الباب-السادس/ف01-السلام-والبشاشة-والاستماع.md	413
[م٢-ب٦-ف١-مث٢٢]	[ب٦-ف١-مث٢٢]	المجلد-السادس/الباب-السادس/ف01-السلام-والبشاشة-والاستماع.md	523
[م٢-ب٦-ف١-مث٢٣]	[ب٦-ف١-مث٢٣]	المجلد-السادس/الباب-السادس/ف01-السلام-والبشاشة-والاستماع.md	527
[م٢-ب٦-ف١-مث٢٤]	[ب٦-ف١-مث٢٤]	المجلد-السادس/الباب-السادس/ف01-السلام-والبشاشة-والاستماع.md	533
[م٢-ب٦-ف١-مث٢٥]	[ب٦-ف١-مث٢٥]	المجلد-السادس/الباب-السادس/ف01-السلام-والبشاشة-والاستماع.md	537
[م٢-ب٦-ف١-مث٢٦]	[ب٦-ف١-مث٢٦]	المجلد-السادس/الباب-السادس/ف01-السلام-والبشاشة-والاستماع.md	541
[م٢-ب٦-ف١-مث٢٧]	[ب٦-ف١-مث٢٧]	المجلد-السادس/الباب-السادس/ف01-السلام-والبشاشة-والاستماع.md	545
[م٢-ب٦-ف١-مث٢٨]	[ب٦-ف١-مث٢٨]	المجلد-السادس/الباب-السادس/ف01-السلام-والبشاشة-والاستماع.md	549
[م٢-ب٦-ف١-مث٢٩]	[ب٦-ف١-مث٢٩]	المجلد-السادس/الباب-السادس/ف01-السلام-والبشاشة-والاستماع.md	555
[م٢-ب٦-ف١-مث٣٠]	[ب٦-ف١-مث٣٠]	المجلد-السادس/الباب-السادس/ف01-السلام-والبشاشة-والاستماع.md	559
[م٢-ب٦-ف١-مث٣١]	[ب٦-ف١-مث٣١]	المجلد-السادس/الباب-السادس/ف01-السلام-والبشاشة-والاستماع.md	563
[م٢-ب٦-ف١-مث٣٢]	[ب٦-ف١-مث٣٢]	المجلد-السادس/الباب-السادس/ف01-السلام-والبشاشة-والاستماع.md	567
[م٢-ب٦-ف١-مث٣٣]	[ب٦-ف١-مث٣٣]	المجلد-السادس/الباب-السادس/ف01-السلام-والبشاشة-والاستماع.md	569
[م٢-ب٦-ف١-مث٣٤]	[ب٦-ف١-مث٣٤]	المجلد-السادس/الباب-السادس/ف01-السلام-والبشاشة-والاستماع.md	571
[م٢-ب٦-ف٢-مث١]	[ب٦-ف٢-مث١]	المجلد-السادس/الباب-السادس/ف02-على-قدر-العقول.md	148
[م٢-ب٦-ف٢-مث٢]	[ب٦-ف٢-مث٢]	المجلد-السادس/الباب-السادس/ف02-على-قدر-العقول.md	152
[م٢-ب٦-ف٢-مث٣]	[ب٦-ف٢-مث٣]	المجلد-السادس/الباب-السادس/ف02-على-قدر-العقول.md	156
[م٢-ب٦-ف٢-مث٤]	[ب٦-ف٢-مث٤]	المجلد-السادس/الباب-السادس/ف02-على-قدر-العقول.md	160
[م٢-ب٦-ف٢-مث٥]	[ب٦-ف٢-مث٥]	المجلد-السادس/الباب-السادس/ف02-على-قدر-العقول.md	164
[م٢-ب٦-ف٢-مث٦]	[ب٦-ف٢-مث٦]	المجلد-السادس/الباب-السادس/ف02-على-قدر-العقول.md	168
[م٢-ب٦-ف٢-مث٧]	[ب٦-ف٢-مث٧]	المجلد-السادس/الباب-السادس/ف02-على-قدر-العقول.md	174
[م٢-ب٦-ف٢-مث٨]	[ب٦-ف٢-مث٨]	المجلد-السادس/الباب-السادس/ف02-على-قدر-العقول.md	180
[م٢-ب٦-ف٢-مث٩]	[ب٦-ف٢-مث٩]	المجلد-السادس/الباب-السادس/ف02-على-قدر-العقول.md	186
[م٢-ب٦-ف٢-مث١٠]	[ب٦-ف٢-مث١٠]	المجلد-السادس/الباب-السادس/ف02-على-قدر-العقول.md	208
[م٢-ب٦-ف٢-مث١١]	[ب٦-ف٢-مث١١]	المجلد-السادس/الباب-السادس/ف02-على-قدر-العقول.md	214
[م٢-ب٦-ف٢-مث١٢]	[ب٦-ف٢-مث١٢]	المجلد-السادس/الباب-السادس/ف02-على-قدر-العقول.md	218
[م٢-ب٦-ف٢-مث١٣]	[ب٦-ف٢-مث١٣]	المجلد-السادس/الباب-السادس/ف02-على-قدر-العقول.md	222
[م٢-ب٦-ف٢-مث١٤]	[ب٦-ف٢-مث١٤]	المجلد-السادس/الباب-السادس/ف02-على-قدر-العقول.md	226
[م٢-ب٦-ف٢-مث١٥]	[ب٦-ف٢-مث١٥]	المجلد-السادس/الباب-السادس/ف02-على-قدر-العقول.md	228
[م٢-ب٦-ف٢-مث١٦]	[ب٦-ف٢-مث١٦]	المجلد-السادس/الباب-السادس/ف02-على-قدر-العقول.md	293
[م٢-ب٦-ف٢-مث١٧]	[ب٦-ف٢-مث١٧]	المجلد-السادس/الباب-السادس/ف02-على-قدر-العقول.md	297
[م٢-ب٦-ف٢-مث١٨]	[ب٦-ف٢-مث١٨]	المجلد-السادس/الباب-السادس/ف02-على-قدر-العقول.md	301
[م٢-ب٦-ف٢-مث١٩]	[ب٦-ف٢-مث١٩]	المجلد-السادس/الباب-السادس/ف02-على-قدر-العقول.md	309
[م٢-ب٦-ف٢-مث٢٠]	[ب٦-ف٢-مث٢٠]	المجلد-السادس/الباب-السادس/ف02-على-قدر-العقول.md	312
[م٢-ب٦-ف٢-مث٢١]	[ب٦-ف٢-مث٢١]	المجلد-السادس/الباب-السادس/ف02-على-قدر-العقول.md	315
[م٢-ب٦-ف٢-مث٢٢]	[ب٦-ف٢-مث٢٢]	المجلد-السادس/الباب-السادس/ف02-على-قدر-العقول.md	318
[م٢-ب٦-ف٢-مث٢٣]	[ب٦-ف٢-مث٢٣]	المجلد-السادس/الباب-السادس/ف02-على-قدر-العقول.md	324
[م٢-ب٦-ف٢-مث٢٤]	[ب٦-ف٢-مث٢٤]	المجلد-السادس/الباب-السادس/ف02-على-قدر-العقول.md	334
[م٢-ب٦-ف٢-مث٢٥]	[ب٦-ف٢-مث٢٥]	المجلد-السادس/الباب-السادس/ف02-على-قدر-العقول.md	340
[م٢-ب٦-ف٢-مث٢٦]	[ب٦-ف٢-مث٢٦]	المجلد-السادس/الباب-السادس/ف02-على-قدر-العقول.md	348
[م٢-ب٦-ف٢-مث٢٧]	[ب٦-ف٢-مث٢٧]	المجلد-السادس/الباب-السادس/ف02-على-قدر-العقول.md	354
[م٢-ب٦-ف٢-مث٢٨]	[ب٦-ف٢-مث٢٨]	المجلد-السادس/الباب-السادس/ف02-على-قدر-العقول.md	358
[م٢-ب٦-ف٢-مث٢٩]	[ب٦-ف٢-مث٢٩]	المجلد-السادس/الباب-السادس/ف02-على-قدر-العقول.md	366
[م٢-ب٦-ف٢-مث٣٠]	[ب٦-ف٢-مث٣٠]	المجلد-السادس/الباب-السادس/ف02-على-قدر-العقول.md	368
[م٢-ب٦-ف٢-مث٣١]	[ب٦-ف٢-مث٣١]	المجلد-السادس/الباب-السادس/ف02-على-قدر-العقول.md	370
[م٢-ب٦-ف٢-مث٣٢]	[ب٦-ف٢-مث٣٢]	المجلد-السادس/الباب-السادس/ف02-على-قدر-العقول.md	376
[م٢-ب٦-ف٣-مث١]	[ب٦-ف٣-مث١]	المجلد-السادس/الباب-السادس/ف03-المدح-والشكر-والدعاء.md	153
[م٢-ب٦-ف٣-مث٢]	[ب٦-ف٣-مث٢]	المجلد-السادس/الباب-السادس/ف03-المدح-والشكر-والدعاء.md	157
[م٢-ب٦-ف٣-مث٣]	[ب٦-ف٣-مث٣]	المجلد-السادس/الباب-السادس/ف03-المدح-والشكر-والدعاء.md	161
[م٢-ب٦-ف٣-مث٤]	[ب٦-ف٣-مث٤]	المجلد-السادس/الباب-السادس/ف03-المدح-والشكر-والدعاء.md	165
[م٢-ب٦-ف٣-مث٥]	[ب٦-ف٣-مث٥]	المجلد-السادس/الباب-السادس/ف03-المدح-والشكر-والدعاء.md	171
[م٢-ب٦-ف٣-مث٦]	[ب٦-ف٣-مث٦]	المجلد-السادس/الباب-السادس/ف03-المدح-والشكر-والدعاء.md	177
[م٢-ب٦-ف٣-مث٧]	[ب٦-ف٣-مث٧]	المجلد-السادس/الباب-السادس/ف03-المدح-والشكر-والدعاء.md	181
[م٢-ب٦-ف٣-مث٨]	[ب٦-ف٣-مث٨]	المجلد-السادس/الباب-السادس/ف03-المدح-والشكر-والدعاء.md	187
[م٢-ب٦-ف٣-مث٩]	[ب٦-ف٣-مث٩]	المجلد-السادس/الباب-السادس/ف03-المدح-والشكر-والدعاء.md	193
[م٢-ب٦-ف٣-مث١٠]	[ب٦-ف٣-مث١٠]	المجلد-السادس/الباب-السادس/ف03-المدح-والشكر-والدعاء.md	199
[م٢-ب٦-ف٣-مث١١]	[ب٦-ف٣-مث١١]	المجلد-السادس/الباب-السادس/ف03-المدح-والشكر-والدعاء.md	205
[م٢-ب٦-ف٣-مث١٢]	[ب٦-ف٣-مث١٢]	المجلد-السادس/الباب-السادس/ف03-المدح-والشكر-والدعاء.md	209
[م٢-ب٦-ف٣-مث١٣]	[ب٦-ف٣-مث١٣]	المجلد-السادس/الباب-السادس/ف03-المدح-والشكر-والدعاء.md	215
[م٢-ب٦-ف٣-مث١٤]	[ب٦-ف٣-مث١٤]	المجلد-السادس/الباب-السادس/ف03-المدح-والشكر-والدعاء.md	217
[م٢-ب٦-ف٣-مث١٥]	[ب٦-ف٣-مث١٥]	المجلد-السادس/الباب-السادس/ف03-المدح-والشكر-والدعاء.md	231
[م٢-ب٦-ف٣-مث١٦]	[ب٦-ف٣-مث١٦]	المجلد-السادس/الباب-السادس/ف03-المدح-والشكر-والدعاء.md	235
[م٢-ب٦-ف٣-مث١٧]	[ب٦-ف٣-مث١٧]	المجلد-السادس/الباب-السادس/ف03-المدح-والشكر-والدعاء.md	349
[م٢-ب٦-ف٣-مث١٨]	[ب٦-ف٣-مث١٨]	المجلد-السادس/الباب-السادس/ف03-المدح-والشكر-والدعاء.md	355
[م٢-ب٦-ف٣-مث١٩]	[ب٦-ف٣-مث١٩]	المجلد-السادس/الباب-السادس/ف03-المدح-والشكر-والدعاء.md	359
[م٢-ب٦-ف٣-مث٢٠]	[ب٦-ف٣-مث٢٠]	المجلد-السادس/الباب-السادس/ف03-المدح-والشكر-والدعاء.md	365
[م٢-ب٦-ف٣-مث٢١]	[ب٦-ف٣-مث٢١]	المجلد-السادس/الباب-السادس/ف03-المدح-والشكر-والدعاء.md	369
[م٢-ب٦-ف٣-مث٢٢]	[ب٦-ف٣-مث٢٢]	المجلد-السادس/الباب-السادس/ف03-المدح-والشكر-والدعاء.md	373
[م٢-ب٦-ف٣-مث٢٣]	[ب٦-ف٣-مث٢٣]	المجلد-السادس/الباب-السادس/ف03-المدح-والشكر-والدعاء.md	377
[م٢-ب٦-ف٣-مث٢٤]	[ب٦-ف٣-مث٢٤]	المجلد-السادس/الباب-السادس/ف03-المدح-والشكر-والدعاء.md	381
[م٢-ب٦-ف٣-مث٢٥]	[ب٦-ف٣-مث٢٥]	المجلد-السادس/الباب-السادس/ف03-المدح-والشكر-والدعاء.md	433
[م٢-ب٦-ف٣-مث٢٦]	[ب٦-ف٣-مث٢٦]	المجلد-السادس/الباب-السادس/ف03-المدح-والشكر-والدعاء.md	437
[م٢-ب٦-ف٣-مث٢٧]	[ب٦-ف٣-مث٢٧]	المجلد-السادس/الباب-السادس/ف03-المدح-والشكر-والدعاء.md	441
[م٢-ب٦-ف٣-مث٢٨]	[ب٦-ف٣-مث٢٨]	المجلد-السادس/الباب-السادس/ف03-المدح-والشكر-والدعاء.md	447
[م٢-ب٦-ف٣-مث٢٩]	[ب٦-ف٣-مث٢٩]	المجلد-السادس/الباب-السادس/ف03-المدح-والشكر-والدعاء.md	453
[م٢-ب٦-ف٣-مث٣٠]	[ب٦-ف٣-مث٣٠]	المجلد-السادس/الباب-السادس/ف03-المدح-والشكر-والدعاء.md	457
[م٢-ب٦-ف٣-مث٣١]	[ب٦-ف٣-مث٣١]	المجلد-السادس/الباب-السادس/ف03-المدح-والشكر-والدعاء.md	461
[م٢-ب٦-ف٣-مث٣٢]	[ب٦-ف٣-مث٣٢]	المجلد-السادس/الباب-السادس/ف03-المدح-والشكر-والدعاء.md	463
[م٢-ب٦-ف٤-مث١]	[ب٦-ف٤-مث١]	المجلد-السادس/الباب-السادس/ف04-أ-المدخل-والدرس-الأول.md	170
[م٢-ب٦-ف٤-مث٢]	[ب٦-ف٤-مث٢]	المجلد-السادس/الباب-السادس/ف04-أ-المدخل-والدرس-الأول.md	174
[م٢-ب٦-ف٤-مث٣]	[ب٦-ف٤-مث٣]	المجلد-السادس/الباب-السادس/ف04-أ-المدخل-والدرس-الأول.md	178
[م٢-ب٦-ف٤-مث٤]	[ب٦-ف٤-مث٤]	المجلد-السادس/الباب-السادس/ف04-أ-المدخل-والدرس-الأول.md	182
[م٢-ب٦-ف٤-مث٥]	[ب٦-ف٤-مث٥]	المجلد-السادس/الباب-السادس/ف04-أ-المدخل-والدرس-الأول.md	186
[م٢-ب٦-ف٤-مث٦]	[ب٦-ف٤-مث٦]	المجلد-السادس/الباب-السادس/ف04-أ-المدخل-والدرس-الأول.md	192
[م٢-ب٦-ف٤-مث٧]	[ب٦-ف٤-مث٧]	المجلد-السادس/الباب-السادس/ف04-أ-المدخل-والدرس-الأول.md	196
[م٢-ب٦-ف٤-مث٨]	[ب٦-ف٤-مث٨]	المجلد-السادس/الباب-السادس/ف04-أ-المدخل-والدرس-الأول.md	200
[م٢-ب٦-ف٤-مث٩]	[ب٦-ف٤-مث٩]	المجلد-السادس/الباب-السادس/ف04-أ-المدخل-والدرس-الأول.md	204
[م٢-ب٦-ف٤-مث١٠]	[ب٦-ف٤-مث١٠]	المجلد-السادس/الباب-السادس/ف04-أ-المدخل-والدرس-الأول.md	208
[م٢-ب٦-ف٤-مث١١]	[ب٦-ف٤-مث١١]	المجلد-السادس/الباب-السادس/ف04-أ-المدخل-والدرس-الأول.md	212
[م٢-ب٦-ف٤-مث١٢]	[ب٦-ف٤-مث١٢]	المجلد-السادس/الباب-السادس/ف04-أ-المدخل-والدرس-الأول.md	216
[م٢-ب٦-ف٤-مث١٣]	[ب٦-ف٤-مث١٣]	المجلد-السادس/الباب-السادس/ف04-أ-المدخل-والدرس-الأول.md	220
[م٢-ب٦-ف٤-مث١٤]	[ب٦-ف٤-مث١٤]	المجلد-السادس/الباب-السادس/ف04-أ-المدخل-والدرس-الأول.md	224
[م٢-ب٦-ف٤-مث١٥]	[ب٦-ف٤-مث١٥]	المجلد-السادس/الباب-السادس/ف04-أ-المدخل-والدرس-الأول.md	228
[م٢-ب٦-ف٤-مث١٦]	[ب٦-ف٤-مث١٦]	المجلد-السادس/الباب-السادس/ف04-أ-المدخل-والدرس-الأول.md	232
[م٢-ب٦-ف٤-مث١٧]	[ب٦-ف٤-مث١٧]	المجلد-السادس/الباب-السادس/ف04-أ-المدخل-والدرس-الأول.md	236
[م٢-ب٦-ف٤-مث١٨]	[ب٦-ف٤-مث١٨]	المجلد-السادس/الباب-السادس/ف04-أ-المدخل-والدرس-الأول.md	240
[م٢-ب٦-ف٤-مث١٩]	[ب٦-ف٤-مث١٩]	المجلد-السادس/الباب-السادس/ف04-ب-الدرس-الثاني.md	99
[م٢-ب٦-ف٤-مث٢٠]	[ب٦-ف٤-مث٢٠]	المجلد-السادس/الباب-السادس/ف04-ب-الدرس-الثاني.md	103
[م٢-ب٦-ف٤-مث٢١]	[ب٦-ف٤-مث٢١]	المجلد-السادس/الباب-السادس/ف04-ب-الدرس-الثاني.md	107
[م٢-ب٦-ف٤-مث٢٢]	[ب٦-ف٤-مث٢٢]	المجلد-السادس/الباب-السادس/ف04-ب-الدرس-الثاني.md	111
[م٢-ب٦-ف٤-مث٢٣]	[ب٦-ف٤-مث٢٣]	المجلد-السادس/الباب-السادس/ف04-ب-الدرس-الثاني.md	115
[م٢-ب٦-ف٤-مث٢٤]	[ب٦-ف٤-مث٢٤]	المجلد-السادس/الباب-السادس/ف04-ب-الدرس-الثاني.md	119
[م٢-ب٦-ف٤-مث٢٥]	[ب٦-ف٤-مث٢٥]	المجلد-السادس/الباب-السادس/ف04-ب-الدرس-الثاني.md	123
[م٢-ب٦-ف٤-مث٢٦]	[ب٦-ف٤-مث٢٦]	المجلد-السادس/الباب-السادس/ف04-ب-الدرس-الثاني.md	127
[م٢-ب٦-ف٤-مث٢٧]	[ب٦-ف٤-مث٢٧]	المجلد-السادس/الباب-السادس/ف04-ب-الدرس-الثاني.md	131
[م٢-ب٦-ف٤-مث٢٨]	[ب٦-ف٤-مث٢٨]	المجلد-السادس/الباب-السادس/ف04-ب-الدرس-الثاني.md	135
[م٢-ب٦-ف٤-مث٢٩]	[ب٦-ف٤-مث٢٩]	المجلد-السادس/الباب-السادس/ف04-ب-الدرس-الثاني.md	139
[م٢-ب٦-ف٤-مث٣٠]	[ب٦-ف٤-مث٣٠]	المجلد-السادس/الباب-السادس/ف04-ب-الدرس-الثاني.md	143
[م٢-ب٦-ف٤-مث٣١]	[ب٦-ف٤-مث٣١]	المجلد-السادس/الباب-السادس/ف04-ب-الدرس-الثاني.md	147
[م٢-ب٦-ف٤-مث٣٢]	[ب٦-ف٤-مث٣٢]	المجلد-السادس/الباب-السادس/ف04-ب-الدرس-الثاني.md	151
[م٢-ب٦-ف٥-مث١]	[ب٦-ف٥-مث١]	المجلد-السادس/الباب-السادس/ف05-أ-المدخل-والدرس-الأول.md	162
[م٢-ب٦-ف٥-مث٢]	[ب٦-ف٥-مث٢]	المجلد-السادس/الباب-السادس/ف05-أ-المدخل-والدرس-الأول.md	166
[م٢-ب٦-ف٥-مث٣]	[ب٦-ف٥-مث٣]	المجلد-السادس/الباب-السادس/ف05-أ-المدخل-والدرس-الأول.md	170
[م٢-ب٦-ف٥-مث٤]	[ب٦-ف٥-مث٤]	المجلد-السادس/الباب-السادس/ف05-أ-المدخل-والدرس-الأول.md	174
[م٢-ب٦-ف٥-مث٥]	[ب٦-ف٥-مث٥]	المجلد-السادس/الباب-السادس/ف05-أ-المدخل-والدرس-الأول.md	178
[م٢-ب٦-ف٥-مث٦]	[ب٦-ف٥-مث٦]	المجلد-السادس/الباب-السادس/ف05-أ-المدخل-والدرس-الأول.md	182
[م٢-ب٦-ف٥-مث٧]	[ب٦-ف٥-مث٧]	المجلد-السادس/الباب-السادس/ف05-أ-المدخل-والدرس-الأول.md	186
[م٢-ب٦-ف٥-مث٨]	[ب٦-ف٥-مث٨]	المجلد-السادس/الباب-السادس/ف05-أ-المدخل-والدرس-الأول.md	190
[م٢-ب٦-ف٥-مث٩]	[ب٦-ف٥-مث٩]	المجلد-السادس/الباب-السادس/ف05-أ-المدخل-والدرس-الأول.md	194
[م٢-ب٦-ف٥-مث١٠]	[ب٦-ف٥-مث١٠]	المجلد-السادس/الباب-السادس/ف05-أ-المدخل-والدرس-الأول.md	198
[م٢-ب٦-ف٥-مث١١]	[ب٦-ف٥-مث١١]	المجلد-السادس/الباب-السادس/ف05-أ-المدخل-والدرس-الأول.md	202
[م٢-ب٦-ف٥-مث١٢]	[ب٦-ف٥-مث١٢]	المجلد-السادس/الباب-السادس/ف05-أ-المدخل-والدرس-الأول.md	206
[م٢-ب٦-ف٥-مث١٣]	[ب٦-ف٥-مث١٣]	المجلد-السادس/الباب-السادس/ف05-ب-الدرس-الثاني.md	54
[م٢-ب٦-ف٥-مث١٤]	[ب٦-ف٥-مث١٤]	المجلد-السادس/الباب-السادس/ف05-ب-الدرس-الثاني.md	58
[م٢-ب٦-ف٥-مث١٥]	[ب٦-ف٥-مث١٥]	المجلد-السادس/الباب-السادس/ف05-ب-الدرس-الثاني.md	64
[م٢-ب٦-ف٥-مث١٦]	[ب٦-ف٥-مث١٦]	المجلد-السادس/الباب-السادس/ف05-ب-الدرس-الثاني.md	68
[م٢-ب٦-ف٥-مث١٧]	[ب٦-ف٥-مث١٧]	المجلد-السادس/الباب-السادس/ف05-ب-الدرس-الثاني.md	72
[م٢-ب٦-ف٥-مث١٨]	[ب٦-ف٥-مث١٨]	المجلد-السادس/الباب-السادس/ف05-ب-الدرس-الثاني.md	76
[م٢-ب٦-ف٦-مث١]	[ب٦-ف٦-مث١]	المجلد-السادس/الباب-السادس/ف06-أ-المدخل-والدرس-الأول.md	191
[م٢-ب٦-ف٦-مث٢]	[ب٦-ف٦-مث٢]	المجلد-السادس/الباب-السادس/ف06-أ-المدخل-والدرس-الأول.md	195
[م٢-ب٦-ف٦-مث٣]	[ب٦-ف٦-مث٣]	المجلد-السادس/الباب-السادس/ف06-أ-المدخل-والدرس-الأول.md	199
[م٢-ب٦-ف٦-مث٤]	[ب٦-ف٦-مث٤]	المجلد-السادس/الباب-السادس/ف06-أ-المدخل-والدرس-الأول.md	209
[م٢-ب٦-ف٦-مث٥]	[ب٦-ف٦-مث٥]	المجلد-السادس/الباب-السادس/ف06-أ-المدخل-والدرس-الأول.md	213
[م٢-ب٦-ف٦-مث٦]	[ب٦-ف٦-مث٦]	المجلد-السادس/الباب-السادس/ف06-أ-المدخل-والدرس-الأول.md	217
[م٢-ب٦-ف٦-مث٧]	[ب٦-ف٦-مث٧]	المجلد-السادس/الباب-السادس/ف06-أ-المدخل-والدرس-الأول.md	225
[م٢-ب٦-ف٦-مث٨]	[ب٦-ف٦-مث٨]	المجلد-السادس/الباب-السادس/ف06-أ-المدخل-والدرس-الأول.md	229
[م٢-ب٦-ف٦-مث٩]	[ب٦-ف٦-مث٩]	المجلد-السادس/الباب-السادس/ف06-أ-المدخل-والدرس-الأول.md	237
[م٢-ب٦-ف٦-مث١٠]	[ب٦-ف٦-مث١٠]	المجلد-السادس/الباب-السادس/ف06-أ-المدخل-والدرس-الأول.md	241
[م٢-ب٦-ف٦-مث١١]	[ب٦-ف٦-مث١١]	المجلد-السادس/الباب-السادس/ف06-أ-المدخل-والدرس-الأول.md	245
[م٢-ب٦-ف٦-مث١٢]	[ب٦-ف٦-مث١٢]	المجلد-السادس/الباب-السادس/ف06-أ-المدخل-والدرس-الأول.md	255
[م٢-ب٦-ف٦-مث١٣]	[ب٦-ف٦-مث١٣]	المجلد-السادس/الباب-السادس/ف06-أ-المدخل-والدرس-الأول.md	259
[م٢-ب٦-ف٦-مث١٤]	[ب٦-ف٦-مث١٤]	المجلد-السادس/الباب-السادس/ف06-أ-المدخل-والدرس-الأول.md	267
[م٢-ب٦-ف٦-مث١٥]	[ب٦-ف٦-مث١٥]	المجلد-السادس/الباب-السادس/ف06-أ-المدخل-والدرس-الأول.md	271
[م٢-ب٦-ف٦-مث١٦]	[ب٦-ف٦-مث١٦]	المجلد-السادس/الباب-السادس/ف06-أ-المدخل-والدرس-الأول.md	294
[م٢-ب٦-ف٦-مث١٧]	[ب٦-ف٦-مث١٧]	المجلد-السادس/الباب-السادس/ف06-أ-المدخل-والدرس-الأول.md	298
[م٢-ب٦-ف٦-مث١٨]	[ب٦-ف٦-مث١٨]	المجلد-السادس/الباب-السادس/ف06-أ-المدخل-والدرس-الأول.md	302
[م٢-ب٦-ف٦-مث١٩]	[ب٦-ف٦-مث١٩]	المجلد-السادس/الباب-السادس/ف06-أ-المدخل-والدرس-الأول.md	306
[م٢-ب٦-ف٦-مث٢٠]	[ب٦-ف٦-مث٢٠]	المجلد-السادس/الباب-السادس/ف06-أ-المدخل-والدرس-الأول.md	312
[م٢-ب٦-ف٦-مث٢١]	[ب٦-ف٦-مث٢١]	المجلد-السادس/الباب-السادس/ف06-أ-المدخل-والدرس-الأول.md	316
[م٢-ب٦-ف٦-مث٢٢]	[ب٦-ف٦-مث٢٢]	المجلد-السادس/الباب-السادس/ف06-أ-المدخل-والدرس-الأول.md	320
[م٢-ب٦-ف٦-مث٢٣]	[ب٦-ف٦-مث٢٣]	المجلد-السادس/الباب-السادس/ف06-أ-المدخل-والدرس-الأول.md	347
[م٢-ب٦-ف٦-مث٢٤]	[ب٦-ف٦-مث٢٤]	المجلد-السادس/الباب-السادس/ف06-أ-المدخل-والدرس-الأول.md	351
[م٢-ب٦-ف٦-مث٢٥]	[ب٦-ف٦-مث٢٥]	المجلد-السادس/الباب-السادس/ف06-أ-المدخل-والدرس-الأول.md	355
[م٢-ب٦-ف٦-مث٢٦]	[ب٦-ف٦-مث٢٦]	المجلد-السادس/الباب-السادس/ف06-أ-المدخل-والدرس-الأول.md	377
[م٢-ب٦-ف٦-مث٢٧]	[ب٦-ف٦-مث٢٧]	المجلد-السادس/الباب-السادس/ف06-أ-المدخل-والدرس-الأول.md	381
[م٢-ب٦-ف٦-مث٢٨]	[ب٦-ف٦-مث٢٨]	المجلد-السادس/الباب-السادس/ف06-أ-المدخل-والدرس-الأول.md	385
[م٢-ب٦-ف٦-مث٢٩]	[ب٦-ف٦-مث٢٩]	المجلد-السادس/الباب-السادس/ف06-ب-الدرس-الثاني.md	120
[م٢-ب٦-ف٦-مث٣٠]	[ب٦-ف٦-مث٣٠]	المجلد-السادس/الباب-السادس/ف06-ب-الدرس-الثاني.md	124
[م٢-ب٦-ف٦-مث٣١]	[ب٦-ف٦-مث٣١]	المجلد-السادس/الباب-السادس/ف06-ب-الدرس-الثاني.md	128
[م٢-ب٦-ف٦-مث٣٢]	[ب٦-ف٦-مث٣٢]	المجلد-السادس/الباب-السادس/ف06-ب-الدرس-الثاني.md	136
[م٢-ب٦-ف٦-مث٣٣]	[ب٦-ف٦-مث٣٣]	المجلد-السادس/الباب-السادس/ف06-ب-الدرس-الثاني.md	140
[م٢-ب٦-ف٦-مث٣٤]	[ب٦-ف٦-مث٣٤]	المجلد-السادس/الباب-السادس/ف06-ب-الدرس-الثاني.md	144
[م٢-ب٦-ف٦-مث٣٥]	[ب٦-ف٦-مث٣٥]	المجلد-السادس/الباب-السادس/ف06-ب-الدرس-الثاني.md	147
[م٢-ب٦-ف٦-مث٣٦]	[ب٦-ف٦-مث٣٦]	المجلد-السادس/الباب-السادس/ف06-ب-الدرس-الثاني.md	156
[م٢-ب٦-ف٦-مث٣٧]	[ب٦-ف٦-مث٣٧]	المجلد-السادس/الباب-السادس/ف06-ب-الدرس-الثاني.md	160
[م٢-ب٦-ف٦-مث٣٨]	[ب٦-ف٦-مث٣٨]	المجلد-السادس/الباب-السادس/ف06-ب-الدرس-الثاني.md	164
[م٢-ب٦-ف٦-مث٣٩]	[ب٦-ف٦-مث٣٩]	المجلد-السادس/الباب-السادس/ف06-ب-الدرس-الثاني.md	174
[م٢-ب٦-ف٦-مث٤٠]	[ب٦-ف٦-مث٤٠]	المجلد-السادس/الباب-السادس/ف06-ب-الدرس-الثاني.md	178
[م٢-ب٦-ف٦-مث٤١]	[ب٦-ف٦-مث٤١]	المجلد-السادس/الباب-السادس/ف06-ب-الدرس-الثاني.md	182
[م٢-ب٦-ف٦-مث٤٢]	[ب٦-ف٦-مث٤٢]	المجلد-السادس/الباب-السادس/ف06-ب-الدرس-الثاني.md	313
[م٢-ب٦-ف٦-مث٤٣]	[ب٦-ف٦-مث٤٣]	المجلد-السادس/الباب-السادس/ف06-ب-الدرس-الثاني.md	317
[م٢-ب٦-ف٦-مث٤٤]	[ب٦-ف٦-مث٤٤]	المجلد-السادس/الباب-السادس/ف06-ب-الدرس-الثاني.md	327
[م٢-ب٦-ف٦-مث٤٥]	[ب٦-ف٦-مث٤٥]	المجلد-السادس/الباب-السادس/ف06-ب-الدرس-الثاني.md	331
[م٢-ب٦-ف٦-مث٤٦]	[ب٦-ف٦-مث٤٦]	المجلد-السادس/الباب-السادس/ف06-ب-الدرس-الثاني.md	335
[م٢-ب٦-ف٧-مث١]	[ب٦-ف٧-مث١]	المجلد-السادس/الباب-السادس/ف07-أ-المدخل-والدرس-الأول.md	171
[م٢-ب٦-ف٧-مث٢]	[ب٦-ف٧-مث٢]	المجلد-السادس/الباب-السادس/ف07-أ-المدخل-والدرس-الأول.md	175
[م٢-ب٦-ف٧-مث٣]	[ب٦-ف٧-مث٣]	المجلد-السادس/الباب-السادس/ف07-أ-المدخل-والدرس-الأول.md	179
[م٢-ب٦-ف٧-مث٤]	[ب٦-ف٧-مث٤]	المجلد-السادس/الباب-السادس/ف07-أ-المدخل-والدرس-الأول.md	183
[م٢-ب٦-ف٧-مث٥]	[ب٦-ف٧-مث٥]	المجلد-السادس/الباب-السادس/ف07-أ-المدخل-والدرس-الأول.md	187
[م٢-ب٦-ف٧-مث٦]	[ب٦-ف٧-مث٦]	المجلد-السادس/الباب-السادس/ف07-أ-المدخل-والدرس-الأول.md	191
[م٢-ب٦-ف٧-مث٧]	[ب٦-ف٧-مث٧]	المجلد-السادس/الباب-السادس/ف07-أ-المدخل-والدرس-الأول.md	208
[م٢-ب٦-ف٧-مث٨]	[ب٦-ف٧-مث٨]	المجلد-السادس/الباب-السادس/ف07-أ-المدخل-والدرس-الأول.md	211
[م٢-ب٦-ف٧-مث٩]	[ب٦-ف٧-مث٩]	المجلد-السادس/الباب-السادس/ف07-أ-المدخل-والدرس-الأول.md	215
[م٢-ب٦-ف٧-مث١٠]	[ب٦-ف٧-مث١٠]	المجلد-السادس/الباب-السادس/ف07-أ-المدخل-والدرس-الأول.md	219
[م٢-ب٦-ف٧-مث١١]	[ب٦-ف٧-مث١١]	المجلد-السادس/الباب-السادس/ف07-أ-المدخل-والدرس-الأول.md	230
[م٢-ب٦-ف٧-مث١٢]	[ب٦-ف٧-مث١٢]	المجلد-السادس/الباب-السادس/ف07-أ-المدخل-والدرس-الأول.md	234
[م٢-ب٦-ف٧-مث١٣]	[ب٦-ف٧-مث١٣]	المجلد-السادس/الباب-السادس/ف07-أ-المدخل-والدرس-الأول.md	238
[م٢-ب٦-ف٧-مث١٤]	[ب٦-ف٧-مث١٤]	المجلد-السادس/الباب-السادس/ف07-أ-المدخل-والدرس-الأول.md	242
[م٢-ب٦-ف٧-مث١٥]	[ب٦-ف٧-مث١٥]	المجلد-السادس/الباب-السادس/ف07-أ-المدخل-والدرس-الأول.md	246
[م٢-ب٦-ف٧-مث١٦]	[ب٦-ف٧-مث١٦]	المجلد-السادس/الباب-السادس/ف07-أ-المدخل-والدرس-الأول.md	250
[م٢-ب٦-ف٧-مث١٧]	[ب٦-ف٧-مث١٧]	المجلد-السادس/الباب-السادس/ف07-أ-المدخل-والدرس-الأول.md	254
[م٢-ب٦-ف٧-مث١٨]	[ب٦-ف٧-مث١٨]	المجلد-السادس/الباب-السادس/ف07-أ-المدخل-والدرس-الأول.md	258
[م٢-ب٦-ف٧-مث١٩]	[ب٦-ف٧-مث١٩]	المجلد-السادس/الباب-السادس/ف07-أ-المدخل-والدرس-الأول.md	262
[م٢-ب٦-ف٧-مث٢٠]	[ب٦-ف٧-مث٢٠]	المجلد-السادس/الباب-السادس/ف07-أ-المدخل-والدرس-الأول.md	264
[م٢-ب٦-ف٧-مث٢١]	[ب٦-ف٧-مث٢١]	المجلد-السادس/الباب-السادس/ف07-أ-المدخل-والدرس-الأول.md	288
[م٢-ب٦-ف٧-مث٢٢]	[ب٦-ف٧-مث٢٢]	المجلد-السادس/الباب-السادس/ف07-أ-المدخل-والدرس-الأول.md	292
[م٢-ب٦-ف٧-مث٢٣]	[ب٦-ف٧-مث٢٣]	المجلد-السادس/الباب-السادس/ف07-أ-المدخل-والدرس-الأول.md	296
[م٢-ب٦-ف٧-مث٢٤]	[ب٦-ف٧-مث٢٤]	المجلد-السادس/الباب-السادس/ف07-أ-المدخل-والدرس-الأول.md	300
[م٢-ب٦-ف٧-مث٢٥]	[ب٦-ف٧-مث٢٥]	المجلد-السادس/الباب-السادس/ف07-ب-الدرس-الثاني.md	75
[م٢-ب٦-ف٧-مث٢٦]	[ب٦-ف٧-مث٢٦]	المجلد-السادس/الباب-السادس/ف07-ب-الدرس-الثاني.md	78
[م٢-ب٦-ف٧-مث٢٧]	[ب٦-ف٧-مث٢٧]	المجلد-السادس/الباب-السادس/ف07-ب-الدرس-الثاني.md	82
[م٢-ب٦-ف٧-مث٢٨]	[ب٦-ف٧-مث٢٨]	المجلد-السادس/الباب-السادس/ف07-ب-الدرس-الثاني.md	98
[م٢-ب٦-ف٧-مث٢٩]	[ب٦-ف٧-مث٢٩]	المجلد-السادس/الباب-السادس/ف07-ب-الدرس-الثاني.md	102
[م٢-ب٦-ف٧-مث٣٠]	[ب٦-ف٧-مث٣٠]	المجلد-السادس/الباب-السادس/ف07-ب-الدرس-الثاني.md	128
[م٢-ب٦-ف٧-مث٣١]	[ب٦-ف٧-مث٣١]	المجلد-السادس/الباب-السادس/ف07-ب-الدرس-الثاني.md	131
[م٢-ب٦-ف٧-مث٣٢]	[ب٦-ف٧-مث٣٢]	المجلد-السادس/الباب-السادس/ف07-ب-الدرس-الثاني.md	135
[م٢-ب٦-ف٧-مث٣٣]	[ب٦-ف٧-مث٣٣]	المجلد-السادس/الباب-السادس/ف07-ب-الدرس-الثاني.md	139
[م٢-ب٦-ف٨-مث١]	[ب٦-ف٨-مث١]	المجلد-السادس/الباب-السادس/ف08-أ-المدخل-والدرس-الأول.md	141
[م٢-ب٦-ف٨-مث٢]	[ب٦-ف٨-مث٢]	المجلد-السادس/الباب-السادس/ف08-أ-المدخل-والدرس-الأول.md	145
[م٢-ب٦-ف٨-مث٣]	[ب٦-ف٨-مث٣]	المجلد-السادس/الباب-السادس/ف08-أ-المدخل-والدرس-الأول.md	149
[م٢-ب٦-ف٨-مث٤]	[ب٦-ف٨-مث٤]	المجلد-السادس/الباب-السادس/ف08-أ-المدخل-والدرس-الأول.md	163
[م٢-ب٦-ف٨-مث٥]	[ب٦-ف٨-مث٥]	المجلد-السادس/الباب-السادس/ف08-أ-المدخل-والدرس-الأول.md	167
[م٢-ب٦-ف٨-مث٦]	[ب٦-ف٨-مث٦]	المجلد-السادس/الباب-السادس/ف08-أ-المدخل-والدرس-الأول.md	171
[م٢-ب٦-ف٨-مث٧]	[ب٦-ف٨-مث٧]	المجلد-السادس/الباب-السادس/ف08-أ-المدخل-والدرس-الأول.md	175
[م٢-ب٦-ف٨-مث٨]	[ب٦-ف٨-مث٨]	المجلد-السادس/الباب-السادس/ف08-أ-المدخل-والدرس-الأول.md	179
[م٢-ب٦-ف٨-مث٩]	[ب٦-ف٨-مث٩]	المجلد-السادس/الباب-السادس/ف08-ب-الدرس-الثاني.md	31
[م٢-ب٦-ف٨-مث١٠]	[ب٦-ف٨-مث١٠]	المجلد-السادس/الباب-السادس/ف08-ب-الدرس-الثاني.md	35
[م٢-ب٦-ف٨-مث١١]	[ب٦-ف٨-مث١١]	المجلد-السادس/الباب-السادس/ف08-ب-الدرس-الثاني.md	39
[م٢-ب٦-ف٨-مث١٢]	[ب٦-ف٨-مث١٢]	المجلد-السادس/الباب-السادس/ف08-ب-الدرس-الثاني.md	63
[م٢-ب٦-ف٨-مث١٣]	[ب٦-ف٨-مث١٣]	المجلد-السادس/الباب-السادس/ف08-ب-الدرس-الثاني.md	67
[م٢-ب٦-ف٨-مث١٤]	[ب٦-ف٨-مث١٤]	المجلد-السادس/الباب-السادس/ف08-ب-الدرس-الثاني.md	84
[م٢-ب٦-ف٨-مث١٥]	[ب٦-ف٨-مث١٥]	المجلد-السادس/الباب-السادس/ف08-ب-الدرس-الثاني.md	88
[م٢-ب٦-ف٩-مث١]	[ب٦-ف٩-مث١]	المجلد-السادس/الباب-السادس/ف09-أ-المدخل-والدرس-الأول.md	134
[م٢-ب٦-ف٩-مث٢]	[ب٦-ف٩-مث٢]	المجلد-السادس/الباب-السادس/ف09-أ-المدخل-والدرس-الأول.md	138
[م٢-ب٦-ف٩-مث٣]	[ب٦-ف٩-مث٣]	المجلد-السادس/الباب-السادس/ف09-أ-المدخل-والدرس-الأول.md	142
[م٢-ب٦-ف٩-مث٤]	[ب٦-ف٩-مث٤]	المجلد-السادس/الباب-السادس/ف09-أ-المدخل-والدرس-الأول.md	146
[م٢-ب٦-ف٩-مث٥]	[ب٦-ف٩-مث٥]	المجلد-السادس/الباب-السادس/ف09-ب-الدرس-الثاني.md	29
[م٢-ب٦-ف٩-مث٦]	[ب٦-ف٩-مث٦]	المجلد-السادس/الباب-السادس/ف09-ب-الدرس-الثاني.md	33
[م٢-ب٦-ف٩-مث٧]	[ب٦-ف٩-مث٧]	المجلد-السادس/الباب-السادس/ف09-ب-الدرس-الثاني.md	37
[م٢-ب٦-ف٩-مث٨]	[ب٦-ف٩-مث٨]	المجلد-السادس/الباب-السادس/ف09-ب-الدرس-الثاني.md	41
[م٢-ب٦-ف٩-مث٩]	[ب٦-ف٩-مث٩]	المجلد-السادس/الباب-السادس/ف09-ب-الدرس-الثاني.md	57
[م٢-ب٦-ف٩-مث١٠]	[ب٦-ف٩-مث١٠]	المجلد-السادس/الباب-السادس/ف09-ب-الدرس-الثاني.md	61
[م٢-ب٦-ف٩-مث١١]	[ب٦-ف٩-مث١١]	المجلد-السادس/الباب-السادس/ف09-ب-الدرس-الثاني.md	65
[م٢-ب٦-ف٩-مث١٢]	[ب٦-ف٩-مث١٢]	المجلد-السادس/الباب-السادس/ف09-ب-الدرس-الثاني.md	69
[م٢-ب٦-ف٩-مث١٣]	[ب٦-ف٩-مث١٣]	المجلد-السادس/الباب-السادس/ف09-ب-الدرس-الثاني.md	73
[م٢-ب٦-ف٩-مث١٤]	[ب٦-ف٩-مث١٤]	المجلد-السادس/الباب-السادس/ف09-ب-الدرس-الثاني.md	77
[م٢-ب٦-ف٩-مث١٥]	[ب٦-ف٩-مث١٥]	المجلد-السادس/الباب-السادس/ف09-ب-الدرس-الثاني.md	81
[م٤-ب١٤-ف١-مث١]	[ب١٣-ف١-مث١]	المجلد-العاشر/الباب-الثالث-عشر/ف01-أ-المدخل-وسلم-الارتجال.md	72
[م٤-ب١٤-ف١-مث٢]	[ب١٣-ف١-مث٢]	المجلد-العاشر/الباب-الثالث-عشر/ف01-أ-المدخل-وسلم-الارتجال.md	76
[م٤-ب١٤-ف١-مث٣]	[ب١٣-ف١-مث٣]	المجلد-العاشر/الباب-الثالث-عشر/ف01-أ-المدخل-وسلم-الارتجال.md	80
[م٤-ب١٤-ف١-مث٤]	[ب١٣-ف١-مث٤]	المجلد-العاشر/الباب-الثالث-عشر/ف01-أ-المدخل-وسلم-الارتجال.md	84
[م٤-ب١٤-ف١-مث٥]	[ب١٣-ف١-مث٥]	المجلد-العاشر/الباب-الثالث-عشر/ف01-أ-المدخل-وسلم-الارتجال.md	88
[م٤-ب١٤-ف١-مث٦]	[ب١٣-ف١-مث٦]	المجلد-العاشر/الباب-الثالث-عشر/ف01-أ-المدخل-وسلم-الارتجال.md	92
[م٤-ب١٤-ف١-مث٧]	[ب١٣-ف١-مث٧]	المجلد-العاشر/الباب-الثالث-عشر/ف01-ب-سلم-الارتجال-والحوار-الممتد.md	13
[م٤-ب١٤-ف١-مث٨]	[ب١٣-ف١-مث٨]	المجلد-العاشر/الباب-الثالث-عشر/ف01-ب-سلم-الارتجال-والحوار-الممتد.md	17
[م٤-ب١٤-ف١-مث٩]	[ب١٣-ف١-مث٩]	المجلد-العاشر/الباب-الثالث-عشر/ف01-ب-سلم-الارتجال-والحوار-الممتد.md	21
[م٤-ب١٤-ف١-مث١٠]	[ب١٣-ف١-مث١٠]	المجلد-العاشر/الباب-الثالث-عشر/ف01-ب-سلم-الارتجال-والحوار-الممتد.md	31
[م٤-ب١٤-ف١-مث١١]	[ب١٣-ف١-مث١١]	المجلد-العاشر/الباب-الثالث-عشر/ف01-ب-سلم-الارتجال-والحوار-الممتد.md	35
[م٤-ب١٤-ف١-مث١٢]	[ب١٣-ف١-مث١٢]	المجلد-العاشر/الباب-الثالث-عشر/ف01-ب-سلم-الارتجال-والحوار-الممتد.md	39
[م٤-ب١٤-ف١-مث١٣]	[ب١٣-ف١-مث١٣]	المجلد-العاشر/الباب-الثالث-عشر/ف01-ب-سلم-الارتجال-والحوار-الممتد.md	43
[م٤-ب١٤-ف١-مث١٤]	[ب١٣-ف١-مث١٤]	المجلد-العاشر/الباب-الثالث-عشر/ف01-ب-سلم-الارتجال-والحوار-الممتد.md	47
[م٤-ب١٤-ف١-مث١٥]	[ب١٣-ف١-مث١٥]	المجلد-العاشر/الباب-الثالث-عشر/ف01-ب-سلم-الارتجال-والحوار-الممتد.md	51
[م٤-ب١٤-ف٢-مث١]	[ب١٣-ف٢-مث١]	المجلد-العاشر/الباب-الثالث-عشر/ف02-ج-المفاجآت-والتطبيق-والتقويم.md	42
[م٤-ب١٤-ف٢-مث٢]	[ب١٣-ف٢-مث٢]	المجلد-العاشر/الباب-الثالث-عشر/ف02-ج-المفاجآت-والتطبيق-والتقويم.md	46
[م٤-ب١٤-ف٢-مث٣]	[ب١٣-ف٢-مث٣]	المجلد-العاشر/الباب-الثالث-عشر/ف02-ج-المفاجآت-والتطبيق-والتقويم.md	50
[م٤-ب١٤-ف٢-مث٤]	[ب١٣-ف٢-مث٤]	المجلد-العاشر/الباب-الثالث-عشر/ف02-ج-المفاجآت-والتطبيق-والتقويم.md	54
[م٤-ب١٤-ف٢-مث٥]	[ب١٣-ف٢-مث٥]	المجلد-العاشر/الباب-الثالث-عشر/ف02-ج-المفاجآت-والتطبيق-والتقويم.md	58
[م٤-ب١٤-ف٢-مث٦]	[ب١٣-ف٢-مث٦]	المجلد-العاشر/الباب-الثالث-عشر/ف02-ج-المفاجآت-والتطبيق-والتقويم.md	62
[م٤-ب١٤-ف٢-مث٧]	[ب١٣-ف٢-مث٧]	المجلد-العاشر/الباب-الثالث-عشر/ف02-ج-المفاجآت-والتطبيق-والتقويم.md	66
[م٤-ب١٤-ف٢-مث٨]	[ب١٣-ف٢-مث٨]	المجلد-العاشر/الباب-الثالث-عشر/ف02-ج-المفاجآت-والتطبيق-والتقويم.md	70
[م٤-ب١٤-ف٢-مث٩]	[ب١٣-ف٢-مث٩]	المجلد-العاشر/الباب-الثالث-عشر/ف02-ج-المفاجآت-والتطبيق-والتقويم.md	74
[م٤-ب١٤-ف٢-مث١٠]	[ب١٣-ف٢-مث١٠]	المجلد-العاشر/الباب-الثالث-عشر/ف02-ج-المفاجآت-والتطبيق-والتقويم.md	78
[م٤-ب١٤-ف٢-مث١١]	[ب١٣-ف٢-مث١١]	المجلد-العاشر/الباب-الثالث-عشر/ف02-ج-المفاجآت-والتطبيق-والتقويم.md	82
[م٤-ب١٤-ف٢-مث١٢]	[ب١٣-ف٢-مث١٢]	المجلد-العاشر/الباب-الثالث-عشر/ف02-ج-المفاجآت-والتطبيق-والتقويم.md	86
[م٤-ب١٤-ف٢-مث١٣]	[ب١٣-ف٢-مث١٣]	المجلد-العاشر/الباب-الثالث-عشر/ف02-ج-المفاجآت-والتطبيق-والتقويم.md	90
[م٤-ب١٤-ف٢-مث١٤]	[ب١٣-ف٢-مث١٤]	المجلد-العاشر/الباب-الثالث-عشر/ف02-ج-المفاجآت-والتطبيق-والتقويم.md	94
[م٤-ب١٤-ف٢-مث١٥]	[ب١٣-ف٢-مث١٥]	المجلد-العاشر/الباب-الثالث-عشر/ف02-ج-المفاجآت-والتطبيق-والتقويم.md	98
[م٤-ب١٤-ف٣-مث١]	[ب١٣-ف٣-مث١]	المجلد-العاشر/الباب-الثالث-عشر/ف03-أ-الملف-الصوتي-ومشروع-التخرج.md	78
[م٤-ب١٤-ف٣-مث٢]	[ب١٣-ف٣-مث٢]	المجلد-العاشر/الباب-الثالث-عشر/ف03-أ-الملف-الصوتي-ومشروع-التخرج.md	82
[م٤-ب١٤-ف٣-مث٣]	[ب١٣-ف٣-مث٣]	المجلد-العاشر/الباب-الثالث-عشر/ف03-أ-الملف-الصوتي-ومشروع-التخرج.md	86
[م٤-ب١٤-ف٣-مث٤]	[ب١٣-ف٣-مث٤]	المجلد-العاشر/الباب-الثالث-عشر/ف03-ج-التطبيق-والتقويم-والخاتمة.md	49
[م٤-ب١٤-ف٣-مث٥]	[ب١٣-ف٣-مث٥]	المجلد-العاشر/الباب-الثالث-عشر/ف03-ج-التطبيق-والتقويم-والخاتمة.md	53
[م٤-ب١٤-ف٣-مث٦]	[ب١٣-ف٣-مث٦]	المجلد-العاشر/الباب-الثالث-عشر/ف03-ج-التطبيق-والتقويم-والخاتمة.md	57
[م٤-ب١٤-ف٣-مث٧]	[ب١٣-ف٣-مث٧]	المجلد-العاشر/الباب-الثالث-عشر/ف03-ج-التطبيق-والتقويم-والخاتمة.md	61
[م٤-ب١٤-ف٣-مث٨]	[ب١٣-ف٣-مث٨]	المجلد-العاشر/الباب-الثالث-عشر/ف03-ج-التطبيق-والتقويم-والخاتمة.md	65
[م٤-ب١٤-ف٣-مث٩]	[ب١٣-ف٣-مث٩]	المجلد-العاشر/الباب-الثالث-عشر/ف03-ج-التطبيق-والتقويم-والخاتمة.md	69
[م٤-ب١٤-ف٣-مث١٠]	[ب١٣-ف٣-مث١٠]	المجلد-العاشر/الباب-الثالث-عشر/ف03-ج-التطبيق-والتقويم-والخاتمة.md	73
[م٤-ب١٤-ف٣-مث١١]	[ب١٣-ف٣-مث١١]	المجلد-العاشر/الباب-الثالث-عشر/ف03-ج-التطبيق-والتقويم-والخاتمة.md	77
[م٤-ب١٤-ف٣-مث١٢]	[ب١٣-ف٣-مث١٢]	المجلد-العاشر/الباب-الثالث-عشر/ف03-ج-التطبيق-والتقويم-والخاتمة.md	81
[م٤-ب١٤-ف٣-مث١٣]	[ب١٣-ف٣-مث١٣]	المجلد-العاشر/الباب-الثالث-عشر/ف03-ج-التطبيق-والتقويم-والخاتمة.md	85
[م٤-ب١٤-ف٣-مث١٤]	[ب١٣-ف٣-مث١٤]	المجلد-العاشر/الباب-الثالث-عشر/ف03-ج-التطبيق-والتقويم-والخاتمة.md	89
[م٤-ب١٤-ف٣-مث١٥]	[ب١٣-ف٣-مث١٥]	المجلد-العاشر/الباب-الثالث-عشر/ف03-ج-التطبيق-والتقويم-والخاتمة.md	93
[م٤-ب١٢-ف١-مث١]	[ب١٢-ف١-مث١]	المجلد-العاشر/الباب-الثاني-عشر/ف01-أ-المدخل-والألقاب.md	184
[م٤-ب١٢-ف١-مث٢]	[ب١٢-ف١-مث٢]	المجلد-العاشر/الباب-الثاني-عشر/ف01-أ-المدخل-والألقاب.md	188
[م٤-ب١٢-ف١-مث٣]	[ب١٢-ف١-مث٣]	المجلد-العاشر/الباب-الثاني-عشر/ف01-أ-المدخل-والألقاب.md	192
[م٤-ب١٢-ف١-مث٤]	[ب١٢-ف١-مث٤]	المجلد-العاشر/الباب-الثاني-عشر/ف01-أ-المدخل-والألقاب.md	196
[م٤-ب١٢-ف١-مث٥]	[ب١٢-ف١-مث٥]	المجلد-العاشر/الباب-الثاني-عشر/ف01-أ-المدخل-والألقاب.md	200
[م٤-ب١٢-ف١-مث٦]	[ب١٢-ف١-مث٦]	المجلد-العاشر/الباب-الثاني-عشر/ف01-أ-المدخل-والألقاب.md	204
[م٤-ب١٢-ف١-مث٧]	[ب١٢-ف١-مث٧]	المجلد-العاشر/الباب-الثاني-عشر/ف01-أ-المدخل-والألقاب.md	208
[م٤-ب١٢-ف١-مث٨]	[ب١٢-ف١-مث٨]	المجلد-العاشر/الباب-الثاني-عشر/ف01-أ-المدخل-والألقاب.md	212
[م٤-ب١٢-ف١-مث٩]	[ب١٢-ف١-مث٩]	المجلد-العاشر/الباب-الثاني-عشر/ف01-أ-المدخل-والألقاب.md	257
[م٤-ب١٢-ف١-مث١٠]	[ب١٢-ف١-مث١٠]	المجلد-العاشر/الباب-الثاني-عشر/ف01-أ-المدخل-والألقاب.md	261
[م٤-ب١٢-ف١-مث١١]	[ب١٢-ف١-مث١١]	المجلد-العاشر/الباب-الثاني-عشر/ف01-أ-المدخل-والألقاب.md	265
[م٤-ب١٢-ف١-مث١٢]	[ب١٢-ف١-مث١٢]	المجلد-العاشر/الباب-الثاني-عشر/ف01-أ-المدخل-والألقاب.md	269
[م٤-ب١٢-ف١-مث١٣]	[ب١٢-ف١-مث١٣]	المجلد-العاشر/الباب-الثاني-عشر/ف01-أ-المدخل-والألقاب.md	273
[م٤-ب١٢-ف١-مث١٤]	[ب١٢-ف١-مث١٤]	المجلد-العاشر/الباب-الثاني-عشر/ف01-أ-المدخل-والألقاب.md	277
[م٤-ب١٢-ف١-مث١٥]	[ب١٢-ف١-مث١٥]	المجلد-العاشر/الباب-الثاني-عشر/ف01-أ-المدخل-والألقاب.md	281
[م٤-ب١٢-ف١-مث١٦]	[ب١٢-ف١-مث١٦]	المجلد-العاشر/الباب-الثاني-عشر/ف01-أ-المدخل-والألقاب.md	286
[م٤-ب١٢-ف١-مث١٧]	[ب١٢-ف١-مث١٧]	المجلد-العاشر/الباب-الثاني-عشر/ف01-أ-المدخل-والألقاب.md	290
[م٤-ب١٢-ف١-مث١٨]	[ب١٢-ف١-مث١٨]	المجلد-العاشر/الباب-الثاني-عشر/ف01-أ-المدخل-والألقاب.md	294
[م٤-ب١٢-ف١-مث١٩]	[ب١٢-ف١-مث١٩]	المجلد-العاشر/الباب-الثاني-عشر/ف01-أ-المدخل-والألقاب.md	298
[م٤-ب١٢-ف١-مث٢٠]	[ب١٢-ف١-مث٢٠]	المجلد-العاشر/الباب-الثاني-عشر/ف01-أ-المدخل-والألقاب.md	303
[م٤-ب١٢-ف١-مث٢١]	[ب١٢-ف١-مث٢١]	المجلد-العاشر/الباب-الثاني-عشر/ف01-أ-المدخل-والألقاب.md	313
[م٤-ب١٢-ف١-مث٢٢]	[ب١٢-ف١-مث٢٢]	المجلد-العاشر/الباب-الثاني-عشر/ف01-أ-المدخل-والألقاب.md	317
[م٤-ب١٢-ف١-مث٢٣]	[ب١٢-ف١-مث٢٣]	المجلد-العاشر/الباب-الثاني-عشر/ف01-أ-المدخل-والألقاب.md	321
[م٤-ب١٢-ف١-مث٢٤]	[ب١٢-ف١-مث٢٤]	المجلد-العاشر/الباب-الثاني-عشر/ف01-أ-المدخل-والألقاب.md	327
[م٤-ب١٢-ف١-مث٢٥]	[ب١٢-ف١-مث٢٥]	المجلد-العاشر/الباب-الثاني-عشر/ف01-ب-الترحيب-والشكر.md	164
[م٤-ب١٢-ف١-مث٢٦]	[ب١٢-ف١-مث٢٦]	المجلد-العاشر/الباب-الثاني-عشر/ف01-ب-الترحيب-والشكر.md	168
[م٤-ب١٢-ف١-مث٢٧]	[ب١٢-ف١-مث٢٧]	المجلد-العاشر/الباب-الثاني-عشر/ف01-ب-الترحيب-والشكر.md	172
[م٤-ب١٢-ف١-مث٢٨]	[ب١٢-ف١-مث٢٨]	المجلد-العاشر/الباب-الثاني-عشر/ف01-ب-الترحيب-والشكر.md	176
[م٤-ب١٢-ف١-مث٢٩]	[ب١٢-ف١-مث٢٩]	المجلد-العاشر/الباب-الثاني-عشر/ف01-ب-الترحيب-والشكر.md	180
[م٤-ب١٢-ف١-مث٣٠]	[ب١٢-ف١-مث٣٠]	المجلد-العاشر/الباب-الثاني-عشر/ف01-ب-الترحيب-والشكر.md	184
[م٤-ب١٢-ف١-مث٣١]	[ب١٢-ف١-مث٣١]	المجلد-العاشر/الباب-الثاني-عشر/ف01-ب-الترحيب-والشكر.md	188
[م٤-ب١٢-ف١-مث٣٢]	[ب١٢-ف١-مث٣٢]	المجلد-العاشر/الباب-الثاني-عشر/ف01-ب-الترحيب-والشكر.md	192
[م٤-ب١٢-ف١-مث٣٣]	[ب١٢-ف١-مث٣٣]	المجلد-العاشر/الباب-الثاني-عشر/ف01-ب-الترحيب-والشكر.md	196
[م٤-ب١٢-ف١-مث٣٤]	[ب١٢-ف١-مث٣٤]	المجلد-العاشر/الباب-الثاني-عشر/ف01-ب-الترحيب-والشكر.md	200
[م٤-ب١٢-ف١-مث٣٥]	[ب١٢-ف١-مث٣٥]	المجلد-العاشر/الباب-الثاني-عشر/ف01-ب-الترحيب-والشكر.md	269
[م٤-ب١٢-ف٢-مث١]	[ب١٢-ف٢-مث١]	المجلد-العاشر/الباب-الثاني-عشر/ف02-أ-المدخل-والمجاملة.md	192
[م٤-ب١٢-ف٢-مث٢]	[ب١٢-ف٢-مث٢]	المجلد-العاشر/الباب-الثاني-عشر/ف02-أ-المدخل-والمجاملة.md	196
[م٤-ب١٢-ف٢-مث٣]	[ب١٢-ف٢-مث٣]	المجلد-العاشر/الباب-الثاني-عشر/ف02-أ-المدخل-والمجاملة.md	200
[م٤-ب١٢-ف٢-مث٤]	[ب١٢-ف٢-مث٤]	المجلد-العاشر/الباب-الثاني-عشر/ف02-أ-المدخل-والمجاملة.md	204
[م٤-ب١٢-ف٢-مث٥]	[ب١٢-ف٢-مث٥]	المجلد-العاشر/الباب-الثاني-عشر/ف02-أ-المدخل-والمجاملة.md	208
[م٤-ب١٢-ف٢-مث٦]	[ب١٢-ف٢-مث٦]	المجلد-العاشر/الباب-الثاني-عشر/ف02-أ-المدخل-والمجاملة.md	212
[م٤-ب١٢-ف٢-مث٧]	[ب١٢-ف٢-مث٧]	المجلد-العاشر/الباب-الثاني-عشر/ف02-أ-المدخل-والمجاملة.md	216
[م٤-ب١٢-ف٢-مث٨]	[ب١٢-ف٢-مث٨]	المجلد-العاشر/الباب-الثاني-عشر/ف02-أ-المدخل-والمجاملة.md	220
[م٤-ب١٢-ف٢-مث٩]	[ب١٢-ف٢-مث٩]	المجلد-العاشر/الباب-الثاني-عشر/ف02-أ-المدخل-والمجاملة.md	224
[م٤-ب١٢-ف٢-مث١٠]	[ب١٢-ف٢-مث١٠]	المجلد-العاشر/الباب-الثاني-عشر/ف02-أ-المدخل-والمجاملة.md	228
[م٤-ب١٢-ف٢-مث١١]	[ب١٢-ف٢-مث١١]	المجلد-العاشر/الباب-الثاني-عشر/ف02-أ-المدخل-والمجاملة.md	233
[م٤-ب١٢-ف٢-مث١٢]	[ب١٢-ف٢-مث١٢]	المجلد-العاشر/الباب-الثاني-عشر/ف02-أ-المدخل-والمجاملة.md	237
[م٤-ب١٢-ف٢-مث١٣]	[ب١٢-ف٢-مث١٣]	المجلد-العاشر/الباب-الثاني-عشر/ف02-أ-المدخل-والمجاملة.md	241
[م٤-ب١٢-ف٢-مث١٤]	[ب١٢-ف٢-مث١٤]	المجلد-العاشر/الباب-الثاني-عشر/ف02-أ-المدخل-والمجاملة.md	245
[م٤-ب١٢-ف٢-مث١٥]	[ب١٢-ف٢-مث١٥]	المجلد-العاشر/الباب-الثاني-عشر/ف02-أ-المدخل-والمجاملة.md	249
[م٤-ب١٢-ف٢-مث١٦]	[ب١٢-ف٢-مث١٦]	المجلد-العاشر/الباب-الثاني-عشر/ف02-أ-المدخل-والمجاملة.md	253
[م٤-ب١٢-ف٢-مث١٧]	[ب١٢-ف٢-مث١٧]	المجلد-العاشر/الباب-الثاني-عشر/ف02-ب-التحفظ-والسؤال-الحساس.md	176
[م٤-ب١٢-ف٢-مث١٨]	[ب١٢-ف٢-مث١٨]	المجلد-العاشر/الباب-الثاني-عشر/ف02-ب-التحفظ-والسؤال-الحساس.md	180
[م٤-ب١٢-ف٢-مث١٩]	[ب١٢-ف٢-مث١٩]	المجلد-العاشر/الباب-الثاني-عشر/ف02-ب-التحفظ-والسؤال-الحساس.md	184
[م٤-ب١٢-ف٢-مث٢٠]	[ب١٢-ف٢-مث٢٠]	المجلد-العاشر/الباب-الثاني-عشر/ف02-ب-التحفظ-والسؤال-الحساس.md	188
[م٤-ب١٢-ف٢-مث٢١]	[ب١٢-ف٢-مث٢١]	المجلد-العاشر/الباب-الثاني-عشر/ف02-ب-التحفظ-والسؤال-الحساس.md	192
[م٤-ب١٢-ف٢-مث٢٢]	[ب١٢-ف٢-مث٢٢]	المجلد-العاشر/الباب-الثاني-عشر/ف02-ب-التحفظ-والسؤال-الحساس.md	196
[م٤-ب١٢-ف٢-مث٢٣]	[ب١٢-ف٢-مث٢٣]	المجلد-العاشر/الباب-الثاني-عشر/ف02-ب-التحفظ-والسؤال-الحساس.md	200
[م٤-ب١٢-ف٢-مث٢٤]	[ب١٢-ف٢-مث٢٤]	المجلد-العاشر/الباب-الثاني-عشر/ف02-ب-التحفظ-والسؤال-الحساس.md	204
[م٤-ب١٢-ف٢-مث٢٥]	[ب١٢-ف٢-مث٢٥]	المجلد-العاشر/الباب-الثاني-عشر/ف02-ب-التحفظ-والسؤال-الحساس.md	208
[م٤-ب١٢-ف٢-مث٢٦]	[ب١٢-ف٢-مث٢٦]	المجلد-العاشر/الباب-الثاني-عشر/ف02-ب-التحفظ-والسؤال-الحساس.md	212
[م٤-ب١٢-ف٢-مث٢٧]	[ب١٢-ف٢-مث٢٧]	المجلد-العاشر/الباب-الثاني-عشر/ف02-ب-التحفظ-والسؤال-الحساس.md	216
[م٤-ب١٢-ف٢-مث٢٨]	[ب١٢-ف٢-مث٢٨]	المجلد-العاشر/الباب-الثاني-عشر/ف02-ب-التحفظ-والسؤال-الحساس.md	220
[م٤-ب١٢-ف٢-مث٢٩]	[ب١٢-ف٢-مث٢٩]	المجلد-العاشر/الباب-الثاني-عشر/ف02-ب-التحفظ-والسؤال-الحساس.md	274
[م٤-ب١٢-ف٢-مث٣٠]	[ب١٢-ف٢-مث٣٠]	المجلد-العاشر/الباب-الثاني-عشر/ف02-ب-التحفظ-والسؤال-الحساس.md	278
[م٤-ب١٢-ف٢-مث٣١]	[ب١٢-ف٢-مث٣١]	المجلد-العاشر/الباب-الثاني-عشر/ف02-ب-التحفظ-والسؤال-الحساس.md	282
[م٤-ب١٢-ف٢-مث٣٢]	[ب١٢-ف٢-مث٣٢]	المجلد-العاشر/الباب-الثاني-عشر/ف02-ب-التحفظ-والسؤال-الحساس.md	286
[م٤-ب١٢-ف٢-مث٣٣]	[ب١٢-ف٢-مث٣٣]	المجلد-العاشر/الباب-الثاني-عشر/ف02-ب-التحفظ-والسؤال-الحساس.md	291
[م٤-ب١٢-ف٢-مث٣٤]	[ب١٢-ف٢-مث٣٤]	المجلد-العاشر/الباب-الثاني-عشر/ف02-ب-التحفظ-والسؤال-الحساس.md	295
[م٤-ب١٢-ف٢-مث٣٥]	[ب١٢-ف٢-مث٣٥]	المجلد-العاشر/الباب-الثاني-عشر/ف02-ب-التحفظ-والسؤال-الحساس.md	373
[م٤-ب١٢-ف٢-مث٣٦]	[ب١٢-ف٢-مث٣٦]	المجلد-العاشر/الباب-الثاني-عشر/ف02-ب-التحفظ-والسؤال-الحساس.md	377
[م٤-ب١٢-ف٢-مث٣٧]	[ب١٢-ف٢-مث٣٧]	المجلد-العاشر/الباب-الثاني-عشر/ف02-ب-التحفظ-والسؤال-الحساس.md	381
[م٤-ب١٢-ف٢-مث٣٨]	[ب١٢-ف٢-مث٣٨]	المجلد-العاشر/الباب-الثاني-عشر/ف02-ب-التحفظ-والسؤال-الحساس.md	385
[م٤-ب١٢-ف٢-مث٣٩]	[ب١٢-ف٢-مث٣٩]	المجلد-العاشر/الباب-الثاني-عشر/ف02-ب-التحفظ-والسؤال-الحساس.md	390
[م٤-ب١٢-ف٢-مث٤٠]	[ب١٢-ف٢-مث٤٠]	المجلد-العاشر/الباب-الثاني-عشر/ف02-ب-التحفظ-والسؤال-الحساس.md	394
[م٤-ب١٢-ف٣-مث١]	[ب١٢-ف٣-مث١]	المجلد-العاشر/الباب-الثاني-عشر/ف03-أ-المدخل-وعرض-الموقف.md	154
[م٤-ب١٢-ف٣-مث٢]	[ب١٢-ف٣-مث٢]	المجلد-العاشر/الباب-الثاني-عشر/ف03-أ-المدخل-وعرض-الموقف.md	158
[م٤-ب١٢-ف٣-مث٣]	[ب١٢-ف٣-مث٣]	المجلد-العاشر/الباب-الثاني-عشر/ف03-أ-المدخل-وعرض-الموقف.md	162
[م٤-ب١٢-ف٣-مث٤]	[ب١٢-ف٣-مث٤]	المجلد-العاشر/الباب-الثاني-عشر/ف03-أ-المدخل-وعرض-الموقف.md	166
[م٤-ب١٢-ف٣-مث٥]	[ب١٢-ف٣-مث٥]	المجلد-العاشر/الباب-الثاني-عشر/ف03-أ-المدخل-وعرض-الموقف.md	170
[م٤-ب١٢-ف٣-مث٦]	[ب١٢-ف٣-مث٦]	المجلد-العاشر/الباب-الثاني-عشر/ف03-أ-المدخل-وعرض-الموقف.md	174
[م٤-ب١٢-ف٣-مث٧]	[ب١٢-ف٣-مث٧]	المجلد-العاشر/الباب-الثاني-عشر/ف03-أ-المدخل-وعرض-الموقف.md	178
[م٤-ب١٢-ف٣-مث٨]	[ب١٢-ف٣-مث٨]	المجلد-العاشر/الباب-الثاني-عشر/ف03-أ-المدخل-وعرض-الموقف.md	182
[م٤-ب١٢-ف٣-مث٩]	[ب١٢-ف٣-مث٩]	المجلد-العاشر/الباب-الثاني-عشر/ف03-ب-التنازل-والعرض-المقابل.md	106
[م٤-ب١٢-ف٣-مث١٠]	[ب١٢-ف٣-مث١٠]	المجلد-العاشر/الباب-الثاني-عشر/ف03-ب-التنازل-والعرض-المقابل.md	110
[م٤-ب١٢-ف٣-مث١١]	[ب١٢-ف٣-مث١١]	المجلد-العاشر/الباب-الثاني-عشر/ف03-ب-التنازل-والعرض-المقابل.md	114
[م٤-ب١٢-ف٣-مث١٢]	[ب١٢-ف٣-مث١٢]	المجلد-العاشر/الباب-الثاني-عشر/ف03-ب-التنازل-والعرض-المقابل.md	118
[م٤-ب١٢-ف٣-مث١٣]	[ب١٢-ف٣-مث١٣]	المجلد-العاشر/الباب-الثاني-عشر/ف03-ب-التنازل-والعرض-المقابل.md	122
[م٤-ب١٢-ف٣-مث١٤]	[ب١٢-ف٣-مث١٤]	المجلد-العاشر/الباب-الثاني-عشر/ف03-ب-التنازل-والعرض-المقابل.md	175
[م٤-ب١٢-ف٣-مث١٥]	[ب١٢-ف٣-مث١٥]	المجلد-العاشر/الباب-الثاني-عشر/ف03-ب-التنازل-والعرض-المقابل.md	179
[م٤-ب١٢-ف٣-مث١٦]	[ب١٢-ف٣-مث١٦]	المجلد-العاشر/الباب-الثاني-عشر/ف03-ب-التنازل-والعرض-المقابل.md	183
[م٤-ب١١-ف١-مث١]	[ب١١-ف١-مث١]	المجلد-العاشر/الباب-الحادي-عشر/ف01-أ-المدخل-والدرس-الأول.md	195
[م٤-ب١١-ف١-مث٢]	[ب١١-ف١-مث٢]	المجلد-العاشر/الباب-الحادي-عشر/ف01-أ-المدخل-والدرس-الأول.md	199
[م٤-ب١١-ف١-مث٣]	[ب١١-ف١-مث٣]	المجلد-العاشر/الباب-الحادي-عشر/ف01-أ-المدخل-والدرس-الأول.md	203
[م٤-ب١١-ف١-مث٤]	[ب١١-ف١-مث٤]	المجلد-العاشر/الباب-الحادي-عشر/ف01-أ-المدخل-والدرس-الأول.md	207
[م٤-ب١١-ف١-مث٥]	[ب١١-ف١-مث٥]	المجلد-العاشر/الباب-الحادي-عشر/ف01-أ-المدخل-والدرس-الأول.md	211
[م٤-ب١١-ف١-مث٦]	[ب١١-ف١-مث٦]	المجلد-العاشر/الباب-الحادي-عشر/ف01-أ-المدخل-والدرس-الأول.md	215
[م٤-ب١١-ف١-مث٧]	[ب١١-ف١-مث٧]	المجلد-العاشر/الباب-الحادي-عشر/ف01-أ-المدخل-والدرس-الأول.md	219
[م٤-ب١١-ف١-مث٨]	[ب١١-ف١-مث٨]	المجلد-العاشر/الباب-الحادي-عشر/ف01-أ-المدخل-والدرس-الأول.md	223
[م٤-ب١١-ف١-مث٩]	[ب١١-ف١-مث٩]	المجلد-العاشر/الباب-الحادي-عشر/ف01-أ-المدخل-والدرس-الأول.md	227
[م٤-ب١١-ف١-مث١٠]	[ب١١-ف١-مث١٠]	المجلد-العاشر/الباب-الحادي-عشر/ف01-أ-المدخل-والدرس-الأول.md	231
[م٤-ب١١-ف١-مث١١]	[ب١١-ف١-مث١١]	المجلد-العاشر/الباب-الحادي-عشر/ف01-أ-المدخل-والدرس-الأول.md	241
[م٤-ب١١-ف١-مث١٢]	[ب١١-ف١-مث١٢]	المجلد-العاشر/الباب-الحادي-عشر/ف01-أ-المدخل-والدرس-الأول.md	245
[م٤-ب١١-ف١-مث١٣]	[ب١١-ف١-مث١٣]	المجلد-العاشر/الباب-الحادي-عشر/ف01-أ-المدخل-والدرس-الأول.md	250
[م٤-ب١١-ف١-مث١٤]	[ب١١-ف١-مث١٤]	المجلد-العاشر/الباب-الحادي-عشر/ف01-أ-المدخل-والدرس-الأول.md	254
[م٤-ب١١-ف١-مث١٥]	[ب١١-ف١-مث١٥]	المجلد-العاشر/الباب-الحادي-عشر/ف01-أ-المدخل-والدرس-الأول.md	258
[م٤-ب١١-ف١-مث١٦]	[ب١١-ف١-مث١٦]	المجلد-العاشر/الباب-الحادي-عشر/ف01-أ-المدخل-والدرس-الأول.md	262
[م٤-ب١١-ف١-مث١٧]	[ب١١-ف١-مث١٧]	المجلد-العاشر/الباب-الحادي-عشر/ف01-أ-المدخل-والدرس-الأول.md	266
[م٤-ب١١-ف١-مث١٨]	[ب١١-ف١-مث١٨]	المجلد-العاشر/الباب-الحادي-عشر/ف01-أ-المدخل-والدرس-الأول.md	287
[م٤-ب١١-ف١-مث١٩]	[ب١١-ف١-مث١٩]	المجلد-العاشر/الباب-الحادي-عشر/ف01-أ-المدخل-والدرس-الأول.md	291
[م٤-ب١١-ف١-مث٢٠]	[ب١١-ف١-مث٢٠]	المجلد-العاشر/الباب-الحادي-عشر/ف01-أ-المدخل-والدرس-الأول.md	295
[م٤-ب١١-ف١-مث٢١]	[ب١١-ف١-مث٢١]	المجلد-العاشر/الباب-الحادي-عشر/ف01-أ-المدخل-والدرس-الأول.md	299
[م٤-ب١١-ف١-مث٢٢]	[ب١١-ف١-مث٢٢]	المجلد-العاشر/الباب-الحادي-عشر/ف01-أ-المدخل-والدرس-الأول.md	315
[م٤-ب١١-ف١-مث٢٣]	[ب١١-ف١-مث٢٣]	المجلد-العاشر/الباب-الحادي-عشر/ف01-أ-المدخل-والدرس-الأول.md	317
[م٤-ب١١-ف١-مث٢٤]	[ب١١-ف١-مث٢٤]	المجلد-العاشر/الباب-الحادي-عشر/ف01-أ-المدخل-والدرس-الأول.md	319
[م٤-ب١١-ف١-مث٢٥]	[ب١١-ف١-مث٢٥]	المجلد-العاشر/الباب-الحادي-عشر/ف01-أ-المدخل-والدرس-الأول.md	330
[م٤-ب١١-ف١-مث٢٦]	[ب١١-ف١-مث٢٦]	المجلد-العاشر/الباب-الحادي-عشر/ف01-أ-المدخل-والدرس-الأول.md	334
[م٤-ب١١-ف١-مث٢٧]	[ب١١-ف١-مث٢٧]	المجلد-العاشر/الباب-الحادي-عشر/ف01-أ-المدخل-والدرس-الأول.md	338
[م٤-ب١١-ف١-مث٢٨]	[ب١١-ف١-مث٢٨]	المجلد-العاشر/الباب-الحادي-عشر/ف01-أ-المدخل-والدرس-الأول.md	342
[م٤-ب١١-ف١-مث٢٩]	[ب١١-ف١-مث٢٩]	المجلد-العاشر/الباب-الحادي-عشر/ف01-أ-المدخل-والدرس-الأول.md	348
[م٤-ب١١-ف١-مث٣٠]	[ب١١-ف١-مث٣٠]	المجلد-العاشر/الباب-الحادي-عشر/ف01-ب-الدرس-الثاني.md	93
[م٤-ب١١-ف١-مث٣١]	[ب١١-ف١-مث٣١]	المجلد-العاشر/الباب-الحادي-عشر/ف01-ب-الدرس-الثاني.md	97
[م٤-ب١١-ف١-مث٣٢]	[ب١١-ف١-مث٣٢]	المجلد-العاشر/الباب-الحادي-عشر/ف01-ب-الدرس-الثاني.md	101
[م٤-ب١١-ف١-مث٣٣]	[ب١١-ف١-مث٣٣]	المجلد-العاشر/الباب-الحادي-عشر/ف01-ب-الدرس-الثاني.md	116
[م٤-ب١١-ف١-مث٣٤]	[ب١١-ف١-مث٣٤]	المجلد-العاشر/الباب-الحادي-عشر/ف01-ب-الدرس-الثاني.md	120
[م٤-ب١١-ف١-مث٣٥]	[ب١١-ف١-مث٣٥]	المجلد-العاشر/الباب-الحادي-عشر/ف01-ب-الدرس-الثاني.md	124
[م٤-ب١١-ف١-مث٣٦]	[ب١١-ف١-مث٣٦]	المجلد-العاشر/الباب-الحادي-عشر/ف01-ب-الدرس-الثاني.md	128
[م٤-ب١١-ف١-مث٣٧]	[ب١١-ف١-مث٣٧]	المجلد-العاشر/الباب-الحادي-عشر/ف01-ب-الدرس-الثاني.md	148
[م٤-ب١١-ف١-مث٣٨]	[ب١١-ف١-مث٣٨]	المجلد-العاشر/الباب-الحادي-عشر/ف01-ب-الدرس-الثاني.md	152
[م٤-ب١١-ف١-مث٣٩]	[ب١١-ف١-مث٣٩]	المجلد-العاشر/الباب-الحادي-عشر/ف01-ب-الدرس-الثاني.md	156
[م٤-ب١١-ف١-مث٤٠]	[ب١١-ف١-مث٤٠]	المجلد-العاشر/الباب-الحادي-عشر/ف01-ب-الدرس-الثاني.md	160
[م٤-ب١١-ف١-مث٤١]	[ب١١-ف١-مث٤١]	المجلد-العاشر/الباب-الحادي-عشر/ف01-ب-الدرس-الثاني.md	164
[م٤-ب١١-ف١-مث٤٢]	[ب١١-ف١-مث٤٢]	المجلد-العاشر/الباب-الحادي-عشر/ف01-ب-الدرس-الثاني.md	187
[م٤-ب١١-ف١-مث٤٣]	[ب١١-ف١-مث٤٣]	المجلد-العاشر/الباب-الحادي-عشر/ف01-ب-الدرس-الثاني.md	191
[م٤-ب١١-ف١-مث٤٤]	[ب١١-ف١-مث٤٤]	المجلد-العاشر/الباب-الحادي-عشر/ف01-ب-الدرس-الثاني.md	195
[م٤-ب١١-ف١-مث٤٥]	[ب١١-ف١-مث٤٥]	المجلد-العاشر/الباب-الحادي-عشر/ف01-ب-الدرس-الثاني.md	197
[م٤-ب١١-ف١-مث٤٦]	[ب١١-ف١-مث٤٦]	المجلد-العاشر/الباب-الحادي-عشر/ف01-ب-الدرس-الثاني.md	199
[م٤-ب١١-ف٢-مث١]	[ب١١-ف٢-مث١]	المجلد-العاشر/الباب-الحادي-عشر/ف02-أ-المدخل-والدرس-الأول.md	179
[م٤-ب١١-ف٢-مث٢]	[ب١١-ف٢-مث٢]	المجلد-العاشر/الباب-الحادي-عشر/ف02-أ-المدخل-والدرس-الأول.md	183
[م٤-ب١١-ف٢-مث٣]	[ب١١-ف٢-مث٣]	المجلد-العاشر/الباب-الحادي-عشر/ف02-أ-المدخل-والدرس-الأول.md	187
[م٤-ب١١-ف٢-مث٤]	[ب١١-ف٢-مث٤]	المجلد-العاشر/الباب-الحادي-عشر/ف02-أ-المدخل-والدرس-الأول.md	191
[م٤-ب١١-ف٢-مث٥]	[ب١١-ف٢-مث٥]	المجلد-العاشر/الباب-الحادي-عشر/ف02-أ-المدخل-والدرس-الأول.md	195
[م٤-ب١١-ف٢-مث٦]	[ب١١-ف٢-مث٦]	المجلد-العاشر/الباب-الحادي-عشر/ف02-أ-المدخل-والدرس-الأول.md	199
[م٤-ب١١-ف٢-مث٧]	[ب١١-ف٢-مث٧]	المجلد-العاشر/الباب-الحادي-عشر/ف02-أ-المدخل-والدرس-الأول.md	203
[م٤-ب١١-ف٢-مث٨]	[ب١١-ف٢-مث٨]	المجلد-العاشر/الباب-الحادي-عشر/ف02-أ-المدخل-والدرس-الأول.md	216
[م٤-ب١١-ف٢-مث٩]	[ب١١-ف٢-مث٩]	المجلد-العاشر/الباب-الحادي-عشر/ف02-أ-المدخل-والدرس-الأول.md	220
[م٤-ب١١-ف٢-مث١٠]	[ب١١-ف٢-مث١٠]	المجلد-العاشر/الباب-الحادي-عشر/ف02-أ-المدخل-والدرس-الأول.md	224
[م٤-ب١١-ف٢-مث١١]	[ب١١-ف٢-مث١١]	المجلد-العاشر/الباب-الحادي-عشر/ف02-أ-المدخل-والدرس-الأول.md	228
[م٤-ب١١-ف٢-مث١٢]	[ب١١-ف٢-مث١٢]	المجلد-العاشر/الباب-الحادي-عشر/ف02-أ-المدخل-والدرس-الأول.md	232
[م٤-ب١١-ف٢-مث١٣]	[ب١١-ف٢-مث١٣]	المجلد-العاشر/الباب-الحادي-عشر/ف02-أ-المدخل-والدرس-الأول.md	236
[م٤-ب١١-ف٢-مث١٤]	[ب١١-ف٢-مث١٤]	المجلد-العاشر/الباب-الحادي-عشر/ف02-أ-المدخل-والدرس-الأول.md	240
[م٤-ب١١-ف٢-مث١٥]	[ب١١-ف٢-مث١٥]	المجلد-العاشر/الباب-الحادي-عشر/ف02-أ-المدخل-والدرس-الأول.md	244
[م٤-ب١١-ف٢-مث١٦]	[ب١١-ف٢-مث١٦]	المجلد-العاشر/الباب-الحادي-عشر/ف02-أ-المدخل-والدرس-الأول.md	246
[م٤-ب١١-ف٢-مث١٧]	[ب١١-ف٢-مث١٧]	المجلد-العاشر/الباب-الحادي-عشر/ف02-أ-المدخل-والدرس-الأول.md	252
[م٤-ب١١-ف٢-مث١٨]	[ب١١-ف٢-مث١٨]	المجلد-العاشر/الباب-الحادي-عشر/ف02-أ-المدخل-والدرس-الأول.md	256
[م٤-ب١١-ف٢-مث١٩]	[ب١١-ف٢-مث١٩]	المجلد-العاشر/الباب-الحادي-عشر/ف02-أ-المدخل-والدرس-الأول.md	260
[م٤-ب١١-ف٢-مث٢٠]	[ب١١-ف٢-مث٢٠]	المجلد-العاشر/الباب-الحادي-عشر/ف02-أ-المدخل-والدرس-الأول.md	264
[م٤-ب١١-ف٢-مث٢١]	[ب١١-ف٢-مث٢١]	المجلد-العاشر/الباب-الحادي-عشر/ف02-أ-المدخل-والدرس-الأول.md	268
[م٤-ب١١-ف٢-مث٢٢]	[ب١١-ف٢-مث٢٢]	المجلد-العاشر/الباب-الحادي-عشر/ف02-أ-المدخل-والدرس-الأول.md	272
[م٤-ب١١-ف٢-مث٢٣]	[ب١١-ف٢-مث٢٣]	المجلد-العاشر/الباب-الحادي-عشر/ف02-ب-الدرس-الثاني.md	88
[م٤-ب١١-ف٢-مث٢٤]	[ب١١-ف٢-مث٢٤]	المجلد-العاشر/الباب-الحادي-عشر/ف02-ب-الدرس-الثاني.md	92
[م٤-ب١١-ف٢-مث٢٥]	[ب١١-ف٢-مث٢٥]	المجلد-العاشر/الباب-الحادي-عشر/ف02-ب-الدرس-الثاني.md	96
[م٤-ب١١-ف٢-مث٢٦]	[ب١١-ف٢-مث٢٦]	المجلد-العاشر/الباب-الحادي-عشر/ف02-ب-الدرس-الثاني.md	100
[م٤-ب١١-ف٢-مث٢٧]	[ب١١-ف٢-مث٢٧]	المجلد-العاشر/الباب-الحادي-عشر/ف02-ب-الدرس-الثاني.md	108
[م٤-ب١١-ف٢-مث٢٨]	[ب١١-ف٢-مث٢٨]	المجلد-العاشر/الباب-الحادي-عشر/ف02-ب-الدرس-الثاني.md	112
[م٤-ب١١-ف٢-مث٢٩]	[ب١١-ف٢-مث٢٩]	المجلد-العاشر/الباب-الحادي-عشر/ف02-ب-الدرس-الثاني.md	116
[م٤-ب١١-ف٢-مث٣٠]	[ب١١-ف٢-مث٣٠]	المجلد-العاشر/الباب-الحادي-عشر/ف02-ب-الدرس-الثاني.md	120
[م٤-ب١١-ف٢-مث٣١]	[ب١١-ف٢-مث٣١]	المجلد-العاشر/الباب-الحادي-عشر/ف02-ب-الدرس-الثاني.md	137
[م٤-ب١١-ف٢-مث٣٢]	[ب١١-ف٢-مث٣٢]	المجلد-العاشر/الباب-الحادي-عشر/ف02-ب-الدرس-الثاني.md	141
[م٤-ب١١-ف٢-مث٣٣]	[ب١١-ف٢-مث٣٣]	المجلد-العاشر/الباب-الحادي-عشر/ف02-ب-الدرس-الثاني.md	149
[م٤-ب١١-ف٢-مث٣٤]	[ب١١-ف٢-مث٣٤]	المجلد-العاشر/الباب-الحادي-عشر/ف02-ب-الدرس-الثاني.md	153
[م٤-ب١١-ف٢-مث٣٥]	[ب١١-ف٢-مث٣٥]	المجلد-العاشر/الباب-الحادي-عشر/ف02-ب-الدرس-الثاني.md	157
[م٤-ب١١-ف٣-مث١]	[ب١١-ف٣-مث١]	المجلد-العاشر/الباب-الحادي-عشر/ف03-أ-المدخل-والدرس-الأول.md	142
[م٤-ب١١-ف٣-مث٢]	[ب١١-ف٣-مث٢]	المجلد-العاشر/الباب-الحادي-عشر/ف03-أ-المدخل-والدرس-الأول.md	146
[م٤-ب١١-ف٣-مث٣]	[ب١١-ف٣-مث٣]	المجلد-العاشر/الباب-الحادي-عشر/ف03-أ-المدخل-والدرس-الأول.md	150
[م٤-ب١١-ف٣-مث٤]	[ب١١-ف٣-مث٤]	المجلد-العاشر/الباب-الحادي-عشر/ف03-أ-المدخل-والدرس-الأول.md	158
[م٤-ب١١-ف٣-مث٥]	[ب١١-ف٣-مث٥]	المجلد-العاشر/الباب-الحادي-عشر/ف03-أ-المدخل-والدرس-الأول.md	162
[م٤-ب١١-ف٣-مث٦]	[ب١١-ف٣-مث٦]	المجلد-العاشر/الباب-الحادي-عشر/ف03-أ-المدخل-والدرس-الأول.md	166
[م٤-ب١١-ف٣-مث٧]	[ب١١-ف٣-مث٧]	المجلد-العاشر/الباب-الحادي-عشر/ف03-أ-المدخل-والدرس-الأول.md	170
[م٤-ب١١-ف٣-مث٨]	[ب١١-ف٣-مث٨]	المجلد-العاشر/الباب-الحادي-عشر/ف03-أ-المدخل-والدرس-الأول.md	176
[م٤-ب١١-ف٣-مث٩]	[ب١١-ف٣-مث٩]	المجلد-العاشر/الباب-الحادي-عشر/ف03-أ-المدخل-والدرس-الأول.md	180
[م٤-ب١١-ف٣-مث١٠]	[ب١١-ف٣-مث١٠]	المجلد-العاشر/الباب-الحادي-عشر/ف03-أ-المدخل-والدرس-الأول.md	184
[م٤-ب١١-ف٣-مث١١]	[ب١١-ف٣-مث١١]	المجلد-العاشر/الباب-الحادي-عشر/ف03-أ-المدخل-والدرس-الأول.md	190
[م٤-ب١١-ف٣-مث١٢]	[ب١١-ف٣-مث١٢]	المجلد-العاشر/الباب-الحادي-عشر/ف03-أ-المدخل-والدرس-الأول.md	194
[م٤-ب١١-ف٣-مث١٣]	[ب١١-ف٣-مث١٣]	المجلد-العاشر/الباب-الحادي-عشر/ف03-أ-المدخل-والدرس-الأول.md	200
[م٤-ب١١-ف٣-مث١٤]	[ب١١-ف٣-مث١٤]	المجلد-العاشر/الباب-الحادي-عشر/ف03-أ-المدخل-والدرس-الأول.md	204
[م٤-ب١١-ف٣-مث١٥]	[ب١١-ف٣-مث١٥]	المجلد-العاشر/الباب-الحادي-عشر/ف03-ب-الدرس-الثاني.md	89
[م٤-ب١١-ف٣-مث١٦]	[ب١١-ف٣-مث١٦]	المجلد-العاشر/الباب-الحادي-عشر/ف03-ب-الدرس-الثاني.md	93
[م٤-ب١١-ف٣-مث١٧]	[ب١١-ف٣-مث١٧]	المجلد-العاشر/الباب-الحادي-عشر/ف03-ب-الدرس-الثاني.md	99
[م٤-ب١١-ف٣-مث١٨]	[ب١١-ف٣-مث١٨]	المجلد-العاشر/الباب-الحادي-عشر/ف03-ب-الدرس-الثاني.md	103
[م٤-ب١١-ف٣-مث١٩]	[ب١١-ف٣-مث١٩]	المجلد-العاشر/الباب-الحادي-عشر/ف03-ب-الدرس-الثاني.md	107
[م٤-ب١١-ف٣-مث٢٠]	[ب١١-ف٣-مث٢٠]	المجلد-العاشر/الباب-الحادي-عشر/ف03-ب-الدرس-الثاني.md	113
[م٤-ب١١-ف٣-مث٢١]	[ب١١-ف٣-مث٢١]	المجلد-العاشر/الباب-الحادي-عشر/ف03-ب-الدرس-الثاني.md	117
[م٤-ب١١-ف٣-مث٢٢]	[ب١١-ف٣-مث٢٢]	المجلد-العاشر/الباب-الحادي-عشر/ف03-ب-الدرس-الثاني.md	121
[م٤-ب١١-ف٣-مث٢٣]	[ب١١-ف٣-مث٢٣]	المجلد-العاشر/الباب-الحادي-عشر/ف03-ب-الدرس-الثاني.md	127
[م٤-ب١١-ف٣-مث٢٤]	[ب١١-ف٣-مث٢٤]	المجلد-العاشر/الباب-الحادي-عشر/ف03-ب-الدرس-الثاني.md	131
[م٤-ب١١-ف٣-مث٢٥]	[ب١١-ف٣-مث٢٥]	المجلد-العاشر/الباب-الحادي-عشر/ف03-ب-الدرس-الثاني.md	135
[م٤-ب١١-ف٤-مث١]	[ب١١-ف٤-مث١]	المجلد-العاشر/الباب-الحادي-عشر/ف04-أ-المدخل-والدرس-الأول.md	129
[م٤-ب١١-ف٤-مث٢]	[ب١١-ف٤-مث٢]	المجلد-العاشر/الباب-الحادي-عشر/ف04-أ-المدخل-والدرس-الأول.md	133
[م٤-ب١١-ف٤-مث٣]	[ب١١-ف٤-مث٣]	المجلد-العاشر/الباب-الحادي-عشر/ف04-أ-المدخل-والدرس-الأول.md	137
[م٤-ب١١-ف٤-مث٤]	[ب١١-ف٤-مث٤]	المجلد-العاشر/الباب-الحادي-عشر/ف04-أ-المدخل-والدرس-الأول.md	141
[م٤-ب١١-ف٤-مث٥]	[ب١١-ف٤-مث٥]	المجلد-العاشر/الباب-الحادي-عشر/ف04-أ-المدخل-والدرس-الأول.md	145
[م٤-ب١١-ف٤-مث٦]	[ب١١-ف٤-مث٦]	المجلد-العاشر/الباب-الحادي-عشر/ف04-أ-المدخل-والدرس-الأول.md	153
[م٤-ب١١-ف٤-مث٧]	[ب١١-ف٤-مث٧]	المجلد-العاشر/الباب-الحادي-عشر/ف04-أ-المدخل-والدرس-الأول.md	157
[م٤-ب١١-ف٤-مث٨]	[ب١١-ف٤-مث٨]	المجلد-العاشر/الباب-الحادي-عشر/ف04-أ-المدخل-والدرس-الأول.md	167
[م٤-ب١١-ف٤-مث٩]	[ب١١-ف٤-مث٩]	المجلد-العاشر/الباب-الحادي-عشر/ف04-أ-المدخل-والدرس-الأول.md	175
[م٤-ب١١-ف٤-مث١٠]	[ب١١-ف٤-مث١٠]	المجلد-العاشر/الباب-الحادي-عشر/ف04-أ-المدخل-والدرس-الأول.md	179
[م٤-ب١١-ف٤-مث١١]	[ب١١-ف٤-مث١١]	المجلد-العاشر/الباب-الحادي-عشر/ف04-أ-المدخل-والدرس-الأول.md	183
[م٤-ب١١-ف٤-مث١٢]	[ب١١-ف٤-مث١٢]	المجلد-العاشر/الباب-الحادي-عشر/ف04-أ-المدخل-والدرس-الأول.md	187
[م٤-ب١١-ف٤-مث١٣]	[ب١١-ف٤-مث١٣]	المجلد-العاشر/الباب-الحادي-عشر/ف04-ب-الدرس-الثاني.md	74
[م٤-ب١١-ف٤-مث١٤]	[ب١١-ف٤-مث١٤]	المجلد-العاشر/الباب-الحادي-عشر/ف04-ب-الدرس-الثاني.md	78
[م٤-ب١١-ف٤-مث١٥]	[ب١١-ف٤-مث١٥]	المجلد-العاشر/الباب-الحادي-عشر/ف04-ب-الدرس-الثاني.md	82
[م٤-ب١١-ف٤-مث١٦]	[ب١١-ف٤-مث١٦]	المجلد-العاشر/الباب-الحادي-عشر/ف04-ب-الدرس-الثاني.md	90
[م٤-ب١١-ف٤-مث١٧]	[ب١١-ف٤-مث١٧]	المجلد-العاشر/الباب-الحادي-عشر/ف04-ب-الدرس-الثاني.md	94
[م٤-ب١١-ف٤-مث١٨]	[ب١١-ف٤-مث١٨]	المجلد-العاشر/الباب-الحادي-عشر/ف04-ب-الدرس-الثاني.md	98
[م٤-ب١١-ف٤-مث١٩]	[ب١١-ف٤-مث١٩]	المجلد-العاشر/الباب-الحادي-عشر/ف04-ب-الدرس-الثاني.md	106
[م٤-ب١١-ف٤-مث٢٠]	[ب١١-ف٤-مث٢٠]	المجلد-العاشر/الباب-الحادي-عشر/ف04-ب-الدرس-الثاني.md	110
[م٤-ب١١-ف٤-مث٢١]	[ب١١-ف٤-مث٢١]	المجلد-العاشر/الباب-الحادي-عشر/ف04-ب-الدرس-الثاني.md	114
[م٤-ب١١-ف٤-مث٢٢]	[ب١١-ف٤-مث٢٢]	المجلد-العاشر/الباب-الحادي-عشر/ف04-ب-الدرس-الثاني.md	122
[م٤-ب١١-ف٤-مث٢٣]	[ب١١-ف٤-مث٢٣]	المجلد-العاشر/الباب-الحادي-عشر/ف04-ب-الدرس-الثاني.md	126
