الملف	السطر	المجلد	القاعدة	النص	التصنيف	الإجراء
book/00-كلمة-المؤلف.md	19	1	الثمانية	ثمانية مجلدات	يُصحّح	الأحد عشر
book/الافتتاحية/05-البيان-عند-علماء-العربية.md	78	1	الثمانية	المجلد الثامن	يُصحّح	الأحد عشر
book/الافتتاحية/06-منزلة-العربية.md	62	1	إحالة	من الباب الثاني	يُصحّح	يُزاد المجلد: «في المجلد 2، …»
book/الافتتاحية/07-العربية-والوحي.md	135	1	إنجليزية	Part I	يُحفظ	عنوان مصدرٍ أو عبارةٌ إنجليزية مدروسة، لا بنية الكتاب
book/الافتتاحية/07-العربية-والوحي.md	136	1	إنجليزية	Part I	يُحفظ	عنوان مصدرٍ أو عبارةٌ إنجليزية مدروسة، لا بنية الكتاب
book/الافتتاحية/09-ما-رأيته.md	7	1	الثمانية	ثمانية مجلدات	يُصحّح	الأحد عشر
book/الافتتاحية/18-كيف-تقرأ-المجلدات-وعهد-المؤلف.md	3	1	الثمانية	المجلدات الثمانية	يُصحّح	الأحد عشر
book/الافتتاحية/18-كيف-تقرأ-المجلدات-وعهد-المؤلف.md	5	1	الثمانية	ثمانية مجلدات	يُصحّح	الأحد عشر
book/الافتتاحية/18-كيف-تقرأ-المجلدات-وعهد-المؤلف.md	28	1	الثمانية	المجلد الثامن	يُصحّح	الأحد عشر
book/الافتتاحية/18-كيف-تقرأ-المجلدات-وعهد-المؤلف.md	58	1	الثمانية	المجلد الثامن	يُصحّح	الأحد عشر
book/الافتتاحية/18-كيف-تقرأ-المجلدات-وعهد-المؤلف.md	77	1	الثمانية	ثمانية مجلدات	يُصحّح	الأحد عشر
book/الافتتاحية/91-ثبت-المصادر.md	60	1	إنجليزية	Part I	يُحفظ	عنوان مصدرٍ أو عبارةٌ إنجليزية مدروسة، لا بنية الكتاب
book/الجزء-الأول/الباب-الأول/00-فاتحة-الباب-الأول.md	3	1	المستوى ن	المستوى ٠	يُصحّح	المستوى 1
book/الجزء-الأول/الباب-الأول/ف01-أ-المدخل-والدرس-الأول.md	5	1	المستوى ن	المستوى ٠	يُصحّح	المستوى 1
book/الجزء-الأول/الباب-الأول/ف01-أ-المدخل-والدرس-الأول.md	183	1	رمز المثال	[م١-ب١-ف١-مث١]	يُحفظ	معرّفٌ إنتاجيٌّ في المصدر؛ ويُطبع [ب١-ف١-مث١] (يُحوَّل عند الإخراج)
book/الجزء-الأول/الباب-الأول/ف01-أ-المدخل-والدرس-الأول.md	187	1	رمز المثال	[م١-ب١-ف١-مث٢]	يُحفظ	معرّفٌ إنتاجيٌّ في المصدر؛ ويُطبع [ب١-ف١-مث٢] (يُحوَّل عند الإخراج)
book/الجزء-الأول/الباب-الأول/ف01-أ-المدخل-والدرس-الأول.md	191	1	رمز المثال	[م١-ب١-ف١-مث٣]	يُحفظ	معرّفٌ إنتاجيٌّ في المصدر؛ ويُطبع [ب١-ف١-مث٣] (يُحوَّل عند الإخراج)
book/الجزء-الأول/الباب-الأول/ف01-أ-المدخل-والدرس-الأول.md	195	1	رمز المثال	[م١-ب١-ف١-مث٤]	يُحفظ	معرّفٌ إنتاجيٌّ في المصدر؛ ويُطبع [ب١-ف١-مث٤] (يُحوَّل عند الإخراج)
book/الجزء-الأول/الباب-الأول/ف01-أ-المدخل-والدرس-الأول.md	199	1	رمز المثال	[م١-ب١-ف١-مث٥]	يُحفظ	معرّفٌ إنتاجيٌّ في المصدر؛ ويُطبع [ب١-ف١-مث٥] (يُحوَّل عند الإخراج)
book/الجزء-الأول/الباب-الأول/ف01-أ-المدخل-والدرس-الأول.md	209	1	رمز المثال	[م١-ب١-ف١-مث٦]	يُحفظ	معرّفٌ إنتاجيٌّ في المصدر؛ ويُطبع [ب١-ف١-مث٦] (يُحوَّل عند الإخراج)
book/الجزء-الأول/الباب-الأول/ف01-أ-المدخل-والدرس-الأول.md	213	1	رمز المثال	[م١-ب١-ف١-مث٧]	يُحفظ	معرّفٌ إنتاجيٌّ في المصدر؛ ويُطبع [ب١-ف١-مث٧] (يُحوَّل عند الإخراج)
book/الجزء-الأول/الباب-الأول/ف01-أ-المدخل-والدرس-الأول.md	217	1	رمز المثال	[م١-ب١-ف١-مث٨]	يُحفظ	معرّفٌ إنتاجيٌّ في المصدر؛ ويُطبع [ب١-ف١-مث٨] (يُحوَّل عند الإخراج)
book/الجزء-الأول/الباب-الأول/ف01-أ-المدخل-والدرس-الأول.md	221	1	رمز المثال	[م١-ب١-ف١-مث٩]	يُحفظ	معرّفٌ إنتاجيٌّ في المصدر؛ ويُطبع [ب١-ف١-مث٩] (يُحوَّل عند الإخراج)
book/الجزء-الأول/الباب-الأول/ف01-أ-المدخل-والدرس-الأول.md	226	1	رمز المثال	[م١-ب١-ف١-مث١٠]	يُحفظ	معرّفٌ إنتاجيٌّ في المصدر؛ ويُطبع [ب١-ف١-مث١٠] (يُحوَّل عند الإخراج)
book/الجزء-الأول/الباب-الأول/ف01-أ-المدخل-والدرس-الأول.md	236	1	رمز المثال	[م١-ب١-ف١-مث١١]	يُحفظ	معرّفٌ إنتاجيٌّ في المصدر؛ ويُطبع [ب١-ف١-مث١١] (يُحوَّل عند الإخراج)
book/الجزء-الأول/الباب-الأول/ف01-أ-المدخل-والدرس-الأول.md	240	1	رمز المثال	[م١-ب١-ف١-مث١٢]	يُحفظ	معرّفٌ إنتاجيٌّ في المصدر؛ ويُطبع [ب١-ف١-مث١٢] (يُحوَّل عند الإخراج)
book/الجزء-الأول/الباب-الأول/ف01-أ-المدخل-والدرس-الأول.md	244	1	رمز المثال	[م١-ب١-ف١-مث١٣]	يُحفظ	معرّفٌ إنتاجيٌّ في المصدر؛ ويُطبع [ب١-ف١-مث١٣] (يُحوَّل عند الإخراج)
book/الجزء-الأول/الباب-الأول/ف01-أ-المدخل-والدرس-الأول.md	248	1	رمز المثال	[م١-ب١-ف١-مث١٤]	يُحفظ	معرّفٌ إنتاجيٌّ في المصدر؛ ويُطبع [ب١-ف١-مث١٤] (يُحوَّل عند الإخراج)
book/الجزء-الأول/الباب-الأول/ف01-أ-المدخل-والدرس-الأول.md	252	1	رمز المثال	[م١-ب١-ف١-مث١٥]	يُحفظ	معرّفٌ إنتاجيٌّ في المصدر؛ ويُطبع [ب١-ف١-مث١٥] (يُحوَّل عند الإخراج)
book/الجزء-الأول/الباب-الأول/ف01-أ-المدخل-والدرس-الأول.md	264	1	رمز المثال	[م١-ب١-ف١-مث١٦]	يُحفظ	معرّفٌ إنتاجيٌّ في المصدر؛ ويُطبع [ب١-ف١-مث١٦] (يُحوَّل عند الإخراج)
book/الجزء-الأول/الباب-الأول/ف01-أ-المدخل-والدرس-الأول.md	268	1	رمز المثال	[م١-ب١-ف١-مث١٧]	يُحفظ	معرّفٌ إنتاجيٌّ في المصدر؛ ويُطبع [ب١-ف١-مث١٧] (يُحوَّل عند الإخراج)
book/الجزء-الأول/الباب-الأول/ف01-أ-المدخل-والدرس-الأول.md	272	1	رمز المثال	[م١-ب١-ف١-مث١٨]	يُحفظ	معرّفٌ إنتاجيٌّ في المصدر؛ ويُطبع [ب١-ف١-مث١٨] (يُحوَّل عند الإخراج)
book/الجزء-الأول/الباب-الأول/ف01-أ-المدخل-والدرس-الأول.md	276	1	رمز المثال	[م١-ب١-ف١-مث١٩]	يُحفظ	معرّفٌ إنتاجيٌّ في المصدر؛ ويُطبع [ب١-ف١-مث١٩] (يُحوَّل عند الإخراج)
book/الجزء-الأول/الباب-الأول/ف01-أ-المدخل-والدرس-الأول.md	286	1	رمز المثال	[م١-ب١-ف١-مث٢٠]	يُحفظ	معرّفٌ إنتاجيٌّ في المصدر؛ ويُطبع [ب١-ف١-مث٢٠] (يُحوَّل عند الإخراج)
book/الجزء-الأول/الباب-الأول/ف01-أ-المدخل-والدرس-الأول.md	290	1	رمز المثال	[م١-ب١-ف١-مث٢١]	يُحفظ	معرّفٌ إنتاجيٌّ في المصدر؛ ويُطبع [ب١-ف١-مث٢١] (يُحوَّل عند الإخراج)
book/الجزء-الأول/الباب-الأول/ف01-أ-المدخل-والدرس-الأول.md	294	1	رمز المثال	[م١-ب١-ف١-مث٢٢]	يُحفظ	معرّفٌ إنتاجيٌّ في المصدر؛ ويُطبع [ب١-ف١-مث٢٢] (يُحوَّل عند الإخراج)
book/الجزء-الأول/الباب-الأول/ف01-أ-المدخل-والدرس-الأول.md	298	1	رمز المثال	[م١-ب١-ف١-مث٢٣]	يُحفظ	معرّفٌ إنتاجيٌّ في المصدر؛ ويُطبع [ب١-ف١-مث٢٣] (يُحوَّل عند الإخراج)
book/الجزء-الأول/الباب-الأول/ف01-أ-المدخل-والدرس-الأول.md	302	1	رمز المثال	[م١-ب١-ف١-مث٢٤]	يُحفظ	معرّفٌ إنتاجيٌّ في المصدر؛ ويُطبع [ب١-ف١-مث٢٤] (يُحوَّل عند الإخراج)
book/الجزء-الأول/الباب-الأول/ف01-أ-المدخل-والدرس-الأول.md	312	1	رمز المثال	[م١-ب١-ف١-مث٢٥]	يُحفظ	معرّفٌ إنتاجيٌّ في المصدر؛ ويُطبع [ب١-ف١-مث٢٥] (يُحوَّل عند الإخراج)
book/الجزء-الأول/الباب-الأول/ف01-أ-المدخل-والدرس-الأول.md	314	1	رمز المثال	[م١-ب١-ف١-مث٢٦]	يُحفظ	معرّفٌ إنتاجيٌّ في المصدر؛ ويُطبع [ب١-ف١-مث٢٦] (يُحوَّل عند الإخراج)
book/الجزء-الأول/الباب-الأول/ف01-أ-المدخل-والدرس-الأول.md	316	1	رمز المثال	[م١-ب١-ف١-مث٢٧]	يُحفظ	معرّفٌ إنتاجيٌّ في المصدر؛ ويُطبع [ب١-ف١-مث٢٧] (يُحوَّل عند الإخراج)
book/الجزء-الأول/الباب-الأول/ف01-أ-المدخل-والدرس-الأول.md	318	1	رمز المثال	[م١-ب١-ف١-مث٢٨]	يُحفظ	معرّفٌ إنتاجيٌّ في المصدر؛ ويُطبع [ب١-ف١-مث٢٨] (يُحوَّل عند الإخراج)
book/الجزء-الأول/الباب-الأول/ف01-أ-المدخل-والدرس-الأول.md	320	1	رمز المثال	[م١-ب١-ف١-مث٢٩]	يُحفظ	معرّفٌ إنتاجيٌّ في المصدر؛ ويُطبع [ب١-ف١-مث٢٩] (يُحوَّل عند الإخراج)
book/الجزء-الأول/الباب-الأول/ف01-أ-المدخل-والدرس-الأول.md	339	1	رمز المثال	[م١-ب١-ف١-مث٣٠]	يُحفظ	معرّفٌ إنتاجيٌّ في المصدر؛ ويُطبع [ب١-ف١-مث٣٠] (يُحوَّل عند الإخراج)
book/الجزء-الأول/الباب-الأول/ف01-ب-الدرس-الثاني.md	111	1	رمز المثال	[م١-ب١-ف١-مث٣١]	يُحفظ	معرّفٌ إنتاجيٌّ في المصدر؛ ويُطبع [ب١-ف١-مث٣١] (يُحوَّل عند الإخراج)
book/الجزء-الأول/الباب-الأول/ف01-ب-الدرس-الثاني.md	115	1	رمز المثال	[م١-ب١-ف١-مث٣٢]	يُحفظ	معرّفٌ إنتاجيٌّ في المصدر؛ ويُطبع [ب١-ف١-مث٣٢] (يُحوَّل عند الإخراج)
book/الجزء-الأول/الباب-الأول/ف01-ب-الدرس-الثاني.md	123	1	رمز المثال	[م١-ب١-ف١-مث٣٣]	يُحفظ	معرّفٌ إنتاجيٌّ في المصدر؛ ويُطبع [ب١-ف١-مث٣٣] (يُحوَّل عند الإخراج)
book/الجزء-الأول/الباب-الأول/ف01-ب-الدرس-الثاني.md	127	1	رمز المثال	[م١-ب١-ف١-مث٣٤]	يُحفظ	معرّفٌ إنتاجيٌّ في المصدر؛ ويُطبع [ب١-ف١-مث٣٤] (يُحوَّل عند الإخراج)
book/الجزء-الأول/الباب-الأول/ف01-ب-الدرس-الثاني.md	131	1	رمز المثال	[م١-ب١-ف١-مث٣٥]	يُحفظ	معرّفٌ إنتاجيٌّ في المصدر؛ ويُطبع [ب١-ف١-مث٣٥] (يُحوَّل عند الإخراج)
book/الجزء-الأول/الباب-الأول/ف01-ب-الدرس-الثاني.md	139	1	رمز المثال	[م١-ب١-ف١-مث٣٦]	يُحفظ	معرّفٌ إنتاجيٌّ في المصدر؛ ويُطبع [ب١-ف١-مث٣٦] (يُحوَّل عند الإخراج)
book/الجزء-الأول/الباب-الأول/ف01-ب-الدرس-الثاني.md	143	1	رمز المثال	[م١-ب١-ف١-مث٣٧]	يُحفظ	معرّفٌ إنتاجيٌّ في المصدر؛ ويُطبع [ب١-ف١-مث٣٧] (يُحوَّل عند الإخراج)
book/الجزء-الأول/الباب-الأول/ف01-ب-الدرس-الثاني.md	151	1	رمز المثال	[م١-ب١-ف١-مث٣٨]	يُحفظ	معرّفٌ إنتاجيٌّ في المصدر؛ ويُطبع [ب١-ف١-مث٣٨] (يُحوَّل عند الإخراج)
book/الجزء-الأول/الباب-الأول/ف01-ب-الدرس-الثاني.md	155	1	رمز المثال	[م١-ب١-ف١-مث٣٩]	يُحفظ	معرّفٌ إنتاجيٌّ في المصدر؛ ويُطبع [ب١-ف١-مث٣٩] (يُحوَّل عند الإخراج)
book/الجزء-الأول/الباب-الأول/ف01-ب-الدرس-الثاني.md	163	1	رمز المثال	[م١-ب١-ف١-مث٤٠]	يُحفظ	معرّفٌ إنتاجيٌّ في المصدر؛ ويُطبع [ب١-ف١-مث٤٠] (يُحوَّل عند الإخراج)
book/الجزء-الأول/الباب-الأول/ف01-ب-الدرس-الثاني.md	167	1	رمز المثال	[م١-ب١-ف١-مث٤١]	يُحفظ	معرّفٌ إنتاجيٌّ في المصدر؛ ويُطبع [ب١-ف١-مث٤١] (يُحوَّل عند الإخراج)
book/الجزء-الأول/الباب-الأول/ف01-ب-الدرس-الثاني.md	186	1	رمز المثال	[م١-ب١-ف١-مث٤٢]	يُحفظ	معرّفٌ إنتاجيٌّ في المصدر؛ ويُطبع [ب١-ف١-مث٤٢] (يُحوَّل عند الإخراج)
book/الجزء-الأول/الباب-الأول/ف01-ب-الدرس-الثاني.md	188	1	رمز المثال	[م١-ب١-ف١-مث٤٣]	يُحفظ	معرّفٌ إنتاجيٌّ في المصدر؛ ويُطبع [ب١-ف١-مث٤٣] (يُحوَّل عند الإخراج)
book/الجزء-الأول/الباب-الأول/ف01-ب-الدرس-الثاني.md	190	1	رمز المثال	[م١-ب١-ف١-مث٤٤]	يُحفظ	معرّفٌ إنتاجيٌّ في المصدر؛ ويُطبع [ب١-ف١-مث٤٤] (يُحوَّل عند الإخراج)
book/الجزء-الأول/الباب-الأول/ف01-ب-الدرس-الثاني.md	192	1	رمز المثال	[م١-ب١-ف١-مث٤٥]	يُحفظ	معرّفٌ إنتاجيٌّ في المصدر؛ ويُطبع [ب١-ف١-مث٤٥] (يُحوَّل عند الإخراج)
book/الجزء-الأول/الباب-الأول/ف01-ب-الدرس-الثاني.md	194	1	رمز المثال	[م١-ب١-ف١-مث٤٦]	يُحفظ	معرّفٌ إنتاجيٌّ في المصدر؛ ويُطبع [ب١-ف١-مث٤٦] (يُحوَّل عند الإخراج)
book/الجزء-الأول/الباب-الأول/ف01-ب-الدرس-الثاني.md	196	1	رمز المثال	[م١-ب١-ف١-مث٤٧]	يُحفظ	معرّفٌ إنتاجيٌّ في المصدر؛ ويُطبع [ب١-ف١-مث٤٧] (يُحوَّل عند الإخراج)
book/الجزء-الأول/الباب-الأول/ف01-ب-الدرس-الثاني.md	198	1	رمز المثال	[م١-ب١-ف١-مث٤٨]	يُحفظ	معرّفٌ إنتاجيٌّ في المصدر؛ ويُطبع [ب١-ف١-مث٤٨] (يُحوَّل عند الإخراج)
book/الجزء-الأول/الباب-الأول/ف01-ب-الدرس-الثاني.md	200	1	رمز المثال	[م١-ب١-ف١-مث٤٩]	يُحفظ	معرّفٌ إنتاجيٌّ في المصدر؛ ويُطبع [ب١-ف١-مث٤٩] (يُحوَّل عند الإخراج)
book/الجزء-الأول/الباب-الأول/ف01-ب-الدرس-الثاني.md	202	1	رمز المثال	[م١-ب١-ف١-مث٥٠]	يُحفظ	معرّفٌ إنتاجيٌّ في المصدر؛ ويُطبع [ب١-ف١-مث٥٠] (يُحوَّل عند الإخراج)
book/الجزء-الأول/الباب-الأول/ف01-ب-الدرس-الثاني.md	204	1	رمز المثال	[م١-ب١-ف١-مث٥١]	يُحفظ	معرّفٌ إنتاجيٌّ في المصدر؛ ويُطبع [ب١-ف١-مث٥١] (يُحوَّل عند الإخراج)
book/الجزء-الأول/الباب-الأول/ف01-ج-التطبيق-والتقويم.md	307	1	إحالة	في الباب الثاني	يُصحّح	يُزاد المجلد: «في المجلد 2، …»
book/الجزء-الأول/الباب-الأول/ف02-أ-المدخل-والدرس-الأول.md	5	1	المستوى ن	المستوى ٠	يُصحّح	المستوى 1
book/الجزء-الأول/الباب-الأول/ف02-أ-المدخل-والدرس-الأول.md	215	1	رمز المثال	[م١-ب١-ف٢-مث١]	يُحفظ	معرّفٌ إنتاجيٌّ في المصدر؛ ويُطبع [ب١-ف٢-مث١] (يُحوَّل عند الإخراج)
book/الجزء-الأول/الباب-الأول/ف02-أ-المدخل-والدرس-الأول.md	219	1	رمز المثال	[م١-ب١-ف٢-مث٢]	يُحفظ	معرّفٌ إنتاجيٌّ في المصدر؛ ويُطبع [ب١-ف٢-مث٢] (يُحوَّل عند الإخراج)
book/الجزء-الأول/الباب-الأول/ف02-أ-المدخل-والدرس-الأول.md	223	1	رمز المثال	[م١-ب١-ف٢-مث٣]	يُحفظ	معرّفٌ إنتاجيٌّ في المصدر؛ ويُطبع [ب١-ف٢-مث٣] (يُحوَّل عند الإخراج)
book/الجزء-الأول/الباب-الأول/ف02-أ-المدخل-والدرس-الأول.md	235	1	رمز المثال	[م١-ب١-ف٢-مث٤]	يُحفظ	معرّفٌ إنتاجيٌّ في المصدر؛ ويُطبع [ب١-ف٢-مث٤] (يُحوَّل عند الإخراج)
book/الجزء-الأول/الباب-الأول/ف02-أ-المدخل-والدرس-الأول.md	239	1	رمز المثال	[م١-ب١-ف٢-مث٥]	يُحفظ	معرّفٌ إنتاجيٌّ في المصدر؛ ويُطبع [ب١-ف٢-مث٥] (يُحوَّل عند الإخراج)
book/الجزء-الأول/الباب-الأول/ف02-أ-المدخل-والدرس-الأول.md	243	1	رمز المثال	[م١-ب١-ف٢-مث٦]	يُحفظ	معرّفٌ إنتاجيٌّ في المصدر؛ ويُطبع [ب١-ف٢-مث٦] (يُحوَّل عند الإخراج)
book/الجزء-الأول/الباب-الأول/ف02-أ-المدخل-والدرس-الأول.md	255	1	رمز المثال	[م١-ب١-ف٢-مث٧]	يُحفظ	معرّفٌ إنتاجيٌّ في المصدر؛ ويُطبع [ب١-ف٢-مث٧] (يُحوَّل عند الإخراج)
book/الجزء-الأول/الباب-الأول/ف02-أ-المدخل-والدرس-الأول.md	259	1	رمز المثال	[م١-ب١-ف٢-مث٨]	يُحفظ	معرّفٌ إنتاجيٌّ في المصدر؛ ويُطبع [ب١-ف٢-مث٨] (يُحوَّل عند الإخراج)
book/الجزء-الأول/الباب-الأول/ف02-أ-المدخل-والدرس-الأول.md	263	1	رمز المثال	[م١-ب١-ف٢-مث٩]	يُحفظ	معرّفٌ إنتاجيٌّ في المصدر؛ ويُطبع [ب١-ف٢-مث٩] (يُحوَّل عند الإخراج)
book/الجزء-الأول/الباب-الأول/ف02-أ-المدخل-والدرس-الأول.md	275	1	رمز المثال	[م١-ب١-ف٢-مث١٠]	يُحفظ	معرّفٌ إنتاجيٌّ في المصدر؛ ويُطبع [ب١-ف٢-مث١٠] (يُحوَّل عند الإخراج)
book/الجزء-الأول/الباب-الأول/ف02-أ-المدخل-والدرس-الأول.md	279	1	رمز المثال	[م١-ب١-ف٢-مث١١]	يُحفظ	معرّفٌ إنتاجيٌّ في المصدر؛ ويُطبع [ب١-ف٢-مث١١] (يُحوَّل عند الإخراج)
book/الجزء-الأول/الباب-الأول/ف02-أ-المدخل-والدرس-الأول.md	283	1	رمز المثال	[م١-ب١-ف٢-مث١٢]	يُحفظ	معرّفٌ إنتاجيٌّ في المصدر؛ ويُطبع [ب١-ف٢-مث١٢] (يُحوَّل عند الإخراج)
book/الجزء-الأول/الباب-الأول/ف02-أ-المدخل-والدرس-الأول.md	295	1	رمز المثال	[م١-ب١-ف٢-مث١٣]	يُحفظ	معرّفٌ إنتاجيٌّ في المصدر؛ ويُطبع [ب١-ف٢-مث١٣] (يُحوَّل عند الإخراج)
book/الجزء-الأول/الباب-الأول/ف02-أ-المدخل-والدرس-الأول.md	301	1	رمز المثال	[م١-ب١-ف٢-مث١٤]	يُحفظ	معرّفٌ إنتاجيٌّ في المصدر؛ ويُطبع [ب١-ف٢-مث١٤] (يُحوَّل عند الإخراج)
book/الجزء-الأول/الباب-الأول/ف02-أ-المدخل-والدرس-الأول.md	305	1	رمز المثال	[م١-ب١-ف٢-مث١٥]	يُحفظ	معرّفٌ إنتاجيٌّ في المصدر؛ ويُطبع [ب١-ف٢-مث١٥] (يُحوَّل عند الإخراج)
book/الجزء-الأول/الباب-الأول/ف02-أ-المدخل-والدرس-الأول.md	319	1	رمز المثال	[م١-ب١-ف٢-مث١٦]	يُحفظ	معرّفٌ إنتاجيٌّ في المصدر؛ ويُطبع [ب١-ف٢-مث١٦] (يُحوَّل عند الإخراج)
book/الجزء-الأول/الباب-الأول/ف02-أ-المدخل-والدرس-الأول.md	323	1	رمز المثال	[م١-ب١-ف٢-مث١٧]	يُحفظ	معرّفٌ إنتاجيٌّ في المصدر؛ ويُطبع [ب١-ف٢-مث١٧] (يُحوَّل عند الإخراج)
book/الجزء-الأول/الباب-الأول/ف02-أ-المدخل-والدرس-الأول.md	327	1	رمز المثال	[م١-ب١-ف٢-مث١٨]	يُحفظ	معرّفٌ إنتاجيٌّ في المصدر؛ ويُطبع [ب١-ف٢-مث١٨] (يُحوَّل عند الإخراج)
book/الجزء-الأول/الباب-الأول/ف02-أ-المدخل-والدرس-الأول.md	342	1	رمز المثال	[م١-ب١-ف٢-مث١٩]	يُحفظ	معرّفٌ إنتاجيٌّ في المصدر؛ ويُطبع [ب١-ف٢-مث١٩] (يُحوَّل عند الإخراج)
book/الجزء-الأول/الباب-الأول/ف02-أ-المدخل-والدرس-الأول.md	348	1	رمز المثال	[م١-ب١-ف٢-مث٢٠]	يُحفظ	معرّفٌ إنتاجيٌّ في المصدر؛ ويُطبع [ب١-ف٢-مث٢٠] (يُحوَّل عند الإخراج)
book/الجزء-الأول/الباب-الأول/ف02-أ-المدخل-والدرس-الأول.md	352	1	رمز المثال	[م١-ب١-ف٢-مث٢١]	يُحفظ	معرّفٌ إنتاجيٌّ في المصدر؛ ويُطبع [ب١-ف٢-مث٢١] (يُحوَّل عند الإخراج)
book/الجزء-الأول/الباب-الأول/ف02-أ-المدخل-والدرس-الأول.md	358	1	إحالة	في الباب الثاني	يُصحّح	يُزاد المجلد: «في المجلد 2، …»
book/الجزء-الأول/الباب-الأول/ف02-أ-المدخل-والدرس-الأول.md	364	1	رمز المثال	[م١-ب١-ف٢-مث٢٢]	يُحفظ	معرّفٌ إنتاجيٌّ في المصدر؛ ويُطبع [ب١-ف٢-مث٢٢] (يُحوَّل عند الإخراج)
book/الجزء-الأول/الباب-الأول/ف02-أ-المدخل-والدرس-الأول.md	368	1	رمز المثال	[م١-ب١-ف٢-مث٢٣]	يُحفظ	معرّفٌ إنتاجيٌّ في المصدر؛ ويُطبع [ب١-ف٢-مث٢٣] (يُحوَّل عند الإخراج)
book/الجزء-الأول/الباب-الأول/ف02-أ-المدخل-والدرس-الأول.md	372	1	رمز المثال	[م١-ب١-ف٢-مث٢٤]	يُحفظ	معرّفٌ إنتاجيٌّ في المصدر؛ ويُطبع [ب١-ف٢-مث٢٤] (يُحوَّل عند الإخراج)
book/الجزء-الأول/الباب-الأول/ف02-أ-المدخل-والدرس-الأول.md	378	1	إحالة	في الباب الرابع	يُصحّح	يُزاد المجلد: «في المجلد 4، …»
book/الجزء-الأول/الباب-الأول/ف02-أ-المدخل-والدرس-الأول.md	384	1	رمز المثال	[م١-ب١-ف٢-مث٢٥]	يُحفظ	معرّفٌ إنتاجيٌّ في المصدر؛ ويُطبع [ب١-ف٢-مث٢٥] (يُحوَّل عند الإخراج)
book/الجزء-الأول/الباب-الأول/ف02-أ-المدخل-والدرس-الأول.md	388	1	رمز المثال	[م١-ب١-ف٢-مث٢٦]	يُحفظ	معرّفٌ إنتاجيٌّ في المصدر؛ ويُطبع [ب١-ف٢-مث٢٦] (يُحوَّل عند الإخراج)
book/الجزء-الأول/الباب-الأول/ف02-أ-المدخل-والدرس-الأول.md	400	1	رمز المثال	[م١-ب١-ف٢-مث٢٧]	يُحفظ	معرّفٌ إنتاجيٌّ في المصدر؛ ويُطبع [ب١-ف٢-مث٢٧] (يُحوَّل عند الإخراج)
book/الجزء-الأول/الباب-الأول/ف02-أ-المدخل-والدرس-الأول.md	404	1	رمز المثال	[م١-ب١-ف٢-مث٢٨]	يُحفظ	معرّفٌ إنتاجيٌّ في المصدر؛ ويُطبع [ب١-ف٢-مث٢٨] (يُحوَّل عند الإخراج)
book/الجزء-الأول/الباب-الأول/ف02-أ-المدخل-والدرس-الأول.md	408	1	رمز المثال	[م١-ب١-ف٢-مث٢٩]	يُحفظ	معرّفٌ إنتاجيٌّ في المصدر؛ ويُطبع [ب١-ف٢-مث٢٩] (يُحوَّل عند الإخراج)
book/الجزء-الأول/الباب-الأول/ف02-أ-المدخل-والدرس-الأول.md	424	1	رمز المثال	[م١-ب١-ف٢-مث٣٠]	يُحفظ	معرّفٌ إنتاجيٌّ في المصدر؛ ويُطبع [ب١-ف٢-مث٣٠] (يُحوَّل عند الإخراج)
book/الجزء-الأول/الباب-الأول/ف02-أ-المدخل-والدرس-الأول.md	426	1	رمز المثال	[م١-ب١-ف٢-مث٣١]	يُحفظ	معرّفٌ إنتاجيٌّ في المصدر؛ ويُطبع [ب١-ف٢-مث٣١] (يُحوَّل عند الإخراج)
book/الجزء-الأول/الباب-الأول/ف02-أ-المدخل-والدرس-الأول.md	428	1	رمز المثال	[م١-ب١-ف٢-مث٣٢]	يُحفظ	معرّفٌ إنتاجيٌّ في المصدر؛ ويُطبع [ب١-ف٢-مث٣٢] (يُحوَّل عند الإخراج)
book/الجزء-الأول/الباب-الأول/ف02-أ-المدخل-والدرس-الأول.md	430	1	رمز المثال	[م١-ب١-ف٢-مث٣٣]	يُحفظ	معرّفٌ إنتاجيٌّ في المصدر؛ ويُطبع [ب١-ف٢-مث٣٣] (يُحوَّل عند الإخراج)
book/الجزء-الأول/الباب-الأول/ف02-أ-المدخل-والدرس-الأول.md	432	1	رمز المثال	[م١-ب١-ف٢-مث٣٤]	يُحفظ	معرّفٌ إنتاجيٌّ في المصدر؛ ويُطبع [ب١-ف٢-مث٣٤] (يُحوَّل عند الإخراج)
book/الجزء-الأول/الباب-الأول/ف02-أ-المدخل-والدرس-الأول.md	434	1	رمز المثال	[م١-ب١-ف٢-مث٣٥]	يُحفظ	معرّفٌ إنتاجيٌّ في المصدر؛ ويُطبع [ب١-ف٢-مث٣٥] (يُحوَّل عند الإخراج)
book/الجزء-الأول/الباب-الأول/ف02-أ-المدخل-والدرس-الأول.md	440	1	رمز المثال	[م١-ب١-ف٢-مث٣٦]	يُحفظ	معرّفٌ إنتاجيٌّ في المصدر؛ ويُطبع [ب١-ف٢-مث٣٦] (يُحوَّل عند الإخراج)
book/الجزء-الأول/الباب-الأول/ف02-ب-الدرس-الثاني.md	74	1	رمز المثال	[م١-ب١-ف٢-مث٣٧]	يُحفظ	معرّفٌ إنتاجيٌّ في المصدر؛ ويُطبع [ب١-ف٢-مث٣٧] (يُحوَّل عند الإخراج)
book/الجزء-الأول/الباب-الأول/ف02-ب-الدرس-الثاني.md	78	1	رمز المثال	[م١-ب١-ف٢-مث٣٨]	يُحفظ	معرّفٌ إنتاجيٌّ في المصدر؛ ويُطبع [ب١-ف٢-مث٣٨] (يُحوَّل عند الإخراج)
book/الجزء-الأول/الباب-الأول/ف02-ب-الدرس-الثاني.md	82	1	رمز المثال	[م١-ب١-ف٢-مث٣٩]	يُحفظ	معرّفٌ إنتاجيٌّ في المصدر؛ ويُطبع [ب١-ف٢-مث٣٩] (يُحوَّل عند الإخراج)
book/الجزء-الأول/الباب-الأول/ف02-ب-الدرس-الثاني.md	86	1	رمز المثال	[م١-ب١-ف٢-مث٤٠]	يُحفظ	معرّفٌ إنتاجيٌّ في المصدر؛ ويُطبع [ب١-ف٢-مث٤٠] (يُحوَّل عند الإخراج)
book/الجزء-الأول/الباب-الأول/ف02-ب-الدرس-الثاني.md	90	1	رمز المثال	[م١-ب١-ف٢-مث٤١]	يُحفظ	معرّفٌ إنتاجيٌّ في المصدر؛ ويُطبع [ب١-ف٢-مث٤١] (يُحوَّل عند الإخراج)
book/الجزء-الأول/الباب-الأول/ف02-ب-الدرس-الثاني.md	113	1	إحالة	في الباب الثاني	يُصحّح	يُزاد المجلد: «في المجلد 2، …»
book/الجزء-الأول/الباب-الأول/ف02-ب-الدرس-الثاني.md	266	1	الباب ١٤	الباب الرابع عشر	يُصحّح	الباب الثالث عشر
book/الجزء-الأول/الباب-الأول/ف02-ب-الدرس-الثاني.md	274	1	الباب ١٤	الباب الرابع عشر	يُصحّح	الباب الثالث عشر
book/الجزء-الأول/الباب-الأول/ف02-ج-التطبيق-والتقويم.md	253	1	إحالة	في الباب الثاني	يُصحّح	يُزاد المجلد: «في المجلد 2، …»
book/الجزء-الأول/الباب-الأول/ف02-ج-التطبيق-والتقويم.md	337	1	المستوى ن	المستوى ٠	يُصحّح	المستوى 1
book/الجزء-الأول/الباب-الأول/ف02-ج-التطبيق-والتقويم.md	362	1	رمز المثال	[م١-ب١-ف٢-مث٣٢]	يُحفظ	معرّفٌ إنتاجيٌّ في المصدر؛ ويُطبع [ب١-ف٢-مث٣٢] (يُحوَّل عند الإخراج)
book/الجزء-الأول/الباب-الأول/ف03-أ-المفاهيم-والدرس.md	5	1	المستوى ن	المستوى ٠	يُصحّح	المستوى 1
book/الجزء-الأول/الباب-الأول/ف03-أ-المفاهيم-والدرس.md	181	1	رمز المثال	[م١-ب١-ف٣-مث١]	يُحفظ	معرّفٌ إنتاجيٌّ في المصدر؛ ويُطبع [ب١-ف٣-مث١] (يُحوَّل عند الإخراج)
book/الجزء-الأول/الباب-الأول/ف03-أ-المفاهيم-والدرس.md	185	1	رمز المثال	[م١-ب١-ف٣-مث٢]	يُحفظ	معرّفٌ إنتاجيٌّ في المصدر؛ ويُطبع [ب١-ف٣-مث٢] (يُحوَّل عند الإخراج)
book/الجزء-الأول/الباب-الأول/ف03-أ-المفاهيم-والدرس.md	189	1	رمز المثال	[م١-ب١-ف٣-مث٣]	يُحفظ	معرّفٌ إنتاجيٌّ في المصدر؛ ويُطبع [ب١-ف٣-مث٣] (يُحوَّل عند الإخراج)
book/الجزء-الأول/الباب-الأول/ف03-أ-المفاهيم-والدرس.md	193	1	رمز المثال	[م١-ب١-ف٣-مث٤]	يُحفظ	معرّفٌ إنتاجيٌّ في المصدر؛ ويُطبع [ب١-ف٣-مث٤] (يُحوَّل عند الإخراج)
book/الجزء-الأول/الباب-الأول/ف03-أ-المفاهيم-والدرس.md	197	1	رمز المثال	[م١-ب١-ف٣-مث٥]	يُحفظ	معرّفٌ إنتاجيٌّ في المصدر؛ ويُطبع [ب١-ف٣-مث٥] (يُحوَّل عند الإخراج)
book/الجزء-الأول/الباب-الأول/ف03-أ-المفاهيم-والدرس.md	201	1	رمز المثال	[م١-ب١-ف٣-مث٦]	يُحفظ	معرّفٌ إنتاجيٌّ في المصدر؛ ويُطبع [ب١-ف٣-مث٦] (يُحوَّل عند الإخراج)
book/الجزء-الأول/الباب-الأول/ف03-أ-المفاهيم-والدرس.md	205	1	رمز المثال	[م١-ب١-ف٣-مث٧]	يُحفظ	معرّفٌ إنتاجيٌّ في المصدر؛ ويُطبع [ب١-ف٣-مث٧] (يُحوَّل عند الإخراج)
book/الجزء-الأول/الباب-الأول/ف03-أ-المفاهيم-والدرس.md	209	1	رمز المثال	[م١-ب١-ف٣-مث٨]	يُحفظ	معرّفٌ إنتاجيٌّ في المصدر؛ ويُطبع [ب١-ف٣-مث٨] (يُحوَّل عند الإخراج)
book/الجزء-الأول/الباب-الأول/ف03-أ-المفاهيم-والدرس.md	231	1	رمز المثال	[م١-ب١-ف٣-مث٩]	يُحفظ	معرّفٌ إنتاجيٌّ في المصدر؛ ويُطبع [ب١-ف٣-مث٩] (يُحوَّل عند الإخراج)
book/الجزء-الأول/الباب-الأول/ف03-أ-المفاهيم-والدرس.md	236	1	رمز المثال	[م١-ب١-ف٣-مث١٠]	يُحفظ	معرّفٌ إنتاجيٌّ في المصدر؛ ويُطبع [ب١-ف٣-مث١٠] (يُحوَّل عند الإخراج)
book/الجزء-الأول/الباب-الأول/ف03-أ-المفاهيم-والدرس.md	242	1	رمز المثال	[م١-ب١-ف٣-مث١١]	يُحفظ	معرّفٌ إنتاجيٌّ في المصدر؛ ويُطبع [ب١-ف٣-مث١١] (يُحوَّل عند الإخراج)
book/الجزء-الأول/الباب-الأول/ف03-أ-المفاهيم-والدرس.md	247	1	رمز المثال	[م١-ب١-ف٣-مث١٢]	يُحفظ	معرّفٌ إنتاجيٌّ في المصدر؛ ويُطبع [ب١-ف٣-مث١٢] (يُحوَّل عند الإخراج)
book/الجزء-الأول/الباب-الأول/ف03-أ-المفاهيم-والدرس.md	251	1	رمز المثال	[م١-ب١-ف٣-مث١٣]	يُحفظ	معرّفٌ إنتاجيٌّ في المصدر؛ ويُطبع [ب١-ف٣-مث١٣] (يُحوَّل عند الإخراج)
book/الجزء-الأول/الباب-الأول/ف03-أ-المفاهيم-والدرس.md	255	1	رمز المثال	[م١-ب١-ف٣-مث١٤]	يُحفظ	معرّفٌ إنتاجيٌّ في المصدر؛ ويُطبع [ب١-ف٣-مث١٤] (يُحوَّل عند الإخراج)
book/الجزء-الأول/الباب-الأول/ف03-أ-المفاهيم-والدرس.md	259	1	رمز المثال	[م١-ب١-ف٣-مث١٥]	يُحفظ	معرّفٌ إنتاجيٌّ في المصدر؛ ويُطبع [ب١-ف٣-مث١٥] (يُحوَّل عند الإخراج)
book/الجزء-الأول/الباب-الأول/ف03-أ-المفاهيم-والدرس.md	324	1	رمز المثال	[م١-ب١-ف٣-مث١٦]	يُحفظ	معرّفٌ إنتاجيٌّ في المصدر؛ ويُطبع [ب١-ف٣-مث١٦] (يُحوَّل عند الإخراج)
book/الجزء-الأول/الباب-الأول/ف03-أ-المفاهيم-والدرس.md	329	1	رمز المثال	[م١-ب١-ف٣-مث١٧]	يُحفظ	معرّفٌ إنتاجيٌّ في المصدر؛ ويُطبع [ب١-ف٣-مث١٧] (يُحوَّل عند الإخراج)
book/الجزء-الأول/الباب-الأول/ف03-أ-المفاهيم-والدرس.md	334	1	رمز المثال	[م١-ب١-ف٣-مث١٨]	يُحفظ	معرّفٌ إنتاجيٌّ في المصدر؛ ويُطبع [ب١-ف٣-مث١٨] (يُحوَّل عند الإخراج)
book/الجزء-الأول/الباب-الأول/ف03-أ-المفاهيم-والدرس.md	339	1	رمز المثال	[م١-ب١-ف٣-مث١٩]	يُحفظ	معرّفٌ إنتاجيٌّ في المصدر؛ ويُطبع [ب١-ف٣-مث١٩] (يُحوَّل عند الإخراج)
book/الجزء-الأول/الباب-الأول/ف03-أ-المفاهيم-والدرس.md	344	1	رمز المثال	[م١-ب١-ف٣-مث٢٠]	يُحفظ	معرّفٌ إنتاجيٌّ في المصدر؛ ويُطبع [ب١-ف٣-مث٢٠] (يُحوَّل عند الإخراج)
book/الجزء-الأول/الباب-الأول/ف03-أ-المفاهيم-والدرس.md	349	1	رمز المثال	[م١-ب١-ف٣-مث٢١]	يُحفظ	معرّفٌ إنتاجيٌّ في المصدر؛ ويُطبع [ب١-ف٣-مث٢١] (يُحوَّل عند الإخراج)
book/الجزء-الأول/الباب-الأول/ف03-أ-المفاهيم-والدرس.md	354	1	رمز المثال	[م١-ب١-ف٣-مث٢٢]	يُحفظ	معرّفٌ إنتاجيٌّ في المصدر؛ ويُطبع [ب١-ف٣-مث٢٢] (يُحوَّل عند الإخراج)
book/الجزء-الأول/الباب-الأول/ف03-أ-المفاهيم-والدرس.md	359	1	رمز المثال	[م١-ب١-ف٣-مث٢٣]	يُحفظ	معرّفٌ إنتاجيٌّ في المصدر؛ ويُطبع [ب١-ف٣-مث٢٣] (يُحوَّل عند الإخراج)
book/الجزء-الأول/الباب-الأول/ف03-أ-المفاهيم-والدرس.md	364	1	رمز المثال	[م١-ب١-ف٣-مث٢٤]	يُحفظ	معرّفٌ إنتاجيٌّ في المصدر؛ ويُطبع [ب١-ف٣-مث٢٤] (يُحوَّل عند الإخراج)
book/الجزء-الأول/الباب-الأول/ف03-أ-المفاهيم-والدرس.md	369	1	رمز المثال	[م١-ب١-ف٣-مث٢٥]	يُحفظ	معرّفٌ إنتاجيٌّ في المصدر؛ ويُطبع [ب١-ف٣-مث٢٥] (يُحوَّل عند الإخراج)
book/الجزء-الأول/الباب-الأول/ف03-أ-المفاهيم-والدرس.md	374	1	رمز المثال	[م١-ب١-ف٣-مث٢٦]	يُحفظ	معرّفٌ إنتاجيٌّ في المصدر؛ ويُطبع [ب١-ف٣-مث٢٦] (يُحوَّل عند الإخراج)
book/الجزء-الأول/الباب-الأول/ف03-أ-المفاهيم-والدرس.md	379	1	رمز المثال	[م١-ب١-ف٣-مث٢٧]	يُحفظ	معرّفٌ إنتاجيٌّ في المصدر؛ ويُطبع [ب١-ف٣-مث٢٧] (يُحوَّل عند الإخراج)
book/الجزء-الأول/الباب-الأول/ف03-أ-المفاهيم-والدرس.md	384	1	رمز المثال	[م١-ب١-ف٣-مث٢٨]	يُحفظ	معرّفٌ إنتاجيٌّ في المصدر؛ ويُطبع [ب١-ف٣-مث٢٨] (يُحوَّل عند الإخراج)
book/الجزء-الأول/الباب-الأول/ف03-أ-المفاهيم-والدرس.md	389	1	رمز المثال	[م١-ب١-ف٣-مث٢٩]	يُحفظ	معرّفٌ إنتاجيٌّ في المصدر؛ ويُطبع [ب١-ف٣-مث٢٩] (يُحوَّل عند الإخراج)
book/الجزء-الأول/الباب-الأول/ف03-أ-المفاهيم-والدرس.md	394	1	رمز المثال	[م١-ب١-ف٣-مث٣٠]	يُحفظ	معرّفٌ إنتاجيٌّ في المصدر؛ ويُطبع [ب١-ف٣-مث٣٠] (يُحوَّل عند الإخراج)
book/الجزء-الأول/الباب-الأول/ف03-أ-المفاهيم-والدرس.md	426	1	إحالة	في الباب الثالث، الفصل الخامس	يُصحّح	يُزاد المجلد: «في المجلد 3، …»
book/الجزء-الأول/الباب-الأول/ف03-أ-المفاهيم-والدرس.md	467	1	رمز المثال	[م١-ب١-ف٣-مث٣١]	يُحفظ	معرّفٌ إنتاجيٌّ في المصدر؛ ويُطبع [ب١-ف٣-مث٣١] (يُحوَّل عند الإخراج)
book/الجزء-الأول/الباب-الأول/ف03-أ-المفاهيم-والدرس.md	471	1	رمز المثال	[م١-ب١-ف٣-مث٣٢]	يُحفظ	معرّفٌ إنتاجيٌّ في المصدر؛ ويُطبع [ب١-ف٣-مث٣٢] (يُحوَّل عند الإخراج)
book/الجزء-الأول/الباب-الأول/ف03-أ-المفاهيم-والدرس.md	475	1	رمز المثال	[م١-ب١-ف٣-مث٣٣]	يُحفظ	معرّفٌ إنتاجيٌّ في المصدر؛ ويُطبع [ب١-ف٣-مث٣٣] (يُحوَّل عند الإخراج)
book/الجزء-الأول/الباب-الأول/ف03-أ-المفاهيم-والدرس.md	479	1	رمز المثال	[م١-ب١-ف٣-مث٣٤]	يُحفظ	معرّفٌ إنتاجيٌّ في المصدر؛ ويُطبع [ب١-ف٣-مث٣٤] (يُحوَّل عند الإخراج)
book/الجزء-الأول/الباب-الأول/ف03-أ-المفاهيم-والدرس.md	483	1	رمز المثال	[م١-ب١-ف٣-مث٣٥]	يُحفظ	معرّفٌ إنتاجيٌّ في المصدر؛ ويُطبع [ب١-ف٣-مث٣٥] (يُحوَّل عند الإخراج)
book/الجزء-الأول/الباب-الأول/ف03-أ-المفاهيم-والدرس.md	495	1	رمز المثال	[م١-ب١-ف٣-مث٣٦]	يُحفظ	معرّفٌ إنتاجيٌّ في المصدر؛ ويُطبع [ب١-ف٣-مث٣٦] (يُحوَّل عند الإخراج)
book/الجزء-الأول/الباب-الأول/ف03-أ-المفاهيم-والدرس.md	497	1	رمز المثال	[م١-ب١-ف٣-مث٣٧]	يُحفظ	معرّفٌ إنتاجيٌّ في المصدر؛ ويُطبع [ب١-ف٣-مث٣٧] (يُحوَّل عند الإخراج)
book/الجزء-الأول/الباب-الأول/ف03-أ-المفاهيم-والدرس.md	499	1	رمز المثال	[م١-ب١-ف٣-مث٣٨]	يُحفظ	معرّفٌ إنتاجيٌّ في المصدر؛ ويُطبع [ب١-ف٣-مث٣٨] (يُحوَّل عند الإخراج)
book/الجزء-الأول/الباب-الأول/ف03-أ-المفاهيم-والدرس.md	501	1	رمز المثال	[م١-ب١-ف٣-مث٣٩]	يُحفظ	معرّفٌ إنتاجيٌّ في المصدر؛ ويُطبع [ب١-ف٣-مث٣٩] (يُحوَّل عند الإخراج)
book/الجزء-الأول/الباب-الأول/ف03-أ-المفاهيم-والدرس.md	503	1	رمز المثال	[م١-ب١-ف٣-مث٤٠]	يُحفظ	معرّفٌ إنتاجيٌّ في المصدر؛ ويُطبع [ب١-ف٣-مث٤٠] (يُحوَّل عند الإخراج)
book/الجزء-الأول/الباب-الأول/ف03-أ-المفاهيم-والدرس.md	509	1	رمز المثال	[م١-ب١-ف٣-مث٤١]	يُحفظ	معرّفٌ إنتاجيٌّ في المصدر؛ ويُطبع [ب١-ف٣-مث٤١] (يُحوَّل عند الإخراج)
book/الجزء-الأول/الباب-الأول/ف04-أ-المدخل-ومقتضى-الحال.md	5	1	المستوى ن	المستوى ٠	يُصحّح	المستوى 1
book/الجزء-الأول/الباب-الأول/ف04-ب-الدرس-الثاني.md	43	1	رمز المثال	[م١-ب١-ف٤-مث١]	يُحفظ	معرّفٌ إنتاجيٌّ في المصدر؛ ويُطبع [ب١-ف٤-مث١] (يُحوَّل عند الإخراج)
book/الجزء-الأول/الباب-الأول/ف04-ب-الدرس-الثاني.md	47	1	رمز المثال	[م١-ب١-ف٤-مث٢]	يُحفظ	معرّفٌ إنتاجيٌّ في المصدر؛ ويُطبع [ب١-ف٤-مث٢] (يُحوَّل عند الإخراج)
book/الجزء-الأول/الباب-الأول/ف04-ب-الدرس-الثاني.md	53	1	رمز المثال	[م١-ب١-ف٤-مث٣]	يُحفظ	معرّفٌ إنتاجيٌّ في المصدر؛ ويُطبع [ب١-ف٤-مث٣] (يُحوَّل عند الإخراج)
book/الجزء-الأول/الباب-الأول/ف04-ب-الدرس-الثاني.md	57	1	رمز المثال	[م١-ب١-ف٤-مث٤]	يُحفظ	معرّفٌ إنتاجيٌّ في المصدر؛ ويُطبع [ب١-ف٤-مث٤] (يُحوَّل عند الإخراج)
book/الجزء-الأول/الباب-الأول/ف04-ب-الدرس-الثاني.md	63	1	رمز المثال	[م١-ب١-ف٤-مث٥]	يُحفظ	معرّفٌ إنتاجيٌّ في المصدر؛ ويُطبع [ب١-ف٤-مث٥] (يُحوَّل عند الإخراج)
book/الجزء-الأول/الباب-الأول/ف04-ب-الدرس-الثاني.md	67	1	رمز المثال	[م١-ب١-ف٤-مث٦]	يُحفظ	معرّفٌ إنتاجيٌّ في المصدر؛ ويُطبع [ب١-ف٤-مث٦] (يُحوَّل عند الإخراج)
book/الجزء-الأول/الباب-الأول/ف04-ب-الدرس-الثاني.md	73	1	رمز المثال	[م١-ب١-ف٤-مث٧]	يُحفظ	معرّفٌ إنتاجيٌّ في المصدر؛ ويُطبع [ب١-ف٤-مث٧] (يُحوَّل عند الإخراج)
book/الجزء-الأول/الباب-الأول/ف04-ب-الدرس-الثاني.md	77	1	رمز المثال	[م١-ب١-ف٤-مث٨]	يُحفظ	معرّفٌ إنتاجيٌّ في المصدر؛ ويُطبع [ب١-ف٤-مث٨] (يُحوَّل عند الإخراج)
book/الجزء-الأول/الباب-الأول/ف04-ب-الدرس-الثاني.md	82	1	رمز المثال	[م١-ب١-ف٤-مث٩]	يُحفظ	معرّفٌ إنتاجيٌّ في المصدر؛ ويُطبع [ب١-ف٤-مث٩] (يُحوَّل عند الإخراج)
book/الجزء-الأول/الباب-الأول/ف04-ب-الدرس-الثاني.md	94	1	رمز المثال	[م١-ب١-ف٤-مث١٠]	يُحفظ	معرّفٌ إنتاجيٌّ في المصدر؛ ويُطبع [ب١-ف٤-مث١٠] (يُحوَّل عند الإخراج)
book/الجزء-الأول/الباب-الأول/ف04-ب-الدرس-الثاني.md	100	1	رمز المثال	[م١-ب١-ف٤-مث١١]	يُحفظ	معرّفٌ إنتاجيٌّ في المصدر؛ ويُطبع [ب١-ف٤-مث١١] (يُحوَّل عند الإخراج)
book/الجزء-الأول/الباب-الأول/ف04-ب-الدرس-الثاني.md	106	1	رمز المثال	[م١-ب١-ف٤-مث١٢]	يُحفظ	معرّفٌ إنتاجيٌّ في المصدر؛ ويُطبع [ب١-ف٤-مث١٢] (يُحوَّل عند الإخراج)
book/الجزء-الأول/الباب-الأول/ف04-ب-الدرس-الثاني.md	112	1	رمز المثال	[م١-ب١-ف٤-مث١٣]	يُحفظ	معرّفٌ إنتاجيٌّ في المصدر؛ ويُطبع [ب١-ف٤-مث١٣] (يُحوَّل عند الإخراج)
book/الجزء-الأول/الباب-الأول/ف04-ب-الدرس-الثاني.md	124	1	رمز المثال	[م١-ب١-ف٤-مث١٤]	يُحفظ	معرّفٌ إنتاجيٌّ في المصدر؛ ويُطبع [ب١-ف٤-مث١٤] (يُحوَّل عند الإخراج)
book/الجزء-الأول/الباب-الأول/ف04-ب-الدرس-الثاني.md	128	1	رمز المثال	[م١-ب١-ف٤-مث١٥]	يُحفظ	معرّفٌ إنتاجيٌّ في المصدر؛ ويُطبع [ب١-ف٤-مث١٥] (يُحوَّل عند الإخراج)
book/الجزء-الأول/الباب-الأول/ف05-أ-المدخل-والدرس.md	5	1	المستوى ن	المستوى ٠	يُصحّح	المستوى 1
book/الجزء-الأول/الباب-الأول/ف05-أ-المدخل-والدرس.md	90	1	رمز المثال	[م١-ب١-ف٥-مث١]	يُحفظ	معرّفٌ إنتاجيٌّ في المصدر؛ ويُطبع [ب١-ف٥-مث١] (يُحوَّل عند الإخراج)
book/الجزء-الأول/الباب-الأول/ف05-أ-المدخل-والدرس.md	94	1	رمز المثال	[م١-ب١-ف٥-مث٢]	يُحفظ	معرّفٌ إنتاجيٌّ في المصدر؛ ويُطبع [ب١-ف٥-مث٢] (يُحوَّل عند الإخراج)
book/الجزء-الأول/الباب-الأول/ف05-أ-المدخل-والدرس.md	98	1	رمز المثال	[م١-ب١-ف٥-مث٣]	يُحفظ	معرّفٌ إنتاجيٌّ في المصدر؛ ويُطبع [ب١-ف٥-مث٣] (يُحوَّل عند الإخراج)
book/الجزء-الأول/الباب-الأول/ف05-أ-المدخل-والدرس.md	102	1	رمز المثال	[م١-ب١-ف٥-مث٤]	يُحفظ	معرّفٌ إنتاجيٌّ في المصدر؛ ويُطبع [ب١-ف٥-مث٤] (يُحوَّل عند الإخراج)
book/الجزء-الأول/الباب-الأول/ف05-أ-المدخل-والدرس.md	154	1	رمز المثال	[م١-ب١-ف٥-مث٥]	يُحفظ	معرّفٌ إنتاجيٌّ في المصدر؛ ويُطبع [ب١-ف٥-مث٥] (يُحوَّل عند الإخراج)
book/الجزء-الأول/الباب-الأول/ف05-أ-المدخل-والدرس.md	158	1	رمز المثال	[م١-ب١-ف٥-مث٦]	يُحفظ	معرّفٌ إنتاجيٌّ في المصدر؛ ويُطبع [ب١-ف٥-مث٦] (يُحوَّل عند الإخراج)
book/الجزء-الأول/الباب-الأول/ف05-أ-المدخل-والدرس.md	162	1	رمز المثال	[م١-ب١-ف٥-مث٧]	يُحفظ	معرّفٌ إنتاجيٌّ في المصدر؛ ويُطبع [ب١-ف٥-مث٧] (يُحوَّل عند الإخراج)
book/الجزء-الأول/الباب-الأول/ف05-أ-المدخل-والدرس.md	166	1	رمز المثال	[م١-ب١-ف٥-مث٨]	يُحفظ	معرّفٌ إنتاجيٌّ في المصدر؛ ويُطبع [ب١-ف٥-مث٨] (يُحوَّل عند الإخراج)
book/الجزء-الأول/الباب-الأول/ف05-أ-المدخل-والدرس.md	237	1	رمز المثال	[م١-ب١-ف٥-مث٩]	يُحفظ	معرّفٌ إنتاجيٌّ في المصدر؛ ويُطبع [ب١-ف٥-مث٩] (يُحوَّل عند الإخراج)
book/الجزء-الأول/الباب-الأول/ف05-أ-المدخل-والدرس.md	241	1	رمز المثال	[م١-ب١-ف٥-مث١٠]	يُحفظ	معرّفٌ إنتاجيٌّ في المصدر؛ ويُطبع [ب١-ف٥-مث١٠] (يُحوَّل عند الإخراج)
book/الجزء-الأول/الباب-الأول/ف05-أ-المدخل-والدرس.md	245	1	رمز المثال	[م١-ب١-ف٥-مث١١]	يُحفظ	معرّفٌ إنتاجيٌّ في المصدر؛ ويُطبع [ب١-ف٥-مث١١] (يُحوَّل عند الإخراج)
book/الجزء-الأول/الباب-الأول/ف05-أ-المدخل-والدرس.md	249	1	رمز المثال	[م١-ب١-ف٥-مث١٢]	يُحفظ	معرّفٌ إنتاجيٌّ في المصدر؛ ويُطبع [ب١-ف٥-مث١٢] (يُحوَّل عند الإخراج)
book/الجزء-الأول/الباب-الأول/ف05-ب-التطبيق-والتقويم.md	26	1	رمز المثال	[م١-ب١-ف٥-مث١٣]	يُحفظ	معرّفٌ إنتاجيٌّ في المصدر؛ ويُطبع [ب١-ف٥-مث١٣] (يُحوَّل عند الإخراج)
book/الجزء-الأول/الباب-الأول/ف05-ب-التطبيق-والتقويم.md	30	1	رمز المثال	[م١-ب١-ف٥-مث١٤]	يُحفظ	معرّفٌ إنتاجيٌّ في المصدر؛ ويُطبع [ب١-ف٥-مث١٤] (يُحوَّل عند الإخراج)
book/الجزء-الأول/الباب-الأول/ف05-ب-التطبيق-والتقويم.md	34	1	رمز المثال	[م١-ب١-ف٥-مث١٥]	يُحفظ	معرّفٌ إنتاجيٌّ في المصدر؛ ويُطبع [ب١-ف٥-مث١٥] (يُحوَّل عند الإخراج)
book/الجزء-الأول/الباب-الأول/ف05-ب-التطبيق-والتقويم.md	38	1	رمز المثال	[م١-ب١-ف٥-مث١٦]	يُحفظ	معرّفٌ إنتاجيٌّ في المصدر؛ ويُطبع [ب١-ف٥-مث١٦] (يُحوَّل عند الإخراج)
book/الجزء-الأول/الباب-الأول/ف06-أ-المدخل-والدرس.md	5	1	المستوى ن	المستوى ٠	يُصحّح	المستوى 1
book/الجزء-الأول/الباب-الأول/ف06-أ-المدخل-والدرس.md	90	1	رمز المثال	[م١-ب١-ف٦-مث١]	يُحفظ	معرّفٌ إنتاجيٌّ في المصدر؛ ويُطبع [ب١-ف٦-مث١] (يُحوَّل عند الإخراج)
book/الجزء-الأول/الباب-الأول/ف06-ب-البرنامج-والتطبيق.md	32	1	رمز المثال	[م١-ب١-ف٦-مث٢]	يُحفظ	معرّفٌ إنتاجيٌّ في المصدر؛ ويُطبع [ب١-ف٦-مث٢] (يُحوَّل عند الإخراج)
book/الجزء-الأول/الباب-الأول/ف06-ب-البرنامج-والتطبيق.md	36	1	رمز المثال	[م١-ب١-ف٦-مث٣]	يُحفظ	معرّفٌ إنتاجيٌّ في المصدر؛ ويُطبع [ب١-ف٦-مث٣] (يُحوَّل عند الإخراج)
book/الجزء-الأول/الباب-الأول/ف06-ب-البرنامج-والتطبيق.md	40	1	رمز المثال	[م١-ب١-ف٦-مث٤]	يُحفظ	معرّفٌ إنتاجيٌّ في المصدر؛ ويُطبع [ب١-ف٦-مث٤] (يُحوَّل عند الإخراج)
book/الجزء-الأول/الباب-الأول/ف06-ب-البرنامج-والتطبيق.md	58	1	رمز المثال	[م١-ب١-ف٦-مث٥]	يُحفظ	معرّفٌ إنتاجيٌّ في المصدر؛ ويُطبع [ب١-ف٦-مث٥] (يُحوَّل عند الإخراج)
book/الجزء-الأول/الباب-الأول/ف06-ب-البرنامج-والتطبيق.md	62	1	رمز المثال	[م١-ب١-ف٦-مث٦]	يُحفظ	معرّفٌ إنتاجيٌّ في المصدر؛ ويُطبع [ب١-ف٦-مث٦] (يُحوَّل عند الإخراج)
book/الجزء-الأول/الباب-الأول/ف06-ب-البرنامج-والتطبيق.md	66	1	رمز المثال	[م١-ب١-ف٦-مث٧]	يُحفظ	معرّفٌ إنتاجيٌّ في المصدر؛ ويُطبع [ب١-ف٦-مث٧] (يُحوَّل عند الإخراج)
book/الجزء-الأول/الباب-الأول/ف06-ب-البرنامج-والتطبيق.md	74	1	رمز المثال	[م١-ب١-ف٦-مث٨]	يُحفظ	معرّفٌ إنتاجيٌّ في المصدر؛ ويُطبع [ب١-ف٦-مث٨] (يُحوَّل عند الإخراج)
book/الجزء-الأول/الباب-الأول/ف06-ب-البرنامج-والتطبيق.md	78	1	رمز المثال	[م١-ب١-ف٦-مث٩]	يُحفظ	معرّفٌ إنتاجيٌّ في المصدر؛ ويُطبع [ب١-ف٦-مث٩] (يُحوَّل عند الإخراج)
book/الجزء-الأول/الباب-الأول/ف06-ب-البرنامج-والتطبيق.md	82	1	رمز المثال	[م١-ب١-ف٦-مث١٠]	يُحفظ	معرّفٌ إنتاجيٌّ في المصدر؛ ويُطبع [ب١-ف٦-مث١٠] (يُحوَّل عند الإخراج)
book/الجزء-الأول/الباب-الأول/ف06-ب-البرنامج-والتطبيق.md	86	1	رمز المثال	[م١-ب١-ف٦-مث١١]	يُحفظ	معرّفٌ إنتاجيٌّ في المصدر؛ ويُطبع [ب١-ف٦-مث١١] (يُحوَّل عند الإخراج)
book/الجزء-الأول/الباب-الأول/ف06-ب-البرنامج-والتطبيق.md	90	1	رمز المثال	[م١-ب١-ف٦-مث١٢]	يُحفظ	معرّفٌ إنتاجيٌّ في المصدر؛ ويُطبع [ب١-ف٦-مث١٢] (يُحوَّل عند الإخراج)
book/الجزء-الأول/الباب-الأول/ف06-ب-البرنامج-والتطبيق.md	93	1	رمز المثال	[م١-ب١-ف٦-مث١٣]	يُحفظ	معرّفٌ إنتاجيٌّ في المصدر؛ ويُطبع [ب١-ف٦-مث١٣] (يُحوَّل عند الإخراج)
book/الجزء-الأول/الباب-الأول/ف06-ب-البرنامج-والتطبيق.md	96	1	رمز المثال	[م١-ب١-ف٦-مث١٤]	يُحفظ	معرّفٌ إنتاجيٌّ في المصدر؛ ويُطبع [ب١-ف٦-مث١٤] (يُحوَّل عند الإخراج)
book/الجزء-الأول/الباب-الأول/ف06-ب-البرنامج-والتطبيق.md	100	1	رمز المثال	[م١-ب١-ف٦-مث١٥]	يُحفظ	معرّفٌ إنتاجيٌّ في المصدر؛ ويُطبع [ب١-ف٦-مث١٥] (يُحوَّل عند الإخراج)
book/الجزء-الأول/الباب-الثاني/00-فاتحة-الباب-الثاني.md	3	2	المستوى ن	المستوى ١	يُصحّح	المستوى 2
book/الجزء-الأول/الباب-الثاني/ف01-أ-المدخل-والمخارج.md	5	2	المستوى ن	المستوى ١	يُصحّح	المستوى 2
book/الجزء-الأول/الباب-الثاني/ف01-أ-المدخل-والمخارج.md	16	2	الثمانية	الثمانية	يُصحّح	الأحد عشر
book/الجزء-الأول/الباب-الثاني/ف01-أ-المدخل-والمخارج.md	271	2	رمز المثال	[م١-ب٢-ف١-مث١]	يُحفظ	معرّفٌ إنتاجيٌّ في المصدر؛ ويُطبع [ب٢-ف١-مث١] (يُحوَّل عند الإخراج)
book/الجزء-الأول/الباب-الثاني/ف01-أ-المدخل-والمخارج.md	277	2	رمز المثال	[م١-ب٢-ف١-مث٢]	يُحفظ	معرّفٌ إنتاجيٌّ في المصدر؛ ويُطبع [ب٢-ف١-مث٢] (يُحوَّل عند الإخراج)
book/الجزء-الأول/الباب-الثاني/ف01-أ-المدخل-والمخارج.md	283	2	رمز المثال	[م١-ب٢-ف١-مث٣]	يُحفظ	معرّفٌ إنتاجيٌّ في المصدر؛ ويُطبع [ب٢-ف١-مث٣] (يُحوَّل عند الإخراج)
book/الجزء-الأول/الباب-الثاني/ف01-أ-المدخل-والمخارج.md	287	2	رمز المثال	[م١-ب٢-ف١-مث٤]	يُحفظ	معرّفٌ إنتاجيٌّ في المصدر؛ ويُطبع [ب٢-ف١-مث٤] (يُحوَّل عند الإخراج)
book/الجزء-الأول/الباب-الثاني/ف01-أ-المدخل-والمخارج.md	293	2	رمز المثال	[م١-ب٢-ف١-مث٥]	يُحفظ	معرّفٌ إنتاجيٌّ في المصدر؛ ويُطبع [ب٢-ف١-مث٥] (يُحوَّل عند الإخراج)
book/الجزء-الأول/الباب-الثاني/ف01-أ-المدخل-والمخارج.md	297	2	رمز المثال	[م١-ب٢-ف١-مث٦]	يُحفظ	معرّفٌ إنتاجيٌّ في المصدر؛ ويُطبع [ب٢-ف١-مث٦] (يُحوَّل عند الإخراج)
book/الجزء-الأول/الباب-الثاني/ف01-أ-المدخل-والمخارج.md	301	2	رمز المثال	[م١-ب٢-ف١-مث٧]	يُحفظ	معرّفٌ إنتاجيٌّ في المصدر؛ ويُطبع [ب٢-ف١-مث٧] (يُحوَّل عند الإخراج)
book/الجزء-الأول/الباب-الثاني/ف01-أ-المدخل-والمخارج.md	309	2	رمز المثال	[م١-ب٢-ف١-مث٨]	يُحفظ	معرّفٌ إنتاجيٌّ في المصدر؛ ويُطبع [ب٢-ف١-مث٨] (يُحوَّل عند الإخراج)
book/الجزء-الأول/الباب-الثاني/ف01-أ-المدخل-والمخارج.md	313	2	رمز المثال	[م١-ب٢-ف١-مث٩]	يُحفظ	معرّفٌ إنتاجيٌّ في المصدر؛ ويُطبع [ب٢-ف١-مث٩] (يُحوَّل عند الإخراج)
book/الجزء-الأول/الباب-الثاني/ف01-أ-المدخل-والمخارج.md	317	2	رمز المثال	[م١-ب٢-ف١-مث١٠]	يُحفظ	معرّفٌ إنتاجيٌّ في المصدر؛ ويُطبع [ب٢-ف١-مث١٠] (يُحوَّل عند الإخراج)
book/الجزء-الأول/الباب-الثاني/ف01-أ-المدخل-والمخارج.md	323	2	رمز المثال	[م١-ب٢-ف١-مث١١]	يُحفظ	معرّفٌ إنتاجيٌّ في المصدر؛ ويُطبع [ب٢-ف١-مث١١] (يُحوَّل عند الإخراج)
book/الجزء-الأول/الباب-الثاني/ف01-أ-المدخل-والمخارج.md	329	2	رمز المثال	[م١-ب٢-ف١-مث١٢]	يُحفظ	معرّفٌ إنتاجيٌّ في المصدر؛ ويُطبع [ب٢-ف١-مث١٢] (يُحوَّل عند الإخراج)
book/الجزء-الأول/الباب-الثاني/ف01-أ-المدخل-والمخارج.md	333	2	رمز المثال	[م١-ب٢-ف١-مث١٣]	يُحفظ	معرّفٌ إنتاجيٌّ في المصدر؛ ويُطبع [ب٢-ف١-مث١٣] (يُحوَّل عند الإخراج)
book/الجزء-الأول/الباب-الثاني/ف01-أ-المدخل-والمخارج.md	337	2	رمز المثال	[م١-ب٢-ف١-مث١٤]	يُحفظ	معرّفٌ إنتاجيٌّ في المصدر؛ ويُطبع [ب٢-ف١-مث١٤] (يُحوَّل عند الإخراج)
book/الجزء-الأول/الباب-الثاني/ف01-أ-المدخل-والمخارج.md	344	2	رمز المثال	[م١-ب٢-ف١-مث١٥]	يُحفظ	معرّفٌ إنتاجيٌّ في المصدر؛ ويُطبع [ب٢-ف١-مث١٥] (يُحوَّل عند الإخراج)
book/الجزء-الأول/الباب-الثاني/ف01-أ-المدخل-والمخارج.md	348	2	رمز المثال	[م١-ب٢-ف١-مث١٦]	يُحفظ	معرّفٌ إنتاجيٌّ في المصدر؛ ويُطبع [ب٢-ف١-مث١٦] (يُحوَّل عند الإخراج)
book/الجزء-الأول/الباب-الثاني/ف01-أ-المدخل-والمخارج.md	352	2	رمز المثال	[م١-ب٢-ف١-مث١٧]	يُحفظ	معرّفٌ إنتاجيٌّ في المصدر؛ ويُطبع [ب٢-ف١-مث١٧] (يُحوَّل عند الإخراج)
book/الجزء-الأول/الباب-الثاني/ف01-أ-المدخل-والمخارج.md	356	2	رمز المثال	[م١-ب٢-ف١-مث١٨]	يُحفظ	معرّفٌ إنتاجيٌّ في المصدر؛ ويُطبع [ب٢-ف١-مث١٨] (يُحوَّل عند الإخراج)
book/الجزء-الأول/الباب-الثاني/ف01-أ-المدخل-والمخارج.md	364	2	رمز المثال	[م١-ب٢-ف١-مث١٩]	يُحفظ	معرّفٌ إنتاجيٌّ في المصدر؛ ويُطبع [ب٢-ف١-مث١٩] (يُحوَّل عند الإخراج)
book/الجزء-الأول/الباب-الثاني/ف01-أ-المدخل-والمخارج.md	368	2	رمز المثال	[م١-ب٢-ف١-مث٢٠]	يُحفظ	معرّفٌ إنتاجيٌّ في المصدر؛ ويُطبع [ب٢-ف١-مث٢٠] (يُحوَّل عند الإخراج)
book/الجزء-الأول/الباب-الثاني/ف01-أ-المدخل-والمخارج.md	374	2	رمز المثال	[م١-ب٢-ف١-مث٢١]	يُحفظ	معرّفٌ إنتاجيٌّ في المصدر؛ ويُطبع [ب٢-ف١-مث٢١] (يُحوَّل عند الإخراج)
book/الجزء-الأول/الباب-الثاني/ف01-أ-المدخل-والمخارج.md	380	2	رمز المثال	[م١-ب٢-ف١-مث٢٢]	يُحفظ	معرّفٌ إنتاجيٌّ في المصدر؛ ويُطبع [ب٢-ف١-مث٢٢] (يُحوَّل عند الإخراج)
book/الجزء-الأول/الباب-الثاني/ف01-أ-المدخل-والمخارج.md	391	2	رمز المثال	[م١-ب٢-ف١-مث٢٣]	يُحفظ	معرّفٌ إنتاجيٌّ في المصدر؛ ويُطبع [ب٢-ف١-مث٢٣] (يُحوَّل عند الإخراج)
book/الجزء-الأول/الباب-الثاني/ف01-أ-المدخل-والمخارج.md	393	2	رمز المثال	[م١-ب٢-ف١-مث٢٤]	يُحفظ	معرّفٌ إنتاجيٌّ في المصدر؛ ويُطبع [ب٢-ف١-مث٢٤] (يُحوَّل عند الإخراج)
book/الجزء-الأول/الباب-الثاني/ف01-أ-المدخل-والمخارج.md	395	2	رمز المثال	[م١-ب٢-ف١-مث٢٥]	يُحفظ	معرّفٌ إنتاجيٌّ في المصدر؛ ويُطبع [ب٢-ف١-مث٢٥] (يُحوَّل عند الإخراج)
book/الجزء-الأول/الباب-الثاني/ف01-أ-المدخل-والمخارج.md	397	2	رمز المثال	[م١-ب٢-ف١-مث٢٦]	يُحفظ	معرّفٌ إنتاجيٌّ في المصدر؛ ويُطبع [ب٢-ف١-مث٢٦] (يُحوَّل عند الإخراج)
book/الجزء-الأول/الباب-الثاني/ف01-أ-المدخل-والمخارج.md	399	2	رمز المثال	[م١-ب٢-ف١-مث٢٧]	يُحفظ	معرّفٌ إنتاجيٌّ في المصدر؛ ويُطبع [ب٢-ف١-مث٢٧] (يُحوَّل عند الإخراج)
book/الجزء-الأول/الباب-الثاني/ف01-أ-المدخل-والمخارج.md	403	2	رمز المثال	[م١-ب٢-ف١-مث٢٨]	يُحفظ	معرّفٌ إنتاجيٌّ في المصدر؛ ويُطبع [ب٢-ف١-مث٢٨] (يُحوَّل عند الإخراج)
book/الجزء-الأول/الباب-الثاني/ف02-أ-المدخل-والصفات.md	5	2	المستوى ن	المستوى ١	يُصحّح	المستوى 2
book/الجزء-الأول/الباب-الثاني/ف02-أ-المدخل-والصفات.md	221	2	رمز المثال	[م١-ب٢-ف٢-مث١]	يُحفظ	معرّفٌ إنتاجيٌّ في المصدر؛ ويُطبع [ب٢-ف٢-مث١] (يُحوَّل عند الإخراج)
book/الجزء-الأول/الباب-الثاني/ف02-أ-المدخل-والصفات.md	227	2	رمز المثال	[م١-ب٢-ف٢-مث٢]	يُحفظ	معرّفٌ إنتاجيٌّ في المصدر؛ ويُطبع [ب٢-ف٢-مث٢] (يُحوَّل عند الإخراج)
book/الجزء-الأول/الباب-الثاني/ف02-أ-المدخل-والصفات.md	231	2	رمز المثال	[م١-ب٢-ف٢-مث٣]	يُحفظ	معرّفٌ إنتاجيٌّ في المصدر؛ ويُطبع [ب٢-ف٢-مث٣] (يُحوَّل عند الإخراج)
book/الجزء-الأول/الباب-الثاني/ف02-أ-المدخل-والصفات.md	235	2	رمز المثال	[م١-ب٢-ف٢-مث٤]	يُحفظ	معرّفٌ إنتاجيٌّ في المصدر؛ ويُطبع [ب٢-ف٢-مث٤] (يُحوَّل عند الإخراج)
book/الجزء-الأول/الباب-الثاني/ف02-أ-المدخل-والصفات.md	239	2	رمز المثال	[م١-ب٢-ف٢-مث٥]	يُحفظ	معرّفٌ إنتاجيٌّ في المصدر؛ ويُطبع [ب٢-ف٢-مث٥] (يُحوَّل عند الإخراج)
book/الجزء-الأول/الباب-الثاني/ف02-أ-المدخل-والصفات.md	245	2	رمز المثال	[م١-ب٢-ف٢-مث٦]	يُحفظ	معرّفٌ إنتاجيٌّ في المصدر؛ ويُطبع [ب٢-ف٢-مث٦] (يُحوَّل عند الإخراج)
book/الجزء-الأول/الباب-الثاني/ف02-أ-المدخل-والصفات.md	251	2	رمز المثال	[م١-ب٢-ف٢-مث٧]	يُحفظ	معرّفٌ إنتاجيٌّ في المصدر؛ ويُطبع [ب٢-ف٢-مث٧] (يُحوَّل عند الإخراج)
book/الجزء-الأول/الباب-الثاني/ف02-أ-المدخل-والصفات.md	259	2	رمز المثال	[م١-ب٢-ف٢-مث٨]	يُحفظ	معرّفٌ إنتاجيٌّ في المصدر؛ ويُطبع [ب٢-ف٢-مث٨] (يُحوَّل عند الإخراج)
book/الجزء-الأول/الباب-الثاني/ف02-أ-المدخل-والصفات.md	263	2	رمز المثال	[م١-ب٢-ف٢-مث٩]	يُحفظ	معرّفٌ إنتاجيٌّ في المصدر؛ ويُطبع [ب٢-ف٢-مث٩] (يُحوَّل عند الإخراج)
book/الجزء-الأول/الباب-الثاني/ف02-أ-المدخل-والصفات.md	267	2	رمز المثال	[م١-ب٢-ف٢-مث١٠]	يُحفظ	معرّفٌ إنتاجيٌّ في المصدر؛ ويُطبع [ب٢-ف٢-مث١٠] (يُحوَّل عند الإخراج)
book/الجزء-الأول/الباب-الثاني/ف02-أ-المدخل-والصفات.md	271	2	رمز المثال	[م١-ب٢-ف٢-مث١١]	يُحفظ	معرّفٌ إنتاجيٌّ في المصدر؛ ويُطبع [ب٢-ف٢-مث١١] (يُحوَّل عند الإخراج)
book/الجزء-الأول/الباب-الثاني/ف02-أ-المدخل-والصفات.md	275	2	رمز المثال	[م١-ب٢-ف٢-مث١٢]	يُحفظ	معرّفٌ إنتاجيٌّ في المصدر؛ ويُطبع [ب٢-ف٢-مث١٢] (يُحوَّل عند الإخراج)
book/الجزء-الأول/الباب-الثاني/ف02-أ-المدخل-والصفات.md	279	2	رمز المثال	[م١-ب٢-ف٢-مث١٣]	يُحفظ	معرّفٌ إنتاجيٌّ في المصدر؛ ويُطبع [ب٢-ف٢-مث١٣] (يُحوَّل عند الإخراج)
book/الجزء-الأول/الباب-الثاني/ف02-أ-المدخل-والصفات.md	285	2	رمز المثال	[م١-ب٢-ف٢-مث١٤]	يُحفظ	معرّفٌ إنتاجيٌّ في المصدر؛ ويُطبع [ب٢-ف٢-مث١٤] (يُحوَّل عند الإخراج)
book/الجزء-الأول/الباب-الثاني/ف02-أ-المدخل-والصفات.md	292	2	رمز المثال	[م١-ب٢-ف٢-مث١٥]	يُحفظ	معرّفٌ إنتاجيٌّ في المصدر؛ ويُطبع [ب٢-ف٢-مث١٥] (يُحوَّل عند الإخراج)
book/الجزء-الأول/الباب-الثاني/ف02-أ-المدخل-والصفات.md	296	2	رمز المثال	[م١-ب٢-ف٢-مث١٦]	يُحفظ	معرّفٌ إنتاجيٌّ في المصدر؛ ويُطبع [ب٢-ف٢-مث١٦] (يُحوَّل عند الإخراج)
book/الجزء-الأول/الباب-الثاني/ف02-أ-المدخل-والصفات.md	302	2	رمز المثال	[م١-ب٢-ف٢-مث١٧]	يُحفظ	معرّفٌ إنتاجيٌّ في المصدر؛ ويُطبع [ب٢-ف٢-مث١٧] (يُحوَّل عند الإخراج)
book/الجزء-الأول/الباب-الثاني/ف02-أ-المدخل-والصفات.md	306	2	رمز المثال	[م١-ب٢-ف٢-مث١٨]	يُحفظ	معرّفٌ إنتاجيٌّ في المصدر؛ ويُطبع [ب٢-ف٢-مث١٨] (يُحوَّل عند الإخراج)
book/الجزء-الأول/الباب-الثاني/ف02-أ-المدخل-والصفات.md	314	2	رمز المثال	[م١-ب٢-ف٢-مث١٩]	يُحفظ	معرّفٌ إنتاجيٌّ في المصدر؛ ويُطبع [ب٢-ف٢-مث١٩] (يُحوَّل عند الإخراج)
book/الجزء-الأول/الباب-الثاني/ف02-أ-المدخل-والصفات.md	318	2	رمز المثال	[م١-ب٢-ف٢-مث٢٠]	يُحفظ	معرّفٌ إنتاجيٌّ في المصدر؛ ويُطبع [ب٢-ف٢-مث٢٠] (يُحوَّل عند الإخراج)
book/الجزء-الأول/الباب-الثاني/ف02-أ-المدخل-والصفات.md	326	2	رمز المثال	[م١-ب٢-ف٢-مث٢١]	يُحفظ	معرّفٌ إنتاجيٌّ في المصدر؛ ويُطبع [ب٢-ف٢-مث٢١] (يُحوَّل عند الإخراج)
book/الجزء-الأول/الباب-الثاني/ف02-أ-المدخل-والصفات.md	330	2	رمز المثال	[م١-ب٢-ف٢-مث٢٢]	يُحفظ	معرّفٌ إنتاجيٌّ في المصدر؛ ويُطبع [ب٢-ف٢-مث٢٢] (يُحوَّل عند الإخراج)
book/الجزء-الأول/الباب-الثاني/ف02-أ-المدخل-والصفات.md	334	2	رمز المثال	[م١-ب٢-ف٢-مث٢٣]	يُحفظ	معرّفٌ إنتاجيٌّ في المصدر؛ ويُطبع [ب٢-ف٢-مث٢٣] (يُحوَّل عند الإخراج)
book/الجزء-الأول/الباب-الثاني/ف02-أ-المدخل-والصفات.md	342	2	رمز المثال	[م١-ب٢-ف٢-مث٢٤]	يُحفظ	معرّفٌ إنتاجيٌّ في المصدر؛ ويُطبع [ب٢-ف٢-مث٢٤] (يُحوَّل عند الإخراج)
book/الجزء-الأول/الباب-الثاني/ف02-أ-المدخل-والصفات.md	344	2	رمز المثال	[م١-ب٢-ف٢-مث٢٥]	يُحفظ	معرّفٌ إنتاجيٌّ في المصدر؛ ويُطبع [ب٢-ف٢-مث٢٥] (يُحوَّل عند الإخراج)
book/الجزء-الأول/الباب-الثاني/ف02-أ-المدخل-والصفات.md	346	2	رمز المثال	[م١-ب٢-ف٢-مث٢٦]	يُحفظ	معرّفٌ إنتاجيٌّ في المصدر؛ ويُطبع [ب٢-ف٢-مث٢٦] (يُحوَّل عند الإخراج)
book/الجزء-الأول/الباب-الثاني/ف02-أ-المدخل-والصفات.md	348	2	رمز المثال	[م١-ب٢-ف٢-مث٢٧]	يُحفظ	معرّفٌ إنتاجيٌّ في المصدر؛ ويُطبع [ب٢-ف٢-مث٢٧] (يُحوَّل عند الإخراج)
book/الجزء-الأول/الباب-الثاني/ف02-أ-المدخل-والصفات.md	350	2	رمز المثال	[م١-ب٢-ف٢-مث٢٨]	يُحفظ	معرّفٌ إنتاجيٌّ في المصدر؛ ويُطبع [ب٢-ف٢-مث٢٨] (يُحوَّل عند الإخراج)
book/الجزء-الأول/الباب-الثاني/ف02-أ-المدخل-والصفات.md	354	2	رمز المثال	[م١-ب٢-ف٢-مث٢٩]	يُحفظ	معرّفٌ إنتاجيٌّ في المصدر؛ ويُطبع [ب٢-ف٢-مث٢٩] (يُحوَّل عند الإخراج)
book/الجزء-الأول/الباب-الثاني/ف02-ب-التطبيق-والتقويم.md	291	2	الثمانية	الثمانية	يُصحّح	الأحد عشر
book/الجزء-الأول/الباب-الثاني/ف03-أ-المدخل-والأصوات-الخمسة.md	5	2	المستوى ن	المستوى ١	يُصحّح	المستوى 2
book/الجزء-الأول/الباب-الثاني/ف03-ب-الدرس-الثاني-والأزواج.md	86	2	رمز المثال	[م١-ب٢-ف٣-مث١]	يُحفظ	معرّفٌ إنتاجيٌّ في المصدر؛ ويُطبع [ب٢-ف٣-مث١] (يُحوَّل عند الإخراج)
book/الجزء-الأول/الباب-الثاني/ف03-ب-الدرس-الثاني-والأزواج.md	92	2	رمز المثال	[م١-ب٢-ف٣-مث٢]	يُحفظ	معرّفٌ إنتاجيٌّ في المصدر؛ ويُطبع [ب٢-ف٣-مث٢] (يُحوَّل عند الإخراج)
book/الجزء-الأول/الباب-الثاني/ف03-ب-الدرس-الثاني-والأزواج.md	96	2	رمز المثال	[م١-ب٢-ف٣-مث٣]	يُحفظ	معرّفٌ إنتاجيٌّ في المصدر؛ ويُطبع [ب٢-ف٣-مث٣] (يُحوَّل عند الإخراج)
book/الجزء-الأول/الباب-الثاني/ف03-ب-الدرس-الثاني-والأزواج.md	102	2	رمز المثال	[م١-ب٢-ف٣-مث٤]	يُحفظ	معرّفٌ إنتاجيٌّ في المصدر؛ ويُطبع [ب٢-ف٣-مث٤] (يُحوَّل عند الإخراج)
book/الجزء-الأول/الباب-الثاني/ف03-ب-الدرس-الثاني-والأزواج.md	110	2	رمز المثال	[م١-ب٢-ف٣-مث٥]	يُحفظ	معرّفٌ إنتاجيٌّ في المصدر؛ ويُطبع [ب٢-ف٣-مث٥] (يُحوَّل عند الإخراج)
book/الجزء-الأول/الباب-الثاني/ف03-ب-الدرس-الثاني-والأزواج.md	114	2	رمز المثال	[م١-ب٢-ف٣-مث٦]	يُحفظ	معرّفٌ إنتاجيٌّ في المصدر؛ ويُطبع [ب٢-ف٣-مث٦] (يُحوَّل عند الإخراج)
book/الجزء-الأول/الباب-الثاني/ف03-ب-الدرس-الثاني-والأزواج.md	120	2	رمز المثال	[م١-ب٢-ف٣-مث٧]	يُحفظ	معرّفٌ إنتاجيٌّ في المصدر؛ ويُطبع [ب٢-ف٣-مث٧] (يُحوَّل عند الإخراج)
book/الجزء-الأول/الباب-الثاني/ف03-ب-الدرس-الثاني-والأزواج.md	128	2	رمز المثال	[م١-ب٢-ف٣-مث٨]	يُحفظ	معرّفٌ إنتاجيٌّ في المصدر؛ ويُطبع [ب٢-ف٣-مث٨] (يُحوَّل عند الإخراج)
book/الجزء-الأول/الباب-الثاني/ف03-ب-الدرس-الثاني-والأزواج.md	134	2	رمز المثال	[م١-ب٢-ف٣-مث٩]	يُحفظ	معرّفٌ إنتاجيٌّ في المصدر؛ ويُطبع [ب٢-ف٣-مث٩] (يُحوَّل عند الإخراج)
book/الجزء-الأول/الباب-الثاني/ف03-ب-الدرس-الثاني-والأزواج.md	140	2	رمز المثال	[م١-ب٢-ف٣-مث١٠]	يُحفظ	معرّفٌ إنتاجيٌّ في المصدر؛ ويُطبع [ب٢-ف٣-مث١٠] (يُحوَّل عند الإخراج)
book/الجزء-الأول/الباب-الثاني/ف03-ب-الدرس-الثاني-والأزواج.md	146	2	رمز المثال	[م١-ب٢-ف٣-مث١١]	يُحفظ	معرّفٌ إنتاجيٌّ في المصدر؛ ويُطبع [ب٢-ف٣-مث١١] (يُحوَّل عند الإخراج)
book/الجزء-الأول/الباب-الثاني/ف03-ب-الدرس-الثاني-والأزواج.md	150	2	رمز المثال	[م١-ب٢-ف٣-مث١٢]	يُحفظ	معرّفٌ إنتاجيٌّ في المصدر؛ ويُطبع [ب٢-ف٣-مث١٢] (يُحوَّل عند الإخراج)
book/الجزء-الأول/الباب-الثاني/ف03-ب-الدرس-الثاني-والأزواج.md	154	2	رمز المثال	[م١-ب٢-ف٣-مث١٣]	يُحفظ	معرّفٌ إنتاجيٌّ في المصدر؛ ويُطبع [ب٢-ف٣-مث١٣] (يُحوَّل عند الإخراج)
book/الجزء-الأول/الباب-الثاني/ف03-ب-الدرس-الثاني-والأزواج.md	161	2	رمز المثال	[م١-ب٢-ف٣-مث١٤]	يُحفظ	معرّفٌ إنتاجيٌّ في المصدر؛ ويُطبع [ب٢-ف٣-مث١٤] (يُحوَّل عند الإخراج)
book/الجزء-الأول/الباب-الثاني/ف03-ب-الدرس-الثاني-والأزواج.md	165	2	رمز المثال	[م١-ب٢-ف٣-مث١٥]	يُحفظ	معرّفٌ إنتاجيٌّ في المصدر؛ ويُطبع [ب٢-ف٣-مث١٥] (يُحوَّل عند الإخراج)
book/الجزء-الأول/الباب-الثاني/ف03-ب-الدرس-الثاني-والأزواج.md	173	2	رمز المثال	[م١-ب٢-ف٣-مث١٦]	يُحفظ	معرّفٌ إنتاجيٌّ في المصدر؛ ويُطبع [ب٢-ف٣-مث١٦] (يُحوَّل عند الإخراج)
book/الجزء-الأول/الباب-الثاني/ف03-ب-الدرس-الثاني-والأزواج.md	181	2	رمز المثال	[م١-ب٢-ف٣-مث١٧]	يُحفظ	معرّفٌ إنتاجيٌّ في المصدر؛ ويُطبع [ب٢-ف٣-مث١٧] (يُحوَّل عند الإخراج)
book/الجزء-الأول/الباب-الثاني/ف04-أ-المدخل-والأزواج.md	5	2	المستوى ن	المستوى ١	يُصحّح	المستوى 2
book/الجزء-الأول/الباب-الثاني/ف04-أ-المدخل-والأزواج.md	196	2	رمز المثال	[م١-ب٢-ف٤-مث١]	يُحفظ	معرّفٌ إنتاجيٌّ في المصدر؛ ويُطبع [ب٢-ف٤-مث١] (يُحوَّل عند الإخراج)
book/الجزء-الأول/الباب-الثاني/ف04-أ-المدخل-والأزواج.md	200	2	رمز المثال	[م١-ب٢-ف٤-مث٢]	يُحفظ	معرّفٌ إنتاجيٌّ في المصدر؛ ويُطبع [ب٢-ف٤-مث٢] (يُحوَّل عند الإخراج)
book/الجزء-الأول/الباب-الثاني/ف04-أ-المدخل-والأزواج.md	204	2	رمز المثال	[م١-ب٢-ف٤-مث٣]	يُحفظ	معرّفٌ إنتاجيٌّ في المصدر؛ ويُطبع [ب٢-ف٤-مث٣] (يُحوَّل عند الإخراج)
book/الجزء-الأول/الباب-الثاني/ف04-أ-المدخل-والأزواج.md	208	2	رمز المثال	[م١-ب٢-ف٤-مث٤]	يُحفظ	معرّفٌ إنتاجيٌّ في المصدر؛ ويُطبع [ب٢-ف٤-مث٤] (يُحوَّل عند الإخراج)
book/الجزء-الأول/الباب-الثاني/ف04-أ-المدخل-والأزواج.md	214	2	رمز المثال	[م١-ب٢-ف٤-مث٥]	يُحفظ	معرّفٌ إنتاجيٌّ في المصدر؛ ويُطبع [ب٢-ف٤-مث٥] (يُحوَّل عند الإخراج)
book/الجزء-الأول/الباب-الثاني/ف04-أ-المدخل-والأزواج.md	220	2	رمز المثال	[م١-ب٢-ف٤-مث٦]	يُحفظ	معرّفٌ إنتاجيٌّ في المصدر؛ ويُطبع [ب٢-ف٤-مث٦] (يُحوَّل عند الإخراج)
book/الجزء-الأول/الباب-الثاني/ف04-أ-المدخل-والأزواج.md	224	2	رمز المثال	[م١-ب٢-ف٤-مث٧]	يُحفظ	معرّفٌ إنتاجيٌّ في المصدر؛ ويُطبع [ب٢-ف٤-مث٧] (يُحوَّل عند الإخراج)
book/الجزء-الأول/الباب-الثاني/ف04-أ-المدخل-والأزواج.md	228	2	رمز المثال	[م١-ب٢-ف٤-مث٨]	يُحفظ	معرّفٌ إنتاجيٌّ في المصدر؛ ويُطبع [ب٢-ف٤-مث٨] (يُحوَّل عند الإخراج)
book/الجزء-الأول/الباب-الثاني/ف04-أ-المدخل-والأزواج.md	232	2	رمز المثال	[م١-ب٢-ف٤-مث٩]	يُحفظ	معرّفٌ إنتاجيٌّ في المصدر؛ ويُطبع [ب٢-ف٤-مث٩] (يُحوَّل عند الإخراج)
book/الجزء-الأول/الباب-الثاني/ف04-أ-المدخل-والأزواج.md	238	2	رمز المثال	[م١-ب٢-ف٤-مث١٠]	يُحفظ	معرّفٌ إنتاجيٌّ في المصدر؛ ويُطبع [ب٢-ف٤-مث١٠] (يُحوَّل عند الإخراج)
book/الجزء-الأول/الباب-الثاني/ف04-أ-المدخل-والأزواج.md	244	2	رمز المثال	[م١-ب٢-ف٤-مث١١]	يُحفظ	معرّفٌ إنتاجيٌّ في المصدر؛ ويُطبع [ب٢-ف٤-مث١١] (يُحوَّل عند الإخراج)
book/الجزء-الأول/الباب-الثاني/ف04-أ-المدخل-والأزواج.md	248	2	رمز المثال	[م١-ب٢-ف٤-مث١٢]	يُحفظ	معرّفٌ إنتاجيٌّ في المصدر؛ ويُطبع [ب٢-ف٤-مث١٢] (يُحوَّل عند الإخراج)
book/الجزء-الأول/الباب-الثاني/ف04-أ-المدخل-والأزواج.md	254	2	رمز المثال	[م١-ب٢-ف٤-مث١٣]	يُحفظ	معرّفٌ إنتاجيٌّ في المصدر؛ ويُطبع [ب٢-ف٤-مث١٣] (يُحوَّل عند الإخراج)
book/الجزء-الأول/الباب-الثاني/ف04-أ-المدخل-والأزواج.md	260	2	رمز المثال	[م١-ب٢-ف٤-مث١٤]	يُحفظ	معرّفٌ إنتاجيٌّ في المصدر؛ ويُطبع [ب٢-ف٤-مث١٤] (يُحوَّل عند الإخراج)
book/الجزء-الأول/الباب-الثاني/ف04-أ-المدخل-والأزواج.md	264	2	رمز المثال	[م١-ب٢-ف٤-مث١٥]	يُحفظ	معرّفٌ إنتاجيٌّ في المصدر؛ ويُطبع [ب٢-ف٤-مث١٥] (يُحوَّل عند الإخراج)
book/الجزء-الأول/الباب-الثاني/ف04-أ-المدخل-والأزواج.md	270	2	رمز المثال	[م١-ب٢-ف٤-مث١٦]	يُحفظ	معرّفٌ إنتاجيٌّ في المصدر؛ ويُطبع [ب٢-ف٤-مث١٦] (يُحوَّل عند الإخراج)
book/الجزء-الأول/الباب-الثاني/ف04-أ-المدخل-والأزواج.md	276	2	رمز المثال	[م١-ب٢-ف٤-مث١٧]	يُحفظ	معرّفٌ إنتاجيٌّ في المصدر؛ ويُطبع [ب٢-ف٤-مث١٧] (يُحوَّل عند الإخراج)
book/الجزء-الأول/الباب-الثاني/ف04-أ-المدخل-والأزواج.md	284	2	رمز المثال	[م١-ب٢-ف٤-مث١٨]	يُحفظ	معرّفٌ إنتاجيٌّ في المصدر؛ ويُطبع [ب٢-ف٤-مث١٨] (يُحوَّل عند الإخراج)
book/الجزء-الأول/الباب-الثاني/ف05-أ-المدخل-وأصوات-الحلق.md	5	2	الثمانية	الثمانية	يُصحّح	الأحد عشر
book/الجزء-الأول/الباب-الثاني/ف05-أ-المدخل-وأصوات-الحلق.md	5	2	المستوى ن	المستوى ١	يُصحّح	المستوى 2
book/الجزء-الأول/الباب-الثاني/ف05-أ-المدخل-وأصوات-الحلق.md	15	2	الثمانية	الثمانية	يُصحّح	الأحد عشر
book/الجزء-الأول/الباب-الثاني/ف05-أ-المدخل-وأصوات-الحلق.md	22	2	الثمانية	الثمانية	يُصحّح	الأحد عشر
book/الجزء-الأول/الباب-الثاني/ف05-أ-المدخل-وأصوات-الحلق.md	69	2	الثمانية	الثمانية	يُصحّح	الأحد عشر
book/الجزء-الأول/الباب-الثاني/ف05-ب-الدرس-الثاني-والأزواج.md	9	2	الثمانية	الثمانية	يُصحّح	الأحد عشر
book/الجزء-الأول/الباب-الثاني/ف05-ب-الدرس-الثاني-والأزواج.md	86	2	رمز المثال	[م١-ب٢-ف٥-مث١]	يُحفظ	معرّفٌ إنتاجيٌّ في المصدر؛ ويُطبع [ب٢-ف٥-مث١] (يُحوَّل عند الإخراج)
book/الجزء-الأول/الباب-الثاني/ف05-ب-الدرس-الثاني-والأزواج.md	90	2	رمز المثال	[م١-ب٢-ف٥-مث٢]	يُحفظ	معرّفٌ إنتاجيٌّ في المصدر؛ ويُطبع [ب٢-ف٥-مث٢] (يُحوَّل عند الإخراج)
book/الجزء-الأول/الباب-الثاني/ف05-ب-الدرس-الثاني-والأزواج.md	96	2	رمز المثال	[م١-ب٢-ف٥-مث٣]	يُحفظ	معرّفٌ إنتاجيٌّ في المصدر؛ ويُطبع [ب٢-ف٥-مث٣] (يُحوَّل عند الإخراج)
book/الجزء-الأول/الباب-الثاني/ف05-ب-الدرس-الثاني-والأزواج.md	100	2	رمز المثال	[م١-ب٢-ف٥-مث٤]	يُحفظ	معرّفٌ إنتاجيٌّ في المصدر؛ ويُطبع [ب٢-ف٥-مث٤] (يُحوَّل عند الإخراج)
book/الجزء-الأول/الباب-الثاني/ف05-ب-الدرس-الثاني-والأزواج.md	108	2	رمز المثال	[م١-ب٢-ف٥-مث٥]	يُحفظ	معرّفٌ إنتاجيٌّ في المصدر؛ ويُطبع [ب٢-ف٥-مث٥] (يُحوَّل عند الإخراج)
book/الجزء-الأول/الباب-الثاني/ف05-ب-الدرس-الثاني-والأزواج.md	112	2	رمز المثال	[م١-ب٢-ف٥-مث٦]	يُحفظ	معرّفٌ إنتاجيٌّ في المصدر؛ ويُطبع [ب٢-ف٥-مث٦] (يُحوَّل عند الإخراج)
book/الجزء-الأول/الباب-الثاني/ف05-ب-الدرس-الثاني-والأزواج.md	116	2	رمز المثال	[م١-ب٢-ف٥-مث٧]	يُحفظ	معرّفٌ إنتاجيٌّ في المصدر؛ ويُطبع [ب٢-ف٥-مث٧] (يُحوَّل عند الإخراج)
book/الجزء-الأول/الباب-الثاني/ف05-ب-الدرس-الثاني-والأزواج.md	120	2	رمز المثال	[م١-ب٢-ف٥-مث٨]	يُحفظ	معرّفٌ إنتاجيٌّ في المصدر؛ ويُطبع [ب٢-ف٥-مث٨] (يُحوَّل عند الإخراج)
book/الجزء-الأول/الباب-الثاني/ف05-ب-الدرس-الثاني-والأزواج.md	126	2	رمز المثال	[م١-ب٢-ف٥-مث٩]	يُحفظ	معرّفٌ إنتاجيٌّ في المصدر؛ ويُطبع [ب٢-ف٥-مث٩] (يُحوَّل عند الإخراج)
book/الجزء-الأول/الباب-الثاني/ف05-ب-الدرس-الثاني-والأزواج.md	132	2	رمز المثال	[م١-ب٢-ف٥-مث١٠]	يُحفظ	معرّفٌ إنتاجيٌّ في المصدر؛ ويُطبع [ب٢-ف٥-مث١٠] (يُحوَّل عند الإخراج)
book/الجزء-الأول/الباب-الثاني/ف05-ب-الدرس-الثاني-والأزواج.md	136	2	رمز المثال	[م١-ب٢-ف٥-مث١١]	يُحفظ	معرّفٌ إنتاجيٌّ في المصدر؛ ويُطبع [ب٢-ف٥-مث١١] (يُحوَّل عند الإخراج)
book/الجزء-الأول/الباب-الثاني/ف05-ب-الدرس-الثاني-والأزواج.md	140	2	رمز المثال	[م١-ب٢-ف٥-مث١٢]	يُحفظ	معرّفٌ إنتاجيٌّ في المصدر؛ ويُطبع [ب٢-ف٥-مث١٢] (يُحوَّل عند الإخراج)
book/الجزء-الأول/الباب-الثاني/ف05-ب-الدرس-الثاني-والأزواج.md	146	2	رمز المثال	[م١-ب٢-ف٥-مث١٣]	يُحفظ	معرّفٌ إنتاجيٌّ في المصدر؛ ويُطبع [ب٢-ف٥-مث١٣] (يُحوَّل عند الإخراج)
book/الجزء-الأول/الباب-الثاني/ف05-ب-الدرس-الثاني-والأزواج.md	152	2	رمز المثال	[م١-ب٢-ف٥-مث١٤]	يُحفظ	معرّفٌ إنتاجيٌّ في المصدر؛ ويُطبع [ب٢-ف٥-مث١٤] (يُحوَّل عند الإخراج)
book/الجزء-الأول/الباب-الثاني/ف05-ب-الدرس-الثاني-والأزواج.md	156	2	الثمانية	الثمانية	يُصحّح	الأحد عشر
book/الجزء-الأول/الباب-الثاني/ف05-ب-الدرس-الثاني-والأزواج.md	160	2	رمز المثال	[م١-ب٢-ف٥-مث١٥]	يُحفظ	معرّفٌ إنتاجيٌّ في المصدر؛ ويُطبع [ب٢-ف٥-مث١٥] (يُحوَّل عند الإخراج)
book/الجزء-الأول/الباب-الثاني/ف05-ب-الدرس-الثاني-والأزواج.md	166	2	الثمانية	الثمانية	يُصحّح	الأحد عشر
book/الجزء-الأول/الباب-الثاني/ف05-ج-التطبيق-والتقويم.md	5	2	الثمانية	الثمانية	يُصحّح	الأحد عشر
book/الجزء-الأول/الباب-الثاني/ف05-ج-التطبيق-والتقويم.md	295	2	الثمانية	الثمانية	يُصحّح	الأحد عشر
book/الجزء-الأول/الباب-الثاني/ف05-ج-التطبيق-والتقويم.md	332	2	الثمانية	الثمانية	يُصحّح	الأحد عشر
book/الجزء-الأول/الباب-الثاني/ف05-ج-التطبيق-والتقويم.md	351	2	الثمانية	الثمانية	يُصحّح	الأحد عشر
book/الجزء-الأول/الباب-الثاني/ف06-أ-المدخل-وحروف-الذلاقة.md	5	2	المستوى ن	المستوى ١	يُصحّح	المستوى 2
book/الجزء-الأول/الباب-الثاني/ف06-أ-المدخل-وحروف-الذلاقة.md	204	2	إحالة	في الباب الأول	يُصحّح	يُزاد المجلد: «في المجلد 1، …»
book/الجزء-الأول/الباب-الثاني/ف06-أ-المدخل-وحروف-الذلاقة.md	204	2	إحالة	انظر الباب الأول، الفصل الأول	يُصحّح	يُزاد المجلد: «في المجلد 1، …»
book/الجزء-الأول/الباب-الثاني/ف06-أ-المدخل-وحروف-الذلاقة.md	220	2	رمز المثال	[م١-ب٢-ف٦-مث١]	يُحفظ	معرّفٌ إنتاجيٌّ في المصدر؛ ويُطبع [ب٢-ف٦-مث١] (يُحوَّل عند الإخراج)
book/الجزء-الأول/الباب-الثاني/ف06-أ-المدخل-وحروف-الذلاقة.md	224	2	رمز المثال	[م١-ب٢-ف٦-مث٢]	يُحفظ	معرّفٌ إنتاجيٌّ في المصدر؛ ويُطبع [ب٢-ف٦-مث٢] (يُحوَّل عند الإخراج)
book/الجزء-الأول/الباب-الثاني/ف06-أ-المدخل-وحروف-الذلاقة.md	230	2	رمز المثال	[م١-ب٢-ف٦-مث٣]	يُحفظ	معرّفٌ إنتاجيٌّ في المصدر؛ ويُطبع [ب٢-ف٦-مث٣] (يُحوَّل عند الإخراج)
book/الجزء-الأول/الباب-الثاني/ف06-أ-المدخل-وحروف-الذلاقة.md	236	2	رمز المثال	[م١-ب٢-ف٦-مث٤]	يُحفظ	معرّفٌ إنتاجيٌّ في المصدر؛ ويُطبع [ب٢-ف٦-مث٤] (يُحوَّل عند الإخراج)
book/الجزء-الأول/الباب-الثاني/ف06-أ-المدخل-وحروف-الذلاقة.md	240	2	رمز المثال	[م١-ب٢-ف٦-مث٥]	يُحفظ	معرّفٌ إنتاجيٌّ في المصدر؛ ويُطبع [ب٢-ف٦-مث٥] (يُحوَّل عند الإخراج)
book/الجزء-الأول/الباب-الثاني/ف06-أ-المدخل-وحروف-الذلاقة.md	246	2	رمز المثال	[م١-ب٢-ف٦-مث٦]	يُحفظ	معرّفٌ إنتاجيٌّ في المصدر؛ ويُطبع [ب٢-ف٦-مث٦] (يُحوَّل عند الإخراج)
book/الجزء-الأول/الباب-الثاني/ف06-أ-المدخل-وحروف-الذلاقة.md	250	2	رمز المثال	[م١-ب٢-ف٦-مث٧]	يُحفظ	معرّفٌ إنتاجيٌّ في المصدر؛ ويُطبع [ب٢-ف٦-مث٧] (يُحوَّل عند الإخراج)
book/الجزء-الأول/الباب-الثاني/ف06-أ-المدخل-وحروف-الذلاقة.md	254	2	رمز المثال	[م١-ب٢-ف٦-مث٨]	يُحفظ	معرّفٌ إنتاجيٌّ في المصدر؛ ويُطبع [ب٢-ف٦-مث٨] (يُحوَّل عند الإخراج)
book/الجزء-الأول/الباب-الثاني/ف06-أ-المدخل-وحروف-الذلاقة.md	258	2	رمز المثال	[م١-ب٢-ف٦-مث٩]	يُحفظ	معرّفٌ إنتاجيٌّ في المصدر؛ ويُطبع [ب٢-ف٦-مث٩] (يُحوَّل عند الإخراج)
book/الجزء-الأول/الباب-الثاني/ف06-أ-المدخل-وحروف-الذلاقة.md	264	2	رمز المثال	[م١-ب٢-ف٦-مث١٠]	يُحفظ	معرّفٌ إنتاجيٌّ في المصدر؛ ويُطبع [ب٢-ف٦-مث١٠] (يُحوَّل عند الإخراج)
book/الجزء-الأول/الباب-الثاني/ف06-أ-المدخل-وحروف-الذلاقة.md	272	2	رمز المثال	[م١-ب٢-ف٦-مث١١]	يُحفظ	معرّفٌ إنتاجيٌّ في المصدر؛ ويُطبع [ب٢-ف٦-مث١١] (يُحوَّل عند الإخراج)
book/الجزء-الأول/الباب-الثاني/ف06-أ-المدخل-وحروف-الذلاقة.md	276	2	رمز المثال	[م١-ب٢-ف٦-مث١٢]	يُحفظ	معرّفٌ إنتاجيٌّ في المصدر؛ ويُطبع [ب٢-ف٦-مث١٢] (يُحوَّل عند الإخراج)
book/الجزء-الأول/الباب-الثاني/ف06-أ-المدخل-وحروف-الذلاقة.md	280	2	رمز المثال	[م١-ب٢-ف٦-مث١٣]	يُحفظ	معرّفٌ إنتاجيٌّ في المصدر؛ ويُطبع [ب٢-ف٦-مث١٣] (يُحوَّل عند الإخراج)
book/الجزء-الأول/الباب-الثاني/ف06-أ-المدخل-وحروف-الذلاقة.md	284	2	رمز المثال	[م١-ب٢-ف٦-مث١٤]	يُحفظ	معرّفٌ إنتاجيٌّ في المصدر؛ ويُطبع [ب٢-ف٦-مث١٤] (يُحوَّل عند الإخراج)
book/الجزء-الأول/الباب-الثاني/ف06-أ-المدخل-وحروف-الذلاقة.md	290	2	رمز المثال	[م١-ب٢-ف٦-مث١٥]	يُحفظ	معرّفٌ إنتاجيٌّ في المصدر؛ ويُطبع [ب٢-ف٦-مث١٥] (يُحوَّل عند الإخراج)
book/الجزء-الأول/الباب-الثاني/ف06-ب-التطبيق-والتقويم.md	322	2	إحالة	في الباب الأول	يُصحّح	يُزاد المجلد: «في المجلد 1، …»
book/الجزء-الأول/الباب-الثاني/ف07-أ-المدخل-والدرسان.md	5	2	المستوى ن	المستوى ١	يُصحّح	المستوى 2
book/الجزء-الأول/الباب-الثاني/ف07-أ-المدخل-والدرسان.md	221	2	رمز المثال	[م١-ب٢-ف٧-مث١]	يُحفظ	معرّفٌ إنتاجيٌّ في المصدر؛ ويُطبع [ب٢-ف٧-مث١] (يُحوَّل عند الإخراج)
book/الجزء-الأول/الباب-الثاني/ف07-أ-المدخل-والدرسان.md	226	2	رمز المثال	[م١-ب٢-ف٧-مث٢]	يُحفظ	معرّفٌ إنتاجيٌّ في المصدر؛ ويُطبع [ب٢-ف٧-مث٢] (يُحوَّل عند الإخراج)
book/الجزء-الأول/الباب-الثاني/ف07-أ-المدخل-والدرسان.md	230	2	رمز المثال	[م١-ب٢-ف٧-مث٣]	يُحفظ	معرّفٌ إنتاجيٌّ في المصدر؛ ويُطبع [ب٢-ف٧-مث٣] (يُحوَّل عند الإخراج)
book/الجزء-الأول/الباب-الثاني/ف07-أ-المدخل-والدرسان.md	235	2	رمز المثال	[م١-ب٢-ف٧-مث٤]	يُحفظ	معرّفٌ إنتاجيٌّ في المصدر؛ ويُطبع [ب٢-ف٧-مث٤] (يُحوَّل عند الإخراج)
book/الجزء-الأول/الباب-الثاني/ف07-أ-المدخل-والدرسان.md	239	2	رمز المثال	[م١-ب٢-ف٧-مث٥]	يُحفظ	معرّفٌ إنتاجيٌّ في المصدر؛ ويُطبع [ب٢-ف٧-مث٥] (يُحوَّل عند الإخراج)
book/الجزء-الأول/الباب-الثاني/ف07-أ-المدخل-والدرسان.md	245	2	رمز المثال	[م١-ب٢-ف٧-مث٦]	يُحفظ	معرّفٌ إنتاجيٌّ في المصدر؛ ويُطبع [ب٢-ف٧-مث٦] (يُحوَّل عند الإخراج)
book/الجزء-الأول/الباب-الثاني/ف07-أ-المدخل-والدرسان.md	250	2	رمز المثال	[م١-ب٢-ف٧-مث٧]	يُحفظ	معرّفٌ إنتاجيٌّ في المصدر؛ ويُطبع [ب٢-ف٧-مث٧] (يُحوَّل عند الإخراج)
book/الجزء-الأول/الباب-الثاني/ف07-أ-المدخل-والدرسان.md	254	2	رمز المثال	[م١-ب٢-ف٧-مث٨]	يُحفظ	معرّفٌ إنتاجيٌّ في المصدر؛ ويُطبع [ب٢-ف٧-مث٨] (يُحوَّل عند الإخراج)
book/الجزء-الأول/الباب-الثاني/ف07-أ-المدخل-والدرسان.md	258	2	رمز المثال	[م١-ب٢-ف٧-مث٩]	يُحفظ	معرّفٌ إنتاجيٌّ في المصدر؛ ويُطبع [ب٢-ف٧-مث٩] (يُحوَّل عند الإخراج)
book/الجزء-الأول/الباب-الثاني/ف07-أ-المدخل-والدرسان.md	265	2	رمز المثال	[م١-ب٢-ف٧-مث١٠]	يُحفظ	معرّفٌ إنتاجيٌّ في المصدر؛ ويُطبع [ب٢-ف٧-مث١٠] (يُحوَّل عند الإخراج)
book/الجزء-الأول/الباب-الثاني/ف07-أ-المدخل-والدرسان.md	270	2	رمز المثال	[م١-ب٢-ف٧-مث١١]	يُحفظ	معرّفٌ إنتاجيٌّ في المصدر؛ ويُطبع [ب٢-ف٧-مث١١] (يُحوَّل عند الإخراج)
book/الجزء-الأول/الباب-الثاني/ف07-أ-المدخل-والدرسان.md	274	2	رمز المثال	[م١-ب٢-ف٧-مث١٢]	يُحفظ	معرّفٌ إنتاجيٌّ في المصدر؛ ويُطبع [ب٢-ف٧-مث١٢] (يُحوَّل عند الإخراج)
book/الجزء-الأول/الباب-الثاني/ف07-أ-المدخل-والدرسان.md	278	2	رمز المثال	[م١-ب٢-ف٧-مث١٣]	يُحفظ	معرّفٌ إنتاجيٌّ في المصدر؛ ويُطبع [ب٢-ف٧-مث١٣] (يُحوَّل عند الإخراج)
book/الجزء-الأول/الباب-الثاني/ف07-أ-المدخل-والدرسان.md	284	2	رمز المثال	[م١-ب٢-ف٧-مث١٤]	يُحفظ	معرّفٌ إنتاجيٌّ في المصدر؛ ويُطبع [ب٢-ف٧-مث١٤] (يُحوَّل عند الإخراج)
book/الجزء-الأول/الباب-الثاني/ف07-أ-المدخل-والدرسان.md	289	2	رمز المثال	[م١-ب٢-ف٧-مث١٥]	يُحفظ	معرّفٌ إنتاجيٌّ في المصدر؛ ويُطبع [ب٢-ف٧-مث١٥] (يُحوَّل عند الإخراج)
book/الجزء-الأول/الباب-الثاني/ف07-أ-المدخل-والدرسان.md	296	2	رمز المثال	[م١-ب٢-ف٧-مث١٦]	يُحفظ	معرّفٌ إنتاجيٌّ في المصدر؛ ويُطبع [ب٢-ف٧-مث١٦] (يُحوَّل عند الإخراج)
book/الجزء-الأول/الباب-الثاني/ف07-أ-المدخل-والدرسان.md	298	2	رمز المثال	[م١-ب٢-ف٧-مث١٧]	يُحفظ	معرّفٌ إنتاجيٌّ في المصدر؛ ويُطبع [ب٢-ف٧-مث١٧] (يُحوَّل عند الإخراج)
book/الجزء-الأول/الباب-الثاني/ف07-أ-المدخل-والدرسان.md	300	2	رمز المثال	[م١-ب٢-ف٧-مث١٨]	يُحفظ	معرّفٌ إنتاجيٌّ في المصدر؛ ويُطبع [ب٢-ف٧-مث١٨] (يُحوَّل عند الإخراج)
book/الجزء-الأول/الباب-الثاني/ف07-أ-المدخل-والدرسان.md	302	2	رمز المثال	[م١-ب٢-ف٧-مث١٩]	يُحفظ	معرّفٌ إنتاجيٌّ في المصدر؛ ويُطبع [ب٢-ف٧-مث١٩] (يُحوَّل عند الإخراج)
book/الجزء-الأول/الباب-الثاني/ف07-أ-المدخل-والدرسان.md	304	2	رمز المثال	[م١-ب٢-ف٧-مث٢٠]	يُحفظ	معرّفٌ إنتاجيٌّ في المصدر؛ ويُطبع [ب٢-ف٧-مث٢٠] (يُحوَّل عند الإخراج)
book/الجزء-الأول/الباب-الثاني/ف07-أ-المدخل-والدرسان.md	368	2	رمز المثال	[م١-ب٢-ف٧-مث٢١]	يُحفظ	معرّفٌ إنتاجيٌّ في المصدر؛ ويُطبع [ب٢-ف٧-مث٢١] (يُحوَّل عند الإخراج)
book/الجزء-الأول/الباب-الثاني/ف07-أ-المدخل-والدرسان.md	372	2	رمز المثال	[م١-ب٢-ف٧-مث٢٢]	يُحفظ	معرّفٌ إنتاجيٌّ في المصدر؛ ويُطبع [ب٢-ف٧-مث٢٢] (يُحوَّل عند الإخراج)
book/الجزء-الأول/الباب-الثاني/ف07-أ-المدخل-والدرسان.md	377	2	رمز المثال	[م١-ب٢-ف٧-مث٢٣]	يُحفظ	معرّفٌ إنتاجيٌّ في المصدر؛ ويُطبع [ب٢-ف٧-مث٢٣] (يُحوَّل عند الإخراج)
book/الجزء-الأول/الباب-الثاني/ف07-أ-المدخل-والدرسان.md	381	2	رمز المثال	[م١-ب٢-ف٧-مث٢٤]	يُحفظ	معرّفٌ إنتاجيٌّ في المصدر؛ ويُطبع [ب٢-ف٧-مث٢٤] (يُحوَّل عند الإخراج)
book/الجزء-الأول/الباب-الثاني/ف07-أ-المدخل-والدرسان.md	385	2	رمز المثال	[م١-ب٢-ف٧-مث٢٥]	يُحفظ	معرّفٌ إنتاجيٌّ في المصدر؛ ويُطبع [ب٢-ف٧-مث٢٥] (يُحوَّل عند الإخراج)
book/الجزء-الأول/الباب-الثاني/ف07-أ-المدخل-والدرسان.md	389	2	رمز المثال	[م١-ب٢-ف٧-مث٢٦]	يُحفظ	معرّفٌ إنتاجيٌّ في المصدر؛ ويُطبع [ب٢-ف٧-مث٢٦] (يُحوَّل عند الإخراج)
book/الجزء-الأول/الباب-الثاني/ف07-أ-المدخل-والدرسان.md	417	2	رمز المثال	[م١-ب٢-ف٧-مث٢٧]	يُحفظ	معرّفٌ إنتاجيٌّ في المصدر؛ ويُطبع [ب٢-ف٧-مث٢٧] (يُحوَّل عند الإخراج)
book/الجزء-الأول/الباب-الثاني/ف07-أ-المدخل-والدرسان.md	421	2	رمز المثال	[م١-ب٢-ف٧-مث٢٨]	يُحفظ	معرّفٌ إنتاجيٌّ في المصدر؛ ويُطبع [ب٢-ف٧-مث٢٨] (يُحوَّل عند الإخراج)
book/الجزء-الأول/الباب-الثاني/ف07-أ-المدخل-والدرسان.md	425	2	رمز المثال	[م١-ب٢-ف٧-مث٢٩]	يُحفظ	معرّفٌ إنتاجيٌّ في المصدر؛ ويُطبع [ب٢-ف٧-مث٢٩] (يُحوَّل عند الإخراج)
book/الجزء-الأول/الباب-الثاني/ف07-أ-المدخل-والدرسان.md	429	2	رمز المثال	[م١-ب٢-ف٧-مث٣٠]	يُحفظ	معرّفٌ إنتاجيٌّ في المصدر؛ ويُطبع [ب٢-ف٧-مث٣٠] (يُحوَّل عند الإخراج)
book/الجزء-الأول/الباب-الثاني/ف07-أ-المدخل-والدرسان.md	433	2	رمز المثال	[م١-ب٢-ف٧-مث٣١]	يُحفظ	معرّفٌ إنتاجيٌّ في المصدر؛ ويُطبع [ب٢-ف٧-مث٣١] (يُحوَّل عند الإخراج)
book/الجزء-الأول/الباب-الثاني/ف07-أ-المدخل-والدرسان.md	455	2	رمز المثال	[م١-ب٢-ف٧-مث٣٢]	يُحفظ	معرّفٌ إنتاجيٌّ في المصدر؛ ويُطبع [ب٢-ف٧-مث٣٢] (يُحوَّل عند الإخراج)
book/الجزء-الأول/الباب-الثاني/ف07-أ-المدخل-والدرسان.md	460	2	رمز المثال	[م١-ب٢-ف٧-مث٣٣]	يُحفظ	معرّفٌ إنتاجيٌّ في المصدر؛ ويُطبع [ب٢-ف٧-مث٣٣] (يُحوَّل عند الإخراج)
book/الجزء-الأول/الباب-الثاني/ف07-أ-المدخل-والدرسان.md	465	2	رمز المثال	[م١-ب٢-ف٧-مث٣٤]	يُحفظ	معرّفٌ إنتاجيٌّ في المصدر؛ ويُطبع [ب٢-ف٧-مث٣٤] (يُحوَّل عند الإخراج)
book/الجزء-الأول/الباب-الثاني/ف07-أ-المدخل-والدرسان.md	469	2	رمز المثال	[م١-ب٢-ف٧-مث٣٥]	يُحفظ	معرّفٌ إنتاجيٌّ في المصدر؛ ويُطبع [ب٢-ف٧-مث٣٥] (يُحوَّل عند الإخراج)
book/الجزء-الأول/الباب-الثاني/ف07-أ-المدخل-والدرسان.md	545	2	رمز المثال	[م١-ب٢-ف٧-مث٣٦]	يُحفظ	معرّفٌ إنتاجيٌّ في المصدر؛ ويُطبع [ب٢-ف٧-مث٣٦] (يُحوَّل عند الإخراج)
book/الجزء-الأول/الباب-الثاني/ف08-أ-المدخل-والدرسان.md	5	2	المستوى ن	المستوى ١	يُصحّح	المستوى 2
book/الجزء-الأول/الباب-الثاني/ف08-أ-المدخل-والدرسان.md	112	2	رمز المثال	[م١-ب٢-ف٨-مث١]	يُحفظ	معرّفٌ إنتاجيٌّ في المصدر؛ ويُطبع [ب٢-ف٨-مث١] (يُحوَّل عند الإخراج)
book/الجزء-الأول/الباب-الثاني/ف08-أ-المدخل-والدرسان.md	116	2	رمز المثال	[م١-ب٢-ف٨-مث٢]	يُحفظ	معرّفٌ إنتاجيٌّ في المصدر؛ ويُطبع [ب٢-ف٨-مث٢] (يُحوَّل عند الإخراج)
book/الجزء-الأول/الباب-الثاني/ف08-أ-المدخل-والدرسان.md	121	2	رمز المثال	[م١-ب٢-ف٨-مث٣]	يُحفظ	معرّفٌ إنتاجيٌّ في المصدر؛ ويُطبع [ب٢-ف٨-مث٣] (يُحوَّل عند الإخراج)
book/الجزء-الأول/الباب-الثاني/ف08-أ-المدخل-والدرسان.md	125	2	رمز المثال	[م١-ب٢-ف٨-مث٤]	يُحفظ	معرّفٌ إنتاجيٌّ في المصدر؛ ويُطبع [ب٢-ف٨-مث٤] (يُحوَّل عند الإخراج)
book/الجزء-الأول/الباب-الثاني/ف08-أ-المدخل-والدرسان.md	130	2	رمز المثال	[م١-ب٢-ف٨-مث٥]	يُحفظ	معرّفٌ إنتاجيٌّ في المصدر؛ ويُطبع [ب٢-ف٨-مث٥] (يُحوَّل عند الإخراج)
book/الجزء-الأول/الباب-الثاني/ف08-أ-المدخل-والدرسان.md	134	2	رمز المثال	[م١-ب٢-ف٨-مث٦]	يُحفظ	معرّفٌ إنتاجيٌّ في المصدر؛ ويُطبع [ب٢-ف٨-مث٦] (يُحوَّل عند الإخراج)
book/الجزء-الأول/الباب-الثاني/ف08-أ-المدخل-والدرسان.md	143	2	رمز المثال	[م١-ب٢-ف٨-مث٧]	يُحفظ	معرّفٌ إنتاجيٌّ في المصدر؛ ويُطبع [ب٢-ف٨-مث٧] (يُحوَّل عند الإخراج)
book/الجزء-الأول/الباب-الثاني/ف08-أ-المدخل-والدرسان.md	148	2	رمز المثال	[م١-ب٢-ف٨-مث٨]	يُحفظ	معرّفٌ إنتاجيٌّ في المصدر؛ ويُطبع [ب٢-ف٨-مث٨] (يُحوَّل عند الإخراج)
book/الجزء-الأول/الباب-الثاني/ف08-أ-المدخل-والدرسان.md	153	2	رمز المثال	[م١-ب٢-ف٨-مث٩]	يُحفظ	معرّفٌ إنتاجيٌّ في المصدر؛ ويُطبع [ب٢-ف٨-مث٩] (يُحوَّل عند الإخراج)
book/الجزء-الأول/الباب-الثاني/ف08-أ-المدخل-والدرسان.md	177	2	رمز المثال	[م١-ب٢-ف٨-مث١٠]	يُحفظ	معرّفٌ إنتاجيٌّ في المصدر؛ ويُطبع [ب٢-ف٨-مث١٠] (يُحوَّل عند الإخراج)
book/الجزء-الأول/الباب-الثاني/ف08-أ-المدخل-والدرسان.md	181	2	رمز المثال	[م١-ب٢-ف٨-مث١١]	يُحفظ	معرّفٌ إنتاجيٌّ في المصدر؛ ويُطبع [ب٢-ف٨-مث١١] (يُحوَّل عند الإخراج)
book/الجزء-الأول/الباب-الثاني/ف08-أ-المدخل-والدرسان.md	185	2	رمز المثال	[م١-ب٢-ف٨-مث١٢]	يُحفظ	معرّفٌ إنتاجيٌّ في المصدر؛ ويُطبع [ب٢-ف٨-مث١٢] (يُحوَّل عند الإخراج)
book/الجزء-الأول/الباب-الثاني/ف08-أ-المدخل-والدرسان.md	193	2	رمز المثال	[م١-ب٢-ف٨-مث١٣]	يُحفظ	معرّفٌ إنتاجيٌّ في المصدر؛ ويُطبع [ب٢-ف٨-مث١٣] (يُحوَّل عند الإخراج)
book/الجزء-الأول/الباب-الثاني/ف08-أ-المدخل-والدرسان.md	197	2	رمز المثال	[م١-ب٢-ف٨-مث١٤]	يُحفظ	معرّفٌ إنتاجيٌّ في المصدر؛ ويُطبع [ب٢-ف٨-مث١٤] (يُحوَّل عند الإخراج)
book/الجزء-الأول/الباب-الثاني/ف08-أ-المدخل-والدرسان.md	201	2	رمز المثال	[م١-ب٢-ف٨-مث١٥]	يُحفظ	معرّفٌ إنتاجيٌّ في المصدر؛ ويُطبع [ب٢-ف٨-مث١٥] (يُحوَّل عند الإخراج)
book/الجزء-الأول/الباب-الثاني/ف08-أ-المدخل-والدرسان.md	219	2	رمز المثال	[م١-ب٢-ف٨-مث١٦]	يُحفظ	معرّفٌ إنتاجيٌّ في المصدر؛ ويُطبع [ب٢-ف٨-مث١٦] (يُحوَّل عند الإخراج)
book/الجزء-الأول/الباب-الثاني/ف08-أ-المدخل-والدرسان.md	223	2	رمز المثال	[م١-ب٢-ف٨-مث١٧]	يُحفظ	معرّفٌ إنتاجيٌّ في المصدر؛ ويُطبع [ب٢-ف٨-مث١٧] (يُحوَّل عند الإخراج)
book/الجزء-الأول/الباب-الثاني/ف08-أ-المدخل-والدرسان.md	227	2	رمز المثال	[م١-ب٢-ف٨-مث١٨]	يُحفظ	معرّفٌ إنتاجيٌّ في المصدر؛ ويُطبع [ب٢-ف٨-مث١٨] (يُحوَّل عند الإخراج)
book/الجزء-الأول/الباب-الثاني/ف08-أ-المدخل-والدرسان.md	311	2	إحالة	في الباب الثالث	يُصحّح	يُزاد المجلد: «في المجلد 3، …»
book/الجزء-الأول/الباب-الثاني/ف08-أ-المدخل-والدرسان.md	313	2	رمز المثال	[م١-ب٢-ف٨-مث١٩]	يُحفظ	معرّفٌ إنتاجيٌّ في المصدر؛ ويُطبع [ب٢-ف٨-مث١٩] (يُحوَّل عند الإخراج)
book/الجزء-الأول/الباب-الثاني/ف08-أ-المدخل-والدرسان.md	318	2	رمز المثال	[م١-ب٢-ف٨-مث٢٠]	يُحفظ	معرّفٌ إنتاجيٌّ في المصدر؛ ويُطبع [ب٢-ف٨-مث٢٠] (يُحوَّل عند الإخراج)
book/الجزء-الأول/الباب-الثاني/ف08-أ-المدخل-والدرسان.md	322	2	رمز المثال	[م١-ب٢-ف٨-مث٢١]	يُحفظ	معرّفٌ إنتاجيٌّ في المصدر؛ ويُطبع [ب٢-ف٨-مث٢١] (يُحوَّل عند الإخراج)
book/الجزء-الأول/الباب-الثاني/ف08-أ-المدخل-والدرسان.md	350	2	رمز المثال	[م١-ب٢-ف٨-مث٢٢]	يُحفظ	معرّفٌ إنتاجيٌّ في المصدر؛ ويُطبع [ب٢-ف٨-مث٢٢] (يُحوَّل عند الإخراج)
book/الجزء-الأول/الباب-الثاني/ف08-أ-المدخل-والدرسان.md	356	2	رمز المثال	[م١-ب٢-ف٨-مث٢٣]	يُحفظ	معرّفٌ إنتاجيٌّ في المصدر؛ ويُطبع [ب٢-ف٨-مث٢٣] (يُحوَّل عند الإخراج)
book/الجزء-الأول/الباب-الثاني/ف08-أ-المدخل-والدرسان.md	360	2	رمز المثال	[م١-ب٢-ف٨-مث٢٤]	يُحفظ	معرّفٌ إنتاجيٌّ في المصدر؛ ويُطبع [ب٢-ف٨-مث٢٤] (يُحوَّل عند الإخراج)
book/الجزء-الأول/الباب-الثاني/ف08-أ-المدخل-والدرسان.md	364	2	رمز المثال	[م١-ب٢-ف٨-مث٢٥]	يُحفظ	معرّفٌ إنتاجيٌّ في المصدر؛ ويُطبع [ب٢-ف٨-مث٢٥] (يُحوَّل عند الإخراج)
book/الجزء-الأول/الباب-الثاني/ف08-أ-المدخل-والدرسان.md	368	2	رمز المثال	[م١-ب٢-ف٨-مث٢٦]	يُحفظ	معرّفٌ إنتاجيٌّ في المصدر؛ ويُطبع [ب٢-ف٨-مث٢٦] (يُحوَّل عند الإخراج)
book/الجزء-الأول/الباب-الثاني/ف08-أ-المدخل-والدرسان.md	374	2	رمز المثال	[م١-ب٢-ف٨-مث٢٧]	يُحفظ	معرّفٌ إنتاجيٌّ في المصدر؛ ويُطبع [ب٢-ف٨-مث٢٧] (يُحوَّل عند الإخراج)
book/الجزء-الأول/الباب-الثاني/ف08-أ-المدخل-والدرسان.md	376	2	رمز المثال	[م١-ب٢-ف٨-مث٢٨]	يُحفظ	معرّفٌ إنتاجيٌّ في المصدر؛ ويُطبع [ب٢-ف٨-مث٢٨] (يُحوَّل عند الإخراج)
book/الجزء-الأول/الباب-الثاني/ف08-أ-المدخل-والدرسان.md	378	2	رمز المثال	[م١-ب٢-ف٨-مث٢٩]	يُحفظ	معرّفٌ إنتاجيٌّ في المصدر؛ ويُطبع [ب٢-ف٨-مث٢٩] (يُحوَّل عند الإخراج)
book/الجزء-الأول/الباب-الثاني/ف08-أ-المدخل-والدرسان.md	380	2	رمز المثال	[م١-ب٢-ف٨-مث٣٠]	يُحفظ	معرّفٌ إنتاجيٌّ في المصدر؛ ويُطبع [ب٢-ف٨-مث٣٠] (يُحوَّل عند الإخراج)
book/الجزء-الأول/الباب-الثاني/ف08-أ-المدخل-والدرسان.md	382	2	رمز المثال	[م١-ب٢-ف٨-مث٣١]	يُحفظ	معرّفٌ إنتاجيٌّ في المصدر؛ ويُطبع [ب٢-ف٨-مث٣١] (يُحوَّل عند الإخراج)
book/الجزء-الأول/الباب-الثاني/ف08-أ-المدخل-والدرسان.md	445	2	رمز المثال	[م١-ب٢-ف٨-مث٣٢]	يُحفظ	معرّفٌ إنتاجيٌّ في المصدر؛ ويُطبع [ب٢-ف٨-مث٣٢] (يُحوَّل عند الإخراج)
book/الجزء-الأول/الباب-الثاني/ف09-أ-المدخل-والدرسان.md	5	2	المستوى ن	المستوى ١	يُصحّح	المستوى 2
book/الجزء-الأول/الباب-الثاني/ف09-أ-المدخل-والدرسان.md	89	2	رمز المثال	[م١-ب٢-ف٩-مث١]	يُحفظ	معرّفٌ إنتاجيٌّ في المصدر؛ ويُطبع [ب٢-ف٩-مث١] (يُحوَّل عند الإخراج)
book/الجزء-الأول/الباب-الثاني/ف09-أ-المدخل-والدرسان.md	94	2	رمز المثال	[م١-ب٢-ف٩-مث٢]	يُحفظ	معرّفٌ إنتاجيٌّ في المصدر؛ ويُطبع [ب٢-ف٩-مث٢] (يُحوَّل عند الإخراج)
book/الجزء-الأول/الباب-الثاني/ف09-أ-المدخل-والدرسان.md	98	2	رمز المثال	[م١-ب٢-ف٩-مث٣]	يُحفظ	معرّفٌ إنتاجيٌّ في المصدر؛ ويُطبع [ب٢-ف٩-مث٣] (يُحوَّل عند الإخراج)
book/الجزء-الأول/الباب-الثاني/ف09-أ-المدخل-والدرسان.md	102	2	رمز المثال	[م١-ب٢-ف٩-مث٤]	يُحفظ	معرّفٌ إنتاجيٌّ في المصدر؛ ويُطبع [ب٢-ف٩-مث٤] (يُحوَّل عند الإخراج)
book/الجزء-الأول/الباب-الثاني/ف09-أ-المدخل-والدرسان.md	107	2	رمز المثال	[م١-ب٢-ف٩-مث٥]	يُحفظ	معرّفٌ إنتاجيٌّ في المصدر؛ ويُطبع [ب٢-ف٩-مث٥] (يُحوَّل عند الإخراج)
book/الجزء-الأول/الباب-الثاني/ف09-أ-المدخل-والدرسان.md	111	2	رمز المثال	[م١-ب٢-ف٩-مث٦]	يُحفظ	معرّفٌ إنتاجيٌّ في المصدر؛ ويُطبع [ب٢-ف٩-مث٦] (يُحوَّل عند الإخراج)
book/الجزء-الأول/الباب-الثاني/ف09-أ-المدخل-والدرسان.md	115	2	رمز المثال	[م١-ب٢-ف٩-مث٧]	يُحفظ	معرّفٌ إنتاجيٌّ في المصدر؛ ويُطبع [ب٢-ف٩-مث٧] (يُحوَّل عند الإخراج)
book/الجزء-الأول/الباب-الثاني/ف09-أ-المدخل-والدرسان.md	125	2	رمز المثال	[م١-ب٢-ف٩-مث٨]	يُحفظ	معرّفٌ إنتاجيٌّ في المصدر؛ ويُطبع [ب٢-ف٩-مث٨] (يُحوَّل عند الإخراج)
book/الجزء-الأول/الباب-الثاني/ف09-أ-المدخل-والدرسان.md	129	2	رمز المثال	[م١-ب٢-ف٩-مث٩]	يُحفظ	معرّفٌ إنتاجيٌّ في المصدر؛ ويُطبع [ب٢-ف٩-مث٩] (يُحوَّل عند الإخراج)
book/الجزء-الأول/الباب-الثاني/ف09-أ-المدخل-والدرسان.md	134	2	رمز المثال	[م١-ب٢-ف٩-مث١٠]	يُحفظ	معرّفٌ إنتاجيٌّ في المصدر؛ ويُطبع [ب٢-ف٩-مث١٠] (يُحوَّل عند الإخراج)
book/الجزء-الأول/الباب-الثاني/ف09-أ-المدخل-والدرسان.md	144	2	إحالة	انظر الباب الثالث، الفصل الأول	يُصحّح	يُزاد المجلد: «في المجلد 3، …»
book/الجزء-الأول/الباب-الثاني/ف09-أ-المدخل-والدرسان.md	146	2	رمز المثال	[م١-ب٢-ف٩-مث١١]	يُحفظ	معرّفٌ إنتاجيٌّ في المصدر؛ ويُطبع [ب٢-ف٩-مث١١] (يُحوَّل عند الإخراج)
book/الجزء-الأول/الباب-الثاني/ف09-أ-المدخل-والدرسان.md	232	2	رمز المثال	[م١-ب٢-ف٩-مث١٢]	يُحفظ	معرّفٌ إنتاجيٌّ في المصدر؛ ويُطبع [ب٢-ف٩-مث١٢] (يُحوَّل عند الإخراج)
book/الجزء-الأول/الباب-الثاني/ف09-أ-المدخل-والدرسان.md	237	2	رمز المثال	[م١-ب٢-ف٩-مث١٣]	يُحفظ	معرّفٌ إنتاجيٌّ في المصدر؛ ويُطبع [ب٢-ف٩-مث١٣] (يُحوَّل عند الإخراج)
book/الجزء-الأول/الباب-الثاني/ف09-أ-المدخل-والدرسان.md	241	2	رمز المثال	[م١-ب٢-ف٩-مث١٤]	يُحفظ	معرّفٌ إنتاجيٌّ في المصدر؛ ويُطبع [ب٢-ف٩-مث١٤] (يُحوَّل عند الإخراج)
book/الجزء-الأول/الباب-الثاني/ف09-أ-المدخل-والدرسان.md	245	2	رمز المثال	[م١-ب٢-ف٩-مث١٥]	يُحفظ	معرّفٌ إنتاجيٌّ في المصدر؛ ويُطبع [ب٢-ف٩-مث١٥] (يُحوَّل عند الإخراج)
book/الجزء-الأول/الباب-الثاني/ف09-أ-المدخل-والدرسان.md	271	2	رمز المثال	[م١-ب٢-ف٩-مث١٦]	يُحفظ	معرّفٌ إنتاجيٌّ في المصدر؛ ويُطبع [ب٢-ف٩-مث١٦] (يُحوَّل عند الإخراج)
book/الجزء-الأول/الباب-الثاني/ف09-أ-المدخل-والدرسان.md	276	2	رمز المثال	[م١-ب٢-ف٩-مث١٧]	يُحفظ	معرّفٌ إنتاجيٌّ في المصدر؛ ويُطبع [ب٢-ف٩-مث١٧] (يُحوَّل عند الإخراج)
book/الجزء-الأول/الباب-الثاني/ف09-أ-المدخل-والدرسان.md	285	2	رمز المثال	[م١-ب٢-ف٩-مث١٨]	يُحفظ	معرّفٌ إنتاجيٌّ في المصدر؛ ويُطبع [ب٢-ف٩-مث١٨] (يُحوَّل عند الإخراج)
book/الجزء-الأول/الباب-الثاني/ف09-أ-المدخل-والدرسان.md	289	2	رمز المثال	[م١-ب٢-ف٩-مث١٩]	يُحفظ	معرّفٌ إنتاجيٌّ في المصدر؛ ويُطبع [ب٢-ف٩-مث١٩] (يُحوَّل عند الإخراج)
book/الجزء-الأول/الباب-الثاني/ف10-أ-المدخل-والدرسان.md	5	2	المستوى ن	المستوى ١	يُصحّح	المستوى 2
book/الجزء-الأول/الباب-الثاني/ف10-أ-المدخل-والدرسان.md	28	2	الجزء ن	الجزء الأول	مراجعة بشرية	قراءة مقترحة: استعمالٌ لغويٌّ عام، لا بنية الكتاب؛ يُحفظ
book/الجزء-الأول/الباب-الثاني/ف10-أ-المدخل-والدرسان.md	43	2	الجزء ن	الجزء الثاني	مراجعة بشرية	قراءة مقترحة: استعمالٌ لغويٌّ عام، لا بنية الكتاب؛ يُحفظ
book/الجزء-الأول/الباب-الثاني/ف10-أ-المدخل-والدرسان.md	92	2	رمز المثال	[م١-ب٢-ف١٠-مث١]	يُحفظ	معرّفٌ إنتاجيٌّ في المصدر؛ ويُطبع [ب٢-ف١٠-مث١] (يُحوَّل عند الإخراج)
book/الجزء-الأول/الباب-الثاني/ف10-أ-المدخل-والدرسان.md	96	2	رمز المثال	[م١-ب٢-ف١٠-مث٢]	يُحفظ	معرّفٌ إنتاجيٌّ في المصدر؛ ويُطبع [ب٢-ف١٠-مث٢] (يُحوَّل عند الإخراج)
book/الجزء-الأول/الباب-الثاني/ف10-أ-المدخل-والدرسان.md	103	2	رمز المثال	[م١-ب٢-ف١٠-مث٣]	يُحفظ	معرّفٌ إنتاجيٌّ في المصدر؛ ويُطبع [ب٢-ف١٠-مث٣] (يُحوَّل عند الإخراج)
book/الجزء-الأول/الباب-الثاني/ف10-أ-المدخل-والدرسان.md	110	2	رمز المثال	[م١-ب٢-ف١٠-مث٤]	يُحفظ	معرّفٌ إنتاجيٌّ في المصدر؛ ويُطبع [ب٢-ف١٠-مث٤] (يُحوَّل عند الإخراج)
book/الجزء-الأول/الباب-الثاني/ف10-أ-المدخل-والدرسان.md	117	2	رمز المثال	[م١-ب٢-ف١٠-مث٥]	يُحفظ	معرّفٌ إنتاجيٌّ في المصدر؛ ويُطبع [ب٢-ف١٠-مث٥] (يُحوَّل عند الإخراج)
book/الجزء-الأول/الباب-الثاني/ف10-أ-المدخل-والدرسان.md	123	2	رمز المثال	[م١-ب٢-ف١٠-مث٦]	يُحفظ	معرّفٌ إنتاجيٌّ في المصدر؛ ويُطبع [ب٢-ف١٠-مث٦] (يُحوَّل عند الإخراج)
book/الجزء-الأول/الباب-الثاني/ف10-أ-المدخل-والدرسان.md	133	2	رمز المثال	[م١-ب٢-ف١٠-مث٧]	يُحفظ	معرّفٌ إنتاجيٌّ في المصدر؛ ويُطبع [ب٢-ف١٠-مث٧] (يُحوَّل عند الإخراج)
book/الجزء-الأول/الباب-الثاني/ف10-أ-المدخل-والدرسان.md	137	2	رمز المثال	[م١-ب٢-ف١٠-مث٨]	يُحفظ	معرّفٌ إنتاجيٌّ في المصدر؛ ويُطبع [ب٢-ف١٠-مث٨] (يُحوَّل عند الإخراج)
book/الجزء-الأول/الباب-الثاني/ف10-أ-المدخل-والدرسان.md	145	2	رمز المثال	[م١-ب٢-ف١٠-مث٩]	يُحفظ	معرّفٌ إنتاجيٌّ في المصدر؛ ويُطبع [ب٢-ف١٠-مث٩] (يُحوَّل عند الإخراج)
book/الجزء-الأول/الباب-الثاني/ف10-أ-المدخل-والدرسان.md	147	2	الجزء ن	الجزء الأول	مراجعة بشرية	قراءة مقترحة: استعمالٌ لغويٌّ عام، لا بنية الكتاب؛ يُحفظ
book/الجزء-الأول/الباب-الثاني/ف10-أ-المدخل-والدرسان.md	149	2	رمز المثال	[م١-ب٢-ف١٠-مث١٠]	يُحفظ	معرّفٌ إنتاجيٌّ في المصدر؛ ويُطبع [ب٢-ف١٠-مث١٠] (يُحوَّل عند الإخراج)
book/الجزء-الأول/الباب-الثاني/ف10-أ-المدخل-والدرسان.md	229	2	رمز المثال	[م١-ب٢-ف١٠-مث١١]	يُحفظ	معرّفٌ إنتاجيٌّ في المصدر؛ ويُطبع [ب٢-ف١٠-مث١١] (يُحوَّل عند الإخراج)
book/الجزء-الأول/الباب-الثاني/ف10-أ-المدخل-والدرسان.md	233	2	رمز المثال	[م١-ب٢-ف١٠-مث١٢]	يُحفظ	معرّفٌ إنتاجيٌّ في المصدر؛ ويُطبع [ب٢-ف١٠-مث١٢] (يُحوَّل عند الإخراج)
book/الجزء-الأول/الباب-الثاني/ف10-أ-المدخل-والدرسان.md	251	2	رمز المثال	[م١-ب٢-ف١٠-مث١٣]	يُحفظ	معرّفٌ إنتاجيٌّ في المصدر؛ ويُطبع [ب٢-ف١٠-مث١٣] (يُحوَّل عند الإخراج)
book/الجزء-الأول/الباب-الثاني/ف10-أ-المدخل-والدرسان.md	255	2	رمز المثال	[م١-ب٢-ف١٠-مث١٤]	يُحفظ	معرّفٌ إنتاجيٌّ في المصدر؛ ويُطبع [ب٢-ف١٠-مث١٤] (يُحوَّل عند الإخراج)
book/الجزء-الأول/الباب-الثاني/ف10-أ-المدخل-والدرسان.md	259	2	رمز المثال	[م١-ب٢-ف١٠-مث١٥]	يُحفظ	معرّفٌ إنتاجيٌّ في المصدر؛ ويُطبع [ب٢-ف١٠-مث١٥] (يُحوَّل عند الإخراج)
book/الجزء-الأول/الباب-الثاني/ف10-أ-المدخل-والدرسان.md	267	2	رمز المثال	[م١-ب٢-ف١٠-مث١٦]	يُحفظ	معرّفٌ إنتاجيٌّ في المصدر؛ ويُطبع [ب٢-ف١٠-مث١٦] (يُحوَّل عند الإخراج)
book/الجزء-الأول/الباب-الثاني/ف10-أ-المدخل-والدرسان.md	336	2	رمز المثال	[م١-ب٢-ف١٠-مث١٧]	يُحفظ	معرّفٌ إنتاجيٌّ في المصدر؛ ويُطبع [ب٢-ف١٠-مث١٧] (يُحوَّل عند الإخراج)
book/الجزء-الأول/الباب-الثاني/ف10-ب-التطبيق-والتقويم.md	43	2	إحالة	انظر الباب الأول	يُصحّح	يُزاد المجلد: «في المجلد 1، …»
book/الجزء-الأول/الباب-الثاني/ف10-ب-التطبيق-والتقويم.md	111	2	الجزء ن	الجزء الأول	مراجعة بشرية	قراءة مقترحة: استعمالٌ لغويٌّ عام، لا بنية الكتاب؛ يُحفظ
book/الجزء-الأول/الباب-الثاني/ف11-أ-المدخل-والدرسان.md	5	2	المستوى ن	المستوى ١	يُصحّح	المستوى 2
book/الجزء-الأول/الباب-الثاني/ف11-أ-المدخل-والدرسان.md	46	2	إحالة	انظر الباب الأول، الفصل الأول	يُصحّح	يُزاد المجلد: «في المجلد 1، …»
book/الجزء-الأول/الباب-الثاني/ف11-أ-المدخل-والدرسان.md	75	2	إحالة	في الباب الأول	يُصحّح	يُزاد المجلد: «في المجلد 1، …»
book/الجزء-الأول/الباب-الثاني/ف11-أ-المدخل-والدرسان.md	75	2	إحالة	انظر الباب الأول، الفصل الأول	يُصحّح	يُزاد المجلد: «في المجلد 1، …»
book/الجزء-الأول/الباب-الثاني/ف11-أ-المدخل-والدرسان.md	85	2	رمز المثال	[م١-ب٢-ف١١-مث١]	يُحفظ	معرّفٌ إنتاجيٌّ في المصدر؛ ويُطبع [ب٢-ف١١-مث١] (يُحوَّل عند الإخراج)
book/الجزء-الأول/الباب-الثاني/ف11-أ-المدخل-والدرسان.md	89	2	رمز المثال	[م١-ب٢-ف١١-مث٢]	يُحفظ	معرّفٌ إنتاجيٌّ في المصدر؛ ويُطبع [ب٢-ف١١-مث٢] (يُحوَّل عند الإخراج)
book/الجزء-الأول/الباب-الثاني/ف11-أ-المدخل-والدرسان.md	93	2	رمز المثال	[م١-ب٢-ف١١-مث٣]	يُحفظ	معرّفٌ إنتاجيٌّ في المصدر؛ ويُطبع [ب٢-ف١١-مث٣] (يُحوَّل عند الإخراج)
book/الجزء-الأول/الباب-الثاني/ف11-أ-المدخل-والدرسان.md	105	2	رمز المثال	[م١-ب٢-ف١١-مث٤]	يُحفظ	معرّفٌ إنتاجيٌّ في المصدر؛ ويُطبع [ب٢-ف١١-مث٤] (يُحوَّل عند الإخراج)
book/الجزء-الأول/الباب-الثاني/ف11-أ-المدخل-والدرسان.md	109	2	رمز المثال	[م١-ب٢-ف١١-مث٥]	يُحفظ	معرّفٌ إنتاجيٌّ في المصدر؛ ويُطبع [ب٢-ف١١-مث٥] (يُحوَّل عند الإخراج)
book/الجزء-الأول/الباب-الثاني/ف11-أ-المدخل-والدرسان.md	113	2	رمز المثال	[م١-ب٢-ف١١-مث٦]	يُحفظ	معرّفٌ إنتاجيٌّ في المصدر؛ ويُطبع [ب٢-ف١١-مث٦] (يُحوَّل عند الإخراج)
book/الجزء-الأول/الباب-الثاني/ف11-أ-المدخل-والدرسان.md	133	2	رمز المثال	[م١-ب٢-ف١١-مث٧]	يُحفظ	معرّفٌ إنتاجيٌّ في المصدر؛ ويُطبع [ب٢-ف١١-مث٧] (يُحوَّل عند الإخراج)
book/الجزء-الأول/الباب-الثاني/ف11-أ-المدخل-والدرسان.md	137	2	رمز المثال	[م١-ب٢-ف١١-مث٨]	يُحفظ	معرّفٌ إنتاجيٌّ في المصدر؛ ويُطبع [ب٢-ف١١-مث٨] (يُحوَّل عند الإخراج)
book/الجزء-الأول/الباب-الثاني/ف11-أ-المدخل-والدرسان.md	141	2	رمز المثال	[م١-ب٢-ف١١-مث٩]	يُحفظ	معرّفٌ إنتاجيٌّ في المصدر؛ ويُطبع [ب٢-ف١١-مث٩] (يُحوَّل عند الإخراج)
book/الجزء-الأول/الباب-الثاني/ف11-أ-المدخل-والدرسان.md	145	2	إحالة	في الباب الأول	يُصحّح	يُزاد المجلد: «في المجلد 1، …»
book/الجزء-الأول/الباب-الثاني/ف11-أ-المدخل-والدرسان.md	220	2	رمز المثال	[م١-ب٢-ف١١-مث١٠]	يُحفظ	معرّفٌ إنتاجيٌّ في المصدر؛ ويُطبع [ب٢-ف١١-مث١٠] (يُحوَّل عند الإخراج)
book/الجزء-الأول/الباب-الثاني/ف11-أ-المدخل-والدرسان.md	224	2	رمز المثال	[م١-ب٢-ف١١-مث١١]	يُحفظ	معرّفٌ إنتاجيٌّ في المصدر؛ ويُطبع [ب٢-ف١١-مث١١] (يُحوَّل عند الإخراج)
book/الجزء-الأول/الباب-الثاني/ف11-أ-المدخل-والدرسان.md	243	2	رمز المثال	[م١-ب٢-ف١١-مث١٢]	يُحفظ	معرّفٌ إنتاجيٌّ في المصدر؛ ويُطبع [ب٢-ف١١-مث١٢] (يُحوَّل عند الإخراج)
book/الجزء-الأول/الباب-الثاني/ف11-أ-المدخل-والدرسان.md	247	2	رمز المثال	[م١-ب٢-ف١١-مث١٣]	يُحفظ	معرّفٌ إنتاجيٌّ في المصدر؛ ويُطبع [ب٢-ف١١-مث١٣] (يُحوَّل عند الإخراج)
book/الجزء-الأول/الباب-الثاني/ف11-أ-المدخل-والدرسان.md	251	2	رمز المثال	[م١-ب٢-ف١١-مث١٤]	يُحفظ	معرّفٌ إنتاجيٌّ في المصدر؛ ويُطبع [ب٢-ف١١-مث١٤] (يُحوَّل عند الإخراج)
book/الجزء-الأول/الباب-الثاني/ف11-أ-المدخل-والدرسان.md	261	2	رمز المثال	[م١-ب٢-ف١١-مث١٥]	يُحفظ	معرّفٌ إنتاجيٌّ في المصدر؛ ويُطبع [ب٢-ف١١-مث١٥] (يُحوَّل عند الإخراج)
book/الجزء-الأول/الباب-الثاني/ف11-أ-المدخل-والدرسان.md	265	2	رمز المثال	[م١-ب٢-ف١١-مث١٦]	يُحفظ	معرّفٌ إنتاجيٌّ في المصدر؛ ويُطبع [ب٢-ف١١-مث١٦] (يُحوَّل عند الإخراج)
book/الجزء-الأول/الباب-الثاني/ف11-أ-المدخل-والدرسان.md	277	2	رمز المثال	[م١-ب٢-ف١١-مث١٧]	يُحفظ	معرّفٌ إنتاجيٌّ في المصدر؛ ويُطبع [ب٢-ف١١-مث١٧] (يُحوَّل عند الإخراج)
book/الجزء-الأول/الباب-الثاني/ف11-ب-التطبيق-والتقويم.md	108	2	هذا الجزء	هذا الجزء	مراجعة بشرية	قراءة مقترحة: استعمالٌ لغويٌّ عام، لا بنية الكتاب؛ يُحفظ
book/الجزء-الأول/الباب-الثاني/ف12-أ-المدخل-والدرسان.md	5	2	المستوى ن	المستوى ١	يُصحّح	المستوى 2
book/الجزء-الأول/الباب-الثاني/ف12-أ-المدخل-والدرسان.md	129	2	رمز المثال	[م١-ب٢-ف١٢-مث١]	يُحفظ	معرّفٌ إنتاجيٌّ في المصدر؛ ويُطبع [ب٢-ف١٢-مث١] (يُحوَّل عند الإخراج)
book/الجزء-الأول/الباب-الثاني/ف12-أ-المدخل-والدرسان.md	131	2	رمز المثال	[م١-ب٢-ف١٢-مث٢]	يُحفظ	معرّفٌ إنتاجيٌّ في المصدر؛ ويُطبع [ب٢-ف١٢-مث٢] (يُحوَّل عند الإخراج)
book/الجزء-الأول/الباب-الثاني/ف12-أ-المدخل-والدرسان.md	133	2	رمز المثال	[م١-ب٢-ف١٢-مث٣]	يُحفظ	معرّفٌ إنتاجيٌّ في المصدر؛ ويُطبع [ب٢-ف١٢-مث٣] (يُحوَّل عند الإخراج)
book/الجزء-الأول/الباب-الثاني/ف12-أ-المدخل-والدرسان.md	135	2	رمز المثال	[م١-ب٢-ف١٢-مث٤]	يُحفظ	معرّفٌ إنتاجيٌّ في المصدر؛ ويُطبع [ب٢-ف١٢-مث٤] (يُحوَّل عند الإخراج)
book/الجزء-الأول/الباب-الثاني/ف12-أ-المدخل-والدرسان.md	141	2	رمز المثال	[م١-ب٢-ف١٢-مث٥]	يُحفظ	معرّفٌ إنتاجيٌّ في المصدر؛ ويُطبع [ب٢-ف١٢-مث٥] (يُحوَّل عند الإخراج)
book/الجزء-الأول/الباب-الثاني/ف12-أ-المدخل-والدرسان.md	145	2	رمز المثال	[م١-ب٢-ف١٢-مث٦]	يُحفظ	معرّفٌ إنتاجيٌّ في المصدر؛ ويُطبع [ب٢-ف١٢-مث٦] (يُحوَّل عند الإخراج)
book/الجزء-الأول/الباب-الثاني/ف12-أ-المدخل-والدرسان.md	149	2	رمز المثال	[م١-ب٢-ف١٢-مث٧]	يُحفظ	معرّفٌ إنتاجيٌّ في المصدر؛ ويُطبع [ب٢-ف١٢-مث٧] (يُحوَّل عند الإخراج)
book/الجزء-الأول/الباب-الثاني/ف12-أ-المدخل-والدرسان.md	153	2	رمز المثال	[م١-ب٢-ف١٢-مث٨]	يُحفظ	معرّفٌ إنتاجيٌّ في المصدر؛ ويُطبع [ب٢-ف١٢-مث٨] (يُحوَّل عند الإخراج)
book/الجزء-الأول/الباب-الثاني/ف12-أ-المدخل-والدرسان.md	221	2	رمز المثال	[م١-ب٢-ف١٢-مث٩]	يُحفظ	معرّفٌ إنتاجيٌّ في المصدر؛ ويُطبع [ب٢-ف١٢-مث٩] (يُحوَّل عند الإخراج)
book/الجزء-الأول/الباب-الثاني/ف12-أ-المدخل-والدرسان.md	225	2	رمز المثال	[م١-ب٢-ف١٢-مث١٠]	يُحفظ	معرّفٌ إنتاجيٌّ في المصدر؛ ويُطبع [ب٢-ف١٢-مث١٠] (يُحوَّل عند الإخراج)
book/الجزء-الأول/الباب-الثاني/ف12-أ-المدخل-والدرسان.md	229	2	رمز المثال	[م١-ب٢-ف١٢-مث١١]	يُحفظ	معرّفٌ إنتاجيٌّ في المصدر؛ ويُطبع [ب٢-ف١٢-مث١١] (يُحوَّل عند الإخراج)
book/الجزء-الأول/الباب-الثاني/ف12-أ-المدخل-والدرسان.md	276	2	رمز المثال	[م١-ب٢-ف١٢-مث١٢]	يُحفظ	معرّفٌ إنتاجيٌّ في المصدر؛ ويُطبع [ب٢-ف١٢-مث١٢] (يُحوَّل عند الإخراج)
book/الجزء-الأول/الباب-الثاني/ف12-أ-المدخل-والدرسان.md	280	2	رمز المثال	[م١-ب٢-ف١٢-مث١٣]	يُحفظ	معرّفٌ إنتاجيٌّ في المصدر؛ ويُطبع [ب٢-ف١٢-مث١٣] (يُحوَّل عند الإخراج)
book/الجزء-الأول/الباب-الثاني/ف12-أ-المدخل-والدرسان.md	284	2	رمز المثال	[م١-ب٢-ف١٢-مث١٤]	يُحفظ	معرّفٌ إنتاجيٌّ في المصدر؛ ويُطبع [ب٢-ف١٢-مث١٤] (يُحوَّل عند الإخراج)
book/الجزء-الأول/الباب-الثاني/ف12-أ-المدخل-والدرسان.md	288	2	رمز المثال	[م١-ب٢-ف١٢-مث١٥]	يُحفظ	معرّفٌ إنتاجيٌّ في المصدر؛ ويُطبع [ب٢-ف١٢-مث١٥] (يُحوَّل عند الإخراج)
book/الجزء-الأول/الباب-الثاني/ف12-ب-التطبيق-والتقويم.md	278	2	إحالة	في الباب الثالث	يُصحّح	يُزاد المجلد: «في المجلد 3، …»
book/الجزء-الأول/الباب-الثالث/00-فاتحة-الباب-الثالث.md	3	3	المستوى ن	المستوى ٢	يُصحّح	المستوى 3
book/الجزء-الأول/الباب-الثالث/00-فاتحة-الباب-الثالث.md	7	3	إحالة	في الباب الثاني	يُصحّح	يُزاد المجلد: «في المجلد 2، …»
book/الجزء-الأول/الباب-الثالث/ف01-أ-الاسمية-والفعلية.md	5	3	المستوى ن	المستوى ٢	يُصحّح	المستوى 3
book/الجزء-الأول/الباب-الثالث/ف01-أ-الاسمية-والفعلية.md	145	3	رمز المثال	[م١-ب٣-ف١-مث١]	يُحفظ	معرّفٌ إنتاجيٌّ في المصدر؛ ويُطبع [ب٣-ف١-مث١] (يُحوَّل عند الإخراج)
book/الجزء-الأول/الباب-الثالث/ف01-أ-الاسمية-والفعلية.md	149	3	رمز المثال	[م١-ب٣-ف١-مث٢]	يُحفظ	معرّفٌ إنتاجيٌّ في المصدر؛ ويُطبع [ب٣-ف١-مث٢] (يُحوَّل عند الإخراج)
book/الجزء-الأول/الباب-الثالث/ف01-أ-الاسمية-والفعلية.md	153	3	رمز المثال	[م١-ب٣-ف١-مث٣]	يُحفظ	معرّفٌ إنتاجيٌّ في المصدر؛ ويُطبع [ب٣-ف١-مث٣] (يُحوَّل عند الإخراج)
book/الجزء-الأول/الباب-الثالث/ف01-أ-الاسمية-والفعلية.md	157	3	رمز المثال	[م١-ب٣-ف١-مث٤]	يُحفظ	معرّفٌ إنتاجيٌّ في المصدر؛ ويُطبع [ب٣-ف١-مث٤] (يُحوَّل عند الإخراج)
book/الجزء-الأول/الباب-الثالث/ف01-أ-الاسمية-والفعلية.md	165	3	رمز المثال	[م١-ب٣-ف١-مث٥]	يُحفظ	معرّفٌ إنتاجيٌّ في المصدر؛ ويُطبع [ب٣-ف١-مث٥] (يُحوَّل عند الإخراج)
book/الجزء-الأول/الباب-الثالث/ف01-أ-الاسمية-والفعلية.md	175	3	رمز المثال	[م١-ب٣-ف١-مث٦]	يُحفظ	معرّفٌ إنتاجيٌّ في المصدر؛ ويُطبع [ب٣-ف١-مث٦] (يُحوَّل عند الإخراج)
book/الجزء-الأول/الباب-الثالث/ف01-أ-الاسمية-والفعلية.md	181	3	رمز المثال	[م١-ب٣-ف١-مث٧]	يُحفظ	معرّفٌ إنتاجيٌّ في المصدر؛ ويُطبع [ب٣-ف١-مث٧] (يُحوَّل عند الإخراج)
book/الجزء-الأول/الباب-الثالث/ف01-أ-الاسمية-والفعلية.md	191	3	رمز المثال	[م١-ب٣-ف١-مث٨]	يُحفظ	معرّفٌ إنتاجيٌّ في المصدر؛ ويُطبع [ب٣-ف١-مث٨] (يُحوَّل عند الإخراج)
book/الجزء-الأول/الباب-الثالث/ف01-أ-الاسمية-والفعلية.md	195	3	رمز المثال	[م١-ب٣-ف١-مث٩]	يُحفظ	معرّفٌ إنتاجيٌّ في المصدر؛ ويُطبع [ب٣-ف١-مث٩] (يُحوَّل عند الإخراج)
book/الجزء-الأول/الباب-الثالث/ف01-أ-الاسمية-والفعلية.md	203	3	رمز المثال	[م١-ب٣-ف١-مث١٠]	يُحفظ	معرّفٌ إنتاجيٌّ في المصدر؛ ويُطبع [ب٣-ف١-مث١٠] (يُحوَّل عند الإخراج)
book/الجزء-الأول/الباب-الثالث/ف01-أ-الاسمية-والفعلية.md	213	3	رمز المثال	[م١-ب٣-ف١-مث١١]	يُحفظ	معرّفٌ إنتاجيٌّ في المصدر؛ ويُطبع [ب٣-ف١-مث١١] (يُحوَّل عند الإخراج)
book/الجزء-الأول/الباب-الثالث/ف01-أ-الاسمية-والفعلية.md	217	3	رمز المثال	[م١-ب٣-ف١-مث١٢]	يُحفظ	معرّفٌ إنتاجيٌّ في المصدر؛ ويُطبع [ب٣-ف١-مث١٢] (يُحوَّل عند الإخراج)
book/الجزء-الأول/الباب-الثالث/ف01-أ-الاسمية-والفعلية.md	223	3	رمز المثال	[م١-ب٣-ف١-مث١٣]	يُحفظ	معرّفٌ إنتاجيٌّ في المصدر؛ ويُطبع [ب٣-ف١-مث١٣] (يُحوَّل عند الإخراج)
book/الجزء-الأول/الباب-الثالث/ف01-أ-الاسمية-والفعلية.md	233	3	رمز المثال	[م١-ب٣-ف١-مث١٤]	يُحفظ	معرّفٌ إنتاجيٌّ في المصدر؛ ويُطبع [ب٣-ف١-مث١٤] (يُحوَّل عند الإخراج)
book/الجزء-الأول/الباب-الثالث/ف01-أ-الاسمية-والفعلية.md	241	3	رمز المثال	[م١-ب٣-ف١-مث١٥]	يُحفظ	معرّفٌ إنتاجيٌّ في المصدر؛ ويُطبع [ب٣-ف١-مث١٥] (يُحوَّل عند الإخراج)
book/الجزء-الأول/الباب-الثالث/ف01-أ-الاسمية-والفعلية.md	251	3	رمز المثال	[م١-ب٣-ف١-مث١٦]	يُحفظ	معرّفٌ إنتاجيٌّ في المصدر؛ ويُطبع [ب٣-ف١-مث١٦] (يُحوَّل عند الإخراج)
book/الجزء-الأول/الباب-الثالث/ف01-أ-الاسمية-والفعلية.md	255	3	رمز المثال	[م١-ب٣-ف١-مث١٧]	يُحفظ	معرّفٌ إنتاجيٌّ في المصدر؛ ويُطبع [ب٣-ف١-مث١٧] (يُحوَّل عند الإخراج)
book/الجزء-الأول/الباب-الثالث/ف01-أ-الاسمية-والفعلية.md	261	3	رمز المثال	[م١-ب٣-ف١-مث١٨]	يُحفظ	معرّفٌ إنتاجيٌّ في المصدر؛ ويُطبع [ب٣-ف١-مث١٨] (يُحوَّل عند الإخراج)
book/الجزء-الأول/الباب-الثالث/ف01-أ-الاسمية-والفعلية.md	267	3	رمز المثال	[م١-ب٣-ف١-مث١٩]	يُحفظ	معرّفٌ إنتاجيٌّ في المصدر؛ ويُطبع [ب٣-ف١-مث١٩] (يُحوَّل عند الإخراج)
book/الجزء-الأول/الباب-الثالث/ف01-أ-الاسمية-والفعلية.md	377	3	رمز المثال	[م١-ب٣-ف١-مث٢٠]	يُحفظ	معرّفٌ إنتاجيٌّ في المصدر؛ ويُطبع [ب٣-ف١-مث٢٠] (يُحوَّل عند الإخراج)
book/الجزء-الأول/الباب-الثالث/ف01-أ-الاسمية-والفعلية.md	381	3	رمز المثال	[م١-ب٣-ف١-مث٢١]	يُحفظ	معرّفٌ إنتاجيٌّ في المصدر؛ ويُطبع [ب٣-ف١-مث٢١] (يُحوَّل عند الإخراج)
book/الجزء-الأول/الباب-الثالث/ف01-أ-الاسمية-والفعلية.md	385	3	رمز المثال	[م١-ب٣-ف١-مث٢٢]	يُحفظ	معرّفٌ إنتاجيٌّ في المصدر؛ ويُطبع [ب٣-ف١-مث٢٢] (يُحوَّل عند الإخراج)
book/الجزء-الأول/الباب-الثالث/ف01-أ-الاسمية-والفعلية.md	389	3	رمز المثال	[م١-ب٣-ف١-مث٢٣]	يُحفظ	معرّفٌ إنتاجيٌّ في المصدر؛ ويُطبع [ب٣-ف١-مث٢٣] (يُحوَّل عند الإخراج)
book/الجزء-الأول/الباب-الثالث/ف01-أ-الاسمية-والفعلية.md	395	3	رمز المثال	[م١-ب٣-ف١-مث٢٤]	يُحفظ	معرّفٌ إنتاجيٌّ في المصدر؛ ويُطبع [ب٣-ف١-مث٢٤] (يُحوَّل عند الإخراج)
book/الجزء-الأول/الباب-الثالث/ف01-أ-الاسمية-والفعلية.md	399	3	رمز المثال	[م١-ب٣-ف١-مث٢٥]	يُحفظ	معرّفٌ إنتاجيٌّ في المصدر؛ ويُطبع [ب٣-ف١-مث٢٥] (يُحوَّل عند الإخراج)
book/الجزء-الأول/الباب-الثالث/ف01-أ-الاسمية-والفعلية.md	403	3	رمز المثال	[م١-ب٣-ف١-مث٢٦]	يُحفظ	معرّفٌ إنتاجيٌّ في المصدر؛ ويُطبع [ب٣-ف١-مث٢٦] (يُحوَّل عند الإخراج)
book/الجزء-الأول/الباب-الثالث/ف01-أ-الاسمية-والفعلية.md	417	3	رمز المثال	[م١-ب٣-ف١-مث٢٧]	يُحفظ	معرّفٌ إنتاجيٌّ في المصدر؛ ويُطبع [ب٣-ف١-مث٢٧] (يُحوَّل عند الإخراج)
book/الجزء-الأول/الباب-الثالث/ف01-أ-الاسمية-والفعلية.md	425	3	رمز المثال	[م١-ب٣-ف١-مث٢٨]	يُحفظ	معرّفٌ إنتاجيٌّ في المصدر؛ ويُطبع [ب٣-ف١-مث٢٨] (يُحوَّل عند الإخراج)
book/الجزء-الأول/الباب-الثالث/ف01-أ-الاسمية-والفعلية.md	433	3	رمز المثال	[م١-ب٣-ف١-مث٢٩]	يُحفظ	معرّفٌ إنتاجيٌّ في المصدر؛ ويُطبع [ب٣-ف١-مث٢٩] (يُحوَّل عند الإخراج)
book/الجزء-الأول/الباب-الثالث/ف01-أ-الاسمية-والفعلية.md	439	3	رمز المثال	[م١-ب٣-ف١-مث٣٠]	يُحفظ	معرّفٌ إنتاجيٌّ في المصدر؛ ويُطبع [ب٣-ف١-مث٣٠] (يُحوَّل عند الإخراج)
book/الجزء-الأول/الباب-الثالث/ف01-أ-الاسمية-والفعلية.md	447	3	رمز المثال	[م١-ب٣-ف١-مث٣١]	يُحفظ	معرّفٌ إنتاجيٌّ في المصدر؛ ويُطبع [ب٣-ف١-مث٣١] (يُحوَّل عند الإخراج)
book/الجزء-الأول/الباب-الثالث/ف01-أ-الاسمية-والفعلية.md	451	3	رمز المثال	[م١-ب٣-ف١-مث٣٢]	يُحفظ	معرّفٌ إنتاجيٌّ في المصدر؛ ويُطبع [ب٣-ف١-مث٣٢] (يُحوَّل عند الإخراج)
book/الجزء-الأول/الباب-الثالث/ف01-أ-الاسمية-والفعلية.md	459	3	رمز المثال	[م١-ب٣-ف١-مث٣٣]	يُحفظ	معرّفٌ إنتاجيٌّ في المصدر؛ ويُطبع [ب٣-ف١-مث٣٣] (يُحوَّل عند الإخراج)
book/الجزء-الأول/الباب-الثالث/ف01-أ-الاسمية-والفعلية.md	489	3	رمز المثال	[م١-ب٣-ف١-مث٣٤]	يُحفظ	معرّفٌ إنتاجيٌّ في المصدر؛ ويُطبع [ب٣-ف١-مث٣٤] (يُحوَّل عند الإخراج)
book/الجزء-الأول/الباب-الثالث/ف01-ب-التطبيق-والتقويم.md	318	3	المستوى ن	المستوى ٢	يُصحّح	المستوى 3
book/الجزء-الأول/الباب-الثالث/ف02-أ-المطابقة.md	5	3	المستوى ن	المستوى ٢	يُصحّح	المستوى 3
book/الجزء-الأول/الباب-الثالث/ف02-أ-المطابقة.md	142	3	رمز المثال	[م١-ب٣-ف٢-مث١]	يُحفظ	معرّفٌ إنتاجيٌّ في المصدر؛ ويُطبع [ب٣-ف٢-مث١] (يُحوَّل عند الإخراج)
book/الجزء-الأول/الباب-الثالث/ف02-أ-المطابقة.md	146	3	رمز المثال	[م١-ب٣-ف٢-مث٢]	يُحفظ	معرّفٌ إنتاجيٌّ في المصدر؛ ويُطبع [ب٣-ف٢-مث٢] (يُحوَّل عند الإخراج)
book/الجزء-الأول/الباب-الثالث/ف02-أ-المطابقة.md	150	3	رمز المثال	[م١-ب٣-ف٢-مث٣]	يُحفظ	معرّفٌ إنتاجيٌّ في المصدر؛ ويُطبع [ب٣-ف٢-مث٣] (يُحوَّل عند الإخراج)
book/الجزء-الأول/الباب-الثالث/ف02-أ-المطابقة.md	154	3	رمز المثال	[م١-ب٣-ف٢-مث٤]	يُحفظ	معرّفٌ إنتاجيٌّ في المصدر؛ ويُطبع [ب٣-ف٢-مث٤] (يُحوَّل عند الإخراج)
book/الجزء-الأول/الباب-الثالث/ف02-أ-المطابقة.md	160	3	رمز المثال	[م١-ب٣-ف٢-مث٥]	يُحفظ	معرّفٌ إنتاجيٌّ في المصدر؛ ويُطبع [ب٣-ف٢-مث٥] (يُحوَّل عند الإخراج)
book/الجزء-الأول/الباب-الثالث/ف02-أ-المطابقة.md	170	3	رمز المثال	[م١-ب٣-ف٢-مث٦]	يُحفظ	معرّفٌ إنتاجيٌّ في المصدر؛ ويُطبع [ب٣-ف٢-مث٦] (يُحوَّل عند الإخراج)
book/الجزء-الأول/الباب-الثالث/ف02-أ-المطابقة.md	174	3	رمز المثال	[م١-ب٣-ف٢-مث٧]	يُحفظ	معرّفٌ إنتاجيٌّ في المصدر؛ ويُطبع [ب٣-ف٢-مث٧] (يُحوَّل عند الإخراج)
book/الجزء-الأول/الباب-الثالث/ف02-أ-المطابقة.md	182	3	رمز المثال	[م١-ب٣-ف٢-مث٨]	يُحفظ	معرّفٌ إنتاجيٌّ في المصدر؛ ويُطبع [ب٣-ف٢-مث٨] (يُحوَّل عند الإخراج)
book/الجزء-الأول/الباب-الثالث/ف02-أ-المطابقة.md	186	3	رمز المثال	[م١-ب٣-ف٢-مث٩]	يُحفظ	معرّفٌ إنتاجيٌّ في المصدر؛ ويُطبع [ب٣-ف٢-مث٩] (يُحوَّل عند الإخراج)
book/الجزء-الأول/الباب-الثالث/ف02-أ-المطابقة.md	190	3	رمز المثال	[م١-ب٣-ف٢-مث١٠]	يُحفظ	معرّفٌ إنتاجيٌّ في المصدر؛ ويُطبع [ب٣-ف٢-مث١٠] (يُحوَّل عند الإخراج)
book/الجزء-الأول/الباب-الثالث/ف02-أ-المطابقة.md	196	3	رمز المثال	[م١-ب٣-ف٢-مث١١]	يُحفظ	معرّفٌ إنتاجيٌّ في المصدر؛ ويُطبع [ب٣-ف٢-مث١١] (يُحوَّل عند الإخراج)
book/الجزء-الأول/الباب-الثالث/ف02-أ-المطابقة.md	200	3	رمز المثال	[م١-ب٣-ف٢-مث١٢]	يُحفظ	معرّفٌ إنتاجيٌّ في المصدر؛ ويُطبع [ب٣-ف٢-مث١٢] (يُحوَّل عند الإخراج)
book/الجزء-الأول/الباب-الثالث/ف02-أ-المطابقة.md	206	3	رمز المثال	[م١-ب٣-ف٢-مث١٣]	يُحفظ	معرّفٌ إنتاجيٌّ في المصدر؛ ويُطبع [ب٣-ف٢-مث١٣] (يُحوَّل عند الإخراج)
book/الجزء-الأول/الباب-الثالث/ف02-أ-المطابقة.md	223	3	رمز المثال	[م١-ب٣-ف٢-مث١٤]	يُحفظ	معرّفٌ إنتاجيٌّ في المصدر؛ ويُطبع [ب٣-ف٢-مث١٤] (يُحوَّل عند الإخراج)
book/الجزء-الأول/الباب-الثالث/ف02-أ-المطابقة.md	227	3	رمز المثال	[م١-ب٣-ف٢-مث١٥]	يُحفظ	معرّفٌ إنتاجيٌّ في المصدر؛ ويُطبع [ب٣-ف٢-مث١٥] (يُحوَّل عند الإخراج)
book/الجزء-الأول/الباب-الثالث/ف02-أ-المطابقة.md	231	3	رمز المثال	[م١-ب٣-ف٢-مث١٦]	يُحفظ	معرّفٌ إنتاجيٌّ في المصدر؛ ويُطبع [ب٣-ف٢-مث١٦] (يُحوَّل عند الإخراج)
book/الجزء-الأول/الباب-الثالث/ف02-أ-المطابقة.md	241	3	رمز المثال	[م١-ب٣-ف٢-مث١٧]	يُحفظ	معرّفٌ إنتاجيٌّ في المصدر؛ ويُطبع [ب٣-ف٢-مث١٧] (يُحوَّل عند الإخراج)
book/الجزء-الأول/الباب-الثالث/ف02-أ-المطابقة.md	247	3	رمز المثال	[م١-ب٣-ف٢-مث١٨]	يُحفظ	معرّفٌ إنتاجيٌّ في المصدر؛ ويُطبع [ب٣-ف٢-مث١٨] (يُحوَّل عند الإخراج)
book/الجزء-الأول/الباب-الثالث/ف02-ب-الإعراب-والنواسخ.md	41	3	رمز المثال	[م١-ب٣-ف٢-مث١٩]	يُحفظ	معرّفٌ إنتاجيٌّ في المصدر؛ ويُطبع [ب٣-ف٢-مث١٩] (يُحوَّل عند الإخراج)
book/الجزء-الأول/الباب-الثالث/ف02-ب-الإعراب-والنواسخ.md	47	3	رمز المثال	[م١-ب٣-ف٢-مث٢٠]	يُحفظ	معرّفٌ إنتاجيٌّ في المصدر؛ ويُطبع [ب٣-ف٢-مث٢٠] (يُحوَّل عند الإخراج)
book/الجزء-الأول/الباب-الثالث/ف02-ب-الإعراب-والنواسخ.md	51	3	رمز المثال	[م١-ب٣-ف٢-مث٢١]	يُحفظ	معرّفٌ إنتاجيٌّ في المصدر؛ ويُطبع [ب٣-ف٢-مث٢١] (يُحوَّل عند الإخراج)
book/الجزء-الأول/الباب-الثالث/ف02-ب-الإعراب-والنواسخ.md	55	3	رمز المثال	[م١-ب٣-ف٢-مث٢٢]	يُحفظ	معرّفٌ إنتاجيٌّ في المصدر؛ ويُطبع [ب٣-ف٢-مث٢٢] (يُحوَّل عند الإخراج)
book/الجزء-الأول/الباب-الثالث/ف02-ب-الإعراب-والنواسخ.md	61	3	رمز المثال	[م١-ب٣-ف٢-مث٢٣]	يُحفظ	معرّفٌ إنتاجيٌّ في المصدر؛ ويُطبع [ب٣-ف٢-مث٢٣] (يُحوَّل عند الإخراج)
book/الجزء-الأول/الباب-الثالث/ف02-ب-الإعراب-والنواسخ.md	71	3	رمز المثال	[م١-ب٣-ف٢-مث٢٤]	يُحفظ	معرّفٌ إنتاجيٌّ في المصدر؛ ويُطبع [ب٣-ف٢-مث٢٤] (يُحوَّل عند الإخراج)
book/الجزء-الأول/الباب-الثالث/ف02-ب-الإعراب-والنواسخ.md	77	3	رمز المثال	[م١-ب٣-ف٢-مث٢٥]	يُحفظ	معرّفٌ إنتاجيٌّ في المصدر؛ ويُطبع [ب٣-ف٢-مث٢٥] (يُحوَّل عند الإخراج)
book/الجزء-الأول/الباب-الثالث/ف02-ب-الإعراب-والنواسخ.md	98	3	رمز المثال	[م١-ب٣-ف٢-مث٢٦]	يُحفظ	معرّفٌ إنتاجيٌّ في المصدر؛ ويُطبع [ب٣-ف٢-مث٢٦] (يُحوَّل عند الإخراج)
book/الجزء-الأول/الباب-الثالث/ف02-ب-الإعراب-والنواسخ.md	102	3	رمز المثال	[م١-ب٣-ف٢-مث٢٧]	يُحفظ	معرّفٌ إنتاجيٌّ في المصدر؛ ويُطبع [ب٣-ف٢-مث٢٧] (يُحوَّل عند الإخراج)
book/الجزء-الأول/الباب-الثالث/ف02-ب-الإعراب-والنواسخ.md	106	3	رمز المثال	[م١-ب٣-ف٢-مث٢٨]	يُحفظ	معرّفٌ إنتاجيٌّ في المصدر؛ ويُطبع [ب٣-ف٢-مث٢٨] (يُحوَّل عند الإخراج)
book/الجزء-الأول/الباب-الثالث/ف02-ب-الإعراب-والنواسخ.md	112	3	إحالة	انظر الباب الثاني، الفصل العاشر	يُصحّح	يُزاد المجلد: «في المجلد 2، …»
book/الجزء-الأول/الباب-الثالث/ف02-ب-الإعراب-والنواسخ.md	194	3	رمز المثال	[م١-ب٣-ف٢-مث٢٩]	يُحفظ	معرّفٌ إنتاجيٌّ في المصدر؛ ويُطبع [ب٣-ف٢-مث٢٩] (يُحوَّل عند الإخراج)
book/الجزء-الأول/الباب-الثالث/ف02-ب-الإعراب-والنواسخ.md	198	3	رمز المثال	[م١-ب٣-ف٢-مث٣٠]	يُحفظ	معرّفٌ إنتاجيٌّ في المصدر؛ ويُطبع [ب٣-ف٢-مث٣٠] (يُحوَّل عند الإخراج)
book/الجزء-الأول/الباب-الثالث/ف02-ب-الإعراب-والنواسخ.md	204	3	رمز المثال	[م١-ب٣-ف٢-مث٣١]	يُحفظ	معرّفٌ إنتاجيٌّ في المصدر؛ ويُطبع [ب٣-ف٢-مث٣١] (يُحوَّل عند الإخراج)
book/الجزء-الأول/الباب-الثالث/ف02-ب-الإعراب-والنواسخ.md	210	3	رمز المثال	[م١-ب٣-ف٢-مث٣٢]	يُحفظ	معرّفٌ إنتاجيٌّ في المصدر؛ ويُطبع [ب٣-ف٢-مث٣٢] (يُحوَّل عند الإخراج)
book/الجزء-الأول/الباب-الثالث/ف02-ب-الإعراب-والنواسخ.md	216	3	رمز المثال	[م١-ب٣-ف٢-مث٣٣]	يُحفظ	معرّفٌ إنتاجيٌّ في المصدر؛ ويُطبع [ب٣-ف٢-مث٣٣] (يُحوَّل عند الإخراج)
book/الجزء-الأول/الباب-الثالث/ف02-ب-الإعراب-والنواسخ.md	220	3	رمز المثال	[م١-ب٣-ف٢-مث٣٤]	يُحفظ	معرّفٌ إنتاجيٌّ في المصدر؛ ويُطبع [ب٣-ف٢-مث٣٤] (يُحوَّل عند الإخراج)
book/الجزء-الأول/الباب-الثالث/ف02-ب-الإعراب-والنواسخ.md	224	3	رمز المثال	[م١-ب٣-ف٢-مث٣٥]	يُحفظ	معرّفٌ إنتاجيٌّ في المصدر؛ ويُطبع [ب٣-ف٢-مث٣٥] (يُحوَّل عند الإخراج)
book/الجزء-الأول/الباب-الثالث/ف02-ب-الإعراب-والنواسخ.md	234	3	رمز المثال	[م١-ب٣-ف٢-مث٣٦]	يُحفظ	معرّفٌ إنتاجيٌّ في المصدر؛ ويُطبع [ب٣-ف٢-مث٣٦] (يُحوَّل عند الإخراج)
book/الجزء-الأول/الباب-الثالث/ف02-ب-الإعراب-والنواسخ.md	240	3	رمز المثال	[م١-ب٣-ف٢-مث٣٧]	يُحفظ	معرّفٌ إنتاجيٌّ في المصدر؛ ويُطبع [ب٣-ف٢-مث٣٧] (يُحوَّل عند الإخراج)
book/الجزء-الأول/الباب-الثالث/ف02-ب-الإعراب-والنواسخ.md	244	3	رمز المثال	[م١-ب٣-ف٢-مث٣٨]	يُحفظ	معرّفٌ إنتاجيٌّ في المصدر؛ ويُطبع [ب٣-ف٢-مث٣٨] (يُحوَّل عند الإخراج)
book/الجزء-الأول/الباب-الثالث/ف02-ب-الإعراب-والنواسخ.md	248	3	رمز المثال	[م١-ب٣-ف٢-مث٣٩]	يُحفظ	معرّفٌ إنتاجيٌّ في المصدر؛ ويُطبع [ب٣-ف٢-مث٣٩] (يُحوَّل عند الإخراج)
book/الجزء-الأول/الباب-الثالث/ف02-ب-الإعراب-والنواسخ.md	258	3	رمز المثال	[م١-ب٣-ف٢-مث٤٠]	يُحفظ	معرّفٌ إنتاجيٌّ في المصدر؛ ويُطبع [ب٣-ف٢-مث٤٠] (يُحوَّل عند الإخراج)
book/الجزء-الأول/الباب-الثالث/ف02-ب-الإعراب-والنواسخ.md	262	3	رمز المثال	[م١-ب٣-ف٢-مث٤١]	يُحفظ	معرّفٌ إنتاجيٌّ في المصدر؛ ويُطبع [ب٣-ف٢-مث٤١] (يُحوَّل عند الإخراج)
book/الجزء-الأول/الباب-الثالث/ف02-ب-الإعراب-والنواسخ.md	266	3	رمز المثال	[م١-ب٣-ف٢-مث٤٢]	يُحفظ	معرّفٌ إنتاجيٌّ في المصدر؛ ويُطبع [ب٣-ف٢-مث٤٢] (يُحوَّل عند الإخراج)
book/الجزء-الأول/الباب-الثالث/ف02-ب-الإعراب-والنواسخ.md	272	3	رمز المثال	[م١-ب٣-ف٢-مث٤٣]	يُحفظ	معرّفٌ إنتاجيٌّ في المصدر؛ ويُطبع [ب٣-ف٢-مث٤٣] (يُحوَّل عند الإخراج)
book/الجزء-الأول/الباب-الثالث/ف02-ب-الإعراب-والنواسخ.md	282	3	رمز المثال	[م١-ب٣-ف٢-مث٤٤]	يُحفظ	معرّفٌ إنتاجيٌّ في المصدر؛ ويُطبع [ب٣-ف٢-مث٤٤] (يُحوَّل عند الإخراج)
book/الجزء-الأول/الباب-الثالث/ف02-ب-الإعراب-والنواسخ.md	286	3	رمز المثال	[م١-ب٣-ف٢-مث٤٥]	يُحفظ	معرّفٌ إنتاجيٌّ في المصدر؛ ويُطبع [ب٣-ف٢-مث٤٥] (يُحوَّل عند الإخراج)
book/الجزء-الأول/الباب-الثالث/ف02-ب-الإعراب-والنواسخ.md	292	3	رمز المثال	[م١-ب٣-ف٢-مث٤٦]	يُحفظ	معرّفٌ إنتاجيٌّ في المصدر؛ ويُطبع [ب٣-ف٢-مث٤٦] (يُحوَّل عند الإخراج)
book/الجزء-الأول/الباب-الثالث/ف02-ب-الإعراب-والنواسخ.md	296	3	رمز المثال	[م١-ب٣-ف٢-مث٤٧]	يُحفظ	معرّفٌ إنتاجيٌّ في المصدر؛ ويُطبع [ب٣-ف٢-مث٤٧] (يُحوَّل عند الإخراج)
book/الجزء-الأول/الباب-الثالث/ف02-ب-الإعراب-والنواسخ.md	300	3	رمز المثال	[م١-ب٣-ف٢-مث٤٨]	يُحفظ	معرّفٌ إنتاجيٌّ في المصدر؛ ويُطبع [ب٣-ف٢-مث٤٨] (يُحوَّل عند الإخراج)
book/الجزء-الأول/الباب-الثالث/ف02-ب-الإعراب-والنواسخ.md	317	3	رمز المثال	[م١-ب٣-ف٢-مث٤٩]	يُحفظ	معرّفٌ إنتاجيٌّ في المصدر؛ ويُطبع [ب٣-ف٢-مث٤٩] (يُحوَّل عند الإخراج)
book/الجزء-الأول/الباب-الثالث/ف02-ب-الإعراب-والنواسخ.md	321	3	رمز المثال	[م١-ب٣-ف٢-مث٥٠]	يُحفظ	معرّفٌ إنتاجيٌّ في المصدر؛ ويُطبع [ب٣-ف٢-مث٥٠] (يُحوَّل عند الإخراج)
book/الجزء-الأول/الباب-الثالث/ف02-ب-الإعراب-والنواسخ.md	325	3	رمز المثال	[م١-ب٣-ف٢-مث٥١]	يُحفظ	معرّفٌ إنتاجيٌّ في المصدر؛ ويُطبع [ب٣-ف٢-مث٥١] (يُحوَّل عند الإخراج)
book/الجزء-الأول/الباب-الثالث/ف02-ب-الإعراب-والنواسخ.md	329	3	رمز المثال	[م١-ب٣-ف٢-مث٥٢]	يُحفظ	معرّفٌ إنتاجيٌّ في المصدر؛ ويُطبع [ب٣-ف٢-مث٥٢] (يُحوَّل عند الإخراج)
book/الجزء-الأول/الباب-الثالث/ف02-ب-الإعراب-والنواسخ.md	333	3	رمز المثال	[م١-ب٣-ف٢-مث٥٣]	يُحفظ	معرّفٌ إنتاجيٌّ في المصدر؛ ويُطبع [ب٣-ف٢-مث٥٣] (يُحوَّل عند الإخراج)
book/الجزء-الأول/الباب-الثالث/ف02-ب-الإعراب-والنواسخ.md	343	3	رمز المثال	[م١-ب٣-ف٢-مث٥٤]	يُحفظ	معرّفٌ إنتاجيٌّ في المصدر؛ ويُطبع [ب٣-ف٢-مث٥٤] (يُحوَّل عند الإخراج)
book/الجزء-الأول/الباب-الثالث/ف02-ب-الإعراب-والنواسخ.md	347	3	رمز المثال	[م١-ب٣-ف٢-مث٥٥]	يُحفظ	معرّفٌ إنتاجيٌّ في المصدر؛ ويُطبع [ب٣-ف٢-مث٥٥] (يُحوَّل عند الإخراج)
book/الجزء-الأول/الباب-الثالث/ف02-ب-الإعراب-والنواسخ.md	351	3	رمز المثال	[م١-ب٣-ف٢-مث٥٦]	يُحفظ	معرّفٌ إنتاجيٌّ في المصدر؛ ويُطبع [ب٣-ف٢-مث٥٦] (يُحوَّل عند الإخراج)
book/الجزء-الأول/الباب-الثالث/ف02-ب-الإعراب-والنواسخ.md	379	3	رمز المثال	[م١-ب٣-ف٢-مث٥٧]	يُحفظ	معرّفٌ إنتاجيٌّ في المصدر؛ ويُطبع [ب٣-ف٢-مث٥٧] (يُحوَّل عند الإخراج)
book/الجزء-الأول/الباب-الثالث/ف02-ب-الإعراب-والنواسخ.md	385	3	رمز المثال	[م١-ب٣-ف٢-مث٥٨]	يُحفظ	معرّفٌ إنتاجيٌّ في المصدر؛ ويُطبع [ب٣-ف٢-مث٥٨] (يُحوَّل عند الإخراج)
book/الجزء-الأول/الباب-الثالث/ف02-ب-الإعراب-والنواسخ.md	389	3	رمز المثال	[م١-ب٣-ف٢-مث٥٩]	يُحفظ	معرّفٌ إنتاجيٌّ في المصدر؛ ويُطبع [ب٣-ف٢-مث٥٩] (يُحوَّل عند الإخراج)
book/الجزء-الأول/الباب-الثالث/ف02-ب-الإعراب-والنواسخ.md	393	3	رمز المثال	[م١-ب٣-ف٢-مث٦٠]	يُحفظ	معرّفٌ إنتاجيٌّ في المصدر؛ ويُطبع [ب٣-ف٢-مث٦٠] (يُحوَّل عند الإخراج)
book/الجزء-الأول/الباب-الثالث/ف02-ب-الإعراب-والنواسخ.md	399	3	رمز المثال	[م١-ب٣-ف٢-مث٦١]	يُحفظ	معرّفٌ إنتاجيٌّ في المصدر؛ ويُطبع [ب٣-ف٢-مث٦١] (يُحوَّل عند الإخراج)
book/الجزء-الأول/الباب-الثالث/ف02-ب-الإعراب-والنواسخ.md	403	3	رمز المثال	[م١-ب٣-ف٢-مث٦٢]	يُحفظ	معرّفٌ إنتاجيٌّ في المصدر؛ ويُطبع [ب٣-ف٢-مث٦٢] (يُحوَّل عند الإخراج)
book/الجزء-الأول/الباب-الثالث/ف02-ب-الإعراب-والنواسخ.md	407	3	رمز المثال	[م١-ب٣-ف٢-مث٦٣]	يُحفظ	معرّفٌ إنتاجيٌّ في المصدر؛ ويُطبع [ب٣-ف٢-مث٦٣] (يُحوَّل عند الإخراج)
book/الجزء-الأول/الباب-الثالث/ف02-ب-الإعراب-والنواسخ.md	411	3	رمز المثال	[م١-ب٣-ف٢-مث٦٤]	يُحفظ	معرّفٌ إنتاجيٌّ في المصدر؛ ويُطبع [ب٣-ف٢-مث٦٤] (يُحوَّل عند الإخراج)
book/الجزء-الأول/الباب-الثالث/ف02-ب-الإعراب-والنواسخ.md	417	3	رمز المثال	[م١-ب٣-ف٢-مث٦٥]	يُحفظ	معرّفٌ إنتاجيٌّ في المصدر؛ ويُطبع [ب٣-ف٢-مث٦٥] (يُحوَّل عند الإخراج)
book/الجزء-الأول/الباب-الثالث/ف02-ب-الإعراب-والنواسخ.md	429	3	المستوى ن	المستوى ٢	يُصحّح	المستوى 3
book/الجزء-الأول/الباب-الثالث/ف02-ب-الإعراب-والنواسخ.md	442	3	المستوى ن	المستوى ٢	يُصحّح	المستوى 3
book/الجزء-الأول/الباب-الثالث/ف02-ج-التطبيق-والتقويم.md	428	3	المستوى ن	المستوى ٢	يُصحّح	المستوى 3
book/الجزء-الأول/الباب-الثالث/ف03-أ-الأوزان-والمصادر.md	5	3	المستوى ن	المستوى ٢	يُصحّح	المستوى 3
book/الجزء-الأول/الباب-الثالث/ف03-أ-الأوزان-والمصادر.md	77	3	رمز المثال	[م١-ب٣-ف٣-مث١]	يُحفظ	معرّفٌ إنتاجيٌّ في المصدر؛ ويُطبع [ب٣-ف٣-مث١] (يُحوَّل عند الإخراج)
book/الجزء-الأول/الباب-الثالث/ف03-أ-الأوزان-والمصادر.md	81	3	رمز المثال	[م١-ب٣-ف٣-مث٢]	يُحفظ	معرّفٌ إنتاجيٌّ في المصدر؛ ويُطبع [ب٣-ف٣-مث٢] (يُحوَّل عند الإخراج)
book/الجزء-الأول/الباب-الثالث/ف03-أ-الأوزان-والمصادر.md	124	3	رمز المثال	[م١-ب٣-ف٣-مث٣]	يُحفظ	معرّفٌ إنتاجيٌّ في المصدر؛ ويُطبع [ب٣-ف٣-مث٣] (يُحوَّل عند الإخراج)
book/الجزء-الأول/الباب-الثالث/ف03-أ-الأوزان-والمصادر.md	128	3	رمز المثال	[م١-ب٣-ف٣-مث٤]	يُحفظ	معرّفٌ إنتاجيٌّ في المصدر؛ ويُطبع [ب٣-ف٣-مث٤] (يُحوَّل عند الإخراج)
book/الجزء-الأول/الباب-الثالث/ف03-أ-الأوزان-والمصادر.md	132	3	رمز المثال	[م١-ب٣-ف٣-مث٥]	يُحفظ	معرّفٌ إنتاجيٌّ في المصدر؛ ويُطبع [ب٣-ف٣-مث٥] (يُحوَّل عند الإخراج)
book/الجزء-الأول/الباب-الثالث/ف03-أ-الأوزان-والمصادر.md	136	3	رمز المثال	[م١-ب٣-ف٣-مث٦]	يُحفظ	معرّفٌ إنتاجيٌّ في المصدر؛ ويُطبع [ب٣-ف٣-مث٦] (يُحوَّل عند الإخراج)
book/الجزء-الأول/الباب-الثالث/ف03-أ-الأوزان-والمصادر.md	140	3	رمز المثال	[م١-ب٣-ف٣-مث٧]	يُحفظ	معرّفٌ إنتاجيٌّ في المصدر؛ ويُطبع [ب٣-ف٣-مث٧] (يُحوَّل عند الإخراج)
book/الجزء-الأول/الباب-الثالث/ف03-أ-الأوزان-والمصادر.md	144	3	رمز المثال	[م١-ب٣-ف٣-مث٨]	يُحفظ	معرّفٌ إنتاجيٌّ في المصدر؛ ويُطبع [ب٣-ف٣-مث٨] (يُحوَّل عند الإخراج)
book/الجزء-الأول/الباب-الثالث/ف03-أ-الأوزان-والمصادر.md	148	3	رمز المثال	[م١-ب٣-ف٣-مث٩]	يُحفظ	معرّفٌ إنتاجيٌّ في المصدر؛ ويُطبع [ب٣-ف٣-مث٩] (يُحوَّل عند الإخراج)
book/الجزء-الأول/الباب-الثالث/ف03-أ-الأوزان-والمصادر.md	167	3	رمز المثال	[م١-ب٣-ف٣-مث١٠]	يُحفظ	معرّفٌ إنتاجيٌّ في المصدر؛ ويُطبع [ب٣-ف٣-مث١٠] (يُحوَّل عند الإخراج)
book/الجزء-الأول/الباب-الثالث/ف03-أ-الأوزان-والمصادر.md	171	3	رمز المثال	[م١-ب٣-ف٣-مث١١]	يُحفظ	معرّفٌ إنتاجيٌّ في المصدر؛ ويُطبع [ب٣-ف٣-مث١١] (يُحوَّل عند الإخراج)
book/الجزء-الأول/الباب-الثالث/ف03-أ-الأوزان-والمصادر.md	179	3	رمز المثال	[م١-ب٣-ف٣-مث١٢]	يُحفظ	معرّفٌ إنتاجيٌّ في المصدر؛ ويُطبع [ب٣-ف٣-مث١٢] (يُحوَّل عند الإخراج)
book/الجزء-الأول/الباب-الثالث/ف03-ب-النسبة-والجموع-والمعتل.md	28	3	رمز المثال	[م١-ب٣-ف٣-مث١٣]	يُحفظ	معرّفٌ إنتاجيٌّ في المصدر؛ ويُطبع [ب٣-ف٣-مث١٣] (يُحوَّل عند الإخراج)
book/الجزء-الأول/الباب-الثالث/ف03-ب-النسبة-والجموع-والمعتل.md	32	3	رمز المثال	[م١-ب٣-ف٣-مث١٤]	يُحفظ	معرّفٌ إنتاجيٌّ في المصدر؛ ويُطبع [ب٣-ف٣-مث١٤] (يُحوَّل عند الإخراج)
book/الجزء-الأول/الباب-الثالث/ف03-ب-النسبة-والجموع-والمعتل.md	36	3	رمز المثال	[م١-ب٣-ف٣-مث١٥]	يُحفظ	معرّفٌ إنتاجيٌّ في المصدر؛ ويُطبع [ب٣-ف٣-مث١٥] (يُحوَّل عند الإخراج)
book/الجزء-الأول/الباب-الثالث/ف03-ب-النسبة-والجموع-والمعتل.md	42	3	رمز المثال	[م١-ب٣-ف٣-مث١٦]	يُحفظ	معرّفٌ إنتاجيٌّ في المصدر؛ ويُطبع [ب٣-ف٣-مث١٦] (يُحوَّل عند الإخراج)
book/الجزء-الأول/الباب-الثالث/ف03-ب-النسبة-والجموع-والمعتل.md	48	3	رمز المثال	[م١-ب٣-ف٣-مث١٧]	يُحفظ	معرّفٌ إنتاجيٌّ في المصدر؛ ويُطبع [ب٣-ف٣-مث١٧] (يُحوَّل عند الإخراج)
book/الجزء-الأول/الباب-الثالث/ف03-ب-النسبة-والجموع-والمعتل.md	71	3	رمز المثال	[م١-ب٣-ف٣-مث١٨]	يُحفظ	معرّفٌ إنتاجيٌّ في المصدر؛ ويُطبع [ب٣-ف٣-مث١٨] (يُحوَّل عند الإخراج)
book/الجزء-الأول/الباب-الثالث/ف03-ب-النسبة-والجموع-والمعتل.md	75	3	رمز المثال	[م١-ب٣-ف٣-مث١٩]	يُحفظ	معرّفٌ إنتاجيٌّ في المصدر؛ ويُطبع [ب٣-ف٣-مث١٩] (يُحوَّل عند الإخراج)
book/الجزء-الأول/الباب-الثالث/ف03-ب-النسبة-والجموع-والمعتل.md	79	3	رمز المثال	[م١-ب٣-ف٣-مث٢٠]	يُحفظ	معرّفٌ إنتاجيٌّ في المصدر؛ ويُطبع [ب٣-ف٣-مث٢٠] (يُحوَّل عند الإخراج)
book/الجزء-الأول/الباب-الثالث/ف03-ب-النسبة-والجموع-والمعتل.md	83	3	رمز المثال	[م١-ب٣-ف٣-مث٢١]	يُحفظ	معرّفٌ إنتاجيٌّ في المصدر؛ ويُطبع [ب٣-ف٣-مث٢١] (يُحوَّل عند الإخراج)
book/الجزء-الأول/الباب-الثالث/ف03-ب-النسبة-والجموع-والمعتل.md	87	3	رمز المثال	[م١-ب٣-ف٣-مث٢٢]	يُحفظ	معرّفٌ إنتاجيٌّ في المصدر؛ ويُطبع [ب٣-ف٣-مث٢٢] (يُحوَّل عند الإخراج)
book/الجزء-الأول/الباب-الثالث/ف03-ب-النسبة-والجموع-والمعتل.md	91	3	رمز المثال	[م١-ب٣-ف٣-مث٢٣]	يُحفظ	معرّفٌ إنتاجيٌّ في المصدر؛ ويُطبع [ب٣-ف٣-مث٢٣] (يُحوَّل عند الإخراج)
book/الجزء-الأول/الباب-الثالث/ف03-ب-النسبة-والجموع-والمعتل.md	101	3	رمز المثال	[م١-ب٣-ف٣-مث٢٤]	يُحفظ	معرّفٌ إنتاجيٌّ في المصدر؛ ويُطبع [ب٣-ف٣-مث٢٤] (يُحوَّل عند الإخراج)
book/الجزء-الأول/الباب-الثالث/ف03-ب-النسبة-والجموع-والمعتل.md	117	3	رمز المثال	[م١-ب٣-ف٣-مث٢٥]	يُحفظ	معرّفٌ إنتاجيٌّ في المصدر؛ ويُطبع [ب٣-ف٣-مث٢٥] (يُحوَّل عند الإخراج)
book/الجزء-الأول/الباب-الثالث/ف03-ب-النسبة-والجموع-والمعتل.md	123	3	رمز المثال	[م١-ب٣-ف٣-مث٢٦]	يُحفظ	معرّفٌ إنتاجيٌّ في المصدر؛ ويُطبع [ب٣-ف٣-مث٢٦] (يُحوَّل عند الإخراج)
book/الجزء-الأول/الباب-الثالث/ف03-ب-النسبة-والجموع-والمعتل.md	127	3	رمز المثال	[م١-ب٣-ف٣-مث٢٧]	يُحفظ	معرّفٌ إنتاجيٌّ في المصدر؛ ويُطبع [ب٣-ف٣-مث٢٧] (يُحوَّل عند الإخراج)
book/الجزء-الأول/الباب-الثالث/ف03-ب-النسبة-والجموع-والمعتل.md	139	3	رمز المثال	[م١-ب٣-ف٣-مث٢٨]	يُحفظ	معرّفٌ إنتاجيٌّ في المصدر؛ ويُطبع [ب٣-ف٣-مث٢٨] (يُحوَّل عند الإخراج)
book/الجزء-الأول/الباب-الثالث/ف03-ب-النسبة-والجموع-والمعتل.md	143	3	رمز المثال	[م١-ب٣-ف٣-مث٢٩]	يُحفظ	معرّفٌ إنتاجيٌّ في المصدر؛ ويُطبع [ب٣-ف٣-مث٢٩] (يُحوَّل عند الإخراج)
book/الجزء-الأول/الباب-الثالث/ف03-ب-النسبة-والجموع-والمعتل.md	147	3	رمز المثال	[م١-ب٣-ف٣-مث٣٠]	يُحفظ	معرّفٌ إنتاجيٌّ في المصدر؛ ويُطبع [ب٣-ف٣-مث٣٠] (يُحوَّل عند الإخراج)
book/الجزء-الأول/الباب-الثالث/ف03-ب-النسبة-والجموع-والمعتل.md	151	3	رمز المثال	[م١-ب٣-ف٣-مث٣١]	يُحفظ	معرّفٌ إنتاجيٌّ في المصدر؛ ويُطبع [ب٣-ف٣-مث٣١] (يُحوَّل عند الإخراج)
book/الجزء-الأول/الباب-الثالث/ف03-ب-النسبة-والجموع-والمعتل.md	157	3	رمز المثال	[م١-ب٣-ف٣-مث٣٢]	يُحفظ	معرّفٌ إنتاجيٌّ في المصدر؛ ويُطبع [ب٣-ف٣-مث٣٢] (يُحوَّل عند الإخراج)
book/الجزء-الأول/الباب-الثالث/ف03-ب-النسبة-والجموع-والمعتل.md	161	3	رمز المثال	[م١-ب٣-ف٣-مث٣٣]	يُحفظ	معرّفٌ إنتاجيٌّ في المصدر؛ ويُطبع [ب٣-ف٣-مث٣٣] (يُحوَّل عند الإخراج)
book/الجزء-الأول/الباب-الثالث/ف03-ب-النسبة-والجموع-والمعتل.md	165	3	رمز المثال	[م١-ب٣-ف٣-مث٣٤]	يُحفظ	معرّفٌ إنتاجيٌّ في المصدر؛ ويُطبع [ب٣-ف٣-مث٣٤] (يُحوَّل عند الإخراج)
book/الجزء-الأول/الباب-الثالث/ف03-ب-النسبة-والجموع-والمعتل.md	169	3	رمز المثال	[م١-ب٣-ف٣-مث٣٥]	يُحفظ	معرّفٌ إنتاجيٌّ في المصدر؛ ويُطبع [ب٣-ف٣-مث٣٥] (يُحوَّل عند الإخراج)
book/الجزء-الأول/الباب-الثالث/ف03-ب-النسبة-والجموع-والمعتل.md	175	3	رمز المثال	[م١-ب٣-ف٣-مث٣٦]	يُحفظ	معرّفٌ إنتاجيٌّ في المصدر؛ ويُطبع [ب٣-ف٣-مث٣٦] (يُحوَّل عند الإخراج)
book/الجزء-الأول/الباب-الثالث/ف03-ب-النسبة-والجموع-والمعتل.md	179	3	رمز المثال	[م١-ب٣-ف٣-مث٣٧]	يُحفظ	معرّفٌ إنتاجيٌّ في المصدر؛ ويُطبع [ب٣-ف٣-مث٣٧] (يُحوَّل عند الإخراج)
book/الجزء-الأول/الباب-الثالث/ف03-ب-النسبة-والجموع-والمعتل.md	191	3	رمز المثال	[م١-ب٣-ف٣-مث٣٨]	يُحفظ	معرّفٌ إنتاجيٌّ في المصدر؛ ويُطبع [ب٣-ف٣-مث٣٨] (يُحوَّل عند الإخراج)
book/الجزء-الأول/الباب-الثالث/ف04-أ-التذكير-والتأنيث-والعدد.md	5	3	المستوى ن	المستوى ٢	يُصحّح	المستوى 3
book/الجزء-الأول/الباب-الثالث/ف04-أ-التذكير-والتأنيث-والعدد.md	78	3	رمز المثال	[م١-ب٣-ف٤-مث١]	يُحفظ	معرّفٌ إنتاجيٌّ في المصدر؛ ويُطبع [ب٣-ف٤-مث١] (يُحوَّل عند الإخراج)
book/الجزء-الأول/الباب-الثالث/ف04-أ-التذكير-والتأنيث-والعدد.md	82	3	رمز المثال	[م١-ب٣-ف٤-مث٢]	يُحفظ	معرّفٌ إنتاجيٌّ في المصدر؛ ويُطبع [ب٣-ف٤-مث٢] (يُحوَّل عند الإخراج)
book/الجزء-الأول/الباب-الثالث/ف04-أ-التذكير-والتأنيث-والعدد.md	86	3	رمز المثال	[م١-ب٣-ف٤-مث٣]	يُحفظ	معرّفٌ إنتاجيٌّ في المصدر؛ ويُطبع [ب٣-ف٤-مث٣] (يُحوَّل عند الإخراج)
book/الجزء-الأول/الباب-الثالث/ف04-أ-التذكير-والتأنيث-والعدد.md	104	3	رمز المثال	[م١-ب٣-ف٤-مث٤]	يُحفظ	معرّفٌ إنتاجيٌّ في المصدر؛ ويُطبع [ب٣-ف٤-مث٤] (يُحوَّل عند الإخراج)
book/الجزء-الأول/الباب-الثالث/ف04-أ-التذكير-والتأنيث-والعدد.md	108	3	رمز المثال	[م١-ب٣-ف٤-مث٥]	يُحفظ	معرّفٌ إنتاجيٌّ في المصدر؛ ويُطبع [ب٣-ف٤-مث٥] (يُحوَّل عند الإخراج)
book/الجزء-الأول/الباب-الثالث/ف04-أ-التذكير-والتأنيث-والعدد.md	118	3	رمز المثال	[م١-ب٣-ف٤-مث٦]	يُحفظ	معرّفٌ إنتاجيٌّ في المصدر؛ ويُطبع [ب٣-ف٤-مث٦] (يُحوَّل عند الإخراج)
book/الجزء-الأول/الباب-الثالث/ف04-أ-التذكير-والتأنيث-والعدد.md	130	3	رمز المثال	[م١-ب٣-ف٤-مث٧]	يُحفظ	معرّفٌ إنتاجيٌّ في المصدر؛ ويُطبع [ب٣-ف٤-مث٧] (يُحوَّل عند الإخراج)
book/الجزء-الأول/الباب-الثالث/ف04-أ-التذكير-والتأنيث-والعدد.md	134	3	رمز المثال	[م١-ب٣-ف٤-مث٨]	يُحفظ	معرّفٌ إنتاجيٌّ في المصدر؛ ويُطبع [ب٣-ف٤-مث٨] (يُحوَّل عند الإخراج)
book/الجزء-الأول/الباب-الثالث/ف04-أ-التذكير-والتأنيث-والعدد.md	146	3	رمز المثال	[م١-ب٣-ف٤-مث٩]	يُحفظ	معرّفٌ إنتاجيٌّ في المصدر؛ ويُطبع [ب٣-ف٤-مث٩] (يُحوَّل عند الإخراج)
book/الجزء-الأول/الباب-الثالث/ف04-أ-التذكير-والتأنيث-والعدد.md	150	3	رمز المثال	[م١-ب٣-ف٤-مث١٠]	يُحفظ	معرّفٌ إنتاجيٌّ في المصدر؛ ويُطبع [ب٣-ف٤-مث١٠] (يُحوَّل عند الإخراج)
book/الجزء-الأول/الباب-الثالث/ف04-أ-التذكير-والتأنيث-والعدد.md	156	3	رمز المثال	[م١-ب٣-ف٤-مث١١]	يُحفظ	معرّفٌ إنتاجيٌّ في المصدر؛ ويُطبع [ب٣-ف٤-مث١١] (يُحوَّل عند الإخراج)
book/الجزء-الأول/الباب-الثالث/ف04-أ-التذكير-والتأنيث-والعدد.md	160	3	رمز المثال	[م١-ب٣-ف٤-مث١٢]	يُحفظ	معرّفٌ إنتاجيٌّ في المصدر؛ ويُطبع [ب٣-ف٤-مث١٢] (يُحوَّل عند الإخراج)
book/الجزء-الأول/الباب-الثالث/ف04-أ-التذكير-والتأنيث-والعدد.md	168	3	رمز المثال	[م١-ب٣-ف٤-مث١٣]	يُحفظ	معرّفٌ إنتاجيٌّ في المصدر؛ ويُطبع [ب٣-ف٤-مث١٣] (يُحوَّل عند الإخراج)
book/الجزء-الأول/الباب-الثالث/ف04-أ-التذكير-والتأنيث-والعدد.md	172	3	رمز المثال	[م١-ب٣-ف٤-مث١٤]	يُحفظ	معرّفٌ إنتاجيٌّ في المصدر؛ ويُطبع [ب٣-ف٤-مث١٤] (يُحوَّل عند الإخراج)
book/الجزء-الأول/الباب-الثالث/ف04-أ-التذكير-والتأنيث-والعدد.md	176	3	رمز المثال	[م١-ب٣-ف٤-مث١٥]	يُحفظ	معرّفٌ إنتاجيٌّ في المصدر؛ ويُطبع [ب٣-ف٤-مث١٥] (يُحوَّل عند الإخراج)
book/الجزء-الأول/الباب-الثالث/ف04-أ-التذكير-والتأنيث-والعدد.md	180	3	رمز المثال	[م١-ب٣-ف٤-مث١٦]	يُحفظ	معرّفٌ إنتاجيٌّ في المصدر؛ ويُطبع [ب٣-ف٤-مث١٦] (يُحوَّل عند الإخراج)
book/الجزء-الأول/الباب-الثالث/ف04-أ-التذكير-والتأنيث-والعدد.md	186	3	رمز المثال	[م١-ب٣-ف٤-مث١٧]	يُحفظ	معرّفٌ إنتاجيٌّ في المصدر؛ ويُطبع [ب٣-ف٤-مث١٧] (يُحوَّل عند الإخراج)
book/الجزء-الأول/الباب-الثالث/ف04-أ-التذكير-والتأنيث-والعدد.md	194	3	رمز المثال	[م١-ب٣-ف٤-مث١٨]	يُحفظ	معرّفٌ إنتاجيٌّ في المصدر؛ ويُطبع [ب٣-ف٤-مث١٨] (يُحوَّل عند الإخراج)
book/الجزء-الأول/الباب-الثالث/ف04-أ-التذكير-والتأنيث-والعدد.md	198	3	رمز المثال	[م١-ب٣-ف٤-مث١٩]	يُحفظ	معرّفٌ إنتاجيٌّ في المصدر؛ ويُطبع [ب٣-ف٤-مث١٩] (يُحوَّل عند الإخراج)
book/الجزء-الأول/الباب-الثالث/ف04-أ-التذكير-والتأنيث-والعدد.md	206	3	رمز المثال	[م١-ب٣-ف٤-مث٢٠]	يُحفظ	معرّفٌ إنتاجيٌّ في المصدر؛ ويُطبع [ب٣-ف٤-مث٢٠] (يُحوَّل عند الإخراج)
book/الجزء-الأول/الباب-الثالث/ف04-أ-التذكير-والتأنيث-والعدد.md	210	3	رمز المثال	[م١-ب٣-ف٤-مث٢١]	يُحفظ	معرّفٌ إنتاجيٌّ في المصدر؛ ويُطبع [ب٣-ف٤-مث٢١] (يُحوَّل عند الإخراج)
book/الجزء-الأول/الباب-الثالث/ف04-أ-التذكير-والتأنيث-والعدد.md	214	3	رمز المثال	[م١-ب٣-ف٤-مث٢٢]	يُحفظ	معرّفٌ إنتاجيٌّ في المصدر؛ ويُطبع [ب٣-ف٤-مث٢٢] (يُحوَّل عند الإخراج)
book/الجزء-الأول/الباب-الثالث/ف04-ب-الإضافة.md	20	3	رمز المثال	[م١-ب٣-ف٤-مث٢٣]	يُحفظ	معرّفٌ إنتاجيٌّ في المصدر؛ ويُطبع [ب٣-ف٤-مث٢٣] (يُحوَّل عند الإخراج)
book/الجزء-الأول/الباب-الثالث/ف04-ب-الإضافة.md	24	3	رمز المثال	[م١-ب٣-ف٤-مث٢٤]	يُحفظ	معرّفٌ إنتاجيٌّ في المصدر؛ ويُطبع [ب٣-ف٤-مث٢٤] (يُحوَّل عند الإخراج)
book/الجزء-الأول/الباب-الثالث/ف04-ب-الإضافة.md	28	3	رمز المثال	[م١-ب٣-ف٤-مث٢٥]	يُحفظ	معرّفٌ إنتاجيٌّ في المصدر؛ ويُطبع [ب٣-ف٤-مث٢٥] (يُحوَّل عند الإخراج)
book/الجزء-الأول/الباب-الثالث/ف04-ب-الإضافة.md	34	3	رمز المثال	[م١-ب٣-ف٤-مث٢٦]	يُحفظ	معرّفٌ إنتاجيٌّ في المصدر؛ ويُطبع [ب٣-ف٤-مث٢٦] (يُحوَّل عند الإخراج)
book/الجزء-الأول/الباب-الثالث/ف04-ب-الإضافة.md	38	3	رمز المثال	[م١-ب٣-ف٤-مث٢٧]	يُحفظ	معرّفٌ إنتاجيٌّ في المصدر؛ ويُطبع [ب٣-ف٤-مث٢٧] (يُحوَّل عند الإخراج)
book/الجزء-الأول/الباب-الثالث/ف04-ب-الإضافة.md	42	3	رمز المثال	[م١-ب٣-ف٤-مث٢٨]	يُحفظ	معرّفٌ إنتاجيٌّ في المصدر؛ ويُطبع [ب٣-ف٤-مث٢٨] (يُحوَّل عند الإخراج)
book/الجزء-الأول/الباب-الثالث/ف04-ب-الإضافة.md	58	3	رمز المثال	[م١-ب٣-ف٤-مث٢٩]	يُحفظ	معرّفٌ إنتاجيٌّ في المصدر؛ ويُطبع [ب٣-ف٤-مث٢٩] (يُحوَّل عند الإخراج)
book/الجزء-الأول/الباب-الثالث/ف04-ب-الإضافة.md	62	3	رمز المثال	[م١-ب٣-ف٤-مث٣٠]	يُحفظ	معرّفٌ إنتاجيٌّ في المصدر؛ ويُطبع [ب٣-ف٤-مث٣٠] (يُحوَّل عند الإخراج)
book/الجزء-الأول/الباب-الثالث/ف04-ب-الإضافة.md	66	3	رمز المثال	[م١-ب٣-ف٤-مث٣١]	يُحفظ	معرّفٌ إنتاجيٌّ في المصدر؛ ويُطبع [ب٣-ف٤-مث٣١] (يُحوَّل عند الإخراج)
book/الجزء-الأول/الباب-الثالث/ف04-ب-الإضافة.md	74	3	رمز المثال	[م١-ب٣-ف٤-مث٣٢]	يُحفظ	معرّفٌ إنتاجيٌّ في المصدر؛ ويُطبع [ب٣-ف٤-مث٣٢] (يُحوَّل عند الإخراج)
book/الجزء-الأول/الباب-الثالث/ف04-ب-الإضافة.md	78	3	رمز المثال	[م١-ب٣-ف٤-مث٣٣]	يُحفظ	معرّفٌ إنتاجيٌّ في المصدر؛ ويُطبع [ب٣-ف٤-مث٣٣] (يُحوَّل عند الإخراج)
book/الجزء-الأول/الباب-الثالث/ف04-ب-الإضافة.md	88	3	رمز المثال	[م١-ب٣-ف٤-مث٣٤]	يُحفظ	معرّفٌ إنتاجيٌّ في المصدر؛ ويُطبع [ب٣-ف٤-مث٣٤] (يُحوَّل عند الإخراج)
book/الجزء-الأول/الباب-الثالث/ف04-ب-الإضافة.md	92	3	رمز المثال	[م١-ب٣-ف٤-مث٣٥]	يُحفظ	معرّفٌ إنتاجيٌّ في المصدر؛ ويُطبع [ب٣-ف٤-مث٣٥] (يُحوَّل عند الإخراج)
book/الجزء-الأول/الباب-الثالث/ف04-ب-الإضافة.md	100	3	رمز المثال	[م١-ب٣-ف٤-مث٣٦]	يُحفظ	معرّفٌ إنتاجيٌّ في المصدر؛ ويُطبع [ب٣-ف٤-مث٣٦] (يُحوَّل عند الإخراج)
book/الجزء-الأول/الباب-الثالث/ف04-ب-الإضافة.md	104	3	رمز المثال	[م١-ب٣-ف٤-مث٣٧]	يُحفظ	معرّفٌ إنتاجيٌّ في المصدر؛ ويُطبع [ب٣-ف٤-مث٣٧] (يُحوَّل عند الإخراج)
book/الجزء-الأول/الباب-الثالث/ف05-أ-الأفعال-وحروف-الجر.md	5	3	المستوى ن	المستوى ٢	يُصحّح	المستوى 3
book/الجزء-الأول/الباب-الثالث/ف05-أ-الأفعال-وحروف-الجر.md	69	3	رمز المثال	[م١-ب٣-ف٥-مث١]	يُحفظ	معرّفٌ إنتاجيٌّ في المصدر؛ ويُطبع [ب٣-ف٥-مث١] (يُحوَّل عند الإخراج)
book/الجزء-الأول/الباب-الثالث/ف05-أ-الأفعال-وحروف-الجر.md	73	3	رمز المثال	[م١-ب٣-ف٥-مث٢]	يُحفظ	معرّفٌ إنتاجيٌّ في المصدر؛ ويُطبع [ب٣-ف٥-مث٢] (يُحوَّل عند الإخراج)
book/الجزء-الأول/الباب-الثالث/ف05-أ-الأفعال-وحروف-الجر.md	77	3	رمز المثال	[م١-ب٣-ف٥-مث٣]	يُحفظ	معرّفٌ إنتاجيٌّ في المصدر؛ ويُطبع [ب٣-ف٥-مث٣] (يُحوَّل عند الإخراج)
book/الجزء-الأول/الباب-الثالث/ف05-أ-الأفعال-وحروف-الجر.md	81	3	رمز المثال	[م١-ب٣-ف٥-مث٤]	يُحفظ	معرّفٌ إنتاجيٌّ في المصدر؛ ويُطبع [ب٣-ف٥-مث٤] (يُحوَّل عند الإخراج)
book/الجزء-الأول/الباب-الثالث/ف05-أ-الأفعال-وحروف-الجر.md	87	3	رمز المثال	[م١-ب٣-ف٥-مث٥]	يُحفظ	معرّفٌ إنتاجيٌّ في المصدر؛ ويُطبع [ب٣-ف٥-مث٥] (يُحوَّل عند الإخراج)
book/الجزء-الأول/الباب-الثالث/ف05-أ-الأفعال-وحروف-الجر.md	91	3	رمز المثال	[م١-ب٣-ف٥-مث٦]	يُحفظ	معرّفٌ إنتاجيٌّ في المصدر؛ ويُطبع [ب٣-ف٥-مث٦] (يُحوَّل عند الإخراج)
book/الجزء-الأول/الباب-الثالث/ف05-أ-الأفعال-وحروف-الجر.md	95	3	رمز المثال	[م١-ب٣-ف٥-مث٧]	يُحفظ	معرّفٌ إنتاجيٌّ في المصدر؛ ويُطبع [ب٣-ف٥-مث٧] (يُحوَّل عند الإخراج)
book/الجزء-الأول/الباب-الثالث/ف05-أ-الأفعال-وحروف-الجر.md	99	3	رمز المثال	[م١-ب٣-ف٥-مث٨]	يُحفظ	معرّفٌ إنتاجيٌّ في المصدر؛ ويُطبع [ب٣-ف٥-مث٨] (يُحوَّل عند الإخراج)
book/الجزء-الأول/الباب-الثالث/ف05-أ-الأفعال-وحروف-الجر.md	103	3	رمز المثال	[م١-ب٣-ف٥-مث٩]	يُحفظ	معرّفٌ إنتاجيٌّ في المصدر؛ ويُطبع [ب٣-ف٥-مث٩] (يُحوَّل عند الإخراج)
book/الجزء-الأول/الباب-الثالث/ف05-أ-الأفعال-وحروف-الجر.md	109	3	رمز المثال	[م١-ب٣-ف٥-مث١٠]	يُحفظ	معرّفٌ إنتاجيٌّ في المصدر؛ ويُطبع [ب٣-ف٥-مث١٠] (يُحوَّل عند الإخراج)
book/الجزء-الأول/الباب-الثالث/ف05-أ-الأفعال-وحروف-الجر.md	113	3	رمز المثال	[م١-ب٣-ف٥-مث١١]	يُحفظ	معرّفٌ إنتاجيٌّ في المصدر؛ ويُطبع [ب٣-ف٥-مث١١] (يُحوَّل عند الإخراج)
book/الجزء-الأول/الباب-الثالث/ف05-أ-الأفعال-وحروف-الجر.md	117	3	رمز المثال	[م١-ب٣-ف٥-مث١٢]	يُحفظ	معرّفٌ إنتاجيٌّ في المصدر؛ ويُطبع [ب٣-ف٥-مث١٢] (يُحوَّل عند الإخراج)
book/الجزء-الأول/الباب-الثالث/ف05-أ-الأفعال-وحروف-الجر.md	123	3	رمز المثال	[م١-ب٣-ف٥-مث١٣]	يُحفظ	معرّفٌ إنتاجيٌّ في المصدر؛ ويُطبع [ب٣-ف٥-مث١٣] (يُحوَّل عند الإخراج)
book/الجزء-الأول/الباب-الثالث/ف05-أ-الأفعال-وحروف-الجر.md	127	3	رمز المثال	[م١-ب٣-ف٥-مث١٤]	يُحفظ	معرّفٌ إنتاجيٌّ في المصدر؛ ويُطبع [ب٣-ف٥-مث١٤] (يُحوَّل عند الإخراج)
book/الجزء-الأول/الباب-الثالث/ف05-أ-الأفعال-وحروف-الجر.md	149	3	رمز المثال	[م١-ب٣-ف٥-مث١٥]	يُحفظ	معرّفٌ إنتاجيٌّ في المصدر؛ ويُطبع [ب٣-ف٥-مث١٥] (يُحوَّل عند الإخراج)
book/الجزء-الأول/الباب-الثالث/ف05-أ-الأفعال-وحروف-الجر.md	153	3	رمز المثال	[م١-ب٣-ف٥-مث١٦]	يُحفظ	معرّفٌ إنتاجيٌّ في المصدر؛ ويُطبع [ب٣-ف٥-مث١٦] (يُحوَّل عند الإخراج)
book/الجزء-الأول/الباب-الثالث/ف05-أ-الأفعال-وحروف-الجر.md	157	3	رمز المثال	[م١-ب٣-ف٥-مث١٧]	يُحفظ	معرّفٌ إنتاجيٌّ في المصدر؛ ويُطبع [ب٣-ف٥-مث١٧] (يُحوَّل عند الإخراج)
book/الجزء-الأول/الباب-الثالث/ف05-أ-الأفعال-وحروف-الجر.md	161	3	رمز المثال	[م١-ب٣-ف٥-مث١٨]	يُحفظ	معرّفٌ إنتاجيٌّ في المصدر؛ ويُطبع [ب٣-ف٥-مث١٨] (يُحوَّل عند الإخراج)
book/الجزء-الأول/الباب-الثالث/ف05-أ-الأفعال-وحروف-الجر.md	165	3	رمز المثال	[م١-ب٣-ف٥-مث١٩]	يُحفظ	معرّفٌ إنتاجيٌّ في المصدر؛ ويُطبع [ب٣-ف٥-مث١٩] (يُحوَّل عند الإخراج)
book/الجزء-الأول/الباب-الثالث/ف05-أ-الأفعال-وحروف-الجر.md	169	3	رمز المثال	[م١-ب٣-ف٥-مث٢٠]	يُحفظ	معرّفٌ إنتاجيٌّ في المصدر؛ ويُطبع [ب٣-ف٥-مث٢٠] (يُحوَّل عند الإخراج)
book/الجزء-الأول/الباب-الثالث/ف05-أ-الأفعال-وحروف-الجر.md	173	3	رمز المثال	[م١-ب٣-ف٥-مث٢١]	يُحفظ	معرّفٌ إنتاجيٌّ في المصدر؛ ويُطبع [ب٣-ف٥-مث٢١] (يُحوَّل عند الإخراج)
book/الجزء-الأول/الباب-الثالث/ف05-أ-الأفعال-وحروف-الجر.md	177	3	رمز المثال	[م١-ب٣-ف٥-مث٢٢]	يُحفظ	معرّفٌ إنتاجيٌّ في المصدر؛ ويُطبع [ب٣-ف٥-مث٢٢] (يُحوَّل عند الإخراج)
book/الجزء-الأول/الباب-الثالث/ف05-أ-الأفعال-وحروف-الجر.md	181	3	رمز المثال	[م١-ب٣-ف٥-مث٢٣]	يُحفظ	معرّفٌ إنتاجيٌّ في المصدر؛ ويُطبع [ب٣-ف٥-مث٢٣] (يُحوَّل عند الإخراج)
book/الجزء-الأول/الباب-الثالث/ف05-أ-الأفعال-وحروف-الجر.md	191	3	رمز المثال	[م١-ب٣-ف٥-مث٢٤]	يُحفظ	معرّفٌ إنتاجيٌّ في المصدر؛ ويُطبع [ب٣-ف٥-مث٢٤] (يُحوَّل عند الإخراج)
book/الجزء-الأول/الباب-الثالث/ف05-أ-الأفعال-وحروف-الجر.md	195	3	رمز المثال	[م١-ب٣-ف٥-مث٢٥]	يُحفظ	معرّفٌ إنتاجيٌّ في المصدر؛ ويُطبع [ب٣-ف٥-مث٢٥] (يُحوَّل عند الإخراج)
book/الجزء-الأول/الباب-الثالث/ف05-أ-الأفعال-وحروف-الجر.md	199	3	رمز المثال	[م١-ب٣-ف٥-مث٢٦]	يُحفظ	معرّفٌ إنتاجيٌّ في المصدر؛ ويُطبع [ب٣-ف٥-مث٢٦] (يُحوَّل عند الإخراج)
book/الجزء-الأول/الباب-الثالث/ف05-أ-الأفعال-وحروف-الجر.md	203	3	رمز المثال	[م١-ب٣-ف٥-مث٢٧]	يُحفظ	معرّفٌ إنتاجيٌّ في المصدر؛ ويُطبع [ب٣-ف٥-مث٢٧] (يُحوَّل عند الإخراج)
book/الجزء-الأول/الباب-الثالث/ف05-أ-الأفعال-وحروف-الجر.md	207	3	رمز المثال	[م١-ب٣-ف٥-مث٢٨]	يُحفظ	معرّفٌ إنتاجيٌّ في المصدر؛ ويُطبع [ب٣-ف٥-مث٢٨] (يُحوَّل عند الإخراج)
book/الجزء-الأول/الباب-الثالث/ف05-أ-الأفعال-وحروف-الجر.md	211	3	رمز المثال	[م١-ب٣-ف٥-مث٢٩]	يُحفظ	معرّفٌ إنتاجيٌّ في المصدر؛ ويُطبع [ب٣-ف٥-مث٢٩] (يُحوَّل عند الإخراج)
book/الجزء-الأول/الباب-الثالث/ف05-ب-الضمير-والتعبيرات-والأزمنة.md	18	3	رمز المثال	[م١-ب٣-ف٥-مث٣٠]	يُحفظ	معرّفٌ إنتاجيٌّ في المصدر؛ ويُطبع [ب٣-ف٥-مث٣٠] (يُحوَّل عند الإخراج)
book/الجزء-الأول/الباب-الثالث/ف05-ب-الضمير-والتعبيرات-والأزمنة.md	22	3	رمز المثال	[م١-ب٣-ف٥-مث٣١]	يُحفظ	معرّفٌ إنتاجيٌّ في المصدر؛ ويُطبع [ب٣-ف٥-مث٣١] (يُحوَّل عند الإخراج)
book/الجزء-الأول/الباب-الثالث/ف05-ب-الضمير-والتعبيرات-والأزمنة.md	26	3	رمز المثال	[م١-ب٣-ف٥-مث٣٢]	يُحفظ	معرّفٌ إنتاجيٌّ في المصدر؛ ويُطبع [ب٣-ف٥-مث٣٢] (يُحوَّل عند الإخراج)
book/الجزء-الأول/الباب-الثالث/ف05-ب-الضمير-والتعبيرات-والأزمنة.md	30	3	رمز المثال	[م١-ب٣-ف٥-مث٣٣]	يُحفظ	معرّفٌ إنتاجيٌّ في المصدر؛ ويُطبع [ب٣-ف٥-مث٣٣] (يُحوَّل عند الإخراج)
book/الجزء-الأول/الباب-الثالث/ف05-ب-الضمير-والتعبيرات-والأزمنة.md	40	3	رمز المثال	[م١-ب٣-ف٥-مث٣٤]	يُحفظ	معرّفٌ إنتاجيٌّ في المصدر؛ ويُطبع [ب٣-ف٥-مث٣٤] (يُحوَّل عند الإخراج)
book/الجزء-الأول/الباب-الثالث/ف05-ب-الضمير-والتعبيرات-والأزمنة.md	44	3	رمز المثال	[م١-ب٣-ف٥-مث٣٥]	يُحفظ	معرّفٌ إنتاجيٌّ في المصدر؛ ويُطبع [ب٣-ف٥-مث٣٥] (يُحوَّل عند الإخراج)
book/الجزء-الأول/الباب-الثالث/ف05-ب-الضمير-والتعبيرات-والأزمنة.md	48	3	رمز المثال	[م١-ب٣-ف٥-مث٣٦]	يُحفظ	معرّفٌ إنتاجيٌّ في المصدر؛ ويُطبع [ب٣-ف٥-مث٣٦] (يُحوَّل عند الإخراج)
book/الجزء-الأول/الباب-الثالث/ف05-ب-الضمير-والتعبيرات-والأزمنة.md	52	3	رمز المثال	[م١-ب٣-ف٥-مث٣٧]	يُحفظ	معرّفٌ إنتاجيٌّ في المصدر؛ ويُطبع [ب٣-ف٥-مث٣٧] (يُحوَّل عند الإخراج)
book/الجزء-الأول/الباب-الثالث/ف05-ب-الضمير-والتعبيرات-والأزمنة.md	56	3	رمز المثال	[م١-ب٣-ف٥-مث٣٨]	يُحفظ	معرّفٌ إنتاجيٌّ في المصدر؛ ويُطبع [ب٣-ف٥-مث٣٨] (يُحوَّل عند الإخراج)
book/الجزء-الأول/الباب-الثالث/ف05-ب-الضمير-والتعبيرات-والأزمنة.md	66	3	رمز المثال	[م١-ب٣-ف٥-مث٣٩]	يُحفظ	معرّفٌ إنتاجيٌّ في المصدر؛ ويُطبع [ب٣-ف٥-مث٣٩] (يُحوَّل عند الإخراج)
book/الجزء-الأول/الباب-الثالث/ف05-ب-الضمير-والتعبيرات-والأزمنة.md	70	3	رمز المثال	[م١-ب٣-ف٥-مث٤٠]	يُحفظ	معرّفٌ إنتاجيٌّ في المصدر؛ ويُطبع [ب٣-ف٥-مث٤٠] (يُحوَّل عند الإخراج)
book/الجزء-الأول/الباب-الثالث/ف05-ب-الضمير-والتعبيرات-والأزمنة.md	74	3	رمز المثال	[م١-ب٣-ف٥-مث٤١]	يُحفظ	معرّفٌ إنتاجيٌّ في المصدر؛ ويُطبع [ب٣-ف٥-مث٤١] (يُحوَّل عند الإخراج)
book/الجزء-الأول/الباب-الثالث/ف05-ب-الضمير-والتعبيرات-والأزمنة.md	84	3	رمز المثال	[م١-ب٣-ف٥-مث٤٢]	يُحفظ	معرّفٌ إنتاجيٌّ في المصدر؛ ويُطبع [ب٣-ف٥-مث٤٢] (يُحوَّل عند الإخراج)
book/الجزء-الأول/الباب-الثالث/ف05-ب-الضمير-والتعبيرات-والأزمنة.md	88	3	رمز المثال	[م١-ب٣-ف٥-مث٤٣]	يُحفظ	معرّفٌ إنتاجيٌّ في المصدر؛ ويُطبع [ب٣-ف٥-مث٤٣] (يُحوَّل عند الإخراج)
book/الجزء-الأول/الباب-الثالث/ف05-ب-الضمير-والتعبيرات-والأزمنة.md	92	3	رمز المثال	[م١-ب٣-ف٥-مث٤٤]	يُحفظ	معرّفٌ إنتاجيٌّ في المصدر؛ ويُطبع [ب٣-ف٥-مث٤٤] (يُحوَّل عند الإخراج)
book/الجزء-الأول/الباب-الثالث/ف05-ب-الضمير-والتعبيرات-والأزمنة.md	100	3	رمز المثال	[م١-ب٣-ف٥-مث٤٥]	يُحفظ	معرّفٌ إنتاجيٌّ في المصدر؛ ويُطبع [ب٣-ف٥-مث٤٥] (يُحوَّل عند الإخراج)
book/الجزء-الأول/الباب-الثالث/ف05-ب-الضمير-والتعبيرات-والأزمنة.md	104	3	رمز المثال	[م١-ب٣-ف٥-مث٤٦]	يُحفظ	معرّفٌ إنتاجيٌّ في المصدر؛ ويُطبع [ب٣-ف٥-مث٤٦] (يُحوَّل عند الإخراج)
book/الجزء-الأول/الباب-الثالث/ف05-ب-الضمير-والتعبيرات-والأزمنة.md	110	3	رمز المثال	[م١-ب٣-ف٥-مث٤٧]	يُحفظ	معرّفٌ إنتاجيٌّ في المصدر؛ ويُطبع [ب٣-ف٥-مث٤٧] (يُحوَّل عند الإخراج)
book/الجزء-الأول/الباب-الثالث/ف05-ب-الضمير-والتعبيرات-والأزمنة.md	114	3	رمز المثال	[م١-ب٣-ف٥-مث٤٨]	يُحفظ	معرّفٌ إنتاجيٌّ في المصدر؛ ويُطبع [ب٣-ف٥-مث٤٨] (يُحوَّل عند الإخراج)
book/الجزء-الأول/الباب-الثالث/ف05-ب-الضمير-والتعبيرات-والأزمنة.md	118	3	رمز المثال	[م١-ب٣-ف٥-مث٤٩]	يُحفظ	معرّفٌ إنتاجيٌّ في المصدر؛ ويُطبع [ب٣-ف٥-مث٤٩] (يُحوَّل عند الإخراج)
book/الجزء-الأول/الباب-الثالث/ف05-ب-الضمير-والتعبيرات-والأزمنة.md	122	3	رمز المثال	[م١-ب٣-ف٥-مث٥٠]	يُحفظ	معرّفٌ إنتاجيٌّ في المصدر؛ ويُطبع [ب٣-ف٥-مث٥٠] (يُحوَّل عند الإخراج)
book/الجزء-الأول/الباب-الثالث/ف06-أ-أثر-اللغات-المحلية.md	5	3	المستوى ن	المستوى ٢	يُصحّح	المستوى 3
book/الجزء-الأول/الباب-الثالث/ف06-أ-أثر-اللغات-المحلية.md	184	3	رمز المثال	[م١-ب٣-ف٦-مث١]	يُحفظ	معرّفٌ إنتاجيٌّ في المصدر؛ ويُطبع [ب٣-ف٦-مث١] (يُحوَّل عند الإخراج)
book/الجزء-الأول/الباب-الثالث/ف06-أ-أثر-اللغات-المحلية.md	188	3	رمز المثال	[م١-ب٣-ف٦-مث٢]	يُحفظ	معرّفٌ إنتاجيٌّ في المصدر؛ ويُطبع [ب٣-ف٦-مث٢] (يُحوَّل عند الإخراج)
book/الجزء-الأول/الباب-الثالث/ف06-أ-أثر-اللغات-المحلية.md	192	3	رمز المثال	[م١-ب٣-ف٦-مث٣]	يُحفظ	معرّفٌ إنتاجيٌّ في المصدر؛ ويُطبع [ب٣-ف٦-مث٣] (يُحوَّل عند الإخراج)
book/الجزء-الأول/الباب-الثالث/ف06-أ-أثر-اللغات-المحلية.md	196	3	رمز المثال	[م١-ب٣-ف٦-مث٤]	يُحفظ	معرّفٌ إنتاجيٌّ في المصدر؛ ويُطبع [ب٣-ف٦-مث٤] (يُحوَّل عند الإخراج)
book/الجزء-الأول/الباب-الثالث/ف06-أ-أثر-اللغات-المحلية.md	200	3	رمز المثال	[م١-ب٣-ف٦-مث٥]	يُحفظ	معرّفٌ إنتاجيٌّ في المصدر؛ ويُطبع [ب٣-ف٦-مث٥] (يُحوَّل عند الإخراج)
book/الجزء-الأول/الباب-الثالث/ف06-أ-أثر-اللغات-المحلية.md	210	3	رمز المثال	[م١-ب٣-ف٦-مث٦]	يُحفظ	معرّفٌ إنتاجيٌّ في المصدر؛ ويُطبع [ب٣-ف٦-مث٦] (يُحوَّل عند الإخراج)
book/الجزء-الأول/الباب-الثالث/ف06-أ-أثر-اللغات-المحلية.md	214	3	رمز المثال	[م١-ب٣-ف٦-مث٧]	يُحفظ	معرّفٌ إنتاجيٌّ في المصدر؛ ويُطبع [ب٣-ف٦-مث٧] (يُحوَّل عند الإخراج)
book/الجزء-الأول/الباب-الثالث/ف06-أ-أثر-اللغات-المحلية.md	218	3	رمز المثال	[م١-ب٣-ف٦-مث٨]	يُحفظ	معرّفٌ إنتاجيٌّ في المصدر؛ ويُطبع [ب٣-ف٦-مث٨] (يُحوَّل عند الإخراج)
book/الجزء-الأول/الباب-الثالث/ف06-أ-أثر-اللغات-المحلية.md	222	3	رمز المثال	[م١-ب٣-ف٦-مث٩]	يُحفظ	معرّفٌ إنتاجيٌّ في المصدر؛ ويُطبع [ب٣-ف٦-مث٩] (يُحوَّل عند الإخراج)
book/الجزء-الأول/الباب-الثالث/ف06-أ-أثر-اللغات-المحلية.md	232	3	رمز المثال	[م١-ب٣-ف٦-مث١٠]	يُحفظ	معرّفٌ إنتاجيٌّ في المصدر؛ ويُطبع [ب٣-ف٦-مث١٠] (يُحوَّل عند الإخراج)
book/الجزء-الأول/الباب-الثالث/ف06-أ-أثر-اللغات-المحلية.md	236	3	رمز المثال	[م١-ب٣-ف٦-مث١١]	يُحفظ	معرّفٌ إنتاجيٌّ في المصدر؛ ويُطبع [ب٣-ف٦-مث١١] (يُحوَّل عند الإخراج)
book/الجزء-الأول/الباب-الثالث/ف06-أ-أثر-اللغات-المحلية.md	240	3	رمز المثال	[م١-ب٣-ف٦-مث١٢]	يُحفظ	معرّفٌ إنتاجيٌّ في المصدر؛ ويُطبع [ب٣-ف٦-مث١٢] (يُحوَّل عند الإخراج)
book/الجزء-الأول/الباب-الثالث/ف06-أ-أثر-اللغات-المحلية.md	244	3	رمز المثال	[م١-ب٣-ف٦-مث١٣]	يُحفظ	معرّفٌ إنتاجيٌّ في المصدر؛ ويُطبع [ب٣-ف٦-مث١٣] (يُحوَّل عند الإخراج)
book/الجزء-الأول/الباب-الثالث/ف06-أ-أثر-اللغات-المحلية.md	248	3	رمز المثال	[م١-ب٣-ف٦-مث١٤]	يُحفظ	معرّفٌ إنتاجيٌّ في المصدر؛ ويُطبع [ب٣-ف٦-مث١٤] (يُحوَّل عند الإخراج)
book/الجزء-الأول/الباب-الثالث/ف06-أ-أثر-اللغات-المحلية.md	269	3	رمز المثال	[م١-ب٣-ف٦-مث١٥]	يُحفظ	معرّفٌ إنتاجيٌّ في المصدر؛ ويُطبع [ب٣-ف٦-مث١٥] (يُحوَّل عند الإخراج)
book/الجزء-الأول/الباب-الثالث/ف06-أ-أثر-اللغات-المحلية.md	273	3	رمز المثال	[م١-ب٣-ف٦-مث١٦]	يُحفظ	معرّفٌ إنتاجيٌّ في المصدر؛ ويُطبع [ب٣-ف٦-مث١٦] (يُحوَّل عند الإخراج)
book/الجزء-الأول/الباب-الثالث/ف06-أ-أثر-اللغات-المحلية.md	277	3	رمز المثال	[م١-ب٣-ف٦-مث١٧]	يُحفظ	معرّفٌ إنتاجيٌّ في المصدر؛ ويُطبع [ب٣-ف٦-مث١٧] (يُحوَّل عند الإخراج)
book/الجزء-الأول/الباب-الثالث/ف06-أ-أثر-اللغات-المحلية.md	281	3	رمز المثال	[م١-ب٣-ف٦-مث١٨]	يُحفظ	معرّفٌ إنتاجيٌّ في المصدر؛ ويُطبع [ب٣-ف٦-مث١٨] (يُحوَّل عند الإخراج)
book/الجزء-الأول/الباب-الثالث/ف06-أ-أثر-اللغات-المحلية.md	286	3	رمز المثال	[م١-ب٣-ف٦-مث١٩]	يُحفظ	معرّفٌ إنتاجيٌّ في المصدر؛ ويُطبع [ب٣-ف٦-مث١٩] (يُحوَّل عند الإخراج)
book/الجزء-الأول/الباب-الثالث/ف06-أ-أثر-اللغات-المحلية.md	290	3	رمز المثال	[م١-ب٣-ف٦-مث٢٠]	يُحفظ	معرّفٌ إنتاجيٌّ في المصدر؛ ويُطبع [ب٣-ف٦-مث٢٠] (يُحوَّل عند الإخراج)
book/الجزء-الأول/الباب-الثالث/ف06-أ-أثر-اللغات-المحلية.md	298	3	رمز المثال	[م١-ب٣-ف٦-مث٢١]	يُحفظ	معرّفٌ إنتاجيٌّ في المصدر؛ ويُطبع [ب٣-ف٦-مث٢١] (يُحوَّل عند الإخراج)
book/الجزء-الأول/الباب-الثالث/ف06-أ-أثر-اللغات-المحلية.md	302	3	رمز المثال	[م١-ب٣-ف٦-مث٢٢]	يُحفظ	معرّفٌ إنتاجيٌّ في المصدر؛ ويُطبع [ب٣-ف٦-مث٢٢] (يُحوَّل عند الإخراج)
book/الجزء-الأول/الباب-الثالث/ف06-أ-أثر-اللغات-المحلية.md	306	3	رمز المثال	[م١-ب٣-ف٦-مث٢٣]	يُحفظ	معرّفٌ إنتاجيٌّ في المصدر؛ ويُطبع [ب٣-ف٦-مث٢٣] (يُحوَّل عند الإخراج)
book/الجزء-الأول/الباب-الثالث/ف06-أ-أثر-اللغات-المحلية.md	310	3	رمز المثال	[م١-ب٣-ف٦-مث٢٤]	يُحفظ	معرّفٌ إنتاجيٌّ في المصدر؛ ويُطبع [ب٣-ف٦-مث٢٤] (يُحوَّل عند الإخراج)
book/الجزء-الأول/الباب-الثالث/ف06-أ-أثر-اللغات-المحلية.md	316	3	رمز المثال	[م١-ب٣-ف٦-مث٢٥]	يُحفظ	معرّفٌ إنتاجيٌّ في المصدر؛ ويُطبع [ب٣-ف٦-مث٢٥] (يُحوَّل عند الإخراج)
book/الجزء-الأول/الباب-الثالث/ف06-أ-أثر-اللغات-المحلية.md	332	3	رمز المثال	[م١-ب٣-ف٦-مث٢٦]	يُحفظ	معرّفٌ إنتاجيٌّ في المصدر؛ ويُطبع [ب٣-ف٦-مث٢٦] (يُحوَّل عند الإخراج)
book/الجزء-الأول/الباب-الثالث/ف06-أ-أثر-اللغات-المحلية.md	342	3	رمز المثال	[م١-ب٣-ف٦-مث٢٧]	يُحفظ	معرّفٌ إنتاجيٌّ في المصدر؛ ويُطبع [ب٣-ف٦-مث٢٧] (يُحوَّل عند الإخراج)
book/الجزء-الأول/الباب-الثالث/ف06-أ-أثر-اللغات-المحلية.md	350	3	رمز المثال	[م١-ب٣-ف٦-مث٢٨]	يُحفظ	معرّفٌ إنتاجيٌّ في المصدر؛ ويُطبع [ب٣-ف٦-مث٢٨] (يُحوَّل عند الإخراج)
book/الجزء-الأول/الباب-الثالث/ف06-ب-المخاطبة-والتحية-والتطبيق.md	75	3	رمز المثال	[م١-ب٣-ف٦-مث٢٩]	يُحفظ	معرّفٌ إنتاجيٌّ في المصدر؛ ويُطبع [ب٣-ف٦-مث٢٩] (يُحوَّل عند الإخراج)
book/الجزء-الأول/الباب-الثالث/ف06-ب-المخاطبة-والتحية-والتطبيق.md	81	3	رمز المثال	[م١-ب٣-ف٦-مث٣٠]	يُحفظ	معرّفٌ إنتاجيٌّ في المصدر؛ ويُطبع [ب٣-ف٦-مث٣٠] (يُحوَّل عند الإخراج)
book/الجزء-الأول/الباب-الثالث/ف06-ب-المخاطبة-والتحية-والتطبيق.md	86	3	رمز المثال	[م١-ب٣-ف٦-مث٣١]	يُحفظ	معرّفٌ إنتاجيٌّ في المصدر؛ ويُطبع [ب٣-ف٦-مث٣١] (يُحوَّل عند الإخراج)
book/الجزء-الأول/الباب-الثالث/ف06-ب-المخاطبة-والتحية-والتطبيق.md	92	3	رمز المثال	[م١-ب٣-ف٦-مث٣٢]	يُحفظ	معرّفٌ إنتاجيٌّ في المصدر؛ ويُطبع [ب٣-ف٦-مث٣٢] (يُحوَّل عند الإخراج)
book/الجزء-الأول/الباب-الثالث/ف06-ب-المخاطبة-والتحية-والتطبيق.md	99	3	رمز المثال	[م١-ب٣-ف٦-مث٣٣]	يُحفظ	معرّفٌ إنتاجيٌّ في المصدر؛ ويُطبع [ب٣-ف٦-مث٣٣] (يُحوَّل عند الإخراج)
book/الجزء-الأول/الباب-الثالث/ف06-ب-المخاطبة-والتحية-والتطبيق.md	103	3	رمز المثال	[م١-ب٣-ف٦-مث٣٤]	يُحفظ	معرّفٌ إنتاجيٌّ في المصدر؛ ويُطبع [ب٣-ف٦-مث٣٤] (يُحوَّل عند الإخراج)
book/الجزء-الأول/الباب-الثالث/ف06-ب-المخاطبة-والتحية-والتطبيق.md	106	3	رمز المثال	[م١-ب٣-ف٦-مث٣٥]	يُحفظ	معرّفٌ إنتاجيٌّ في المصدر؛ ويُطبع [ب٣-ف٦-مث٣٥] (يُحوَّل عند الإخراج)
book/الجزء-الأول/الباب-الثالث/ف06-ب-المخاطبة-والتحية-والتطبيق.md	114	3	رمز المثال	[م١-ب٣-ف٦-مث٣٦]	يُحفظ	معرّفٌ إنتاجيٌّ في المصدر؛ ويُطبع [ب٣-ف٦-مث٣٦] (يُحوَّل عند الإخراج)
book/الجزء-الأول/الباب-الثالث/ف06-ب-المخاطبة-والتحية-والتطبيق.md	118	3	رمز المثال	[م١-ب٣-ف٦-مث٣٧]	يُحفظ	معرّفٌ إنتاجيٌّ في المصدر؛ ويُطبع [ب٣-ف٦-مث٣٧] (يُحوَّل عند الإخراج)
book/الجزء-الأول/الباب-الثالث/ف06-ب-المخاطبة-والتحية-والتطبيق.md	122	3	رمز المثال	[م١-ب٣-ف٦-مث٣٨]	يُحفظ	معرّفٌ إنتاجيٌّ في المصدر؛ ويُطبع [ب٣-ف٦-مث٣٨] (يُحوَّل عند الإخراج)
book/الجزء-الأول/الباب-الثالث/ف06-ب-المخاطبة-والتحية-والتطبيق.md	126	3	رمز المثال	[م١-ب٣-ف٦-مث٣٩]	يُحفظ	معرّفٌ إنتاجيٌّ في المصدر؛ ويُطبع [ب٣-ف٦-مث٣٩] (يُحوَّل عند الإخراج)
book/الجزء-الأول/الباب-الثالث/ف06-ب-المخاطبة-والتحية-والتطبيق.md	130	3	رمز المثال	[م١-ب٣-ف٦-مث٤٠]	يُحفظ	معرّفٌ إنتاجيٌّ في المصدر؛ ويُطبع [ب٣-ف٦-مث٤٠] (يُحوَّل عند الإخراج)
book/الجزء-الأول/الباب-الثالث/ف06-ب-المخاطبة-والتحية-والتطبيق.md	136	3	رمز المثال	[م١-ب٣-ف٦-مث٤١]	يُحفظ	معرّفٌ إنتاجيٌّ في المصدر؛ ويُطبع [ب٣-ف٦-مث٤١] (يُحوَّل عند الإخراج)
book/الجزء-الأول/الباب-الثالث/ف06-ب-المخاطبة-والتحية-والتطبيق.md	141	3	رمز المثال	[م١-ب٣-ف٦-مث٤٢]	يُحفظ	معرّفٌ إنتاجيٌّ في المصدر؛ ويُطبع [ب٣-ف٦-مث٤٢] (يُحوَّل عند الإخراج)
book/الجزء-الأول/الباب-الثالث/ف06-ب-المخاطبة-والتحية-والتطبيق.md	147	3	رمز المثال	[م١-ب٣-ف٦-مث٤٣]	يُحفظ	معرّفٌ إنتاجيٌّ في المصدر؛ ويُطبع [ب٣-ف٦-مث٤٣] (يُحوَّل عند الإخراج)
book/الجزء-الأول/الباب-الثالث/ف06-ب-المخاطبة-والتحية-والتطبيق.md	151	3	رمز المثال	[م١-ب٣-ف٦-مث٤٤]	يُحفظ	معرّفٌ إنتاجيٌّ في المصدر؛ ويُطبع [ب٣-ف٦-مث٤٤] (يُحوَّل عند الإخراج)
book/الجزء-الأول/الباب-الثالث/ف06-ب-المخاطبة-والتحية-والتطبيق.md	159	3	رمز المثال	[م١-ب٣-ف٦-مث٤٥]	يُحفظ	معرّفٌ إنتاجيٌّ في المصدر؛ ويُطبع [ب٣-ف٦-مث٤٥] (يُحوَّل عند الإخراج)
book/الجزء-الأول/الباب-الثالث/ف06-ب-المخاطبة-والتحية-والتطبيق.md	167	3	رمز المثال	[م١-ب٣-ف٦-مث٤٦]	يُحفظ	معرّفٌ إنتاجيٌّ في المصدر؛ ويُطبع [ب٣-ف٦-مث٤٦] (يُحوَّل عند الإخراج)
book/الجزء-الأول/الباب-الثالث/ف07-أ-الحشو-الصوتي.md	5	3	المستوى ن	المستوى ٢	يُصحّح	المستوى 3
book/الجزء-الأول/الباب-الثالث/ف07-أ-الحشو-الصوتي.md	179	3	رمز المثال	[م١-ب٣-ف٧-مث١]	يُحفظ	معرّفٌ إنتاجيٌّ في المصدر؛ ويُطبع [ب٣-ف٧-مث١] (يُحوَّل عند الإخراج)
book/الجزء-الأول/الباب-الثالث/ف07-أ-الحشو-الصوتي.md	183	3	رمز المثال	[م١-ب٣-ف٧-مث٢]	يُحفظ	معرّفٌ إنتاجيٌّ في المصدر؛ ويُطبع [ب٣-ف٧-مث٢] (يُحوَّل عند الإخراج)
book/الجزء-الأول/الباب-الثالث/ف07-أ-الحشو-الصوتي.md	189	3	إحالة	انظر الباب الأول، الفصل الأول	يُصحّح	يُزاد المجلد: «في المجلد 1، …»
book/الجزء-الأول/الباب-الثالث/ف07-أ-الحشو-الصوتي.md	191	3	رمز المثال	[م١-ب٣-ف٧-مث٣]	يُحفظ	معرّفٌ إنتاجيٌّ في المصدر؛ ويُطبع [ب٣-ف٧-مث٣] (يُحوَّل عند الإخراج)
book/الجزء-الأول/الباب-الثالث/ف07-أ-الحشو-الصوتي.md	195	3	رمز المثال	[م١-ب٣-ف٧-مث٤]	يُحفظ	معرّفٌ إنتاجيٌّ في المصدر؛ ويُطبع [ب٣-ف٧-مث٤] (يُحوَّل عند الإخراج)
book/الجزء-الأول/الباب-الثالث/ف07-أ-الحشو-الصوتي.md	213	3	رمز المثال	[م١-ب٣-ف٧-مث٥]	يُحفظ	معرّفٌ إنتاجيٌّ في المصدر؛ ويُطبع [ب٣-ف٧-مث٥] (يُحوَّل عند الإخراج)
book/الجزء-الأول/الباب-الثالث/ف07-أ-الحشو-الصوتي.md	219	3	إحالة	انظر الباب الثاني	يُصحّح	يُزاد المجلد: «في المجلد 2، …»
book/الجزء-الأول/الباب-الثالث/ف07-أ-الحشو-الصوتي.md	221	3	رمز المثال	[م١-ب٣-ف٧-مث٦]	يُحفظ	معرّفٌ إنتاجيٌّ في المصدر؛ ويُطبع [ب٣-ف٧-مث٦] (يُحوَّل عند الإخراج)
book/الجزء-الأول/الباب-الثالث/ف07-أ-الحشو-الصوتي.md	229	3	رمز المثال	[م١-ب٣-ف٧-مث٧]	يُحفظ	معرّفٌ إنتاجيٌّ في المصدر؛ ويُطبع [ب٣-ف٧-مث٧] (يُحوَّل عند الإخراج)
book/الجزء-الأول/الباب-الثالث/ف07-أ-الحشو-الصوتي.md	241	3	رمز المثال	[م١-ب٣-ف٧-مث٨]	يُحفظ	معرّفٌ إنتاجيٌّ في المصدر؛ ويُطبع [ب٣-ف٧-مث٨] (يُحوَّل عند الإخراج)
book/الجزء-الأول/الباب-الثالث/ف07-أ-الحشو-الصوتي.md	245	3	رمز المثال	[م١-ب٣-ف٧-مث٩]	يُحفظ	معرّفٌ إنتاجيٌّ في المصدر؛ ويُطبع [ب٣-ف٧-مث٩] (يُحوَّل عند الإخراج)
book/الجزء-الأول/الباب-الثالث/ف07-أ-الحشو-الصوتي.md	249	3	رمز المثال	[م١-ب٣-ف٧-مث١٠]	يُحفظ	معرّفٌ إنتاجيٌّ في المصدر؛ ويُطبع [ب٣-ف٧-مث١٠] (يُحوَّل عند الإخراج)
book/الجزء-الأول/الباب-الثالث/ف07-أ-الحشو-الصوتي.md	261	3	رمز المثال	[م١-ب٣-ف٧-مث١١]	يُحفظ	معرّفٌ إنتاجيٌّ في المصدر؛ ويُطبع [ب٣-ف٧-مث١١] (يُحوَّل عند الإخراج)
book/الجزء-الأول/الباب-الثالث/ف07-أ-الحشو-الصوتي.md	269	3	رمز المثال	[م١-ب٣-ف٧-مث١٢]	يُحفظ	معرّفٌ إنتاجيٌّ في المصدر؛ ويُطبع [ب٣-ف٧-مث١٢] (يُحوَّل عند الإخراج)
book/الجزء-الأول/الباب-الثالث/ف07-أ-الحشو-الصوتي.md	275	3	رمز المثال	[م١-ب٣-ف٧-مث١٣]	يُحفظ	معرّفٌ إنتاجيٌّ في المصدر؛ ويُطبع [ب٣-ف٧-مث١٣] (يُحوَّل عند الإخراج)
book/الجزء-الأول/الباب-الثالث/ف07-أ-الحشو-الصوتي.md	279	3	رمز المثال	[م١-ب٣-ف٧-مث١٤]	يُحفظ	معرّفٌ إنتاجيٌّ في المصدر؛ ويُطبع [ب٣-ف٧-مث١٤] (يُحوَّل عند الإخراج)
book/الجزء-الأول/الباب-الثالث/ف07-ب-التكرار-والغموض.md	24	3	إحالة	انظر الباب الرابع، الفصل السابع	يُصحّح	يُزاد المجلد: «في المجلد 4، …»
book/الجزء-الأول/الباب-الثالث/ف07-ب-التكرار-والغموض.md	102	3	رمز المثال	[م١-ب٣-ف٧-مث١٥]	يُحفظ	معرّفٌ إنتاجيٌّ في المصدر؛ ويُطبع [ب٣-ف٧-مث١٥] (يُحوَّل عند الإخراج)
book/الجزء-الأول/الباب-الثالث/ف07-ب-التكرار-والغموض.md	106	3	رمز المثال	[م١-ب٣-ف٧-مث١٦]	يُحفظ	معرّفٌ إنتاجيٌّ في المصدر؛ ويُطبع [ب٣-ف٧-مث١٦] (يُحوَّل عند الإخراج)
book/الجزء-الأول/الباب-الثالث/ف07-ب-التكرار-والغموض.md	110	3	رمز المثال	[م١-ب٣-ف٧-مث١٧]	يُحفظ	معرّفٌ إنتاجيٌّ في المصدر؛ ويُطبع [ب٣-ف٧-مث١٧] (يُحوَّل عند الإخراج)
book/الجزء-الأول/الباب-الثالث/ف07-ب-التكرار-والغموض.md	141	3	رمز المثال	[م١-ب٣-ف٧-مث١٨]	يُحفظ	معرّفٌ إنتاجيٌّ في المصدر؛ ويُطبع [ب٣-ف٧-مث١٨] (يُحوَّل عند الإخراج)
book/الجزء-الأول/الباب-الثالث/ف07-ب-التكرار-والغموض.md	145	3	رمز المثال	[م١-ب٣-ف٧-مث١٩]	يُحفظ	معرّفٌ إنتاجيٌّ في المصدر؛ ويُطبع [ب٣-ف٧-مث١٩] (يُحوَّل عند الإخراج)
book/الجزء-الأول/الباب-الثالث/ف07-ب-التكرار-والغموض.md	165	3	رمز المثال	[م١-ب٣-ف٧-مث٢٠]	يُحفظ	معرّفٌ إنتاجيٌّ في المصدر؛ ويُطبع [ب٣-ف٧-مث٢٠] (يُحوَّل عند الإخراج)
book/الجزء-الأول/الباب-الثالث/ف07-ب-التكرار-والغموض.md	169	3	رمز المثال	[م١-ب٣-ف٧-مث٢١]	يُحفظ	معرّفٌ إنتاجيٌّ في المصدر؛ ويُطبع [ب٣-ف٧-مث٢١] (يُحوَّل عند الإخراج)
book/الجزء-الأول/الباب-الثالث/ف07-ب-التكرار-والغموض.md	174	3	رمز المثال	[م١-ب٣-ف٧-مث٢٢]	يُحفظ	معرّفٌ إنتاجيٌّ في المصدر؛ ويُطبع [ب٣-ف٧-مث٢٢] (يُحوَّل عند الإخراج)
book/الجزء-الأول/الباب-الثالث/ف07-ب-التكرار-والغموض.md	181	3	رمز المثال	[م١-ب٣-ف٧-مث٢٣]	يُحفظ	معرّفٌ إنتاجيٌّ في المصدر؛ ويُطبع [ب٣-ف٧-مث٢٣] (يُحوَّل عند الإخراج)
book/الجزء-الأول/الباب-الثالث/ف07-ب-التكرار-والغموض.md	198	3	رمز المثال	[م١-ب٣-ف٧-مث٢٤]	يُحفظ	معرّفٌ إنتاجيٌّ في المصدر؛ ويُطبع [ب٣-ف٧-مث٢٤] (يُحوَّل عند الإخراج)
book/الجزء-الأول/الباب-الثالث/ف07-ب-التكرار-والغموض.md	202	3	رمز المثال	[م١-ب٣-ف٧-مث٢٥]	يُحفظ	معرّفٌ إنتاجيٌّ في المصدر؛ ويُطبع [ب٣-ف٧-مث٢٥] (يُحوَّل عند الإخراج)
book/الجزء-الأول/الباب-الثالث/ف07-ب-التكرار-والغموض.md	206	3	رمز المثال	[م١-ب٣-ف٧-مث٢٦]	يُحفظ	معرّفٌ إنتاجيٌّ في المصدر؛ ويُطبع [ب٣-ف٧-مث٢٦] (يُحوَّل عند الإخراج)
book/الجزء-الأول/الباب-الثالث/ف07-ب-التكرار-والغموض.md	210	3	رمز المثال	[م١-ب٣-ف٧-مث٢٧]	يُحفظ	معرّفٌ إنتاجيٌّ في المصدر؛ ويُطبع [ب٣-ف٧-مث٢٧] (يُحوَّل عند الإخراج)
book/الجزء-الأول/الباب-الثالث/ف07-ب-التكرار-والغموض.md	216	3	رمز المثال	[م١-ب٣-ف٧-مث٢٨]	يُحفظ	معرّفٌ إنتاجيٌّ في المصدر؛ ويُطبع [ب٣-ف٧-مث٢٨] (يُحوَّل عند الإخراج)
book/الجزء-الأول/الباب-الثالث/ف07-ب-التكرار-والغموض.md	220	3	رمز المثال	[م١-ب٣-ف٧-مث٢٩]	يُحفظ	معرّفٌ إنتاجيٌّ في المصدر؛ ويُطبع [ب٣-ف٧-مث٢٩] (يُحوَّل عند الإخراج)
book/الجزء-الأول/الباب-الثالث/ف07-ب-التكرار-والغموض.md	226	3	رمز المثال	[م١-ب٣-ف٧-مث٣٠]	يُحفظ	معرّفٌ إنتاجيٌّ في المصدر؛ ويُطبع [ب٣-ف٧-مث٣٠] (يُحوَّل عند الإخراج)
book/الجزء-الأول/الباب-الثالث/ف07-ب-التكرار-والغموض.md	243	3	إحالة	انظر الباب الرابع، الفصل الثالث	يُصحّح	يُزاد المجلد: «في المجلد 4، …»
book/الجزء-الأول/الباب-الثالث/ف08-أ-الفصيح-المأنوس.md	5	3	المستوى ن	المستوى ٢	يُصحّح	المستوى 3
book/الجزء-الأول/الباب-الثالث/ف08-أ-الفصيح-المأنوس.md	158	3	رمز المثال	[م١-ب٣-ف٨-مث١]	يُحفظ	معرّفٌ إنتاجيٌّ في المصدر؛ ويُطبع [ب٣-ف٨-مث١] (يُحوَّل عند الإخراج)
book/الجزء-الأول/الباب-الثالث/ف08-أ-الفصيح-المأنوس.md	162	3	رمز المثال	[م١-ب٣-ف٨-مث٢]	يُحفظ	معرّفٌ إنتاجيٌّ في المصدر؛ ويُطبع [ب٣-ف٨-مث٢] (يُحوَّل عند الإخراج)
book/الجزء-الأول/الباب-الثالث/ف08-أ-الفصيح-المأنوس.md	166	3	رمز المثال	[م١-ب٣-ف٨-مث٣]	يُحفظ	معرّفٌ إنتاجيٌّ في المصدر؛ ويُطبع [ب٣-ف٨-مث٣] (يُحوَّل عند الإخراج)
book/الجزء-الأول/الباب-الثالث/ف08-أ-الفصيح-المأنوس.md	170	3	رمز المثال	[م١-ب٣-ف٨-مث٤]	يُحفظ	معرّفٌ إنتاجيٌّ في المصدر؛ ويُطبع [ب٣-ف٨-مث٤] (يُحوَّل عند الإخراج)
book/الجزء-الأول/الباب-الثالث/ف08-أ-الفصيح-المأنوس.md	174	3	رمز المثال	[م١-ب٣-ف٨-مث٥]	يُحفظ	معرّفٌ إنتاجيٌّ في المصدر؛ ويُطبع [ب٣-ف٨-مث٥] (يُحوَّل عند الإخراج)
book/الجزء-الأول/الباب-الثالث/ف08-أ-الفصيح-المأنوس.md	178	3	رمز المثال	[م١-ب٣-ف٨-مث٦]	يُحفظ	معرّفٌ إنتاجيٌّ في المصدر؛ ويُطبع [ب٣-ف٨-مث٦] (يُحوَّل عند الإخراج)
book/الجزء-الأول/الباب-الثالث/ف08-أ-الفصيح-المأنوس.md	182	3	رمز المثال	[م١-ب٣-ف٨-مث٧]	يُحفظ	معرّفٌ إنتاجيٌّ في المصدر؛ ويُطبع [ب٣-ف٨-مث٧] (يُحوَّل عند الإخراج)
book/الجزء-الأول/الباب-الثالث/ف08-أ-الفصيح-المأنوس.md	186	3	رمز المثال	[م١-ب٣-ف٨-مث٨]	يُحفظ	معرّفٌ إنتاجيٌّ في المصدر؛ ويُطبع [ب٣-ف٨-مث٨] (يُحوَّل عند الإخراج)
book/الجزء-الأول/الباب-الثالث/ف08-أ-الفصيح-المأنوس.md	192	3	رمز المثال	[م١-ب٣-ف٨-مث٩]	يُحفظ	معرّفٌ إنتاجيٌّ في المصدر؛ ويُطبع [ب٣-ف٨-مث٩] (يُحوَّل عند الإخراج)
book/الجزء-الأول/الباب-الثالث/ف08-أ-الفصيح-المأنوس.md	196	3	رمز المثال	[م١-ب٣-ف٨-مث١٠]	يُحفظ	معرّفٌ إنتاجيٌّ في المصدر؛ ويُطبع [ب٣-ف٨-مث١٠] (يُحوَّل عند الإخراج)
book/الجزء-الأول/الباب-الثالث/ف08-أ-الفصيح-المأنوس.md	200	3	رمز المثال	[م١-ب٣-ف٨-مث١١]	يُحفظ	معرّفٌ إنتاجيٌّ في المصدر؛ ويُطبع [ب٣-ف٨-مث١١] (يُحوَّل عند الإخراج)
book/الجزء-الأول/الباب-الثالث/ف08-أ-الفصيح-المأنوس.md	210	3	رمز المثال	[م١-ب٣-ف٨-مث١٢]	يُحفظ	معرّفٌ إنتاجيٌّ في المصدر؛ ويُطبع [ب٣-ف٨-مث١٢] (يُحوَّل عند الإخراج)
book/الجزء-الأول/الباب-الثالث/ف08-أ-الفصيح-المأنوس.md	214	3	رمز المثال	[م١-ب٣-ف٨-مث١٣]	يُحفظ	معرّفٌ إنتاجيٌّ في المصدر؛ ويُطبع [ب٣-ف٨-مث١٣] (يُحوَّل عند الإخراج)
book/الجزء-الأول/الباب-الثالث/ف08-أ-الفصيح-المأنوس.md	218	3	رمز المثال	[م١-ب٣-ف٨-مث١٤]	يُحفظ	معرّفٌ إنتاجيٌّ في المصدر؛ ويُطبع [ب٣-ف٨-مث١٤] (يُحوَّل عند الإخراج)
book/الجزء-الأول/الباب-الثالث/ف08-أ-الفصيح-المأنوس.md	222	3	رمز المثال	[م١-ب٣-ف٨-مث١٥]	يُحفظ	معرّفٌ إنتاجيٌّ في المصدر؛ ويُطبع [ب٣-ف٨-مث١٥] (يُحوَّل عند الإخراج)
book/الجزء-الأول/الباب-الثالث/ف08-أ-الفصيح-المأنوس.md	230	3	رمز المثال	[م١-ب٣-ف٨-مث١٦]	يُحفظ	معرّفٌ إنتاجيٌّ في المصدر؛ ويُطبع [ب٣-ف٨-مث١٦] (يُحوَّل عند الإخراج)
book/الجزء-الأول/الباب-الثالث/ف08-أ-الفصيح-المأنوس.md	234	3	رمز المثال	[م١-ب٣-ف٨-مث١٧]	يُحفظ	معرّفٌ إنتاجيٌّ في المصدر؛ ويُطبع [ب٣-ف٨-مث١٧] (يُحوَّل عند الإخراج)
book/الجزء-الأول/الباب-الثالث/ف08-أ-الفصيح-المأنوس.md	238	3	رمز المثال	[م١-ب٣-ف٨-مث١٨]	يُحفظ	معرّفٌ إنتاجيٌّ في المصدر؛ ويُطبع [ب٣-ف٨-مث١٨] (يُحوَّل عند الإخراج)
book/الجزء-الأول/الباب-الثالث/ف08-أ-الفصيح-المأنوس.md	242	3	رمز المثال	[م١-ب٣-ف٨-مث١٩]	يُحفظ	معرّفٌ إنتاجيٌّ في المصدر؛ ويُطبع [ب٣-ف٨-مث١٩] (يُحوَّل عند الإخراج)
book/الجزء-الأول/الباب-الثالث/ف08-أ-الفصيح-المأنوس.md	248	3	رمز المثال	[م١-ب٣-ف٨-مث٢٠]	يُحفظ	معرّفٌ إنتاجيٌّ في المصدر؛ ويُطبع [ب٣-ف٨-مث٢٠] (يُحوَّل عند الإخراج)
book/الجزء-الأول/الباب-الثالث/ف08-أ-الفصيح-المأنوس.md	252	3	رمز المثال	[م١-ب٣-ف٨-مث٢١]	يُحفظ	معرّفٌ إنتاجيٌّ في المصدر؛ ويُطبع [ب٣-ف٨-مث٢١] (يُحوَّل عند الإخراج)
book/الجزء-الأول/الباب-الثالث/ف08-ب-الدقة-والإيحاء-والسجل.md	32	3	رمز المثال	[م١-ب٣-ف٨-مث٢٢]	يُحفظ	معرّفٌ إنتاجيٌّ في المصدر؛ ويُطبع [ب٣-ف٨-مث٢٢] (يُحوَّل عند الإخراج)
book/الجزء-الأول/الباب-الثالث/ف08-ب-الدقة-والإيحاء-والسجل.md	38	3	رمز المثال	[م١-ب٣-ف٨-مث٢٣]	يُحفظ	معرّفٌ إنتاجيٌّ في المصدر؛ ويُطبع [ب٣-ف٨-مث٢٣] (يُحوَّل عند الإخراج)
book/الجزء-الأول/الباب-الثالث/ف08-ب-الدقة-والإيحاء-والسجل.md	53	3	رمز المثال	[م١-ب٣-ف٨-مث٢٤]	يُحفظ	معرّفٌ إنتاجيٌّ في المصدر؛ ويُطبع [ب٣-ف٨-مث٢٤] (يُحوَّل عند الإخراج)
book/الجزء-الأول/الباب-الثالث/ف08-ب-الدقة-والإيحاء-والسجل.md	57	3	رمز المثال	[م١-ب٣-ف٨-مث٢٥]	يُحفظ	معرّفٌ إنتاجيٌّ في المصدر؛ ويُطبع [ب٣-ف٨-مث٢٥] (يُحوَّل عند الإخراج)
book/الجزء-الأول/الباب-الثالث/ف08-ب-الدقة-والإيحاء-والسجل.md	71	3	رمز المثال	[م١-ب٣-ف٨-مث٢٦]	يُحفظ	معرّفٌ إنتاجيٌّ في المصدر؛ ويُطبع [ب٣-ف٨-مث٢٦] (يُحوَّل عند الإخراج)
book/الجزء-الأول/الباب-الثالث/ف08-ب-الدقة-والإيحاء-والسجل.md	75	3	رمز المثال	[م١-ب٣-ف٨-مث٢٧]	يُحفظ	معرّفٌ إنتاجيٌّ في المصدر؛ ويُطبع [ب٣-ف٨-مث٢٧] (يُحوَّل عند الإخراج)
book/الجزء-الأول/الباب-الثالث/ف08-ب-الدقة-والإيحاء-والسجل.md	89	3	رمز المثال	[م١-ب٣-ف٨-مث٢٨]	يُحفظ	معرّفٌ إنتاجيٌّ في المصدر؛ ويُطبع [ب٣-ف٨-مث٢٨] (يُحوَّل عند الإخراج)
book/الجزء-الأول/الباب-الثالث/ف08-ب-الدقة-والإيحاء-والسجل.md	93	3	رمز المثال	[م١-ب٣-ف٨-مث٢٩]	يُحفظ	معرّفٌ إنتاجيٌّ في المصدر؛ ويُطبع [ب٣-ف٨-مث٢٩] (يُحوَّل عند الإخراج)
book/الجزء-الأول/الباب-الثالث/ف08-ب-الدقة-والإيحاء-والسجل.md	107	3	رمز المثال	[م١-ب٣-ف٨-مث٣٠]	يُحفظ	معرّفٌ إنتاجيٌّ في المصدر؛ ويُطبع [ب٣-ف٨-مث٣٠] (يُحوَّل عند الإخراج)
book/الجزء-الأول/الباب-الثالث/ف08-ب-الدقة-والإيحاء-والسجل.md	123	3	رمز المثال	[م١-ب٣-ف٨-مث٣١]	يُحفظ	معرّفٌ إنتاجيٌّ في المصدر؛ ويُطبع [ب٣-ف٨-مث٣١] (يُحوَّل عند الإخراج)
book/الجزء-الأول/الباب-الثالث/ف08-ب-الدقة-والإيحاء-والسجل.md	142	3	رمز المثال	[م١-ب٣-ف٨-مث٣٢]	يُحفظ	معرّفٌ إنتاجيٌّ في المصدر؛ ويُطبع [ب٣-ف٨-مث٣٢] (يُحوَّل عند الإخراج)
book/الجزء-الأول/الباب-الثالث/ف08-ب-الدقة-والإيحاء-والسجل.md	146	3	رمز المثال	[م١-ب٣-ف٨-مث٣٣]	يُحفظ	معرّفٌ إنتاجيٌّ في المصدر؛ ويُطبع [ب٣-ف٨-مث٣٣] (يُحوَّل عند الإخراج)
book/الجزء-الأول/الباب-الثالث/ف08-ب-الدقة-والإيحاء-والسجل.md	150	3	رمز المثال	[م١-ب٣-ف٨-مث٣٤]	يُحفظ	معرّفٌ إنتاجيٌّ في المصدر؛ ويُطبع [ب٣-ف٨-مث٣٤] (يُحوَّل عند الإخراج)
book/الجزء-الأول/الباب-الثالث/ف08-ب-الدقة-والإيحاء-والسجل.md	154	3	رمز المثال	[م١-ب٣-ف٨-مث٣٥]	يُحفظ	معرّفٌ إنتاجيٌّ في المصدر؛ ويُطبع [ب٣-ف٨-مث٣٥] (يُحوَّل عند الإخراج)
book/الجزء-الأول/الباب-الثالث/ف08-ب-الدقة-والإيحاء-والسجل.md	158	3	رمز المثال	[م١-ب٣-ف٨-مث٣٦]	يُحفظ	معرّفٌ إنتاجيٌّ في المصدر؛ ويُطبع [ب٣-ف٨-مث٣٦] (يُحوَّل عند الإخراج)
book/الجزء-الأول/الباب-الثالث/ف08-ب-الدقة-والإيحاء-والسجل.md	176	3	رمز المثال	[م١-ب٣-ف٨-مث٣٧]	يُحفظ	معرّفٌ إنتاجيٌّ في المصدر؛ ويُطبع [ب٣-ف٨-مث٣٧] (يُحوَّل عند الإخراج)
book/الجزء-الأول/الباب-الثالث/ف08-ب-الدقة-والإيحاء-والسجل.md	180	3	رمز المثال	[م١-ب٣-ف٨-مث٣٨]	يُحفظ	معرّفٌ إنتاجيٌّ في المصدر؛ ويُطبع [ب٣-ف٨-مث٣٨] (يُحوَّل عند الإخراج)
book/الجزء-الأول/الباب-الثالث/ف09-أ-متى-توجز.md	5	3	المستوى ن	المستوى ٢	يُصحّح	المستوى 3
book/الجزء-الأول/الباب-الثالث/ف09-أ-متى-توجز.md	91	3	رمز المثال	[م١-ب٣-ف٩-مث١]	يُحفظ	معرّفٌ إنتاجيٌّ في المصدر؛ ويُطبع [ب٣-ف٩-مث١] (يُحوَّل عند الإخراج)
book/الجزء-الأول/الباب-الثالث/ف09-أ-متى-توجز.md	95	3	رمز المثال	[م١-ب٣-ف٩-مث٢]	يُحفظ	معرّفٌ إنتاجيٌّ في المصدر؛ ويُطبع [ب٣-ف٩-مث٢] (يُحوَّل عند الإخراج)
book/الجزء-الأول/الباب-الثالث/ف09-أ-متى-توجز.md	99	3	رمز المثال	[م١-ب٣-ف٩-مث٣]	يُحفظ	معرّفٌ إنتاجيٌّ في المصدر؛ ويُطبع [ب٣-ف٩-مث٣] (يُحوَّل عند الإخراج)
book/الجزء-الأول/الباب-الثالث/ف09-أ-متى-توجز.md	103	3	رمز المثال	[م١-ب٣-ف٩-مث٤]	يُحفظ	معرّفٌ إنتاجيٌّ في المصدر؛ ويُطبع [ب٣-ف٩-مث٤] (يُحوَّل عند الإخراج)
book/الجزء-الأول/الباب-الثالث/ف09-أ-متى-توجز.md	107	3	رمز المثال	[م١-ب٣-ف٩-مث٥]	يُحفظ	معرّفٌ إنتاجيٌّ في المصدر؛ ويُطبع [ب٣-ف٩-مث٥] (يُحوَّل عند الإخراج)
book/الجزء-الأول/الباب-الثالث/ف09-أ-متى-توجز.md	111	3	رمز المثال	[م١-ب٣-ف٩-مث٦]	يُحفظ	معرّفٌ إنتاجيٌّ في المصدر؛ ويُطبع [ب٣-ف٩-مث٦] (يُحوَّل عند الإخراج)
book/الجزء-الأول/الباب-الثالث/ف09-ب-متى-تطيل.md	44	3	رمز المثال	[م١-ب٣-ف٩-مث٧]	يُحفظ	معرّفٌ إنتاجيٌّ في المصدر؛ ويُطبع [ب٣-ف٩-مث٧] (يُحوَّل عند الإخراج)
book/الجزء-الأول/الباب-الثالث/ف09-ب-متى-تطيل.md	48	3	رمز المثال	[م١-ب٣-ف٩-مث٨]	يُحفظ	معرّفٌ إنتاجيٌّ في المصدر؛ ويُطبع [ب٣-ف٩-مث٨] (يُحوَّل عند الإخراج)
book/الجزء-الأول/الباب-الثالث/ف09-ب-متى-تطيل.md	52	3	رمز المثال	[م١-ب٣-ف٩-مث٩]	يُحفظ	معرّفٌ إنتاجيٌّ في المصدر؛ ويُطبع [ب٣-ف٩-مث٩] (يُحوَّل عند الإخراج)
book/الجزء-الأول/الباب-الثالث/ف09-ب-متى-تطيل.md	56	3	رمز المثال	[م١-ب٣-ف٩-مث١٠]	يُحفظ	معرّفٌ إنتاجيٌّ في المصدر؛ ويُطبع [ب٣-ف٩-مث١٠] (يُحوَّل عند الإخراج)
book/الجزء-الأول/الباب-الثالث/ف09-ب-متى-تطيل.md	60	3	رمز المثال	[م١-ب٣-ف٩-مث١١]	يُحفظ	معرّفٌ إنتاجيٌّ في المصدر؛ ويُطبع [ب٣-ف٩-مث١١] (يُحوَّل عند الإخراج)
book/الجزء-الأول/الباب-الثالث/ف09-ب-متى-تطيل.md	64	3	رمز المثال	[م١-ب٣-ف٩-مث١٢]	يُحفظ	معرّفٌ إنتاجيٌّ في المصدر؛ ويُطبع [ب٣-ف٩-مث١٢] (يُحوَّل عند الإخراج)
book/الجزء-الأول/الباب-الثالث/ف09-ب-متى-تطيل.md	68	3	رمز المثال	[م١-ب٣-ف٩-مث١٣]	يُحفظ	معرّفٌ إنتاجيٌّ في المصدر؛ ويُطبع [ب٣-ف٩-مث١٣] (يُحوَّل عند الإخراج)
book/الجزء-الأول/الباب-الثالث/ف09-ب-متى-تطيل.md	72	3	رمز المثال	[م١-ب٣-ف٩-مث١٤]	يُحفظ	معرّفٌ إنتاجيٌّ في المصدر؛ ويُطبع [ب٣-ف٩-مث١٤] (يُحوَّل عند الإخراج)
book/الجزء-الأول/الباب-الثالث/ف09-ب-متى-تطيل.md	76	3	رمز المثال	[م١-ب٣-ف٩-مث١٥]	يُحفظ	معرّفٌ إنتاجيٌّ في المصدر؛ ويُطبع [ب٣-ف٩-مث١٥] (يُحوَّل عند الإخراج)
book/الجزء-الأول/الباب-الثالث/ف09-ب-متى-تطيل.md	80	3	رمز المثال	[م١-ب٣-ف٩-مث١٦]	يُحفظ	معرّفٌ إنتاجيٌّ في المصدر؛ ويُطبع [ب٣-ف٩-مث١٦] (يُحوَّل عند الإخراج)
book/الجزء-الثاني/الباب-الرابع/00-فاتحة-الباب-الرابع.md	3	4	المستوى ن	المستوى ٣	يُصحّح	المستوى 4
book/الجزء-الثاني/الباب-الرابع/00-فاتحة-الباب-الرابع.md	7	4	الجزء ن	الجزء الأول	مراجعة بشرية	قراءة مقترحة: إحالةٌ إلى جزءٍ من الكتاب القديم؛ يُصحّح
book/الجزء-الثاني/الباب-الرابع/00-فاتحة-الباب-الرابع.md	9	4	إحالة	في الباب الأول	يُصحّح	يُزاد المجلد: «في المجلد 1، …»
book/الجزء-الثاني/الباب-الرابع/00-فاتحة-الباب-الرابع.md	53	4	إحالة	في الباب الأول	يُصحّح	يُزاد المجلد: «في المجلد 1، …»
book/الجزء-الثاني/الباب-الرابع/ف01-أ-المدخل-والدرس-الأول.md	5	4	المستوى ن	المستوى ٣	يُصحّح	المستوى 4
book/الجزء-الثاني/الباب-الرابع/ف01-أ-المدخل-والدرس-الأول.md	176	4	رمز المثال	[م٢-ب٤-ف١-مث١]	يُحفظ	معرّفٌ إنتاجيٌّ في المصدر؛ ويُطبع [ب٤-ف١-مث١] (يُحوَّل عند الإخراج)
book/الجزء-الثاني/الباب-الرابع/ف01-أ-المدخل-والدرس-الأول.md	180	4	رمز المثال	[م٢-ب٤-ف١-مث٢]	يُحفظ	معرّفٌ إنتاجيٌّ في المصدر؛ ويُطبع [ب٤-ف١-مث٢] (يُحوَّل عند الإخراج)
book/الجزء-الثاني/الباب-الرابع/ف01-أ-المدخل-والدرس-الأول.md	184	4	رمز المثال	[م٢-ب٤-ف١-مث٣]	يُحفظ	معرّفٌ إنتاجيٌّ في المصدر؛ ويُطبع [ب٤-ف١-مث٣] (يُحوَّل عند الإخراج)
book/الجزء-الثاني/الباب-الرابع/ف01-أ-المدخل-والدرس-الأول.md	188	4	رمز المثال	[م٢-ب٤-ف١-مث٤]	يُحفظ	معرّفٌ إنتاجيٌّ في المصدر؛ ويُطبع [ب٤-ف١-مث٤] (يُحوَّل عند الإخراج)
book/الجزء-الثاني/الباب-الرابع/ف01-أ-المدخل-والدرس-الأول.md	194	4	رمز المثال	[م٢-ب٤-ف١-مث٥]	يُحفظ	معرّفٌ إنتاجيٌّ في المصدر؛ ويُطبع [ب٤-ف١-مث٥] (يُحوَّل عند الإخراج)
book/الجزء-الثاني/الباب-الرابع/ف01-أ-المدخل-والدرس-الأول.md	213	4	رمز المثال	[م٢-ب٤-ف١-مث٦]	يُحفظ	معرّفٌ إنتاجيٌّ في المصدر؛ ويُطبع [ب٤-ف١-مث٦] (يُحوَّل عند الإخراج)
book/الجزء-الثاني/الباب-الرابع/ف01-أ-المدخل-والدرس-الأول.md	217	4	رمز المثال	[م٢-ب٤-ف١-مث٧]	يُحفظ	معرّفٌ إنتاجيٌّ في المصدر؛ ويُطبع [ب٤-ف١-مث٧] (يُحوَّل عند الإخراج)
book/الجزء-الثاني/الباب-الرابع/ف01-أ-المدخل-والدرس-الأول.md	221	4	رمز المثال	[م٢-ب٤-ف١-مث٨]	يُحفظ	معرّفٌ إنتاجيٌّ في المصدر؛ ويُطبع [ب٤-ف١-مث٨] (يُحوَّل عند الإخراج)
book/الجزء-الثاني/الباب-الرابع/ف01-أ-المدخل-والدرس-الأول.md	225	4	رمز المثال	[م٢-ب٤-ف١-مث٩]	يُحفظ	معرّفٌ إنتاجيٌّ في المصدر؛ ويُطبع [ب٤-ف١-مث٩] (يُحوَّل عند الإخراج)
book/الجزء-الثاني/الباب-الرابع/ف01-أ-المدخل-والدرس-الأول.md	231	4	رمز المثال	[م٢-ب٤-ف١-مث١٠]	يُحفظ	معرّفٌ إنتاجيٌّ في المصدر؛ ويُطبع [ب٤-ف١-مث١٠] (يُحوَّل عند الإخراج)
book/الجزء-الثاني/الباب-الرابع/ف01-أ-المدخل-والدرس-الأول.md	241	4	رمز المثال	[م٢-ب٤-ف١-مث١١]	يُحفظ	معرّفٌ إنتاجيٌّ في المصدر؛ ويُطبع [ب٤-ف١-مث١١] (يُحوَّل عند الإخراج)
book/الجزء-الثاني/الباب-الرابع/ف01-أ-المدخل-والدرس-الأول.md	245	4	رمز المثال	[م٢-ب٤-ف١-مث١٢]	يُحفظ	معرّفٌ إنتاجيٌّ في المصدر؛ ويُطبع [ب٤-ف١-مث١٢] (يُحوَّل عند الإخراج)
book/الجزء-الثاني/الباب-الرابع/ف01-أ-المدخل-والدرس-الأول.md	249	4	رمز المثال	[م٢-ب٤-ف١-مث١٣]	يُحفظ	معرّفٌ إنتاجيٌّ في المصدر؛ ويُطبع [ب٤-ف١-مث١٣] (يُحوَّل عند الإخراج)
book/الجزء-الثاني/الباب-الرابع/ف01-أ-المدخل-والدرس-الأول.md	253	4	رمز المثال	[م٢-ب٤-ف١-مث١٤]	يُحفظ	معرّفٌ إنتاجيٌّ في المصدر؛ ويُطبع [ب٤-ف١-مث١٤] (يُحوَّل عند الإخراج)
book/الجزء-الثاني/الباب-الرابع/ف01-أ-المدخل-والدرس-الأول.md	261	4	رمز المثال	[م٢-ب٤-ف١-مث١٥]	يُحفظ	معرّفٌ إنتاجيٌّ في المصدر؛ ويُطبع [ب٤-ف١-مث١٥] (يُحوَّل عند الإخراج)
book/الجزء-الثاني/الباب-الرابع/ف01-أ-المدخل-والدرس-الأول.md	265	4	رمز المثال	[م٢-ب٤-ف١-مث١٦]	يُحفظ	معرّفٌ إنتاجيٌّ في المصدر؛ ويُطبع [ب٤-ف١-مث١٦] (يُحوَّل عند الإخراج)
book/الجزء-الثاني/الباب-الرابع/ف01-أ-المدخل-والدرس-الأول.md	269	4	رمز المثال	[م٢-ب٤-ف١-مث١٧]	يُحفظ	معرّفٌ إنتاجيٌّ في المصدر؛ ويُطبع [ب٤-ف١-مث١٧] (يُحوَّل عند الإخراج)
book/الجزء-الثاني/الباب-الرابع/ف01-أ-المدخل-والدرس-الأول.md	273	4	رمز المثال	[م٢-ب٤-ف١-مث١٨]	يُحفظ	معرّفٌ إنتاجيٌّ في المصدر؛ ويُطبع [ب٤-ف١-مث١٨] (يُحوَّل عند الإخراج)
book/الجزء-الثاني/الباب-الرابع/ف01-أ-المدخل-والدرس-الأول.md	281	4	رمز المثال	[م٢-ب٤-ف١-مث١٩]	يُحفظ	معرّفٌ إنتاجيٌّ في المصدر؛ ويُطبع [ب٤-ف١-مث١٩] (يُحوَّل عند الإخراج)
book/الجزء-الثاني/الباب-الرابع/ف01-أ-المدخل-والدرس-الأول.md	283	4	رمز المثال	[م٢-ب٤-ف١-مث٢٠]	يُحفظ	معرّفٌ إنتاجيٌّ في المصدر؛ ويُطبع [ب٤-ف١-مث٢٠] (يُحوَّل عند الإخراج)
book/الجزء-الثاني/الباب-الرابع/ف01-أ-المدخل-والدرس-الأول.md	285	4	رمز المثال	[م٢-ب٤-ف١-مث٢١]	يُحفظ	معرّفٌ إنتاجيٌّ في المصدر؛ ويُطبع [ب٤-ف١-مث٢١] (يُحوَّل عند الإخراج)
book/الجزء-الثاني/الباب-الرابع/ف01-أ-المدخل-والدرس-الأول.md	287	4	رمز المثال	[م٢-ب٤-ف١-مث٢٢]	يُحفظ	معرّفٌ إنتاجيٌّ في المصدر؛ ويُطبع [ب٤-ف١-مث٢٢] (يُحوَّل عند الإخراج)
book/الجزء-الثاني/الباب-الرابع/ف01-أ-المدخل-والدرس-الأول.md	289	4	رمز المثال	[م٢-ب٤-ف١-مث٢٣]	يُحفظ	معرّفٌ إنتاجيٌّ في المصدر؛ ويُطبع [ب٤-ف١-مث٢٣] (يُحوَّل عند الإخراج)
book/الجزء-الثاني/الباب-الرابع/ف01-أ-المدخل-والدرس-الأول.md	299	4	رمز المثال	[م٢-ب٤-ف١-مث٢٤]	يُحفظ	معرّفٌ إنتاجيٌّ في المصدر؛ ويُطبع [ب٤-ف١-مث٢٤] (يُحوَّل عند الإخراج)
book/الجزء-الثاني/الباب-الرابع/ف01-ب-الدرس-الثاني.md	37	4	رمز المثال	[م٢-ب٤-ف١-مث٢٥]	يُحفظ	معرّفٌ إنتاجيٌّ في المصدر؛ ويُطبع [ب٤-ف١-مث٢٥] (يُحوَّل عند الإخراج)
book/الجزء-الثاني/الباب-الرابع/ف01-ب-الدرس-الثاني.md	47	4	رمز المثال	[م٢-ب٤-ف١-مث٢٦]	يُحفظ	معرّفٌ إنتاجيٌّ في المصدر؛ ويُطبع [ب٤-ف١-مث٢٦] (يُحوَّل عند الإخراج)
book/الجزء-الثاني/الباب-الرابع/ف01-ب-الدرس-الثاني.md	55	4	رمز المثال	[م٢-ب٤-ف١-مث٢٧]	يُحفظ	معرّفٌ إنتاجيٌّ في المصدر؛ ويُطبع [ب٤-ف١-مث٢٧] (يُحوَّل عند الإخراج)
book/الجزء-الثاني/الباب-الرابع/ف01-ب-الدرس-الثاني.md	58	4	رمز المثال	[م٢-ب٤-ف١-مث٢٨]	يُحفظ	معرّفٌ إنتاجيٌّ في المصدر؛ ويُطبع [ب٤-ف١-مث٢٨] (يُحوَّل عند الإخراج)
book/الجزء-الثاني/الباب-الرابع/ف01-ب-الدرس-الثاني.md	68	4	رمز المثال	[م٢-ب٤-ف١-مث٢٩]	يُحفظ	معرّفٌ إنتاجيٌّ في المصدر؛ ويُطبع [ب٤-ف١-مث٢٩] (يُحوَّل عند الإخراج)
book/الجزء-الثاني/الباب-الرابع/ف01-ب-الدرس-الثاني.md	80	4	رمز المثال	[م٢-ب٤-ف١-مث٣٠]	يُحفظ	معرّفٌ إنتاجيٌّ في المصدر؛ ويُطبع [ب٤-ف١-مث٣٠] (يُحوَّل عند الإخراج)
book/الجزء-الثاني/الباب-الرابع/ف01-ب-الدرس-الثاني.md	82	4	المستوى بالعدد اللفظي	المستوى الأول	يُحفظ	صفٌّ دراسيٌّ في مثال، لا مستوى البرنامج
book/الجزء-الثاني/الباب-الرابع/ف01-ب-الدرس-الثاني.md	84	4	إحالة	في الباب الثامن	يُصحّح	يُزاد المجلد: «في المجلد 8، …»
book/الجزء-الثاني/الباب-الرابع/ف01-ب-الدرس-الثاني.md	90	4	رمز المثال	[م٢-ب٤-ف١-مث٣١]	يُحفظ	معرّفٌ إنتاجيٌّ في المصدر؛ ويُطبع [ب٤-ف١-مث٣١] (يُحوَّل عند الإخراج)
book/الجزء-الثاني/الباب-الرابع/ف01-ب-الدرس-الثاني.md	97	4	رمز المثال	[م٢-ب٤-ف١-مث٣٢]	يُحفظ	معرّفٌ إنتاجيٌّ في المصدر؛ ويُطبع [ب٤-ف١-مث٣٢] (يُحوَّل عند الإخراج)
book/الجزء-الثاني/الباب-الرابع/ف01-ب-الدرس-الثاني.md	161	4	رمز المثال	[م٢-ب٤-ف١-مث٣٣]	يُحفظ	معرّفٌ إنتاجيٌّ في المصدر؛ ويُطبع [ب٤-ف١-مث٣٣] (يُحوَّل عند الإخراج)
book/الجزء-الثاني/الباب-الرابع/ف01-ب-الدرس-الثاني.md	165	4	رمز المثال	[م٢-ب٤-ف١-مث٣٤]	يُحفظ	معرّفٌ إنتاجيٌّ في المصدر؛ ويُطبع [ب٤-ف١-مث٣٤] (يُحوَّل عند الإخراج)
book/الجزء-الثاني/الباب-الرابع/ف01-ب-الدرس-الثاني.md	169	4	رمز المثال	[م٢-ب٤-ف١-مث٣٥]	يُحفظ	معرّفٌ إنتاجيٌّ في المصدر؛ ويُطبع [ب٤-ف١-مث٣٥] (يُحوَّل عند الإخراج)
book/الجزء-الثاني/الباب-الرابع/ف01-ب-الدرس-الثاني.md	191	4	إحالة	انظر الباب الأول، الفصل الأول	يُصحّح	يُزاد المجلد: «في المجلد 1، …»
book/الجزء-الثاني/الباب-الرابع/ف01-ب-الدرس-الثاني.md	195	4	رمز المثال	[م٢-ب٤-ف١-مث٣٦]	يُحفظ	معرّفٌ إنتاجيٌّ في المصدر؛ ويُطبع [ب٤-ف١-مث٣٦] (يُحوَّل عند الإخراج)
book/الجزء-الثاني/الباب-الرابع/ف01-ج-التطبيق-والتقويم.md	242	4	إحالة	إلى الباب الثاني	يُصحّح	يُزاد المجلد: «في المجلد 2، …»
book/الجزء-الثاني/الباب-الرابع/ف02-أ-المدخل-والدرس-الأول.md	5	4	المستوى ن	المستوى ٣	يُصحّح	المستوى 4
book/الجزء-الثاني/الباب-الرابع/ف02-أ-المدخل-والدرس-الأول.md	76	4	إحالة	في الباب السادس، الفصل الأول	يُصحّح	يُزاد المجلد: «في المجلد 6، …»
book/الجزء-الثاني/الباب-الرابع/ف02-أ-المدخل-والدرس-الأول.md	170	4	رمز المثال	[م٢-ب٤-ف٢-مث١]	يُحفظ	معرّفٌ إنتاجيٌّ في المصدر؛ ويُطبع [ب٤-ف٢-مث١] (يُحوَّل عند الإخراج)
book/الجزء-الثاني/الباب-الرابع/ف02-أ-المدخل-والدرس-الأول.md	174	4	رمز المثال	[م٢-ب٤-ف٢-مث٢]	يُحفظ	معرّفٌ إنتاجيٌّ في المصدر؛ ويُطبع [ب٤-ف٢-مث٢] (يُحوَّل عند الإخراج)
book/الجزء-الثاني/الباب-الرابع/ف02-أ-المدخل-والدرس-الأول.md	178	4	رمز المثال	[م٢-ب٤-ف٢-مث٣]	يُحفظ	معرّفٌ إنتاجيٌّ في المصدر؛ ويُطبع [ب٤-ف٢-مث٣] (يُحوَّل عند الإخراج)
book/الجزء-الثاني/الباب-الرابع/ف02-أ-المدخل-والدرس-الأول.md	182	4	رمز المثال	[م٢-ب٤-ف٢-مث٤]	يُحفظ	معرّفٌ إنتاجيٌّ في المصدر؛ ويُطبع [ب٤-ف٢-مث٤] (يُحوَّل عند الإخراج)
book/الجزء-الثاني/الباب-الرابع/ف02-أ-المدخل-والدرس-الأول.md	186	4	رمز المثال	[م٢-ب٤-ف٢-مث٥]	يُحفظ	معرّفٌ إنتاجيٌّ في المصدر؛ ويُطبع [ب٤-ف٢-مث٥] (يُحوَّل عند الإخراج)
book/الجزء-الثاني/الباب-الرابع/ف02-أ-المدخل-والدرس-الأول.md	200	4	رمز المثال	[م٢-ب٤-ف٢-مث٦]	يُحفظ	معرّفٌ إنتاجيٌّ في المصدر؛ ويُطبع [ب٤-ف٢-مث٦] (يُحوَّل عند الإخراج)
book/الجزء-الثاني/الباب-الرابع/ف02-أ-المدخل-والدرس-الأول.md	204	4	رمز المثال	[م٢-ب٤-ف٢-مث٧]	يُحفظ	معرّفٌ إنتاجيٌّ في المصدر؛ ويُطبع [ب٤-ف٢-مث٧] (يُحوَّل عند الإخراج)
book/الجزء-الثاني/الباب-الرابع/ف02-أ-المدخل-والدرس-الأول.md	208	4	رمز المثال	[م٢-ب٤-ف٢-مث٨]	يُحفظ	معرّفٌ إنتاجيٌّ في المصدر؛ ويُطبع [ب٤-ف٢-مث٨] (يُحوَّل عند الإخراج)
book/الجزء-الثاني/الباب-الرابع/ف02-أ-المدخل-والدرس-الأول.md	212	4	رمز المثال	[م٢-ب٤-ف٢-مث٩]	يُحفظ	معرّفٌ إنتاجيٌّ في المصدر؛ ويُطبع [ب٤-ف٢-مث٩] (يُحوَّل عند الإخراج)
book/الجزء-الثاني/الباب-الرابع/ف02-أ-المدخل-والدرس-الأول.md	232	4	رمز المثال	[م٢-ب٤-ف٢-مث١٠]	يُحفظ	معرّفٌ إنتاجيٌّ في المصدر؛ ويُطبع [ب٤-ف٢-مث١٠] (يُحوَّل عند الإخراج)
book/الجزء-الثاني/الباب-الرابع/ف02-أ-المدخل-والدرس-الأول.md	237	4	رمز المثال	[م٢-ب٤-ف٢-مث١١]	يُحفظ	معرّفٌ إنتاجيٌّ في المصدر؛ ويُطبع [ب٤-ف٢-مث١١] (يُحوَّل عند الإخراج)
book/الجزء-الثاني/الباب-الرابع/ف02-أ-المدخل-والدرس-الأول.md	242	4	رمز المثال	[م٢-ب٤-ف٢-مث١٢]	يُحفظ	معرّفٌ إنتاجيٌّ في المصدر؛ ويُطبع [ب٤-ف٢-مث١٢] (يُحوَّل عند الإخراج)
book/الجزء-الثاني/الباب-الرابع/ف02-أ-المدخل-والدرس-الأول.md	247	4	رمز المثال	[م٢-ب٤-ف٢-مث١٣]	يُحفظ	معرّفٌ إنتاجيٌّ في المصدر؛ ويُطبع [ب٤-ف٢-مث١٣] (يُحوَّل عند الإخراج)
book/الجزء-الثاني/الباب-الرابع/ف02-أ-المدخل-والدرس-الأول.md	251	4	رمز المثال	[م٢-ب٤-ف٢-مث١٤]	يُحفظ	معرّفٌ إنتاجيٌّ في المصدر؛ ويُطبع [ب٤-ف٢-مث١٤] (يُحوَّل عند الإخراج)
book/الجزء-الثاني/الباب-الرابع/ف02-أ-المدخل-والدرس-الأول.md	255	4	رمز المثال	[م٢-ب٤-ف٢-مث١٥]	يُحفظ	معرّفٌ إنتاجيٌّ في المصدر؛ ويُطبع [ب٤-ف٢-مث١٥] (يُحوَّل عند الإخراج)
book/الجزء-الثاني/الباب-الرابع/ف02-أ-المدخل-والدرس-الأول.md	269	4	رمز المثال	[م٢-ب٤-ف٢-مث١٦]	يُحفظ	معرّفٌ إنتاجيٌّ في المصدر؛ ويُطبع [ب٤-ف٢-مث١٦] (يُحوَّل عند الإخراج)
book/الجزء-الثاني/الباب-الرابع/ف02-أ-المدخل-والدرس-الأول.md	273	4	رمز المثال	[م٢-ب٤-ف٢-مث١٧]	يُحفظ	معرّفٌ إنتاجيٌّ في المصدر؛ ويُطبع [ب٤-ف٢-مث١٧] (يُحوَّل عند الإخراج)
book/الجزء-الثاني/الباب-الرابع/ف02-أ-المدخل-والدرس-الأول.md	277	4	رمز المثال	[م٢-ب٤-ف٢-مث١٨]	يُحفظ	معرّفٌ إنتاجيٌّ في المصدر؛ ويُطبع [ب٤-ف٢-مث١٨] (يُحوَّل عند الإخراج)
book/الجزء-الثاني/الباب-الرابع/ف02-أ-المدخل-والدرس-الأول.md	281	4	رمز المثال	[م٢-ب٤-ف٢-مث١٩]	يُحفظ	معرّفٌ إنتاجيٌّ في المصدر؛ ويُطبع [ب٤-ف٢-مث١٩] (يُحوَّل عند الإخراج)
book/الجزء-الثاني/الباب-الرابع/ف02-ب-الدرس-الثاني.md	16	4	إحالة	في الباب الثاني	يُصحّح	يُزاد المجلد: «في المجلد 2، …»
book/الجزء-الثاني/الباب-الرابع/ف02-ب-الدرس-الثاني.md	77	4	إحالة	انظر الباب الثاني، الفصل العاشر	يُصحّح	يُزاد المجلد: «في المجلد 2، …»
book/الجزء-الثاني/الباب-الرابع/ف02-ب-الدرس-الثاني.md	101	4	رمز المثال	[م٢-ب٤-ف٢-مث٢٠]	يُحفظ	معرّفٌ إنتاجيٌّ في المصدر؛ ويُطبع [ب٤-ف٢-مث٢٠] (يُحوَّل عند الإخراج)
book/الجزء-الثاني/الباب-الرابع/ف02-ب-الدرس-الثاني.md	105	4	رمز المثال	[م٢-ب٤-ف٢-مث٢١]	يُحفظ	معرّفٌ إنتاجيٌّ في المصدر؛ ويُطبع [ب٤-ف٢-مث٢١] (يُحوَّل عند الإخراج)
book/الجزء-الثاني/الباب-الرابع/ف02-ب-الدرس-الثاني.md	110	4	رمز المثال	[م٢-ب٤-ف٢-مث٢٢]	يُحفظ	معرّفٌ إنتاجيٌّ في المصدر؛ ويُطبع [ب٤-ف٢-مث٢٢] (يُحوَّل عند الإخراج)
book/الجزء-الثاني/الباب-الرابع/ف02-ب-الدرس-الثاني.md	113	4	إحالة	في الباب السادس	يُصحّح	يُزاد المجلد: «في المجلد 6، …»
book/الجزء-الثاني/الباب-الرابع/ف02-ب-الدرس-الثاني.md	115	4	رمز المثال	[م٢-ب٤-ف٢-مث٢٣]	يُحفظ	معرّفٌ إنتاجيٌّ في المصدر؛ ويُطبع [ب٤-ف٢-مث٢٣] (يُحوَّل عند الإخراج)
book/الجزء-الثاني/الباب-الرابع/ف02-ب-الدرس-الثاني.md	119	4	رمز المثال	[م٢-ب٤-ف٢-مث٢٤]	يُحفظ	معرّفٌ إنتاجيٌّ في المصدر؛ ويُطبع [ب٤-ف٢-مث٢٤] (يُحوَّل عند الإخراج)
book/الجزء-الثاني/الباب-الرابع/ف02-ب-الدرس-الثاني.md	123	4	رمز المثال	[م٢-ب٤-ف٢-مث٢٥]	يُحفظ	معرّفٌ إنتاجيٌّ في المصدر؛ ويُطبع [ب٤-ف٢-مث٢٥] (يُحوَّل عند الإخراج)
book/الجزء-الثاني/الباب-الرابع/ف02-ب-الدرس-الثاني.md	127	4	رمز المثال	[م٢-ب٤-ف٢-مث٢٦]	يُحفظ	معرّفٌ إنتاجيٌّ في المصدر؛ ويُطبع [ب٤-ف٢-مث٢٦] (يُحوَّل عند الإخراج)
book/الجزء-الثاني/الباب-الرابع/ف02-ب-الدرس-الثاني.md	131	4	رمز المثال	[م٢-ب٤-ف٢-مث٢٧]	يُحفظ	معرّفٌ إنتاجيٌّ في المصدر؛ ويُطبع [ب٤-ف٢-مث٢٧] (يُحوَّل عند الإخراج)
book/الجزء-الثاني/الباب-الرابع/ف02-ب-الدرس-الثاني.md	135	4	رمز المثال	[م٢-ب٤-ف٢-مث٢٨]	يُحفظ	معرّفٌ إنتاجيٌّ في المصدر؛ ويُطبع [ب٤-ف٢-مث٢٨] (يُحوَّل عند الإخراج)
book/الجزء-الثاني/الباب-الرابع/ف02-ب-الدرس-الثاني.md	139	4	رمز المثال	[م٢-ب٤-ف٢-مث٢٩]	يُحفظ	معرّفٌ إنتاجيٌّ في المصدر؛ ويُطبع [ب٤-ف٢-مث٢٩] (يُحوَّل عند الإخراج)
book/الجزء-الثاني/الباب-الرابع/ف02-ب-الدرس-الثاني.md	145	4	رمز المثال	[م٢-ب٤-ف٢-مث٣٠]	يُحفظ	معرّفٌ إنتاجيٌّ في المصدر؛ ويُطبع [ب٤-ف٢-مث٣٠] (يُحوَّل عند الإخراج)
book/الجزء-الثاني/الباب-الرابع/ف02-ب-الدرس-الثاني.md	147	4	رمز المثال	[م٢-ب٤-ف٢-مث٣١]	يُحفظ	معرّفٌ إنتاجيٌّ في المصدر؛ ويُطبع [ب٤-ف٢-مث٣١] (يُحوَّل عند الإخراج)
book/الجزء-الثاني/الباب-الرابع/ف02-ب-الدرس-الثاني.md	149	4	رمز المثال	[م٢-ب٤-ف٢-مث٣٢]	يُحفظ	معرّفٌ إنتاجيٌّ في المصدر؛ ويُطبع [ب٤-ف٢-مث٣٢] (يُحوَّل عند الإخراج)
book/الجزء-الثاني/الباب-الرابع/ف02-ب-الدرس-الثاني.md	151	4	رمز المثال	[م٢-ب٤-ف٢-مث٣٣]	يُحفظ	معرّفٌ إنتاجيٌّ في المصدر؛ ويُطبع [ب٤-ف٢-مث٣٣] (يُحوَّل عند الإخراج)
book/الجزء-الثاني/الباب-الرابع/ف02-ب-الدرس-الثاني.md	153	4	رمز المثال	[م٢-ب٤-ف٢-مث٣٤]	يُحفظ	معرّفٌ إنتاجيٌّ في المصدر؛ ويُطبع [ب٤-ف٢-مث٣٤] (يُحوَّل عند الإخراج)
book/الجزء-الثاني/الباب-الرابع/ف02-ج-التطبيق-والتقويم.md	253	4	إحالة	إلى الباب الثاني	يُصحّح	يُزاد المجلد: «في المجلد 2، …»
book/الجزء-الثاني/الباب-الرابع/ف02-ج-التطبيق-والتقويم.md	335	4	الجزء ن	الجزء الأول	مراجعة بشرية	قراءة مقترحة: استعمالٌ لغويٌّ عام، لا بنية الكتاب؛ يُحفظ
book/الجزء-الثاني/الباب-الرابع/ف02-ج-التطبيق-والتقويم.md	335	4	الجزء ن	الجزء الثاني	مراجعة بشرية	قراءة مقترحة: استعمالٌ لغويٌّ عام، لا بنية الكتاب؛ يُحفظ
book/الجزء-الثاني/الباب-الرابع/ف03-أ-فن-الافتتاح.md	5	4	المستوى ن	المستوى ٣	يُصحّح	المستوى 4
book/الجزء-الثاني/الباب-الرابع/ف03-أ-فن-الافتتاح.md	133	4	رمز المثال	[م٢-ب٤-ف٣-مث١]	يُحفظ	معرّفٌ إنتاجيٌّ في المصدر؛ ويُطبع [ب٤-ف٣-مث١] (يُحوَّل عند الإخراج)
book/الجزء-الثاني/الباب-الرابع/ف03-أ-فن-الافتتاح.md	138	4	رمز المثال	[م٢-ب٤-ف٣-مث٢]	يُحفظ	معرّفٌ إنتاجيٌّ في المصدر؛ ويُطبع [ب٤-ف٣-مث٢] (يُحوَّل عند الإخراج)
book/الجزء-الثاني/الباب-الرابع/ف03-أ-فن-الافتتاح.md	142	4	رمز المثال	[م٢-ب٤-ف٣-مث٣]	يُحفظ	معرّفٌ إنتاجيٌّ في المصدر؛ ويُطبع [ب٤-ف٣-مث٣] (يُحوَّل عند الإخراج)
book/الجزء-الثاني/الباب-الرابع/ف03-أ-فن-الافتتاح.md	146	4	رمز المثال	[م٢-ب٤-ف٣-مث٤]	يُحفظ	معرّفٌ إنتاجيٌّ في المصدر؛ ويُطبع [ب٤-ف٣-مث٤] (يُحوَّل عند الإخراج)
book/الجزء-الثاني/الباب-الرابع/ف03-أ-فن-الافتتاح.md	183	4	رمز المثال	[م٢-ب٤-ف٣-مث٥]	يُحفظ	معرّفٌ إنتاجيٌّ في المصدر؛ ويُطبع [ب٤-ف٣-مث٥] (يُحوَّل عند الإخراج)
book/الجزء-الثاني/الباب-الرابع/ف03-أ-فن-الافتتاح.md	202	4	رمز المثال	[م٢-ب٤-ف٣-مث٦]	يُحفظ	معرّفٌ إنتاجيٌّ في المصدر؛ ويُطبع [ب٤-ف٣-مث٦] (يُحوَّل عند الإخراج)
book/الجزء-الثاني/الباب-الرابع/ف03-أ-فن-الافتتاح.md	221	4	رمز المثال	[م٢-ب٤-ف٣-مث٧]	يُحفظ	معرّفٌ إنتاجيٌّ في المصدر؛ ويُطبع [ب٤-ف٣-مث٧] (يُحوَّل عند الإخراج)
book/الجزء-الثاني/الباب-الرابع/ف03-أ-فن-الافتتاح.md	240	4	رمز المثال	[م٢-ب٤-ف٣-مث٨]	يُحفظ	معرّفٌ إنتاجيٌّ في المصدر؛ ويُطبع [ب٤-ف٣-مث٨] (يُحوَّل عند الإخراج)
book/الجزء-الثاني/الباب-الرابع/ف03-أ-فن-الافتتاح.md	259	4	رمز المثال	[م٢-ب٤-ف٣-مث٩]	يُحفظ	معرّفٌ إنتاجيٌّ في المصدر؛ ويُطبع [ب٤-ف٣-مث٩] (يُحوَّل عند الإخراج)
book/الجزء-الثاني/الباب-الرابع/ف03-ب-فن-الافتتاح.md	24	4	رمز المثال	[م٢-ب٤-ف٣-مث١٠]	يُحفظ	معرّفٌ إنتاجيٌّ في المصدر؛ ويُطبع [ب٤-ف٣-مث١٠] (يُحوَّل عند الإخراج)
book/الجزء-الثاني/الباب-الرابع/ف03-ب-فن-الافتتاح.md	46	4	رمز المثال	[م٢-ب٤-ف٣-مث١١]	يُحفظ	معرّفٌ إنتاجيٌّ في المصدر؛ ويُطبع [ب٤-ف٣-مث١١] (يُحوَّل عند الإخراج)
book/الجزء-الثاني/الباب-الرابع/ف03-ب-فن-الافتتاح.md	65	4	إحالة	انظر الباب الأول، الفصل الأول	يُصحّح	يُزاد المجلد: «في المجلد 1، …»
book/الجزء-الثاني/الباب-الرابع/ف03-ب-فن-الافتتاح.md	67	4	رمز المثال	[م٢-ب٤-ف٣-مث١٢]	يُحفظ	معرّفٌ إنتاجيٌّ في المصدر؛ ويُطبع [ب٤-ف٣-مث١٢] (يُحوَّل عند الإخراج)
book/الجزء-الثاني/الباب-الرابع/ف03-ب-فن-الافتتاح.md	91	4	رمز المثال	[م٢-ب٤-ف٣-مث١٣]	يُحفظ	معرّفٌ إنتاجيٌّ في المصدر؛ ويُطبع [ب٤-ف٣-مث١٣] (يُحوَّل عند الإخراج)
book/الجزء-الثاني/الباب-الرابع/ف03-ب-فن-الافتتاح.md	110	4	رمز المثال	[م٢-ب٤-ف٣-مث١٤]	يُحفظ	معرّفٌ إنتاجيٌّ في المصدر؛ ويُطبع [ب٤-ف٣-مث١٤] (يُحوَّل عند الإخراج)
book/الجزء-الثاني/الباب-الرابع/ف03-ب-فن-الافتتاح.md	129	4	رمز المثال	[م٢-ب٤-ف٣-مث١٥]	يُحفظ	معرّفٌ إنتاجيٌّ في المصدر؛ ويُطبع [ب٤-ف٣-مث١٥] (يُحوَّل عند الإخراج)
book/الجزء-الثاني/الباب-الرابع/ف03-ب-فن-الافتتاح.md	155	4	رمز المثال	[م٢-ب٤-ف٣-مث١٦]	يُحفظ	معرّفٌ إنتاجيٌّ في المصدر؛ ويُطبع [ب٤-ف٣-مث١٦] (يُحوَّل عند الإخراج)
book/الجزء-الثاني/الباب-الرابع/ف03-ب-فن-الافتتاح.md	159	4	رمز المثال	[م٢-ب٤-ف٣-مث١٧]	يُحفظ	معرّفٌ إنتاجيٌّ في المصدر؛ ويُطبع [ب٤-ف٣-مث١٧] (يُحوَّل عند الإخراج)
book/الجزء-الثاني/الباب-الرابع/ف03-ب-فن-الافتتاح.md	163	4	رمز المثال	[م٢-ب٤-ف٣-مث١٨]	يُحفظ	معرّفٌ إنتاجيٌّ في المصدر؛ ويُطبع [ب٤-ف٣-مث١٨] (يُحوَّل عند الإخراج)
book/الجزء-الثاني/الباب-الرابع/ف03-ب-فن-الافتتاح.md	167	4	رمز المثال	[م٢-ب٤-ف٣-مث١٩]	يُحفظ	معرّفٌ إنتاجيٌّ في المصدر؛ ويُطبع [ب٤-ف٣-مث١٩] (يُحوَّل عند الإخراج)
book/الجزء-الثاني/الباب-الرابع/ف03-ب-فن-الافتتاح.md	171	4	رمز المثال	[م٢-ب٤-ف٣-مث٢٠]	يُحفظ	معرّفٌ إنتاجيٌّ في المصدر؛ ويُطبع [ب٤-ف٣-مث٢٠] (يُحوَّل عند الإخراج)
book/الجزء-الثاني/الباب-الرابع/ف03-ج-التطبيق-والتقويم.md	27	4	رمز المثال	[م٢-ب٤-ف٣-مث٢١]	يُحفظ	معرّفٌ إنتاجيٌّ في المصدر؛ ويُطبع [ب٤-ف٣-مث٢١] (يُحوَّل عند الإخراج)
book/الجزء-الثاني/الباب-الرابع/ف03-ج-التطبيق-والتقويم.md	46	4	رمز المثال	[م٢-ب٤-ف٣-مث٢٢]	يُحفظ	معرّفٌ إنتاجيٌّ في المصدر؛ ويُطبع [ب٤-ف٣-مث٢٢] (يُحوَّل عند الإخراج)
book/الجزء-الثاني/الباب-الرابع/ف03-ج-التطبيق-والتقويم.md	68	4	رمز المثال	[م٢-ب٤-ف٣-مث٢٣]	يُحفظ	معرّفٌ إنتاجيٌّ في المصدر؛ ويُطبع [ب٤-ف٣-مث٢٣] (يُحوَّل عند الإخراج)
book/الجزء-الثاني/الباب-الرابع/ف03-ج-التطبيق-والتقويم.md	87	4	رمز المثال	[م٢-ب٤-ف٣-مث٢٤]	يُحفظ	معرّفٌ إنتاجيٌّ في المصدر؛ ويُطبع [ب٤-ف٣-مث٢٤] (يُحوَّل عند الإخراج)
book/الجزء-الثاني/الباب-الرابع/ف04-أ-فن-التعريف-بالنفس.md	5	4	المستوى ن	المستوى ٣	يُصحّح	المستوى 4
book/الجزء-الثاني/الباب-الرابع/ف04-أ-فن-التعريف-بالنفس.md	47	4	المستوى بالعدد اللفظي	المستوى الأول	يُحفظ	صفٌّ دراسيٌّ في مثال، لا مستوى البرنامج
book/الجزء-الثاني/الباب-الرابع/ف04-أ-فن-التعريف-بالنفس.md	163	4	رمز المثال	[م٢-ب٤-ف٤-مث١]	يُحفظ	معرّفٌ إنتاجيٌّ في المصدر؛ ويُطبع [ب٤-ف٤-مث١] (يُحوَّل عند الإخراج)
book/الجزء-الثاني/الباب-الرابع/ف04-أ-فن-التعريف-بالنفس.md	167	4	رمز المثال	[م٢-ب٤-ف٤-مث٢]	يُحفظ	معرّفٌ إنتاجيٌّ في المصدر؛ ويُطبع [ب٤-ف٤-مث٢] (يُحوَّل عند الإخراج)
book/الجزء-الثاني/الباب-الرابع/ف04-أ-فن-التعريف-بالنفس.md	175	4	رمز المثال	[م٢-ب٤-ف٤-مث٣]	يُحفظ	معرّفٌ إنتاجيٌّ في المصدر؛ ويُطبع [ب٤-ف٤-مث٣] (يُحوَّل عند الإخراج)
book/الجزء-الثاني/الباب-الرابع/ف04-أ-فن-التعريف-بالنفس.md	179	4	رمز المثال	[م٢-ب٤-ف٤-مث٤]	يُحفظ	معرّفٌ إنتاجيٌّ في المصدر؛ ويُطبع [ب٤-ف٤-مث٤] (يُحوَّل عند الإخراج)
book/الجزء-الثاني/الباب-الرابع/ف04-ب-فن-التعريف-بالنفس.md	18	4	رمز المثال	[م٢-ب٤-ف٤-مث٥]	يُحفظ	معرّفٌ إنتاجيٌّ في المصدر؛ ويُطبع [ب٤-ف٤-مث٥] (يُحوَّل عند الإخراج)
book/الجزء-الثاني/الباب-الرابع/ف04-ب-فن-التعريف-بالنفس.md	60	4	رمز المثال	[م٢-ب٤-ف٤-مث٦]	يُحفظ	معرّفٌ إنتاجيٌّ في المصدر؛ ويُطبع [ب٤-ف٤-مث٦] (يُحوَّل عند الإخراج)
book/الجزء-الثاني/الباب-الرابع/ف04-ب-فن-التعريف-بالنفس.md	190	4	رمز المثال	[م٢-ب٤-ف٤-مث٧]	يُحفظ	معرّفٌ إنتاجيٌّ في المصدر؛ ويُطبع [ب٤-ف٤-مث٧] (يُحوَّل عند الإخراج)
book/الجزء-الثاني/الباب-الرابع/ف04-ب-فن-التعريف-بالنفس.md	210	4	رمز المثال	[م٢-ب٤-ف٤-مث٨]	يُحفظ	معرّفٌ إنتاجيٌّ في المصدر؛ ويُطبع [ب٤-ف٤-مث٨] (يُحوَّل عند الإخراج)
book/الجزء-الثاني/الباب-الرابع/ف04-ب-فن-التعريف-بالنفس.md	214	4	رمز المثال	[م٢-ب٤-ف٤-مث٩]	يُحفظ	معرّفٌ إنتاجيٌّ في المصدر؛ ويُطبع [ب٤-ف٤-مث٩] (يُحوَّل عند الإخراج)
book/الجزء-الثاني/الباب-الرابع/ف04-ج-التطبيق-والتقويم.md	39	4	رمز المثال	[م٢-ب٤-ف٤-مث١٠]	يُحفظ	معرّفٌ إنتاجيٌّ في المصدر؛ ويُطبع [ب٤-ف٤-مث١٠] (يُحوَّل عند الإخراج)
book/الجزء-الثاني/الباب-الرابع/ف05-أ-فن-الانتقال.md	5	4	المستوى ن	المستوى ٣	يُصحّح	المستوى 4
book/الجزء-الثاني/الباب-الرابع/ف05-أ-فن-الانتقال.md	97	4	رمز المثال	[م٢-ب٤-ف٥-مث١]	يُحفظ	معرّفٌ إنتاجيٌّ في المصدر؛ ويُطبع [ب٤-ف٥-مث١] (يُحوَّل عند الإخراج)
book/الجزء-الثاني/الباب-الرابع/ف05-أ-فن-الانتقال.md	184	4	رمز المثال	[م٢-ب٤-ف٥-مث٢]	يُحفظ	معرّفٌ إنتاجيٌّ في المصدر؛ ويُطبع [ب٤-ف٥-مث٢] (يُحوَّل عند الإخراج)
book/الجزء-الثاني/الباب-الرابع/ف05-أ-فن-الانتقال.md	188	4	رمز المثال	[م٢-ب٤-ف٥-مث٣]	يُحفظ	معرّفٌ إنتاجيٌّ في المصدر؛ ويُطبع [ب٤-ف٥-مث٣] (يُحوَّل عند الإخراج)
book/الجزء-الثاني/الباب-الرابع/ف05-أ-فن-الانتقال.md	192	4	رمز المثال	[م٢-ب٤-ف٥-مث٤]	يُحفظ	معرّفٌ إنتاجيٌّ في المصدر؛ ويُطبع [ب٤-ف٥-مث٤] (يُحوَّل عند الإخراج)
book/الجزء-الثاني/الباب-الرابع/ف05-أ-فن-الانتقال.md	196	4	رمز المثال	[م٢-ب٤-ف٥-مث٥]	يُحفظ	معرّفٌ إنتاجيٌّ في المصدر؛ ويُطبع [ب٤-ف٥-مث٥] (يُحوَّل عند الإخراج)
book/الجزء-الثاني/الباب-الرابع/ف05-أ-فن-الانتقال.md	201	4	رمز المثال	[م٢-ب٤-ف٥-مث٦]	يُحفظ	معرّفٌ إنتاجيٌّ في المصدر؛ ويُطبع [ب٤-ف٥-مث٦] (يُحوَّل عند الإخراج)
book/الجزء-الثاني/الباب-الرابع/ف05-أ-فن-الانتقال.md	205	4	رمز المثال	[م٢-ب٤-ف٥-مث٧]	يُحفظ	معرّفٌ إنتاجيٌّ في المصدر؛ ويُطبع [ب٤-ف٥-مث٧] (يُحوَّل عند الإخراج)
book/الجزء-الثاني/الباب-الرابع/ف05-أ-فن-الانتقال.md	209	4	رمز المثال	[م٢-ب٤-ف٥-مث٨]	يُحفظ	معرّفٌ إنتاجيٌّ في المصدر؛ ويُطبع [ب٤-ف٥-مث٨] (يُحوَّل عند الإخراج)
book/الجزء-الثاني/الباب-الرابع/ف05-أ-فن-الانتقال.md	213	4	رمز المثال	[م٢-ب٤-ف٥-مث٩]	يُحفظ	معرّفٌ إنتاجيٌّ في المصدر؛ ويُطبع [ب٤-ف٥-مث٩] (يُحوَّل عند الإخراج)
book/الجزء-الثاني/الباب-الرابع/ف05-أ-فن-الانتقال.md	217	4	رمز المثال	[م٢-ب٤-ف٥-مث١٠]	يُحفظ	معرّفٌ إنتاجيٌّ في المصدر؛ ويُطبع [ب٤-ف٥-مث١٠] (يُحوَّل عند الإخراج)
book/الجزء-الثاني/الباب-الرابع/ف05-أ-فن-الانتقال.md	221	4	رمز المثال	[م٢-ب٤-ف٥-مث١١]	يُحفظ	معرّفٌ إنتاجيٌّ في المصدر؛ ويُطبع [ب٤-ف٥-مث١١] (يُحوَّل عند الإخراج)
book/الجزء-الثاني/الباب-الرابع/ف05-أ-فن-الانتقال.md	233	4	رمز المثال	[م٢-ب٤-ف٥-مث١٢]	يُحفظ	معرّفٌ إنتاجيٌّ في المصدر؛ ويُطبع [ب٤-ف٥-مث١٢] (يُحوَّل عند الإخراج)
book/الجزء-الثاني/الباب-الرابع/ف05-أ-فن-الانتقال.md	239	4	رمز المثال	[م٢-ب٤-ف٥-مث١٣]	يُحفظ	معرّفٌ إنتاجيٌّ في المصدر؛ ويُطبع [ب٤-ف٥-مث١٣] (يُحوَّل عند الإخراج)
book/الجزء-الثاني/الباب-الرابع/ف05-أ-فن-الانتقال.md	247	4	رمز المثال	[م٢-ب٤-ف٥-مث١٤]	يُحفظ	معرّفٌ إنتاجيٌّ في المصدر؛ ويُطبع [ب٤-ف٥-مث١٤] (يُحوَّل عند الإخراج)
book/الجزء-الثاني/الباب-الرابع/ف05-أ-فن-الانتقال.md	253	4	رمز المثال	[م٢-ب٤-ف٥-مث١٥]	يُحفظ	معرّفٌ إنتاجيٌّ في المصدر؛ ويُطبع [ب٤-ف٥-مث١٥] (يُحوَّل عند الإخراج)
book/الجزء-الثاني/الباب-الرابع/ف05-أ-فن-الانتقال.md	259	4	رمز المثال	[م٢-ب٤-ف٥-مث١٦]	يُحفظ	معرّفٌ إنتاجيٌّ في المصدر؛ ويُطبع [ب٤-ف٥-مث١٦] (يُحوَّل عند الإخراج)
book/الجزء-الثاني/الباب-الرابع/ف05-أ-فن-الانتقال.md	267	4	رمز المثال	[م٢-ب٤-ف٥-مث١٧]	يُحفظ	معرّفٌ إنتاجيٌّ في المصدر؛ ويُطبع [ب٤-ف٥-مث١٧] (يُحوَّل عند الإخراج)
book/الجزء-الثاني/الباب-الرابع/ف05-أ-فن-الانتقال.md	273	4	رمز المثال	[م٢-ب٤-ف٥-مث١٨]	يُحفظ	معرّفٌ إنتاجيٌّ في المصدر؛ ويُطبع [ب٤-ف٥-مث١٨] (يُحوَّل عند الإخراج)
book/الجزء-الثاني/الباب-الرابع/ف05-أ-فن-الانتقال.md	279	4	رمز المثال	[م٢-ب٤-ف٥-مث١٩]	يُحفظ	معرّفٌ إنتاجيٌّ في المصدر؛ ويُطبع [ب٤-ف٥-مث١٩] (يُحوَّل عند الإخراج)
book/الجزء-الثاني/الباب-الرابع/ف05-أ-فن-الانتقال.md	289	4	إحالة	انظر الباب الثالث، الفصل الخامس	يُصحّح	يُزاد المجلد: «في المجلد 3، …»
book/الجزء-الثاني/الباب-الرابع/ف05-أ-فن-الانتقال.md	304	4	رمز المثال	[م٢-ب٤-ف٥-مث٢٠]	يُحفظ	معرّفٌ إنتاجيٌّ في المصدر؛ ويُطبع [ب٤-ف٥-مث٢٠] (يُحوَّل عند الإخراج)
book/الجزء-الثاني/الباب-الرابع/ف05-أ-فن-الانتقال.md	308	4	رمز المثال	[م٢-ب٤-ف٥-مث٢١]	يُحفظ	معرّفٌ إنتاجيٌّ في المصدر؛ ويُطبع [ب٤-ف٥-مث٢١] (يُحوَّل عند الإخراج)
book/الجزء-الثاني/الباب-الرابع/ف05-أ-فن-الانتقال.md	312	4	رمز المثال	[م٢-ب٤-ف٥-مث٢٢]	يُحفظ	معرّفٌ إنتاجيٌّ في المصدر؛ ويُطبع [ب٤-ف٥-مث٢٢] (يُحوَّل عند الإخراج)
book/الجزء-الثاني/الباب-الرابع/ف05-أ-فن-الانتقال.md	316	4	رمز المثال	[م٢-ب٤-ف٥-مث٢٣]	يُحفظ	معرّفٌ إنتاجيٌّ في المصدر؛ ويُطبع [ب٤-ف٥-مث٢٣] (يُحوَّل عند الإخراج)
book/الجزء-الثاني/الباب-الرابع/ف05-أ-فن-الانتقال.md	320	4	رمز المثال	[م٢-ب٤-ف٥-مث٢٤]	يُحفظ	معرّفٌ إنتاجيٌّ في المصدر؛ ويُطبع [ب٤-ف٥-مث٢٤] (يُحوَّل عند الإخراج)
book/الجزء-الثاني/الباب-الرابع/ف05-أ-فن-الانتقال.md	324	4	رمز المثال	[م٢-ب٤-ف٥-مث٢٥]	يُحفظ	معرّفٌ إنتاجيٌّ في المصدر؛ ويُطبع [ب٤-ف٥-مث٢٥] (يُحوَّل عند الإخراج)
book/الجزء-الثاني/الباب-الرابع/ف05-أ-فن-الانتقال.md	328	4	إحالة	انظر الباب الثالث، الفصل السابع	يُصحّح	يُزاد المجلد: «في المجلد 3، …»
book/الجزء-الثاني/الباب-الرابع/ف05-أ-فن-الانتقال.md	336	4	رمز المثال	[م٢-ب٤-ف٥-مث٢٦]	يُحفظ	معرّفٌ إنتاجيٌّ في المصدر؛ ويُطبع [ب٤-ف٥-مث٢٦] (يُحوَّل عند الإخراج)
book/الجزء-الثاني/الباب-الرابع/ف05-أ-فن-الانتقال.md	342	4	رمز المثال	[م٢-ب٤-ف٥-مث٢٧]	يُحفظ	معرّفٌ إنتاجيٌّ في المصدر؛ ويُطبع [ب٤-ف٥-مث٢٧] (يُحوَّل عند الإخراج)
book/الجزء-الثاني/الباب-الرابع/ف05-ب-التطبيق-والتقويم.md	22	4	رمز المثال	[م٢-ب٤-ف٥-مث٢٨]	يُحفظ	معرّفٌ إنتاجيٌّ في المصدر؛ ويُطبع [ب٤-ف٥-مث٢٨] (يُحوَّل عند الإخراج)
book/الجزء-الثاني/الباب-الرابع/ف05-ب-التطبيق-والتقويم.md	26	4	رمز المثال	[م٢-ب٤-ف٥-مث٢٩]	يُحفظ	معرّفٌ إنتاجيٌّ في المصدر؛ ويُطبع [ب٤-ف٥-مث٢٩] (يُحوَّل عند الإخراج)
book/الجزء-الثاني/الباب-الرابع/ف05-ب-التطبيق-والتقويم.md	30	4	رمز المثال	[م٢-ب٤-ف٥-مث٣٠]	يُحفظ	معرّفٌ إنتاجيٌّ في المصدر؛ ويُطبع [ب٤-ف٥-مث٣٠] (يُحوَّل عند الإخراج)
book/الجزء-الثاني/الباب-الرابع/ف05-ب-التطبيق-والتقويم.md	292	4	الجزء ن	الجزء الثاني	مراجعة بشرية	قراءة مقترحة: استعمالٌ لغويٌّ عام، لا بنية الكتاب؛ يُحفظ
book/الجزء-الثاني/الباب-الرابع/ف05-ب-التطبيق-والتقويم.md	380	4	إحالة	انظر الباب الثاني، الفصل الرابع	يُصحّح	يُزاد المجلد: «في المجلد 2، …»
book/الجزء-الثاني/الباب-الرابع/ف05-ب-التطبيق-والتقويم.md	470	4	الثمانية	الثمانية	يُصحّح	الأحد عشر
book/الجزء-الثاني/الباب-الرابع/ف06-أ-فن-الخاتمة.md	5	4	المستوى ن	المستوى ٣	يُصحّح	المستوى 4
book/الجزء-الثاني/الباب-الرابع/ف06-أ-فن-الخاتمة.md	24	4	إحالة	في الباب الأول	يُصحّح	يُزاد المجلد: «في المجلد 1، …»
book/الجزء-الثاني/الباب-الرابع/ف06-أ-فن-الخاتمة.md	24	4	إحالة	انظر الباب الأول، الفصل الأول	يُصحّح	يُزاد المجلد: «في المجلد 1، …»
book/الجزء-الثاني/الباب-الرابع/ف06-أ-فن-الخاتمة.md	174	4	رمز المثال	[م٢-ب٤-ف٦-مث١]	يُحفظ	معرّفٌ إنتاجيٌّ في المصدر؛ ويُطبع [ب٤-ف٦-مث١] (يُحوَّل عند الإخراج)
book/الجزء-الثاني/الباب-الرابع/ف06-أ-فن-الخاتمة.md	182	4	رمز المثال	[م٢-ب٤-ف٦-مث٢]	يُحفظ	معرّفٌ إنتاجيٌّ في المصدر؛ ويُطبع [ب٤-ف٦-مث٢] (يُحوَّل عند الإخراج)
book/الجزء-الثاني/الباب-الرابع/ف06-أ-فن-الخاتمة.md	190	4	رمز المثال	[م٢-ب٤-ف٦-مث٣]	يُحفظ	معرّفٌ إنتاجيٌّ في المصدر؛ ويُطبع [ب٤-ف٦-مث٣] (يُحوَّل عند الإخراج)
book/الجزء-الثاني/الباب-الرابع/ف06-أ-فن-الخاتمة.md	196	4	رمز المثال	[م٢-ب٤-ف٦-مث٤]	يُحفظ	معرّفٌ إنتاجيٌّ في المصدر؛ ويُطبع [ب٤-ف٦-مث٤] (يُحوَّل عند الإخراج)
book/الجزء-الثاني/الباب-الرابع/ف06-أ-فن-الخاتمة.md	204	4	رمز المثال	[م٢-ب٤-ف٦-مث٥]	يُحفظ	معرّفٌ إنتاجيٌّ في المصدر؛ ويُطبع [ب٤-ف٦-مث٥] (يُحوَّل عند الإخراج)
book/الجزء-الثاني/الباب-الرابع/ف06-أ-فن-الخاتمة.md	212	4	رمز المثال	[م٢-ب٤-ف٦-مث٦]	يُحفظ	معرّفٌ إنتاجيٌّ في المصدر؛ ويُطبع [ب٤-ف٦-مث٦] (يُحوَّل عند الإخراج)
book/الجزء-الثاني/الباب-الرابع/ف06-أ-فن-الخاتمة.md	218	4	رمز المثال	[م٢-ب٤-ف٦-مث٧]	يُحفظ	معرّفٌ إنتاجيٌّ في المصدر؛ ويُطبع [ب٤-ف٦-مث٧] (يُحوَّل عند الإخراج)
book/الجزء-الثاني/الباب-الرابع/ف06-أ-فن-الخاتمة.md	226	4	رمز المثال	[م٢-ب٤-ف٦-مث٨]	يُحفظ	معرّفٌ إنتاجيٌّ في المصدر؛ ويُطبع [ب٤-ف٦-مث٨] (يُحوَّل عند الإخراج)
book/الجزء-الثاني/الباب-الرابع/ف06-أ-فن-الخاتمة.md	234	4	رمز المثال	[م٢-ب٤-ف٦-مث٩]	يُحفظ	معرّفٌ إنتاجيٌّ في المصدر؛ ويُطبع [ب٤-ف٦-مث٩] (يُحوَّل عند الإخراج)
book/الجزء-الثاني/الباب-الرابع/ف06-أ-فن-الخاتمة.md	242	4	رمز المثال	[م٢-ب٤-ف٦-مث١٠]	يُحفظ	معرّفٌ إنتاجيٌّ في المصدر؛ ويُطبع [ب٤-ف٦-مث١٠] (يُحوَّل عند الإخراج)
book/الجزء-الثاني/الباب-الرابع/ف06-أ-فن-الخاتمة.md	250	4	رمز المثال	[م٢-ب٤-ف٦-مث١١]	يُحفظ	معرّفٌ إنتاجيٌّ في المصدر؛ ويُطبع [ب٤-ف٦-مث١١] (يُحوَّل عند الإخراج)
book/الجزء-الثاني/الباب-الرابع/ف06-أ-فن-الخاتمة.md	258	4	رمز المثال	[م٢-ب٤-ف٦-مث١٢]	يُحفظ	معرّفٌ إنتاجيٌّ في المصدر؛ ويُطبع [ب٤-ف٦-مث١٢] (يُحوَّل عند الإخراج)
book/الجزء-الثاني/الباب-الرابع/ف06-أ-فن-الخاتمة.md	283	4	رمز المثال	[م٢-ب٤-ف٦-مث١٣]	يُحفظ	معرّفٌ إنتاجيٌّ في المصدر؛ ويُطبع [ب٤-ف٦-مث١٣] (يُحوَّل عند الإخراج)
book/الجزء-الثاني/الباب-الرابع/ف06-أ-فن-الخاتمة.md	287	4	رمز المثال	[م٢-ب٤-ف٦-مث١٤]	يُحفظ	معرّفٌ إنتاجيٌّ في المصدر؛ ويُطبع [ب٤-ف٦-مث١٤] (يُحوَّل عند الإخراج)
book/الجزء-الثاني/الباب-الرابع/ف06-أ-فن-الخاتمة.md	291	4	رمز المثال	[م٢-ب٤-ف٦-مث١٥]	يُحفظ	معرّفٌ إنتاجيٌّ في المصدر؛ ويُطبع [ب٤-ف٦-مث١٥] (يُحوَّل عند الإخراج)
book/الجزء-الثاني/الباب-الرابع/ف06-أ-فن-الخاتمة.md	295	4	رمز المثال	[م٢-ب٤-ف٦-مث١٦]	يُحفظ	معرّفٌ إنتاجيٌّ في المصدر؛ ويُطبع [ب٤-ف٦-مث١٦] (يُحوَّل عند الإخراج)
book/الجزء-الثاني/الباب-الرابع/ف06-ب-خواتيم-المقامات.md	282	4	رمز المثال	[م٢-ب٤-ف٦-مث١٧]	يُحفظ	معرّفٌ إنتاجيٌّ في المصدر؛ ويُطبع [ب٤-ف٦-مث١٧] (يُحوَّل عند الإخراج)
book/الجزء-الثاني/الباب-الرابع/ف06-ب-خواتيم-المقامات.md	286	4	رمز المثال	[م٢-ب٤-ف٦-مث١٨]	يُحفظ	معرّفٌ إنتاجيٌّ في المصدر؛ ويُطبع [ب٤-ف٦-مث١٨] (يُحوَّل عند الإخراج)
book/الجزء-الثاني/الباب-الرابع/ف06-ب-خواتيم-المقامات.md	290	4	رمز المثال	[م٢-ب٤-ف٦-مث١٩]	يُحفظ	معرّفٌ إنتاجيٌّ في المصدر؛ ويُطبع [ب٤-ف٦-مث١٩] (يُحوَّل عند الإخراج)
book/الجزء-الثاني/الباب-الرابع/ف06-ج-التطبيق-والتقويم.md	246	4	إحالة	انظر الباب الثاني، الفصل الخامس	يُصحّح	يُزاد المجلد: «في المجلد 2، …»
book/الجزء-الثاني/الباب-الرابع/ف07-أ-من-علم-المعاني.md	5	4	المستوى ن	المستوى ٣	يُصحّح	المستوى 4
book/الجزء-الثاني/الباب-الرابع/ف07-أ-من-علم-المعاني.md	73	4	رمز المثال	[م٢-ب٤-ف٧-مث١]	يُحفظ	معرّفٌ إنتاجيٌّ في المصدر؛ ويُطبع [ب٤-ف٧-مث١] (يُحوَّل عند الإخراج)
book/الجزء-الثاني/الباب-الرابع/ف07-أ-من-علم-المعاني.md	77	4	رمز المثال	[م٢-ب٤-ف٧-مث٢]	يُحفظ	معرّفٌ إنتاجيٌّ في المصدر؛ ويُطبع [ب٤-ف٧-مث٢] (يُحوَّل عند الإخراج)
book/الجزء-الثاني/الباب-الرابع/ف07-أ-من-علم-المعاني.md	83	4	رمز المثال	[م٢-ب٤-ف٧-مث٣]	يُحفظ	معرّفٌ إنتاجيٌّ في المصدر؛ ويُطبع [ب٤-ف٧-مث٣] (يُحوَّل عند الإخراج)
book/الجزء-الثاني/الباب-الرابع/ف07-أ-من-علم-المعاني.md	87	4	رمز المثال	[م٢-ب٤-ف٧-مث٤]	يُحفظ	معرّفٌ إنتاجيٌّ في المصدر؛ ويُطبع [ب٤-ف٧-مث٤] (يُحوَّل عند الإخراج)
book/الجزء-الثاني/الباب-الرابع/ف07-أ-من-علم-المعاني.md	91	4	رمز المثال	[م٢-ب٤-ف٧-مث٥]	يُحفظ	معرّفٌ إنتاجيٌّ في المصدر؛ ويُطبع [ب٤-ف٧-مث٥] (يُحوَّل عند الإخراج)
book/الجزء-الثاني/الباب-الرابع/ف07-أ-من-علم-المعاني.md	95	4	رمز المثال	[م٢-ب٤-ف٧-مث٦]	يُحفظ	معرّفٌ إنتاجيٌّ في المصدر؛ ويُطبع [ب٤-ف٧-مث٦] (يُحوَّل عند الإخراج)
book/الجزء-الثاني/الباب-الرابع/ف07-أ-من-علم-المعاني.md	105	4	رمز المثال	[م٢-ب٤-ف٧-مث٧]	يُحفظ	معرّفٌ إنتاجيٌّ في المصدر؛ ويُطبع [ب٤-ف٧-مث٧] (يُحوَّل عند الإخراج)
book/الجزء-الثاني/الباب-الرابع/ف07-أ-من-علم-المعاني.md	109	4	رمز المثال	[م٢-ب٤-ف٧-مث٨]	يُحفظ	معرّفٌ إنتاجيٌّ في المصدر؛ ويُطبع [ب٤-ف٧-مث٨] (يُحوَّل عند الإخراج)
book/الجزء-الثاني/الباب-الرابع/ف07-أ-من-علم-المعاني.md	113	4	رمز المثال	[م٢-ب٤-ف٧-مث٩]	يُحفظ	معرّفٌ إنتاجيٌّ في المصدر؛ ويُطبع [ب٤-ف٧-مث٩] (يُحوَّل عند الإخراج)
book/الجزء-الثاني/الباب-الرابع/ف07-أ-من-علم-المعاني.md	117	4	رمز المثال	[م٢-ب٤-ف٧-مث١٠]	يُحفظ	معرّفٌ إنتاجيٌّ في المصدر؛ ويُطبع [ب٤-ف٧-مث١٠] (يُحوَّل عند الإخراج)
book/الجزء-الثاني/الباب-الرابع/ف07-أ-من-علم-المعاني.md	121	4	رمز المثال	[م٢-ب٤-ف٧-مث١١]	يُحفظ	معرّفٌ إنتاجيٌّ في المصدر؛ ويُطبع [ب٤-ف٧-مث١١] (يُحوَّل عند الإخراج)
book/الجزء-الثاني/الباب-الرابع/ف07-أ-من-علم-المعاني.md	133	4	رمز المثال	[م٢-ب٤-ف٧-مث١٢]	يُحفظ	معرّفٌ إنتاجيٌّ في المصدر؛ ويُطبع [ب٤-ف٧-مث١٢] (يُحوَّل عند الإخراج)
book/الجزء-الثاني/الباب-الرابع/ف07-أ-من-علم-المعاني.md	137	4	رمز المثال	[م٢-ب٤-ف٧-مث١٣]	يُحفظ	معرّفٌ إنتاجيٌّ في المصدر؛ ويُطبع [ب٤-ف٧-مث١٣] (يُحوَّل عند الإخراج)
book/الجزء-الثاني/الباب-الرابع/ف07-أ-من-علم-المعاني.md	141	4	رمز المثال	[م٢-ب٤-ف٧-مث١٤]	يُحفظ	معرّفٌ إنتاجيٌّ في المصدر؛ ويُطبع [ب٤-ف٧-مث١٤] (يُحوَّل عند الإخراج)
book/الجزء-الثاني/الباب-الرابع/ف07-أ-من-علم-المعاني.md	145	4	رمز المثال	[م٢-ب٤-ف٧-مث١٥]	يُحفظ	معرّفٌ إنتاجيٌّ في المصدر؛ ويُطبع [ب٤-ف٧-مث١٥] (يُحوَّل عند الإخراج)
book/الجزء-الثاني/الباب-الرابع/ف07-أ-من-علم-المعاني.md	149	4	رمز المثال	[م٢-ب٤-ف٧-مث١٦]	يُحفظ	معرّفٌ إنتاجيٌّ في المصدر؛ ويُطبع [ب٤-ف٧-مث١٦] (يُحوَّل عند الإخراج)
book/الجزء-الثاني/الباب-الرابع/ف07-أ-من-علم-المعاني.md	161	4	رمز المثال	[م٢-ب٤-ف٧-مث١٧]	يُحفظ	معرّفٌ إنتاجيٌّ في المصدر؛ ويُطبع [ب٤-ف٧-مث١٧] (يُحوَّل عند الإخراج)
book/الجزء-الثاني/الباب-الرابع/ف07-أ-من-علم-المعاني.md	165	4	رمز المثال	[م٢-ب٤-ف٧-مث١٨]	يُحفظ	معرّفٌ إنتاجيٌّ في المصدر؛ ويُطبع [ب٤-ف٧-مث١٨] (يُحوَّل عند الإخراج)
book/الجزء-الثاني/الباب-الرابع/ف07-أ-من-علم-المعاني.md	169	4	رمز المثال	[م٢-ب٤-ف٧-مث١٩]	يُحفظ	معرّفٌ إنتاجيٌّ في المصدر؛ ويُطبع [ب٤-ف٧-مث١٩] (يُحوَّل عند الإخراج)
book/الجزء-الثاني/الباب-الرابع/ف07-أ-من-علم-المعاني.md	173	4	رمز المثال	[م٢-ب٤-ف٧-مث٢٠]	يُحفظ	معرّفٌ إنتاجيٌّ في المصدر؛ ويُطبع [ب٤-ف٧-مث٢٠] (يُحوَّل عند الإخراج)
book/الجزء-الثاني/الباب-الرابع/ف08-أ-من-علم-البيان.md	5	4	المستوى ن	المستوى ٣	يُصحّح	المستوى 4
book/الجزء-الثاني/الباب-الرابع/ف08-أ-من-علم-البيان.md	62	4	رمز المثال	[م٢-ب٤-ف٨-مث١]	يُحفظ	معرّفٌ إنتاجيٌّ في المصدر؛ ويُطبع [ب٤-ف٨-مث١] (يُحوَّل عند الإخراج)
book/الجزء-الثاني/الباب-الرابع/ف08-أ-من-علم-البيان.md	66	4	رمز المثال	[م٢-ب٤-ف٨-مث٢]	يُحفظ	معرّفٌ إنتاجيٌّ في المصدر؛ ويُطبع [ب٤-ف٨-مث٢] (يُحوَّل عند الإخراج)
book/الجزء-الثاني/الباب-الرابع/ف08-أ-من-علم-البيان.md	70	4	رمز المثال	[م٢-ب٤-ف٨-مث٣]	يُحفظ	معرّفٌ إنتاجيٌّ في المصدر؛ ويُطبع [ب٤-ف٨-مث٣] (يُحوَّل عند الإخراج)
book/الجزء-الثاني/الباب-الرابع/ف08-أ-من-علم-البيان.md	74	4	رمز المثال	[م٢-ب٤-ف٨-مث٤]	يُحفظ	معرّفٌ إنتاجيٌّ في المصدر؛ ويُطبع [ب٤-ف٨-مث٤] (يُحوَّل عند الإخراج)
book/الجزء-الثاني/الباب-الرابع/ف08-أ-من-علم-البيان.md	78	4	رمز المثال	[م٢-ب٤-ف٨-مث٥]	يُحفظ	معرّفٌ إنتاجيٌّ في المصدر؛ ويُطبع [ب٤-ف٨-مث٥] (يُحوَّل عند الإخراج)
book/الجزء-الثاني/الباب-الرابع/ف08-أ-من-علم-البيان.md	82	4	رمز المثال	[م٢-ب٤-ف٨-مث٦]	يُحفظ	معرّفٌ إنتاجيٌّ في المصدر؛ ويُطبع [ب٤-ف٨-مث٦] (يُحوَّل عند الإخراج)
book/الجزء-الثاني/الباب-الرابع/ف08-أ-من-علم-البيان.md	90	4	رمز المثال	[م٢-ب٤-ف٨-مث٧]	يُحفظ	معرّفٌ إنتاجيٌّ في المصدر؛ ويُطبع [ب٤-ف٨-مث٧] (يُحوَّل عند الإخراج)
book/الجزء-الثاني/الباب-الرابع/ف08-أ-من-علم-البيان.md	94	4	رمز المثال	[م٢-ب٤-ف٨-مث٨]	يُحفظ	معرّفٌ إنتاجيٌّ في المصدر؛ ويُطبع [ب٤-ف٨-مث٨] (يُحوَّل عند الإخراج)
book/الجزء-الثاني/الباب-الرابع/ف08-أ-من-علم-البيان.md	98	4	رمز المثال	[م٢-ب٤-ف٨-مث٩]	يُحفظ	معرّفٌ إنتاجيٌّ في المصدر؛ ويُطبع [ب٤-ف٨-مث٩] (يُحوَّل عند الإخراج)
book/الجزء-الثاني/الباب-الرابع/ف08-أ-من-علم-البيان.md	102	4	رمز المثال	[م٢-ب٤-ف٨-مث١٠]	يُحفظ	معرّفٌ إنتاجيٌّ في المصدر؛ ويُطبع [ب٤-ف٨-مث١٠] (يُحوَّل عند الإخراج)
book/الجزء-الثاني/الباب-الرابع/ف08-أ-من-علم-البيان.md	111	4	رمز المثال	[م٢-ب٤-ف٨-مث١١]	يُحفظ	معرّفٌ إنتاجيٌّ في المصدر؛ ويُطبع [ب٤-ف٨-مث١١] (يُحوَّل عند الإخراج)
book/الجزء-الثاني/الباب-الرابع/ف08-أ-من-علم-البيان.md	115	4	رمز المثال	[م٢-ب٤-ف٨-مث١٢]	يُحفظ	معرّفٌ إنتاجيٌّ في المصدر؛ ويُطبع [ب٤-ف٨-مث١٢] (يُحوَّل عند الإخراج)
book/الجزء-الثاني/الباب-الرابع/ف08-أ-من-علم-البيان.md	119	4	رمز المثال	[م٢-ب٤-ف٨-مث١٣]	يُحفظ	معرّفٌ إنتاجيٌّ في المصدر؛ ويُطبع [ب٤-ف٨-مث١٣] (يُحوَّل عند الإخراج)
book/الجزء-الثاني/الباب-الرابع/ف08-أ-من-علم-البيان.md	123	4	رمز المثال	[م٢-ب٤-ف٨-مث١٤]	يُحفظ	معرّفٌ إنتاجيٌّ في المصدر؛ ويُطبع [ب٤-ف٨-مث١٤] (يُحوَّل عند الإخراج)
book/الجزء-الثاني/الباب-الرابع/ف08-أ-من-علم-البيان.md	135	4	رمز المثال	[م٢-ب٤-ف٨-مث١٥]	يُحفظ	معرّفٌ إنتاجيٌّ في المصدر؛ ويُطبع [ب٤-ف٨-مث١٥] (يُحوَّل عند الإخراج)
book/الجزء-الثاني/الباب-الرابع/ف08-أ-من-علم-البيان.md	137	4	رمز المثال	[م٢-ب٤-ف٨-مث١٦]	يُحفظ	معرّفٌ إنتاجيٌّ في المصدر؛ ويُطبع [ب٤-ف٨-مث١٦] (يُحوَّل عند الإخراج)
book/الجزء-الثاني/الباب-الرابع/ف08-أ-من-علم-البيان.md	139	4	رمز المثال	[م٢-ب٤-ف٨-مث١٧]	يُحفظ	معرّفٌ إنتاجيٌّ في المصدر؛ ويُطبع [ب٤-ف٨-مث١٧] (يُحوَّل عند الإخراج)
book/الجزء-الثاني/الباب-الرابع/ف08-أ-من-علم-البيان.md	153	4	رمز المثال	[م٢-ب٤-ف٨-مث١٨]	يُحفظ	معرّفٌ إنتاجيٌّ في المصدر؛ ويُطبع [ب٤-ف٨-مث١٨] (يُحوَّل عند الإخراج)
book/الجزء-الثاني/الباب-الرابع/ف08-أ-من-علم-البيان.md	157	4	رمز المثال	[م٢-ب٤-ف٨-مث١٩]	يُحفظ	معرّفٌ إنتاجيٌّ في المصدر؛ ويُطبع [ب٤-ف٨-مث١٩] (يُحوَّل عند الإخراج)
book/الجزء-الثاني/الباب-الرابع/ف09-أ-من-علم-البديع.md	5	4	المستوى ن	المستوى ٣	يُصحّح	المستوى 4
book/الجزء-الثاني/الباب-الرابع/ف09-أ-من-علم-البديع.md	66	4	رمز المثال	[م٢-ب٤-ف٩-مث١]	يُحفظ	معرّفٌ إنتاجيٌّ في المصدر؛ ويُطبع [ب٤-ف٩-مث١] (يُحوَّل عند الإخراج)
book/الجزء-الثاني/الباب-الرابع/ف09-أ-من-علم-البديع.md	70	4	رمز المثال	[م٢-ب٤-ف٩-مث٢]	يُحفظ	معرّفٌ إنتاجيٌّ في المصدر؛ ويُطبع [ب٤-ف٩-مث٢] (يُحوَّل عند الإخراج)
book/الجزء-الثاني/الباب-الرابع/ف09-أ-من-علم-البديع.md	73	4	رمز المثال	[م٢-ب٤-ف٩-مث٣]	يُحفظ	معرّفٌ إنتاجيٌّ في المصدر؛ ويُطبع [ب٤-ف٩-مث٣] (يُحوَّل عند الإخراج)
book/الجزء-الثاني/الباب-الرابع/ف09-أ-من-علم-البديع.md	77	4	رمز المثال	[م٢-ب٤-ف٩-مث٤]	يُحفظ	معرّفٌ إنتاجيٌّ في المصدر؛ ويُطبع [ب٤-ف٩-مث٤] (يُحوَّل عند الإخراج)
book/الجزء-الثاني/الباب-الرابع/ف09-أ-من-علم-البديع.md	88	4	رمز المثال	[م٢-ب٤-ف٩-مث٥]	يُحفظ	معرّفٌ إنتاجيٌّ في المصدر؛ ويُطبع [ب٤-ف٩-مث٥] (يُحوَّل عند الإخراج)
book/الجزء-الثاني/الباب-الرابع/ف09-أ-من-علم-البديع.md	91	4	رمز المثال	[م٢-ب٤-ف٩-مث٦]	يُحفظ	معرّفٌ إنتاجيٌّ في المصدر؛ ويُطبع [ب٤-ف٩-مث٦] (يُحوَّل عند الإخراج)
book/الجزء-الثاني/الباب-الرابع/ف09-أ-من-علم-البديع.md	95	4	رمز المثال	[م٢-ب٤-ف٩-مث٧]	يُحفظ	معرّفٌ إنتاجيٌّ في المصدر؛ ويُطبع [ب٤-ف٩-مث٧] (يُحوَّل عند الإخراج)
book/الجزء-الثاني/الباب-الرابع/ف09-أ-من-علم-البديع.md	104	4	رمز المثال	[م٢-ب٤-ف٩-مث٨]	يُحفظ	معرّفٌ إنتاجيٌّ في المصدر؛ ويُطبع [ب٤-ف٩-مث٨] (يُحوَّل عند الإخراج)
book/الجزء-الثاني/الباب-الرابع/ف09-أ-من-علم-البديع.md	107	4	رمز المثال	[م٢-ب٤-ف٩-مث٩]	يُحفظ	معرّفٌ إنتاجيٌّ في المصدر؛ ويُطبع [ب٤-ف٩-مث٩] (يُحوَّل عند الإخراج)
book/الجزء-الثاني/الباب-الرابع/ف09-أ-من-علم-البديع.md	110	4	رمز المثال	[م٢-ب٤-ف٩-مث١٠]	يُحفظ	معرّفٌ إنتاجيٌّ في المصدر؛ ويُطبع [ب٤-ف٩-مث١٠] (يُحوَّل عند الإخراج)
book/الجزء-الثاني/الباب-الرابع/ف09-أ-من-علم-البديع.md	120	4	رمز المثال	[م٢-ب٤-ف٩-مث١١]	يُحفظ	معرّفٌ إنتاجيٌّ في المصدر؛ ويُطبع [ب٤-ف٩-مث١١] (يُحوَّل عند الإخراج)
book/الجزء-الثاني/الباب-الرابع/ف09-أ-من-علم-البديع.md	124	4	رمز المثال	[م٢-ب٤-ف٩-مث١٢]	يُحفظ	معرّفٌ إنتاجيٌّ في المصدر؛ ويُطبع [ب٤-ف٩-مث١٢] (يُحوَّل عند الإخراج)
book/الجزء-الثاني/الباب-الرابع/ف09-أ-من-علم-البديع.md	128	4	رمز المثال	[م٢-ب٤-ف٩-مث١٣]	يُحفظ	معرّفٌ إنتاجيٌّ في المصدر؛ ويُطبع [ب٤-ف٩-مث١٣] (يُحوَّل عند الإخراج)
book/الجزء-الثاني/الباب-الرابع/ف09-أ-من-علم-البديع.md	131	4	رمز المثال	[م٢-ب٤-ف٩-مث١٤]	يُحفظ	معرّفٌ إنتاجيٌّ في المصدر؛ ويُطبع [ب٤-ف٩-مث١٤] (يُحوَّل عند الإخراج)
book/الجزء-الثاني/الباب-الرابع/ف09-ب-التطبيق-والتقويم.md	7	4	رمز المثال	[م٢-ب٤-ف٩-مث١٥]	يُحفظ	معرّفٌ إنتاجيٌّ في المصدر؛ ويُطبع [ب٤-ف٩-مث١٥] (يُحوَّل عند الإخراج)
book/الجزء-الثاني/الباب-الرابع/ف09-ب-التطبيق-والتقويم.md	11	4	رمز المثال	[م٢-ب٤-ف٩-مث١٦]	يُحفظ	معرّفٌ إنتاجيٌّ في المصدر؛ ويُطبع [ب٤-ف٩-مث١٦] (يُحوَّل عند الإخراج)
book/الجزء-الثاني/الباب-الرابع/ف09-ب-التطبيق-والتقويم.md	15	4	رمز المثال	[م٢-ب٤-ف٩-مث١٧]	يُحفظ	معرّفٌ إنتاجيٌّ في المصدر؛ ويُطبع [ب٤-ف٩-مث١٧] (يُحوَّل عند الإخراج)
book/الجزء-الثاني/الباب-الرابع/ف10-أ-الاقتباس-والتضمين.md	5	4	المستوى ن	المستوى ٣	يُصحّح	المستوى 4
book/الجزء-الثاني/الباب-الرابع/ف10-أ-الاقتباس-والتضمين.md	70	4	رمز المثال	[م٢-ب٤-ف١٠-مث١]	يُحفظ	معرّفٌ إنتاجيٌّ في المصدر؛ ويُطبع [ب٤-ف١٠-مث١] (يُحوَّل عند الإخراج)
book/الجزء-الثاني/الباب-الرابع/ف10-أ-الاقتباس-والتضمين.md	74	4	رمز المثال	[م٢-ب٤-ف١٠-مث٢]	يُحفظ	معرّفٌ إنتاجيٌّ في المصدر؛ ويُطبع [ب٤-ف١٠-مث٢] (يُحوَّل عند الإخراج)
book/الجزء-الثاني/الباب-الرابع/ف10-أ-الاقتباس-والتضمين.md	78	4	رمز المثال	[م٢-ب٤-ف١٠-مث٣]	يُحفظ	معرّفٌ إنتاجيٌّ في المصدر؛ ويُطبع [ب٤-ف١٠-مث٣] (يُحوَّل عند الإخراج)
book/الجزء-الثاني/الباب-الرابع/ف10-أ-الاقتباس-والتضمين.md	82	4	رمز المثال	[م٢-ب٤-ف١٠-مث٤]	يُحفظ	معرّفٌ إنتاجيٌّ في المصدر؛ ويُطبع [ب٤-ف١٠-مث٤] (يُحوَّل عند الإخراج)
book/الجزء-الثاني/الباب-الرابع/ف10-أ-الاقتباس-والتضمين.md	86	4	رمز المثال	[م٢-ب٤-ف١٠-مث٥]	يُحفظ	معرّفٌ إنتاجيٌّ في المصدر؛ ويُطبع [ب٤-ف١٠-مث٥] (يُحوَّل عند الإخراج)
book/الجزء-الثاني/الباب-الرابع/ف10-أ-الاقتباس-والتضمين.md	119	4	رمز المثال	[م٢-ب٤-ف١٠-مث٦]	يُحفظ	معرّفٌ إنتاجيٌّ في المصدر؛ ويُطبع [ب٤-ف١٠-مث٦] (يُحوَّل عند الإخراج)
book/الجزء-الثاني/الباب-الرابع/ف10-أ-الاقتباس-والتضمين.md	123	4	رمز المثال	[م٢-ب٤-ف١٠-مث٧]	يُحفظ	معرّفٌ إنتاجيٌّ في المصدر؛ ويُطبع [ب٤-ف١٠-مث٧] (يُحوَّل عند الإخراج)
book/الجزء-الثاني/الباب-الرابع/ف10-أ-الاقتباس-والتضمين.md	126	4	رمز المثال	[م٢-ب٤-ف١٠-مث٨]	يُحفظ	معرّفٌ إنتاجيٌّ في المصدر؛ ويُطبع [ب٤-ف١٠-مث٨] (يُحوَّل عند الإخراج)
book/الجزء-الثاني/الباب-الرابع/ف10-أ-الاقتباس-والتضمين.md	130	4	رمز المثال	[م٢-ب٤-ف١٠-مث٩]	يُحفظ	معرّفٌ إنتاجيٌّ في المصدر؛ ويُطبع [ب٤-ف١٠-مث٩] (يُحوَّل عند الإخراج)
book/الجزء-الثاني/الباب-الرابع/ف10-أ-الاقتباس-والتضمين.md	134	4	رمز المثال	[م٢-ب٤-ف١٠-مث١٠]	يُحفظ	معرّفٌ إنتاجيٌّ في المصدر؛ ويُطبع [ب٤-ف١٠-مث١٠] (يُحوَّل عند الإخراج)
book/الجزء-الثاني/الباب-الرابع/ف10-أ-الاقتباس-والتضمين.md	136	4	إحالة	انظر الباب الأول، الفصل الأول	يُصحّح	يُزاد المجلد: «في المجلد 1، …»
book/الجزء-الثاني/الباب-الرابع/ف10-أ-الاقتباس-والتضمين.md	138	4	رمز المثال	[م٢-ب٤-ف١٠-مث١١]	يُحفظ	معرّفٌ إنتاجيٌّ في المصدر؛ ويُطبع [ب٤-ف١٠-مث١١] (يُحوَّل عند الإخراج)
book/الجزء-الثاني/الباب-الرابع/ف10-أ-الاقتباس-والتضمين.md	142	4	رمز المثال	[م٢-ب٤-ف١٠-مث١٢]	يُحفظ	معرّفٌ إنتاجيٌّ في المصدر؛ ويُطبع [ب٤-ف١٠-مث١٢] (يُحوَّل عند الإخراج)
book/الجزء-الثاني/الباب-الرابع/ف10-ب-الشعر-والأمثال.md	15	4	رمز المثال	[م٢-ب٤-ف١٠-مث١٣]	يُحفظ	معرّفٌ إنتاجيٌّ في المصدر؛ ويُطبع [ب٤-ف١٠-مث١٣] (يُحوَّل عند الإخراج)
book/الجزء-الثاني/الباب-الرابع/ف10-ب-الشعر-والأمثال.md	19	4	رمز المثال	[م٢-ب٤-ف١٠-مث١٤]	يُحفظ	معرّفٌ إنتاجيٌّ في المصدر؛ ويُطبع [ب٤-ف١٠-مث١٤] (يُحوَّل عند الإخراج)
book/الجزء-الثاني/الباب-الرابع/ف10-ب-الشعر-والأمثال.md	23	4	رمز المثال	[م٢-ب٤-ف١٠-مث١٥]	يُحفظ	معرّفٌ إنتاجيٌّ في المصدر؛ ويُطبع [ب٤-ف١٠-مث١٥] (يُحوَّل عند الإخراج)
book/الجزء-الثاني/الباب-الرابع/ف10-ب-الشعر-والأمثال.md	27	4	رمز المثال	[م٢-ب٤-ف١٠-مث١٦]	يُحفظ	معرّفٌ إنتاجيٌّ في المصدر؛ ويُطبع [ب٤-ف١٠-مث١٦] (يُحوَّل عند الإخراج)
book/الجزء-الثاني/الباب-الرابع/ف10-ب-الشعر-والأمثال.md	39	4	إحالة	انظر الباب الأول، الفصل الأول	يُصحّح	يُزاد المجلد: «في المجلد 1، …»
book/الجزء-الثاني/الباب-الرابع/ف10-ب-الشعر-والأمثال.md	41	4	رمز المثال	[م٢-ب٤-ف١٠-مث١٧]	يُحفظ	معرّفٌ إنتاجيٌّ في المصدر؛ ويُطبع [ب٤-ف١٠-مث١٧] (يُحوَّل عند الإخراج)
book/الجزء-الثاني/الباب-الرابع/ف10-ب-الشعر-والأمثال.md	44	4	رمز المثال	[م٢-ب٤-ف١٠-مث١٨]	يُحفظ	معرّفٌ إنتاجيٌّ في المصدر؛ ويُطبع [ب٤-ف١٠-مث١٨] (يُحوَّل عند الإخراج)
book/الجزء-الثاني/الباب-الرابع/ف10-ب-الشعر-والأمثال.md	47	4	رمز المثال	[م٢-ب٤-ف١٠-مث١٩]	يُحفظ	معرّفٌ إنتاجيٌّ في المصدر؛ ويُطبع [ب٤-ف١٠-مث١٩] (يُحوَّل عند الإخراج)
book/الجزء-الثاني/الباب-الرابع/ف10-ب-الشعر-والأمثال.md	51	4	رمز المثال	[م٢-ب٤-ف١٠-مث٢٠]	يُحفظ	معرّفٌ إنتاجيٌّ في المصدر؛ ويُطبع [ب٤-ف١٠-مث٢٠] (يُحوَّل عند الإخراج)
book/الجزء-الثاني/الباب-الرابع/ف10-ب-الشعر-والأمثال.md	73	4	رمز المثال	[م٢-ب٤-ف١٠-مث٢١]	يُحفظ	معرّفٌ إنتاجيٌّ في المصدر؛ ويُطبع [ب٤-ف١٠-مث٢١] (يُحوَّل عند الإخراج)
book/الجزء-الثاني/الباب-الرابع/ف10-ب-الشعر-والأمثال.md	77	4	رمز المثال	[م٢-ب٤-ف١٠-مث٢٢]	يُحفظ	معرّفٌ إنتاجيٌّ في المصدر؛ ويُطبع [ب٤-ف١٠-مث٢٢] (يُحوَّل عند الإخراج)
book/الجزء-الثاني/الباب-الرابع/ف10-ب-الشعر-والأمثال.md	81	4	رمز المثال	[م٢-ب٤-ف١٠-مث٢٣]	يُحفظ	معرّفٌ إنتاجيٌّ في المصدر؛ ويُطبع [ب٤-ف١٠-مث٢٣] (يُحوَّل عند الإخراج)
book/الجزء-الثاني/الباب-الرابع/ف10-ب-الشعر-والأمثال.md	85	4	رمز المثال	[م٢-ب٤-ف١٠-مث٢٤]	يُحفظ	معرّفٌ إنتاجيٌّ في المصدر؛ ويُطبع [ب٤-ف١٠-مث٢٤] (يُحوَّل عند الإخراج)
book/الجزء-الثاني/الباب-الخامس/00-فاتحة-الباب-الخامس.md	3	5	المستوى ن	المستوى ٤	يُصحّح	المستوى 5
book/الجزء-الثاني/الباب-الخامس/00-فاتحة-الباب-الخامس.md	7	5	إحالة	في الباب الأول	يُصحّح	يُزاد المجلد: «في المجلد 1، …»
book/الجزء-الثاني/الباب-الخامس/00-فاتحة-الباب-الخامس.md	7	5	إحالة	في الباب الرابع	يُصحّح	يُزاد المجلد: «في المجلد 4، …»
book/الجزء-الثاني/الباب-الخامس/ف01-أ-المدخل-والدرس-الأول.md	5	5	المستوى ن	المستوى ٤	يُصحّح	المستوى 5
book/الجزء-الثاني/الباب-الخامس/ف01-أ-المدخل-والدرس-الأول.md	23	5	إحالة	انظر الباب الأول، الفصل الأول	يُصحّح	يُزاد المجلد: «في المجلد 1، …»
book/الجزء-الثاني/الباب-الخامس/ف01-أ-المدخل-والدرس-الأول.md	172	5	إحالة	في الباب الثامن	يُصحّح	يُزاد المجلد: «في المجلد 8، …»
book/الجزء-الثاني/الباب-الخامس/ف01-أ-المدخل-والدرس-الأول.md	182	5	رمز المثال	[م٢-ب٥-ف١-مث١]	يُحفظ	معرّفٌ إنتاجيٌّ في المصدر؛ ويُطبع [ب٥-ف١-مث١] (يُحوَّل عند الإخراج)
book/الجزء-الثاني/الباب-الخامس/ف01-أ-المدخل-والدرس-الأول.md	186	5	رمز المثال	[م٢-ب٥-ف١-مث٢]	يُحفظ	معرّفٌ إنتاجيٌّ في المصدر؛ ويُطبع [ب٥-ف١-مث٢] (يُحوَّل عند الإخراج)
book/الجزء-الثاني/الباب-الخامس/ف01-أ-المدخل-والدرس-الأول.md	190	5	رمز المثال	[م٢-ب٥-ف١-مث٣]	يُحفظ	معرّفٌ إنتاجيٌّ في المصدر؛ ويُطبع [ب٥-ف١-مث٣] (يُحوَّل عند الإخراج)
book/الجزء-الثاني/الباب-الخامس/ف01-أ-المدخل-والدرس-الأول.md	212	5	إحالة	في الباب التاسع	يُصحّح	يُزاد المجلد: «في المجلد 8، …»
book/الجزء-الثاني/الباب-الخامس/ف01-أ-المدخل-والدرس-الأول.md	222	5	رمز المثال	[م٢-ب٥-ف١-مث٤]	يُحفظ	معرّفٌ إنتاجيٌّ في المصدر؛ ويُطبع [ب٥-ف١-مث٤] (يُحوَّل عند الإخراج)
book/الجزء-الثاني/الباب-الخامس/ف01-أ-المدخل-والدرس-الأول.md	226	5	رمز المثال	[م٢-ب٥-ف١-مث٥]	يُحفظ	معرّفٌ إنتاجيٌّ في المصدر؛ ويُطبع [ب٥-ف١-مث٥] (يُحوَّل عند الإخراج)
book/الجزء-الثاني/الباب-الخامس/ف01-أ-المدخل-والدرس-الأول.md	230	5	رمز المثال	[م٢-ب٥-ف١-مث٦]	يُحفظ	معرّفٌ إنتاجيٌّ في المصدر؛ ويُطبع [ب٥-ف١-مث٦] (يُحوَّل عند الإخراج)
book/الجزء-الثاني/الباب-الخامس/ف01-أ-المدخل-والدرس-الأول.md	252	5	رمز المثال	[م٢-ب٥-ف١-مث٧]	يُحفظ	معرّفٌ إنتاجيٌّ في المصدر؛ ويُطبع [ب٥-ف١-مث٧] (يُحوَّل عند الإخراج)
book/الجزء-الثاني/الباب-الخامس/ف01-أ-المدخل-والدرس-الأول.md	270	5	رمز المثال	[م٢-ب٥-ف١-مث٨]	يُحفظ	معرّفٌ إنتاجيٌّ في المصدر؛ ويُطبع [ب٥-ف١-مث٨] (يُحوَّل عند الإخراج)
book/الجزء-الثاني/الباب-الخامس/ف01-أ-المدخل-والدرس-الأول.md	274	5	رمز المثال	[م٢-ب٥-ف١-مث٩]	يُحفظ	معرّفٌ إنتاجيٌّ في المصدر؛ ويُطبع [ب٥-ف١-مث٩] (يُحوَّل عند الإخراج)
book/الجزء-الثاني/الباب-الخامس/ف01-أ-المدخل-والدرس-الأول.md	278	5	رمز المثال	[م٢-ب٥-ف١-مث١٠]	يُحفظ	معرّفٌ إنتاجيٌّ في المصدر؛ ويُطبع [ب٥-ف١-مث١٠] (يُحوَّل عند الإخراج)
book/الجزء-الثاني/الباب-الخامس/ف01-ب-الدرس-الثاني.md	9	5	إحالة	في الباب التاسع	يُصحّح	يُزاد المجلد: «في المجلد 8، …»
book/الجزء-الثاني/الباب-الخامس/ف01-ب-الدرس-الثاني.md	19	5	رمز المثال	[م٢-ب٥-ف١-مث١١]	يُحفظ	معرّفٌ إنتاجيٌّ في المصدر؛ ويُطبع [ب٥-ف١-مث١١] (يُحوَّل عند الإخراج)
book/الجزء-الثاني/الباب-الخامس/ف01-ب-الدرس-الثاني.md	23	5	رمز المثال	[م٢-ب٥-ف١-مث١٢]	يُحفظ	معرّفٌ إنتاجيٌّ في المصدر؛ ويُطبع [ب٥-ف١-مث١٢] (يُحوَّل عند الإخراج)
book/الجزء-الثاني/الباب-الخامس/ف01-ب-الدرس-الثاني.md	53	5	رمز المثال	[م٢-ب٥-ف١-مث١٣]	يُحفظ	معرّفٌ إنتاجيٌّ في المصدر؛ ويُطبع [ب٥-ف١-مث١٣] (يُحوَّل عند الإخراج)
book/الجزء-الثاني/الباب-الخامس/ف01-ب-الدرس-الثاني.md	57	5	رمز المثال	[م٢-ب٥-ف١-مث١٤]	يُحفظ	معرّفٌ إنتاجيٌّ في المصدر؛ ويُطبع [ب٥-ف١-مث١٤] (يُحوَّل عند الإخراج)
book/الجزء-الثاني/الباب-الخامس/ف01-ب-الدرس-الثاني.md	87	5	رمز المثال	[م٢-ب٥-ف١-مث١٥]	يُحفظ	معرّفٌ إنتاجيٌّ في المصدر؛ ويُطبع [ب٥-ف١-مث١٥] (يُحوَّل عند الإخراج)
book/الجزء-الثاني/الباب-الخامس/ف01-ب-الدرس-الثاني.md	91	5	رمز المثال	[م٢-ب٥-ف١-مث١٦]	يُحفظ	معرّفٌ إنتاجيٌّ في المصدر؛ ويُطبع [ب٥-ف١-مث١٦] (يُحوَّل عند الإخراج)
book/الجزء-الثاني/الباب-الخامس/ف01-ب-الدرس-الثاني.md	194	5	رمز المثال	[م٢-ب٥-ف١-مث١٧]	يُحفظ	معرّفٌ إنتاجيٌّ في المصدر؛ ويُطبع [ب٥-ف١-مث١٧] (يُحوَّل عند الإخراج)
book/الجزء-الثاني/الباب-الخامس/ف01-ب-الدرس-الثاني.md	198	5	رمز المثال	[م٢-ب٥-ف١-مث١٨]	يُحفظ	معرّفٌ إنتاجيٌّ في المصدر؛ ويُطبع [ب٥-ف١-مث١٨] (يُحوَّل عند الإخراج)
book/الجزء-الثاني/الباب-الخامس/ف01-ب-الدرس-الثاني.md	202	5	رمز المثال	[م٢-ب٥-ف١-مث١٩]	يُحفظ	معرّفٌ إنتاجيٌّ في المصدر؛ ويُطبع [ب٥-ف١-مث١٩] (يُحوَّل عند الإخراج)
book/الجزء-الثاني/الباب-الخامس/ف01-ب-الدرس-الثاني.md	206	5	رمز المثال	[م٢-ب٥-ف١-مث٢٠]	يُحفظ	معرّفٌ إنتاجيٌّ في المصدر؛ ويُطبع [ب٥-ف١-مث٢٠] (يُحوَّل عند الإخراج)
book/الجزء-الثاني/الباب-الخامس/ف01-ب-الدرس-الثاني.md	210	5	رمز المثال	[م٢-ب٥-ف١-مث٢١]	يُحفظ	معرّفٌ إنتاجيٌّ في المصدر؛ ويُطبع [ب٥-ف١-مث٢١] (يُحوَّل عند الإخراج)
book/الجزء-الثاني/الباب-الخامس/ف01-ب-الدرس-الثاني.md	214	5	رمز المثال	[م٢-ب٥-ف١-مث٢٢]	يُحفظ	معرّفٌ إنتاجيٌّ في المصدر؛ ويُطبع [ب٥-ف١-مث٢٢] (يُحوَّل عند الإخراج)
book/الجزء-الثاني/الباب-الخامس/ف01-ب-الدرس-الثاني.md	218	5	رمز المثال	[م٢-ب٥-ف١-مث٢٣]	يُحفظ	معرّفٌ إنتاجيٌّ في المصدر؛ ويُطبع [ب٥-ف١-مث٢٣] (يُحوَّل عند الإخراج)
book/الجزء-الثاني/الباب-الخامس/ف01-ب-الدرس-الثاني.md	222	5	رمز المثال	[م٢-ب٥-ف١-مث٢٤]	يُحفظ	معرّفٌ إنتاجيٌّ في المصدر؛ ويُطبع [ب٥-ف١-مث٢٤] (يُحوَّل عند الإخراج)
book/الجزء-الثاني/الباب-الخامس/ف01-ب-الدرس-الثاني.md	226	5	رمز المثال	[م٢-ب٥-ف١-مث٢٥]	يُحفظ	معرّفٌ إنتاجيٌّ في المصدر؛ ويُطبع [ب٥-ف١-مث٢٥] (يُحوَّل عند الإخراج)
book/الجزء-الثاني/الباب-الخامس/ف01-ب-الدرس-الثاني.md	230	5	رمز المثال	[م٢-ب٥-ف١-مث٢٦]	يُحفظ	معرّفٌ إنتاجيٌّ في المصدر؛ ويُطبع [ب٥-ف١-مث٢٦] (يُحوَّل عند الإخراج)
book/الجزء-الثاني/الباب-الخامس/ف01-ب-الدرس-الثاني.md	236	5	رمز المثال	[م٢-ب٥-ف١-مث٢٧]	يُحفظ	معرّفٌ إنتاجيٌّ في المصدر؛ ويُطبع [ب٥-ف١-مث٢٧] (يُحوَّل عند الإخراج)
book/الجزء-الثاني/الباب-الخامس/ف01-ب-الدرس-الثاني.md	238	5	رمز المثال	[م٢-ب٥-ف١-مث٢٨]	يُحفظ	معرّفٌ إنتاجيٌّ في المصدر؛ ويُطبع [ب٥-ف١-مث٢٨] (يُحوَّل عند الإخراج)
book/الجزء-الثاني/الباب-الخامس/ف01-ب-الدرس-الثاني.md	240	5	رمز المثال	[م٢-ب٥-ف١-مث٢٩]	يُحفظ	معرّفٌ إنتاجيٌّ في المصدر؛ ويُطبع [ب٥-ف١-مث٢٩] (يُحوَّل عند الإخراج)
book/الجزء-الثاني/الباب-الخامس/ف01-ب-الدرس-الثاني.md	242	5	رمز المثال	[م٢-ب٥-ف١-مث٣٠]	يُحفظ	معرّفٌ إنتاجيٌّ في المصدر؛ ويُطبع [ب٥-ف١-مث٣٠] (يُحوَّل عند الإخراج)
book/الجزء-الثاني/الباب-الخامس/ف01-ب-الدرس-الثاني.md	244	5	رمز المثال	[م٢-ب٥-ف١-مث٣١]	يُحفظ	معرّفٌ إنتاجيٌّ في المصدر؛ ويُطبع [ب٥-ف١-مث٣١] (يُحوَّل عند الإخراج)
book/الجزء-الثاني/الباب-الخامس/ف02-أ-المدخل-والدرس-الأول.md	5	5	المستوى ن	المستوى ٤	يُصحّح	المستوى 5
book/الجزء-الثاني/الباب-الخامس/ف02-أ-المدخل-والدرس-الأول.md	140	5	إحالة	في الباب الحادي عشر	يُصحّح	يُزاد المجلد: «في المجلد 10، …»
book/الجزء-الثاني/الباب-الخامس/ف02-أ-المدخل-والدرس-الأول.md	150	5	رمز المثال	[م٢-ب٥-ف٢-مث١]	يُحفظ	معرّفٌ إنتاجيٌّ في المصدر؛ ويُطبع [ب٥-ف٢-مث١] (يُحوَّل عند الإخراج)
book/الجزء-الثاني/الباب-الخامس/ف02-أ-المدخل-والدرس-الأول.md	154	5	رمز المثال	[م٢-ب٥-ف٢-مث٢]	يُحفظ	معرّفٌ إنتاجيٌّ في المصدر؛ ويُطبع [ب٥-ف٢-مث٢] (يُحوَّل عند الإخراج)
book/الجزء-الثاني/الباب-الخامس/ف02-أ-المدخل-والدرس-الأول.md	158	5	رمز المثال	[م٢-ب٥-ف٢-مث٣]	يُحفظ	معرّفٌ إنتاجيٌّ في المصدر؛ ويُطبع [ب٥-ف٢-مث٣] (يُحوَّل عند الإخراج)
book/الجزء-الثاني/الباب-الخامس/ف02-أ-المدخل-والدرس-الأول.md	180	5	إحالة	في الباب الحادي عشر	يُصحّح	يُزاد المجلد: «في المجلد 10، …»
book/الجزء-الثاني/الباب-الخامس/ف02-أ-المدخل-والدرس-الأول.md	190	5	رمز المثال	[م٢-ب٥-ف٢-مث٤]	يُحفظ	معرّفٌ إنتاجيٌّ في المصدر؛ ويُطبع [ب٥-ف٢-مث٤] (يُحوَّل عند الإخراج)
book/الجزء-الثاني/الباب-الخامس/ف02-أ-المدخل-والدرس-الأول.md	194	5	رمز المثال	[م٢-ب٥-ف٢-مث٥]	يُحفظ	معرّفٌ إنتاجيٌّ في المصدر؛ ويُطبع [ب٥-ف٢-مث٥] (يُحوَّل عند الإخراج)
book/الجزء-الثاني/الباب-الخامس/ف02-أ-المدخل-والدرس-الأول.md	198	5	رمز المثال	[م٢-ب٥-ف٢-مث٦]	يُحفظ	معرّفٌ إنتاجيٌّ في المصدر؛ ويُطبع [ب٥-ف٢-مث٦] (يُحوَّل عند الإخراج)
book/الجزء-الثاني/الباب-الخامس/ف02-ب-الدرس-الثاني.md	19	5	رمز المثال	[م٢-ب٥-ف٢-مث٧]	يُحفظ	معرّفٌ إنتاجيٌّ في المصدر؛ ويُطبع [ب٥-ف٢-مث٧] (يُحوَّل عند الإخراج)
book/الجزء-الثاني/الباب-الخامس/ف02-ب-الدرس-الثاني.md	23	5	رمز المثال	[م٢-ب٥-ف٢-مث٨]	يُحفظ	معرّفٌ إنتاجيٌّ في المصدر؛ ويُطبع [ب٥-ف٢-مث٨] (يُحوَّل عند الإخراج)
book/الجزء-الثاني/الباب-الخامس/ف02-ب-الدرس-الثاني.md	27	5	رمز المثال	[م٢-ب٥-ف٢-مث٩]	يُحفظ	معرّفٌ إنتاجيٌّ في المصدر؛ ويُطبع [ب٥-ف٢-مث٩] (يُحوَّل عند الإخراج)
book/الجزء-الثاني/الباب-الخامس/ف02-ب-الدرس-الثاني.md	33	5	إحالة	في الباب الثاني عشر	يُصحّح	يُزاد المجلد: «في المجلد 10، …»
book/الجزء-الثاني/الباب-الخامس/ف02-ب-الدرس-الثاني.md	43	5	رمز المثال	[م٢-ب٥-ف٢-مث١٠]	يُحفظ	معرّفٌ إنتاجيٌّ في المصدر؛ ويُطبع [ب٥-ف٢-مث١٠] (يُحوَّل عند الإخراج)
book/الجزء-الثاني/الباب-الخامس/ف02-ب-الدرس-الثاني.md	47	5	رمز المثال	[م٢-ب٥-ف٢-مث١١]	يُحفظ	معرّفٌ إنتاجيٌّ في المصدر؛ ويُطبع [ب٥-ف٢-مث١١] (يُحوَّل عند الإخراج)
book/الجزء-الثاني/الباب-الخامس/ف02-ب-الدرس-الثاني.md	69	5	إحالة	في الباب الثاني عشر	يُصحّح	يُزاد المجلد: «في المجلد 10، …»
book/الجزء-الثاني/الباب-الخامس/ف02-ب-الدرس-الثاني.md	79	5	رمز المثال	[م٢-ب٥-ف٢-مث١٢]	يُحفظ	معرّفٌ إنتاجيٌّ في المصدر؛ ويُطبع [ب٥-ف٢-مث١٢] (يُحوَّل عند الإخراج)
book/الجزء-الثاني/الباب-الخامس/ف02-ب-الدرس-الثاني.md	83	5	رمز المثال	[م٢-ب٥-ف٢-مث١٣]	يُحفظ	معرّفٌ إنتاجيٌّ في المصدر؛ ويُطبع [ب٥-ف٢-مث١٣] (يُحوَّل عند الإخراج)
book/الجزء-الثاني/الباب-الخامس/ف02-ب-الدرس-الثاني.md	87	5	رمز المثال	[م٢-ب٥-ف٢-مث١٤]	يُحفظ	معرّفٌ إنتاجيٌّ في المصدر؛ ويُطبع [ب٥-ف٢-مث١٤] (يُحوَّل عند الإخراج)
book/الجزء-الثاني/الباب-الخامس/ف02-ب-الدرس-الثاني.md	125	5	رمز المثال	[م٢-ب٥-ف٢-مث١٥]	يُحفظ	معرّفٌ إنتاجيٌّ في المصدر؛ ويُطبع [ب٥-ف٢-مث١٥] (يُحوَّل عند الإخراج)
book/الجزء-الثاني/الباب-الخامس/ف02-ب-الدرس-الثاني.md	129	5	رمز المثال	[م٢-ب٥-ف٢-مث١٦]	يُحفظ	معرّفٌ إنتاجيٌّ في المصدر؛ ويُطبع [ب٥-ف٢-مث١٦] (يُحوَّل عند الإخراج)
book/الجزء-الثاني/الباب-الخامس/ف02-ب-الدرس-الثاني.md	133	5	رمز المثال	[م٢-ب٥-ف٢-مث١٧]	يُحفظ	معرّفٌ إنتاجيٌّ في المصدر؛ ويُطبع [ب٥-ف٢-مث١٧] (يُحوَّل عند الإخراج)
book/الجزء-الثاني/الباب-الخامس/ف02-ب-الدرس-الثاني.md	137	5	رمز المثال	[م٢-ب٥-ف٢-مث١٨]	يُحفظ	معرّفٌ إنتاجيٌّ في المصدر؛ ويُطبع [ب٥-ف٢-مث١٨] (يُحوَّل عند الإخراج)
book/الجزء-الثاني/الباب-الخامس/ف02-ب-الدرس-الثاني.md	141	5	رمز المثال	[م٢-ب٥-ف٢-مث١٩]	يُحفظ	معرّفٌ إنتاجيٌّ في المصدر؛ ويُطبع [ب٥-ف٢-مث١٩] (يُحوَّل عند الإخراج)
book/الجزء-الثاني/الباب-الخامس/ف02-ب-الدرس-الثاني.md	145	5	رمز المثال	[م٢-ب٥-ف٢-مث٢٠]	يُحفظ	معرّفٌ إنتاجيٌّ في المصدر؛ ويُطبع [ب٥-ف٢-مث٢٠] (يُحوَّل عند الإخراج)
book/الجزء-الثاني/الباب-الخامس/ف02-ب-الدرس-الثاني.md	149	5	رمز المثال	[م٢-ب٥-ف٢-مث٢١]	يُحفظ	معرّفٌ إنتاجيٌّ في المصدر؛ ويُطبع [ب٥-ف٢-مث٢١] (يُحوَّل عند الإخراج)
book/الجزء-الثاني/الباب-الخامس/ف02-ب-الدرس-الثاني.md	153	5	رمز المثال	[م٢-ب٥-ف٢-مث٢٢]	يُحفظ	معرّفٌ إنتاجيٌّ في المصدر؛ ويُطبع [ب٥-ف٢-مث٢٢] (يُحوَّل عند الإخراج)
book/الجزء-الثاني/الباب-الخامس/ف02-ب-الدرس-الثاني.md	159	5	رمز المثال	[م٢-ب٥-ف٢-مث٢٣]	يُحفظ	معرّفٌ إنتاجيٌّ في المصدر؛ ويُطبع [ب٥-ف٢-مث٢٣] (يُحوَّل عند الإخراج)
book/الجزء-الثاني/الباب-الخامس/ف02-ب-الدرس-الثاني.md	161	5	رمز المثال	[م٢-ب٥-ف٢-مث٢٤]	يُحفظ	معرّفٌ إنتاجيٌّ في المصدر؛ ويُطبع [ب٥-ف٢-مث٢٤] (يُحوَّل عند الإخراج)
book/الجزء-الثاني/الباب-الخامس/ف02-ب-الدرس-الثاني.md	163	5	رمز المثال	[م٢-ب٥-ف٢-مث٢٥]	يُحفظ	معرّفٌ إنتاجيٌّ في المصدر؛ ويُطبع [ب٥-ف٢-مث٢٥] (يُحوَّل عند الإخراج)
book/الجزء-الثاني/الباب-الخامس/ف02-ب-الدرس-الثاني.md	165	5	رمز المثال	[م٢-ب٥-ف٢-مث٢٦]	يُحفظ	معرّفٌ إنتاجيٌّ في المصدر؛ ويُطبع [ب٥-ف٢-مث٢٦] (يُحوَّل عند الإخراج)
book/الجزء-الثاني/الباب-الخامس/ف02-ب-الدرس-الثاني.md	167	5	رمز المثال	[م٢-ب٥-ف٢-مث٢٧]	يُحفظ	معرّفٌ إنتاجيٌّ في المصدر؛ ويُطبع [ب٥-ف٢-مث٢٧] (يُحوَّل عند الإخراج)
book/الجزء-الثاني/الباب-الخامس/ف02-ج-التطبيق-والتقويم.md	317	5	إحالة	إلى الباب الثالث، الفصل الخامس	يُصحّح	يُزاد المجلد: «في المجلد 3، …»
book/الجزء-الثاني/الباب-الخامس/ف03-أ-المدخل-والدرس-الأول.md	5	5	المستوى ن	المستوى ٤	يُصحّح	المستوى 5
book/الجزء-الثاني/الباب-الخامس/ف03-أ-المدخل-والدرس-الأول.md	23	5	إحالة	في الباب العاشر	يُصحّح	يُزاد المجلد: «في المجلد 9، …»
book/الجزء-الثاني/الباب-الخامس/ف03-أ-المدخل-والدرس-الأول.md	152	5	رمز المثال	[م٢-ب٥-ف٣-مث١]	يُحفظ	معرّفٌ إنتاجيٌّ في المصدر؛ ويُطبع [ب٥-ف٣-مث١] (يُحوَّل عند الإخراج)
book/الجزء-الثاني/الباب-الخامس/ف03-أ-المدخل-والدرس-الأول.md	156	5	رمز المثال	[م٢-ب٥-ف٣-مث٢]	يُحفظ	معرّفٌ إنتاجيٌّ في المصدر؛ ويُطبع [ب٥-ف٣-مث٢] (يُحوَّل عند الإخراج)
book/الجزء-الثاني/الباب-الخامس/ف03-أ-المدخل-والدرس-الأول.md	160	5	رمز المثال	[م٢-ب٥-ف٣-مث٣]	يُحفظ	معرّفٌ إنتاجيٌّ في المصدر؛ ويُطبع [ب٥-ف٣-مث٣] (يُحوَّل عند الإخراج)
book/الجزء-الثاني/الباب-الخامس/ف03-أ-المدخل-والدرس-الأول.md	178	5	رمز المثال	[م٢-ب٥-ف٣-مث٤]	يُحفظ	معرّفٌ إنتاجيٌّ في المصدر؛ ويُطبع [ب٥-ف٣-مث٤] (يُحوَّل عند الإخراج)
book/الجزء-الثاني/الباب-الخامس/ف03-أ-المدخل-والدرس-الأول.md	182	5	إحالة	في الباب العاشر	يُصحّح	يُزاد المجلد: «في المجلد 9، …»
book/الجزء-الثاني/الباب-الخامس/ف03-أ-المدخل-والدرس-الأول.md	192	5	رمز المثال	[م٢-ب٥-ف٣-مث٥]	يُحفظ	معرّفٌ إنتاجيٌّ في المصدر؛ ويُطبع [ب٥-ف٣-مث٥] (يُحوَّل عند الإخراج)
book/الجزء-الثاني/الباب-الخامس/ف03-أ-المدخل-والدرس-الأول.md	196	5	رمز المثال	[م٢-ب٥-ف٣-مث٦]	يُحفظ	معرّفٌ إنتاجيٌّ في المصدر؛ ويُطبع [ب٥-ف٣-مث٦] (يُحوَّل عند الإخراج)
book/الجزء-الثاني/الباب-الخامس/ف03-أ-المدخل-والدرس-الأول.md	212	5	رمز المثال	[م٢-ب٥-ف٣-مث٧]	يُحفظ	معرّفٌ إنتاجيٌّ في المصدر؛ ويُطبع [ب٥-ف٣-مث٧] (يُحوَّل عند الإخراج)
book/الجزء-الثاني/الباب-الخامس/ف03-أ-المدخل-والدرس-الأول.md	216	5	رمز المثال	[م٢-ب٥-ف٣-مث٨]	يُحفظ	معرّفٌ إنتاجيٌّ في المصدر؛ ويُطبع [ب٥-ف٣-مث٨] (يُحوَّل عند الإخراج)
book/الجزء-الثاني/الباب-الخامس/ف03-ب-الدرس-الثاني.md	80	5	إحالة	في الباب العاشر	يُصحّح	يُزاد المجلد: «في المجلد 9، …»
book/الجزء-الثاني/الباب-الخامس/ف03-ب-الدرس-الثاني.md	90	5	رمز المثال	[م٢-ب٥-ف٣-مث٩]	يُحفظ	معرّفٌ إنتاجيٌّ في المصدر؛ ويُطبع [ب٥-ف٣-مث٩] (يُحوَّل عند الإخراج)
book/الجزء-الثاني/الباب-الخامس/ف03-ب-الدرس-الثاني.md	92	5	الجزء ن	الجزء الثالث	مراجعة بشرية	قراءة مقترحة: استعمالٌ لغويٌّ عام، لا بنية الكتاب؛ يُحفظ
book/الجزء-الثاني/الباب-الخامس/ف03-ب-الدرس-الثاني.md	94	5	رمز المثال	[م٢-ب٥-ف٣-مث١٠]	يُحفظ	معرّفٌ إنتاجيٌّ في المصدر؛ ويُطبع [ب٥-ف٣-مث١٠] (يُحوَّل عند الإخراج)
book/الجزء-الثاني/الباب-الخامس/ف03-ب-الدرس-الثاني.md	112	5	رمز المثال	[م٢-ب٥-ف٣-مث١١]	يُحفظ	معرّفٌ إنتاجيٌّ في المصدر؛ ويُطبع [ب٥-ف٣-مث١١] (يُحوَّل عند الإخراج)
book/الجزء-الثاني/الباب-الخامس/ف03-ب-الدرس-الثاني.md	126	5	رمز المثال	[م٢-ب٥-ف٣-مث١٢]	يُحفظ	معرّفٌ إنتاجيٌّ في المصدر؛ ويُطبع [ب٥-ف٣-مث١٢] (يُحوَّل عند الإخراج)
book/الجزء-الثاني/الباب-الخامس/ف03-ب-الدرس-الثاني.md	132	5	إحالة	في الباب الأول	يُصحّح	يُزاد المجلد: «في المجلد 1، …»
book/الجزء-الثاني/الباب-الخامس/ف03-ب-الدرس-الثاني.md	142	5	رمز المثال	[م٢-ب٥-ف٣-مث١٣]	يُحفظ	معرّفٌ إنتاجيٌّ في المصدر؛ ويُطبع [ب٥-ف٣-مث١٣] (يُحوَّل عند الإخراج)
book/الجزء-الثاني/الباب-الخامس/ف03-ب-الدرس-الثاني.md	146	5	رمز المثال	[م٢-ب٥-ف٣-مث١٤]	يُحفظ	معرّفٌ إنتاجيٌّ في المصدر؛ ويُطبع [ب٥-ف٣-مث١٤] (يُحوَّل عند الإخراج)
book/الجزء-الثاني/الباب-الخامس/ف03-ب-الدرس-الثاني.md	166	5	رمز المثال	[م٢-ب٥-ف٣-مث١٥]	يُحفظ	معرّفٌ إنتاجيٌّ في المصدر؛ ويُطبع [ب٥-ف٣-مث١٥] (يُحوَّل عند الإخراج)
book/الجزء-الثاني/الباب-الخامس/ف03-ب-الدرس-الثاني.md	170	5	رمز المثال	[م٢-ب٥-ف٣-مث١٦]	يُحفظ	معرّفٌ إنتاجيٌّ في المصدر؛ ويُطبع [ب٥-ف٣-مث١٦] (يُحوَّل عند الإخراج)
book/الجزء-الثاني/الباب-الخامس/ف03-ب-الدرس-الثاني.md	174	5	رمز المثال	[م٢-ب٥-ف٣-مث١٧]	يُحفظ	معرّفٌ إنتاجيٌّ في المصدر؛ ويُطبع [ب٥-ف٣-مث١٧] (يُحوَّل عند الإخراج)
book/الجزء-الثاني/الباب-الخامس/ف04-أ-المدخل-والدرس-الأول.md	5	5	المستوى ن	المستوى ٤	يُصحّح	المستوى 5
book/الجزء-الثاني/الباب-الخامس/ف04-أ-المدخل-والدرس-الأول.md	135	5	رمز المثال	[م٢-ب٥-ف٤-مث١]	يُحفظ	معرّفٌ إنتاجيٌّ في المصدر؛ ويُطبع [ب٥-ف٤-مث١] (يُحوَّل عند الإخراج)
book/الجزء-الثاني/الباب-الخامس/ف04-أ-المدخل-والدرس-الأول.md	139	5	رمز المثال	[م٢-ب٥-ف٤-مث٢]	يُحفظ	معرّفٌ إنتاجيٌّ في المصدر؛ ويُطبع [ب٥-ف٤-مث٢] (يُحوَّل عند الإخراج)
book/الجزء-الثاني/الباب-الخامس/ف04-أ-المدخل-والدرس-الأول.md	155	5	رمز المثال	[م٢-ب٥-ف٤-مث٣]	يُحفظ	معرّفٌ إنتاجيٌّ في المصدر؛ ويُطبع [ب٥-ف٤-مث٣] (يُحوَّل عند الإخراج)
book/الجزء-الثاني/الباب-الخامس/ف04-أ-المدخل-والدرس-الأول.md	169	5	رمز المثال	[م٢-ب٥-ف٤-مث٤]	يُحفظ	معرّفٌ إنتاجيٌّ في المصدر؛ ويُطبع [ب٥-ف٤-مث٤] (يُحوَّل عند الإخراج)
book/الجزء-الثاني/الباب-الخامس/ف04-أ-المدخل-والدرس-الأول.md	173	5	رمز المثال	[م٢-ب٥-ف٤-مث٥]	يُحفظ	معرّفٌ إنتاجيٌّ في المصدر؛ ويُطبع [ب٥-ف٤-مث٥] (يُحوَّل عند الإخراج)
book/الجزء-الثاني/الباب-الخامس/ف04-أ-المدخل-والدرس-الأول.md	183	5	رمز المثال	[م٢-ب٥-ف٤-مث٦]	يُحفظ	معرّفٌ إنتاجيٌّ في المصدر؛ ويُطبع [ب٥-ف٤-مث٦] (يُحوَّل عند الإخراج)
book/الجزء-الثاني/الباب-الخامس/ف04-أ-المدخل-والدرس-الأول.md	187	5	رمز المثال	[م٢-ب٥-ف٤-مث٧]	يُحفظ	معرّفٌ إنتاجيٌّ في المصدر؛ ويُطبع [ب٥-ف٤-مث٧] (يُحوَّل عند الإخراج)
book/الجزء-الثاني/الباب-الخامس/ف04-ب-الدرس-الثاني.md	90	5	رمز المثال	[م٢-ب٥-ف٤-مث٨]	يُحفظ	معرّفٌ إنتاجيٌّ في المصدر؛ ويُطبع [ب٥-ف٤-مث٨] (يُحوَّل عند الإخراج)
book/الجزء-الثاني/الباب-الخامس/ف04-ب-الدرس-الثاني.md	94	5	رمز المثال	[م٢-ب٥-ف٤-مث٩]	يُحفظ	معرّفٌ إنتاجيٌّ في المصدر؛ ويُطبع [ب٥-ف٤-مث٩] (يُحوَّل عند الإخراج)
book/الجزء-الثاني/الباب-الخامس/ف04-ب-الدرس-الثاني.md	98	5	رمز المثال	[م٢-ب٥-ف٤-مث١٠]	يُحفظ	معرّفٌ إنتاجيٌّ في المصدر؛ ويُطبع [ب٥-ف٤-مث١٠] (يُحوَّل عند الإخراج)
book/الجزء-الثاني/الباب-الخامس/ف04-ب-الدرس-الثاني.md	114	5	رمز المثال	[م٢-ب٥-ف٤-مث١١]	يُحفظ	معرّفٌ إنتاجيٌّ في المصدر؛ ويُطبع [ب٥-ف٤-مث١١] (يُحوَّل عند الإخراج)
book/الجزء-الثاني/الباب-الخامس/ف04-ب-الدرس-الثاني.md	118	5	رمز المثال	[م٢-ب٥-ف٤-مث١٢]	يُحفظ	معرّفٌ إنتاجيٌّ في المصدر؛ ويُطبع [ب٥-ف٤-مث١٢] (يُحوَّل عند الإخراج)
book/الجزء-الثاني/الباب-الخامس/ف04-ب-الدرس-الثاني.md	122	5	رمز المثال	[م٢-ب٥-ف٤-مث١٣]	يُحفظ	معرّفٌ إنتاجيٌّ في المصدر؛ ويُطبع [ب٥-ف٤-مث١٣] (يُحوَّل عند الإخراج)
book/الجزء-الثاني/الباب-الخامس/ف04-ب-الدرس-الثاني.md	142	5	رمز المثال	[م٢-ب٥-ف٤-مث١٤]	يُحفظ	معرّفٌ إنتاجيٌّ في المصدر؛ ويُطبع [ب٥-ف٤-مث١٤] (يُحوَّل عند الإخراج)
book/الجزء-الثاني/الباب-الخامس/ف04-ب-الدرس-الثاني.md	146	5	رمز المثال	[م٢-ب٥-ف٤-مث١٥]	يُحفظ	معرّفٌ إنتاجيٌّ في المصدر؛ ويُطبع [ب٥-ف٤-مث١٥] (يُحوَّل عند الإخراج)
book/الجزء-الثاني/الباب-الخامس/ف04-ب-الدرس-الثاني.md	150	5	رمز المثال	[م٢-ب٥-ف٤-مث١٦]	يُحفظ	معرّفٌ إنتاجيٌّ في المصدر؛ ويُطبع [ب٥-ف٤-مث١٦] (يُحوَّل عند الإخراج)
book/الجزء-الثاني/الباب-الخامس/ف05-أ-المدخل-والدرس-الأول.md	5	5	المستوى ن	المستوى ٤	يُصحّح	المستوى 5
book/الجزء-الثاني/الباب-الخامس/ف05-أ-المدخل-والدرس-الأول.md	144	5	رمز المثال	[م٢-ب٥-ف٥-مث١]	يُحفظ	معرّفٌ إنتاجيٌّ في المصدر؛ ويُطبع [ب٥-ف٥-مث١] (يُحوَّل عند الإخراج)
book/الجزء-الثاني/الباب-الخامس/ف05-أ-المدخل-والدرس-الأول.md	148	5	رمز المثال	[م٢-ب٥-ف٥-مث٢]	يُحفظ	معرّفٌ إنتاجيٌّ في المصدر؛ ويُطبع [ب٥-ف٥-مث٢] (يُحوَّل عند الإخراج)
book/الجزء-الثاني/الباب-الخامس/ف05-أ-المدخل-والدرس-الأول.md	152	5	رمز المثال	[م٢-ب٥-ف٥-مث٣]	يُحفظ	معرّفٌ إنتاجيٌّ في المصدر؛ ويُطبع [ب٥-ف٥-مث٣] (يُحوَّل عند الإخراج)
book/الجزء-الثاني/الباب-الخامس/ف05-أ-المدخل-والدرس-الأول.md	168	5	رمز المثال	[م٢-ب٥-ف٥-مث٤]	يُحفظ	معرّفٌ إنتاجيٌّ في المصدر؛ ويُطبع [ب٥-ف٥-مث٤] (يُحوَّل عند الإخراج)
book/الجزء-الثاني/الباب-الخامس/ف05-أ-المدخل-والدرس-الأول.md	172	5	رمز المثال	[م٢-ب٥-ف٥-مث٥]	يُحفظ	معرّفٌ إنتاجيٌّ في المصدر؛ ويُطبع [ب٥-ف٥-مث٥] (يُحوَّل عند الإخراج)
book/الجزء-الثاني/الباب-الخامس/ف05-أ-المدخل-والدرس-الأول.md	178	5	رمز المثال	[م٢-ب٥-ف٥-مث٦]	يُحفظ	معرّفٌ إنتاجيٌّ في المصدر؛ ويُطبع [ب٥-ف٥-مث٦] (يُحوَّل عند الإخراج)
book/الجزء-الثاني/الباب-الخامس/ف05-أ-المدخل-والدرس-الأول.md	184	5	رمز المثال	[م٢-ب٥-ف٥-مث٧]	يُحفظ	معرّفٌ إنتاجيٌّ في المصدر؛ ويُطبع [ب٥-ف٥-مث٧] (يُحوَّل عند الإخراج)
book/الجزء-الثاني/الباب-الخامس/ف05-أ-المدخل-والدرس-الأول.md	201	5	رمز المثال	[م٢-ب٥-ف٥-مث٨]	يُحفظ	معرّفٌ إنتاجيٌّ في المصدر؛ ويُطبع [ب٥-ف٥-مث٨] (يُحوَّل عند الإخراج)
book/الجزء-الثاني/الباب-الخامس/ف05-ب-الدرس-الثاني.md	91	5	رمز المثال	[م٢-ب٥-ف٥-مث٩]	يُحفظ	معرّفٌ إنتاجيٌّ في المصدر؛ ويُطبع [ب٥-ف٥-مث٩] (يُحوَّل عند الإخراج)
book/الجزء-الثاني/الباب-الخامس/ف05-ب-الدرس-الثاني.md	95	5	رمز المثال	[م٢-ب٥-ف٥-مث١٠]	يُحفظ	معرّفٌ إنتاجيٌّ في المصدر؛ ويُطبع [ب٥-ف٥-مث١٠] (يُحوَّل عند الإخراج)
book/الجزء-الثاني/الباب-الخامس/ف05-ب-الدرس-الثاني.md	109	5	رمز المثال	[م٢-ب٥-ف٥-مث١١]	يُحفظ	معرّفٌ إنتاجيٌّ في المصدر؛ ويُطبع [ب٥-ف٥-مث١١] (يُحوَّل عند الإخراج)
book/الجزء-الثاني/الباب-الخامس/ف05-ب-الدرس-الثاني.md	113	5	رمز المثال	[م٢-ب٥-ف٥-مث١٢]	يُحفظ	معرّفٌ إنتاجيٌّ في المصدر؛ ويُطبع [ب٥-ف٥-مث١٢] (يُحوَّل عند الإخراج)
book/الجزء-الثاني/الباب-الخامس/ف05-ب-الدرس-الثاني.md	129	5	رمز المثال	[م٢-ب٥-ف٥-مث١٣]	يُحفظ	معرّفٌ إنتاجيٌّ في المصدر؛ ويُطبع [ب٥-ف٥-مث١٣] (يُحوَّل عند الإخراج)
book/الجزء-الثاني/الباب-الخامس/ف05-ب-الدرس-الثاني.md	157	5	رمز المثال	[م٢-ب٥-ف٥-مث١٤]	يُحفظ	معرّفٌ إنتاجيٌّ في المصدر؛ ويُطبع [ب٥-ف٥-مث١٤] (يُحوَّل عند الإخراج)
book/الجزء-الثاني/الباب-الخامس/ف05-ب-الدرس-الثاني.md	161	5	رمز المثال	[م٢-ب٥-ف٥-مث١٥]	يُحفظ	معرّفٌ إنتاجيٌّ في المصدر؛ ويُطبع [ب٥-ف٥-مث١٥] (يُحوَّل عند الإخراج)
book/الجزء-الثاني/الباب-الخامس/ف06-مخاطبة-الأقران-والأدنى.md	5	5	المستوى ن	المستوى ٤	يُصحّح	المستوى 5
book/الجزء-الثاني/الباب-الخامس/ف06-مخاطبة-الأقران-والأدنى.md	111	5	رمز المثال	[م٢-ب٥-ف٦-مث١]	يُحفظ	معرّفٌ إنتاجيٌّ في المصدر؛ ويُطبع [ب٥-ف٦-مث١] (يُحوَّل عند الإخراج)
book/الجزء-الثاني/الباب-الخامس/ف06-مخاطبة-الأقران-والأدنى.md	117	5	رمز المثال	[م٢-ب٥-ف٦-مث٢]	يُحفظ	معرّفٌ إنتاجيٌّ في المصدر؛ ويُطبع [ب٥-ف٦-مث٢] (يُحوَّل عند الإخراج)
book/الجزء-الثاني/الباب-الخامس/ف06-مخاطبة-الأقران-والأدنى.md	121	5	رمز المثال	[م٢-ب٥-ف٦-مث٣]	يُحفظ	معرّفٌ إنتاجيٌّ في المصدر؛ ويُطبع [ب٥-ف٦-مث٣] (يُحوَّل عند الإخراج)
book/الجزء-الثاني/الباب-الخامس/ف06-مخاطبة-الأقران-والأدنى.md	125	5	رمز المثال	[م٢-ب٥-ف٦-مث٤]	يُحفظ	معرّفٌ إنتاجيٌّ في المصدر؛ ويُطبع [ب٥-ف٦-مث٤] (يُحوَّل عند الإخراج)
book/الجزء-الثاني/الباب-الخامس/ف06-مخاطبة-الأقران-والأدنى.md	129	5	رمز المثال	[م٢-ب٥-ف٦-مث٥]	يُحفظ	معرّفٌ إنتاجيٌّ في المصدر؛ ويُطبع [ب٥-ف٦-مث٥] (يُحوَّل عند الإخراج)
book/الجزء-الثاني/الباب-الخامس/ف06-مخاطبة-الأقران-والأدنى.md	133	5	رمز المثال	[م٢-ب٥-ف٦-مث٦]	يُحفظ	معرّفٌ إنتاجيٌّ في المصدر؛ ويُطبع [ب٥-ف٦-مث٦] (يُحوَّل عند الإخراج)
book/الجزء-الثاني/الباب-الخامس/ف06-مخاطبة-الأقران-والأدنى.md	137	5	رمز المثال	[م٢-ب٥-ف٦-مث٧]	يُحفظ	معرّفٌ إنتاجيٌّ في المصدر؛ ويُطبع [ب٥-ف٦-مث٧] (يُحوَّل عند الإخراج)
book/الجزء-الثاني/الباب-الخامس/ف06-مخاطبة-الأقران-والأدنى.md	139	5	رمز المثال	[م٢-ب٥-ف٦-مث٨]	يُحفظ	معرّفٌ إنتاجيٌّ في المصدر؛ ويُطبع [ب٥-ف٦-مث٨] (يُحوَّل عند الإخراج)
book/الجزء-الثاني/الباب-الخامس/ف06-مخاطبة-الأقران-والأدنى.md	295	5	رمز المثال	[م٢-ب٥-ف٦-مث٩]	يُحفظ	معرّفٌ إنتاجيٌّ في المصدر؛ ويُطبع [ب٥-ف٦-مث٩] (يُحوَّل عند الإخراج)
book/الجزء-الثاني/الباب-الخامس/ف06-مخاطبة-الأقران-والأدنى.md	366	5	رمز المثال	[م٢-ب٥-ف٦-مث١٠]	يُحفظ	معرّفٌ إنتاجيٌّ في المصدر؛ ويُطبع [ب٥-ف٦-مث١٠] (يُحوَّل عند الإخراج)
book/الجزء-الثاني/الباب-الخامس/ف06-مخاطبة-الأقران-والأدنى.md	370	5	رمز المثال	[م٢-ب٥-ف٦-مث١١]	يُحفظ	معرّفٌ إنتاجيٌّ في المصدر؛ ويُطبع [ب٥-ف٦-مث١١] (يُحوَّل عند الإخراج)
book/الجزء-الثاني/الباب-الخامس/ف06-مخاطبة-الأقران-والأدنى.md	374	5	رمز المثال	[م٢-ب٥-ف٦-مث١٢]	يُحفظ	معرّفٌ إنتاجيٌّ في المصدر؛ ويُطبع [ب٥-ف٦-مث١٢] (يُحوَّل عند الإخراج)
book/الجزء-الثاني/الباب-الخامس/ف06-مخاطبة-الأقران-والأدنى.md	380	5	رمز المثال	[م٢-ب٥-ف٦-مث١٣]	يُحفظ	معرّفٌ إنتاجيٌّ في المصدر؛ ويُطبع [ب٥-ف٦-مث١٣] (يُحوَّل عند الإخراج)
book/الجزء-الثاني/الباب-الخامس/ف06-مخاطبة-الأقران-والأدنى.md	384	5	رمز المثال	[م٢-ب٥-ف٦-مث١٤]	يُحفظ	معرّفٌ إنتاجيٌّ في المصدر؛ ويُطبع [ب٥-ف٦-مث١٤] (يُحوَّل عند الإخراج)
book/الجزء-الثاني/الباب-الخامس/ف06-مخاطبة-الأقران-والأدنى.md	390	5	رمز المثال	[م٢-ب٥-ف٦-مث١٥]	يُحفظ	معرّفٌ إنتاجيٌّ في المصدر؛ ويُطبع [ب٥-ف٦-مث١٥] (يُحوَّل عند الإخراج)
book/الجزء-الثاني/الباب-الخامس/ف06-مخاطبة-الأقران-والأدنى.md	402	5	رمز المثال	[م٢-ب٥-ف٦-مث١٦]	يُحفظ	معرّفٌ إنتاجيٌّ في المصدر؛ ويُطبع [ب٥-ف٦-مث١٦] (يُحوَّل عند الإخراج)
book/الجزء-الثاني/الباب-الخامس/ف06-مخاطبة-الأقران-والأدنى.md	406	5	رمز المثال	[م٢-ب٥-ف٦-مث١٧]	يُحفظ	معرّفٌ إنتاجيٌّ في المصدر؛ ويُطبع [ب٥-ف٦-مث١٧] (يُحوَّل عند الإخراج)
book/الجزء-الثاني/الباب-الخامس/ف06-مخاطبة-الأقران-والأدنى.md	410	5	رمز المثال	[م٢-ب٥-ف٦-مث١٨]	يُحفظ	معرّفٌ إنتاجيٌّ في المصدر؛ ويُطبع [ب٥-ف٦-مث١٨] (يُحوَّل عند الإخراج)
book/الجزء-الثاني/الباب-الخامس/ف06-مخاطبة-الأقران-والأدنى.md	414	5	رمز المثال	[م٢-ب٥-ف٦-مث١٩]	يُحفظ	معرّفٌ إنتاجيٌّ في المصدر؛ ويُطبع [ب٥-ف٦-مث١٩] (يُحوَّل عند الإخراج)
book/الجزء-الثاني/الباب-الخامس/ف06-مخاطبة-الأقران-والأدنى.md	420	5	إحالة	انظر الباب السادس	يُصحّح	يُزاد المجلد: «في المجلد 6، …»
book/الجزء-الثاني/الباب-الخامس/ف06-مخاطبة-الأقران-والأدنى.md	426	5	رمز المثال	[م٢-ب٥-ف٦-مث٢٠]	يُحفظ	معرّفٌ إنتاجيٌّ في المصدر؛ ويُطبع [ب٥-ف٦-مث٢٠] (يُحوَّل عند الإخراج)
book/الجزء-الثاني/الباب-الخامس/ف06-مخاطبة-الأقران-والأدنى.md	430	5	رمز المثال	[م٢-ب٥-ف٦-مث٢١]	يُحفظ	معرّفٌ إنتاجيٌّ في المصدر؛ ويُطبع [ب٥-ف٦-مث٢١] (يُحوَّل عند الإخراج)
book/الجزء-الثاني/الباب-الخامس/ف06-مخاطبة-الأقران-والأدنى.md	434	5	رمز المثال	[م٢-ب٥-ف٦-مث٢٢]	يُحفظ	معرّفٌ إنتاجيٌّ في المصدر؛ ويُطبع [ب٥-ف٦-مث٢٢] (يُحوَّل عند الإخراج)
book/الجزء-الثاني/الباب-الخامس/ف06-مخاطبة-الأقران-والأدنى.md	438	5	رمز المثال	[م٢-ب٥-ف٦-مث٢٣]	يُحفظ	معرّفٌ إنتاجيٌّ في المصدر؛ ويُطبع [ب٥-ف٦-مث٢٣] (يُحوَّل عند الإخراج)
book/الجزء-الثاني/الباب-الخامس/ف06-مخاطبة-الأقران-والأدنى.md	442	5	رمز المثال	[م٢-ب٥-ف٦-مث٢٤]	يُحفظ	معرّفٌ إنتاجيٌّ في المصدر؛ ويُطبع [ب٥-ف٦-مث٢٤] (يُحوَّل عند الإخراج)
book/الجزء-الثاني/الباب-الخامس/ف06-مخاطبة-الأقران-والأدنى.md	446	5	رمز المثال	[م٢-ب٥-ف٦-مث٢٥]	يُحفظ	معرّفٌ إنتاجيٌّ في المصدر؛ ويُطبع [ب٥-ف٦-مث٢٥] (يُحوَّل عند الإخراج)
book/الجزء-الثاني/الباب-الخامس/ف06-مخاطبة-الأقران-والأدنى.md	459	5	الجزء ن	الجزء الثالث	مراجعة بشرية	قراءة مقترحة: استعمالٌ لغويٌّ عام، لا بنية الكتاب؛ يُحفظ
book/الجزء-الثاني/الباب-الخامس/ف06-مخاطبة-الأقران-والأدنى.md	475	5	الجزء ن	الجزء الثاني	مراجعة بشرية	قراءة مقترحة: استعمالٌ لغويٌّ عام، لا بنية الكتاب؛ يُحفظ
book/الجزء-الثاني/الباب-الخامس/ف06-مخاطبة-الأقران-والأدنى.md	495	5	رمز المثال	[م٢-ب٥-ف٦-مث٢٦]	يُحفظ	معرّفٌ إنتاجيٌّ في المصدر؛ ويُطبع [ب٥-ف٦-مث٢٦] (يُحوَّل عند الإخراج)
book/الجزء-الثاني/الباب-الخامس/ف06-مخاطبة-الأقران-والأدنى.md	626	5	إحالة	انظر الباب الأول، الفصل الأول	يُصحّح	يُزاد المجلد: «في المجلد 1، …»
book/الجزء-الثاني/الباب-الخامس/ف06-مخاطبة-الأقران-والأدنى.md	808	5	المستوى بالعدد اللفظي	المستوى الرابع	يُصحّح	المستوى الخامس (+١)
book/الجزء-الثاني/الباب-الخامس/ف07-مخاطبة-الجمهور-العام.md	5	5	المستوى ن	المستوى ٤	يُصحّح	المستوى 5
book/الجزء-الثاني/الباب-الخامس/ف07-مخاطبة-الجمهور-العام.md	159	5	رمز المثال	[م٢-ب٥-ف٧-مث١]	يُحفظ	معرّفٌ إنتاجيٌّ في المصدر؛ ويُطبع [ب٥-ف٧-مث١] (يُحوَّل عند الإخراج)
book/الجزء-الثاني/الباب-الخامس/ف07-مخاطبة-الجمهور-العام.md	163	5	رمز المثال	[م٢-ب٥-ف٧-مث٢]	يُحفظ	معرّفٌ إنتاجيٌّ في المصدر؛ ويُطبع [ب٥-ف٧-مث٢] (يُحوَّل عند الإخراج)
book/الجزء-الثاني/الباب-الخامس/ف07-مخاطبة-الجمهور-العام.md	167	5	رمز المثال	[م٢-ب٥-ف٧-مث٣]	يُحفظ	معرّفٌ إنتاجيٌّ في المصدر؛ ويُطبع [ب٥-ف٧-مث٣] (يُحوَّل عند الإخراج)
book/الجزء-الثاني/الباب-الخامس/ف07-مخاطبة-الجمهور-العام.md	171	5	رمز المثال	[م٢-ب٥-ف٧-مث٤]	يُحفظ	معرّفٌ إنتاجيٌّ في المصدر؛ ويُطبع [ب٥-ف٧-مث٤] (يُحوَّل عند الإخراج)
book/الجزء-الثاني/الباب-الخامس/ف07-مخاطبة-الجمهور-العام.md	175	5	رمز المثال	[م٢-ب٥-ف٧-مث٥]	يُحفظ	معرّفٌ إنتاجيٌّ في المصدر؛ ويُطبع [ب٥-ف٧-مث٥] (يُحوَّل عند الإخراج)
book/الجزء-الثاني/الباب-الخامس/ف07-مخاطبة-الجمهور-العام.md	179	5	رمز المثال	[م٢-ب٥-ف٧-مث٦]	يُحفظ	معرّفٌ إنتاجيٌّ في المصدر؛ ويُطبع [ب٥-ف٧-مث٦] (يُحوَّل عند الإخراج)
book/الجزء-الثاني/الباب-الخامس/ف07-مخاطبة-الجمهور-العام.md	187	5	رمز المثال	[م٢-ب٥-ف٧-مث٧]	يُحفظ	معرّفٌ إنتاجيٌّ في المصدر؛ ويُطبع [ب٥-ف٧-مث٧] (يُحوَّل عند الإخراج)
book/الجزء-الثاني/الباب-الخامس/ف07-مخاطبة-الجمهور-العام.md	191	5	رمز المثال	[م٢-ب٥-ف٧-مث٨]	يُحفظ	معرّفٌ إنتاجيٌّ في المصدر؛ ويُطبع [ب٥-ف٧-مث٨] (يُحوَّل عند الإخراج)
book/الجزء-الثاني/الباب-الخامس/ف07-مخاطبة-الجمهور-العام.md	195	5	رمز المثال	[م٢-ب٥-ف٧-مث٩]	يُحفظ	معرّفٌ إنتاجيٌّ في المصدر؛ ويُطبع [ب٥-ف٧-مث٩] (يُحوَّل عند الإخراج)
book/الجزء-الثاني/الباب-الخامس/ف07-مخاطبة-الجمهور-العام.md	201	5	رمز المثال	[م٢-ب٥-ف٧-مث١٠]	يُحفظ	معرّفٌ إنتاجيٌّ في المصدر؛ ويُطبع [ب٥-ف٧-مث١٠] (يُحوَّل عند الإخراج)
book/الجزء-الثاني/الباب-الخامس/ف07-مخاطبة-الجمهور-العام.md	205	5	رمز المثال	[م٢-ب٥-ف٧-مث١١]	يُحفظ	معرّفٌ إنتاجيٌّ في المصدر؛ ويُطبع [ب٥-ف٧-مث١١] (يُحوَّل عند الإخراج)
book/الجزء-الثاني/الباب-الخامس/ف07-مخاطبة-الجمهور-العام.md	213	5	رمز المثال	[م٢-ب٥-ف٧-مث١٢]	يُحفظ	معرّفٌ إنتاجيٌّ في المصدر؛ ويُطبع [ب٥-ف٧-مث١٢] (يُحوَّل عند الإخراج)
book/الجزء-الثاني/الباب-الخامس/ف07-مخاطبة-الجمهور-العام.md	217	5	رمز المثال	[م٢-ب٥-ف٧-مث١٣]	يُحفظ	معرّفٌ إنتاجيٌّ في المصدر؛ ويُطبع [ب٥-ف٧-مث١٣] (يُحوَّل عند الإخراج)
book/الجزء-الثاني/الباب-الخامس/ف07-مخاطبة-الجمهور-العام.md	225	5	رمز المثال	[م٢-ب٥-ف٧-مث١٤]	يُحفظ	معرّفٌ إنتاجيٌّ في المصدر؛ ويُطبع [ب٥-ف٧-مث١٤] (يُحوَّل عند الإخراج)
book/الجزء-الثاني/الباب-الخامس/ف07-مخاطبة-الجمهور-العام.md	229	5	رمز المثال	[م٢-ب٥-ف٧-مث١٥]	يُحفظ	معرّفٌ إنتاجيٌّ في المصدر؛ ويُطبع [ب٥-ف٧-مث١٥] (يُحوَّل عند الإخراج)
book/الجزء-الثاني/الباب-الخامس/ف07-مخاطبة-الجمهور-العام.md	237	5	رمز المثال	[م٢-ب٥-ف٧-مث١٦]	يُحفظ	معرّفٌ إنتاجيٌّ في المصدر؛ ويُطبع [ب٥-ف٧-مث١٦] (يُحوَّل عند الإخراج)
book/الجزء-الثاني/الباب-الخامس/ف07-مخاطبة-الجمهور-العام.md	240	5	رمز المثال	[م٢-ب٥-ف٧-مث١٧]	يُحفظ	معرّفٌ إنتاجيٌّ في المصدر؛ ويُطبع [ب٥-ف٧-مث١٧] (يُحوَّل عند الإخراج)
book/الجزء-الثاني/الباب-الخامس/ف07-مخاطبة-الجمهور-العام.md	249	5	رمز المثال	[م٢-ب٥-ف٧-مث١٨]	يُحفظ	معرّفٌ إنتاجيٌّ في المصدر؛ ويُطبع [ب٥-ف٧-مث١٨] (يُحوَّل عند الإخراج)
book/الجزء-الثاني/الباب-الخامس/ف07-مخاطبة-الجمهور-العام.md	252	5	رمز المثال	[م٢-ب٥-ف٧-مث١٩]	يُحفظ	معرّفٌ إنتاجيٌّ في المصدر؛ ويُطبع [ب٥-ف٧-مث١٩] (يُحوَّل عند الإخراج)
book/الجزء-الثاني/الباب-الخامس/ف07-مخاطبة-الجمهور-العام.md	255	5	رمز المثال	[م٢-ب٥-ف٧-مث٢٠]	يُحفظ	معرّفٌ إنتاجيٌّ في المصدر؛ ويُطبع [ب٥-ف٧-مث٢٠] (يُحوَّل عند الإخراج)
book/الجزء-الثاني/الباب-الخامس/ف07-مخاطبة-الجمهور-العام.md	258	5	رمز المثال	[م٢-ب٥-ف٧-مث٢١]	يُحفظ	معرّفٌ إنتاجيٌّ في المصدر؛ ويُطبع [ب٥-ف٧-مث٢١] (يُحوَّل عند الإخراج)
book/الجزء-الثاني/الباب-الخامس/ف07-مخاطبة-الجمهور-العام.md	263	5	رمز المثال	[م٢-ب٥-ف٧-مث٢٢]	يُحفظ	معرّفٌ إنتاجيٌّ في المصدر؛ ويُطبع [ب٥-ف٧-مث٢٢] (يُحوَّل عند الإخراج)
book/الجزء-الثاني/الباب-الخامس/ف07-مخاطبة-الجمهور-العام.md	266	5	رمز المثال	[م٢-ب٥-ف٧-مث٢٣]	يُحفظ	معرّفٌ إنتاجيٌّ في المصدر؛ ويُطبع [ب٥-ف٧-مث٢٣] (يُحوَّل عند الإخراج)
book/الجزء-الثاني/الباب-الخامس/ف07-مخاطبة-الجمهور-العام.md	269	5	رمز المثال	[م٢-ب٥-ف٧-مث٢٤]	يُحفظ	معرّفٌ إنتاجيٌّ في المصدر؛ ويُطبع [ب٥-ف٧-مث٢٤] (يُحوَّل عند الإخراج)
book/الجزء-الثاني/الباب-الخامس/ف07-مخاطبة-الجمهور-العام.md	274	5	رمز المثال	[م٢-ب٥-ف٧-مث٢٥]	يُحفظ	معرّفٌ إنتاجيٌّ في المصدر؛ ويُطبع [ب٥-ف٧-مث٢٥] (يُحوَّل عند الإخراج)
book/الجزء-الثاني/الباب-الخامس/ف07-مخاطبة-الجمهور-العام.md	277	5	رمز المثال	[م٢-ب٥-ف٧-مث٢٦]	يُحفظ	معرّفٌ إنتاجيٌّ في المصدر؛ ويُطبع [ب٥-ف٧-مث٢٦] (يُحوَّل عند الإخراج)
book/الجزء-الثاني/الباب-الخامس/ف07-مخاطبة-الجمهور-العام.md	280	5	رمز المثال	[م٢-ب٥-ف٧-مث٢٧]	يُحفظ	معرّفٌ إنتاجيٌّ في المصدر؛ ويُطبع [ب٥-ف٧-مث٢٧] (يُحوَّل عند الإخراج)
book/الجزء-الثاني/الباب-الخامس/ف07-مخاطبة-الجمهور-العام.md	285	5	رمز المثال	[م٢-ب٥-ف٧-مث٢٨]	يُحفظ	معرّفٌ إنتاجيٌّ في المصدر؛ ويُطبع [ب٥-ف٧-مث٢٨] (يُحوَّل عند الإخراج)
book/الجزء-الثاني/الباب-الخامس/ف07-مخاطبة-الجمهور-العام.md	288	5	رمز المثال	[م٢-ب٥-ف٧-مث٢٩]	يُحفظ	معرّفٌ إنتاجيٌّ في المصدر؛ ويُطبع [ب٥-ف٧-مث٢٩] (يُحوَّل عند الإخراج)
book/الجزء-الثاني/الباب-الخامس/ف07-مخاطبة-الجمهور-العام.md	291	5	رمز المثال	[م٢-ب٥-ف٧-مث٣٠]	يُحفظ	معرّفٌ إنتاجيٌّ في المصدر؛ ويُطبع [ب٥-ف٧-مث٣٠] (يُحوَّل عند الإخراج)
book/الجزء-الثاني/الباب-الخامس/ف08-أ-التهدئة-وحفظ-الكرامة.md	5	5	المستوى ن	المستوى ٤	يُصحّح	المستوى 5
book/الجزء-الثاني/الباب-الخامس/ف08-أ-التهدئة-وحفظ-الكرامة.md	218	5	رمز المثال	[م٢-ب٥-ف٨-مث١]	يُحفظ	معرّفٌ إنتاجيٌّ في المصدر؛ ويُطبع [ب٥-ف٨-مث١] (يُحوَّل عند الإخراج)
book/الجزء-الثاني/الباب-الخامس/ف08-أ-التهدئة-وحفظ-الكرامة.md	222	5	رمز المثال	[م٢-ب٥-ف٨-مث٢]	يُحفظ	معرّفٌ إنتاجيٌّ في المصدر؛ ويُطبع [ب٥-ف٨-مث٢] (يُحوَّل عند الإخراج)
book/الجزء-الثاني/الباب-الخامس/ف08-أ-التهدئة-وحفظ-الكرامة.md	226	5	رمز المثال	[م٢-ب٥-ف٨-مث٣]	يُحفظ	معرّفٌ إنتاجيٌّ في المصدر؛ ويُطبع [ب٥-ف٨-مث٣] (يُحوَّل عند الإخراج)
book/الجزء-الثاني/الباب-الخامس/ف08-أ-التهدئة-وحفظ-الكرامة.md	230	5	رمز المثال	[م٢-ب٥-ف٨-مث٤]	يُحفظ	معرّفٌ إنتاجيٌّ في المصدر؛ ويُطبع [ب٥-ف٨-مث٤] (يُحوَّل عند الإخراج)
book/الجزء-الثاني/الباب-الخامس/ف08-أ-التهدئة-وحفظ-الكرامة.md	250	5	رمز المثال	[م٢-ب٥-ف٨-مث٥]	يُحفظ	معرّفٌ إنتاجيٌّ في المصدر؛ ويُطبع [ب٥-ف٨-مث٥] (يُحوَّل عند الإخراج)
book/الجزء-الثاني/الباب-الخامس/ف08-أ-التهدئة-وحفظ-الكرامة.md	254	5	رمز المثال	[م٢-ب٥-ف٨-مث٦]	يُحفظ	معرّفٌ إنتاجيٌّ في المصدر؛ ويُطبع [ب٥-ف٨-مث٦] (يُحوَّل عند الإخراج)
book/الجزء-الثاني/الباب-الخامس/ف08-أ-التهدئة-وحفظ-الكرامة.md	258	5	رمز المثال	[م٢-ب٥-ف٨-مث٧]	يُحفظ	معرّفٌ إنتاجيٌّ في المصدر؛ ويُطبع [ب٥-ف٨-مث٧] (يُحوَّل عند الإخراج)
book/الجزء-الثاني/الباب-الخامس/ف08-أ-التهدئة-وحفظ-الكرامة.md	266	5	رمز المثال	[م٢-ب٥-ف٨-مث٨]	يُحفظ	معرّفٌ إنتاجيٌّ في المصدر؛ ويُطبع [ب٥-ف٨-مث٨] (يُحوَّل عند الإخراج)
book/الجزء-الثاني/الباب-الخامس/ف08-أ-التهدئة-وحفظ-الكرامة.md	270	5	رمز المثال	[م٢-ب٥-ف٨-مث٩]	يُحفظ	معرّفٌ إنتاجيٌّ في المصدر؛ ويُطبع [ب٥-ف٨-مث٩] (يُحوَّل عند الإخراج)
book/الجزء-الثاني/الباب-الخامس/ف08-أ-التهدئة-وحفظ-الكرامة.md	274	5	رمز المثال	[م٢-ب٥-ف٨-مث١٠]	يُحفظ	معرّفٌ إنتاجيٌّ في المصدر؛ ويُطبع [ب٥-ف٨-مث١٠] (يُحوَّل عند الإخراج)
book/الجزء-الثاني/الباب-الخامس/ف08-أ-التهدئة-وحفظ-الكرامة.md	278	5	رمز المثال	[م٢-ب٥-ف٨-مث١١]	يُحفظ	معرّفٌ إنتاجيٌّ في المصدر؛ ويُطبع [ب٥-ف٨-مث١١] (يُحوَّل عند الإخراج)
book/الجزء-الثاني/الباب-الخامس/ف08-أ-التهدئة-وحفظ-الكرامة.md	282	5	رمز المثال	[م٢-ب٥-ف٨-مث١٢]	يُحفظ	معرّفٌ إنتاجيٌّ في المصدر؛ ويُطبع [ب٥-ف٨-مث١٢] (يُحوَّل عند الإخراج)
book/الجزء-الثاني/الباب-الخامس/ف08-أ-التهدئة-وحفظ-الكرامة.md	286	5	رمز المثال	[م٢-ب٥-ف٨-مث١٣]	يُحفظ	معرّفٌ إنتاجيٌّ في المصدر؛ ويُطبع [ب٥-ف٨-مث١٣] (يُحوَّل عند الإخراج)
book/الجزء-الثاني/الباب-الخامس/ف08-أ-التهدئة-وحفظ-الكرامة.md	290	5	رمز المثال	[م٢-ب٥-ف٨-مث١٤]	يُحفظ	معرّفٌ إنتاجيٌّ في المصدر؛ ويُطبع [ب٥-ف٨-مث١٤] (يُحوَّل عند الإخراج)
book/الجزء-الثاني/الباب-الخامس/ف08-أ-التهدئة-وحفظ-الكرامة.md	294	5	رمز المثال	[م٢-ب٥-ف٨-مث١٥]	يُحفظ	معرّفٌ إنتاجيٌّ في المصدر؛ ويُطبع [ب٥-ف٨-مث١٥] (يُحوَّل عند الإخراج)
book/الجزء-الثاني/الباب-الخامس/ف08-أ-التهدئة-وحفظ-الكرامة.md	298	5	رمز المثال	[م٢-ب٥-ف٨-مث١٦]	يُحفظ	معرّفٌ إنتاجيٌّ في المصدر؛ ويُطبع [ب٥-ف٨-مث١٦] (يُحوَّل عند الإخراج)
book/الجزء-الثاني/الباب-الخامس/ف08-أ-التهدئة-وحفظ-الكرامة.md	302	5	رمز المثال	[م٢-ب٥-ف٨-مث١٧]	يُحفظ	معرّفٌ إنتاجيٌّ في المصدر؛ ويُطبع [ب٥-ف٨-مث١٧] (يُحوَّل عند الإخراج)
book/الجزء-الثاني/الباب-الخامس/ف08-أ-التهدئة-وحفظ-الكرامة.md	306	5	رمز المثال	[م٢-ب٥-ف٨-مث١٨]	يُحفظ	معرّفٌ إنتاجيٌّ في المصدر؛ ويُطبع [ب٥-ف٨-مث١٨] (يُحوَّل عند الإخراج)
book/الجزء-الثاني/الباب-الخامس/ف08-أ-التهدئة-وحفظ-الكرامة.md	310	5	رمز المثال	[م٢-ب٥-ف٨-مث١٩]	يُحفظ	معرّفٌ إنتاجيٌّ في المصدر؛ ويُطبع [ب٥-ف٨-مث١٩] (يُحوَّل عند الإخراج)
book/الجزء-الثاني/الباب-الخامس/ف08-أ-التهدئة-وحفظ-الكرامة.md	314	5	رمز المثال	[م٢-ب٥-ف٨-مث٢٠]	يُحفظ	معرّفٌ إنتاجيٌّ في المصدر؛ ويُطبع [ب٥-ف٨-مث٢٠] (يُحوَّل عند الإخراج)
book/الجزء-الثاني/الباب-الخامس/ف08-ب-التطبيق-والتقويم.md	376	5	المستوى بالعدد اللفظي	المستوى الرابع	يُصحّح	المستوى الخامس (+١)
book/الجزء-الثاني/الباب-الخامس/ف09-أ-مختبر-المقام.md	5	5	المستوى ن	المستوى ٤	يُصحّح	المستوى 5
book/الجزء-الثاني/الباب-الخامس/ف09-ج-التوليف-والتدريبات.md	162	5	المستوى بالعدد اللفظي	المستوى الرابع	يُصحّح	المستوى الخامس (+١)
book/الجزء-الثاني/الباب-الخامس/ف09-ج-التوليف-والتدريبات.md	267	5	الثمانية	الثمانية	يُصحّح	الأحد عشر
book/الجزء-الثاني/الباب-السادس/00-فاتحة-الباب-السادس.md	3	6	المستوى ن	المستوى ٥	يُصحّح	المستوى 6
book/الجزء-الثاني/الباب-السادس/00-فاتحة-الباب-السادس.md	7	6	إحالة	انظر الباب الأول، الفصل الأول	يُصحّح	يُزاد المجلد: «في المجلد 1، …»
book/الجزء-الثاني/الباب-السادس/ف01-السلام-والبشاشة-والاستماع.md	5	6	المستوى ن	المستوى ٥	يُصحّح	المستوى 6
book/الجزء-الثاني/الباب-السادس/ف01-السلام-والبشاشة-والاستماع.md	189	6	رمز المثال	[م٢-ب٦-ف١-مث١]	يُحفظ	معرّفٌ إنتاجيٌّ في المصدر؛ ويُطبع [ب٦-ف١-مث١] (يُحوَّل عند الإخراج)
book/الجزء-الثاني/الباب-السادس/ف01-السلام-والبشاشة-والاستماع.md	195	6	رمز المثال	[م٢-ب٦-ف١-مث٢]	يُحفظ	معرّفٌ إنتاجيٌّ في المصدر؛ ويُطبع [ب٦-ف١-مث٢] (يُحوَّل عند الإخراج)
book/الجزء-الثاني/الباب-السادس/ف01-السلام-والبشاشة-والاستماع.md	199	6	رمز المثال	[م٢-ب٦-ف١-مث٣]	يُحفظ	معرّفٌ إنتاجيٌّ في المصدر؛ ويُطبع [ب٦-ف١-مث٣] (يُحوَّل عند الإخراج)
book/الجزء-الثاني/الباب-السادس/ف01-السلام-والبشاشة-والاستماع.md	205	6	رمز المثال	[م٢-ب٦-ف١-مث٤]	يُحفظ	معرّفٌ إنتاجيٌّ في المصدر؛ ويُطبع [ب٦-ف١-مث٤] (يُحوَّل عند الإخراج)
book/الجزء-الثاني/الباب-السادس/ف01-السلام-والبشاشة-والاستماع.md	209	6	رمز المثال	[م٢-ب٦-ف١-مث٥]	يُحفظ	معرّفٌ إنتاجيٌّ في المصدر؛ ويُطبع [ب٦-ف١-مث٥] (يُحوَّل عند الإخراج)
book/الجزء-الثاني/الباب-السادس/ف01-السلام-والبشاشة-والاستماع.md	213	6	إحالة	انظر الباب الثاني، الفصل الخامس	يُصحّح	يُزاد المجلد: «في المجلد 2، …»
book/الجزء-الثاني/الباب-السادس/ف01-السلام-والبشاشة-والاستماع.md	215	6	رمز المثال	[م٢-ب٦-ف١-مث٦]	يُحفظ	معرّفٌ إنتاجيٌّ في المصدر؛ ويُطبع [ب٦-ف١-مث٦] (يُحوَّل عند الإخراج)
book/الجزء-الثاني/الباب-السادس/ف01-السلام-والبشاشة-والاستماع.md	219	6	رمز المثال	[م٢-ب٦-ف١-مث٧]	يُحفظ	معرّفٌ إنتاجيٌّ في المصدر؛ ويُطبع [ب٦-ف١-مث٧] (يُحوَّل عند الإخراج)
book/الجزء-الثاني/الباب-السادس/ف01-السلام-والبشاشة-والاستماع.md	223	6	رمز المثال	[م٢-ب٦-ف١-مث٨]	يُحفظ	معرّفٌ إنتاجيٌّ في المصدر؛ ويُطبع [ب٦-ف١-مث٨] (يُحوَّل عند الإخراج)
book/الجزء-الثاني/الباب-السادس/ف01-السلام-والبشاشة-والاستماع.md	227	6	رمز المثال	[م٢-ب٦-ف١-مث٩]	يُحفظ	معرّفٌ إنتاجيٌّ في المصدر؛ ويُطبع [ب٦-ف١-مث٩] (يُحوَّل عند الإخراج)
book/الجزء-الثاني/الباب-السادس/ف01-السلام-والبشاشة-والاستماع.md	231	6	رمز المثال	[م٢-ب٦-ف١-مث١٠]	يُحفظ	معرّفٌ إنتاجيٌّ في المصدر؛ ويُطبع [ب٦-ف١-مث١٠] (يُحوَّل عند الإخراج)
book/الجزء-الثاني/الباب-السادس/ف01-السلام-والبشاشة-والاستماع.md	235	6	رمز المثال	[م٢-ب٦-ف١-مث١١]	يُحفظ	معرّفٌ إنتاجيٌّ في المصدر؛ ويُطبع [ب٦-ف١-مث١١] (يُحوَّل عند الإخراج)
book/الجزء-الثاني/الباب-السادس/ف01-السلام-والبشاشة-والاستماع.md	241	6	رمز المثال	[م٢-ب٦-ف١-مث١٢]	يُحفظ	معرّفٌ إنتاجيٌّ في المصدر؛ ويُطبع [ب٦-ف١-مث١٢] (يُحوَّل عند الإخراج)
book/الجزء-الثاني/الباب-السادس/ف01-السلام-والبشاشة-والاستماع.md	245	6	رمز المثال	[م٢-ب٦-ف١-مث١٣]	يُحفظ	معرّفٌ إنتاجيٌّ في المصدر؛ ويُطبع [ب٦-ف١-مث١٣] (يُحوَّل عند الإخراج)
book/الجزء-الثاني/الباب-السادس/ف01-السلام-والبشاشة-والاستماع.md	247	6	رمز المثال	[م٢-ب٦-ف١-مث١٤]	يُحفظ	معرّفٌ إنتاجيٌّ في المصدر؛ ويُطبع [ب٦-ف١-مث١٤] (يُحوَّل عند الإخراج)
book/الجزء-الثاني/الباب-السادس/ف01-السلام-والبشاشة-والاستماع.md	383	6	رمز المثال	[م٢-ب٦-ف١-مث١٥]	يُحفظ	معرّفٌ إنتاجيٌّ في المصدر؛ ويُطبع [ب٦-ف١-مث١٥] (يُحوَّل عند الإخراج)
book/الجزء-الثاني/الباب-السادس/ف01-السلام-والبشاشة-والاستماع.md	389	6	رمز المثال	[م٢-ب٦-ف١-مث١٦]	يُحفظ	معرّفٌ إنتاجيٌّ في المصدر؛ ويُطبع [ب٦-ف١-مث١٦] (يُحوَّل عند الإخراج)
book/الجزء-الثاني/الباب-السادس/ف01-السلام-والبشاشة-والاستماع.md	393	6	رمز المثال	[م٢-ب٦-ف١-مث١٧]	يُحفظ	معرّفٌ إنتاجيٌّ في المصدر؛ ويُطبع [ب٦-ف١-مث١٧] (يُحوَّل عند الإخراج)
book/الجزء-الثاني/الباب-السادس/ف01-السلام-والبشاشة-والاستماع.md	397	6	رمز المثال	[م٢-ب٦-ف١-مث١٨]	يُحفظ	معرّفٌ إنتاجيٌّ في المصدر؛ ويُطبع [ب٦-ف١-مث١٨] (يُحوَّل عند الإخراج)
book/الجزء-الثاني/الباب-السادس/ف01-السلام-والبشاشة-والاستماع.md	401	6	رمز المثال	[م٢-ب٦-ف١-مث١٩]	يُحفظ	معرّفٌ إنتاجيٌّ في المصدر؛ ويُطبع [ب٦-ف١-مث١٩] (يُحوَّل عند الإخراج)
book/الجزء-الثاني/الباب-السادس/ف01-السلام-والبشاشة-والاستماع.md	407	6	رمز المثال	[م٢-ب٦-ف١-مث٢٠]	يُحفظ	معرّفٌ إنتاجيٌّ في المصدر؛ ويُطبع [ب٦-ف١-مث٢٠] (يُحوَّل عند الإخراج)
book/الجزء-الثاني/الباب-السادس/ف01-السلام-والبشاشة-والاستماع.md	413	6	رمز المثال	[م٢-ب٦-ف١-مث٢١]	يُحفظ	معرّفٌ إنتاجيٌّ في المصدر؛ ويُطبع [ب٦-ف١-مث٢١] (يُحوَّل عند الإخراج)
book/الجزء-الثاني/الباب-السادس/ف01-السلام-والبشاشة-والاستماع.md	523	6	رمز المثال	[م٢-ب٦-ف١-مث٢٢]	يُحفظ	معرّفٌ إنتاجيٌّ في المصدر؛ ويُطبع [ب٦-ف١-مث٢٢] (يُحوَّل عند الإخراج)
book/الجزء-الثاني/الباب-السادس/ف01-السلام-والبشاشة-والاستماع.md	527	6	رمز المثال	[م٢-ب٦-ف١-مث٢٣]	يُحفظ	معرّفٌ إنتاجيٌّ في المصدر؛ ويُطبع [ب٦-ف١-مث٢٣] (يُحوَّل عند الإخراج)
book/الجزء-الثاني/الباب-السادس/ف01-السلام-والبشاشة-والاستماع.md	533	6	رمز المثال	[م٢-ب٦-ف١-مث٢٤]	يُحفظ	معرّفٌ إنتاجيٌّ في المصدر؛ ويُطبع [ب٦-ف١-مث٢٤] (يُحوَّل عند الإخراج)
book/الجزء-الثاني/الباب-السادس/ف01-السلام-والبشاشة-والاستماع.md	537	6	رمز المثال	[م٢-ب٦-ف١-مث٢٥]	يُحفظ	معرّفٌ إنتاجيٌّ في المصدر؛ ويُطبع [ب٦-ف١-مث٢٥] (يُحوَّل عند الإخراج)
book/الجزء-الثاني/الباب-السادس/ف01-السلام-والبشاشة-والاستماع.md	541	6	رمز المثال	[م٢-ب٦-ف١-مث٢٦]	يُحفظ	معرّفٌ إنتاجيٌّ في المصدر؛ ويُطبع [ب٦-ف١-مث٢٦] (يُحوَّل عند الإخراج)
book/الجزء-الثاني/الباب-السادس/ف01-السلام-والبشاشة-والاستماع.md	545	6	رمز المثال	[م٢-ب٦-ف١-مث٢٧]	يُحفظ	معرّفٌ إنتاجيٌّ في المصدر؛ ويُطبع [ب٦-ف١-مث٢٧] (يُحوَّل عند الإخراج)
book/الجزء-الثاني/الباب-السادس/ف01-السلام-والبشاشة-والاستماع.md	549	6	رمز المثال	[م٢-ب٦-ف١-مث٢٨]	يُحفظ	معرّفٌ إنتاجيٌّ في المصدر؛ ويُطبع [ب٦-ف١-مث٢٨] (يُحوَّل عند الإخراج)
book/الجزء-الثاني/الباب-السادس/ف01-السلام-والبشاشة-والاستماع.md	555	6	رمز المثال	[م٢-ب٦-ف١-مث٢٩]	يُحفظ	معرّفٌ إنتاجيٌّ في المصدر؛ ويُطبع [ب٦-ف١-مث٢٩] (يُحوَّل عند الإخراج)
book/الجزء-الثاني/الباب-السادس/ف01-السلام-والبشاشة-والاستماع.md	559	6	رمز المثال	[م٢-ب٦-ف١-مث٣٠]	يُحفظ	معرّفٌ إنتاجيٌّ في المصدر؛ ويُطبع [ب٦-ف١-مث٣٠] (يُحوَّل عند الإخراج)
book/الجزء-الثاني/الباب-السادس/ف01-السلام-والبشاشة-والاستماع.md	563	6	رمز المثال	[م٢-ب٦-ف١-مث٣١]	يُحفظ	معرّفٌ إنتاجيٌّ في المصدر؛ ويُطبع [ب٦-ف١-مث٣١] (يُحوَّل عند الإخراج)
book/الجزء-الثاني/الباب-السادس/ف01-السلام-والبشاشة-والاستماع.md	567	6	رمز المثال	[م٢-ب٦-ف١-مث٣٢]	يُحفظ	معرّفٌ إنتاجيٌّ في المصدر؛ ويُطبع [ب٦-ف١-مث٣٢] (يُحوَّل عند الإخراج)
book/الجزء-الثاني/الباب-السادس/ف01-السلام-والبشاشة-والاستماع.md	569	6	رمز المثال	[م٢-ب٦-ف١-مث٣٣]	يُحفظ	معرّفٌ إنتاجيٌّ في المصدر؛ ويُطبع [ب٦-ف١-مث٣٣] (يُحوَّل عند الإخراج)
book/الجزء-الثاني/الباب-السادس/ف01-السلام-والبشاشة-والاستماع.md	571	6	رمز المثال	[م٢-ب٦-ف١-مث٣٤]	يُحفظ	معرّفٌ إنتاجيٌّ في المصدر؛ ويُطبع [ب٦-ف١-مث٣٤] (يُحوَّل عند الإخراج)
book/الجزء-الثاني/الباب-السادس/ف01-السلام-والبشاشة-والاستماع.md	826	6	إحالة	في الباب الثاني	يُصحّح	يُزاد المجلد: «في المجلد 2، …»
book/الجزء-الثاني/الباب-السادس/ف02-على-قدر-العقول.md	5	6	المستوى ن	المستوى ٥	يُصحّح	المستوى 6
book/الجزء-الثاني/الباب-السادس/ف02-على-قدر-العقول.md	24	6	إحالة	في الباب الخامس	يُصحّح	يُزاد المجلد: «في المجلد 5، …»
book/الجزء-الثاني/الباب-السادس/ف02-على-قدر-العقول.md	87	6	إحالة	في الباب الأول	يُصحّح	يُزاد المجلد: «في المجلد 1، …»
book/الجزء-الثاني/الباب-السادس/ف02-على-قدر-العقول.md	87	6	إحالة	انظر الباب الأول، الفصل الأول	يُصحّح	يُزاد المجلد: «في المجلد 1، …»
book/الجزء-الثاني/الباب-السادس/ف02-على-قدر-العقول.md	136	6	إحالة	انظر الباب الأول، الفصل الأول	يُصحّح	يُزاد المجلد: «في المجلد 1، …»
book/الجزء-الثاني/الباب-السادس/ف02-على-قدر-العقول.md	148	6	رمز المثال	[م٢-ب٦-ف٢-مث١]	يُحفظ	معرّفٌ إنتاجيٌّ في المصدر؛ ويُطبع [ب٦-ف٢-مث١] (يُحوَّل عند الإخراج)
book/الجزء-الثاني/الباب-السادس/ف02-على-قدر-العقول.md	152	6	رمز المثال	[م٢-ب٦-ف٢-مث٢]	يُحفظ	معرّفٌ إنتاجيٌّ في المصدر؛ ويُطبع [ب٦-ف٢-مث٢] (يُحوَّل عند الإخراج)
book/الجزء-الثاني/الباب-السادس/ف02-على-قدر-العقول.md	156	6	رمز المثال	[م٢-ب٦-ف٢-مث٣]	يُحفظ	معرّفٌ إنتاجيٌّ في المصدر؛ ويُطبع [ب٦-ف٢-مث٣] (يُحوَّل عند الإخراج)
book/الجزء-الثاني/الباب-السادس/ف02-على-قدر-العقول.md	160	6	رمز المثال	[م٢-ب٦-ف٢-مث٤]	يُحفظ	معرّفٌ إنتاجيٌّ في المصدر؛ ويُطبع [ب٦-ف٢-مث٤] (يُحوَّل عند الإخراج)
book/الجزء-الثاني/الباب-السادس/ف02-على-قدر-العقول.md	164	6	رمز المثال	[م٢-ب٦-ف٢-مث٥]	يُحفظ	معرّفٌ إنتاجيٌّ في المصدر؛ ويُطبع [ب٦-ف٢-مث٥] (يُحوَّل عند الإخراج)
book/الجزء-الثاني/الباب-السادس/ف02-على-قدر-العقول.md	168	6	رمز المثال	[م٢-ب٦-ف٢-مث٦]	يُحفظ	معرّفٌ إنتاجيٌّ في المصدر؛ ويُطبع [ب٦-ف٢-مث٦] (يُحوَّل عند الإخراج)
book/الجزء-الثاني/الباب-السادس/ف02-على-قدر-العقول.md	174	6	رمز المثال	[م٢-ب٦-ف٢-مث٧]	يُحفظ	معرّفٌ إنتاجيٌّ في المصدر؛ ويُطبع [ب٦-ف٢-مث٧] (يُحوَّل عند الإخراج)
book/الجزء-الثاني/الباب-السادس/ف02-على-قدر-العقول.md	180	6	رمز المثال	[م٢-ب٦-ف٢-مث٨]	يُحفظ	معرّفٌ إنتاجيٌّ في المصدر؛ ويُطبع [ب٦-ف٢-مث٨] (يُحوَّل عند الإخراج)
book/الجزء-الثاني/الباب-السادس/ف02-على-قدر-العقول.md	186	6	رمز المثال	[م٢-ب٦-ف٢-مث٩]	يُحفظ	معرّفٌ إنتاجيٌّ في المصدر؛ ويُطبع [ب٦-ف٢-مث٩] (يُحوَّل عند الإخراج)
book/الجزء-الثاني/الباب-السادس/ف02-على-قدر-العقول.md	208	6	رمز المثال	[م٢-ب٦-ف٢-مث١٠]	يُحفظ	معرّفٌ إنتاجيٌّ في المصدر؛ ويُطبع [ب٦-ف٢-مث١٠] (يُحوَّل عند الإخراج)
book/الجزء-الثاني/الباب-السادس/ف02-على-قدر-العقول.md	214	6	رمز المثال	[م٢-ب٦-ف٢-مث١١]	يُحفظ	معرّفٌ إنتاجيٌّ في المصدر؛ ويُطبع [ب٦-ف٢-مث١١] (يُحوَّل عند الإخراج)
book/الجزء-الثاني/الباب-السادس/ف02-على-قدر-العقول.md	218	6	رمز المثال	[م٢-ب٦-ف٢-مث١٢]	يُحفظ	معرّفٌ إنتاجيٌّ في المصدر؛ ويُطبع [ب٦-ف٢-مث١٢] (يُحوَّل عند الإخراج)
book/الجزء-الثاني/الباب-السادس/ف02-على-قدر-العقول.md	222	6	رمز المثال	[م٢-ب٦-ف٢-مث١٣]	يُحفظ	معرّفٌ إنتاجيٌّ في المصدر؛ ويُطبع [ب٦-ف٢-مث١٣] (يُحوَّل عند الإخراج)
book/الجزء-الثاني/الباب-السادس/ف02-على-قدر-العقول.md	226	6	رمز المثال	[م٢-ب٦-ف٢-مث١٤]	يُحفظ	معرّفٌ إنتاجيٌّ في المصدر؛ ويُطبع [ب٦-ف٢-مث١٤] (يُحوَّل عند الإخراج)
book/الجزء-الثاني/الباب-السادس/ف02-على-قدر-العقول.md	228	6	رمز المثال	[م٢-ب٦-ف٢-مث١٥]	يُحفظ	معرّفٌ إنتاجيٌّ في المصدر؛ ويُطبع [ب٦-ف٢-مث١٥] (يُحوَّل عند الإخراج)
book/الجزء-الثاني/الباب-السادس/ف02-على-قدر-العقول.md	293	6	رمز المثال	[م٢-ب٦-ف٢-مث١٦]	يُحفظ	معرّفٌ إنتاجيٌّ في المصدر؛ ويُطبع [ب٦-ف٢-مث١٦] (يُحوَّل عند الإخراج)
book/الجزء-الثاني/الباب-السادس/ف02-على-قدر-العقول.md	297	6	رمز المثال	[م٢-ب٦-ف٢-مث١٧]	يُحفظ	معرّفٌ إنتاجيٌّ في المصدر؛ ويُطبع [ب٦-ف٢-مث١٧] (يُحوَّل عند الإخراج)
book/الجزء-الثاني/الباب-السادس/ف02-على-قدر-العقول.md	301	6	رمز المثال	[م٢-ب٦-ف٢-مث١٨]	يُحفظ	معرّفٌ إنتاجيٌّ في المصدر؛ ويُطبع [ب٦-ف٢-مث١٨] (يُحوَّل عند الإخراج)
book/الجزء-الثاني/الباب-السادس/ف02-على-قدر-العقول.md	309	6	رمز المثال	[م٢-ب٦-ف٢-مث١٩]	يُحفظ	معرّفٌ إنتاجيٌّ في المصدر؛ ويُطبع [ب٦-ف٢-مث١٩] (يُحوَّل عند الإخراج)
book/الجزء-الثاني/الباب-السادس/ف02-على-قدر-العقول.md	312	6	رمز المثال	[م٢-ب٦-ف٢-مث٢٠]	يُحفظ	معرّفٌ إنتاجيٌّ في المصدر؛ ويُطبع [ب٦-ف٢-مث٢٠] (يُحوَّل عند الإخراج)
book/الجزء-الثاني/الباب-السادس/ف02-على-قدر-العقول.md	315	6	رمز المثال	[م٢-ب٦-ف٢-مث٢١]	يُحفظ	معرّفٌ إنتاجيٌّ في المصدر؛ ويُطبع [ب٦-ف٢-مث٢١] (يُحوَّل عند الإخراج)
book/الجزء-الثاني/الباب-السادس/ف02-على-قدر-العقول.md	318	6	رمز المثال	[م٢-ب٦-ف٢-مث٢٢]	يُحفظ	معرّفٌ إنتاجيٌّ في المصدر؛ ويُطبع [ب٦-ف٢-مث٢٢] (يُحوَّل عند الإخراج)
book/الجزء-الثاني/الباب-السادس/ف02-على-قدر-العقول.md	324	6	رمز المثال	[م٢-ب٦-ف٢-مث٢٣]	يُحفظ	معرّفٌ إنتاجيٌّ في المصدر؛ ويُطبع [ب٦-ف٢-مث٢٣] (يُحوَّل عند الإخراج)
book/الجزء-الثاني/الباب-السادس/ف02-على-قدر-العقول.md	334	6	رمز المثال	[م٢-ب٦-ف٢-مث٢٤]	يُحفظ	معرّفٌ إنتاجيٌّ في المصدر؛ ويُطبع [ب٦-ف٢-مث٢٤] (يُحوَّل عند الإخراج)
book/الجزء-الثاني/الباب-السادس/ف02-على-قدر-العقول.md	340	6	رمز المثال	[م٢-ب٦-ف٢-مث٢٥]	يُحفظ	معرّفٌ إنتاجيٌّ في المصدر؛ ويُطبع [ب٦-ف٢-مث٢٥] (يُحوَّل عند الإخراج)
book/الجزء-الثاني/الباب-السادس/ف02-على-قدر-العقول.md	348	6	رمز المثال	[م٢-ب٦-ف٢-مث٢٦]	يُحفظ	معرّفٌ إنتاجيٌّ في المصدر؛ ويُطبع [ب٦-ف٢-مث٢٦] (يُحوَّل عند الإخراج)
book/الجزء-الثاني/الباب-السادس/ف02-على-قدر-العقول.md	354	6	رمز المثال	[م٢-ب٦-ف٢-مث٢٧]	يُحفظ	معرّفٌ إنتاجيٌّ في المصدر؛ ويُطبع [ب٦-ف٢-مث٢٧] (يُحوَّل عند الإخراج)
book/الجزء-الثاني/الباب-السادس/ف02-على-قدر-العقول.md	358	6	رمز المثال	[م٢-ب٦-ف٢-مث٢٨]	يُحفظ	معرّفٌ إنتاجيٌّ في المصدر؛ ويُطبع [ب٦-ف٢-مث٢٨] (يُحوَّل عند الإخراج)
book/الجزء-الثاني/الباب-السادس/ف02-على-قدر-العقول.md	366	6	رمز المثال	[م٢-ب٦-ف٢-مث٢٩]	يُحفظ	معرّفٌ إنتاجيٌّ في المصدر؛ ويُطبع [ب٦-ف٢-مث٢٩] (يُحوَّل عند الإخراج)
book/الجزء-الثاني/الباب-السادس/ف02-على-قدر-العقول.md	368	6	رمز المثال	[م٢-ب٦-ف٢-مث٣٠]	يُحفظ	معرّفٌ إنتاجيٌّ في المصدر؛ ويُطبع [ب٦-ف٢-مث٣٠] (يُحوَّل عند الإخراج)
book/الجزء-الثاني/الباب-السادس/ف02-على-قدر-العقول.md	370	6	رمز المثال	[م٢-ب٦-ف٢-مث٣١]	يُحفظ	معرّفٌ إنتاجيٌّ في المصدر؛ ويُطبع [ب٦-ف٢-مث٣١] (يُحوَّل عند الإخراج)
book/الجزء-الثاني/الباب-السادس/ف02-على-قدر-العقول.md	376	6	رمز المثال	[م٢-ب٦-ف٢-مث٣٢]	يُحفظ	معرّفٌ إنتاجيٌّ في المصدر؛ ويُطبع [ب٦-ف٢-مث٣٢] (يُحوَّل عند الإخراج)
book/الجزء-الثاني/الباب-السادس/ف02-على-قدر-العقول.md	393	6	إحالة	انظر الباب الأول، الفصل السادس	يُصحّح	يُزاد المجلد: «في المجلد 1، …»
book/الجزء-الثاني/الباب-السادس/ف03-المدح-والشكر-والدعاء.md	5	6	المستوى ن	المستوى ٥	يُصحّح	المستوى 6
book/الجزء-الثاني/الباب-السادس/ف03-المدح-والشكر-والدعاء.md	153	6	رمز المثال	[م٢-ب٦-ف٣-مث١]	يُحفظ	معرّفٌ إنتاجيٌّ في المصدر؛ ويُطبع [ب٦-ف٣-مث١] (يُحوَّل عند الإخراج)
book/الجزء-الثاني/الباب-السادس/ف03-المدح-والشكر-والدعاء.md	157	6	رمز المثال	[م٢-ب٦-ف٣-مث٢]	يُحفظ	معرّفٌ إنتاجيٌّ في المصدر؛ ويُطبع [ب٦-ف٣-مث٢] (يُحوَّل عند الإخراج)
book/الجزء-الثاني/الباب-السادس/ف03-المدح-والشكر-والدعاء.md	161	6	رمز المثال	[م٢-ب٦-ف٣-مث٣]	يُحفظ	معرّفٌ إنتاجيٌّ في المصدر؛ ويُطبع [ب٦-ف٣-مث٣] (يُحوَّل عند الإخراج)
book/الجزء-الثاني/الباب-السادس/ف03-المدح-والشكر-والدعاء.md	165	6	رمز المثال	[م٢-ب٦-ف٣-مث٤]	يُحفظ	معرّفٌ إنتاجيٌّ في المصدر؛ ويُطبع [ب٦-ف٣-مث٤] (يُحوَّل عند الإخراج)
book/الجزء-الثاني/الباب-السادس/ف03-المدح-والشكر-والدعاء.md	171	6	رمز المثال	[م٢-ب٦-ف٣-مث٥]	يُحفظ	معرّفٌ إنتاجيٌّ في المصدر؛ ويُطبع [ب٦-ف٣-مث٥] (يُحوَّل عند الإخراج)
book/الجزء-الثاني/الباب-السادس/ف03-المدح-والشكر-والدعاء.md	177	6	رمز المثال	[م٢-ب٦-ف٣-مث٦]	يُحفظ	معرّفٌ إنتاجيٌّ في المصدر؛ ويُطبع [ب٦-ف٣-مث٦] (يُحوَّل عند الإخراج)
book/الجزء-الثاني/الباب-السادس/ف03-المدح-والشكر-والدعاء.md	181	6	رمز المثال	[م٢-ب٦-ف٣-مث٧]	يُحفظ	معرّفٌ إنتاجيٌّ في المصدر؛ ويُطبع [ب٦-ف٣-مث٧] (يُحوَّل عند الإخراج)
book/الجزء-الثاني/الباب-السادس/ف03-المدح-والشكر-والدعاء.md	187	6	رمز المثال	[م٢-ب٦-ف٣-مث٨]	يُحفظ	معرّفٌ إنتاجيٌّ في المصدر؛ ويُطبع [ب٦-ف٣-مث٨] (يُحوَّل عند الإخراج)
book/الجزء-الثاني/الباب-السادس/ف03-المدح-والشكر-والدعاء.md	193	6	رمز المثال	[م٢-ب٦-ف٣-مث٩]	يُحفظ	معرّفٌ إنتاجيٌّ في المصدر؛ ويُطبع [ب٦-ف٣-مث٩] (يُحوَّل عند الإخراج)
book/الجزء-الثاني/الباب-السادس/ف03-المدح-والشكر-والدعاء.md	199	6	رمز المثال	[م٢-ب٦-ف٣-مث١٠]	يُحفظ	معرّفٌ إنتاجيٌّ في المصدر؛ ويُطبع [ب٦-ف٣-مث١٠] (يُحوَّل عند الإخراج)
book/الجزء-الثاني/الباب-السادس/ف03-المدح-والشكر-والدعاء.md	203	6	إحالة	انظر الباب العاشر، الفصل الأول	يُصحّح	يُزاد المجلد: «في المجلد 9، …»
book/الجزء-الثاني/الباب-السادس/ف03-المدح-والشكر-والدعاء.md	205	6	رمز المثال	[م٢-ب٦-ف٣-مث١١]	يُحفظ	معرّفٌ إنتاجيٌّ في المصدر؛ ويُطبع [ب٦-ف٣-مث١١] (يُحوَّل عند الإخراج)
book/الجزء-الثاني/الباب-السادس/ف03-المدح-والشكر-والدعاء.md	209	6	رمز المثال	[م٢-ب٦-ف٣-مث١٢]	يُحفظ	معرّفٌ إنتاجيٌّ في المصدر؛ ويُطبع [ب٦-ف٣-مث١٢] (يُحوَّل عند الإخراج)
book/الجزء-الثاني/الباب-السادس/ف03-المدح-والشكر-والدعاء.md	215	6	رمز المثال	[م٢-ب٦-ف٣-مث١٣]	يُحفظ	معرّفٌ إنتاجيٌّ في المصدر؛ ويُطبع [ب٦-ف٣-مث١٣] (يُحوَّل عند الإخراج)
book/الجزء-الثاني/الباب-السادس/ف03-المدح-والشكر-والدعاء.md	217	6	رمز المثال	[م٢-ب٦-ف٣-مث١٤]	يُحفظ	معرّفٌ إنتاجيٌّ في المصدر؛ ويُطبع [ب٦-ف٣-مث١٤] (يُحوَّل عند الإخراج)
book/الجزء-الثاني/الباب-السادس/ف03-المدح-والشكر-والدعاء.md	227	6	إحالة	انظر الباب الثاني عشر، الفصل الأول	يُصحّح	يُزاد المجلد: «في المجلد 10، …»
book/الجزء-الثاني/الباب-السادس/ف03-المدح-والشكر-والدعاء.md	231	6	رمز المثال	[م٢-ب٦-ف٣-مث١٥]	يُحفظ	معرّفٌ إنتاجيٌّ في المصدر؛ ويُطبع [ب٦-ف٣-مث١٥] (يُحوَّل عند الإخراج)
book/الجزء-الثاني/الباب-السادس/ف03-المدح-والشكر-والدعاء.md	235	6	رمز المثال	[م٢-ب٦-ف٣-مث١٦]	يُحفظ	معرّفٌ إنتاجيٌّ في المصدر؛ ويُطبع [ب٦-ف٣-مث١٦] (يُحوَّل عند الإخراج)
book/الجزء-الثاني/الباب-السادس/ف03-المدح-والشكر-والدعاء.md	349	6	رمز المثال	[م٢-ب٦-ف٣-مث١٧]	يُحفظ	معرّفٌ إنتاجيٌّ في المصدر؛ ويُطبع [ب٦-ف٣-مث١٧] (يُحوَّل عند الإخراج)
book/الجزء-الثاني/الباب-السادس/ف03-المدح-والشكر-والدعاء.md	355	6	رمز المثال	[م٢-ب٦-ف٣-مث١٨]	يُحفظ	معرّفٌ إنتاجيٌّ في المصدر؛ ويُطبع [ب٦-ف٣-مث١٨] (يُحوَّل عند الإخراج)
book/الجزء-الثاني/الباب-السادس/ف03-المدح-والشكر-والدعاء.md	359	6	رمز المثال	[م٢-ب٦-ف٣-مث١٩]	يُحفظ	معرّفٌ إنتاجيٌّ في المصدر؛ ويُطبع [ب٦-ف٣-مث١٩] (يُحوَّل عند الإخراج)
book/الجزء-الثاني/الباب-السادس/ف03-المدح-والشكر-والدعاء.md	365	6	رمز المثال	[م٢-ب٦-ف٣-مث٢٠]	يُحفظ	معرّفٌ إنتاجيٌّ في المصدر؛ ويُطبع [ب٦-ف٣-مث٢٠] (يُحوَّل عند الإخراج)
book/الجزء-الثاني/الباب-السادس/ف03-المدح-والشكر-والدعاء.md	369	6	رمز المثال	[م٢-ب٦-ف٣-مث٢١]	يُحفظ	معرّفٌ إنتاجيٌّ في المصدر؛ ويُطبع [ب٦-ف٣-مث٢١] (يُحوَّل عند الإخراج)
book/الجزء-الثاني/الباب-السادس/ف03-المدح-والشكر-والدعاء.md	373	6	رمز المثال	[م٢-ب٦-ف٣-مث٢٢]	يُحفظ	معرّفٌ إنتاجيٌّ في المصدر؛ ويُطبع [ب٦-ف٣-مث٢٢] (يُحوَّل عند الإخراج)
book/الجزء-الثاني/الباب-السادس/ف03-المدح-والشكر-والدعاء.md	377	6	رمز المثال	[م٢-ب٦-ف٣-مث٢٣]	يُحفظ	معرّفٌ إنتاجيٌّ في المصدر؛ ويُطبع [ب٦-ف٣-مث٢٣] (يُحوَّل عند الإخراج)
book/الجزء-الثاني/الباب-السادس/ف03-المدح-والشكر-والدعاء.md	381	6	رمز المثال	[م٢-ب٦-ف٣-مث٢٤]	يُحفظ	معرّفٌ إنتاجيٌّ في المصدر؛ ويُطبع [ب٦-ف٣-مث٢٤] (يُحوَّل عند الإخراج)
book/الجزء-الثاني/الباب-السادس/ف03-المدح-والشكر-والدعاء.md	433	6	رمز المثال	[م٢-ب٦-ف٣-مث٢٥]	يُحفظ	معرّفٌ إنتاجيٌّ في المصدر؛ ويُطبع [ب٦-ف٣-مث٢٥] (يُحوَّل عند الإخراج)
book/الجزء-الثاني/الباب-السادس/ف03-المدح-والشكر-والدعاء.md	437	6	رمز المثال	[م٢-ب٦-ف٣-مث٢٦]	يُحفظ	معرّفٌ إنتاجيٌّ في المصدر؛ ويُطبع [ب٦-ف٣-مث٢٦] (يُحوَّل عند الإخراج)
book/الجزء-الثاني/الباب-السادس/ف03-المدح-والشكر-والدعاء.md	441	6	رمز المثال	[م٢-ب٦-ف٣-مث٢٧]	يُحفظ	معرّفٌ إنتاجيٌّ في المصدر؛ ويُطبع [ب٦-ف٣-مث٢٧] (يُحوَّل عند الإخراج)
book/الجزء-الثاني/الباب-السادس/ف03-المدح-والشكر-والدعاء.md	447	6	رمز المثال	[م٢-ب٦-ف٣-مث٢٨]	يُحفظ	معرّفٌ إنتاجيٌّ في المصدر؛ ويُطبع [ب٦-ف٣-مث٢٨] (يُحوَّل عند الإخراج)
book/الجزء-الثاني/الباب-السادس/ف03-المدح-والشكر-والدعاء.md	453	6	رمز المثال	[م٢-ب٦-ف٣-مث٢٩]	يُحفظ	معرّفٌ إنتاجيٌّ في المصدر؛ ويُطبع [ب٦-ف٣-مث٢٩] (يُحوَّل عند الإخراج)
book/الجزء-الثاني/الباب-السادس/ف03-المدح-والشكر-والدعاء.md	457	6	رمز المثال	[م٢-ب٦-ف٣-مث٣٠]	يُحفظ	معرّفٌ إنتاجيٌّ في المصدر؛ ويُطبع [ب٦-ف٣-مث٣٠] (يُحوَّل عند الإخراج)
book/الجزء-الثاني/الباب-السادس/ف03-المدح-والشكر-والدعاء.md	461	6	رمز المثال	[م٢-ب٦-ف٣-مث٣١]	يُحفظ	معرّفٌ إنتاجيٌّ في المصدر؛ ويُطبع [ب٦-ف٣-مث٣١] (يُحوَّل عند الإخراج)
book/الجزء-الثاني/الباب-السادس/ف03-المدح-والشكر-والدعاء.md	463	6	رمز المثال	[م٢-ب٦-ف٣-مث٣٢]	يُحفظ	معرّفٌ إنتاجيٌّ في المصدر؛ ويُطبع [ب٦-ف٣-مث٣٢] (يُحوَّل عند الإخراج)
book/الجزء-الثاني/الباب-السادس/ف04-أ-المدخل-والدرس-الأول.md	5	6	المستوى ن	المستوى ٥	يُصحّح	المستوى 6
book/الجزء-الثاني/الباب-السادس/ف04-أ-المدخل-والدرس-الأول.md	170	6	رمز المثال	[م٢-ب٦-ف٤-مث١]	يُحفظ	معرّفٌ إنتاجيٌّ في المصدر؛ ويُطبع [ب٦-ف٤-مث١] (يُحوَّل عند الإخراج)
book/الجزء-الثاني/الباب-السادس/ف04-أ-المدخل-والدرس-الأول.md	174	6	رمز المثال	[م٢-ب٦-ف٤-مث٢]	يُحفظ	معرّفٌ إنتاجيٌّ في المصدر؛ ويُطبع [ب٦-ف٤-مث٢] (يُحوَّل عند الإخراج)
book/الجزء-الثاني/الباب-السادس/ف04-أ-المدخل-والدرس-الأول.md	178	6	رمز المثال	[م٢-ب٦-ف٤-مث٣]	يُحفظ	معرّفٌ إنتاجيٌّ في المصدر؛ ويُطبع [ب٦-ف٤-مث٣] (يُحوَّل عند الإخراج)
book/الجزء-الثاني/الباب-السادس/ف04-أ-المدخل-والدرس-الأول.md	182	6	رمز المثال	[م٢-ب٦-ف٤-مث٤]	يُحفظ	معرّفٌ إنتاجيٌّ في المصدر؛ ويُطبع [ب٦-ف٤-مث٤] (يُحوَّل عند الإخراج)
book/الجزء-الثاني/الباب-السادس/ف04-أ-المدخل-والدرس-الأول.md	186	6	رمز المثال	[م٢-ب٦-ف٤-مث٥]	يُحفظ	معرّفٌ إنتاجيٌّ في المصدر؛ ويُطبع [ب٦-ف٤-مث٥] (يُحوَّل عند الإخراج)
book/الجزء-الثاني/الباب-السادس/ف04-أ-المدخل-والدرس-الأول.md	192	6	رمز المثال	[م٢-ب٦-ف٤-مث٦]	يُحفظ	معرّفٌ إنتاجيٌّ في المصدر؛ ويُطبع [ب٦-ف٤-مث٦] (يُحوَّل عند الإخراج)
book/الجزء-الثاني/الباب-السادس/ف04-أ-المدخل-والدرس-الأول.md	196	6	رمز المثال	[م٢-ب٦-ف٤-مث٧]	يُحفظ	معرّفٌ إنتاجيٌّ في المصدر؛ ويُطبع [ب٦-ف٤-مث٧] (يُحوَّل عند الإخراج)
book/الجزء-الثاني/الباب-السادس/ف04-أ-المدخل-والدرس-الأول.md	200	6	رمز المثال	[م٢-ب٦-ف٤-مث٨]	يُحفظ	معرّفٌ إنتاجيٌّ في المصدر؛ ويُطبع [ب٦-ف٤-مث٨] (يُحوَّل عند الإخراج)
book/الجزء-الثاني/الباب-السادس/ف04-أ-المدخل-والدرس-الأول.md	204	6	رمز المثال	[م٢-ب٦-ف٤-مث٩]	يُحفظ	معرّفٌ إنتاجيٌّ في المصدر؛ ويُطبع [ب٦-ف٤-مث٩] (يُحوَّل عند الإخراج)
book/الجزء-الثاني/الباب-السادس/ف04-أ-المدخل-والدرس-الأول.md	208	6	رمز المثال	[م٢-ب٦-ف٤-مث١٠]	يُحفظ	معرّفٌ إنتاجيٌّ في المصدر؛ ويُطبع [ب٦-ف٤-مث١٠] (يُحوَّل عند الإخراج)
book/الجزء-الثاني/الباب-السادس/ف04-أ-المدخل-والدرس-الأول.md	212	6	رمز المثال	[م٢-ب٦-ف٤-مث١١]	يُحفظ	معرّفٌ إنتاجيٌّ في المصدر؛ ويُطبع [ب٦-ف٤-مث١١] (يُحوَّل عند الإخراج)
book/الجزء-الثاني/الباب-السادس/ف04-أ-المدخل-والدرس-الأول.md	216	6	رمز المثال	[م٢-ب٦-ف٤-مث١٢]	يُحفظ	معرّفٌ إنتاجيٌّ في المصدر؛ ويُطبع [ب٦-ف٤-مث١٢] (يُحوَّل عند الإخراج)
book/الجزء-الثاني/الباب-السادس/ف04-أ-المدخل-والدرس-الأول.md	220	6	رمز المثال	[م٢-ب٦-ف٤-مث١٣]	يُحفظ	معرّفٌ إنتاجيٌّ في المصدر؛ ويُطبع [ب٦-ف٤-مث١٣] (يُحوَّل عند الإخراج)
book/الجزء-الثاني/الباب-السادس/ف04-أ-المدخل-والدرس-الأول.md	224	6	رمز المثال	[م٢-ب٦-ف٤-مث١٤]	يُحفظ	معرّفٌ إنتاجيٌّ في المصدر؛ ويُطبع [ب٦-ف٤-مث١٤] (يُحوَّل عند الإخراج)
book/الجزء-الثاني/الباب-السادس/ف04-أ-المدخل-والدرس-الأول.md	228	6	رمز المثال	[م٢-ب٦-ف٤-مث١٥]	يُحفظ	معرّفٌ إنتاجيٌّ في المصدر؛ ويُطبع [ب٦-ف٤-مث١٥] (يُحوَّل عند الإخراج)
book/الجزء-الثاني/الباب-السادس/ف04-أ-المدخل-والدرس-الأول.md	232	6	رمز المثال	[م٢-ب٦-ف٤-مث١٦]	يُحفظ	معرّفٌ إنتاجيٌّ في المصدر؛ ويُطبع [ب٦-ف٤-مث١٦] (يُحوَّل عند الإخراج)
book/الجزء-الثاني/الباب-السادس/ف04-أ-المدخل-والدرس-الأول.md	236	6	رمز المثال	[م٢-ب٦-ف٤-مث١٧]	يُحفظ	معرّفٌ إنتاجيٌّ في المصدر؛ ويُطبع [ب٦-ف٤-مث١٧] (يُحوَّل عند الإخراج)
book/الجزء-الثاني/الباب-السادس/ف04-أ-المدخل-والدرس-الأول.md	240	6	رمز المثال	[م٢-ب٦-ف٤-مث١٨]	يُحفظ	معرّفٌ إنتاجيٌّ في المصدر؛ ويُطبع [ب٦-ف٤-مث١٨] (يُحوَّل عند الإخراج)
book/الجزء-الثاني/الباب-السادس/ف04-ب-الدرس-الثاني.md	99	6	رمز المثال	[م٢-ب٦-ف٤-مث١٩]	يُحفظ	معرّفٌ إنتاجيٌّ في المصدر؛ ويُطبع [ب٦-ف٤-مث١٩] (يُحوَّل عند الإخراج)
book/الجزء-الثاني/الباب-السادس/ف04-ب-الدرس-الثاني.md	103	6	رمز المثال	[م٢-ب٦-ف٤-مث٢٠]	يُحفظ	معرّفٌ إنتاجيٌّ في المصدر؛ ويُطبع [ب٦-ف٤-مث٢٠] (يُحوَّل عند الإخراج)
book/الجزء-الثاني/الباب-السادس/ف04-ب-الدرس-الثاني.md	107	6	رمز المثال	[م٢-ب٦-ف٤-مث٢١]	يُحفظ	معرّفٌ إنتاجيٌّ في المصدر؛ ويُطبع [ب٦-ف٤-مث٢١] (يُحوَّل عند الإخراج)
book/الجزء-الثاني/الباب-السادس/ف04-ب-الدرس-الثاني.md	111	6	رمز المثال	[م٢-ب٦-ف٤-مث٢٢]	يُحفظ	معرّفٌ إنتاجيٌّ في المصدر؛ ويُطبع [ب٦-ف٤-مث٢٢] (يُحوَّل عند الإخراج)
book/الجزء-الثاني/الباب-السادس/ف04-ب-الدرس-الثاني.md	115	6	رمز المثال	[م٢-ب٦-ف٤-مث٢٣]	يُحفظ	معرّفٌ إنتاجيٌّ في المصدر؛ ويُطبع [ب٦-ف٤-مث٢٣] (يُحوَّل عند الإخراج)
book/الجزء-الثاني/الباب-السادس/ف04-ب-الدرس-الثاني.md	119	6	رمز المثال	[م٢-ب٦-ف٤-مث٢٤]	يُحفظ	معرّفٌ إنتاجيٌّ في المصدر؛ ويُطبع [ب٦-ف٤-مث٢٤] (يُحوَّل عند الإخراج)
book/الجزء-الثاني/الباب-السادس/ف04-ب-الدرس-الثاني.md	123	6	رمز المثال	[م٢-ب٦-ف٤-مث٢٥]	يُحفظ	معرّفٌ إنتاجيٌّ في المصدر؛ ويُطبع [ب٦-ف٤-مث٢٥] (يُحوَّل عند الإخراج)
book/الجزء-الثاني/الباب-السادس/ف04-ب-الدرس-الثاني.md	127	6	رمز المثال	[م٢-ب٦-ف٤-مث٢٦]	يُحفظ	معرّفٌ إنتاجيٌّ في المصدر؛ ويُطبع [ب٦-ف٤-مث٢٦] (يُحوَّل عند الإخراج)
book/الجزء-الثاني/الباب-السادس/ف04-ب-الدرس-الثاني.md	131	6	رمز المثال	[م٢-ب٦-ف٤-مث٢٧]	يُحفظ	معرّفٌ إنتاجيٌّ في المصدر؛ ويُطبع [ب٦-ف٤-مث٢٧] (يُحوَّل عند الإخراج)
book/الجزء-الثاني/الباب-السادس/ف04-ب-الدرس-الثاني.md	135	6	رمز المثال	[م٢-ب٦-ف٤-مث٢٨]	يُحفظ	معرّفٌ إنتاجيٌّ في المصدر؛ ويُطبع [ب٦-ف٤-مث٢٨] (يُحوَّل عند الإخراج)
book/الجزء-الثاني/الباب-السادس/ف04-ب-الدرس-الثاني.md	139	6	رمز المثال	[م٢-ب٦-ف٤-مث٢٩]	يُحفظ	معرّفٌ إنتاجيٌّ في المصدر؛ ويُطبع [ب٦-ف٤-مث٢٩] (يُحوَّل عند الإخراج)
book/الجزء-الثاني/الباب-السادس/ف04-ب-الدرس-الثاني.md	143	6	رمز المثال	[م٢-ب٦-ف٤-مث٣٠]	يُحفظ	معرّفٌ إنتاجيٌّ في المصدر؛ ويُطبع [ب٦-ف٤-مث٣٠] (يُحوَّل عند الإخراج)
book/الجزء-الثاني/الباب-السادس/ف04-ب-الدرس-الثاني.md	147	6	رمز المثال	[م٢-ب٦-ف٤-مث٣١]	يُحفظ	معرّفٌ إنتاجيٌّ في المصدر؛ ويُطبع [ب٦-ف٤-مث٣١] (يُحوَّل عند الإخراج)
book/الجزء-الثاني/الباب-السادس/ف04-ب-الدرس-الثاني.md	151	6	رمز المثال	[م٢-ب٦-ف٤-مث٣٢]	يُحفظ	معرّفٌ إنتاجيٌّ في المصدر؛ ويُطبع [ب٦-ف٤-مث٣٢] (يُحوَّل عند الإخراج)
book/الجزء-الثاني/الباب-السادس/ف05-أ-المدخل-والدرس-الأول.md	5	6	المستوى ن	المستوى ٥	يُصحّح	المستوى 6
book/الجزء-الثاني/الباب-السادس/ف05-أ-المدخل-والدرس-الأول.md	162	6	رمز المثال	[م٢-ب٦-ف٥-مث١]	يُحفظ	معرّفٌ إنتاجيٌّ في المصدر؛ ويُطبع [ب٦-ف٥-مث١] (يُحوَّل عند الإخراج)
book/الجزء-الثاني/الباب-السادس/ف05-أ-المدخل-والدرس-الأول.md	166	6	رمز المثال	[م٢-ب٦-ف٥-مث٢]	يُحفظ	معرّفٌ إنتاجيٌّ في المصدر؛ ويُطبع [ب٦-ف٥-مث٢] (يُحوَّل عند الإخراج)
book/الجزء-الثاني/الباب-السادس/ف05-أ-المدخل-والدرس-الأول.md	170	6	رمز المثال	[م٢-ب٦-ف٥-مث٣]	يُحفظ	معرّفٌ إنتاجيٌّ في المصدر؛ ويُطبع [ب٦-ف٥-مث٣] (يُحوَّل عند الإخراج)
book/الجزء-الثاني/الباب-السادس/ف05-أ-المدخل-والدرس-الأول.md	174	6	رمز المثال	[م٢-ب٦-ف٥-مث٤]	يُحفظ	معرّفٌ إنتاجيٌّ في المصدر؛ ويُطبع [ب٦-ف٥-مث٤] (يُحوَّل عند الإخراج)
book/الجزء-الثاني/الباب-السادس/ف05-أ-المدخل-والدرس-الأول.md	178	6	رمز المثال	[م٢-ب٦-ف٥-مث٥]	يُحفظ	معرّفٌ إنتاجيٌّ في المصدر؛ ويُطبع [ب٦-ف٥-مث٥] (يُحوَّل عند الإخراج)
book/الجزء-الثاني/الباب-السادس/ف05-أ-المدخل-والدرس-الأول.md	182	6	رمز المثال	[م٢-ب٦-ف٥-مث٦]	يُحفظ	معرّفٌ إنتاجيٌّ في المصدر؛ ويُطبع [ب٦-ف٥-مث٦] (يُحوَّل عند الإخراج)
book/الجزء-الثاني/الباب-السادس/ف05-أ-المدخل-والدرس-الأول.md	186	6	رمز المثال	[م٢-ب٦-ف٥-مث٧]	يُحفظ	معرّفٌ إنتاجيٌّ في المصدر؛ ويُطبع [ب٦-ف٥-مث٧] (يُحوَّل عند الإخراج)
book/الجزء-الثاني/الباب-السادس/ف05-أ-المدخل-والدرس-الأول.md	190	6	رمز المثال	[م٢-ب٦-ف٥-مث٨]	يُحفظ	معرّفٌ إنتاجيٌّ في المصدر؛ ويُطبع [ب٦-ف٥-مث٨] (يُحوَّل عند الإخراج)
book/الجزء-الثاني/الباب-السادس/ف05-أ-المدخل-والدرس-الأول.md	194	6	رمز المثال	[م٢-ب٦-ف٥-مث٩]	يُحفظ	معرّفٌ إنتاجيٌّ في المصدر؛ ويُطبع [ب٦-ف٥-مث٩] (يُحوَّل عند الإخراج)
book/الجزء-الثاني/الباب-السادس/ف05-أ-المدخل-والدرس-الأول.md	198	6	رمز المثال	[م٢-ب٦-ف٥-مث١٠]	يُحفظ	معرّفٌ إنتاجيٌّ في المصدر؛ ويُطبع [ب٦-ف٥-مث١٠] (يُحوَّل عند الإخراج)
book/الجزء-الثاني/الباب-السادس/ف05-أ-المدخل-والدرس-الأول.md	202	6	رمز المثال	[م٢-ب٦-ف٥-مث١١]	يُحفظ	معرّفٌ إنتاجيٌّ في المصدر؛ ويُطبع [ب٦-ف٥-مث١١] (يُحوَّل عند الإخراج)
book/الجزء-الثاني/الباب-السادس/ف05-أ-المدخل-والدرس-الأول.md	206	6	رمز المثال	[م٢-ب٦-ف٥-مث١٢]	يُحفظ	معرّفٌ إنتاجيٌّ في المصدر؛ ويُطبع [ب٦-ف٥-مث١٢] (يُحوَّل عند الإخراج)
book/الجزء-الثاني/الباب-السادس/ف05-ب-الدرس-الثاني.md	54	6	رمز المثال	[م٢-ب٦-ف٥-مث١٣]	يُحفظ	معرّفٌ إنتاجيٌّ في المصدر؛ ويُطبع [ب٦-ف٥-مث١٣] (يُحوَّل عند الإخراج)
book/الجزء-الثاني/الباب-السادس/ف05-ب-الدرس-الثاني.md	58	6	رمز المثال	[م٢-ب٦-ف٥-مث١٤]	يُحفظ	معرّفٌ إنتاجيٌّ في المصدر؛ ويُطبع [ب٦-ف٥-مث١٤] (يُحوَّل عند الإخراج)
book/الجزء-الثاني/الباب-السادس/ف05-ب-الدرس-الثاني.md	64	6	رمز المثال	[م٢-ب٦-ف٥-مث١٥]	يُحفظ	معرّفٌ إنتاجيٌّ في المصدر؛ ويُطبع [ب٦-ف٥-مث١٥] (يُحوَّل عند الإخراج)
book/الجزء-الثاني/الباب-السادس/ف05-ب-الدرس-الثاني.md	68	6	رمز المثال	[م٢-ب٦-ف٥-مث١٦]	يُحفظ	معرّفٌ إنتاجيٌّ في المصدر؛ ويُطبع [ب٦-ف٥-مث١٦] (يُحوَّل عند الإخراج)
book/الجزء-الثاني/الباب-السادس/ف05-ب-الدرس-الثاني.md	72	6	رمز المثال	[م٢-ب٦-ف٥-مث١٧]	يُحفظ	معرّفٌ إنتاجيٌّ في المصدر؛ ويُطبع [ب٦-ف٥-مث١٧] (يُحوَّل عند الإخراج)
book/الجزء-الثاني/الباب-السادس/ف05-ب-الدرس-الثاني.md	76	6	رمز المثال	[م٢-ب٦-ف٥-مث١٨]	يُحفظ	معرّفٌ إنتاجيٌّ في المصدر؛ ويُطبع [ب٦-ف٥-مث١٨] (يُحوَّل عند الإخراج)
book/الجزء-الثاني/الباب-السادس/ف05-ب-الدرس-الثاني.md	111	6	إحالة	انظر الباب الأول، الفصل الأول	يُصحّح	يُزاد المجلد: «في المجلد 1، …»
book/الجزء-الثاني/الباب-السادس/ف06-أ-المدخل-والدرس-الأول.md	5	6	المستوى ن	المستوى ٥	يُصحّح	المستوى 6
book/الجزء-الثاني/الباب-السادس/ف06-أ-المدخل-والدرس-الأول.md	191	6	رمز المثال	[م٢-ب٦-ف٦-مث١]	يُحفظ	معرّفٌ إنتاجيٌّ في المصدر؛ ويُطبع [ب٦-ف٦-مث١] (يُحوَّل عند الإخراج)
book/الجزء-الثاني/الباب-السادس/ف06-أ-المدخل-والدرس-الأول.md	195	6	رمز المثال	[م٢-ب٦-ف٦-مث٢]	يُحفظ	معرّفٌ إنتاجيٌّ في المصدر؛ ويُطبع [ب٦-ف٦-مث٢] (يُحوَّل عند الإخراج)
book/الجزء-الثاني/الباب-السادس/ف06-أ-المدخل-والدرس-الأول.md	199	6	رمز المثال	[م٢-ب٦-ف٦-مث٣]	يُحفظ	معرّفٌ إنتاجيٌّ في المصدر؛ ويُطبع [ب٦-ف٦-مث٣] (يُحوَّل عند الإخراج)
book/الجزء-الثاني/الباب-السادس/ف06-أ-المدخل-والدرس-الأول.md	209	6	رمز المثال	[م٢-ب٦-ف٦-مث٤]	يُحفظ	معرّفٌ إنتاجيٌّ في المصدر؛ ويُطبع [ب٦-ف٦-مث٤] (يُحوَّل عند الإخراج)
book/الجزء-الثاني/الباب-السادس/ف06-أ-المدخل-والدرس-الأول.md	213	6	رمز المثال	[م٢-ب٦-ف٦-مث٥]	يُحفظ	معرّفٌ إنتاجيٌّ في المصدر؛ ويُطبع [ب٦-ف٦-مث٥] (يُحوَّل عند الإخراج)
book/الجزء-الثاني/الباب-السادس/ف06-أ-المدخل-والدرس-الأول.md	217	6	رمز المثال	[م٢-ب٦-ف٦-مث٦]	يُحفظ	معرّفٌ إنتاجيٌّ في المصدر؛ ويُطبع [ب٦-ف٦-مث٦] (يُحوَّل عند الإخراج)
book/الجزء-الثاني/الباب-السادس/ف06-أ-المدخل-والدرس-الأول.md	225	6	رمز المثال	[م٢-ب٦-ف٦-مث٧]	يُحفظ	معرّفٌ إنتاجيٌّ في المصدر؛ ويُطبع [ب٦-ف٦-مث٧] (يُحوَّل عند الإخراج)
book/الجزء-الثاني/الباب-السادس/ف06-أ-المدخل-والدرس-الأول.md	229	6	رمز المثال	[م٢-ب٦-ف٦-مث٨]	يُحفظ	معرّفٌ إنتاجيٌّ في المصدر؛ ويُطبع [ب٦-ف٦-مث٨] (يُحوَّل عند الإخراج)
book/الجزء-الثاني/الباب-السادس/ف06-أ-المدخل-والدرس-الأول.md	237	6	رمز المثال	[م٢-ب٦-ف٦-مث٩]	يُحفظ	معرّفٌ إنتاجيٌّ في المصدر؛ ويُطبع [ب٦-ف٦-مث٩] (يُحوَّل عند الإخراج)
book/الجزء-الثاني/الباب-السادس/ف06-أ-المدخل-والدرس-الأول.md	241	6	رمز المثال	[م٢-ب٦-ف٦-مث١٠]	يُحفظ	معرّفٌ إنتاجيٌّ في المصدر؛ ويُطبع [ب٦-ف٦-مث١٠] (يُحوَّل عند الإخراج)
book/الجزء-الثاني/الباب-السادس/ف06-أ-المدخل-والدرس-الأول.md	245	6	رمز المثال	[م٢-ب٦-ف٦-مث١١]	يُحفظ	معرّفٌ إنتاجيٌّ في المصدر؛ ويُطبع [ب٦-ف٦-مث١١] (يُحوَّل عند الإخراج)
book/الجزء-الثاني/الباب-السادس/ف06-أ-المدخل-والدرس-الأول.md	255	6	رمز المثال	[م٢-ب٦-ف٦-مث١٢]	يُحفظ	معرّفٌ إنتاجيٌّ في المصدر؛ ويُطبع [ب٦-ف٦-مث١٢] (يُحوَّل عند الإخراج)
book/الجزء-الثاني/الباب-السادس/ف06-أ-المدخل-والدرس-الأول.md	259	6	رمز المثال	[م٢-ب٦-ف٦-مث١٣]	يُحفظ	معرّفٌ إنتاجيٌّ في المصدر؛ ويُطبع [ب٦-ف٦-مث١٣] (يُحوَّل عند الإخراج)
book/الجزء-الثاني/الباب-السادس/ف06-أ-المدخل-والدرس-الأول.md	267	6	رمز المثال	[م٢-ب٦-ف٦-مث١٤]	يُحفظ	معرّفٌ إنتاجيٌّ في المصدر؛ ويُطبع [ب٦-ف٦-مث١٤] (يُحوَّل عند الإخراج)
book/الجزء-الثاني/الباب-السادس/ف06-أ-المدخل-والدرس-الأول.md	271	6	رمز المثال	[م٢-ب٦-ف٦-مث١٥]	يُحفظ	معرّفٌ إنتاجيٌّ في المصدر؛ ويُطبع [ب٦-ف٦-مث١٥] (يُحوَّل عند الإخراج)
book/الجزء-الثاني/الباب-السادس/ف06-أ-المدخل-والدرس-الأول.md	294	6	رمز المثال	[م٢-ب٦-ف٦-مث١٦]	يُحفظ	معرّفٌ إنتاجيٌّ في المصدر؛ ويُطبع [ب٦-ف٦-مث١٦] (يُحوَّل عند الإخراج)
book/الجزء-الثاني/الباب-السادس/ف06-أ-المدخل-والدرس-الأول.md	298	6	رمز المثال	[م٢-ب٦-ف٦-مث١٧]	يُحفظ	معرّفٌ إنتاجيٌّ في المصدر؛ ويُطبع [ب٦-ف٦-مث١٧] (يُحوَّل عند الإخراج)
book/الجزء-الثاني/الباب-السادس/ف06-أ-المدخل-والدرس-الأول.md	302	6	رمز المثال	[م٢-ب٦-ف٦-مث١٨]	يُحفظ	معرّفٌ إنتاجيٌّ في المصدر؛ ويُطبع [ب٦-ف٦-مث١٨] (يُحوَّل عند الإخراج)
book/الجزء-الثاني/الباب-السادس/ف06-أ-المدخل-والدرس-الأول.md	306	6	رمز المثال	[م٢-ب٦-ف٦-مث١٩]	يُحفظ	معرّفٌ إنتاجيٌّ في المصدر؛ ويُطبع [ب٦-ف٦-مث١٩] (يُحوَّل عند الإخراج)
book/الجزء-الثاني/الباب-السادس/ف06-أ-المدخل-والدرس-الأول.md	312	6	رمز المثال	[م٢-ب٦-ف٦-مث٢٠]	يُحفظ	معرّفٌ إنتاجيٌّ في المصدر؛ ويُطبع [ب٦-ف٦-مث٢٠] (يُحوَّل عند الإخراج)
book/الجزء-الثاني/الباب-السادس/ف06-أ-المدخل-والدرس-الأول.md	316	6	رمز المثال	[م٢-ب٦-ف٦-مث٢١]	يُحفظ	معرّفٌ إنتاجيٌّ في المصدر؛ ويُطبع [ب٦-ف٦-مث٢١] (يُحوَّل عند الإخراج)
book/الجزء-الثاني/الباب-السادس/ف06-أ-المدخل-والدرس-الأول.md	320	6	رمز المثال	[م٢-ب٦-ف٦-مث٢٢]	يُحفظ	معرّفٌ إنتاجيٌّ في المصدر؛ ويُطبع [ب٦-ف٦-مث٢٢] (يُحوَّل عند الإخراج)
book/الجزء-الثاني/الباب-السادس/ف06-أ-المدخل-والدرس-الأول.md	347	6	رمز المثال	[م٢-ب٦-ف٦-مث٢٣]	يُحفظ	معرّفٌ إنتاجيٌّ في المصدر؛ ويُطبع [ب٦-ف٦-مث٢٣] (يُحوَّل عند الإخراج)
book/الجزء-الثاني/الباب-السادس/ف06-أ-المدخل-والدرس-الأول.md	351	6	رمز المثال	[م٢-ب٦-ف٦-مث٢٤]	يُحفظ	معرّفٌ إنتاجيٌّ في المصدر؛ ويُطبع [ب٦-ف٦-مث٢٤] (يُحوَّل عند الإخراج)
book/الجزء-الثاني/الباب-السادس/ف06-أ-المدخل-والدرس-الأول.md	355	6	رمز المثال	[م٢-ب٦-ف٦-مث٢٥]	يُحفظ	معرّفٌ إنتاجيٌّ في المصدر؛ ويُطبع [ب٦-ف٦-مث٢٥] (يُحوَّل عند الإخراج)
book/الجزء-الثاني/الباب-السادس/ف06-أ-المدخل-والدرس-الأول.md	377	6	رمز المثال	[م٢-ب٦-ف٦-مث٢٦]	يُحفظ	معرّفٌ إنتاجيٌّ في المصدر؛ ويُطبع [ب٦-ف٦-مث٢٦] (يُحوَّل عند الإخراج)
book/الجزء-الثاني/الباب-السادس/ف06-أ-المدخل-والدرس-الأول.md	381	6	رمز المثال	[م٢-ب٦-ف٦-مث٢٧]	يُحفظ	معرّفٌ إنتاجيٌّ في المصدر؛ ويُطبع [ب٦-ف٦-مث٢٧] (يُحوَّل عند الإخراج)
book/الجزء-الثاني/الباب-السادس/ف06-أ-المدخل-والدرس-الأول.md	385	6	رمز المثال	[م٢-ب٦-ف٦-مث٢٨]	يُحفظ	معرّفٌ إنتاجيٌّ في المصدر؛ ويُطبع [ب٦-ف٦-مث٢٨] (يُحوَّل عند الإخراج)
book/الجزء-الثاني/الباب-السادس/ف06-ب-الدرس-الثاني.md	120	6	رمز المثال	[م٢-ب٦-ف٦-مث٢٩]	يُحفظ	معرّفٌ إنتاجيٌّ في المصدر؛ ويُطبع [ب٦-ف٦-مث٢٩] (يُحوَّل عند الإخراج)
book/الجزء-الثاني/الباب-السادس/ف06-ب-الدرس-الثاني.md	124	6	رمز المثال	[م٢-ب٦-ف٦-مث٣٠]	يُحفظ	معرّفٌ إنتاجيٌّ في المصدر؛ ويُطبع [ب٦-ف٦-مث٣٠] (يُحوَّل عند الإخراج)
book/الجزء-الثاني/الباب-السادس/ف06-ب-الدرس-الثاني.md	128	6	رمز المثال	[م٢-ب٦-ف٦-مث٣١]	يُحفظ	معرّفٌ إنتاجيٌّ في المصدر؛ ويُطبع [ب٦-ف٦-مث٣١] (يُحوَّل عند الإخراج)
book/الجزء-الثاني/الباب-السادس/ف06-ب-الدرس-الثاني.md	136	6	رمز المثال	[م٢-ب٦-ف٦-مث٣٢]	يُحفظ	معرّفٌ إنتاجيٌّ في المصدر؛ ويُطبع [ب٦-ف٦-مث٣٢] (يُحوَّل عند الإخراج)
book/الجزء-الثاني/الباب-السادس/ف06-ب-الدرس-الثاني.md	140	6	رمز المثال	[م٢-ب٦-ف٦-مث٣٣]	يُحفظ	معرّفٌ إنتاجيٌّ في المصدر؛ ويُطبع [ب٦-ف٦-مث٣٣] (يُحوَّل عند الإخراج)
book/الجزء-الثاني/الباب-السادس/ف06-ب-الدرس-الثاني.md	144	6	رمز المثال	[م٢-ب٦-ف٦-مث٣٤]	يُحفظ	معرّفٌ إنتاجيٌّ في المصدر؛ ويُطبع [ب٦-ف٦-مث٣٤] (يُحوَّل عند الإخراج)
book/الجزء-الثاني/الباب-السادس/ف06-ب-الدرس-الثاني.md	147	6	رمز المثال	[م٢-ب٦-ف٦-مث٣٥]	يُحفظ	معرّفٌ إنتاجيٌّ في المصدر؛ ويُطبع [ب٦-ف٦-مث٣٥] (يُحوَّل عند الإخراج)
book/الجزء-الثاني/الباب-السادس/ف06-ب-الدرس-الثاني.md	156	6	رمز المثال	[م٢-ب٦-ف٦-مث٣٦]	يُحفظ	معرّفٌ إنتاجيٌّ في المصدر؛ ويُطبع [ب٦-ف٦-مث٣٦] (يُحوَّل عند الإخراج)
book/الجزء-الثاني/الباب-السادس/ف06-ب-الدرس-الثاني.md	160	6	رمز المثال	[م٢-ب٦-ف٦-مث٣٧]	يُحفظ	معرّفٌ إنتاجيٌّ في المصدر؛ ويُطبع [ب٦-ف٦-مث٣٧] (يُحوَّل عند الإخراج)
book/الجزء-الثاني/الباب-السادس/ف06-ب-الدرس-الثاني.md	164	6	رمز المثال	[م٢-ب٦-ف٦-مث٣٨]	يُحفظ	معرّفٌ إنتاجيٌّ في المصدر؛ ويُطبع [ب٦-ف٦-مث٣٨] (يُحوَّل عند الإخراج)
book/الجزء-الثاني/الباب-السادس/ف06-ب-الدرس-الثاني.md	174	6	رمز المثال	[م٢-ب٦-ف٦-مث٣٩]	يُحفظ	معرّفٌ إنتاجيٌّ في المصدر؛ ويُطبع [ب٦-ف٦-مث٣٩] (يُحوَّل عند الإخراج)
book/الجزء-الثاني/الباب-السادس/ف06-ب-الدرس-الثاني.md	178	6	رمز المثال	[م٢-ب٦-ف٦-مث٤٠]	يُحفظ	معرّفٌ إنتاجيٌّ في المصدر؛ ويُطبع [ب٦-ف٦-مث٤٠] (يُحوَّل عند الإخراج)
book/الجزء-الثاني/الباب-السادس/ف06-ب-الدرس-الثاني.md	182	6	رمز المثال	[م٢-ب٦-ف٦-مث٤١]	يُحفظ	معرّفٌ إنتاجيٌّ في المصدر؛ ويُطبع [ب٦-ف٦-مث٤١] (يُحوَّل عند الإخراج)
book/الجزء-الثاني/الباب-السادس/ف06-ب-الدرس-الثاني.md	296	6	إحالة	في الباب الأول	يُصحّح	يُزاد المجلد: «في المجلد 1، …»
book/الجزء-الثاني/الباب-السادس/ف06-ب-الدرس-الثاني.md	313	6	رمز المثال	[م٢-ب٦-ف٦-مث٤٢]	يُحفظ	معرّفٌ إنتاجيٌّ في المصدر؛ ويُطبع [ب٦-ف٦-مث٤٢] (يُحوَّل عند الإخراج)
book/الجزء-الثاني/الباب-السادس/ف06-ب-الدرس-الثاني.md	317	6	رمز المثال	[م٢-ب٦-ف٦-مث٤٣]	يُحفظ	معرّفٌ إنتاجيٌّ في المصدر؛ ويُطبع [ب٦-ف٦-مث٤٣] (يُحوَّل عند الإخراج)
book/الجزء-الثاني/الباب-السادس/ف06-ب-الدرس-الثاني.md	327	6	رمز المثال	[م٢-ب٦-ف٦-مث٤٤]	يُحفظ	معرّفٌ إنتاجيٌّ في المصدر؛ ويُطبع [ب٦-ف٦-مث٤٤] (يُحوَّل عند الإخراج)
book/الجزء-الثاني/الباب-السادس/ف06-ب-الدرس-الثاني.md	331	6	رمز المثال	[م٢-ب٦-ف٦-مث٤٥]	يُحفظ	معرّفٌ إنتاجيٌّ في المصدر؛ ويُطبع [ب٦-ف٦-مث٤٥] (يُحوَّل عند الإخراج)
book/الجزء-الثاني/الباب-السادس/ف06-ب-الدرس-الثاني.md	335	6	رمز المثال	[م٢-ب٦-ف٦-مث٤٦]	يُحفظ	معرّفٌ إنتاجيٌّ في المصدر؛ ويُطبع [ب٦-ف٦-مث٤٦] (يُحوَّل عند الإخراج)
book/الجزء-الثاني/الباب-السادس/ف07-أ-المدخل-والدرس-الأول.md	5	6	المستوى ن	المستوى ٥	يُصحّح	المستوى 6
book/الجزء-الثاني/الباب-السادس/ف07-أ-المدخل-والدرس-الأول.md	171	6	رمز المثال	[م٢-ب٦-ف٧-مث١]	يُحفظ	معرّفٌ إنتاجيٌّ في المصدر؛ ويُطبع [ب٦-ف٧-مث١] (يُحوَّل عند الإخراج)
book/الجزء-الثاني/الباب-السادس/ف07-أ-المدخل-والدرس-الأول.md	175	6	رمز المثال	[م٢-ب٦-ف٧-مث٢]	يُحفظ	معرّفٌ إنتاجيٌّ في المصدر؛ ويُطبع [ب٦-ف٧-مث٢] (يُحوَّل عند الإخراج)
book/الجزء-الثاني/الباب-السادس/ف07-أ-المدخل-والدرس-الأول.md	179	6	رمز المثال	[م٢-ب٦-ف٧-مث٣]	يُحفظ	معرّفٌ إنتاجيٌّ في المصدر؛ ويُطبع [ب٦-ف٧-مث٣] (يُحوَّل عند الإخراج)
book/الجزء-الثاني/الباب-السادس/ف07-أ-المدخل-والدرس-الأول.md	183	6	رمز المثال	[م٢-ب٦-ف٧-مث٤]	يُحفظ	معرّفٌ إنتاجيٌّ في المصدر؛ ويُطبع [ب٦-ف٧-مث٤] (يُحوَّل عند الإخراج)
book/الجزء-الثاني/الباب-السادس/ف07-أ-المدخل-والدرس-الأول.md	187	6	رمز المثال	[م٢-ب٦-ف٧-مث٥]	يُحفظ	معرّفٌ إنتاجيٌّ في المصدر؛ ويُطبع [ب٦-ف٧-مث٥] (يُحوَّل عند الإخراج)
book/الجزء-الثاني/الباب-السادس/ف07-أ-المدخل-والدرس-الأول.md	191	6	رمز المثال	[م٢-ب٦-ف٧-مث٦]	يُحفظ	معرّفٌ إنتاجيٌّ في المصدر؛ ويُطبع [ب٦-ف٧-مث٦] (يُحوَّل عند الإخراج)
book/الجزء-الثاني/الباب-السادس/ف07-أ-المدخل-والدرس-الأول.md	208	6	رمز المثال	[م٢-ب٦-ف٧-مث٧]	يُحفظ	معرّفٌ إنتاجيٌّ في المصدر؛ ويُطبع [ب٦-ف٧-مث٧] (يُحوَّل عند الإخراج)
book/الجزء-الثاني/الباب-السادس/ف07-أ-المدخل-والدرس-الأول.md	211	6	رمز المثال	[م٢-ب٦-ف٧-مث٨]	يُحفظ	معرّفٌ إنتاجيٌّ في المصدر؛ ويُطبع [ب٦-ف٧-مث٨] (يُحوَّل عند الإخراج)
book/الجزء-الثاني/الباب-السادس/ف07-أ-المدخل-والدرس-الأول.md	215	6	رمز المثال	[م٢-ب٦-ف٧-مث٩]	يُحفظ	معرّفٌ إنتاجيٌّ في المصدر؛ ويُطبع [ب٦-ف٧-مث٩] (يُحوَّل عند الإخراج)
book/الجزء-الثاني/الباب-السادس/ف07-أ-المدخل-والدرس-الأول.md	219	6	رمز المثال	[م٢-ب٦-ف٧-مث١٠]	يُحفظ	معرّفٌ إنتاجيٌّ في المصدر؛ ويُطبع [ب٦-ف٧-مث١٠] (يُحوَّل عند الإخراج)
book/الجزء-الثاني/الباب-السادس/ف07-أ-المدخل-والدرس-الأول.md	230	6	رمز المثال	[م٢-ب٦-ف٧-مث١١]	يُحفظ	معرّفٌ إنتاجيٌّ في المصدر؛ ويُطبع [ب٦-ف٧-مث١١] (يُحوَّل عند الإخراج)
book/الجزء-الثاني/الباب-السادس/ف07-أ-المدخل-والدرس-الأول.md	234	6	رمز المثال	[م٢-ب٦-ف٧-مث١٢]	يُحفظ	معرّفٌ إنتاجيٌّ في المصدر؛ ويُطبع [ب٦-ف٧-مث١٢] (يُحوَّل عند الإخراج)
book/الجزء-الثاني/الباب-السادس/ف07-أ-المدخل-والدرس-الأول.md	238	6	رمز المثال	[م٢-ب٦-ف٧-مث١٣]	يُحفظ	معرّفٌ إنتاجيٌّ في المصدر؛ ويُطبع [ب٦-ف٧-مث١٣] (يُحوَّل عند الإخراج)
book/الجزء-الثاني/الباب-السادس/ف07-أ-المدخل-والدرس-الأول.md	242	6	رمز المثال	[م٢-ب٦-ف٧-مث١٤]	يُحفظ	معرّفٌ إنتاجيٌّ في المصدر؛ ويُطبع [ب٦-ف٧-مث١٤] (يُحوَّل عند الإخراج)
book/الجزء-الثاني/الباب-السادس/ف07-أ-المدخل-والدرس-الأول.md	246	6	رمز المثال	[م٢-ب٦-ف٧-مث١٥]	يُحفظ	معرّفٌ إنتاجيٌّ في المصدر؛ ويُطبع [ب٦-ف٧-مث١٥] (يُحوَّل عند الإخراج)
book/الجزء-الثاني/الباب-السادس/ف07-أ-المدخل-والدرس-الأول.md	250	6	رمز المثال	[م٢-ب٦-ف٧-مث١٦]	يُحفظ	معرّفٌ إنتاجيٌّ في المصدر؛ ويُطبع [ب٦-ف٧-مث١٦] (يُحوَّل عند الإخراج)
book/الجزء-الثاني/الباب-السادس/ف07-أ-المدخل-والدرس-الأول.md	254	6	رمز المثال	[م٢-ب٦-ف٧-مث١٧]	يُحفظ	معرّفٌ إنتاجيٌّ في المصدر؛ ويُطبع [ب٦-ف٧-مث١٧] (يُحوَّل عند الإخراج)
book/الجزء-الثاني/الباب-السادس/ف07-أ-المدخل-والدرس-الأول.md	258	6	رمز المثال	[م٢-ب٦-ف٧-مث١٨]	يُحفظ	معرّفٌ إنتاجيٌّ في المصدر؛ ويُطبع [ب٦-ف٧-مث١٨] (يُحوَّل عند الإخراج)
book/الجزء-الثاني/الباب-السادس/ف07-أ-المدخل-والدرس-الأول.md	262	6	رمز المثال	[م٢-ب٦-ف٧-مث١٩]	يُحفظ	معرّفٌ إنتاجيٌّ في المصدر؛ ويُطبع [ب٦-ف٧-مث١٩] (يُحوَّل عند الإخراج)
book/الجزء-الثاني/الباب-السادس/ف07-أ-المدخل-والدرس-الأول.md	264	6	رمز المثال	[م٢-ب٦-ف٧-مث٢٠]	يُحفظ	معرّفٌ إنتاجيٌّ في المصدر؛ ويُطبع [ب٦-ف٧-مث٢٠] (يُحوَّل عند الإخراج)
book/الجزء-الثاني/الباب-السادس/ف07-أ-المدخل-والدرس-الأول.md	270	6	إحالة	في الباب الثاني	يُصحّح	يُزاد المجلد: «في المجلد 2، …»
book/الجزء-الثاني/الباب-السادس/ف07-أ-المدخل-والدرس-الأول.md	288	6	رمز المثال	[م٢-ب٦-ف٧-مث٢١]	يُحفظ	معرّفٌ إنتاجيٌّ في المصدر؛ ويُطبع [ب٦-ف٧-مث٢١] (يُحوَّل عند الإخراج)
book/الجزء-الثاني/الباب-السادس/ف07-أ-المدخل-والدرس-الأول.md	292	6	رمز المثال	[م٢-ب٦-ف٧-مث٢٢]	يُحفظ	معرّفٌ إنتاجيٌّ في المصدر؛ ويُطبع [ب٦-ف٧-مث٢٢] (يُحوَّل عند الإخراج)
book/الجزء-الثاني/الباب-السادس/ف07-أ-المدخل-والدرس-الأول.md	296	6	رمز المثال	[م٢-ب٦-ف٧-مث٢٣]	يُحفظ	معرّفٌ إنتاجيٌّ في المصدر؛ ويُطبع [ب٦-ف٧-مث٢٣] (يُحوَّل عند الإخراج)
book/الجزء-الثاني/الباب-السادس/ف07-أ-المدخل-والدرس-الأول.md	300	6	رمز المثال	[م٢-ب٦-ف٧-مث٢٤]	يُحفظ	معرّفٌ إنتاجيٌّ في المصدر؛ ويُطبع [ب٦-ف٧-مث٢٤] (يُحوَّل عند الإخراج)
book/الجزء-الثاني/الباب-السادس/ف07-ب-الدرس-الثاني.md	75	6	رمز المثال	[م٢-ب٦-ف٧-مث٢٥]	يُحفظ	معرّفٌ إنتاجيٌّ في المصدر؛ ويُطبع [ب٦-ف٧-مث٢٥] (يُحوَّل عند الإخراج)
book/الجزء-الثاني/الباب-السادس/ف07-ب-الدرس-الثاني.md	78	6	رمز المثال	[م٢-ب٦-ف٧-مث٢٦]	يُحفظ	معرّفٌ إنتاجيٌّ في المصدر؛ ويُطبع [ب٦-ف٧-مث٢٦] (يُحوَّل عند الإخراج)
book/الجزء-الثاني/الباب-السادس/ف07-ب-الدرس-الثاني.md	82	6	رمز المثال	[م٢-ب٦-ف٧-مث٢٧]	يُحفظ	معرّفٌ إنتاجيٌّ في المصدر؛ ويُطبع [ب٦-ف٧-مث٢٧] (يُحوَّل عند الإخراج)
book/الجزء-الثاني/الباب-السادس/ف07-ب-الدرس-الثاني.md	98	6	رمز المثال	[م٢-ب٦-ف٧-مث٢٨]	يُحفظ	معرّفٌ إنتاجيٌّ في المصدر؛ ويُطبع [ب٦-ف٧-مث٢٨] (يُحوَّل عند الإخراج)
book/الجزء-الثاني/الباب-السادس/ف07-ب-الدرس-الثاني.md	102	6	رمز المثال	[م٢-ب٦-ف٧-مث٢٩]	يُحفظ	معرّفٌ إنتاجيٌّ في المصدر؛ ويُطبع [ب٦-ف٧-مث٢٩] (يُحوَّل عند الإخراج)
book/الجزء-الثاني/الباب-السادس/ف07-ب-الدرس-الثاني.md	128	6	رمز المثال	[م٢-ب٦-ف٧-مث٣٠]	يُحفظ	معرّفٌ إنتاجيٌّ في المصدر؛ ويُطبع [ب٦-ف٧-مث٣٠] (يُحوَّل عند الإخراج)
book/الجزء-الثاني/الباب-السادس/ف07-ب-الدرس-الثاني.md	131	6	رمز المثال	[م٢-ب٦-ف٧-مث٣١]	يُحفظ	معرّفٌ إنتاجيٌّ في المصدر؛ ويُطبع [ب٦-ف٧-مث٣١] (يُحوَّل عند الإخراج)
book/الجزء-الثاني/الباب-السادس/ف07-ب-الدرس-الثاني.md	135	6	رمز المثال	[م٢-ب٦-ف٧-مث٣٢]	يُحفظ	معرّفٌ إنتاجيٌّ في المصدر؛ ويُطبع [ب٦-ف٧-مث٣٢] (يُحوَّل عند الإخراج)
book/الجزء-الثاني/الباب-السادس/ف07-ب-الدرس-الثاني.md	139	6	رمز المثال	[م٢-ب٦-ف٧-مث٣٣]	يُحفظ	معرّفٌ إنتاجيٌّ في المصدر؛ ويُطبع [ب٦-ف٧-مث٣٣] (يُحوَّل عند الإخراج)
book/الجزء-الثاني/الباب-السادس/ف08-أ-المدخل-والدرس-الأول.md	5	6	المستوى ن	المستوى ٥	يُصحّح	المستوى 6
book/الجزء-الثاني/الباب-السادس/ف08-أ-المدخل-والدرس-الأول.md	141	6	رمز المثال	[م٢-ب٦-ف٨-مث١]	يُحفظ	معرّفٌ إنتاجيٌّ في المصدر؛ ويُطبع [ب٦-ف٨-مث١] (يُحوَّل عند الإخراج)
book/الجزء-الثاني/الباب-السادس/ف08-أ-المدخل-والدرس-الأول.md	145	6	رمز المثال	[م٢-ب٦-ف٨-مث٢]	يُحفظ	معرّفٌ إنتاجيٌّ في المصدر؛ ويُطبع [ب٦-ف٨-مث٢] (يُحوَّل عند الإخراج)
book/الجزء-الثاني/الباب-السادس/ف08-أ-المدخل-والدرس-الأول.md	149	6	رمز المثال	[م٢-ب٦-ف٨-مث٣]	يُحفظ	معرّفٌ إنتاجيٌّ في المصدر؛ ويُطبع [ب٦-ف٨-مث٣] (يُحوَّل عند الإخراج)
book/الجزء-الثاني/الباب-السادس/ف08-أ-المدخل-والدرس-الأول.md	163	6	رمز المثال	[م٢-ب٦-ف٨-مث٤]	يُحفظ	معرّفٌ إنتاجيٌّ في المصدر؛ ويُطبع [ب٦-ف٨-مث٤] (يُحوَّل عند الإخراج)
book/الجزء-الثاني/الباب-السادس/ف08-أ-المدخل-والدرس-الأول.md	167	6	رمز المثال	[م٢-ب٦-ف٨-مث٥]	يُحفظ	معرّفٌ إنتاجيٌّ في المصدر؛ ويُطبع [ب٦-ف٨-مث٥] (يُحوَّل عند الإخراج)
book/الجزء-الثاني/الباب-السادس/ف08-أ-المدخل-والدرس-الأول.md	171	6	رمز المثال	[م٢-ب٦-ف٨-مث٦]	يُحفظ	معرّفٌ إنتاجيٌّ في المصدر؛ ويُطبع [ب٦-ف٨-مث٦] (يُحوَّل عند الإخراج)
book/الجزء-الثاني/الباب-السادس/ف08-أ-المدخل-والدرس-الأول.md	175	6	رمز المثال	[م٢-ب٦-ف٨-مث٧]	يُحفظ	معرّفٌ إنتاجيٌّ في المصدر؛ ويُطبع [ب٦-ف٨-مث٧] (يُحوَّل عند الإخراج)
book/الجزء-الثاني/الباب-السادس/ف08-أ-المدخل-والدرس-الأول.md	179	6	رمز المثال	[م٢-ب٦-ف٨-مث٨]	يُحفظ	معرّفٌ إنتاجيٌّ في المصدر؛ ويُطبع [ب٦-ف٨-مث٨] (يُحوَّل عند الإخراج)
book/الجزء-الثاني/الباب-السادس/ف08-ب-الدرس-الثاني.md	31	6	رمز المثال	[م٢-ب٦-ف٨-مث٩]	يُحفظ	معرّفٌ إنتاجيٌّ في المصدر؛ ويُطبع [ب٦-ف٨-مث٩] (يُحوَّل عند الإخراج)
book/الجزء-الثاني/الباب-السادس/ف08-ب-الدرس-الثاني.md	35	6	رمز المثال	[م٢-ب٦-ف٨-مث١٠]	يُحفظ	معرّفٌ إنتاجيٌّ في المصدر؛ ويُطبع [ب٦-ف٨-مث١٠] (يُحوَّل عند الإخراج)
book/الجزء-الثاني/الباب-السادس/ف08-ب-الدرس-الثاني.md	39	6	رمز المثال	[م٢-ب٦-ف٨-مث١١]	يُحفظ	معرّفٌ إنتاجيٌّ في المصدر؛ ويُطبع [ب٦-ف٨-مث١١] (يُحوَّل عند الإخراج)
book/الجزء-الثاني/الباب-السادس/ف08-ب-الدرس-الثاني.md	63	6	رمز المثال	[م٢-ب٦-ف٨-مث١٢]	يُحفظ	معرّفٌ إنتاجيٌّ في المصدر؛ ويُطبع [ب٦-ف٨-مث١٢] (يُحوَّل عند الإخراج)
book/الجزء-الثاني/الباب-السادس/ف08-ب-الدرس-الثاني.md	67	6	رمز المثال	[م٢-ب٦-ف٨-مث١٣]	يُحفظ	معرّفٌ إنتاجيٌّ في المصدر؛ ويُطبع [ب٦-ف٨-مث١٣] (يُحوَّل عند الإخراج)
book/الجزء-الثاني/الباب-السادس/ف08-ب-الدرس-الثاني.md	84	6	رمز المثال	[م٢-ب٦-ف٨-مث١٤]	يُحفظ	معرّفٌ إنتاجيٌّ في المصدر؛ ويُطبع [ب٦-ف٨-مث١٤] (يُحوَّل عند الإخراج)
book/الجزء-الثاني/الباب-السادس/ف08-ب-الدرس-الثاني.md	88	6	رمز المثال	[م٢-ب٦-ف٨-مث١٥]	يُحفظ	معرّفٌ إنتاجيٌّ في المصدر؛ ويُطبع [ب٦-ف٨-مث١٥] (يُحوَّل عند الإخراج)
book/الجزء-الثاني/الباب-السادس/ف09-أ-المدخل-والدرس-الأول.md	5	6	المستوى ن	المستوى ٥	يُصحّح	المستوى 6
book/الجزء-الثاني/الباب-السادس/ف09-أ-المدخل-والدرس-الأول.md	24	6	الثمانية	الثمانية	يُصحّح	الأحد عشر
book/الجزء-الثاني/الباب-السادس/ف09-أ-المدخل-والدرس-الأول.md	134	6	رمز المثال	[م٢-ب٦-ف٩-مث١]	يُحفظ	معرّفٌ إنتاجيٌّ في المصدر؛ ويُطبع [ب٦-ف٩-مث١] (يُحوَّل عند الإخراج)
book/الجزء-الثاني/الباب-السادس/ف09-أ-المدخل-والدرس-الأول.md	138	6	رمز المثال	[م٢-ب٦-ف٩-مث٢]	يُحفظ	معرّفٌ إنتاجيٌّ في المصدر؛ ويُطبع [ب٦-ف٩-مث٢] (يُحوَّل عند الإخراج)
book/الجزء-الثاني/الباب-السادس/ف09-أ-المدخل-والدرس-الأول.md	142	6	رمز المثال	[م٢-ب٦-ف٩-مث٣]	يُحفظ	معرّفٌ إنتاجيٌّ في المصدر؛ ويُطبع [ب٦-ف٩-مث٣] (يُحوَّل عند الإخراج)
book/الجزء-الثاني/الباب-السادس/ف09-أ-المدخل-والدرس-الأول.md	146	6	رمز المثال	[م٢-ب٦-ف٩-مث٤]	يُحفظ	معرّفٌ إنتاجيٌّ في المصدر؛ ويُطبع [ب٦-ف٩-مث٤] (يُحوَّل عند الإخراج)
book/الجزء-الثاني/الباب-السادس/ف09-ب-الدرس-الثاني.md	29	6	رمز المثال	[م٢-ب٦-ف٩-مث٥]	يُحفظ	معرّفٌ إنتاجيٌّ في المصدر؛ ويُطبع [ب٦-ف٩-مث٥] (يُحوَّل عند الإخراج)
book/الجزء-الثاني/الباب-السادس/ف09-ب-الدرس-الثاني.md	33	6	رمز المثال	[م٢-ب٦-ف٩-مث٦]	يُحفظ	معرّفٌ إنتاجيٌّ في المصدر؛ ويُطبع [ب٦-ف٩-مث٦] (يُحوَّل عند الإخراج)
book/الجزء-الثاني/الباب-السادس/ف09-ب-الدرس-الثاني.md	37	6	رمز المثال	[م٢-ب٦-ف٩-مث٧]	يُحفظ	معرّفٌ إنتاجيٌّ في المصدر؛ ويُطبع [ب٦-ف٩-مث٧] (يُحوَّل عند الإخراج)
book/الجزء-الثاني/الباب-السادس/ف09-ب-الدرس-الثاني.md	41	6	رمز المثال	[م٢-ب٦-ف٩-مث٨]	يُحفظ	معرّفٌ إنتاجيٌّ في المصدر؛ ويُطبع [ب٦-ف٩-مث٨] (يُحوَّل عند الإخراج)
book/الجزء-الثاني/الباب-السادس/ف09-ب-الدرس-الثاني.md	57	6	رمز المثال	[م٢-ب٦-ف٩-مث٩]	يُحفظ	معرّفٌ إنتاجيٌّ في المصدر؛ ويُطبع [ب٦-ف٩-مث٩] (يُحوَّل عند الإخراج)
book/الجزء-الثاني/الباب-السادس/ف09-ب-الدرس-الثاني.md	61	6	رمز المثال	[م٢-ب٦-ف٩-مث١٠]	يُحفظ	معرّفٌ إنتاجيٌّ في المصدر؛ ويُطبع [ب٦-ف٩-مث١٠] (يُحوَّل عند الإخراج)
book/الجزء-الثاني/الباب-السادس/ف09-ب-الدرس-الثاني.md	65	6	رمز المثال	[م٢-ب٦-ف٩-مث١١]	يُحفظ	معرّفٌ إنتاجيٌّ في المصدر؛ ويُطبع [ب٦-ف٩-مث١١] (يُحوَّل عند الإخراج)
book/الجزء-الثاني/الباب-السادس/ف09-ب-الدرس-الثاني.md	69	6	رمز المثال	[م٢-ب٦-ف٩-مث١٢]	يُحفظ	معرّفٌ إنتاجيٌّ في المصدر؛ ويُطبع [ب٦-ف٩-مث١٢] (يُحوَّل عند الإخراج)
book/الجزء-الثاني/الباب-السادس/ف09-ب-الدرس-الثاني.md	73	6	رمز المثال	[م٢-ب٦-ف٩-مث١٣]	يُحفظ	معرّفٌ إنتاجيٌّ في المصدر؛ ويُطبع [ب٦-ف٩-مث١٣] (يُحوَّل عند الإخراج)
book/الجزء-الثاني/الباب-السادس/ف09-ب-الدرس-الثاني.md	77	6	رمز المثال	[م٢-ب٦-ف٩-مث١٤]	يُحفظ	معرّفٌ إنتاجيٌّ في المصدر؛ ويُطبع [ب٦-ف٩-مث١٤] (يُحوَّل عند الإخراج)
book/الجزء-الثاني/الباب-السادس/ف09-ب-الدرس-الثاني.md	81	6	رمز المثال	[م٢-ب٦-ف٩-مث١٥]	يُحفظ	معرّفٌ إنتاجيٌّ في المصدر؛ ويُطبع [ب٦-ف٩-مث١٥] (يُحوَّل عند الإخراج)
book/الجزء-الثالث/الباب-السابع/00-فاتحة-الباب-السابع.md	3	7	المستوى ن	المستوى ٦	يُصحّح	المستوى 7
book/الجزء-الثالث/الباب-السابع/ف01-أ-السؤال-المدخل-والدرس-الأول.md	5	7	المستوى ن	المستوى ٦	يُصحّح	المستوى 7
book/الجزء-الثالث/الباب-السابع/ف01-أ-السؤال-المدخل-والدرس-الأول.md	201	7	رمز المثال	[م٣-ب٧-ف١-مث١]	يُحفظ	معرّفٌ إنتاجيٌّ في المصدر؛ ويُطبع [ب٧-ف١-مث١] (يُحوَّل عند الإخراج)
book/الجزء-الثالث/الباب-السابع/ف01-أ-السؤال-المدخل-والدرس-الأول.md	205	7	رمز المثال	[م٣-ب٧-ف١-مث٢]	يُحفظ	معرّفٌ إنتاجيٌّ في المصدر؛ ويُطبع [ب٧-ف١-مث٢] (يُحوَّل عند الإخراج)
book/الجزء-الثالث/الباب-السابع/ف01-أ-السؤال-المدخل-والدرس-الأول.md	209	7	رمز المثال	[م٣-ب٧-ف١-مث٣]	يُحفظ	معرّفٌ إنتاجيٌّ في المصدر؛ ويُطبع [ب٧-ف١-مث٣] (يُحوَّل عند الإخراج)
book/الجزء-الثالث/الباب-السابع/ف01-أ-السؤال-المدخل-والدرس-الأول.md	213	7	رمز المثال	[م٣-ب٧-ف١-مث٤]	يُحفظ	معرّفٌ إنتاجيٌّ في المصدر؛ ويُطبع [ب٧-ف١-مث٤] (يُحوَّل عند الإخراج)
book/الجزء-الثالث/الباب-السابع/ف01-أ-السؤال-المدخل-والدرس-الأول.md	217	7	رمز المثال	[م٣-ب٧-ف١-مث٥]	يُحفظ	معرّفٌ إنتاجيٌّ في المصدر؛ ويُطبع [ب٧-ف١-مث٥] (يُحوَّل عند الإخراج)
book/الجزء-الثالث/الباب-السابع/ف01-أ-السؤال-المدخل-والدرس-الأول.md	231	7	رمز المثال	[م٣-ب٧-ف١-مث٦]	يُحفظ	معرّفٌ إنتاجيٌّ في المصدر؛ ويُطبع [ب٧-ف١-مث٦] (يُحوَّل عند الإخراج)
book/الجزء-الثالث/الباب-السابع/ف01-أ-السؤال-المدخل-والدرس-الأول.md	235	7	رمز المثال	[م٣-ب٧-ف١-مث٧]	يُحفظ	معرّفٌ إنتاجيٌّ في المصدر؛ ويُطبع [ب٧-ف١-مث٧] (يُحوَّل عند الإخراج)
book/الجزء-الثالث/الباب-السابع/ف01-أ-السؤال-المدخل-والدرس-الأول.md	239	7	رمز المثال	[م٣-ب٧-ف١-مث٨]	يُحفظ	معرّفٌ إنتاجيٌّ في المصدر؛ ويُطبع [ب٧-ف١-مث٨] (يُحوَّل عند الإخراج)
book/الجزء-الثالث/الباب-السابع/ف01-أ-السؤال-المدخل-والدرس-الأول.md	243	7	رمز المثال	[م٣-ب٧-ف١-مث٩]	يُحفظ	معرّفٌ إنتاجيٌّ في المصدر؛ ويُطبع [ب٧-ف١-مث٩] (يُحوَّل عند الإخراج)
book/الجزء-الثالث/الباب-السابع/ف01-أ-السؤال-المدخل-والدرس-الأول.md	247	7	رمز المثال	[م٣-ب٧-ف١-مث١٠]	يُحفظ	معرّفٌ إنتاجيٌّ في المصدر؛ ويُطبع [ب٧-ف١-مث١٠] (يُحوَّل عند الإخراج)
book/الجزء-الثالث/الباب-السابع/ف01-أ-السؤال-المدخل-والدرس-الأول.md	255	7	رمز المثال	[م٣-ب٧-ف١-مث١١]	يُحفظ	معرّفٌ إنتاجيٌّ في المصدر؛ ويُطبع [ب٧-ف١-مث١١] (يُحوَّل عند الإخراج)
book/الجزء-الثالث/الباب-السابع/ف01-أ-السؤال-المدخل-والدرس-الأول.md	259	7	رمز المثال	[م٣-ب٧-ف١-مث١٢]	يُحفظ	معرّفٌ إنتاجيٌّ في المصدر؛ ويُطبع [ب٧-ف١-مث١٢] (يُحوَّل عند الإخراج)
book/الجزء-الثالث/الباب-السابع/ف01-أ-السؤال-المدخل-والدرس-الأول.md	263	7	رمز المثال	[م٣-ب٧-ف١-مث١٣]	يُحفظ	معرّفٌ إنتاجيٌّ في المصدر؛ ويُطبع [ب٧-ف١-مث١٣] (يُحوَّل عند الإخراج)
book/الجزء-الثالث/الباب-السابع/ف01-أ-السؤال-المدخل-والدرس-الأول.md	267	7	رمز المثال	[م٣-ب٧-ف١-مث١٤]	يُحفظ	معرّفٌ إنتاجيٌّ في المصدر؛ ويُطبع [ب٧-ف١-مث١٤] (يُحوَّل عند الإخراج)
book/الجزء-الثالث/الباب-السابع/ف01-أ-السؤال-المدخل-والدرس-الأول.md	271	7	رمز المثال	[م٣-ب٧-ف١-مث١٥]	يُحفظ	معرّفٌ إنتاجيٌّ في المصدر؛ ويُطبع [ب٧-ف١-مث١٥] (يُحوَّل عند الإخراج)
book/الجزء-الثالث/الباب-السابع/ف01-أ-السؤال-المدخل-والدرس-الأول.md	281	7	رمز المثال	[م٣-ب٧-ف١-مث١٦]	يُحفظ	معرّفٌ إنتاجيٌّ في المصدر؛ ويُطبع [ب٧-ف١-مث١٦] (يُحوَّل عند الإخراج)
book/الجزء-الثالث/الباب-السابع/ف01-أ-السؤال-المدخل-والدرس-الأول.md	285	7	رمز المثال	[م٣-ب٧-ف١-مث١٧]	يُحفظ	معرّفٌ إنتاجيٌّ في المصدر؛ ويُطبع [ب٧-ف١-مث١٧] (يُحوَّل عند الإخراج)
book/الجزء-الثالث/الباب-السابع/ف01-أ-السؤال-المدخل-والدرس-الأول.md	289	7	رمز المثال	[م٣-ب٧-ف١-مث١٨]	يُحفظ	معرّفٌ إنتاجيٌّ في المصدر؛ ويُطبع [ب٧-ف١-مث١٨] (يُحوَّل عند الإخراج)
book/الجزء-الثالث/الباب-السابع/ف01-أ-السؤال-المدخل-والدرس-الأول.md	293	7	رمز المثال	[م٣-ب٧-ف١-مث١٩]	يُحفظ	معرّفٌ إنتاجيٌّ في المصدر؛ ويُطبع [ب٧-ف١-مث١٩] (يُحوَّل عند الإخراج)
book/الجزء-الثالث/الباب-السابع/ف01-أ-السؤال-المدخل-والدرس-الأول.md	297	7	رمز المثال	[م٣-ب٧-ف١-مث٢٠]	يُحفظ	معرّفٌ إنتاجيٌّ في المصدر؛ ويُطبع [ب٧-ف١-مث٢٠] (يُحوَّل عند الإخراج)
book/الجزء-الثالث/الباب-السابع/ف01-أ-السؤال-المدخل-والدرس-الأول.md	318	7	رمز المثال	[م٣-ب٧-ف١-مث٢١]	يُحفظ	معرّفٌ إنتاجيٌّ في المصدر؛ ويُطبع [ب٧-ف١-مث٢١] (يُحوَّل عند الإخراج)
book/الجزء-الثالث/الباب-السابع/ف01-أ-السؤال-المدخل-والدرس-الأول.md	322	7	رمز المثال	[م٣-ب٧-ف١-مث٢٢]	يُحفظ	معرّفٌ إنتاجيٌّ في المصدر؛ ويُطبع [ب٧-ف١-مث٢٢] (يُحوَّل عند الإخراج)
book/الجزء-الثالث/الباب-السابع/ف01-أ-السؤال-المدخل-والدرس-الأول.md	326	7	رمز المثال	[م٣-ب٧-ف١-مث٢٣]	يُحفظ	معرّفٌ إنتاجيٌّ في المصدر؛ ويُطبع [ب٧-ف١-مث٢٣] (يُحوَّل عند الإخراج)
book/الجزء-الثالث/الباب-السابع/ف01-أ-السؤال-المدخل-والدرس-الأول.md	330	7	رمز المثال	[م٣-ب٧-ف١-مث٢٤]	يُحفظ	معرّفٌ إنتاجيٌّ في المصدر؛ ويُطبع [ب٧-ف١-مث٢٤] (يُحوَّل عند الإخراج)
book/الجزء-الثالث/الباب-السابع/ف01-أ-السؤال-المدخل-والدرس-الأول.md	340	7	رمز المثال	[م٣-ب٧-ف١-مث٢٥]	يُحفظ	معرّفٌ إنتاجيٌّ في المصدر؛ ويُطبع [ب٧-ف١-مث٢٥] (يُحوَّل عند الإخراج)
book/الجزء-الثالث/الباب-السابع/ف01-أ-السؤال-المدخل-والدرس-الأول.md	344	7	رمز المثال	[م٣-ب٧-ف١-مث٢٦]	يُحفظ	معرّفٌ إنتاجيٌّ في المصدر؛ ويُطبع [ب٧-ف١-مث٢٦] (يُحوَّل عند الإخراج)
book/الجزء-الثالث/الباب-السابع/ف01-أ-السؤال-المدخل-والدرس-الأول.md	348	7	رمز المثال	[م٣-ب٧-ف١-مث٢٧]	يُحفظ	معرّفٌ إنتاجيٌّ في المصدر؛ ويُطبع [ب٧-ف١-مث٢٧] (يُحوَّل عند الإخراج)
book/الجزء-الثالث/الباب-السابع/ف01-أ-السؤال-المدخل-والدرس-الأول.md	352	7	رمز المثال	[م٣-ب٧-ف١-مث٢٨]	يُحفظ	معرّفٌ إنتاجيٌّ في المصدر؛ ويُطبع [ب٧-ف١-مث٢٨] (يُحوَّل عند الإخراج)
book/الجزء-الثالث/الباب-السابع/ف01-أ-السؤال-المدخل-والدرس-الأول.md	356	7	رمز المثال	[م٣-ب٧-ف١-مث٢٩]	يُحفظ	معرّفٌ إنتاجيٌّ في المصدر؛ ويُطبع [ب٧-ف١-مث٢٩] (يُحوَّل عند الإخراج)
book/الجزء-الثالث/الباب-السابع/ف01-أ-السؤال-المدخل-والدرس-الأول.md	360	7	رمز المثال	[م٣-ب٧-ف١-مث٣٠]	يُحفظ	معرّفٌ إنتاجيٌّ في المصدر؛ ويُطبع [ب٧-ف١-مث٣٠] (يُحوَّل عند الإخراج)
book/الجزء-الثالث/الباب-السابع/ف01-أ-السؤال-المدخل-والدرس-الأول.md	371	7	رمز المثال	[م٣-ب٧-ف١-مث٣١]	يُحفظ	معرّفٌ إنتاجيٌّ في المصدر؛ ويُطبع [ب٧-ف١-مث٣١] (يُحوَّل عند الإخراج)
book/الجزء-الثالث/الباب-السابع/ف01-أ-السؤال-المدخل-والدرس-الأول.md	377	7	رمز المثال	[م٣-ب٧-ف١-مث٣٢]	يُحفظ	معرّفٌ إنتاجيٌّ في المصدر؛ ويُطبع [ب٧-ف١-مث٣٢] (يُحوَّل عند الإخراج)
book/الجزء-الثالث/الباب-السابع/ف01-أ-السؤال-المدخل-والدرس-الأول.md	394	7	رمز المثال	[م٣-ب٧-ف١-مث٣٣]	يُحفظ	معرّفٌ إنتاجيٌّ في المصدر؛ ويُطبع [ب٧-ف١-مث٣٣] (يُحوَّل عند الإخراج)
book/الجزء-الثالث/الباب-السابع/ف01-أ-السؤال-المدخل-والدرس-الأول.md	396	7	رمز المثال	[م٣-ب٧-ف١-مث٣٤]	يُحفظ	معرّفٌ إنتاجيٌّ في المصدر؛ ويُطبع [ب٧-ف١-مث٣٤] (يُحوَّل عند الإخراج)
book/الجزء-الثالث/الباب-السابع/ف01-أ-السؤال-المدخل-والدرس-الأول.md	398	7	رمز المثال	[م٣-ب٧-ف١-مث٣٥]	يُحفظ	معرّفٌ إنتاجيٌّ في المصدر؛ ويُطبع [ب٧-ف١-مث٣٥] (يُحوَّل عند الإخراج)
book/الجزء-الثالث/الباب-السابع/ف01-أ-السؤال-المدخل-والدرس-الأول.md	400	7	رمز المثال	[م٣-ب٧-ف١-مث٣٦]	يُحفظ	معرّفٌ إنتاجيٌّ في المصدر؛ ويُطبع [ب٧-ف١-مث٣٦] (يُحوَّل عند الإخراج)
book/الجزء-الثالث/الباب-السابع/ف01-أ-السؤال-المدخل-والدرس-الأول.md	402	7	رمز المثال	[م٣-ب٧-ف١-مث٣٧]	يُحفظ	معرّفٌ إنتاجيٌّ في المصدر؛ ويُطبع [ب٧-ف١-مث٣٧] (يُحوَّل عند الإخراج)
book/الجزء-الثالث/الباب-السابع/ف01-ب-السؤال-الدرس-الثاني.md	78	7	إحالة	في الباب العاشر	يُصحّح	يُزاد المجلد: «في المجلد 9، …»
book/الجزء-الثالث/الباب-السابع/ف01-ب-السؤال-الدرس-الثاني.md	100	7	رمز المثال	[م٣-ب٧-ف١-مث٣٨]	يُحفظ	معرّفٌ إنتاجيٌّ في المصدر؛ ويُطبع [ب٧-ف١-مث٣٨] (يُحوَّل عند الإخراج)
book/الجزء-الثالث/الباب-السابع/ف01-ب-السؤال-الدرس-الثاني.md	104	7	رمز المثال	[م٣-ب٧-ف١-مث٣٩]	يُحفظ	معرّفٌ إنتاجيٌّ في المصدر؛ ويُطبع [ب٧-ف١-مث٣٩] (يُحوَّل عند الإخراج)
book/الجزء-الثالث/الباب-السابع/ف01-ب-السؤال-الدرس-الثاني.md	108	7	رمز المثال	[م٣-ب٧-ف١-مث٤٠]	يُحفظ	معرّفٌ إنتاجيٌّ في المصدر؛ ويُطبع [ب٧-ف١-مث٤٠] (يُحوَّل عند الإخراج)
book/الجزء-الثالث/الباب-السابع/ف01-ب-السؤال-الدرس-الثاني.md	112	7	رمز المثال	[م٣-ب٧-ف١-مث٤١]	يُحفظ	معرّفٌ إنتاجيٌّ في المصدر؛ ويُطبع [ب٧-ف١-مث٤١] (يُحوَّل عند الإخراج)
book/الجزء-الثالث/الباب-السابع/ف01-ب-السؤال-الدرس-الثاني.md	138	7	رمز المثال	[م٣-ب٧-ف١-مث٤٢]	يُحفظ	معرّفٌ إنتاجيٌّ في المصدر؛ ويُطبع [ب٧-ف١-مث٤٢] (يُحوَّل عند الإخراج)
book/الجزء-الثالث/الباب-السابع/ف01-ب-السؤال-الدرس-الثاني.md	142	7	رمز المثال	[م٣-ب٧-ف١-مث٤٣]	يُحفظ	معرّفٌ إنتاجيٌّ في المصدر؛ ويُطبع [ب٧-ف١-مث٤٣] (يُحوَّل عند الإخراج)
book/الجزء-الثالث/الباب-السابع/ف01-ب-السؤال-الدرس-الثاني.md	146	7	رمز المثال	[م٣-ب٧-ف١-مث٤٤]	يُحفظ	معرّفٌ إنتاجيٌّ في المصدر؛ ويُطبع [ب٧-ف١-مث٤٤] (يُحوَّل عند الإخراج)
book/الجزء-الثالث/الباب-السابع/ف01-ب-السؤال-الدرس-الثاني.md	150	7	رمز المثال	[م٣-ب٧-ف١-مث٤٥]	يُحفظ	معرّفٌ إنتاجيٌّ في المصدر؛ ويُطبع [ب٧-ف١-مث٤٥] (يُحوَّل عند الإخراج)
book/الجزء-الثالث/الباب-السابع/ف01-ب-السؤال-الدرس-الثاني.md	160	7	رمز المثال	[م٣-ب٧-ف١-مث٤٦]	يُحفظ	معرّفٌ إنتاجيٌّ في المصدر؛ ويُطبع [ب٧-ف١-مث٤٦] (يُحوَّل عند الإخراج)
book/الجزء-الثالث/الباب-السابع/ف01-ب-السؤال-الدرس-الثاني.md	164	7	رمز المثال	[م٣-ب٧-ف١-مث٤٧]	يُحفظ	معرّفٌ إنتاجيٌّ في المصدر؛ ويُطبع [ب٧-ف١-مث٤٧] (يُحوَّل عند الإخراج)
book/الجزء-الثالث/الباب-السابع/ف01-ب-السؤال-الدرس-الثاني.md	168	7	رمز المثال	[م٣-ب٧-ف١-مث٤٨]	يُحفظ	معرّفٌ إنتاجيٌّ في المصدر؛ ويُطبع [ب٧-ف١-مث٤٨] (يُحوَّل عند الإخراج)
book/الجزء-الثالث/الباب-السابع/ف01-ب-السؤال-الدرس-الثاني.md	176	7	رمز المثال	[م٣-ب٧-ف١-مث٤٩]	يُحفظ	معرّفٌ إنتاجيٌّ في المصدر؛ ويُطبع [ب٧-ف١-مث٤٩] (يُحوَّل عند الإخراج)
book/الجزء-الثالث/الباب-السابع/ف01-ب-السؤال-الدرس-الثاني.md	180	7	رمز المثال	[م٣-ب٧-ف١-مث٥٠]	يُحفظ	معرّفٌ إنتاجيٌّ في المصدر؛ ويُطبع [ب٧-ف١-مث٥٠] (يُحوَّل عند الإخراج)
book/الجزء-الثالث/الباب-السابع/ف01-ب-السؤال-الدرس-الثاني.md	188	7	رمز المثال	[م٣-ب٧-ف١-مث٥١]	يُحفظ	معرّفٌ إنتاجيٌّ في المصدر؛ ويُطبع [ب٧-ف١-مث٥١] (يُحوَّل عند الإخراج)
book/الجزء-الثالث/الباب-السابع/ف01-ب-السؤال-الدرس-الثاني.md	192	7	رمز المثال	[م٣-ب٧-ف١-مث٥٢]	يُحفظ	معرّفٌ إنتاجيٌّ في المصدر؛ ويُطبع [ب٧-ف١-مث٥٢] (يُحوَّل عند الإخراج)
book/الجزء-الثالث/الباب-السابع/ف01-ب-السؤال-الدرس-الثاني.md	200	7	رمز المثال	[م٣-ب٧-ف١-مث٥٣]	يُحفظ	معرّفٌ إنتاجيٌّ في المصدر؛ ويُطبع [ب٧-ف١-مث٥٣] (يُحوَّل عند الإخراج)
book/الجزء-الثالث/الباب-السابع/ف01-ب-السؤال-الدرس-الثاني.md	204	7	رمز المثال	[م٣-ب٧-ف١-مث٥٤]	يُحفظ	معرّفٌ إنتاجيٌّ في المصدر؛ ويُطبع [ب٧-ف١-مث٥٤] (يُحوَّل عند الإخراج)
book/الجزء-الثالث/الباب-السابع/ف01-ب-السؤال-الدرس-الثاني.md	266	7	إحالة	من الباب الأول	يُصحّح	يُزاد المجلد: «في المجلد 1، …»
book/الجزء-الثالث/الباب-السابع/ف01-ب-السؤال-الدرس-الثاني.md	266	7	إحالة	انظر الباب الأول، الفصل الأول	يُصحّح	يُزاد المجلد: «في المجلد 1، …»
book/الجزء-الثالث/الباب-السابع/ف02-أ-الجواب-المدخل-والدرس-الأول.md	5	7	المستوى ن	المستوى ٦	يُصحّح	المستوى 7
book/الجزء-الثالث/الباب-السابع/ف02-أ-الجواب-المدخل-والدرس-الأول.md	161	7	إحالة	انظر الباب الرابع، الفصل الأول	يُصحّح	يُزاد المجلد: «في المجلد 4، …»
book/الجزء-الثالث/الباب-السابع/ف02-أ-الجواب-المدخل-والدرس-الأول.md	168	7	الأجزاء	الأجزاء	مراجعة بشرية	قراءة مقترحة: استعمالٌ لغويٌّ عام، لا بنية الكتاب؛ يُحفظ
book/الجزء-الثالث/الباب-السابع/ف02-أ-الجواب-المدخل-والدرس-الأول.md	168	7	الأجزاء	الأجزاء	مراجعة بشرية	قراءة مقترحة: استعمالٌ لغويٌّ عام، لا بنية الكتاب؛ يُحفظ
book/الجزء-الثالث/الباب-السابع/ف02-أ-الجواب-المدخل-والدرس-الأول.md	178	7	رمز المثال	[م٣-ب٧-ف٢-مث١]	يُحفظ	معرّفٌ إنتاجيٌّ في المصدر؛ ويُطبع [ب٧-ف٢-مث١] (يُحوَّل عند الإخراج)
book/الجزء-الثالث/الباب-السابع/ف02-أ-الجواب-المدخل-والدرس-الأول.md	182	7	رمز المثال	[م٣-ب٧-ف٢-مث٢]	يُحفظ	معرّفٌ إنتاجيٌّ في المصدر؛ ويُطبع [ب٧-ف٢-مث٢] (يُحوَّل عند الإخراج)
book/الجزء-الثالث/الباب-السابع/ف02-أ-الجواب-المدخل-والدرس-الأول.md	186	7	رمز المثال	[م٣-ب٧-ف٢-مث٣]	يُحفظ	معرّفٌ إنتاجيٌّ في المصدر؛ ويُطبع [ب٧-ف٢-مث٣] (يُحوَّل عند الإخراج)
book/الجزء-الثالث/الباب-السابع/ف02-أ-الجواب-المدخل-والدرس-الأول.md	190	7	رمز المثال	[م٣-ب٧-ف٢-مث٤]	يُحفظ	معرّفٌ إنتاجيٌّ في المصدر؛ ويُطبع [ب٧-ف٢-مث٤] (يُحوَّل عند الإخراج)
book/الجزء-الثالث/الباب-السابع/ف02-أ-الجواب-المدخل-والدرس-الأول.md	194	7	رمز المثال	[م٣-ب٧-ف٢-مث٥]	يُحفظ	معرّفٌ إنتاجيٌّ في المصدر؛ ويُطبع [ب٧-ف٢-مث٥] (يُحوَّل عند الإخراج)
book/الجزء-الثالث/الباب-السابع/ف02-أ-الجواب-المدخل-والدرس-الأول.md	198	7	رمز المثال	[م٣-ب٧-ف٢-مث٦]	يُحفظ	معرّفٌ إنتاجيٌّ في المصدر؛ ويُطبع [ب٧-ف٢-مث٦] (يُحوَّل عند الإخراج)
book/الجزء-الثالث/الباب-السابع/ف02-أ-الجواب-المدخل-والدرس-الأول.md	208	7	رمز المثال	[م٣-ب٧-ف٢-مث٧]	يُحفظ	معرّفٌ إنتاجيٌّ في المصدر؛ ويُطبع [ب٧-ف٢-مث٧] (يُحوَّل عند الإخراج)
book/الجزء-الثالث/الباب-السابع/ف02-أ-الجواب-المدخل-والدرس-الأول.md	212	7	رمز المثال	[م٣-ب٧-ف٢-مث٨]	يُحفظ	معرّفٌ إنتاجيٌّ في المصدر؛ ويُطبع [ب٧-ف٢-مث٨] (يُحوَّل عند الإخراج)
book/الجزء-الثالث/الباب-السابع/ف02-أ-الجواب-المدخل-والدرس-الأول.md	216	7	رمز المثال	[م٣-ب٧-ف٢-مث٩]	يُحفظ	معرّفٌ إنتاجيٌّ في المصدر؛ ويُطبع [ب٧-ف٢-مث٩] (يُحوَّل عند الإخراج)
book/الجزء-الثالث/الباب-السابع/ف02-أ-الجواب-المدخل-والدرس-الأول.md	224	7	رمز المثال	[م٣-ب٧-ف٢-مث١٠]	يُحفظ	معرّفٌ إنتاجيٌّ في المصدر؛ ويُطبع [ب٧-ف٢-مث١٠] (يُحوَّل عند الإخراج)
book/الجزء-الثالث/الباب-السابع/ف02-أ-الجواب-المدخل-والدرس-الأول.md	228	7	رمز المثال	[م٣-ب٧-ف٢-مث١١]	يُحفظ	معرّفٌ إنتاجيٌّ في المصدر؛ ويُطبع [ب٧-ف٢-مث١١] (يُحوَّل عند الإخراج)
book/الجزء-الثالث/الباب-السابع/ف02-أ-الجواب-المدخل-والدرس-الأول.md	232	7	رمز المثال	[م٣-ب٧-ف٢-مث١٢]	يُحفظ	معرّفٌ إنتاجيٌّ في المصدر؛ ويُطبع [ب٧-ف٢-مث١٢] (يُحوَّل عند الإخراج)
book/الجزء-الثالث/الباب-السابع/ف02-أ-الجواب-المدخل-والدرس-الأول.md	240	7	رمز المثال	[م٣-ب٧-ف٢-مث١٣]	يُحفظ	معرّفٌ إنتاجيٌّ في المصدر؛ ويُطبع [ب٧-ف٢-مث١٣] (يُحوَّل عند الإخراج)
book/الجزء-الثالث/الباب-السابع/ف02-أ-الجواب-المدخل-والدرس-الأول.md	244	7	رمز المثال	[م٣-ب٧-ف٢-مث١٤]	يُحفظ	معرّفٌ إنتاجيٌّ في المصدر؛ ويُطبع [ب٧-ف٢-مث١٤] (يُحوَّل عند الإخراج)
book/الجزء-الثالث/الباب-السابع/ف02-أ-الجواب-المدخل-والدرس-الأول.md	248	7	رمز المثال	[م٣-ب٧-ف٢-مث١٥]	يُحفظ	معرّفٌ إنتاجيٌّ في المصدر؛ ويُطبع [ب٧-ف٢-مث١٥] (يُحوَّل عند الإخراج)
book/الجزء-الثالث/الباب-السابع/ف02-أ-الجواب-المدخل-والدرس-الأول.md	254	7	رمز المثال	[م٣-ب٧-ف٢-مث١٦]	يُحفظ	معرّفٌ إنتاجيٌّ في المصدر؛ ويُطبع [ب٧-ف٢-مث١٦] (يُحوَّل عند الإخراج)
book/الجزء-الثالث/الباب-السابع/ف02-أ-الجواب-المدخل-والدرس-الأول.md	260	7	المستوى بالعدد اللفظي	المستوى الثاني	يُحفظ	صفٌّ دراسيٌّ في مثال، لا مستوى البرنامج
book/الجزء-الثالث/الباب-السابع/ف02-أ-الجواب-المدخل-والدرس-الأول.md	281	7	رمز المثال	[م٣-ب٧-ف٢-مث١٧]	يُحفظ	معرّفٌ إنتاجيٌّ في المصدر؛ ويُطبع [ب٧-ف٢-مث١٧] (يُحوَّل عند الإخراج)
book/الجزء-الثالث/الباب-السابع/ف02-أ-الجواب-المدخل-والدرس-الأول.md	283	7	رمز المثال	[م٣-ب٧-ف٢-مث١٨]	يُحفظ	معرّفٌ إنتاجيٌّ في المصدر؛ ويُطبع [ب٧-ف٢-مث١٨] (يُحوَّل عند الإخراج)
book/الجزء-الثالث/الباب-السابع/ف02-أ-الجواب-المدخل-والدرس-الأول.md	285	7	رمز المثال	[م٣-ب٧-ف٢-مث١٩]	يُحفظ	معرّفٌ إنتاجيٌّ في المصدر؛ ويُطبع [ب٧-ف٢-مث١٩] (يُحوَّل عند الإخراج)
book/الجزء-الثالث/الباب-السابع/ف02-أ-الجواب-المدخل-والدرس-الأول.md	287	7	رمز المثال	[م٣-ب٧-ف٢-مث٢٠]	يُحفظ	معرّفٌ إنتاجيٌّ في المصدر؛ ويُطبع [ب٧-ف٢-مث٢٠] (يُحوَّل عند الإخراج)
book/الجزء-الثالث/الباب-السابع/ف02-أ-الجواب-المدخل-والدرس-الأول.md	289	7	رمز المثال	[م٣-ب٧-ف٢-مث٢١]	يُحفظ	معرّفٌ إنتاجيٌّ في المصدر؛ ويُطبع [ب٧-ف٢-مث٢١] (يُحوَّل عند الإخراج)
book/الجزء-الثالث/الباب-السابع/ف02-ب-الجواب-الدرس-الثاني.md	11	7	الأجزاء	أربعة أجزاء	مراجعة بشرية	قراءة مقترحة: استعمالٌ لغويٌّ عام، لا بنية الكتاب؛ يُحفظ
book/الجزء-الثالث/الباب-السابع/ف02-ب-الجواب-الدرس-الثاني.md	41	7	رمز المثال	[م٣-ب٧-ف٢-مث٢٢]	يُحفظ	معرّفٌ إنتاجيٌّ في المصدر؛ ويُطبع [ب٧-ف٢-مث٢٢] (يُحوَّل عند الإخراج)
book/الجزء-الثالث/الباب-السابع/ف02-ب-الجواب-الدرس-الثاني.md	45	7	رمز المثال	[م٣-ب٧-ف٢-مث٢٣]	يُحفظ	معرّفٌ إنتاجيٌّ في المصدر؛ ويُطبع [ب٧-ف٢-مث٢٣] (يُحوَّل عند الإخراج)
book/الجزء-الثالث/الباب-السابع/ف02-ب-الجواب-الدرس-الثاني.md	50	7	رمز المثال	[م٣-ب٧-ف٢-مث٢٤]	يُحفظ	معرّفٌ إنتاجيٌّ في المصدر؛ ويُطبع [ب٧-ف٢-مث٢٤] (يُحوَّل عند الإخراج)
book/الجزء-الثالث/الباب-السابع/ف02-ب-الجواب-الدرس-الثاني.md	54	7	رمز المثال	[م٣-ب٧-ف٢-مث٢٥]	يُحفظ	معرّفٌ إنتاجيٌّ في المصدر؛ ويُطبع [ب٧-ف٢-مث٢٥] (يُحوَّل عند الإخراج)
book/الجزء-الثالث/الباب-السابع/ف02-ب-الجواب-الدرس-الثاني.md	58	7	رمز المثال	[م٣-ب٧-ف٢-مث٢٦]	يُحفظ	معرّفٌ إنتاجيٌّ في المصدر؛ ويُطبع [ب٧-ف٢-مث٢٦] (يُحوَّل عند الإخراج)
book/الجزء-الثالث/الباب-السابع/ف02-ب-الجواب-الدرس-الثاني.md	70	7	رمز المثال	[م٣-ب٧-ف٢-مث٢٧]	يُحفظ	معرّفٌ إنتاجيٌّ في المصدر؛ ويُطبع [ب٧-ف٢-مث٢٧] (يُحوَّل عند الإخراج)
book/الجزء-الثالث/الباب-السابع/ف02-ب-الجواب-الدرس-الثاني.md	74	7	رمز المثال	[م٣-ب٧-ف٢-مث٢٨]	يُحفظ	معرّفٌ إنتاجيٌّ في المصدر؛ ويُطبع [ب٧-ف٢-مث٢٨] (يُحوَّل عند الإخراج)
book/الجزء-الثالث/الباب-السابع/ف02-ب-الجواب-الدرس-الثاني.md	78	7	رمز المثال	[م٣-ب٧-ف٢-مث٢٩]	يُحفظ	معرّفٌ إنتاجيٌّ في المصدر؛ ويُطبع [ب٧-ف٢-مث٢٩] (يُحوَّل عند الإخراج)
book/الجزء-الثالث/الباب-السابع/ف02-ب-الجواب-الدرس-الثاني.md	92	7	رمز المثال	[م٣-ب٧-ف٢-مث٣٠]	يُحفظ	معرّفٌ إنتاجيٌّ في المصدر؛ ويُطبع [ب٧-ف٢-مث٣٠] (يُحوَّل عند الإخراج)
book/الجزء-الثالث/الباب-السابع/ف02-ب-الجواب-الدرس-الثاني.md	96	7	رمز المثال	[م٣-ب٧-ف٢-مث٣١]	يُحفظ	معرّفٌ إنتاجيٌّ في المصدر؛ ويُطبع [ب٧-ف٢-مث٣١] (يُحوَّل عند الإخراج)
book/الجزء-الثالث/الباب-السابع/ف02-ب-الجواب-الدرس-الثاني.md	198	7	رمز المثال	[م٣-ب٧-ف٢-مث٣٢]	يُحفظ	معرّفٌ إنتاجيٌّ في المصدر؛ ويُطبع [ب٧-ف٢-مث٣٢] (يُحوَّل عند الإخراج)
book/الجزء-الثالث/الباب-السابع/ف02-ب-الجواب-الدرس-الثاني.md	202	7	رمز المثال	[م٣-ب٧-ف٢-مث٣٣]	يُحفظ	معرّفٌ إنتاجيٌّ في المصدر؛ ويُطبع [ب٧-ف٢-مث٣٣] (يُحوَّل عند الإخراج)
book/الجزء-الثالث/الباب-السابع/ف02-ب-الجواب-الدرس-الثاني.md	206	7	رمز المثال	[م٣-ب٧-ف٢-مث٣٤]	يُحفظ	معرّفٌ إنتاجيٌّ في المصدر؛ ويُطبع [ب٧-ف٢-مث٣٤] (يُحوَّل عند الإخراج)
book/الجزء-الثالث/الباب-السابع/ف02-ب-الجواب-الدرس-الثاني.md	210	7	رمز المثال	[م٣-ب٧-ف٢-مث٣٥]	يُحفظ	معرّفٌ إنتاجيٌّ في المصدر؛ ويُطبع [ب٧-ف٢-مث٣٥] (يُحوَّل عند الإخراج)
book/الجزء-الثالث/الباب-السابع/ف02-ب-الجواب-الدرس-الثاني.md	214	7	رمز المثال	[م٣-ب٧-ف٢-مث٣٦]	يُحفظ	معرّفٌ إنتاجيٌّ في المصدر؛ ويُطبع [ب٧-ف٢-مث٣٦] (يُحوَّل عند الإخراج)
book/الجزء-الثالث/الباب-السابع/ف02-ب-الجواب-الدرس-الثاني.md	237	7	رمز المثال	[م٣-ب٧-ف٢-مث٣٧]	يُحفظ	معرّفٌ إنتاجيٌّ في المصدر؛ ويُطبع [ب٧-ف٢-مث٣٧] (يُحوَّل عند الإخراج)
book/الجزء-الثالث/الباب-السابع/ف02-ب-الجواب-الدرس-الثاني.md	241	7	رمز المثال	[م٣-ب٧-ف٢-مث٣٨]	يُحفظ	معرّفٌ إنتاجيٌّ في المصدر؛ ويُطبع [ب٧-ف٢-مث٣٨] (يُحوَّل عند الإخراج)
book/الجزء-الثالث/الباب-السابع/ف02-ب-الجواب-الدرس-الثاني.md	245	7	رمز المثال	[م٣-ب٧-ف٢-مث٣٩]	يُحفظ	معرّفٌ إنتاجيٌّ في المصدر؛ ويُطبع [ب٧-ف٢-مث٣٩] (يُحوَّل عند الإخراج)
book/الجزء-الثالث/الباب-السابع/ف02-ب-الجواب-الدرس-الثاني.md	249	7	رمز المثال	[م٣-ب٧-ف٢-مث٤٠]	يُحفظ	معرّفٌ إنتاجيٌّ في المصدر؛ ويُطبع [ب٧-ف٢-مث٤٠] (يُحوَّل عند الإخراج)
book/الجزء-الثالث/الباب-السابع/ف02-ب-الجواب-الدرس-الثاني.md	253	7	رمز المثال	[م٣-ب٧-ف٢-مث٤١]	يُحفظ	معرّفٌ إنتاجيٌّ في المصدر؛ ويُطبع [ب٧-ف٢-مث٤١] (يُحوَّل عند الإخراج)
book/الجزء-الثالث/الباب-السابع/ف02-ب-الجواب-الدرس-الثاني.md	257	7	رمز المثال	[م٣-ب٧-ف٢-مث٤٢]	يُحفظ	معرّفٌ إنتاجيٌّ في المصدر؛ ويُطبع [ب٧-ف٢-مث٤٢] (يُحوَّل عند الإخراج)
book/الجزء-الثالث/الباب-السابع/ف02-ج-الجواب-التطبيق-والتقويم.md	276	7	الأجزاء	أربعة أجزاء	مراجعة بشرية	قراءة مقترحة: استعمالٌ لغويٌّ عام، لا بنية الكتاب؛ يُحفظ
book/الجزء-الثالث/الباب-السابع/ف02-ج-الجواب-التطبيق-والتقويم.md	310	7	الأجزاء	أربعة أجزاء	مراجعة بشرية	قراءة مقترحة: استعمالٌ لغويٌّ عام، لا بنية الكتاب؛ يُحفظ
book/الجزء-الثالث/الباب-السابع/ف03-أ-الاستيضاح-وإعادة-الصياغة.md	5	7	المستوى ن	المستوى ٦	يُصحّح	المستوى 7
book/الجزء-الثالث/الباب-السابع/ف03-أ-الاستيضاح-وإعادة-الصياغة.md	166	7	رمز المثال	[م٣-ب٧-ف٣-مث١]	يُحفظ	معرّفٌ إنتاجيٌّ في المصدر؛ ويُطبع [ب٧-ف٣-مث١] (يُحوَّل عند الإخراج)
book/الجزء-الثالث/الباب-السابع/ف03-أ-الاستيضاح-وإعادة-الصياغة.md	170	7	رمز المثال	[م٣-ب٧-ف٣-مث٢]	يُحفظ	معرّفٌ إنتاجيٌّ في المصدر؛ ويُطبع [ب٧-ف٣-مث٢] (يُحوَّل عند الإخراج)
book/الجزء-الثالث/الباب-السابع/ف03-أ-الاستيضاح-وإعادة-الصياغة.md	174	7	رمز المثال	[م٣-ب٧-ف٣-مث٣]	يُحفظ	معرّفٌ إنتاجيٌّ في المصدر؛ ويُطبع [ب٧-ف٣-مث٣] (يُحوَّل عند الإخراج)
book/الجزء-الثالث/الباب-السابع/ف03-أ-الاستيضاح-وإعادة-الصياغة.md	180	7	رمز المثال	[م٣-ب٧-ف٣-مث٤]	يُحفظ	معرّفٌ إنتاجيٌّ في المصدر؛ ويُطبع [ب٧-ف٣-مث٤] (يُحوَّل عند الإخراج)
book/الجزء-الثالث/الباب-السابع/ف03-أ-الاستيضاح-وإعادة-الصياغة.md	184	7	رمز المثال	[م٣-ب٧-ف٣-مث٥]	يُحفظ	معرّفٌ إنتاجيٌّ في المصدر؛ ويُطبع [ب٧-ف٣-مث٥] (يُحوَّل عند الإخراج)
book/الجزء-الثالث/الباب-السابع/ف03-أ-الاستيضاح-وإعادة-الصياغة.md	188	7	رمز المثال	[م٣-ب٧-ف٣-مث٦]	يُحفظ	معرّفٌ إنتاجيٌّ في المصدر؛ ويُطبع [ب٧-ف٣-مث٦] (يُحوَّل عند الإخراج)
book/الجزء-الثالث/الباب-السابع/ف03-أ-الاستيضاح-وإعادة-الصياغة.md	194	7	رمز المثال	[م٣-ب٧-ف٣-مث٧]	يُحفظ	معرّفٌ إنتاجيٌّ في المصدر؛ ويُطبع [ب٧-ف٣-مث٧] (يُحوَّل عند الإخراج)
book/الجزء-الثالث/الباب-السابع/ف03-أ-الاستيضاح-وإعادة-الصياغة.md	198	7	رمز المثال	[م٣-ب٧-ف٣-مث٨]	يُحفظ	معرّفٌ إنتاجيٌّ في المصدر؛ ويُطبع [ب٧-ف٣-مث٨] (يُحوَّل عند الإخراج)
book/الجزء-الثالث/الباب-السابع/ف03-أ-الاستيضاح-وإعادة-الصياغة.md	202	7	رمز المثال	[م٣-ب٧-ف٣-مث٩]	يُحفظ	معرّفٌ إنتاجيٌّ في المصدر؛ ويُطبع [ب٧-ف٣-مث٩] (يُحوَّل عند الإخراج)
book/الجزء-الثالث/الباب-السابع/ف03-أ-الاستيضاح-وإعادة-الصياغة.md	208	7	رمز المثال	[م٣-ب٧-ف٣-مث١٠]	يُحفظ	معرّفٌ إنتاجيٌّ في المصدر؛ ويُطبع [ب٧-ف٣-مث١٠] (يُحوَّل عند الإخراج)
book/الجزء-الثالث/الباب-السابع/ف03-أ-الاستيضاح-وإعادة-الصياغة.md	212	7	رمز المثال	[م٣-ب٧-ف٣-مث١١]	يُحفظ	معرّفٌ إنتاجيٌّ في المصدر؛ ويُطبع [ب٧-ف٣-مث١١] (يُحوَّل عند الإخراج)
book/الجزء-الثالث/الباب-السابع/ف03-أ-الاستيضاح-وإعادة-الصياغة.md	216	7	رمز المثال	[م٣-ب٧-ف٣-مث١٢]	يُحفظ	معرّفٌ إنتاجيٌّ في المصدر؛ ويُطبع [ب٧-ف٣-مث١٢] (يُحوَّل عند الإخراج)
book/الجزء-الثالث/الباب-السابع/ف03-أ-الاستيضاح-وإعادة-الصياغة.md	224	7	رمز المثال	[م٣-ب٧-ف٣-مث١٣]	يُحفظ	معرّفٌ إنتاجيٌّ في المصدر؛ ويُطبع [ب٧-ف٣-مث١٣] (يُحوَّل عند الإخراج)
book/الجزء-الثالث/الباب-السابع/ف03-أ-الاستيضاح-وإعادة-الصياغة.md	227	7	رمز المثال	[م٣-ب٧-ف٣-مث١٤]	يُحفظ	معرّفٌ إنتاجيٌّ في المصدر؛ ويُطبع [ب٧-ف٣-مث١٤] (يُحوَّل عند الإخراج)
book/الجزء-الثالث/الباب-السابع/ف03-أ-الاستيضاح-وإعادة-الصياغة.md	230	7	رمز المثال	[م٣-ب٧-ف٣-مث١٥]	يُحفظ	معرّفٌ إنتاجيٌّ في المصدر؛ ويُطبع [ب٧-ف٣-مث١٥] (يُحوَّل عند الإخراج)
book/الجزء-الثالث/الباب-السابع/ف03-أ-الاستيضاح-وإعادة-الصياغة.md	233	7	رمز المثال	[م٣-ب٧-ف٣-مث١٦]	يُحفظ	معرّفٌ إنتاجيٌّ في المصدر؛ ويُطبع [ب٧-ف٣-مث١٦] (يُحوَّل عند الإخراج)
book/الجزء-الثالث/الباب-السابع/ف03-أ-الاستيضاح-وإعادة-الصياغة.md	242	7	رمز المثال	[م٣-ب٧-ف٣-مث١٧]	يُحفظ	معرّفٌ إنتاجيٌّ في المصدر؛ ويُطبع [ب٧-ف٣-مث١٧] (يُحوَّل عند الإخراج)
book/الجزء-الثالث/الباب-السابع/ف03-أ-الاستيضاح-وإعادة-الصياغة.md	244	7	رمز المثال	[م٣-ب٧-ف٣-مث١٨]	يُحفظ	معرّفٌ إنتاجيٌّ في المصدر؛ ويُطبع [ب٧-ف٣-مث١٨] (يُحوَّل عند الإخراج)
book/الجزء-الثالث/الباب-السابع/ف03-ب-الاستيضاح-التطبيق-والتقويم.md	121	7	هذا الجزء	هذا الجزء	مراجعة بشرية	قراءة مقترحة: استعمالٌ لغويٌّ عام، لا بنية الكتاب؛ يُحفظ
book/الجزء-الثالث/الباب-السابع/ف04-أ-المداخلة-والمناقشة.md	5	7	المستوى ن	المستوى ٦	يُصحّح	المستوى 7
book/الجزء-الثالث/الباب-السابع/ف04-أ-المداخلة-والمناقشة.md	169	7	رمز المثال	[م٣-ب٧-ف٤-مث١]	يُحفظ	معرّفٌ إنتاجيٌّ في المصدر؛ ويُطبع [ب٧-ف٤-مث١] (يُحوَّل عند الإخراج)
book/الجزء-الثالث/الباب-السابع/ف04-أ-المداخلة-والمناقشة.md	173	7	رمز المثال	[م٣-ب٧-ف٤-مث٢]	يُحفظ	معرّفٌ إنتاجيٌّ في المصدر؛ ويُطبع [ب٧-ف٤-مث٢] (يُحوَّل عند الإخراج)
book/الجزء-الثالث/الباب-السابع/ف04-أ-المداخلة-والمناقشة.md	176	7	رمز المثال	[م٣-ب٧-ف٤-مث٣]	يُحفظ	معرّفٌ إنتاجيٌّ في المصدر؛ ويُطبع [ب٧-ف٤-مث٣] (يُحوَّل عند الإخراج)
book/الجزء-الثالث/الباب-السابع/ف04-أ-المداخلة-والمناقشة.md	180	7	رمز المثال	[م٣-ب٧-ف٤-مث٤]	يُحفظ	معرّفٌ إنتاجيٌّ في المصدر؛ ويُطبع [ب٧-ف٤-مث٤] (يُحوَّل عند الإخراج)
book/الجزء-الثالث/الباب-السابع/ف04-أ-المداخلة-والمناقشة.md	183	7	رمز المثال	[م٣-ب٧-ف٤-مث٥]	يُحفظ	معرّفٌ إنتاجيٌّ في المصدر؛ ويُطبع [ب٧-ف٤-مث٥] (يُحوَّل عند الإخراج)
book/الجزء-الثالث/الباب-السابع/ف04-أ-المداخلة-والمناقشة.md	188	7	رمز المثال	[م٣-ب٧-ف٤-مث٦]	يُحفظ	معرّفٌ إنتاجيٌّ في المصدر؛ ويُطبع [ب٧-ف٤-مث٦] (يُحوَّل عند الإخراج)
book/الجزء-الثالث/الباب-السابع/ف04-أ-المداخلة-والمناقشة.md	191	7	رمز المثال	[م٣-ب٧-ف٤-مث٧]	يُحفظ	معرّفٌ إنتاجيٌّ في المصدر؛ ويُطبع [ب٧-ف٤-مث٧] (يُحوَّل عند الإخراج)
book/الجزء-الثالث/الباب-السابع/ف04-أ-المداخلة-والمناقشة.md	193	7	الجزء ن	الجزء الأول	مراجعة بشرية	قراءة مقترحة: استعمالٌ لغويٌّ عام، لا بنية الكتاب؛ يُحفظ
book/الجزء-الثالث/الباب-السابع/ف04-أ-المداخلة-والمناقشة.md	193	7	الجزء ن	الجزء الثاني	مراجعة بشرية	قراءة مقترحة: استعمالٌ لغويٌّ عام، لا بنية الكتاب؛ يُحفظ
book/الجزء-الثالث/الباب-السابع/ف04-أ-المداخلة-والمناقشة.md	195	7	رمز المثال	[م٣-ب٧-ف٤-مث٨]	يُحفظ	معرّفٌ إنتاجيٌّ في المصدر؛ ويُطبع [ب٧-ف٤-مث٨] (يُحوَّل عند الإخراج)
book/الجزء-الثالث/الباب-السابع/ف04-أ-المداخلة-والمناقشة.md	198	7	رمز المثال	[م٣-ب٧-ف٤-مث٩]	يُحفظ	معرّفٌ إنتاجيٌّ في المصدر؛ ويُطبع [ب٧-ف٤-مث٩] (يُحوَّل عند الإخراج)
book/الجزء-الثالث/الباب-السابع/ف04-أ-المداخلة-والمناقشة.md	204	7	رمز المثال	[م٣-ب٧-ف٤-مث١٠]	يُحفظ	معرّفٌ إنتاجيٌّ في المصدر؛ ويُطبع [ب٧-ف٤-مث١٠] (يُحوَّل عند الإخراج)
book/الجزء-الثالث/الباب-السابع/ف04-أ-المداخلة-والمناقشة.md	208	7	رمز المثال	[م٣-ب٧-ف٤-مث١١]	يُحفظ	معرّفٌ إنتاجيٌّ في المصدر؛ ويُطبع [ب٧-ف٤-مث١١] (يُحوَّل عند الإخراج)
book/الجزء-الثالث/الباب-السابع/ف04-أ-المداخلة-والمناقشة.md	211	7	رمز المثال	[م٣-ب٧-ف٤-مث١٢]	يُحفظ	معرّفٌ إنتاجيٌّ في المصدر؛ ويُطبع [ب٧-ف٤-مث١٢] (يُحوَّل عند الإخراج)
book/الجزء-الثالث/الباب-السابع/ف04-أ-المداخلة-والمناقشة.md	216	7	رمز المثال	[م٣-ب٧-ف٤-مث١٣]	يُحفظ	معرّفٌ إنتاجيٌّ في المصدر؛ ويُطبع [ب٧-ف٤-مث١٣] (يُحوَّل عند الإخراج)
book/الجزء-الثالث/الباب-السابع/ف04-أ-المداخلة-والمناقشة.md	219	7	رمز المثال	[م٣-ب٧-ف٤-مث١٤]	يُحفظ	معرّفٌ إنتاجيٌّ في المصدر؛ ويُطبع [ب٧-ف٤-مث١٤] (يُحوَّل عند الإخراج)
book/الجزء-الثالث/الباب-السابع/ف04-أ-المداخلة-والمناقشة.md	223	7	رمز المثال	[م٣-ب٧-ف٤-مث١٥]	يُحفظ	معرّفٌ إنتاجيٌّ في المصدر؛ ويُطبع [ب٧-ف٤-مث١٥] (يُحوَّل عند الإخراج)
book/الجزء-الثالث/الباب-السابع/ف04-أ-المداخلة-والمناقشة.md	229	7	رمز المثال	[م٣-ب٧-ف٤-مث١٦]	يُحفظ	معرّفٌ إنتاجيٌّ في المصدر؛ ويُطبع [ب٧-ف٤-مث١٦] (يُحوَّل عند الإخراج)
book/الجزء-الثالث/الباب-السابع/ف04-أ-المداخلة-والمناقشة.md	231	7	رمز المثال	[م٣-ب٧-ف٤-مث١٧]	يُحفظ	معرّفٌ إنتاجيٌّ في المصدر؛ ويُطبع [ب٧-ف٤-مث١٧] (يُحوَّل عند الإخراج)
book/الجزء-الثالث/الباب-السابع/ف04-أ-المداخلة-والمناقشة.md	233	7	رمز المثال	[م٣-ب٧-ف٤-مث١٨]	يُحفظ	معرّفٌ إنتاجيٌّ في المصدر؛ ويُطبع [ب٧-ف٤-مث١٨] (يُحوَّل عند الإخراج)
book/الجزء-الثالث/الباب-السابع/ف04-ب-المداخلة-التطبيق-والتقويم.md	165	7	الجزء ن	الجزء الأول	مراجعة بشرية	قراءة مقترحة: استعمالٌ لغويٌّ عام، لا بنية الكتاب؛ يُحفظ
book/الجزء-الثالث/الباب-السابع/ف04-ب-المداخلة-التطبيق-والتقويم.md	165	7	الجزء ن	الجزء الثاني	مراجعة بشرية	قراءة مقترحة: استعمالٌ لغويٌّ عام، لا بنية الكتاب؛ يُحفظ
book/الجزء-الثالث/الباب-السابع/ف05-أ-الإقناع-المدخل-والدرس-الأول.md	5	7	المستوى ن	المستوى ٦	يُصحّح	المستوى 7
book/الجزء-الثالث/الباب-السابع/ف05-أ-الإقناع-المدخل-والدرس-الأول.md	194	7	رمز المثال	[م٣-ب٧-ف٥-مث١]	يُحفظ	معرّفٌ إنتاجيٌّ في المصدر؛ ويُطبع [ب٧-ف٥-مث١] (يُحوَّل عند الإخراج)
book/الجزء-الثالث/الباب-السابع/ف05-أ-الإقناع-المدخل-والدرس-الأول.md	198	7	رمز المثال	[م٣-ب٧-ف٥-مث٢]	يُحفظ	معرّفٌ إنتاجيٌّ في المصدر؛ ويُطبع [ب٧-ف٥-مث٢] (يُحوَّل عند الإخراج)
book/الجزء-الثالث/الباب-السابع/ف05-أ-الإقناع-المدخل-والدرس-الأول.md	202	7	رمز المثال	[م٣-ب٧-ف٥-مث٣]	يُحفظ	معرّفٌ إنتاجيٌّ في المصدر؛ ويُطبع [ب٧-ف٥-مث٣] (يُحوَّل عند الإخراج)
book/الجزء-الثالث/الباب-السابع/ف05-أ-الإقناع-المدخل-والدرس-الأول.md	206	7	رمز المثال	[م٣-ب٧-ف٥-مث٤]	يُحفظ	معرّفٌ إنتاجيٌّ في المصدر؛ ويُطبع [ب٧-ف٥-مث٤] (يُحوَّل عند الإخراج)
book/الجزء-الثالث/الباب-السابع/ف05-أ-الإقناع-المدخل-والدرس-الأول.md	227	7	رمز المثال	[م٣-ب٧-ف٥-مث٥]	يُحفظ	معرّفٌ إنتاجيٌّ في المصدر؛ ويُطبع [ب٧-ف٥-مث٥] (يُحوَّل عند الإخراج)
book/الجزء-الثالث/الباب-السابع/ف05-أ-الإقناع-المدخل-والدرس-الأول.md	232	7	رمز المثال	[م٣-ب٧-ف٥-مث٦]	يُحفظ	معرّفٌ إنتاجيٌّ في المصدر؛ ويُطبع [ب٧-ف٥-مث٦] (يُحوَّل عند الإخراج)
book/الجزء-الثالث/الباب-السابع/ف05-أ-الإقناع-المدخل-والدرس-الأول.md	238	7	رمز المثال	[م٣-ب٧-ف٥-مث٧]	يُحفظ	معرّفٌ إنتاجيٌّ في المصدر؛ ويُطبع [ب٧-ف٥-مث٧] (يُحوَّل عند الإخراج)
book/الجزء-الثالث/الباب-السابع/ف05-أ-الإقناع-المدخل-والدرس-الأول.md	242	7	رمز المثال	[م٣-ب٧-ف٥-مث٨]	يُحفظ	معرّفٌ إنتاجيٌّ في المصدر؛ ويُطبع [ب٧-ف٥-مث٨] (يُحوَّل عند الإخراج)
book/الجزء-الثالث/الباب-السابع/ف05-أ-الإقناع-المدخل-والدرس-الأول.md	249	7	رمز المثال	[م٣-ب٧-ف٥-مث٩]	يُحفظ	معرّفٌ إنتاجيٌّ في المصدر؛ ويُطبع [ب٧-ف٥-مث٩] (يُحوَّل عند الإخراج)
book/الجزء-الثالث/الباب-السابع/ف05-أ-الإقناع-المدخل-والدرس-الأول.md	253	7	رمز المثال	[م٣-ب٧-ف٥-مث١٠]	يُحفظ	معرّفٌ إنتاجيٌّ في المصدر؛ ويُطبع [ب٧-ف٥-مث١٠] (يُحوَّل عند الإخراج)
book/الجزء-الثالث/الباب-السابع/ف05-أ-الإقناع-المدخل-والدرس-الأول.md	259	7	رمز المثال	[م٣-ب٧-ف٥-مث١١]	يُحفظ	معرّفٌ إنتاجيٌّ في المصدر؛ ويُطبع [ب٧-ف٥-مث١١] (يُحوَّل عند الإخراج)
book/الجزء-الثالث/الباب-السابع/ف05-أ-الإقناع-المدخل-والدرس-الأول.md	263	7	رمز المثال	[م٣-ب٧-ف٥-مث١٢]	يُحفظ	معرّفٌ إنتاجيٌّ في المصدر؛ ويُطبع [ب٧-ف٥-مث١٢] (يُحوَّل عند الإخراج)
book/الجزء-الثالث/الباب-السابع/ف05-أ-الإقناع-المدخل-والدرس-الأول.md	267	7	رمز المثال	[م٣-ب٧-ف٥-مث١٣]	يُحفظ	معرّفٌ إنتاجيٌّ في المصدر؛ ويُطبع [ب٧-ف٥-مث١٣] (يُحوَّل عند الإخراج)
book/الجزء-الثالث/الباب-السابع/ف05-أ-الإقناع-المدخل-والدرس-الأول.md	279	7	رمز المثال	[م٣-ب٧-ف٥-مث١٤]	يُحفظ	معرّفٌ إنتاجيٌّ في المصدر؛ ويُطبع [ب٧-ف٥-مث١٤] (يُحوَّل عند الإخراج)
book/الجزء-الثالث/الباب-السابع/ف05-أ-الإقناع-المدخل-والدرس-الأول.md	283	7	رمز المثال	[م٣-ب٧-ف٥-مث١٥]	يُحفظ	معرّفٌ إنتاجيٌّ في المصدر؛ ويُطبع [ب٧-ف٥-مث١٥] (يُحوَّل عند الإخراج)
book/الجزء-الثالث/الباب-السابع/ف05-أ-الإقناع-المدخل-والدرس-الأول.md	287	7	رمز المثال	[م٣-ب٧-ف٥-مث١٦]	يُحفظ	معرّفٌ إنتاجيٌّ في المصدر؛ ويُطبع [ب٧-ف٥-مث١٦] (يُحوَّل عند الإخراج)
book/الجزء-الثالث/الباب-السابع/ف05-أ-الإقناع-المدخل-والدرس-الأول.md	301	7	رمز المثال	[م٣-ب٧-ف٥-مث١٧]	يُحفظ	معرّفٌ إنتاجيٌّ في المصدر؛ ويُطبع [ب٧-ف٥-مث١٧] (يُحوَّل عند الإخراج)
book/الجزء-الثالث/الباب-السابع/ف05-أ-الإقناع-المدخل-والدرس-الأول.md	306	7	رمز المثال	[م٣-ب٧-ف٥-مث١٨]	يُحفظ	معرّفٌ إنتاجيٌّ في المصدر؛ ويُطبع [ب٧-ف٥-مث١٨] (يُحوَّل عند الإخراج)
book/الجزء-الثالث/الباب-السابع/ف05-أ-الإقناع-المدخل-والدرس-الأول.md	310	7	رمز المثال	[م٣-ب٧-ف٥-مث١٩]	يُحفظ	معرّفٌ إنتاجيٌّ في المصدر؛ ويُطبع [ب٧-ف٥-مث١٩] (يُحوَّل عند الإخراج)
book/الجزء-الثالث/الباب-السابع/ف05-أ-الإقناع-المدخل-والدرس-الأول.md	314	7	رمز المثال	[م٣-ب٧-ف٥-مث٢٠]	يُحفظ	معرّفٌ إنتاجيٌّ في المصدر؛ ويُطبع [ب٧-ف٥-مث٢٠] (يُحوَّل عند الإخراج)
book/الجزء-الثالث/الباب-السابع/ف05-أ-الإقناع-المدخل-والدرس-الأول.md	318	7	رمز المثال	[م٣-ب٧-ف٥-مث٢١]	يُحفظ	معرّفٌ إنتاجيٌّ في المصدر؛ ويُطبع [ب٧-ف٥-مث٢١] (يُحوَّل عند الإخراج)
book/الجزء-الثالث/الباب-السابع/ف05-أ-الإقناع-المدخل-والدرس-الأول.md	328	7	رمز المثال	[م٣-ب٧-ف٥-مث٢٢]	يُحفظ	معرّفٌ إنتاجيٌّ في المصدر؛ ويُطبع [ب٧-ف٥-مث٢٢] (يُحوَّل عند الإخراج)
book/الجزء-الثالث/الباب-السابع/ف05-أ-الإقناع-المدخل-والدرس-الأول.md	332	7	رمز المثال	[م٣-ب٧-ف٥-مث٢٣]	يُحفظ	معرّفٌ إنتاجيٌّ في المصدر؛ ويُطبع [ب٧-ف٥-مث٢٣] (يُحوَّل عند الإخراج)
book/الجزء-الثالث/الباب-السابع/ف05-أ-الإقناع-المدخل-والدرس-الأول.md	336	7	رمز المثال	[م٣-ب٧-ف٥-مث٢٤]	يُحفظ	معرّفٌ إنتاجيٌّ في المصدر؛ ويُطبع [ب٧-ف٥-مث٢٤] (يُحوَّل عند الإخراج)
book/الجزء-الثالث/الباب-السابع/ف05-أ-الإقناع-المدخل-والدرس-الأول.md	355	7	رمز المثال	[م٣-ب٧-ف٥-مث٢٥]	يُحفظ	معرّفٌ إنتاجيٌّ في المصدر؛ ويُطبع [ب٧-ف٥-مث٢٥] (يُحوَّل عند الإخراج)
book/الجزء-الثالث/الباب-السابع/ف05-أ-الإقناع-المدخل-والدرس-الأول.md	357	7	رمز المثال	[م٣-ب٧-ف٥-مث٢٦]	يُحفظ	معرّفٌ إنتاجيٌّ في المصدر؛ ويُطبع [ب٧-ف٥-مث٢٦] (يُحوَّل عند الإخراج)
book/الجزء-الثالث/الباب-السابع/ف05-أ-الإقناع-المدخل-والدرس-الأول.md	359	7	رمز المثال	[م٣-ب٧-ف٥-مث٢٧]	يُحفظ	معرّفٌ إنتاجيٌّ في المصدر؛ ويُطبع [ب٧-ف٥-مث٢٧] (يُحوَّل عند الإخراج)
book/الجزء-الثالث/الباب-السابع/ف05-أ-الإقناع-المدخل-والدرس-الأول.md	361	7	رمز المثال	[م٣-ب٧-ف٥-مث٢٨]	يُحفظ	معرّفٌ إنتاجيٌّ في المصدر؛ ويُطبع [ب٧-ف٥-مث٢٨] (يُحوَّل عند الإخراج)
book/الجزء-الثالث/الباب-السابع/ف05-أ-الإقناع-المدخل-والدرس-الأول.md	363	7	رمز المثال	[م٣-ب٧-ف٥-مث٢٩]	يُحفظ	معرّفٌ إنتاجيٌّ في المصدر؛ ويُطبع [ب٧-ف٥-مث٢٩] (يُحوَّل عند الإخراج)
book/الجزء-الثالث/الباب-السابع/ف05-ب-الإقناع-الدرس-الثاني.md	36	7	رمز المثال	[م٣-ب٧-ف٥-مث٣٠]	يُحفظ	معرّفٌ إنتاجيٌّ في المصدر؛ ويُطبع [ب٧-ف٥-مث٣٠] (يُحوَّل عند الإخراج)
book/الجزء-الثالث/الباب-السابع/ف05-ب-الإقناع-الدرس-الثاني.md	40	7	رمز المثال	[م٣-ب٧-ف٥-مث٣١]	يُحفظ	معرّفٌ إنتاجيٌّ في المصدر؛ ويُطبع [ب٧-ف٥-مث٣١] (يُحوَّل عند الإخراج)
book/الجزء-الثالث/الباب-السابع/ف05-ب-الإقناع-الدرس-الثاني.md	44	7	رمز المثال	[م٣-ب٧-ف٥-مث٣٢]	يُحفظ	معرّفٌ إنتاجيٌّ في المصدر؛ ويُطبع [ب٧-ف٥-مث٣٢] (يُحوَّل عند الإخراج)
book/الجزء-الثالث/الباب-السابع/ف05-ب-الإقناع-الدرس-الثاني.md	48	7	رمز المثال	[م٣-ب٧-ف٥-مث٣٣]	يُحفظ	معرّفٌ إنتاجيٌّ في المصدر؛ ويُطبع [ب٧-ف٥-مث٣٣] (يُحوَّل عند الإخراج)
book/الجزء-الثالث/الباب-السابع/ف05-ب-الإقناع-الدرس-الثاني.md	52	7	رمز المثال	[م٣-ب٧-ف٥-مث٣٤]	يُحفظ	معرّفٌ إنتاجيٌّ في المصدر؛ ويُطبع [ب٧-ف٥-مث٣٤] (يُحوَّل عند الإخراج)
book/الجزء-الثالث/الباب-السابع/ف05-ب-الإقناع-الدرس-الثاني.md	56	7	رمز المثال	[م٣-ب٧-ف٥-مث٣٥]	يُحفظ	معرّفٌ إنتاجيٌّ في المصدر؛ ويُطبع [ب٧-ف٥-مث٣٥] (يُحوَّل عند الإخراج)
book/الجزء-الثالث/الباب-السابع/ف05-ب-الإقناع-الدرس-الثاني.md	60	7	رمز المثال	[م٣-ب٧-ف٥-مث٣٦]	يُحفظ	معرّفٌ إنتاجيٌّ في المصدر؛ ويُطبع [ب٧-ف٥-مث٣٦] (يُحوَّل عند الإخراج)
book/الجزء-الثالث/الباب-السابع/ف05-ب-الإقناع-الدرس-الثاني.md	64	7	رمز المثال	[م٣-ب٧-ف٥-مث٣٧]	يُحفظ	معرّفٌ إنتاجيٌّ في المصدر؛ ويُطبع [ب٧-ف٥-مث٣٧] (يُحوَّل عند الإخراج)
book/الجزء-الثالث/الباب-السابع/ف05-ب-الإقناع-الدرس-الثاني.md	147	7	رمز المثال	[م٣-ب٧-ف٥-مث٣٨]	يُحفظ	معرّفٌ إنتاجيٌّ في المصدر؛ ويُطبع [ب٧-ف٥-مث٣٨] (يُحوَّل عند الإخراج)
book/الجزء-الثالث/الباب-السابع/ف05-ب-الإقناع-الدرس-الثاني.md	151	7	رمز المثال	[م٣-ب٧-ف٥-مث٣٩]	يُحفظ	معرّفٌ إنتاجيٌّ في المصدر؛ ويُطبع [ب٧-ف٥-مث٣٩] (يُحوَّل عند الإخراج)
book/الجزء-الثالث/الباب-السابع/ف05-ب-الإقناع-الدرس-الثاني.md	155	7	رمز المثال	[م٣-ب٧-ف٥-مث٤٠]	يُحفظ	معرّفٌ إنتاجيٌّ في المصدر؛ ويُطبع [ب٧-ف٥-مث٤٠] (يُحوَّل عند الإخراج)
book/الجزء-الثالث/الباب-السابع/ف05-ب-الإقناع-الدرس-الثاني.md	159	7	رمز المثال	[م٣-ب٧-ف٥-مث٤١]	يُحفظ	معرّفٌ إنتاجيٌّ في المصدر؛ ويُطبع [ب٧-ف٥-مث٤١] (يُحوَّل عند الإخراج)
book/الجزء-الثالث/الباب-السابع/ف05-ب-الإقناع-الدرس-الثاني.md	181	7	رمز المثال	[م٣-ب٧-ف٥-مث٤٢]	يُحفظ	معرّفٌ إنتاجيٌّ في المصدر؛ ويُطبع [ب٧-ف٥-مث٤٢] (يُحوَّل عند الإخراج)
book/الجزء-الثالث/الباب-السابع/ف05-ب-الإقناع-الدرس-الثاني.md	185	7	رمز المثال	[م٣-ب٧-ف٥-مث٤٣]	يُحفظ	معرّفٌ إنتاجيٌّ في المصدر؛ ويُطبع [ب٧-ف٥-مث٤٣] (يُحوَّل عند الإخراج)
book/الجزء-الثالث/الباب-السابع/ف05-ب-الإقناع-الدرس-الثاني.md	189	7	رمز المثال	[م٣-ب٧-ف٥-مث٤٤]	يُحفظ	معرّفٌ إنتاجيٌّ في المصدر؛ ويُطبع [ب٧-ف٥-مث٤٤] (يُحوَّل عند الإخراج)
book/الجزء-الثالث/الباب-السابع/ف05-ب-الإقناع-الدرس-الثاني.md	193	7	رمز المثال	[م٣-ب٧-ف٥-مث٤٥]	يُحفظ	معرّفٌ إنتاجيٌّ في المصدر؛ ويُطبع [ب٧-ف٥-مث٤٥] (يُحوَّل عند الإخراج)
book/الجزء-الثالث/الباب-السابع/ف05-ب-الإقناع-الدرس-الثاني.md	210	7	رمز المثال	[م٣-ب٧-ف٥-مث٤٦]	يُحفظ	معرّفٌ إنتاجيٌّ في المصدر؛ ويُطبع [ب٧-ف٥-مث٤٦] (يُحوَّل عند الإخراج)
book/الجزء-الثالث/الباب-السابع/ف05-ب-الإقناع-الدرس-الثاني.md	214	7	رمز المثال	[م٣-ب٧-ف٥-مث٤٧]	يُحفظ	معرّفٌ إنتاجيٌّ في المصدر؛ ويُطبع [ب٧-ف٥-مث٤٧] (يُحوَّل عند الإخراج)
book/الجزء-الثالث/الباب-السابع/ف05-ب-الإقناع-الدرس-الثاني.md	218	7	رمز المثال	[م٣-ب٧-ف٥-مث٤٨]	يُحفظ	معرّفٌ إنتاجيٌّ في المصدر؛ ويُطبع [ب٧-ف٥-مث٤٨] (يُحوَّل عند الإخراج)
book/الجزء-الثالث/الباب-السابع/ف05-ب-الإقناع-الدرس-الثاني.md	233	7	رمز المثال	[م٣-ب٧-ف٥-مث٤٩]	يُحفظ	معرّفٌ إنتاجيٌّ في المصدر؛ ويُطبع [ب٧-ف٥-مث٤٩] (يُحوَّل عند الإخراج)
book/الجزء-الثالث/الباب-السابع/ف05-ب-الإقناع-الدرس-الثاني.md	237	7	رمز المثال	[م٣-ب٧-ف٥-مث٥٠]	يُحفظ	معرّفٌ إنتاجيٌّ في المصدر؛ ويُطبع [ب٧-ف٥-مث٥٠] (يُحوَّل عند الإخراج)
book/الجزء-الثالث/الباب-السابع/ف05-ب-الإقناع-الدرس-الثاني.md	241	7	رمز المثال	[م٣-ب٧-ف٥-مث٥١]	يُحفظ	معرّفٌ إنتاجيٌّ في المصدر؛ ويُطبع [ب٧-ف٥-مث٥١] (يُحوَّل عند الإخراج)
book/الجزء-الثالث/الباب-السابع/ف05-ب-الإقناع-الدرس-الثاني.md	320	7	رمز المثال	[م٣-ب٧-ف٥-مث٥٢]	يُحفظ	معرّفٌ إنتاجيٌّ في المصدر؛ ويُطبع [ب٧-ف٥-مث٥٢] (يُحوَّل عند الإخراج)
book/الجزء-الثالث/الباب-السابع/ف06-أ-المناظرة-وأدبها.md	5	7	المستوى ن	المستوى ٦	يُصحّح	المستوى 7
book/الجزء-الثالث/الباب-السابع/ف06-أ-المناظرة-وأدبها.md	172	7	رمز المثال	[م٣-ب٧-ف٦-مث١]	يُحفظ	معرّفٌ إنتاجيٌّ في المصدر؛ ويُطبع [ب٧-ف٦-مث١] (يُحوَّل عند الإخراج)
book/الجزء-الثالث/الباب-السابع/ف06-أ-المناظرة-وأدبها.md	176	7	رمز المثال	[م٣-ب٧-ف٦-مث٢]	يُحفظ	معرّفٌ إنتاجيٌّ في المصدر؛ ويُطبع [ب٧-ف٦-مث٢] (يُحوَّل عند الإخراج)
book/الجزء-الثالث/الباب-السابع/ف06-أ-المناظرة-وأدبها.md	179	7	رمز المثال	[م٣-ب٧-ف٦-مث٣]	يُحفظ	معرّفٌ إنتاجيٌّ في المصدر؛ ويُطبع [ب٧-ف٦-مث٣] (يُحوَّل عند الإخراج)
book/الجزء-الثالث/الباب-السابع/ف06-أ-المناظرة-وأدبها.md	182	7	رمز المثال	[م٣-ب٧-ف٦-مث٤]	يُحفظ	معرّفٌ إنتاجيٌّ في المصدر؛ ويُطبع [ب٧-ف٦-مث٤] (يُحوَّل عند الإخراج)
book/الجزء-الثالث/الباب-السابع/ف06-أ-المناظرة-وأدبها.md	187	7	رمز المثال	[م٣-ب٧-ف٦-مث٥]	يُحفظ	معرّفٌ إنتاجيٌّ في المصدر؛ ويُطبع [ب٧-ف٦-مث٥] (يُحوَّل عند الإخراج)
book/الجزء-الثالث/الباب-السابع/ف06-أ-المناظرة-وأدبها.md	188	7	هذا الجزء	هذا الجزء	مراجعة بشرية	قراءة مقترحة: استعمالٌ لغويٌّ عام، لا بنية الكتاب؛ يُحفظ
book/الجزء-الثالث/الباب-السابع/ف06-أ-المناظرة-وأدبها.md	190	7	رمز المثال	[م٣-ب٧-ف٦-مث٦]	يُحفظ	معرّفٌ إنتاجيٌّ في المصدر؛ ويُطبع [ب٧-ف٦-مث٦] (يُحوَّل عند الإخراج)
book/الجزء-الثالث/الباب-السابع/ف06-أ-المناظرة-وأدبها.md	193	7	رمز المثال	[م٣-ب٧-ف٦-مث٧]	يُحفظ	معرّفٌ إنتاجيٌّ في المصدر؛ ويُطبع [ب٧-ف٦-مث٧] (يُحوَّل عند الإخراج)
book/الجزء-الثالث/الباب-السابع/ف06-أ-المناظرة-وأدبها.md	198	7	رمز المثال	[م٣-ب٧-ف٦-مث٨]	يُحفظ	معرّفٌ إنتاجيٌّ في المصدر؛ ويُطبع [ب٧-ف٦-مث٨] (يُحوَّل عند الإخراج)
book/الجزء-الثالث/الباب-السابع/ف06-أ-المناظرة-وأدبها.md	202	7	رمز المثال	[م٣-ب٧-ف٦-مث٩]	يُحفظ	معرّفٌ إنتاجيٌّ في المصدر؛ ويُطبع [ب٧-ف٦-مث٩] (يُحوَّل عند الإخراج)
book/الجزء-الثالث/الباب-السابع/ف06-أ-المناظرة-وأدبها.md	206	7	رمز المثال	[م٣-ب٧-ف٦-مث١٠]	يُحفظ	معرّفٌ إنتاجيٌّ في المصدر؛ ويُطبع [ب٧-ف٦-مث١٠] (يُحوَّل عند الإخراج)
book/الجزء-الثالث/الباب-السابع/ف06-أ-المناظرة-وأدبها.md	210	7	رمز المثال	[م٣-ب٧-ف٦-مث١١]	يُحفظ	معرّفٌ إنتاجيٌّ في المصدر؛ ويُطبع [ب٧-ف٦-مث١١] (يُحوَّل عند الإخراج)
book/الجزء-الثالث/الباب-السابع/ف06-أ-المناظرة-وأدبها.md	216	7	رمز المثال	[م٣-ب٧-ف٦-مث١٢]	يُحفظ	معرّفٌ إنتاجيٌّ في المصدر؛ ويُطبع [ب٧-ف٦-مث١٢] (يُحوَّل عند الإخراج)
book/الجزء-الثالث/الباب-السابع/ف06-أ-المناظرة-وأدبها.md	219	7	رمز المثال	[م٣-ب٧-ف٦-مث١٣]	يُحفظ	معرّفٌ إنتاجيٌّ في المصدر؛ ويُطبع [ب٧-ف٦-مث١٣] (يُحوَّل عند الإخراج)
book/الجزء-الثالث/الباب-السابع/ف06-أ-المناظرة-وأدبها.md	222	7	رمز المثال	[م٣-ب٧-ف٦-مث١٤]	يُحفظ	معرّفٌ إنتاجيٌّ في المصدر؛ ويُطبع [ب٧-ف٦-مث١٤] (يُحوَّل عند الإخراج)
book/الجزء-الثالث/الباب-السابع/ف06-أ-المناظرة-وأدبها.md	225	7	رمز المثال	[م٣-ب٧-ف٦-مث١٥]	يُحفظ	معرّفٌ إنتاجيٌّ في المصدر؛ ويُطبع [ب٧-ف٦-مث١٥] (يُحوَّل عند الإخراج)
book/الجزء-الثالث/الباب-السابع/ف07-أ-النقد-والنصيحة-المدخل-والدرس-الأول.md	5	7	المستوى ن	المستوى ٦	يُصحّح	المستوى 7
book/الجزء-الثالث/الباب-السابع/ف07-أ-النقد-والنصيحة-المدخل-والدرس-الأول.md	123	7	هذا الجزء	هذا الجزء	مراجعة بشرية	قراءة مقترحة: استعمالٌ لغويٌّ عام، لا بنية الكتاب؛ يُحفظ
book/الجزء-الثالث/الباب-السابع/ف07-أ-النقد-والنصيحة-المدخل-والدرس-الأول.md	126	7	رمز المثال	[م٣-ب٧-ف٧-مث١]	يُحفظ	معرّفٌ إنتاجيٌّ في المصدر؛ ويُطبع [ب٧-ف٧-مث١] (يُحوَّل عند الإخراج)
book/الجزء-الثالث/الباب-السابع/ف07-أ-النقد-والنصيحة-المدخل-والدرس-الأول.md	130	7	رمز المثال	[م٣-ب٧-ف٧-مث٢]	يُحفظ	معرّفٌ إنتاجيٌّ في المصدر؛ ويُطبع [ب٧-ف٧-مث٢] (يُحوَّل عند الإخراج)
book/الجزء-الثالث/الباب-السابع/ف07-أ-النقد-والنصيحة-المدخل-والدرس-الأول.md	134	7	رمز المثال	[م٣-ب٧-ف٧-مث٣]	يُحفظ	معرّفٌ إنتاجيٌّ في المصدر؛ ويُطبع [ب٧-ف٧-مث٣] (يُحوَّل عند الإخراج)
book/الجزء-الثالث/الباب-السابع/ف07-أ-النقد-والنصيحة-المدخل-والدرس-الأول.md	138	7	رمز المثال	[م٣-ب٧-ف٧-مث٤]	يُحفظ	معرّفٌ إنتاجيٌّ في المصدر؛ ويُطبع [ب٧-ف٧-مث٤] (يُحوَّل عند الإخراج)
book/الجزء-الثالث/الباب-السابع/ف07-أ-النقد-والنصيحة-المدخل-والدرس-الأول.md	142	7	رمز المثال	[م٣-ب٧-ف٧-مث٥]	يُحفظ	معرّفٌ إنتاجيٌّ في المصدر؛ ويُطبع [ب٧-ف٧-مث٥] (يُحوَّل عند الإخراج)
book/الجزء-الثالث/الباب-السابع/ف07-أ-النقد-والنصيحة-المدخل-والدرس-الأول.md	146	7	رمز المثال	[م٣-ب٧-ف٧-مث٦]	يُحفظ	معرّفٌ إنتاجيٌّ في المصدر؛ ويُطبع [ب٧-ف٧-مث٦] (يُحوَّل عند الإخراج)
book/الجزء-الثالث/الباب-السابع/ف07-أ-النقد-والنصيحة-المدخل-والدرس-الأول.md	148	7	هذا الجزء	هذا الجزء	مراجعة بشرية	قراءة مقترحة: استعمالٌ لغويٌّ عام، لا بنية الكتاب؛ يُحفظ
book/الجزء-الثالث/الباب-السابع/ف07-أ-النقد-والنصيحة-المدخل-والدرس-الأول.md	154	7	رمز المثال	[م٣-ب٧-ف٧-مث٧]	يُحفظ	معرّفٌ إنتاجيٌّ في المصدر؛ ويُطبع [ب٧-ف٧-مث٧] (يُحوَّل عند الإخراج)
book/الجزء-الثالث/الباب-السابع/ف07-أ-النقد-والنصيحة-المدخل-والدرس-الأول.md	157	7	رمز المثال	[م٣-ب٧-ف٧-مث٨]	يُحفظ	معرّفٌ إنتاجيٌّ في المصدر؛ ويُطبع [ب٧-ف٧-مث٨] (يُحوَّل عند الإخراج)
book/الجزء-الثالث/الباب-السابع/ف07-أ-النقد-والنصيحة-المدخل-والدرس-الأول.md	160	7	رمز المثال	[م٣-ب٧-ف٧-مث٩]	يُحفظ	معرّفٌ إنتاجيٌّ في المصدر؛ ويُطبع [ب٧-ف٧-مث٩] (يُحوَّل عند الإخراج)
book/الجزء-الثالث/الباب-السابع/ف07-أ-النقد-والنصيحة-المدخل-والدرس-الأول.md	163	7	رمز المثال	[م٣-ب٧-ف٧-مث١٠]	يُحفظ	معرّفٌ إنتاجيٌّ في المصدر؛ ويُطبع [ب٧-ف٧-مث١٠] (يُحوَّل عند الإخراج)
book/الجزء-الثالث/الباب-السابع/ف07-أ-النقد-والنصيحة-المدخل-والدرس-الأول.md	166	7	رمز المثال	[م٣-ب٧-ف٧-مث١١]	يُحفظ	معرّفٌ إنتاجيٌّ في المصدر؛ ويُطبع [ب٧-ف٧-مث١١] (يُحوَّل عند الإخراج)
book/الجزء-الثالث/الباب-السابع/ف07-ب-النقد-والنصيحة-الدرس-الثاني.md	97	7	رمز المثال	[م٣-ب٧-ف٧-مث١٢]	يُحفظ	معرّفٌ إنتاجيٌّ في المصدر؛ ويُطبع [ب٧-ف٧-مث١٢] (يُحوَّل عند الإخراج)
book/الجزء-الثالث/الباب-السابع/ف07-ب-النقد-والنصيحة-الدرس-الثاني.md	101	7	رمز المثال	[م٣-ب٧-ف٧-مث١٣]	يُحفظ	معرّفٌ إنتاجيٌّ في المصدر؛ ويُطبع [ب٧-ف٧-مث١٣] (يُحوَّل عند الإخراج)
book/الجزء-الثالث/الباب-السابع/ف07-ب-النقد-والنصيحة-الدرس-الثاني.md	105	7	رمز المثال	[م٣-ب٧-ف٧-مث١٤]	يُحفظ	معرّفٌ إنتاجيٌّ في المصدر؛ ويُطبع [ب٧-ف٧-مث١٤] (يُحوَّل عند الإخراج)
book/الجزء-الثالث/الباب-السابع/ف07-ب-النقد-والنصيحة-الدرس-الثاني.md	109	7	رمز المثال	[م٣-ب٧-ف٧-مث١٥]	يُحفظ	معرّفٌ إنتاجيٌّ في المصدر؛ ويُطبع [ب٧-ف٧-مث١٥] (يُحوَّل عند الإخراج)
book/الجزء-الثالث/الباب-السابع/ف07-ب-النقد-والنصيحة-الدرس-الثاني.md	113	7	رمز المثال	[م٣-ب٧-ف٧-مث١٦]	يُحفظ	معرّفٌ إنتاجيٌّ في المصدر؛ ويُطبع [ب٧-ف٧-مث١٦] (يُحوَّل عند الإخراج)
book/الجزء-الثالث/الباب-السابع/ف07-ب-النقد-والنصيحة-الدرس-الثاني.md	116	7	رمز المثال	[م٣-ب٧-ف٧-مث١٧]	يُحفظ	معرّفٌ إنتاجيٌّ في المصدر؛ ويُطبع [ب٧-ف٧-مث١٧] (يُحوَّل عند الإخراج)
book/الجزء-الثالث/الباب-السابع/ف07-ب-النقد-والنصيحة-الدرس-الثاني.md	119	7	رمز المثال	[م٣-ب٧-ف٧-مث١٨]	يُحفظ	معرّفٌ إنتاجيٌّ في المصدر؛ ويُطبع [ب٧-ف٧-مث١٨] (يُحوَّل عند الإخراج)
book/الجزء-الثالث/الباب-السابع/ف07-ج-النقد-والنصيحة-التطبيق-والتقويم.md	270	7	إحالة	إلى الباب الثامن	يُصحّح	يُزاد المجلد: «في المجلد 8، …»
book/الجزء-الثالث/الباب-الثامن/00-فاتحة-الباب-الثامن.md	3	8	المستوى ن	المستوى ٧	يُصحّح	المستوى 8
book/الجزء-الثالث/الباب-الثامن/ف01-أ-المدخل-والدخول-والجلوس.md	5	8	المستوى ن	المستوى ٧	يُصحّح	المستوى 8
book/الجزء-الثالث/الباب-الثامن/ف01-أ-المدخل-والدخول-والجلوس.md	120	8	إحالة	انظر الباب الأول، الفصل الأول	يُصحّح	يُزاد المجلد: «في المجلد 1، …»
book/الجزء-الثالث/الباب-الثامن/ف01-أ-المدخل-والدخول-والجلوس.md	209	8	رمز المثال	[م٣-ب٨-ف١-مث١]	يُحفظ	معرّفٌ إنتاجيٌّ في المصدر؛ ويُطبع [ب٨-ف١-مث١] (يُحوَّل عند الإخراج)
book/الجزء-الثالث/الباب-الثامن/ف01-أ-المدخل-والدخول-والجلوس.md	213	8	رمز المثال	[م٣-ب٨-ف١-مث٢]	يُحفظ	معرّفٌ إنتاجيٌّ في المصدر؛ ويُطبع [ب٨-ف١-مث٢] (يُحوَّل عند الإخراج)
book/الجزء-الثالث/الباب-الثامن/ف01-أ-المدخل-والدخول-والجلوس.md	217	8	رمز المثال	[م٣-ب٨-ف١-مث٣]	يُحفظ	معرّفٌ إنتاجيٌّ في المصدر؛ ويُطبع [ب٨-ف١-مث٣] (يُحوَّل عند الإخراج)
book/الجزء-الثالث/الباب-الثامن/ف01-أ-المدخل-والدخول-والجلوس.md	221	8	رمز المثال	[م٣-ب٨-ف١-مث٤]	يُحفظ	معرّفٌ إنتاجيٌّ في المصدر؛ ويُطبع [ب٨-ف١-مث٤] (يُحوَّل عند الإخراج)
book/الجزء-الثالث/الباب-الثامن/ف01-أ-المدخل-والدخول-والجلوس.md	225	8	رمز المثال	[م٣-ب٨-ف١-مث٥]	يُحفظ	معرّفٌ إنتاجيٌّ في المصدر؛ ويُطبع [ب٨-ف١-مث٥] (يُحوَّل عند الإخراج)
book/الجزء-الثالث/الباب-الثامن/ف01-أ-المدخل-والدخول-والجلوس.md	229	8	رمز المثال	[م٣-ب٨-ف١-مث٦]	يُحفظ	معرّفٌ إنتاجيٌّ في المصدر؛ ويُطبع [ب٨-ف١-مث٦] (يُحوَّل عند الإخراج)
book/الجزء-الثالث/الباب-الثامن/ف01-أ-المدخل-والدخول-والجلوس.md	235	8	رمز المثال	[م٣-ب٨-ف١-مث٧]	يُحفظ	معرّفٌ إنتاجيٌّ في المصدر؛ ويُطبع [ب٨-ف١-مث٧] (يُحوَّل عند الإخراج)
book/الجزء-الثالث/الباب-الثامن/ف01-أ-المدخل-والدخول-والجلوس.md	239	8	رمز المثال	[م٣-ب٨-ف١-مث٨]	يُحفظ	معرّفٌ إنتاجيٌّ في المصدر؛ ويُطبع [ب٨-ف١-مث٨] (يُحوَّل عند الإخراج)
book/الجزء-الثالث/الباب-الثامن/ف01-أ-المدخل-والدخول-والجلوس.md	247	8	إحالة	انظر الباب الرابع، الفصل الرابع	يُصحّح	يُزاد المجلد: «في المجلد 4، …»
book/الجزء-الثالث/الباب-الثامن/ف01-أ-المدخل-والدخول-والجلوس.md	257	8	رمز المثال	[م٣-ب٨-ف١-مث٩]	يُحفظ	معرّفٌ إنتاجيٌّ في المصدر؛ ويُطبع [ب٨-ف١-مث٩] (يُحوَّل عند الإخراج)
book/الجزء-الثالث/الباب-الثامن/ف01-أ-المدخل-والدخول-والجلوس.md	261	8	رمز المثال	[م٣-ب٨-ف١-مث١٠]	يُحفظ	معرّفٌ إنتاجيٌّ في المصدر؛ ويُطبع [ب٨-ف١-مث١٠] (يُحوَّل عند الإخراج)
book/الجزء-الثالث/الباب-الثامن/ف01-أ-المدخل-والدخول-والجلوس.md	267	8	رمز المثال	[م٣-ب٨-ف١-مث١١]	يُحفظ	معرّفٌ إنتاجيٌّ في المصدر؛ ويُطبع [ب٨-ف١-مث١١] (يُحوَّل عند الإخراج)
book/الجزء-الثالث/الباب-الثامن/ف01-أ-المدخل-والدخول-والجلوس.md	271	8	رمز المثال	[م٣-ب٨-ف١-مث١٢]	يُحفظ	معرّفٌ إنتاجيٌّ في المصدر؛ ويُطبع [ب٨-ف١-مث١٢] (يُحوَّل عند الإخراج)
book/الجزء-الثالث/الباب-الثامن/ف01-أ-المدخل-والدخول-والجلوس.md	275	8	رمز المثال	[م٣-ب٨-ف١-مث١٣]	يُحفظ	معرّفٌ إنتاجيٌّ في المصدر؛ ويُطبع [ب٨-ف١-مث١٣] (يُحوَّل عند الإخراج)
book/الجزء-الثالث/الباب-الثامن/ف01-أ-المدخل-والدخول-والجلوس.md	279	8	رمز المثال	[م٣-ب٨-ف١-مث١٤]	يُحفظ	معرّفٌ إنتاجيٌّ في المصدر؛ ويُطبع [ب٨-ف١-مث١٤] (يُحوَّل عند الإخراج)
book/الجزء-الثالث/الباب-الثامن/ف01-أ-المدخل-والدخول-والجلوس.md	285	8	رمز المثال	[م٣-ب٨-ف١-مث١٥]	يُحفظ	معرّفٌ إنتاجيٌّ في المصدر؛ ويُطبع [ب٨-ف١-مث١٥] (يُحوَّل عند الإخراج)
book/الجزء-الثالث/الباب-الثامن/ف01-أ-المدخل-والدخول-والجلوس.md	289	8	رمز المثال	[م٣-ب٨-ف١-مث١٦]	يُحفظ	معرّفٌ إنتاجيٌّ في المصدر؛ ويُطبع [ب٨-ف١-مث١٦] (يُحوَّل عند الإخراج)
book/الجزء-الثالث/الباب-الثامن/ف01-أ-المدخل-والدخول-والجلوس.md	320	8	رمز المثال	[م٣-ب٨-ف١-مث١٧]	يُحفظ	معرّفٌ إنتاجيٌّ في المصدر؛ ويُطبع [ب٨-ف١-مث١٧] (يُحوَّل عند الإخراج)
book/الجزء-الثالث/الباب-الثامن/ف01-أ-المدخل-والدخول-والجلوس.md	324	8	رمز المثال	[م٣-ب٨-ف١-مث١٨]	يُحفظ	معرّفٌ إنتاجيٌّ في المصدر؛ ويُطبع [ب٨-ف١-مث١٨] (يُحوَّل عند الإخراج)
book/الجزء-الثالث/الباب-الثامن/ف01-أ-المدخل-والدخول-والجلوس.md	328	8	رمز المثال	[م٣-ب٨-ف١-مث١٩]	يُحفظ	معرّفٌ إنتاجيٌّ في المصدر؛ ويُطبع [ب٨-ف١-مث١٩] (يُحوَّل عند الإخراج)
book/الجزء-الثالث/الباب-الثامن/ف01-أ-المدخل-والدخول-والجلوس.md	332	8	رمز المثال	[م٣-ب٨-ف١-مث٢٠]	يُحفظ	معرّفٌ إنتاجيٌّ في المصدر؛ ويُطبع [ب٨-ف١-مث٢٠] (يُحوَّل عند الإخراج)
book/الجزء-الثالث/الباب-الثامن/ف01-أ-المدخل-والدخول-والجلوس.md	336	8	رمز المثال	[م٣-ب٨-ف١-مث٢١]	يُحفظ	معرّفٌ إنتاجيٌّ في المصدر؛ ويُطبع [ب٨-ف١-مث٢١] (يُحوَّل عند الإخراج)
book/الجزء-الثالث/الباب-الثامن/ف01-أ-المدخل-والدخول-والجلوس.md	340	8	رمز المثال	[م٣-ب٨-ف١-مث٢٢]	يُحفظ	معرّفٌ إنتاجيٌّ في المصدر؛ ويُطبع [ب٨-ف١-مث٢٢] (يُحوَّل عند الإخراج)
book/الجزء-الثالث/الباب-الثامن/ف01-أ-المدخل-والدخول-والجلوس.md	344	8	رمز المثال	[م٣-ب٨-ف١-مث٢٣]	يُحفظ	معرّفٌ إنتاجيٌّ في المصدر؛ ويُطبع [ب٨-ف١-مث٢٣] (يُحوَّل عند الإخراج)
book/الجزء-الثالث/الباب-الثامن/ف01-أ-المدخل-والدخول-والجلوس.md	348	8	رمز المثال	[م٣-ب٨-ف١-مث٢٤]	يُحفظ	معرّفٌ إنتاجيٌّ في المصدر؛ ويُطبع [ب٨-ف١-مث٢٤] (يُحوَّل عند الإخراج)
book/الجزء-الثالث/الباب-الثامن/ف01-أ-المدخل-والدخول-والجلوس.md	356	8	إحالة	انظر الباب السادس، الفصل الثامن	يُصحّح	يُزاد المجلد: «في المجلد 6، …»
book/الجزء-الثالث/الباب-الثامن/ف01-ب-الكلام-في-المجلس.md	35	8	رمز المثال	[م٣-ب٨-ف١-مث٢٥]	يُحفظ	معرّفٌ إنتاجيٌّ في المصدر؛ ويُطبع [ب٨-ف١-مث٢٥] (يُحوَّل عند الإخراج)
book/الجزء-الثالث/الباب-الثامن/ف01-ب-الكلام-في-المجلس.md	39	8	رمز المثال	[م٣-ب٨-ف١-مث٢٦]	يُحفظ	معرّفٌ إنتاجيٌّ في المصدر؛ ويُطبع [ب٨-ف١-مث٢٦] (يُحوَّل عند الإخراج)
book/الجزء-الثالث/الباب-الثامن/ف01-ب-الكلام-في-المجلس.md	43	8	رمز المثال	[م٣-ب٨-ف١-مث٢٧]	يُحفظ	معرّفٌ إنتاجيٌّ في المصدر؛ ويُطبع [ب٨-ف١-مث٢٧] (يُحوَّل عند الإخراج)
book/الجزء-الثالث/الباب-الثامن/ف01-ب-الكلام-في-المجلس.md	47	8	رمز المثال	[م٣-ب٨-ف١-مث٢٨]	يُحفظ	معرّفٌ إنتاجيٌّ في المصدر؛ ويُطبع [ب٨-ف١-مث٢٨] (يُحوَّل عند الإخراج)
book/الجزء-الثالث/الباب-الثامن/ف01-ب-الكلام-في-المجلس.md	65	8	رمز المثال	[م٣-ب٨-ف١-مث٢٩]	يُحفظ	معرّفٌ إنتاجيٌّ في المصدر؛ ويُطبع [ب٨-ف١-مث٢٩] (يُحوَّل عند الإخراج)
book/الجزء-الثالث/الباب-الثامن/ف01-ب-الكلام-في-المجلس.md	69	8	رمز المثال	[م٣-ب٨-ف١-مث٣٠]	يُحفظ	معرّفٌ إنتاجيٌّ في المصدر؛ ويُطبع [ب٨-ف١-مث٣٠] (يُحوَّل عند الإخراج)
book/الجزء-الثالث/الباب-الثامن/ف01-ب-الكلام-في-المجلس.md	73	8	رمز المثال	[م٣-ب٨-ف١-مث٣١]	يُحفظ	معرّفٌ إنتاجيٌّ في المصدر؛ ويُطبع [ب٨-ف١-مث٣١] (يُحوَّل عند الإخراج)
book/الجزء-الثالث/الباب-الثامن/ف01-ب-الكلام-في-المجلس.md	77	8	رمز المثال	[م٣-ب٨-ف١-مث٣٢]	يُحفظ	معرّفٌ إنتاجيٌّ في المصدر؛ ويُطبع [ب٨-ف١-مث٣٢] (يُحوَّل عند الإخراج)
book/الجزء-الثالث/الباب-الثامن/ف01-ب-الكلام-في-المجلس.md	85	8	إحالة	انظر الباب السابع، الفصل الأول	يُصحّح	يُزاد المجلد: «في المجلد 7، …»
book/الجزء-الثالث/الباب-الثامن/ف01-ب-الكلام-في-المجلس.md	94	8	رمز المثال	[م٣-ب٨-ف١-مث٣٣]	يُحفظ	معرّفٌ إنتاجيٌّ في المصدر؛ ويُطبع [ب٨-ف١-مث٣٣] (يُحوَّل عند الإخراج)
book/الجزء-الثالث/الباب-الثامن/ف01-ب-الكلام-في-المجلس.md	98	8	رمز المثال	[م٣-ب٨-ف١-مث٣٤]	يُحفظ	معرّفٌ إنتاجيٌّ في المصدر؛ ويُطبع [ب٨-ف١-مث٣٤] (يُحوَّل عند الإخراج)
book/الجزء-الثالث/الباب-الثامن/ف01-ب-الكلام-في-المجلس.md	102	8	رمز المثال	[م٣-ب٨-ف١-مث٣٥]	يُحفظ	معرّفٌ إنتاجيٌّ في المصدر؛ ويُطبع [ب٨-ف١-مث٣٥] (يُحوَّل عند الإخراج)
book/الجزء-الثالث/الباب-الثامن/ف01-ب-الكلام-في-المجلس.md	106	8	رمز المثال	[م٣-ب٨-ف١-مث٣٦]	يُحفظ	معرّفٌ إنتاجيٌّ في المصدر؛ ويُطبع [ب٨-ف١-مث٣٦] (يُحوَّل عند الإخراج)
book/الجزء-الثالث/الباب-الثامن/ف01-ب-الكلام-في-المجلس.md	112	8	رمز المثال	[م٣-ب٨-ف١-مث٣٧]	يُحفظ	معرّفٌ إنتاجيٌّ في المصدر؛ ويُطبع [ب٨-ف١-مث٣٧] (يُحوَّل عند الإخراج)
book/الجزء-الثالث/الباب-الثامن/ف01-ب-الكلام-في-المجلس.md	119	8	إحالة	انظر الباب السابع، الفصل الثالث	يُصحّح	يُزاد المجلد: «في المجلد 7، …»
book/الجزء-الثالث/الباب-الثامن/ف01-ب-الكلام-في-المجلس.md	121	8	رمز المثال	[م٣-ب٨-ف١-مث٣٨]	يُحفظ	معرّفٌ إنتاجيٌّ في المصدر؛ ويُطبع [ب٨-ف١-مث٣٨] (يُحوَّل عند الإخراج)
book/الجزء-الثالث/الباب-الثامن/ف01-ب-الكلام-في-المجلس.md	125	8	رمز المثال	[م٣-ب٨-ف١-مث٣٩]	يُحفظ	معرّفٌ إنتاجيٌّ في المصدر؛ ويُطبع [ب٨-ف١-مث٣٩] (يُحوَّل عند الإخراج)
book/الجزء-الثالث/الباب-الثامن/ف01-ب-الكلام-في-المجلس.md	129	8	رمز المثال	[م٣-ب٨-ف١-مث٤٠]	يُحفظ	معرّفٌ إنتاجيٌّ في المصدر؛ ويُطبع [ب٨-ف١-مث٤٠] (يُحوَّل عند الإخراج)
book/الجزء-الثالث/الباب-الثامن/ف01-ب-الكلام-في-المجلس.md	208	8	رمز المثال	[م٣-ب٨-ف١-مث٤١]	يُحفظ	معرّفٌ إنتاجيٌّ في المصدر؛ ويُطبع [ب٨-ف١-مث٤١] (يُحوَّل عند الإخراج)
book/الجزء-الثالث/الباب-الثامن/ف01-ب-الكلام-في-المجلس.md	212	8	رمز المثال	[م٣-ب٨-ف١-مث٤٢]	يُحفظ	معرّفٌ إنتاجيٌّ في المصدر؛ ويُطبع [ب٨-ف١-مث٤٢] (يُحوَّل عند الإخراج)
book/الجزء-الثالث/الباب-الثامن/ف01-ب-الكلام-في-المجلس.md	216	8	رمز المثال	[م٣-ب٨-ف١-مث٤٣]	يُحفظ	معرّفٌ إنتاجيٌّ في المصدر؛ ويُطبع [ب٨-ف١-مث٤٣] (يُحوَّل عند الإخراج)
book/الجزء-الثالث/الباب-الثامن/ف01-ب-الكلام-في-المجلس.md	220	8	رمز المثال	[م٣-ب٨-ف١-مث٤٤]	يُحفظ	معرّفٌ إنتاجيٌّ في المصدر؛ ويُطبع [ب٨-ف١-مث٤٤] (يُحوَّل عند الإخراج)
book/الجزء-الثالث/الباب-الثامن/ف01-ب-الكلام-في-المجلس.md	226	8	رمز المثال	[م٣-ب٨-ف١-مث٤٥]	يُحفظ	معرّفٌ إنتاجيٌّ في المصدر؛ ويُطبع [ب٨-ف١-مث٤٥] (يُحوَّل عند الإخراج)
book/الجزء-الثالث/الباب-الثامن/ف01-ب-الكلام-في-المجلس.md	230	8	رمز المثال	[م٣-ب٨-ف١-مث٤٦]	يُحفظ	معرّفٌ إنتاجيٌّ في المصدر؛ ويُطبع [ب٨-ف١-مث٤٦] (يُحوَّل عند الإخراج)
book/الجزء-الثالث/الباب-الثامن/ف01-ب-الكلام-في-المجلس.md	236	8	رمز المثال	[م٣-ب٨-ف١-مث٤٧]	يُحفظ	معرّفٌ إنتاجيٌّ في المصدر؛ ويُطبع [ب٨-ف١-مث٤٧] (يُحوَّل عند الإخراج)
book/الجزء-الثالث/الباب-الثامن/ف01-ب-الكلام-في-المجلس.md	240	8	رمز المثال	[م٣-ب٨-ف١-مث٤٨]	يُحفظ	معرّفٌ إنتاجيٌّ في المصدر؛ ويُطبع [ب٨-ف١-مث٤٨] (يُحوَّل عند الإخراج)
book/الجزء-الثالث/الباب-الثامن/ف01-ب-الكلام-في-المجلس.md	251	8	رمز المثال	[م٣-ب٨-ف١-مث٤٩]	يُحفظ	معرّفٌ إنتاجيٌّ في المصدر؛ ويُطبع [ب٨-ف١-مث٤٩] (يُحوَّل عند الإخراج)
book/الجزء-الثالث/الباب-الثامن/ف01-ب-الكلام-في-المجلس.md	255	8	رمز المثال	[م٣-ب٨-ف١-مث٥٠]	يُحفظ	معرّفٌ إنتاجيٌّ في المصدر؛ ويُطبع [ب٨-ف١-مث٥٠] (يُحوَّل عند الإخراج)
book/الجزء-الثالث/الباب-الثامن/ف01-ب-الكلام-في-المجلس.md	259	8	رمز المثال	[م٣-ب٨-ف١-مث٥١]	يُحفظ	معرّفٌ إنتاجيٌّ في المصدر؛ ويُطبع [ب٨-ف١-مث٥١] (يُحوَّل عند الإخراج)
book/الجزء-الثالث/الباب-الثامن/ف01-ب-الكلام-في-المجلس.md	263	8	رمز المثال	[م٣-ب٨-ف١-مث٥٢]	يُحفظ	معرّفٌ إنتاجيٌّ في المصدر؛ ويُطبع [ب٨-ف١-مث٥٢] (يُحوَّل عند الإخراج)
book/الجزء-الثالث/الباب-الثامن/ف01-ب-الكلام-في-المجلس.md	315	8	رمز المثال	[م٣-ب٨-ف١-مث٥٣]	يُحفظ	معرّفٌ إنتاجيٌّ في المصدر؛ ويُطبع [ب٨-ف١-مث٥٣] (يُحوَّل عند الإخراج)
book/الجزء-الثالث/الباب-الثامن/ف01-ب-الكلام-في-المجلس.md	319	8	رمز المثال	[م٣-ب٨-ف١-مث٥٤]	يُحفظ	معرّفٌ إنتاجيٌّ في المصدر؛ ويُطبع [ب٨-ف١-مث٥٤] (يُحوَّل عند الإخراج)
book/الجزء-الثالث/الباب-الثامن/ف01-ب-الكلام-في-المجلس.md	323	8	رمز المثال	[م٣-ب٨-ف١-مث٥٥]	يُحفظ	معرّفٌ إنتاجيٌّ في المصدر؛ ويُطبع [ب٨-ف١-مث٥٥] (يُحوَّل عند الإخراج)
book/الجزء-الثالث/الباب-الثامن/ف01-ب-الكلام-في-المجلس.md	327	8	رمز المثال	[م٣-ب٨-ف١-مث٥٦]	يُحفظ	معرّفٌ إنتاجيٌّ في المصدر؛ ويُطبع [ب٨-ف١-مث٥٦] (يُحوَّل عند الإخراج)
book/الجزء-الثالث/الباب-الثامن/ف01-ب-الكلام-في-المجلس.md	331	8	رمز المثال	[م٣-ب٨-ف١-مث٥٧]	يُحفظ	معرّفٌ إنتاجيٌّ في المصدر؛ ويُطبع [ب٨-ف١-مث٥٧] (يُحوَّل عند الإخراج)
book/الجزء-الثالث/الباب-الثامن/ف01-ب-الكلام-في-المجلس.md	335	8	رمز المثال	[م٣-ب٨-ف١-مث٥٨]	يُحفظ	معرّفٌ إنتاجيٌّ في المصدر؛ ويُطبع [ب٨-ف١-مث٥٨] (يُحوَّل عند الإخراج)
book/الجزء-الثالث/الباب-الثامن/ف01-ب-الكلام-في-المجلس.md	357	8	رمز المثال	[م٣-ب٨-ف١-مث٥٩]	يُحفظ	معرّفٌ إنتاجيٌّ في المصدر؛ ويُطبع [ب٨-ف١-مث٥٩] (يُحوَّل عند الإخراج)
book/الجزء-الثالث/الباب-الثامن/ف01-ب-الكلام-في-المجلس.md	361	8	رمز المثال	[م٣-ب٨-ف١-مث٦٠]	يُحفظ	معرّفٌ إنتاجيٌّ في المصدر؛ ويُطبع [ب٨-ف١-مث٦٠] (يُحوَّل عند الإخراج)
book/الجزء-الثالث/الباب-الثامن/ف01-ب-الكلام-في-المجلس.md	362	8	الجزء ن	الجزء الحادي عشر	مراجعة بشرية	قراءة مقترحة: استعمالٌ لغويٌّ عام، لا بنية الكتاب؛ يُحفظ
book/الجزء-الثالث/الباب-الثامن/ف01-ب-الكلام-في-المجلس.md	365	8	رمز المثال	[م٣-ب٨-ف١-مث٦١]	يُحفظ	معرّفٌ إنتاجيٌّ في المصدر؛ ويُطبع [ب٨-ف١-مث٦١] (يُحوَّل عند الإخراج)
book/الجزء-الثالث/الباب-الثامن/ف01-ب-الكلام-في-المجلس.md	369	8	رمز المثال	[م٣-ب٨-ف١-مث٦٢]	يُحفظ	معرّفٌ إنتاجيٌّ في المصدر؛ ويُطبع [ب٨-ف١-مث٦٢] (يُحوَّل عند الإخراج)
book/الجزء-الثالث/الباب-الثامن/ف01-ب-الكلام-في-المجلس.md	373	8	رمز المثال	[م٣-ب٨-ف١-مث٦٣]	يُحفظ	معرّفٌ إنتاجيٌّ في المصدر؛ ويُطبع [ب٨-ف١-مث٦٣] (يُحوَّل عند الإخراج)
book/الجزء-الثالث/الباب-الثامن/ف01-د-التطبيق-الختامي-والتقويم.md	123	8	إحالة	في الباب الثاني	يُصحّح	يُزاد المجلد: «في المجلد 2، …»
book/الجزء-الثالث/الباب-الثامن/ف02-أ-إظهار-العلم-ومخاطبة-الكبير.md	5	8	المستوى ن	المستوى ٧	يُصحّح	المستوى 8
book/الجزء-الثالث/الباب-الثامن/ف02-أ-إظهار-العلم-ومخاطبة-الكبير.md	24	8	إحالة	انظر الباب الأول، الفصل الأول	يُصحّح	يُزاد المجلد: «في المجلد 1، …»
book/الجزء-الثالث/الباب-الثامن/ف02-أ-إظهار-العلم-ومخاطبة-الكبير.md	36	8	إحالة	في الباب الأول	يُصحّح	يُزاد المجلد: «في المجلد 1، …»
book/الجزء-الثالث/الباب-الثامن/ف02-أ-إظهار-العلم-ومخاطبة-الكبير.md	36	8	إحالة	انظر الباب الأول، الفصل الأول	يُصحّح	يُزاد المجلد: «في المجلد 1، …»
book/الجزء-الثالث/الباب-الثامن/ف02-أ-إظهار-العلم-ومخاطبة-الكبير.md	107	8	رمز المثال	[م٣-ب٨-ف٢-مث١]	يُحفظ	معرّفٌ إنتاجيٌّ في المصدر؛ ويُطبع [ب٨-ف٢-مث١] (يُحوَّل عند الإخراج)
book/الجزء-الثالث/الباب-الثامن/ف02-أ-إظهار-العلم-ومخاطبة-الكبير.md	111	8	رمز المثال	[م٣-ب٨-ف٢-مث٢]	يُحفظ	معرّفٌ إنتاجيٌّ في المصدر؛ ويُطبع [ب٨-ف٢-مث٢] (يُحوَّل عند الإخراج)
book/الجزء-الثالث/الباب-الثامن/ف02-أ-إظهار-العلم-ومخاطبة-الكبير.md	155	8	رمز المثال	[م٣-ب٨-ف٢-مث٣]	يُحفظ	معرّفٌ إنتاجيٌّ في المصدر؛ ويُطبع [ب٨-ف٢-مث٣] (يُحوَّل عند الإخراج)
book/الجزء-الثالث/الباب-الثامن/ف02-أ-إظهار-العلم-ومخاطبة-الكبير.md	159	8	رمز المثال	[م٣-ب٨-ف٢-مث٤]	يُحفظ	معرّفٌ إنتاجيٌّ في المصدر؛ ويُطبع [ب٨-ف٢-مث٤] (يُحوَّل عند الإخراج)
book/الجزء-الثالث/الباب-الثامن/ف02-أ-إظهار-العلم-ومخاطبة-الكبير.md	205	8	رمز المثال	[م٣-ب٨-ف٢-مث٥]	يُحفظ	معرّفٌ إنتاجيٌّ في المصدر؛ ويُطبع [ب٨-ف٢-مث٥] (يُحوَّل عند الإخراج)
book/الجزء-الثالث/الباب-الثامن/ف02-أ-إظهار-العلم-ومخاطبة-الكبير.md	209	8	رمز المثال	[م٣-ب٨-ف٢-مث٦]	يُحفظ	معرّفٌ إنتاجيٌّ في المصدر؛ ويُطبع [ب٨-ف٢-مث٦] (يُحوَّل عند الإخراج)
book/الجزء-الثالث/الباب-الثامن/ف02-ب-التصحيح-والمطالب-وحوار-ممتد.md	41	8	رمز المثال	[م٣-ب٨-ف٢-مث٧]	يُحفظ	معرّفٌ إنتاجيٌّ في المصدر؛ ويُطبع [ب٨-ف٢-مث٧] (يُحوَّل عند الإخراج)
book/الجزء-الثالث/الباب-الثامن/ف02-ب-التصحيح-والمطالب-وحوار-ممتد.md	45	8	رمز المثال	[م٣-ب٨-ف٢-مث٨]	يُحفظ	معرّفٌ إنتاجيٌّ في المصدر؛ ويُطبع [ب٨-ف٢-مث٨] (يُحوَّل عند الإخراج)
book/الجزء-الثالث/الباب-الثامن/ف02-ب-التصحيح-والمطالب-وحوار-ممتد.md	91	8	رمز المثال	[م٣-ب٨-ف٢-مث٩]	يُحفظ	معرّفٌ إنتاجيٌّ في المصدر؛ ويُطبع [ب٨-ف٢-مث٩] (يُحوَّل عند الإخراج)
book/الجزء-الثالث/الباب-الثامن/ف02-ب-التصحيح-والمطالب-وحوار-ممتد.md	95	8	رمز المثال	[م٣-ب٨-ف٢-مث١٠]	يُحفظ	معرّفٌ إنتاجيٌّ في المصدر؛ ويُطبع [ب٨-ف٢-مث١٠] (يُحوَّل عند الإخراج)
book/الجزء-الثالث/الباب-الثامن/ف02-ب-التصحيح-والمطالب-وحوار-ممتد.md	105	8	رمز المثال	[م٣-ب٨-ف٢-مث١١]	يُحفظ	معرّفٌ إنتاجيٌّ في المصدر؛ ويُطبع [ب٨-ف٢-مث١١] (يُحوَّل عند الإخراج)
book/الجزء-الثالث/الباب-الثامن/ف02-ب-التصحيح-والمطالب-وحوار-ممتد.md	109	8	رمز المثال	[م٣-ب٨-ف٢-مث١٢]	يُحفظ	معرّفٌ إنتاجيٌّ في المصدر؛ ويُطبع [ب٨-ف٢-مث١٢] (يُحوَّل عند الإخراج)
book/الجزء-الثالث/الباب-الثامن/ف02-ب-التصحيح-والمطالب-وحوار-ممتد.md	113	8	رمز المثال	[م٣-ب٨-ف٢-مث١٣]	يُحفظ	معرّفٌ إنتاجيٌّ في المصدر؛ ويُطبع [ب٨-ف٢-مث١٣] (يُحوَّل عند الإخراج)
book/الجزء-الثالث/الباب-الثامن/ف02-ب-التصحيح-والمطالب-وحوار-ممتد.md	117	8	رمز المثال	[م٣-ب٨-ف٢-مث١٤]	يُحفظ	معرّفٌ إنتاجيٌّ في المصدر؛ ويُطبع [ب٨-ف٢-مث١٤] (يُحوَّل عند الإخراج)
book/الجزء-الثالث/الباب-الثامن/ف02-ب-التصحيح-والمطالب-وحوار-ممتد.md	121	8	رمز المثال	[م٣-ب٨-ف٢-مث١٥]	يُحفظ	معرّفٌ إنتاجيٌّ في المصدر؛ ويُطبع [ب٨-ف٢-مث١٥] (يُحوَّل عند الإخراج)
book/الجزء-الثالث/الباب-الثامن/ف03-أ-المدخل-وحوار-اللقاء-الأول.md	5	8	المستوى ن	المستوى ٧	يُصحّح	المستوى 8
book/الجزء-الثالث/الباب-الثامن/ف03-أ-المدخل-وحوار-اللقاء-الأول.md	49	8	إحالة	انظر الباب الأول، الفصل الأول	يُصحّح	يُزاد المجلد: «في المجلد 1، …»
book/الجزء-الثالث/الباب-الثامن/ف03-ب-مقارنتان-وتطبيقات.md	91	8	رمز المثال	[م٣-ب٨-ف٣-مث١]	يُحفظ	معرّفٌ إنتاجيٌّ في المصدر؛ ويُطبع [ب٨-ف٣-مث١] (يُحوَّل عند الإخراج)
book/الجزء-الثالث/الباب-الثامن/ف03-ب-مقارنتان-وتطبيقات.md	95	8	رمز المثال	[م٣-ب٨-ف٣-مث٢]	يُحفظ	معرّفٌ إنتاجيٌّ في المصدر؛ ويُطبع [ب٨-ف٣-مث٢] (يُحوَّل عند الإخراج)
book/الجزء-الثالث/الباب-الثامن/ف03-ب-مقارنتان-وتطبيقات.md	99	8	رمز المثال	[م٣-ب٨-ف٣-مث٣]	يُحفظ	معرّفٌ إنتاجيٌّ في المصدر؛ ويُطبع [ب٨-ف٣-مث٣] (يُحوَّل عند الإخراج)
book/الجزء-الثالث/الباب-الثامن/ف03-ب-مقارنتان-وتطبيقات.md	103	8	رمز المثال	[م٣-ب٨-ف٣-مث٤]	يُحفظ	معرّفٌ إنتاجيٌّ في المصدر؛ ويُطبع [ب٨-ف٣-مث٤] (يُحوَّل عند الإخراج)
book/الجزء-الثالث/الباب-الثامن/ف03-ب-مقارنتان-وتطبيقات.md	107	8	رمز المثال	[م٣-ب٨-ف٣-مث٥]	يُحفظ	معرّفٌ إنتاجيٌّ في المصدر؛ ويُطبع [ب٨-ف٣-مث٥] (يُحوَّل عند الإخراج)
book/الجزء-الثالث/الباب-الثامن/ف03-ب-مقارنتان-وتطبيقات.md	111	8	رمز المثال	[م٣-ب٨-ف٣-مث٦]	يُحفظ	معرّفٌ إنتاجيٌّ في المصدر؛ ويُطبع [ب٨-ف٣-مث٦] (يُحوَّل عند الإخراج)
book/الجزء-الثالث/الباب-الثامن/ف03-ب-مقارنتان-وتطبيقات.md	115	8	رمز المثال	[م٣-ب٨-ف٣-مث٧]	يُحفظ	معرّفٌ إنتاجيٌّ في المصدر؛ ويُطبع [ب٨-ف٣-مث٧] (يُحوَّل عند الإخراج)
book/الجزء-الثالث/الباب-الثامن/ف03-ب-مقارنتان-وتطبيقات.md	119	8	رمز المثال	[م٣-ب٨-ف٣-مث٨]	يُحفظ	معرّفٌ إنتاجيٌّ في المصدر؛ ويُطبع [ب٨-ف٣-مث٨] (يُحوَّل عند الإخراج)
book/الجزء-الثالث/الباب-الثامن/ف03-ب-مقارنتان-وتطبيقات.md	123	8	رمز المثال	[م٣-ب٨-ف٣-مث٩]	يُحفظ	معرّفٌ إنتاجيٌّ في المصدر؛ ويُطبع [ب٨-ف٣-مث٩] (يُحوَّل عند الإخراج)
book/الجزء-الثالث/الباب-الثامن/ف03-ب-مقارنتان-وتطبيقات.md	127	8	رمز المثال	[م٣-ب٨-ف٣-مث١٠]	يُحفظ	معرّفٌ إنتاجيٌّ في المصدر؛ ويُطبع [ب٨-ف٣-مث١٠] (يُحوَّل عند الإخراج)
book/الجزء-الثالث/الباب-الثامن/ف03-ب-مقارنتان-وتطبيقات.md	131	8	رمز المثال	[م٣-ب٨-ف٣-مث١١]	يُحفظ	معرّفٌ إنتاجيٌّ في المصدر؛ ويُطبع [ب٨-ف٣-مث١١] (يُحوَّل عند الإخراج)
book/الجزء-الثالث/الباب-الثامن/ف03-ب-مقارنتان-وتطبيقات.md	135	8	رمز المثال	[م٣-ب٨-ف٣-مث١٢]	يُحفظ	معرّفٌ إنتاجيٌّ في المصدر؛ ويُطبع [ب٨-ف٣-مث١٢] (يُحوَّل عند الإخراج)
book/الجزء-الثالث/الباب-الثامن/ف03-ب-مقارنتان-وتطبيقات.md	139	8	رمز المثال	[م٣-ب٨-ف٣-مث١٣]	يُحفظ	معرّفٌ إنتاجيٌّ في المصدر؛ ويُطبع [ب٨-ف٣-مث١٣] (يُحوَّل عند الإخراج)
book/الجزء-الثالث/الباب-الثامن/ف03-ب-مقارنتان-وتطبيقات.md	143	8	رمز المثال	[م٣-ب٨-ف٣-مث١٤]	يُحفظ	معرّفٌ إنتاجيٌّ في المصدر؛ ويُطبع [ب٨-ف٣-مث١٤] (يُحوَّل عند الإخراج)
book/الجزء-الثالث/الباب-الثامن/ف03-ب-مقارنتان-وتطبيقات.md	147	8	رمز المثال	[م٣-ب٨-ف٣-مث١٥]	يُحفظ	معرّفٌ إنتاجيٌّ في المصدر؛ ويُطبع [ب٨-ف٣-مث١٥] (يُحوَّل عند الإخراج)
book/الجزء-الثالث/الباب-الثامن/ف04-أ-المدخل-ومجلس-القسم.md	5	8	المستوى ن	المستوى ٧	يُصحّح	المستوى 8
book/الجزء-الثالث/الباب-الثامن/ف04-أ-المدخل-ومجلس-القسم.md	146	8	رمز المثال	[م٣-ب٨-ف٤-مث١]	يُحفظ	معرّفٌ إنتاجيٌّ في المصدر؛ ويُطبع [ب٨-ف٤-مث١] (يُحوَّل عند الإخراج)
book/الجزء-الثالث/الباب-الثامن/ف04-أ-المدخل-ومجلس-القسم.md	150	8	رمز المثال	[م٣-ب٨-ف٤-مث٢]	يُحفظ	معرّفٌ إنتاجيٌّ في المصدر؛ ويُطبع [ب٨-ف٤-مث٢] (يُحوَّل عند الإخراج)
book/الجزء-الثالث/الباب-الثامن/ف04-أ-المدخل-ومجلس-القسم.md	154	8	رمز المثال	[م٣-ب٨-ف٤-مث٣]	يُحفظ	معرّفٌ إنتاجيٌّ في المصدر؛ ويُطبع [ب٨-ف٤-مث٣] (يُحوَّل عند الإخراج)
book/الجزء-الثالث/الباب-الثامن/ف04-أ-المدخل-ومجلس-القسم.md	158	8	رمز المثال	[م٣-ب٨-ف٤-مث٤]	يُحفظ	معرّفٌ إنتاجيٌّ في المصدر؛ ويُطبع [ب٨-ف٤-مث٤] (يُحوَّل عند الإخراج)
book/الجزء-الثالث/الباب-الثامن/ف04-أ-المدخل-ومجلس-القسم.md	162	8	رمز المثال	[م٣-ب٨-ف٤-مث٥]	يُحفظ	معرّفٌ إنتاجيٌّ في المصدر؛ ويُطبع [ب٨-ف٤-مث٥] (يُحوَّل عند الإخراج)
book/الجزء-الثالث/الباب-الثامن/ف04-أ-المدخل-ومجلس-القسم.md	166	8	رمز المثال	[م٣-ب٨-ف٤-مث٦]	يُحفظ	معرّفٌ إنتاجيٌّ في المصدر؛ ويُطبع [ب٨-ف٤-مث٦] (يُحوَّل عند الإخراج)
book/الجزء-الثالث/الباب-الثامن/ف04-أ-المدخل-ومجلس-القسم.md	170	8	رمز المثال	[م٣-ب٨-ف٤-مث٧]	يُحفظ	معرّفٌ إنتاجيٌّ في المصدر؛ ويُطبع [ب٨-ف٤-مث٧] (يُحوَّل عند الإخراج)
book/الجزء-الثالث/الباب-الثامن/ف04-أ-المدخل-ومجلس-القسم.md	174	8	رمز المثال	[م٣-ب٨-ف٤-مث٨]	يُحفظ	معرّفٌ إنتاجيٌّ في المصدر؛ ويُطبع [ب٨-ف٤-مث٨] (يُحوَّل عند الإخراج)
book/الجزء-الثالث/الباب-الثامن/ف04-أ-المدخل-ومجلس-القسم.md	182	8	رمز المثال	[م٣-ب٨-ف٤-مث٩]	يُحفظ	معرّفٌ إنتاجيٌّ في المصدر؛ ويُطبع [ب٨-ف٤-مث٩] (يُحوَّل عند الإخراج)
book/الجزء-الثالث/الباب-الثامن/ف04-أ-المدخل-ومجلس-القسم.md	186	8	رمز المثال	[م٣-ب٨-ف٤-مث١٠]	يُحفظ	معرّفٌ إنتاجيٌّ في المصدر؛ ويُطبع [ب٨-ف٤-مث١٠] (يُحوَّل عند الإخراج)
book/الجزء-الثالث/الباب-الثامن/ف04-أ-المدخل-ومجلس-القسم.md	190	8	رمز المثال	[م٣-ب٨-ف٤-مث١١]	يُحفظ	معرّفٌ إنتاجيٌّ في المصدر؛ ويُطبع [ب٨-ف٤-مث١١] (يُحوَّل عند الإخراج)
book/الجزء-الثالث/الباب-الثامن/ف04-أ-المدخل-ومجلس-القسم.md	194	8	رمز المثال	[م٣-ب٨-ف٤-مث١٢]	يُحفظ	معرّفٌ إنتاجيٌّ في المصدر؛ ويُطبع [ب٨-ف٤-مث١٢] (يُحوَّل عند الإخراج)
book/الجزء-الثالث/الباب-الثامن/ف04-ب-مناقشة-الرسائل.md	75	8	رمز المثال	[م٣-ب٨-ف٤-مث١٣]	يُحفظ	معرّفٌ إنتاجيٌّ في المصدر؛ ويُطبع [ب٨-ف٤-مث١٣] (يُحوَّل عند الإخراج)
book/الجزء-الثالث/الباب-الثامن/ف04-ب-مناقشة-الرسائل.md	79	8	رمز المثال	[م٣-ب٨-ف٤-مث١٤]	يُحفظ	معرّفٌ إنتاجيٌّ في المصدر؛ ويُطبع [ب٨-ف٤-مث١٤] (يُحوَّل عند الإخراج)
book/الجزء-الثالث/الباب-الثامن/ف04-ب-مناقشة-الرسائل.md	83	8	رمز المثال	[م٣-ب٨-ف٤-مث١٥]	يُحفظ	معرّفٌ إنتاجيٌّ في المصدر؛ ويُطبع [ب٨-ف٤-مث١٥] (يُحوَّل عند الإخراج)
book/الجزء-الثالث/الباب-الثامن/ف04-ب-مناقشة-الرسائل.md	118	8	رمز المثال	[م٣-ب٨-ف٤-مث١٦]	يُحفظ	معرّفٌ إنتاجيٌّ في المصدر؛ ويُطبع [ب٨-ف٤-مث١٦] (يُحوَّل عند الإخراج)
book/الجزء-الثالث/الباب-الثامن/ف04-ب-مناقشة-الرسائل.md	122	8	رمز المثال	[م٣-ب٨-ف٤-مث١٧]	يُحفظ	معرّفٌ إنتاجيٌّ في المصدر؛ ويُطبع [ب٨-ف٤-مث١٧] (يُحوَّل عند الإخراج)
book/الجزء-الثالث/الباب-الثامن/ف04-ب-مناقشة-الرسائل.md	126	8	رمز المثال	[م٣-ب٨-ف٤-مث١٨]	يُحفظ	معرّفٌ إنتاجيٌّ في المصدر؛ ويُطبع [ب٨-ف٤-مث١٨] (يُحوَّل عند الإخراج)
book/الجزء-الثالث/الباب-الثامن/ف04-ب-مناقشة-الرسائل.md	130	8	رمز المثال	[م٣-ب٨-ف٤-مث١٩]	يُحفظ	معرّفٌ إنتاجيٌّ في المصدر؛ ويُطبع [ب٨-ف٤-مث١٩] (يُحوَّل عند الإخراج)
book/الجزء-الثالث/الباب-الثامن/ف04-ب-مناقشة-الرسائل.md	138	8	رمز المثال	[م٣-ب٨-ف٤-مث٢٠]	يُحفظ	معرّفٌ إنتاجيٌّ في المصدر؛ ويُطبع [ب٨-ف٤-مث٢٠] (يُحوَّل عند الإخراج)
book/الجزء-الثالث/الباب-الثامن/ف04-ب-مناقشة-الرسائل.md	142	8	رمز المثال	[م٣-ب٨-ف٤-مث٢١]	يُحفظ	معرّفٌ إنتاجيٌّ في المصدر؛ ويُطبع [ب٨-ف٤-مث٢١] (يُحوَّل عند الإخراج)
book/الجزء-الثالث/الباب-الثامن/ف04-ب-مناقشة-الرسائل.md	146	8	رمز المثال	[م٣-ب٨-ف٤-مث٢٢]	يُحفظ	معرّفٌ إنتاجيٌّ في المصدر؛ ويُطبع [ب٨-ف٤-مث٢٢] (يُحوَّل عند الإخراج)
book/الجزء-الثالث/الباب-الثامن/ف04-ب-مناقشة-الرسائل.md	150	8	رمز المثال	[م٣-ب٨-ف٤-مث٢٣]	يُحفظ	معرّفٌ إنتاجيٌّ في المصدر؛ ويُطبع [ب٨-ف٤-مث٢٣] (يُحوَّل عند الإخراج)
book/الجزء-الثالث/الباب-الثامن/ف04-ب-مناقشة-الرسائل.md	158	8	رمز المثال	[م٣-ب٨-ف٤-مث٢٤]	يُحفظ	معرّفٌ إنتاجيٌّ في المصدر؛ ويُطبع [ب٨-ف٤-مث٢٤] (يُحوَّل عند الإخراج)
book/الجزء-الثالث/الباب-الثامن/ف04-ج-التطبيق-والتقويم.md	155	8	هذا الجزء	هذا الجزء	مراجعة بشرية	قراءة مقترحة: استعمالٌ لغويٌّ عام، لا بنية الكتاب؛ يُحفظ
book/الجزء-الثالث/الباب-الثامن/ف05-أ-المدخل-والتهنئة-والتعزية.md	5	8	المستوى ن	المستوى ٧	يُصحّح	المستوى 8
book/الجزء-الثالث/الباب-الثامن/ف05-أ-المدخل-والتهنئة-والتعزية.md	107	8	رمز المثال	[م٣-ب٨-ف٥-مث١]	يُحفظ	معرّفٌ إنتاجيٌّ في المصدر؛ ويُطبع [ب٨-ف٥-مث١] (يُحوَّل عند الإخراج)
book/الجزء-الثالث/الباب-الثامن/ف05-أ-المدخل-والتهنئة-والتعزية.md	111	8	رمز المثال	[م٣-ب٨-ف٥-مث٢]	يُحفظ	معرّفٌ إنتاجيٌّ في المصدر؛ ويُطبع [ب٨-ف٥-مث٢] (يُحوَّل عند الإخراج)
book/الجزء-الثالث/الباب-الثامن/ف05-أ-المدخل-والتهنئة-والتعزية.md	115	8	رمز المثال	[م٣-ب٨-ف٥-مث٣]	يُحفظ	معرّفٌ إنتاجيٌّ في المصدر؛ ويُطبع [ب٨-ف٥-مث٣] (يُحوَّل عند الإخراج)
book/الجزء-الثالث/الباب-الثامن/ف05-أ-المدخل-والتهنئة-والتعزية.md	119	8	رمز المثال	[م٣-ب٨-ف٥-مث٤]	يُحفظ	معرّفٌ إنتاجيٌّ في المصدر؛ ويُطبع [ب٨-ف٥-مث٤] (يُحوَّل عند الإخراج)
book/الجزء-الثالث/الباب-الثامن/ف05-أ-المدخل-والتهنئة-والتعزية.md	123	8	رمز المثال	[م٣-ب٨-ف٥-مث٥]	يُحفظ	معرّفٌ إنتاجيٌّ في المصدر؛ ويُطبع [ب٨-ف٥-مث٥] (يُحوَّل عند الإخراج)
book/الجزء-الثالث/الباب-الثامن/ف05-أ-المدخل-والتهنئة-والتعزية.md	157	8	رمز المثال	[م٣-ب٨-ف٥-مث٦]	يُحفظ	معرّفٌ إنتاجيٌّ في المصدر؛ ويُطبع [ب٨-ف٥-مث٦] (يُحوَّل عند الإخراج)
book/الجزء-الثالث/الباب-الثامن/ف05-أ-المدخل-والتهنئة-والتعزية.md	161	8	رمز المثال	[م٣-ب٨-ف٥-مث٧]	يُحفظ	معرّفٌ إنتاجيٌّ في المصدر؛ ويُطبع [ب٨-ف٥-مث٧] (يُحوَّل عند الإخراج)
book/الجزء-الثالث/الباب-الثامن/ف05-أ-المدخل-والتهنئة-والتعزية.md	165	8	رمز المثال	[م٣-ب٨-ف٥-مث٨]	يُحفظ	معرّفٌ إنتاجيٌّ في المصدر؛ ويُطبع [ب٨-ف٥-مث٨] (يُحوَّل عند الإخراج)
book/الجزء-الثالث/الباب-الثامن/ف05-أ-المدخل-والتهنئة-والتعزية.md	169	8	رمز المثال	[م٣-ب٨-ف٥-مث٩]	يُحفظ	معرّفٌ إنتاجيٌّ في المصدر؛ ويُطبع [ب٨-ف٥-مث٩] (يُحوَّل عند الإخراج)
book/الجزء-الثالث/الباب-الثامن/ف05-أ-المدخل-والتهنئة-والتعزية.md	173	8	رمز المثال	[م٣-ب٨-ف٥-مث١٠]	يُحفظ	معرّفٌ إنتاجيٌّ في المصدر؛ ويُطبع [ب٨-ف٥-مث١٠] (يُحوَّل عند الإخراج)
book/الجزء-الثالث/الباب-الثامن/ف05-أ-المدخل-والتهنئة-والتعزية.md	177	8	رمز المثال	[م٣-ب٨-ف٥-مث١١]	يُحفظ	معرّفٌ إنتاجيٌّ في المصدر؛ ويُطبع [ب٨-ف٥-مث١١] (يُحوَّل عند الإخراج)
book/الجزء-الثالث/الباب-الثامن/ف05-أ-المدخل-والتهنئة-والتعزية.md	181	8	رمز المثال	[م٣-ب٨-ف٥-مث١٢]	يُحفظ	معرّفٌ إنتاجيٌّ في المصدر؛ ويُطبع [ب٨-ف٥-مث١٢] (يُحوَّل عند الإخراج)
book/الجزء-الثالث/الباب-الثامن/ف05-ب-عيادة-المريض-والزيارة.md	52	8	رمز المثال	[م٣-ب٨-ف٥-مث١٣]	يُحفظ	معرّفٌ إنتاجيٌّ في المصدر؛ ويُطبع [ب٨-ف٥-مث١٣] (يُحوَّل عند الإخراج)
book/الجزء-الثالث/الباب-الثامن/ف05-ب-عيادة-المريض-والزيارة.md	56	8	رمز المثال	[م٣-ب٨-ف٥-مث١٤]	يُحفظ	معرّفٌ إنتاجيٌّ في المصدر؛ ويُطبع [ب٨-ف٥-مث١٤] (يُحوَّل عند الإخراج)
book/الجزء-الثالث/الباب-الثامن/ف05-ب-عيادة-المريض-والزيارة.md	60	8	رمز المثال	[م٣-ب٨-ف٥-مث١٥]	يُحفظ	معرّفٌ إنتاجيٌّ في المصدر؛ ويُطبع [ب٨-ف٥-مث١٥] (يُحوَّل عند الإخراج)
book/الجزء-الثالث/الباب-الثامن/ف05-ب-عيادة-المريض-والزيارة.md	64	8	رمز المثال	[م٣-ب٨-ف٥-مث١٦]	يُحفظ	معرّفٌ إنتاجيٌّ في المصدر؛ ويُطبع [ب٨-ف٥-مث١٦] (يُحوَّل عند الإخراج)
book/الجزء-الثالث/الباب-الثامن/ف05-ب-عيادة-المريض-والزيارة.md	72	8	رمز المثال	[م٣-ب٨-ف٥-مث١٧]	يُحفظ	معرّفٌ إنتاجيٌّ في المصدر؛ ويُطبع [ب٨-ف٥-مث١٧] (يُحوَّل عند الإخراج)
book/الجزء-الثالث/الباب-الثامن/ف05-ب-عيادة-المريض-والزيارة.md	76	8	رمز المثال	[م٣-ب٨-ف٥-مث١٨]	يُحفظ	معرّفٌ إنتاجيٌّ في المصدر؛ ويُطبع [ب٨-ف٥-مث١٨] (يُحوَّل عند الإخراج)
book/الجزء-الثالث/الباب-الثامن/ف05-ب-عيادة-المريض-والزيارة.md	80	8	رمز المثال	[م٣-ب٨-ف٥-مث١٩]	يُحفظ	معرّفٌ إنتاجيٌّ في المصدر؛ ويُطبع [ب٨-ف٥-مث١٩] (يُحوَّل عند الإخراج)
book/الجزء-الثالث/الباب-الثامن/ف05-ب-عيادة-المريض-والزيارة.md	88	8	رمز المثال	[م٣-ب٨-ف٥-مث٢٠]	يُحفظ	معرّفٌ إنتاجيٌّ في المصدر؛ ويُطبع [ب٨-ف٥-مث٢٠] (يُحوَّل عند الإخراج)
book/الجزء-الثالث/الباب-الثامن/ف05-ب-عيادة-المريض-والزيارة.md	92	8	رمز المثال	[م٣-ب٨-ف٥-مث٢١]	يُحفظ	معرّفٌ إنتاجيٌّ في المصدر؛ ويُطبع [ب٨-ف٥-مث٢١] (يُحوَّل عند الإخراج)
book/الجزء-الثالث/الباب-الثامن/ف05-ب-عيادة-المريض-والزيارة.md	96	8	رمز المثال	[م٣-ب٨-ف٥-مث٢٢]	يُحفظ	معرّفٌ إنتاجيٌّ في المصدر؛ ويُطبع [ب٨-ف٥-مث٢٢] (يُحوَّل عند الإخراج)
book/الجزء-الثالث/الباب-الثامن/ف05-ب-عيادة-المريض-والزيارة.md	100	8	رمز المثال	[م٣-ب٨-ف٥-مث٢٣]	يُحفظ	معرّفٌ إنتاجيٌّ في المصدر؛ ويُطبع [ب٨-ف٥-مث٢٣] (يُحوَّل عند الإخراج)
book/الجزء-الثالث/الباب-الثامن/ف05-ب-عيادة-المريض-والزيارة.md	104	8	رمز المثال	[م٣-ب٨-ف٥-مث٢٤]	يُحفظ	معرّفٌ إنتاجيٌّ في المصدر؛ ويُطبع [ب٨-ف٥-مث٢٤] (يُحوَّل عند الإخراج)
book/الجزء-الثالث/الباب-التاسع/00-فاتحة-الباب-التاسع.md	3	8	المستوى ن	المستوى ٨	يُصحّح	المستوى 9
book/الجزء-الثالث/الباب-التاسع/ف01-أ-المدخل-وبناء-الخطبة.md	5	8	المستوى ن	المستوى ٨	يُصحّح	المستوى 9
book/الجزء-الثالث/الباب-التاسع/ف01-أ-المدخل-وبناء-الخطبة.md	162	8	الأجزاء	الأجزاء	مراجعة بشرية	قراءة مقترحة: استعمالٌ لغويٌّ عام، لا بنية الكتاب؛ يُحفظ
book/الجزء-الثالث/الباب-التاسع/ف01-أ-المدخل-وبناء-الخطبة.md	195	8	رمز المثال	[م٣-ب٩-ف١-مث١]	يُحفظ	معرّفٌ إنتاجيٌّ في المصدر؛ ويُطبع [ب٩-ف١-مث١] (يُحوَّل عند الإخراج)
book/الجزء-الثالث/الباب-التاسع/ف01-أ-المدخل-وبناء-الخطبة.md	201	8	رمز المثال	[م٣-ب٩-ف١-مث٢]	يُحفظ	معرّفٌ إنتاجيٌّ في المصدر؛ ويُطبع [ب٩-ف١-مث٢] (يُحوَّل عند الإخراج)
book/الجزء-الثالث/الباب-التاسع/ف01-أ-المدخل-وبناء-الخطبة.md	205	8	رمز المثال	[م٣-ب٩-ف١-مث٣]	يُحفظ	معرّفٌ إنتاجيٌّ في المصدر؛ ويُطبع [ب٩-ف١-مث٣] (يُحوَّل عند الإخراج)
book/الجزء-الثالث/الباب-التاسع/ف01-أ-المدخل-وبناء-الخطبة.md	209	8	الباب ١٣ (بنك الأخطاء)	الباب الثالث عشر	يُصحّح	المرجع الأول: بنك الأخطاء (في المجلد الحادي عشر)
book/الجزء-الثالث/الباب-التاسع/ف01-أ-المدخل-وبناء-الخطبة.md	211	8	رمز المثال	[م٣-ب٩-ف١-مث٤]	يُحفظ	معرّفٌ إنتاجيٌّ في المصدر؛ ويُطبع [ب٩-ف١-مث٤] (يُحوَّل عند الإخراج)
book/الجزء-الثالث/الباب-التاسع/ف01-أ-المدخل-وبناء-الخطبة.md	215	8	إحالة	في الباب الثاني	يُصحّح	يُزاد المجلد: «في المجلد 2، …»
book/الجزء-الثالث/الباب-التاسع/ف01-أ-المدخل-وبناء-الخطبة.md	226	8	رمز المثال	[م٣-ب٩-ف١-مث٥]	يُحفظ	معرّفٌ إنتاجيٌّ في المصدر؛ ويُطبع [ب٩-ف١-مث٥] (يُحوَّل عند الإخراج)
book/الجزء-الثالث/الباب-التاسع/ف01-أ-المدخل-وبناء-الخطبة.md	230	8	رمز المثال	[م٣-ب٩-ف١-مث٦]	يُحفظ	معرّفٌ إنتاجيٌّ في المصدر؛ ويُطبع [ب٩-ف١-مث٦] (يُحوَّل عند الإخراج)
book/الجزء-الثالث/الباب-التاسع/ف01-أ-المدخل-وبناء-الخطبة.md	234	8	رمز المثال	[م٣-ب٩-ف١-مث٧]	يُحفظ	معرّفٌ إنتاجيٌّ في المصدر؛ ويُطبع [ب٩-ف١-مث٧] (يُحوَّل عند الإخراج)
book/الجزء-الثالث/الباب-التاسع/ف01-أ-المدخل-وبناء-الخطبة.md	238	8	رمز المثال	[م٣-ب٩-ف١-مث٨]	يُحفظ	معرّفٌ إنتاجيٌّ في المصدر؛ ويُطبع [ب٩-ف١-مث٨] (يُحوَّل عند الإخراج)
book/الجزء-الثالث/الباب-التاسع/ف01-أ-المدخل-وبناء-الخطبة.md	245	8	رمز المثال	[م٣-ب٩-ف١-مث٩]	يُحفظ	معرّفٌ إنتاجيٌّ في المصدر؛ ويُطبع [ب٩-ف١-مث٩] (يُحوَّل عند الإخراج)
book/الجزء-الثالث/الباب-التاسع/ف01-أ-المدخل-وبناء-الخطبة.md	249	8	رمز المثال	[م٣-ب٩-ف١-مث١٠]	يُحفظ	معرّفٌ إنتاجيٌّ في المصدر؛ ويُطبع [ب٩-ف١-مث١٠] (يُحوَّل عند الإخراج)
book/الجزء-الثالث/الباب-التاسع/ف01-أ-المدخل-وبناء-الخطبة.md	261	8	رمز المثال	[م٣-ب٩-ف١-مث١١]	يُحفظ	معرّفٌ إنتاجيٌّ في المصدر؛ ويُطبع [ب٩-ف١-مث١١] (يُحوَّل عند الإخراج)
book/الجزء-الثالث/الباب-التاسع/ف01-أ-المدخل-وبناء-الخطبة.md	267	8	رمز المثال	[م٣-ب٩-ف١-مث١٢]	يُحفظ	معرّفٌ إنتاجيٌّ في المصدر؛ ويُطبع [ب٩-ف١-مث١٢] (يُحوَّل عند الإخراج)
book/الجزء-الثالث/الباب-التاسع/ف01-أ-المدخل-وبناء-الخطبة.md	273	8	رمز المثال	[م٣-ب٩-ف١-مث١٣]	يُحفظ	معرّفٌ إنتاجيٌّ في المصدر؛ ويُطبع [ب٩-ف١-مث١٣] (يُحوَّل عند الإخراج)
book/الجزء-الثالث/الباب-التاسع/ف01-أ-المدخل-وبناء-الخطبة.md	279	8	رمز المثال	[م٣-ب٩-ف١-مث١٤]	يُحفظ	معرّفٌ إنتاجيٌّ في المصدر؛ ويُطبع [ب٩-ف١-مث١٤] (يُحوَّل عند الإخراج)
book/الجزء-الثالث/الباب-التاسع/ف01-أ-المدخل-وبناء-الخطبة.md	287	8	رمز المثال	[م٣-ب٩-ف١-مث١٥]	يُحفظ	معرّفٌ إنتاجيٌّ في المصدر؛ ويُطبع [ب٩-ف١-مث١٥] (يُحوَّل عند الإخراج)
book/الجزء-الثالث/الباب-التاسع/ف01-أ-المدخل-وبناء-الخطبة.md	293	8	رمز المثال	[م٣-ب٩-ف١-مث١٦]	يُحفظ	معرّفٌ إنتاجيٌّ في المصدر؛ ويُطبع [ب٩-ف١-مث١٦] (يُحوَّل عند الإخراج)
book/الجزء-الثالث/الباب-التاسع/ف01-أ-المدخل-وبناء-الخطبة.md	309	8	رمز المثال	[م٣-ب٩-ف١-مث١٧]	يُحفظ	معرّفٌ إنتاجيٌّ في المصدر؛ ويُطبع [ب٩-ف١-مث١٧] (يُحوَّل عند الإخراج)
book/الجزء-الثالث/الباب-التاسع/ف01-أ-المدخل-وبناء-الخطبة.md	311	8	رمز المثال	[م٣-ب٩-ف١-مث١٨]	يُحفظ	معرّفٌ إنتاجيٌّ في المصدر؛ ويُطبع [ب٩-ف١-مث١٨] (يُحوَّل عند الإخراج)
book/الجزء-الثالث/الباب-التاسع/ف01-أ-المدخل-وبناء-الخطبة.md	313	8	رمز المثال	[م٣-ب٩-ف١-مث١٩]	يُحفظ	معرّفٌ إنتاجيٌّ في المصدر؛ ويُطبع [ب٩-ف١-مث١٩] (يُحوَّل عند الإخراج)
book/الجزء-الثالث/الباب-التاسع/ف01-أ-المدخل-وبناء-الخطبة.md	321	8	رمز المثال	[م٣-ب٩-ف١-مث٢٠]	يُحفظ	معرّفٌ إنتاجيٌّ في المصدر؛ ويُطبع [ب٩-ف١-مث٢٠] (يُحوَّل عند الإخراج)
book/الجزء-الثالث/الباب-التاسع/ف01-أ-المدخل-وبناء-الخطبة.md	325	8	رمز المثال	[م٣-ب٩-ف١-مث٢١]	يُحفظ	معرّفٌ إنتاجيٌّ في المصدر؛ ويُطبع [ب٩-ف١-مث٢١] (يُحوَّل عند الإخراج)
book/الجزء-الثالث/الباب-التاسع/ف01-أ-المدخل-وبناء-الخطبة.md	329	8	رمز المثال	[م٣-ب٩-ف١-مث٢٢]	يُحفظ	معرّفٌ إنتاجيٌّ في المصدر؛ ويُطبع [ب٩-ف١-مث٢٢] (يُحوَّل عند الإخراج)
book/الجزء-الثالث/الباب-التاسع/ف01-أ-المدخل-وبناء-الخطبة.md	354	8	رمز المثال	[م٣-ب٩-ف١-مث٢٣]	يُحفظ	معرّفٌ إنتاجيٌّ في المصدر؛ ويُطبع [ب٩-ف١-مث٢٣] (يُحوَّل عند الإخراج)
book/الجزء-الثالث/الباب-التاسع/ف01-أ-المدخل-وبناء-الخطبة.md	358	8	رمز المثال	[م٣-ب٩-ف١-مث٢٤]	يُحفظ	معرّفٌ إنتاجيٌّ في المصدر؛ ويُطبع [ب٩-ف١-مث٢٤] (يُحوَّل عند الإخراج)
book/الجزء-الثالث/الباب-التاسع/ف01-أ-المدخل-وبناء-الخطبة.md	362	8	رمز المثال	[م٣-ب٩-ف١-مث٢٥]	يُحفظ	معرّفٌ إنتاجيٌّ في المصدر؛ ويُطبع [ب٩-ف١-مث٢٥] (يُحوَّل عند الإخراج)
book/الجزء-الثالث/الباب-التاسع/ف01-أ-المدخل-وبناء-الخطبة.md	366	8	رمز المثال	[م٣-ب٩-ف١-مث٢٦]	يُحفظ	معرّفٌ إنتاجيٌّ في المصدر؛ ويُطبع [ب٩-ف١-مث٢٦] (يُحوَّل عند الإخراج)
book/الجزء-الثالث/الباب-التاسع/ف01-ب-العبارة-والصوت-والنموذج.md	88	8	إحالة	انظر الباب الخامس، الفصل الأول	يُصحّح	يُزاد المجلد: «في المجلد 5، …»
book/الجزء-الثالث/الباب-التاسع/ف01-ب-العبارة-والصوت-والنموذج.md	92	8	رمز المثال	[م٣-ب٩-ف١-مث٢٧]	يُحفظ	معرّفٌ إنتاجيٌّ في المصدر؛ ويُطبع [ب٩-ف١-مث٢٧] (يُحوَّل عند الإخراج)
book/الجزء-الثالث/الباب-التاسع/ف01-ب-العبارة-والصوت-والنموذج.md	98	8	رمز المثال	[م٣-ب٩-ف١-مث٢٨]	يُحفظ	معرّفٌ إنتاجيٌّ في المصدر؛ ويُطبع [ب٩-ف١-مث٢٨] (يُحوَّل عند الإخراج)
book/الجزء-الثالث/الباب-التاسع/ف01-ب-العبارة-والصوت-والنموذج.md	104	8	رمز المثال	[م٣-ب٩-ف١-مث٢٩]	يُحفظ	معرّفٌ إنتاجيٌّ في المصدر؛ ويُطبع [ب٩-ف١-مث٢٩] (يُحوَّل عند الإخراج)
book/الجزء-الثالث/الباب-التاسع/ف01-ب-العبارة-والصوت-والنموذج.md	110	8	رمز المثال	[م٣-ب٩-ف١-مث٣٠]	يُحفظ	معرّفٌ إنتاجيٌّ في المصدر؛ ويُطبع [ب٩-ف١-مث٣٠] (يُحوَّل عند الإخراج)
book/الجزء-الثالث/الباب-التاسع/ف01-ب-العبارة-والصوت-والنموذج.md	114	8	رمز المثال	[م٣-ب٩-ف١-مث٣١]	يُحفظ	معرّفٌ إنتاجيٌّ في المصدر؛ ويُطبع [ب٩-ف١-مث٣١] (يُحوَّل عند الإخراج)
book/الجزء-الثالث/الباب-التاسع/ف01-ب-العبارة-والصوت-والنموذج.md	120	8	رمز المثال	[م٣-ب٩-ف١-مث٣٢]	يُحفظ	معرّفٌ إنتاجيٌّ في المصدر؛ ويُطبع [ب٩-ف١-مث٣٢] (يُحوَّل عند الإخراج)
book/الجزء-الثالث/الباب-التاسع/ف01-ب-العبارة-والصوت-والنموذج.md	126	8	رمز المثال	[م٣-ب٩-ف١-مث٣٣]	يُحفظ	معرّفٌ إنتاجيٌّ في المصدر؛ ويُطبع [ب٩-ف١-مث٣٣] (يُحوَّل عند الإخراج)
book/الجزء-الثالث/الباب-التاسع/ف01-ب-العبارة-والصوت-والنموذج.md	132	8	رمز المثال	[م٣-ب٩-ف١-مث٣٤]	يُحفظ	معرّفٌ إنتاجيٌّ في المصدر؛ ويُطبع [ب٩-ف١-مث٣٤] (يُحوَّل عند الإخراج)
book/الجزء-الثالث/الباب-التاسع/ف01-ب-العبارة-والصوت-والنموذج.md	136	8	رمز المثال	[م٣-ب٩-ف١-مث٣٥]	يُحفظ	معرّفٌ إنتاجيٌّ في المصدر؛ ويُطبع [ب٩-ف١-مث٣٥] (يُحوَّل عند الإخراج)
book/الجزء-الثالث/الباب-التاسع/ف01-ب-العبارة-والصوت-والنموذج.md	144	8	رمز المثال	[م٣-ب٩-ف١-مث٣٦]	يُحفظ	معرّفٌ إنتاجيٌّ في المصدر؛ ويُطبع [ب٩-ف١-مث٣٦] (يُحوَّل عند الإخراج)
book/الجزء-الثالث/الباب-التاسع/ف01-ب-العبارة-والصوت-والنموذج.md	152	8	إحالة	في الباب الرابع	يُصحّح	يُزاد المجلد: «في المجلد 4، …»
book/الجزء-الثالث/الباب-التاسع/ف01-ب-العبارة-والصوت-والنموذج.md	152	8	إحالة	انظر الباب الرابع، الفصل العاشر	يُصحّح	يُزاد المجلد: «في المجلد 4، …»
book/الجزء-الثالث/الباب-التاسع/ف01-ب-العبارة-والصوت-والنموذج.md	154	8	رمز المثال	[م٣-ب٩-ف١-مث٣٧]	يُحفظ	معرّفٌ إنتاجيٌّ في المصدر؛ ويُطبع [ب٩-ف١-مث٣٧] (يُحوَّل عند الإخراج)
book/الجزء-الثالث/الباب-التاسع/ف01-ب-العبارة-والصوت-والنموذج.md	160	8	رمز المثال	[م٣-ب٩-ف١-مث٣٨]	يُحفظ	معرّفٌ إنتاجيٌّ في المصدر؛ ويُطبع [ب٩-ف١-مث٣٨] (يُحوَّل عند الإخراج)
book/الجزء-الثالث/الباب-التاسع/ف01-ب-العبارة-والصوت-والنموذج.md	166	8	رمز المثال	[م٣-ب٩-ف١-مث٣٩]	يُحفظ	معرّفٌ إنتاجيٌّ في المصدر؛ ويُطبع [ب٩-ف١-مث٣٩] (يُحوَّل عند الإخراج)
book/الجزء-الثالث/الباب-التاسع/ف01-ب-العبارة-والصوت-والنموذج.md	172	8	رمز المثال	[م٣-ب٩-ف١-مث٤٠]	يُحفظ	معرّفٌ إنتاجيٌّ في المصدر؛ ويُطبع [ب٩-ف١-مث٤٠] (يُحوَّل عند الإخراج)
book/الجزء-الثالث/الباب-التاسع/ف01-ب-العبارة-والصوت-والنموذج.md	232	8	إحالة	انظر الباب الثاني	يُصحّح	يُزاد المجلد: «في المجلد 2، …»
book/الجزء-الثالث/الباب-التاسع/ف01-ب-العبارة-والصوت-والنموذج.md	240	8	رمز المثال	[م٣-ب٩-ف١-مث٤١]	يُحفظ	معرّفٌ إنتاجيٌّ في المصدر؛ ويُطبع [ب٩-ف١-مث٤١] (يُحوَّل عند الإخراج)
book/الجزء-الثالث/الباب-التاسع/ف01-ب-العبارة-والصوت-والنموذج.md	244	8	رمز المثال	[م٣-ب٩-ف١-مث٤٢]	يُحفظ	معرّفٌ إنتاجيٌّ في المصدر؛ ويُطبع [ب٩-ف١-مث٤٢] (يُحوَّل عند الإخراج)
book/الجزء-الثالث/الباب-التاسع/ف01-ب-العبارة-والصوت-والنموذج.md	248	8	رمز المثال	[م٣-ب٩-ف١-مث٤٣]	يُحفظ	معرّفٌ إنتاجيٌّ في المصدر؛ ويُطبع [ب٩-ف١-مث٤٣] (يُحوَّل عند الإخراج)
book/الجزء-الثالث/الباب-التاسع/ف01-ب-العبارة-والصوت-والنموذج.md	252	8	رمز المثال	[م٣-ب٩-ف١-مث٤٤]	يُحفظ	معرّفٌ إنتاجيٌّ في المصدر؛ ويُطبع [ب٩-ف١-مث٤٤] (يُحوَّل عند الإخراج)
book/الجزء-الثالث/الباب-التاسع/ف01-ب-العبارة-والصوت-والنموذج.md	256	8	رمز المثال	[م٣-ب٩-ف١-مث٤٥]	يُحفظ	معرّفٌ إنتاجيٌّ في المصدر؛ ويُطبع [ب٩-ف١-مث٤٥] (يُحوَّل عند الإخراج)
book/الجزء-الثالث/الباب-التاسع/ف01-ب-العبارة-والصوت-والنموذج.md	260	8	رمز المثال	[م٣-ب٩-ف١-مث٤٦]	يُحفظ	معرّفٌ إنتاجيٌّ في المصدر؛ ويُطبع [ب٩-ف١-مث٤٦] (يُحوَّل عند الإخراج)
book/الجزء-الثالث/الباب-التاسع/ف01-ب-العبارة-والصوت-والنموذج.md	295	8	رمز المثال	[م٣-ب٩-ف١-مث٤٧]	يُحفظ	معرّفٌ إنتاجيٌّ في المصدر؛ ويُطبع [ب٩-ف١-مث٤٧] (يُحوَّل عند الإخراج)
book/الجزء-الثالث/الباب-التاسع/ف02-أ-المدخل-وبناء-المحاضرة.md	5	8	المستوى ن	المستوى ٨	يُصحّح	المستوى 9
book/الجزء-الثالث/الباب-التاسع/ف02-أ-المدخل-وبناء-المحاضرة.md	185	8	رمز المثال	[م٣-ب٩-ف٢-مث١]	يُحفظ	معرّفٌ إنتاجيٌّ في المصدر؛ ويُطبع [ب٩-ف٢-مث١] (يُحوَّل عند الإخراج)
book/الجزء-الثالث/الباب-التاسع/ف02-أ-المدخل-وبناء-المحاضرة.md	189	8	رمز المثال	[م٣-ب٩-ف٢-مث٢]	يُحفظ	معرّفٌ إنتاجيٌّ في المصدر؛ ويُطبع [ب٩-ف٢-مث٢] (يُحوَّل عند الإخراج)
book/الجزء-الثالث/الباب-التاسع/ف02-أ-المدخل-وبناء-المحاضرة.md	195	8	رمز المثال	[م٣-ب٩-ف٢-مث٣]	يُحفظ	معرّفٌ إنتاجيٌّ في المصدر؛ ويُطبع [ب٩-ف٢-مث٣] (يُحوَّل عند الإخراج)
book/الجزء-الثالث/الباب-التاسع/ف02-أ-المدخل-وبناء-المحاضرة.md	199	8	رمز المثال	[م٣-ب٩-ف٢-مث٤]	يُحفظ	معرّفٌ إنتاجيٌّ في المصدر؛ ويُطبع [ب٩-ف٢-مث٤] (يُحوَّل عند الإخراج)
book/الجزء-الثالث/الباب-التاسع/ف02-أ-المدخل-وبناء-المحاضرة.md	203	8	رمز المثال	[م٣-ب٩-ف٢-مث٥]	يُحفظ	معرّفٌ إنتاجيٌّ في المصدر؛ ويُطبع [ب٩-ف٢-مث٥] (يُحوَّل عند الإخراج)
book/الجزء-الثالث/الباب-التاسع/ف02-أ-المدخل-وبناء-المحاضرة.md	207	8	رمز المثال	[م٣-ب٩-ف٢-مث٦]	يُحفظ	معرّفٌ إنتاجيٌّ في المصدر؛ ويُطبع [ب٩-ف٢-مث٦] (يُحوَّل عند الإخراج)
book/الجزء-الثالث/الباب-التاسع/ف02-أ-المدخل-وبناء-المحاضرة.md	211	8	رمز المثال	[م٣-ب٩-ف٢-مث٧]	يُحفظ	معرّفٌ إنتاجيٌّ في المصدر؛ ويُطبع [ب٩-ف٢-مث٧] (يُحوَّل عند الإخراج)
book/الجزء-الثالث/الباب-التاسع/ف02-أ-المدخل-وبناء-المحاضرة.md	215	8	رمز المثال	[م٣-ب٩-ف٢-مث٨]	يُحفظ	معرّفٌ إنتاجيٌّ في المصدر؛ ويُطبع [ب٩-ف٢-مث٨] (يُحوَّل عند الإخراج)
book/الجزء-الثالث/الباب-التاسع/ف02-أ-المدخل-وبناء-المحاضرة.md	230	8	رمز المثال	[م٣-ب٩-ف٢-مث٩]	يُحفظ	معرّفٌ إنتاجيٌّ في المصدر؛ ويُطبع [ب٩-ف٢-مث٩] (يُحوَّل عند الإخراج)
book/الجزء-الثالث/الباب-التاسع/ف02-أ-المدخل-وبناء-المحاضرة.md	234	8	رمز المثال	[م٣-ب٩-ف٢-مث١٠]	يُحفظ	معرّفٌ إنتاجيٌّ في المصدر؛ ويُطبع [ب٩-ف٢-مث١٠] (يُحوَّل عند الإخراج)
book/الجزء-الثالث/الباب-التاسع/ف02-أ-المدخل-وبناء-المحاضرة.md	238	8	رمز المثال	[م٣-ب٩-ف٢-مث١١]	يُحفظ	معرّفٌ إنتاجيٌّ في المصدر؛ ويُطبع [ب٩-ف٢-مث١١] (يُحوَّل عند الإخراج)
book/الجزء-الثالث/الباب-التاسع/ف02-أ-المدخل-وبناء-المحاضرة.md	242	8	رمز المثال	[م٣-ب٩-ف٢-مث١٢]	يُحفظ	معرّفٌ إنتاجيٌّ في المصدر؛ ويُطبع [ب٩-ف٢-مث١٢] (يُحوَّل عند الإخراج)
book/الجزء-الثالث/الباب-التاسع/ف02-أ-المدخل-وبناء-المحاضرة.md	246	8	رمز المثال	[م٣-ب٩-ف٢-مث١٣]	يُحفظ	معرّفٌ إنتاجيٌّ في المصدر؛ ويُطبع [ب٩-ف٢-مث١٣] (يُحوَّل عند الإخراج)
book/الجزء-الثالث/الباب-التاسع/ف02-أ-المدخل-وبناء-المحاضرة.md	278	8	رمز المثال	[م٣-ب٩-ف٢-مث١٤]	يُحفظ	معرّفٌ إنتاجيٌّ في المصدر؛ ويُطبع [ب٩-ف٢-مث١٤] (يُحوَّل عند الإخراج)
book/الجزء-الثالث/الباب-التاسع/ف02-أ-المدخل-وبناء-المحاضرة.md	282	8	رمز المثال	[م٣-ب٩-ف٢-مث١٥]	يُحفظ	معرّفٌ إنتاجيٌّ في المصدر؛ ويُطبع [ب٩-ف٢-مث١٥] (يُحوَّل عند الإخراج)
book/الجزء-الثالث/الباب-التاسع/ف02-أ-المدخل-وبناء-المحاضرة.md	286	8	رمز المثال	[م٣-ب٩-ف٢-مث١٦]	يُحفظ	معرّفٌ إنتاجيٌّ في المصدر؛ ويُطبع [ب٩-ف٢-مث١٦] (يُحوَّل عند الإخراج)
book/الجزء-الثالث/الباب-التاسع/ف02-أ-المدخل-وبناء-المحاضرة.md	290	8	رمز المثال	[م٣-ب٩-ف٢-مث١٧]	يُحفظ	معرّفٌ إنتاجيٌّ في المصدر؛ ويُطبع [ب٩-ف٢-مث١٧] (يُحوَّل عند الإخراج)
book/الجزء-الثالث/الباب-التاسع/ف02-أ-المدخل-وبناء-المحاضرة.md	294	8	رمز المثال	[م٣-ب٩-ف٢-مث١٨]	يُحفظ	معرّفٌ إنتاجيٌّ في المصدر؛ ويُطبع [ب٩-ف٢-مث١٨] (يُحوَّل عند الإخراج)
book/الجزء-الثالث/الباب-التاسع/ف02-أ-المدخل-وبناء-المحاضرة.md	296	8	رمز المثال	[م٣-ب٩-ف٢-مث١٩]	يُحفظ	معرّفٌ إنتاجيٌّ في المصدر؛ ويُطبع [ب٩-ف٢-مث١٩] (يُحوَّل عند الإخراج)
book/الجزء-الثالث/الباب-التاسع/ف02-أ-المدخل-وبناء-المحاضرة.md	298	8	رمز المثال	[م٣-ب٩-ف٢-مث٢٠]	يُحفظ	معرّفٌ إنتاجيٌّ في المصدر؛ ويُطبع [ب٩-ف٢-مث٢٠] (يُحوَّل عند الإخراج)
book/الجزء-الثالث/الباب-التاسع/ف02-ب-الدرس-الثاني.md	63	8	رمز المثال	[م٣-ب٩-ف٢-مث٢١]	يُحفظ	معرّفٌ إنتاجيٌّ في المصدر؛ ويُطبع [ب٩-ف٢-مث٢١] (يُحوَّل عند الإخراج)
book/الجزء-الثالث/الباب-التاسع/ف02-ب-الدرس-الثاني.md	67	8	رمز المثال	[م٣-ب٩-ف٢-مث٢٢]	يُحفظ	معرّفٌ إنتاجيٌّ في المصدر؛ ويُطبع [ب٩-ف٢-مث٢٢] (يُحوَّل عند الإخراج)
book/الجزء-الثالث/الباب-التاسع/ف02-ب-الدرس-الثاني.md	71	8	رمز المثال	[م٣-ب٩-ف٢-مث٢٣]	يُحفظ	معرّفٌ إنتاجيٌّ في المصدر؛ ويُطبع [ب٩-ف٢-مث٢٣] (يُحوَّل عند الإخراج)
book/الجزء-الثالث/الباب-التاسع/ف02-ب-الدرس-الثاني.md	79	8	رمز المثال	[م٣-ب٩-ف٢-مث٢٤]	يُحفظ	معرّفٌ إنتاجيٌّ في المصدر؛ ويُطبع [ب٩-ف٢-مث٢٤] (يُحوَّل عند الإخراج)
book/الجزء-الثالث/الباب-التاسع/ف02-ب-الدرس-الثاني.md	83	8	رمز المثال	[م٣-ب٩-ف٢-مث٢٥]	يُحفظ	معرّفٌ إنتاجيٌّ في المصدر؛ ويُطبع [ب٩-ف٢-مث٢٥] (يُحوَّل عند الإخراج)
book/الجزء-الثالث/الباب-التاسع/ف02-ب-الدرس-الثاني.md	87	8	رمز المثال	[م٣-ب٩-ف٢-مث٢٦]	يُحفظ	معرّفٌ إنتاجيٌّ في المصدر؛ ويُطبع [ب٩-ف٢-مث٢٦] (يُحوَّل عند الإخراج)
book/الجزء-الثالث/الباب-التاسع/ف02-ب-الدرس-الثاني.md	113	8	الجزء ن	الجزء الأول	مراجعة بشرية	قراءة مقترحة: استعمالٌ لغويٌّ عام، لا بنية الكتاب؛ يُحفظ
book/الجزء-الثالث/الباب-التاسع/ف02-ب-الدرس-الثاني.md	113	8	الجزء ن	الجزء الثاني	مراجعة بشرية	قراءة مقترحة: استعمالٌ لغويٌّ عام، لا بنية الكتاب؛ يُحفظ
book/الجزء-الثالث/الباب-التاسع/ف02-ب-الدرس-الثاني.md	134	8	رمز المثال	[م٣-ب٩-ف٢-مث٢٧]	يُحفظ	معرّفٌ إنتاجيٌّ في المصدر؛ ويُطبع [ب٩-ف٢-مث٢٧] (يُحوَّل عند الإخراج)
book/الجزء-الثالث/الباب-التاسع/ف02-ب-الدرس-الثاني.md	138	8	رمز المثال	[م٣-ب٩-ف٢-مث٢٨]	يُحفظ	معرّفٌ إنتاجيٌّ في المصدر؛ ويُطبع [ب٩-ف٢-مث٢٨] (يُحوَّل عند الإخراج)
book/الجزء-الثالث/الباب-التاسع/ف02-ب-الدرس-الثاني.md	142	8	رمز المثال	[م٣-ب٩-ف٢-مث٢٩]	يُحفظ	معرّفٌ إنتاجيٌّ في المصدر؛ ويُطبع [ب٩-ف٢-مث٢٩] (يُحوَّل عند الإخراج)
book/الجزء-الثالث/الباب-التاسع/ف02-ب-الدرس-الثاني.md	150	8	رمز المثال	[م٣-ب٩-ف٢-مث٣٠]	يُحفظ	معرّفٌ إنتاجيٌّ في المصدر؛ ويُطبع [ب٩-ف٢-مث٣٠] (يُحوَّل عند الإخراج)
book/الجزء-الثالث/الباب-التاسع/ف02-ب-الدرس-الثاني.md	154	8	رمز المثال	[م٣-ب٩-ف٢-مث٣١]	يُحفظ	معرّفٌ إنتاجيٌّ في المصدر؛ ويُطبع [ب٩-ف٢-مث٣١] (يُحوَّل عند الإخراج)
book/الجزء-الثالث/الباب-التاسع/ف02-ب-الدرس-الثاني.md	158	8	رمز المثال	[م٣-ب٩-ف٢-مث٣٢]	يُحفظ	معرّفٌ إنتاجيٌّ في المصدر؛ ويُطبع [ب٩-ف٢-مث٣٢] (يُحوَّل عند الإخراج)
book/الجزء-الثالث/الباب-التاسع/ف02-ب-الدرس-الثاني.md	162	8	رمز المثال	[م٣-ب٩-ف٢-مث٣٣]	يُحفظ	معرّفٌ إنتاجيٌّ في المصدر؛ ويُطبع [ب٩-ف٢-مث٣٣] (يُحوَّل عند الإخراج)
book/الجزء-الثالث/الباب-التاسع/ف03-أ-المدخل-والدرس-الأول.md	5	8	المستوى ن	المستوى ٨	يُصحّح	المستوى 9
book/الجزء-الثالث/الباب-التاسع/ف03-أ-المدخل-والدرس-الأول.md	120	8	رمز المثال	[م٣-ب٩-ف٣-مث١]	يُحفظ	معرّفٌ إنتاجيٌّ في المصدر؛ ويُطبع [ب٩-ف٣-مث١] (يُحوَّل عند الإخراج)
book/الجزء-الثالث/الباب-التاسع/ف03-أ-المدخل-والدرس-الأول.md	124	8	رمز المثال	[م٣-ب٩-ف٣-مث٢]	يُحفظ	معرّفٌ إنتاجيٌّ في المصدر؛ ويُطبع [ب٩-ف٣-مث٢] (يُحوَّل عند الإخراج)
book/الجزء-الثالث/الباب-التاسع/ف03-أ-المدخل-والدرس-الأول.md	128	8	رمز المثال	[م٣-ب٩-ف٣-مث٣]	يُحفظ	معرّفٌ إنتاجيٌّ في المصدر؛ ويُطبع [ب٩-ف٣-مث٣] (يُحوَّل عند الإخراج)
book/الجزء-الثالث/الباب-التاسع/ف03-أ-المدخل-والدرس-الأول.md	132	8	رمز المثال	[م٣-ب٩-ف٣-مث٤]	يُحفظ	معرّفٌ إنتاجيٌّ في المصدر؛ ويُطبع [ب٩-ف٣-مث٤] (يُحوَّل عند الإخراج)
book/الجزء-الثالث/الباب-التاسع/ف03-أ-المدخل-والدرس-الأول.md	136	8	رمز المثال	[م٣-ب٩-ف٣-مث٥]	يُحفظ	معرّفٌ إنتاجيٌّ في المصدر؛ ويُطبع [ب٩-ف٣-مث٥] (يُحوَّل عند الإخراج)
book/الجزء-الثالث/الباب-التاسع/ف03-أ-المدخل-والدرس-الأول.md	140	8	رمز المثال	[م٣-ب٩-ف٣-مث٦]	يُحفظ	معرّفٌ إنتاجيٌّ في المصدر؛ ويُطبع [ب٩-ف٣-مث٦] (يُحوَّل عند الإخراج)
book/الجزء-الثالث/الباب-التاسع/ف03-أ-المدخل-والدرس-الأول.md	144	8	رمز المثال	[م٣-ب٩-ف٣-مث٧]	يُحفظ	معرّفٌ إنتاجيٌّ في المصدر؛ ويُطبع [ب٩-ف٣-مث٧] (يُحوَّل عند الإخراج)
book/الجزء-الثالث/الباب-التاسع/ف03-أ-المدخل-والدرس-الأول.md	195	8	رمز المثال	[م٣-ب٩-ف٣-مث٨]	يُحفظ	معرّفٌ إنتاجيٌّ في المصدر؛ ويُطبع [ب٩-ف٣-مث٨] (يُحوَّل عند الإخراج)
book/الجزء-الثالث/الباب-التاسع/ف03-أ-المدخل-والدرس-الأول.md	199	8	رمز المثال	[م٣-ب٩-ف٣-مث٩]	يُحفظ	معرّفٌ إنتاجيٌّ في المصدر؛ ويُطبع [ب٩-ف٣-مث٩] (يُحوَّل عند الإخراج)
book/الجزء-الثالث/الباب-التاسع/ف03-أ-المدخل-والدرس-الأول.md	203	8	رمز المثال	[م٣-ب٩-ف٣-مث١٠]	يُحفظ	معرّفٌ إنتاجيٌّ في المصدر؛ ويُطبع [ب٩-ف٣-مث١٠] (يُحوَّل عند الإخراج)
book/الجزء-الثالث/الباب-التاسع/ف03-أ-المدخل-والدرس-الأول.md	207	8	رمز المثال	[م٣-ب٩-ف٣-مث١١]	يُحفظ	معرّفٌ إنتاجيٌّ في المصدر؛ ويُطبع [ب٩-ف٣-مث١١] (يُحوَّل عند الإخراج)
book/الجزء-الثالث/الباب-التاسع/ف03-أ-المدخل-والدرس-الأول.md	211	8	رمز المثال	[م٣-ب٩-ف٣-مث١٢]	يُحفظ	معرّفٌ إنتاجيٌّ في المصدر؛ ويُطبع [ب٩-ف٣-مث١٢] (يُحوَّل عند الإخراج)
book/الجزء-الثالث/الباب-التاسع/ف03-ب-الدرس-الثاني.md	69	8	رمز المثال	[م٣-ب٩-ف٣-مث١٣]	يُحفظ	معرّفٌ إنتاجيٌّ في المصدر؛ ويُطبع [ب٩-ف٣-مث١٣] (يُحوَّل عند الإخراج)
book/الجزء-الثالث/الباب-التاسع/ف03-ب-الدرس-الثاني.md	73	8	رمز المثال	[م٣-ب٩-ف٣-مث١٤]	يُحفظ	معرّفٌ إنتاجيٌّ في المصدر؛ ويُطبع [ب٩-ف٣-مث١٤] (يُحوَّل عند الإخراج)
book/الجزء-الثالث/الباب-التاسع/ف03-ب-الدرس-الثاني.md	77	8	رمز المثال	[م٣-ب٩-ف٣-مث١٥]	يُحفظ	معرّفٌ إنتاجيٌّ في المصدر؛ ويُطبع [ب٩-ف٣-مث١٥] (يُحوَّل عند الإخراج)
book/الجزء-الثالث/الباب-التاسع/ف03-ب-الدرس-الثاني.md	81	8	رمز المثال	[م٣-ب٩-ف٣-مث١٦]	يُحفظ	معرّفٌ إنتاجيٌّ في المصدر؛ ويُطبع [ب٩-ف٣-مث١٦] (يُحوَّل عند الإخراج)
book/الجزء-الثالث/الباب-التاسع/ف03-ب-الدرس-الثاني.md	103	8	رمز المثال	[م٣-ب٩-ف٣-مث١٧]	يُحفظ	معرّفٌ إنتاجيٌّ في المصدر؛ ويُطبع [ب٩-ف٣-مث١٧] (يُحوَّل عند الإخراج)
book/الجزء-الثالث/الباب-التاسع/ف03-ب-الدرس-الثاني.md	107	8	رمز المثال	[م٣-ب٩-ف٣-مث١٨]	يُحفظ	معرّفٌ إنتاجيٌّ في المصدر؛ ويُطبع [ب٩-ف٣-مث١٨] (يُحوَّل عند الإخراج)
book/الجزء-الثالث/الباب-التاسع/ف03-ب-الدرس-الثاني.md	158	8	رمز المثال	[م٣-ب٩-ف٣-مث١٩]	يُحفظ	معرّفٌ إنتاجيٌّ في المصدر؛ ويُطبع [ب٩-ف٣-مث١٩] (يُحوَّل عند الإخراج)
book/الجزء-الثالث/الباب-التاسع/ف03-ب-الدرس-الثاني.md	162	8	رمز المثال	[م٣-ب٩-ف٣-مث٢٠]	يُحفظ	معرّفٌ إنتاجيٌّ في المصدر؛ ويُطبع [ب٩-ف٣-مث٢٠] (يُحوَّل عند الإخراج)
book/الجزء-الثالث/الباب-التاسع/ف03-ب-الدرس-الثاني.md	166	8	رمز المثال	[م٣-ب٩-ف٣-مث٢١]	يُحفظ	معرّفٌ إنتاجيٌّ في المصدر؛ ويُطبع [ب٩-ف٣-مث٢١] (يُحوَّل عند الإخراج)
book/الجزء-الثالث/الباب-التاسع/ف03-ب-الدرس-الثاني.md	170	8	رمز المثال	[م٣-ب٩-ف٣-مث٢٢]	يُحفظ	معرّفٌ إنتاجيٌّ في المصدر؛ ويُطبع [ب٩-ف٣-مث٢٢] (يُحوَّل عند الإخراج)
book/الجزء-الثالث/الباب-التاسع/ف04-أ-المدخل-والدرس-الأول.md	5	8	المستوى ن	المستوى ٨	يُصحّح	المستوى 9
book/الجزء-الثالث/الباب-التاسع/ف04-أ-المدخل-والدرس-الأول.md	143	8	إحالة	انظر الباب الرابع، الفصل الثاني	يُصحّح	يُزاد المجلد: «في المجلد 4، …»
book/الجزء-الثالث/الباب-التاسع/ف04-أ-المدخل-والدرس-الأول.md	163	8	رمز المثال	[م٣-ب٩-ف٤-مث١]	يُحفظ	معرّفٌ إنتاجيٌّ في المصدر؛ ويُطبع [ب٩-ف٤-مث١] (يُحوَّل عند الإخراج)
book/الجزء-الثالث/الباب-التاسع/ف04-أ-المدخل-والدرس-الأول.md	167	8	رمز المثال	[م٣-ب٩-ف٤-مث٢]	يُحفظ	معرّفٌ إنتاجيٌّ في المصدر؛ ويُطبع [ب٩-ف٤-مث٢] (يُحوَّل عند الإخراج)
book/الجزء-الثالث/الباب-التاسع/ف04-أ-المدخل-والدرس-الأول.md	171	8	رمز المثال	[م٣-ب٩-ف٤-مث٣]	يُحفظ	معرّفٌ إنتاجيٌّ في المصدر؛ ويُطبع [ب٩-ف٤-مث٣] (يُحوَّل عند الإخراج)
book/الجزء-الثالث/الباب-التاسع/ف04-أ-المدخل-والدرس-الأول.md	179	8	رمز المثال	[م٣-ب٩-ف٤-مث٤]	يُحفظ	معرّفٌ إنتاجيٌّ في المصدر؛ ويُطبع [ب٩-ف٤-مث٤] (يُحوَّل عند الإخراج)
book/الجزء-الثالث/الباب-التاسع/ف04-أ-المدخل-والدرس-الأول.md	183	8	رمز المثال	[م٣-ب٩-ف٤-مث٥]	يُحفظ	معرّفٌ إنتاجيٌّ في المصدر؛ ويُطبع [ب٩-ف٤-مث٥] (يُحوَّل عند الإخراج)
book/الجزء-الثالث/الباب-التاسع/ف04-أ-المدخل-والدرس-الأول.md	187	8	رمز المثال	[م٣-ب٩-ف٤-مث٦]	يُحفظ	معرّفٌ إنتاجيٌّ في المصدر؛ ويُطبع [ب٩-ف٤-مث٦] (يُحوَّل عند الإخراج)
book/الجزء-الثالث/الباب-التاسع/ف04-أ-المدخل-والدرس-الأول.md	195	8	رمز المثال	[م٣-ب٩-ف٤-مث٧]	يُحفظ	معرّفٌ إنتاجيٌّ في المصدر؛ ويُطبع [ب٩-ف٤-مث٧] (يُحوَّل عند الإخراج)
book/الجزء-الثالث/الباب-التاسع/ف04-أ-المدخل-والدرس-الأول.md	199	8	رمز المثال	[م٣-ب٩-ف٤-مث٨]	يُحفظ	معرّفٌ إنتاجيٌّ في المصدر؛ ويُطبع [ب٩-ف٤-مث٨] (يُحوَّل عند الإخراج)
book/الجزء-الثالث/الباب-التاسع/ف04-أ-المدخل-والدرس-الأول.md	203	8	رمز المثال	[م٣-ب٩-ف٤-مث٩]	يُحفظ	معرّفٌ إنتاجيٌّ في المصدر؛ ويُطبع [ب٩-ف٤-مث٩] (يُحوَّل عند الإخراج)
book/الجزء-الثالث/الباب-التاسع/ف04-أ-المدخل-والدرس-الأول.md	211	8	رمز المثال	[م٣-ب٩-ف٤-مث١٠]	يُحفظ	معرّفٌ إنتاجيٌّ في المصدر؛ ويُطبع [ب٩-ف٤-مث١٠] (يُحوَّل عند الإخراج)
book/الجزء-الثالث/الباب-التاسع/ف04-أ-المدخل-والدرس-الأول.md	215	8	رمز المثال	[م٣-ب٩-ف٤-مث١١]	يُحفظ	معرّفٌ إنتاجيٌّ في المصدر؛ ويُطبع [ب٩-ف٤-مث١١] (يُحوَّل عند الإخراج)
book/الجزء-الثالث/الباب-التاسع/ف04-أ-المدخل-والدرس-الأول.md	219	8	رمز المثال	[م٣-ب٩-ف٤-مث١٢]	يُحفظ	معرّفٌ إنتاجيٌّ في المصدر؛ ويُطبع [ب٩-ف٤-مث١٢] (يُحوَّل عند الإخراج)
book/الجزء-الثالث/الباب-التاسع/ف04-أ-المدخل-والدرس-الأول.md	227	8	رمز المثال	[م٣-ب٩-ف٤-مث١٣]	يُحفظ	معرّفٌ إنتاجيٌّ في المصدر؛ ويُطبع [ب٩-ف٤-مث١٣] (يُحوَّل عند الإخراج)
book/الجزء-الثالث/الباب-التاسع/ف04-أ-المدخل-والدرس-الأول.md	232	8	رمز المثال	[م٣-ب٩-ف٤-مث١٤]	يُحفظ	معرّفٌ إنتاجيٌّ في المصدر؛ ويُطبع [ب٩-ف٤-مث١٤] (يُحوَّل عند الإخراج)
book/الجزء-الثالث/الباب-التاسع/ف04-أ-المدخل-والدرس-الأول.md	236	8	رمز المثال	[م٣-ب٩-ف٤-مث١٥]	يُحفظ	معرّفٌ إنتاجيٌّ في المصدر؛ ويُطبع [ب٩-ف٤-مث١٥] (يُحوَّل عند الإخراج)
book/الجزء-الثالث/الباب-التاسع/ف04-أ-المدخل-والدرس-الأول.md	244	8	رمز المثال	[م٣-ب٩-ف٤-مث١٦]	يُحفظ	معرّفٌ إنتاجيٌّ في المصدر؛ ويُطبع [ب٩-ف٤-مث١٦] (يُحوَّل عند الإخراج)
book/الجزء-الثالث/الباب-التاسع/ف04-أ-المدخل-والدرس-الأول.md	262	8	رمز المثال	[م٣-ب٩-ف٤-مث١٧]	يُحفظ	معرّفٌ إنتاجيٌّ في المصدر؛ ويُطبع [ب٩-ف٤-مث١٧] (يُحوَّل عند الإخراج)
book/الجزء-الثالث/الباب-التاسع/ف04-أ-المدخل-والدرس-الأول.md	287	8	رمز المثال	[م٣-ب٩-ف٤-مث١٨]	يُحفظ	معرّفٌ إنتاجيٌّ في المصدر؛ ويُطبع [ب٩-ف٤-مث١٨] (يُحوَّل عند الإخراج)
book/الجزء-الثالث/الباب-التاسع/ف04-أ-المدخل-والدرس-الأول.md	291	8	رمز المثال	[م٣-ب٩-ف٤-مث١٩]	يُحفظ	معرّفٌ إنتاجيٌّ في المصدر؛ ويُطبع [ب٩-ف٤-مث١٩] (يُحوَّل عند الإخراج)
book/الجزء-الثالث/الباب-التاسع/ف04-أ-المدخل-والدرس-الأول.md	307	8	رمز المثال	[م٣-ب٩-ف٤-مث٢٠]	يُحفظ	معرّفٌ إنتاجيٌّ في المصدر؛ ويُطبع [ب٩-ف٤-مث٢٠] (يُحوَّل عند الإخراج)
book/الجزء-الثالث/الباب-التاسع/ف04-أ-المدخل-والدرس-الأول.md	311	8	رمز المثال	[م٣-ب٩-ف٤-مث٢١]	يُحفظ	معرّفٌ إنتاجيٌّ في المصدر؛ ويُطبع [ب٩-ف٤-مث٢١] (يُحوَّل عند الإخراج)
book/الجزء-الثالث/الباب-التاسع/ف04-أ-المدخل-والدرس-الأول.md	315	8	رمز المثال	[م٣-ب٩-ف٤-مث٢٢]	يُحفظ	معرّفٌ إنتاجيٌّ في المصدر؛ ويُطبع [ب٩-ف٤-مث٢٢] (يُحوَّل عند الإخراج)
book/الجزء-الثالث/الباب-التاسع/ف04-أ-المدخل-والدرس-الأول.md	319	8	رمز المثال	[م٣-ب٩-ف٤-مث٢٣]	يُحفظ	معرّفٌ إنتاجيٌّ في المصدر؛ ويُطبع [ب٩-ف٤-مث٢٣] (يُحوَّل عند الإخراج)
book/الجزء-الثالث/الباب-التاسع/ف04-أ-المدخل-والدرس-الأول.md	323	8	رمز المثال	[م٣-ب٩-ف٤-مث٢٤]	يُحفظ	معرّفٌ إنتاجيٌّ في المصدر؛ ويُطبع [ب٩-ف٤-مث٢٤] (يُحوَّل عند الإخراج)
book/الجزء-الثالث/الباب-التاسع/ف04-أ-المدخل-والدرس-الأول.md	332	8	رمز المثال	[م٣-ب٩-ف٤-مث٢٥]	يُحفظ	معرّفٌ إنتاجيٌّ في المصدر؛ ويُطبع [ب٩-ف٤-مث٢٥] (يُحوَّل عند الإخراج)
book/الجزء-الثالث/الباب-التاسع/ف04-ب-الدرس-الثاني.md	101	8	رمز المثال	[م٣-ب٩-ف٤-مث٢٦]	يُحفظ	معرّفٌ إنتاجيٌّ في المصدر؛ ويُطبع [ب٩-ف٤-مث٢٦] (يُحوَّل عند الإخراج)
book/الجزء-الثالث/الباب-التاسع/ف04-ب-الدرس-الثاني.md	105	8	رمز المثال	[م٣-ب٩-ف٤-مث٢٧]	يُحفظ	معرّفٌ إنتاجيٌّ في المصدر؛ ويُطبع [ب٩-ف٤-مث٢٧] (يُحوَّل عند الإخراج)
book/الجزء-الثالث/الباب-التاسع/ف04-ب-الدرس-الثاني.md	109	8	رمز المثال	[م٣-ب٩-ف٤-مث٢٨]	يُحفظ	معرّفٌ إنتاجيٌّ في المصدر؛ ويُطبع [ب٩-ف٤-مث٢٨] (يُحوَّل عند الإخراج)
book/الجزء-الثالث/الباب-التاسع/ف04-ب-الدرس-الثاني.md	113	8	رمز المثال	[م٣-ب٩-ف٤-مث٢٩]	يُحفظ	معرّفٌ إنتاجيٌّ في المصدر؛ ويُطبع [ب٩-ف٤-مث٢٩] (يُحوَّل عند الإخراج)
book/الجزء-الثالث/الباب-التاسع/ف04-ب-الدرس-الثاني.md	117	8	رمز المثال	[م٣-ب٩-ف٤-مث٣٠]	يُحفظ	معرّفٌ إنتاجيٌّ في المصدر؛ ويُطبع [ب٩-ف٤-مث٣٠] (يُحوَّل عند الإخراج)
book/الجزء-الثالث/الباب-التاسع/ف04-ب-الدرس-الثاني.md	121	8	رمز المثال	[م٣-ب٩-ف٤-مث٣١]	يُحفظ	معرّفٌ إنتاجيٌّ في المصدر؛ ويُطبع [ب٩-ف٤-مث٣١] (يُحوَّل عند الإخراج)
book/الجزء-الثالث/الباب-التاسع/ف04-ب-الدرس-الثاني.md	125	8	رمز المثال	[م٣-ب٩-ف٤-مث٣٢]	يُحفظ	معرّفٌ إنتاجيٌّ في المصدر؛ ويُطبع [ب٩-ف٤-مث٣٢] (يُحوَّل عند الإخراج)
book/الجزء-الثالث/الباب-التاسع/ف04-ب-الدرس-الثاني.md	129	8	رمز المثال	[م٣-ب٩-ف٤-مث٣٣]	يُحفظ	معرّفٌ إنتاجيٌّ في المصدر؛ ويُطبع [ب٩-ف٤-مث٣٣] (يُحوَّل عند الإخراج)
book/الجزء-الثالث/الباب-التاسع/ف04-ب-الدرس-الثاني.md	134	8	رمز المثال	[م٣-ب٩-ف٤-مث٣٤]	يُحفظ	معرّفٌ إنتاجيٌّ في المصدر؛ ويُطبع [ب٩-ف٤-مث٣٤] (يُحوَّل عند الإخراج)
book/الجزء-الثالث/الباب-التاسع/ف04-ب-الدرس-الثاني.md	139	8	رمز المثال	[م٣-ب٩-ف٤-مث٣٥]	يُحفظ	معرّفٌ إنتاجيٌّ في المصدر؛ ويُطبع [ب٩-ف٤-مث٣٥] (يُحوَّل عند الإخراج)
book/الجزء-الثالث/الباب-التاسع/ف04-ب-الدرس-الثاني.md	173	8	إحالة	في الباب السابع، الفصل الثاني	يُصحّح	يُزاد المجلد: «في المجلد 7، …»
book/الجزء-الثالث/الباب-التاسع/ف04-ب-الدرس-الثاني.md	175	8	رمز المثال	[م٣-ب٩-ف٤-مث٣٦]	يُحفظ	معرّفٌ إنتاجيٌّ في المصدر؛ ويُطبع [ب٩-ف٤-مث٣٦] (يُحوَّل عند الإخراج)
book/الجزء-الثالث/الباب-التاسع/ف04-ب-الدرس-الثاني.md	180	8	رمز المثال	[م٣-ب٩-ف٤-مث٣٧]	يُحفظ	معرّفٌ إنتاجيٌّ في المصدر؛ ويُطبع [ب٩-ف٤-مث٣٧] (يُحوَّل عند الإخراج)
book/الجزء-الثالث/الباب-التاسع/ف04-ب-الدرس-الثاني.md	184	8	رمز المثال	[م٣-ب٩-ف٤-مث٣٨]	يُحفظ	معرّفٌ إنتاجيٌّ في المصدر؛ ويُطبع [ب٩-ف٤-مث٣٨] (يُحوَّل عند الإخراج)
book/الجزء-الثالث/الباب-التاسع/ف04-ب-الدرس-الثاني.md	188	8	رمز المثال	[م٣-ب٩-ف٤-مث٣٩]	يُحفظ	معرّفٌ إنتاجيٌّ في المصدر؛ ويُطبع [ب٩-ف٤-مث٣٩] (يُحوَّل عند الإخراج)
book/الجزء-الثالث/الباب-التاسع/ف04-ب-الدرس-الثاني.md	193	8	رمز المثال	[م٣-ب٩-ف٤-مث٤٠]	يُحفظ	معرّفٌ إنتاجيٌّ في المصدر؛ ويُطبع [ب٩-ف٤-مث٤٠] (يُحوَّل عند الإخراج)
book/الجزء-الثالث/الباب-التاسع/ف04-ب-الدرس-الثاني.md	198	8	رمز المثال	[م٣-ب٩-ف٤-مث٤١]	يُحفظ	معرّفٌ إنتاجيٌّ في المصدر؛ ويُطبع [ب٩-ف٤-مث٤١] (يُحوَّل عند الإخراج)
book/الجزء-الثالث/الباب-التاسع/ف04-ب-الدرس-الثاني.md	203	8	رمز المثال	[م٣-ب٩-ف٤-مث٤٢]	يُحفظ	معرّفٌ إنتاجيٌّ في المصدر؛ ويُطبع [ب٩-ف٤-مث٤٢] (يُحوَّل عند الإخراج)
book/الجزء-الثالث/الباب-التاسع/ف04-ب-الدرس-الثاني.md	213	8	الأجزاء	أربعة أجزاء	مراجعة بشرية	قراءة مقترحة: استعمالٌ لغويٌّ عام، لا بنية الكتاب؛ يُحفظ
book/الجزء-الثالث/الباب-التاسع/ف04-ب-الدرس-الثاني.md	215	8	رمز المثال	[م٣-ب٩-ف٤-مث٤٣]	يُحفظ	معرّفٌ إنتاجيٌّ في المصدر؛ ويُطبع [ب٩-ف٤-مث٤٣] (يُحوَّل عند الإخراج)
book/الجزء-الثالث/الباب-التاسع/ف04-ب-الدرس-الثاني.md	219	8	رمز المثال	[م٣-ب٩-ف٤-مث٤٤]	يُحفظ	معرّفٌ إنتاجيٌّ في المصدر؛ ويُطبع [ب٩-ف٤-مث٤٤] (يُحوَّل عند الإخراج)
book/الجزء-الثالث/الباب-التاسع/ف04-ب-الدرس-الثاني.md	223	8	رمز المثال	[م٣-ب٩-ف٤-مث٤٥]	يُحفظ	معرّفٌ إنتاجيٌّ في المصدر؛ ويُطبع [ب٩-ف٤-مث٤٥] (يُحوَّل عند الإخراج)
book/الجزء-الثالث/الباب-التاسع/ف04-ب-الدرس-الثاني.md	243	8	رمز المثال	[م٣-ب٩-ف٤-مث٤٦]	يُحفظ	معرّفٌ إنتاجيٌّ في المصدر؛ ويُطبع [ب٩-ف٤-مث٤٦] (يُحوَّل عند الإخراج)
book/الجزء-الثالث/الباب-التاسع/ف04-ب-الدرس-الثاني.md	247	8	رمز المثال	[م٣-ب٩-ف٤-مث٤٧]	يُحفظ	معرّفٌ إنتاجيٌّ في المصدر؛ ويُطبع [ب٩-ف٤-مث٤٧] (يُحوَّل عند الإخراج)
book/الجزء-الثالث/الباب-التاسع/ف04-ب-الدرس-الثاني.md	266	8	رمز المثال	[م٣-ب٩-ف٤-مث٤٨]	يُحفظ	معرّفٌ إنتاجيٌّ في المصدر؛ ويُطبع [ب٩-ف٤-مث٤٨] (يُحوَّل عند الإخراج)
book/الجزء-الثالث/الباب-التاسع/ف04-ج-التطبيق-والتقويم.md	367	8	الأجزاء	الأجزاء الأربعة	مراجعة بشرية	قراءة مقترحة: استعمالٌ لغويٌّ عام، لا بنية الكتاب؛ يُحفظ
book/الجزء-الثالث/الباب-التاسع/ف05-أ-العطل-وضيق-الوقت.md	5	8	المستوى ن	المستوى ٨	يُصحّح	المستوى 9
book/الجزء-الثالث/الباب-التاسع/ف05-أ-العطل-وضيق-الوقت.md	115	8	رمز المثال	[م٣-ب٩-ف٥-مث١]	يُحفظ	معرّفٌ إنتاجيٌّ في المصدر؛ ويُطبع [ب٩-ف٥-مث١] (يُحوَّل عند الإخراج)
book/الجزء-الثالث/الباب-التاسع/ف05-أ-العطل-وضيق-الوقت.md	119	8	رمز المثال	[م٣-ب٩-ف٥-مث٢]	يُحفظ	معرّفٌ إنتاجيٌّ في المصدر؛ ويُطبع [ب٩-ف٥-مث٢] (يُحوَّل عند الإخراج)
book/الجزء-الثالث/الباب-التاسع/ف05-أ-العطل-وضيق-الوقت.md	123	8	رمز المثال	[م٣-ب٩-ف٥-مث٣]	يُحفظ	معرّفٌ إنتاجيٌّ في المصدر؛ ويُطبع [ب٩-ف٥-مث٣] (يُحوَّل عند الإخراج)
book/الجزء-الثالث/الباب-التاسع/ف05-أ-العطل-وضيق-الوقت.md	127	8	رمز المثال	[م٣-ب٩-ف٥-مث٤]	يُحفظ	معرّفٌ إنتاجيٌّ في المصدر؛ ويُطبع [ب٩-ف٥-مث٤] (يُحوَّل عند الإخراج)
book/الجزء-الثالث/الباب-التاسع/ف05-أ-العطل-وضيق-الوقت.md	177	8	رمز المثال	[م٣-ب٩-ف٥-مث٥]	يُحفظ	معرّفٌ إنتاجيٌّ في المصدر؛ ويُطبع [ب٩-ف٥-مث٥] (يُحوَّل عند الإخراج)
book/الجزء-الثالث/الباب-التاسع/ف05-أ-العطل-وضيق-الوقت.md	181	8	رمز المثال	[م٣-ب٩-ف٥-مث٦]	يُحفظ	معرّفٌ إنتاجيٌّ في المصدر؛ ويُطبع [ب٩-ف٥-مث٦] (يُحوَّل عند الإخراج)
book/الجزء-الثالث/الباب-التاسع/ف05-أ-العطل-وضيق-الوقت.md	185	8	رمز المثال	[م٣-ب٩-ف٥-مث٧]	يُحفظ	معرّفٌ إنتاجيٌّ في المصدر؛ ويُطبع [ب٩-ف٥-مث٧] (يُحوَّل عند الإخراج)
book/الجزء-الثالث/الباب-التاسع/ف05-أ-العطل-وضيق-الوقت.md	195	8	رمز المثال	[م٣-ب٩-ف٥-مث٨]	يُحفظ	معرّفٌ إنتاجيٌّ في المصدر؛ ويُطبع [ب٩-ف٥-مث٨] (يُحوَّل عند الإخراج)
book/الجزء-الثالث/الباب-التاسع/ف05-أ-العطل-وضيق-الوقت.md	199	8	رمز المثال	[م٣-ب٩-ف٥-مث٩]	يُحفظ	معرّفٌ إنتاجيٌّ في المصدر؛ ويُطبع [ب٩-ف٥-مث٩] (يُحوَّل عند الإخراج)
book/الجزء-الثالث/الباب-التاسع/ف05-ب-الأسئلة-والتطبيق-الختامي.md	62	8	رمز المثال	[م٣-ب٩-ف٥-مث١٠]	يُحفظ	معرّفٌ إنتاجيٌّ في المصدر؛ ويُطبع [ب٩-ف٥-مث١٠] (يُحوَّل عند الإخراج)
book/الجزء-الثالث/الباب-التاسع/ف05-ب-الأسئلة-والتطبيق-الختامي.md	66	8	رمز المثال	[م٣-ب٩-ف٥-مث١١]	يُحفظ	معرّفٌ إنتاجيٌّ في المصدر؛ ويُطبع [ب٩-ف٥-مث١١] (يُحوَّل عند الإخراج)
book/الجزء-الثالث/الباب-التاسع/ف05-ب-الأسئلة-والتطبيق-الختامي.md	70	8	رمز المثال	[م٣-ب٩-ف٥-مث١٢]	يُحفظ	معرّفٌ إنتاجيٌّ في المصدر؛ ويُطبع [ب٩-ف٥-مث١٢] (يُحوَّل عند الإخراج)
book/الجزء-الثالث/الباب-التاسع/ف05-ب-الأسئلة-والتطبيق-الختامي.md	120	8	رمز المثال	[م٣-ب٩-ف٥-مث١٣]	يُحفظ	معرّفٌ إنتاجيٌّ في المصدر؛ ويُطبع [ب٩-ف٥-مث١٣] (يُحوَّل عند الإخراج)
book/الجزء-الثالث/الباب-التاسع/ف05-ب-الأسئلة-والتطبيق-الختامي.md	124	8	رمز المثال	[م٣-ب٩-ف٥-مث١٤]	يُحفظ	معرّفٌ إنتاجيٌّ في المصدر؛ ويُطبع [ب٩-ف٥-مث١٤] (يُحوَّل عند الإخراج)
book/الجزء-الثالث/الباب-التاسع/ف05-ب-الأسئلة-والتطبيق-الختامي.md	128	8	رمز المثال	[م٣-ب٩-ف٥-مث١٥]	يُحفظ	معرّفٌ إنتاجيٌّ في المصدر؛ ويُطبع [ب٩-ف٥-مث١٥] (يُحوَّل عند الإخراج)
book/الجزء-الثالث/الباب-التاسع/ف05-ب-الأسئلة-والتطبيق-الختامي.md	136	8	رمز المثال	[م٣-ب٩-ف٥-مث١٦]	يُحفظ	معرّفٌ إنتاجيٌّ في المصدر؛ ويُطبع [ب٩-ف٥-مث١٦] (يُحوَّل عند الإخراج)
book/الجزء-الثالث/الباب-التاسع/ف05-ب-الأسئلة-والتطبيق-الختامي.md	140	8	رمز المثال	[م٣-ب٩-ف٥-مث١٧]	يُحفظ	معرّفٌ إنتاجيٌّ في المصدر؛ ويُطبع [ب٩-ف٥-مث١٧] (يُحوَّل عند الإخراج)
book/الجزء-الثالث/الباب-التاسع/ف05-ب-الأسئلة-والتطبيق-الختامي.md	144	8	رمز المثال	[م٣-ب٩-ف٥-مث١٨]	يُحفظ	معرّفٌ إنتاجيٌّ في المصدر؛ ويُطبع [ب٩-ف٥-مث١٨] (يُحوَّل عند الإخراج)
book/الجزء-الثالث/الباب-العاشر/00-فاتحة-الباب-العاشر.md	3	9	المستوى ن	المستوى ٩	يُصحّح	المستوى 10
book/الجزء-الثالث/الباب-العاشر/ف01-أ-بناء-الجواب.md	5	9	المستوى ن	المستوى ٩	يُصحّح	المستوى 10
book/الجزء-الثالث/الباب-العاشر/ف01-أ-بناء-الجواب.md	81	9	إحالة	انظر الباب السابع، الفصل الثاني	يُصحّح	يُزاد المجلد: «في المجلد 7، …»
book/الجزء-الثالث/الباب-العاشر/ف01-أ-بناء-الجواب.md	145	9	رمز المثال	[م٣-ب١٠-ف١-مث١]	يُحفظ	معرّفٌ إنتاجيٌّ في المصدر؛ ويُطبع [ب١٠-ف١-مث١] (يُحوَّل عند الإخراج)
book/الجزء-الثالث/الباب-العاشر/ف01-أ-بناء-الجواب.md	149	9	رمز المثال	[م٣-ب١٠-ف١-مث٢]	يُحفظ	معرّفٌ إنتاجيٌّ في المصدر؛ ويُطبع [ب١٠-ف١-مث٢] (يُحوَّل عند الإخراج)
book/الجزء-الثالث/الباب-العاشر/ف01-أ-بناء-الجواب.md	153	9	رمز المثال	[م٣-ب١٠-ف١-مث٣]	يُحفظ	معرّفٌ إنتاجيٌّ في المصدر؛ ويُطبع [ب١٠-ف١-مث٣] (يُحوَّل عند الإخراج)
book/الجزء-الثالث/الباب-العاشر/ف01-أ-بناء-الجواب.md	157	9	رمز المثال	[م٣-ب١٠-ف١-مث٤]	يُحفظ	معرّفٌ إنتاجيٌّ في المصدر؛ ويُطبع [ب١٠-ف١-مث٤] (يُحوَّل عند الإخراج)
book/الجزء-الثالث/الباب-العاشر/ف01-أ-بناء-الجواب.md	163	9	رمز المثال	[م٣-ب١٠-ف١-مث٥]	يُحفظ	معرّفٌ إنتاجيٌّ في المصدر؛ ويُطبع [ب١٠-ف١-مث٥] (يُحوَّل عند الإخراج)
book/الجزء-الثالث/الباب-العاشر/ف01-أ-بناء-الجواب.md	167	9	رمز المثال	[م٣-ب١٠-ف١-مث٦]	يُحفظ	معرّفٌ إنتاجيٌّ في المصدر؛ ويُطبع [ب١٠-ف١-مث٦] (يُحوَّل عند الإخراج)
book/الجزء-الثالث/الباب-العاشر/ف01-أ-بناء-الجواب.md	171	9	رمز المثال	[م٣-ب١٠-ف١-مث٧]	يُحفظ	معرّفٌ إنتاجيٌّ في المصدر؛ ويُطبع [ب١٠-ف١-مث٧] (يُحوَّل عند الإخراج)
book/الجزء-الثالث/الباب-العاشر/ف01-أ-بناء-الجواب.md	175	9	رمز المثال	[م٣-ب١٠-ف١-مث٨]	يُحفظ	معرّفٌ إنتاجيٌّ في المصدر؛ ويُطبع [ب١٠-ف١-مث٨] (يُحوَّل عند الإخراج)
book/الجزء-الثالث/الباب-العاشر/ف01-أ-بناء-الجواب.md	183	9	رمز المثال	[م٣-ب١٠-ف١-مث٩]	يُحفظ	معرّفٌ إنتاجيٌّ في المصدر؛ ويُطبع [ب١٠-ف١-مث٩] (يُحوَّل عند الإخراج)
book/الجزء-الثالث/الباب-العاشر/ف01-أ-بناء-الجواب.md	187	9	رمز المثال	[م٣-ب١٠-ف١-مث١٠]	يُحفظ	معرّفٌ إنتاجيٌّ في المصدر؛ ويُطبع [ب١٠-ف١-مث١٠] (يُحوَّل عند الإخراج)
book/الجزء-الثالث/الباب-العاشر/ف01-أ-بناء-الجواب.md	191	9	رمز المثال	[م٣-ب١٠-ف١-مث١١]	يُحفظ	معرّفٌ إنتاجيٌّ في المصدر؛ ويُطبع [ب١٠-ف١-مث١١] (يُحوَّل عند الإخراج)
book/الجزء-الثالث/الباب-العاشر/ف01-أ-بناء-الجواب.md	197	9	رمز المثال	[م٣-ب١٠-ف١-مث١٢]	يُحفظ	معرّفٌ إنتاجيٌّ في المصدر؛ ويُطبع [ب١٠-ف١-مث١٢] (يُحوَّل عند الإخراج)
book/الجزء-الثالث/الباب-العاشر/ف01-أ-بناء-الجواب.md	201	9	رمز المثال	[م٣-ب١٠-ف١-مث١٣]	يُحفظ	معرّفٌ إنتاجيٌّ في المصدر؛ ويُطبع [ب١٠-ف١-مث١٣] (يُحوَّل عند الإخراج)
book/الجزء-الثالث/الباب-العاشر/ف01-أ-بناء-الجواب.md	205	9	رمز المثال	[م٣-ب١٠-ف١-مث١٤]	يُحفظ	معرّفٌ إنتاجيٌّ في المصدر؛ ويُطبع [ب١٠-ف١-مث١٤] (يُحوَّل عند الإخراج)
book/الجزء-الثالث/الباب-العاشر/ف01-أ-بناء-الجواب.md	227	9	رمز المثال	[م٣-ب١٠-ف١-مث١٥]	يُحفظ	معرّفٌ إنتاجيٌّ في المصدر؛ ويُطبع [ب١٠-ف١-مث١٥] (يُحوَّل عند الإخراج)
book/الجزء-الثالث/الباب-العاشر/ف01-أ-بناء-الجواب.md	231	9	رمز المثال	[م٣-ب١٠-ف١-مث١٦]	يُحفظ	معرّفٌ إنتاجيٌّ في المصدر؛ ويُطبع [ب١٠-ف١-مث١٦] (يُحوَّل عند الإخراج)
book/الجزء-الثالث/الباب-العاشر/ف01-أ-بناء-الجواب.md	251	9	رمز المثال	[م٣-ب١٠-ف١-مث١٧]	يُحفظ	معرّفٌ إنتاجيٌّ في المصدر؛ ويُطبع [ب١٠-ف١-مث١٧] (يُحوَّل عند الإخراج)
book/الجزء-الثالث/الباب-العاشر/ف01-أ-بناء-الجواب.md	255	9	رمز المثال	[م٣-ب١٠-ف١-مث١٨]	يُحفظ	معرّفٌ إنتاجيٌّ في المصدر؛ ويُطبع [ب١٠-ف١-مث١٨] (يُحوَّل عند الإخراج)
book/الجزء-الثالث/الباب-العاشر/ف01-أ-بناء-الجواب.md	259	9	رمز المثال	[م٣-ب١٠-ف١-مث١٩]	يُحفظ	معرّفٌ إنتاجيٌّ في المصدر؛ ويُطبع [ب١٠-ف١-مث١٩] (يُحوَّل عند الإخراج)
book/الجزء-الثالث/الباب-العاشر/ف01-أ-بناء-الجواب.md	263	9	رمز المثال	[م٣-ب١٠-ف١-مث٢٠]	يُحفظ	معرّفٌ إنتاجيٌّ في المصدر؛ ويُطبع [ب١٠-ف١-مث٢٠] (يُحوَّل عند الإخراج)
book/الجزء-الثالث/الباب-العاشر/ف01-أ-بناء-الجواب.md	267	9	رمز المثال	[م٣-ب١٠-ف١-مث٢١]	يُحفظ	معرّفٌ إنتاجيٌّ في المصدر؛ ويُطبع [ب١٠-ف١-مث٢١] (يُحوَّل عند الإخراج)
book/الجزء-الثالث/الباب-العاشر/ف01-أ-بناء-الجواب.md	271	9	رمز المثال	[م٣-ب١٠-ف١-مث٢٢]	يُحفظ	معرّفٌ إنتاجيٌّ في المصدر؛ ويُطبع [ب١٠-ف١-مث٢٢] (يُحوَّل عند الإخراج)
book/الجزء-الثالث/الباب-العاشر/ف01-أ-بناء-الجواب.md	275	9	رمز المثال	[م٣-ب١٠-ف١-مث٢٣]	يُحفظ	معرّفٌ إنتاجيٌّ في المصدر؛ ويُطبع [ب١٠-ف١-مث٢٣] (يُحوَّل عند الإخراج)
book/الجزء-الثالث/الباب-العاشر/ف01-أ-بناء-الجواب.md	279	9	رمز المثال	[م٣-ب١٠-ف١-مث٢٤]	يُحفظ	معرّفٌ إنتاجيٌّ في المصدر؛ ويُطبع [ب١٠-ف١-مث٢٤] (يُحوَّل عند الإخراج)
book/الجزء-الثالث/الباب-العاشر/ف01-أ-بناء-الجواب.md	343	9	إحالة	انظر الباب السادس، الفصل الثامن	يُصحّح	يُزاد المجلد: «في المجلد 6، …»
book/الجزء-الثالث/الباب-العاشر/ف01-أ-بناء-الجواب.md	395	9	رمز المثال	[م٣-ب١٠-ف١-مث٢٥]	يُحفظ	معرّفٌ إنتاجيٌّ في المصدر؛ ويُطبع [ب١٠-ف١-مث٢٥] (يُحوَّل عند الإخراج)
book/الجزء-الثالث/الباب-العاشر/ف01-أ-بناء-الجواب.md	477	9	إحالة	في الباب الرابع	يُصحّح	يُزاد المجلد: «في المجلد 4، …»
book/الجزء-الثالث/الباب-العاشر/ف01-أ-بناء-الجواب.md	560	9	رمز المثال	[م٣-ب١٠-ف١-مث٢٦]	يُحفظ	معرّفٌ إنتاجيٌّ في المصدر؛ ويُطبع [ب١٠-ف١-مث٢٦] (يُحوَّل عند الإخراج)
book/الجزء-الثالث/الباب-العاشر/ف01-أ-بناء-الجواب.md	564	9	رمز المثال	[م٣-ب١٠-ف١-مث٢٧]	يُحفظ	معرّفٌ إنتاجيٌّ في المصدر؛ ويُطبع [ب١٠-ف١-مث٢٧] (يُحوَّل عند الإخراج)
book/الجزء-الثالث/الباب-العاشر/ف01-ب-الأسئلة-والمحاكاة.md	141	9	رمز المثال	[م٣-ب١٠-ف١-مث٢٨]	يُحفظ	معرّفٌ إنتاجيٌّ في المصدر؛ ويُطبع [ب١٠-ف١-مث٢٨] (يُحوَّل عند الإخراج)
book/الجزء-الثالث/الباب-العاشر/ف01-ب-الأسئلة-والمحاكاة.md	243	9	إحالة	انظر الباب الخامس، الفصل الخامس	يُصحّح	يُزاد المجلد: «في المجلد 5، …»
book/الجزء-الثالث/الباب-العاشر/ف01-ب-الأسئلة-والمحاكاة.md	297	9	رمز المثال	[م٣-ب١٠-ف١-مث٢٩]	يُحفظ	معرّفٌ إنتاجيٌّ في المصدر؛ ويُطبع [ب١٠-ف١-مث٢٩] (يُحوَّل عند الإخراج)
book/الجزء-الثالث/الباب-العاشر/ف01-ب-الأسئلة-والمحاكاة.md	327	9	رمز المثال	[م٣-ب١٠-ف١-مث٣٠]	يُحفظ	معرّفٌ إنتاجيٌّ في المصدر؛ ويُطبع [ب١٠-ف١-مث٣٠] (يُحوَّل عند الإخراج)
book/الجزء-الثالث/الباب-العاشر/ف01-ب-الأسئلة-والمحاكاة.md	331	9	رمز المثال	[م٣-ب١٠-ف١-مث٣١]	يُحفظ	معرّفٌ إنتاجيٌّ في المصدر؛ ويُطبع [ب١٠-ف١-مث٣١] (يُحوَّل عند الإخراج)
book/الجزء-الثالث/الباب-العاشر/ف01-ب-الأسئلة-والمحاكاة.md	347	9	رمز المثال	[م٣-ب١٠-ف١-مث٣٢]	يُحفظ	معرّفٌ إنتاجيٌّ في المصدر؛ ويُطبع [ب١٠-ف١-مث٣٢] (يُحوَّل عند الإخراج)
book/الجزء-الثالث/الباب-العاشر/ف01-ب-الأسئلة-والمحاكاة.md	351	9	رمز المثال	[م٣-ب١٠-ف١-مث٣٣]	يُحفظ	معرّفٌ إنتاجيٌّ في المصدر؛ ويُطبع [ب١٠-ف١-مث٣٣] (يُحوَّل عند الإخراج)
book/الجزء-الثالث/الباب-العاشر/ف01-ب-الأسئلة-والمحاكاة.md	355	9	رمز المثال	[م٣-ب١٠-ف١-مث٣٤]	يُحفظ	معرّفٌ إنتاجيٌّ في المصدر؛ ويُطبع [ب١٠-ف١-مث٣٤] (يُحوَّل عند الإخراج)
book/الجزء-الثالث/الباب-العاشر/ف01-ب-الأسئلة-والمحاكاة.md	359	9	رمز المثال	[م٣-ب١٠-ف١-مث٣٥]	يُحفظ	معرّفٌ إنتاجيٌّ في المصدر؛ ويُطبع [ب١٠-ف١-مث٣٥] (يُحوَّل عند الإخراج)
book/الجزء-الثالث/الباب-العاشر/ف01-ب-الأسئلة-والمحاكاة.md	363	9	رمز المثال	[م٣-ب١٠-ف١-مث٣٦]	يُحفظ	معرّفٌ إنتاجيٌّ في المصدر؛ ويُطبع [ب١٠-ف١-مث٣٦] (يُحوَّل عند الإخراج)
book/الجزء-الثالث/الباب-العاشر/ف01-ب-الأسئلة-والمحاكاة.md	381	9	رمز المثال	[م٣-ب١٠-ف١-مث٣٧]	يُحفظ	معرّفٌ إنتاجيٌّ في المصدر؛ ويُطبع [ب١٠-ف١-مث٣٧] (يُحوَّل عند الإخراج)
book/الجزء-الثالث/الباب-العاشر/ف01-ب-الأسئلة-والمحاكاة.md	385	9	رمز المثال	[م٣-ب١٠-ف١-مث٣٨]	يُحفظ	معرّفٌ إنتاجيٌّ في المصدر؛ ويُطبع [ب١٠-ف١-مث٣٨] (يُحوَّل عند الإخراج)
book/الجزء-الثالث/الباب-العاشر/ف01-ب-الأسئلة-والمحاكاة.md	389	9	رمز المثال	[م٣-ب١٠-ف١-مث٣٩]	يُحفظ	معرّفٌ إنتاجيٌّ في المصدر؛ ويُطبع [ب١٠-ف١-مث٣٩] (يُحوَّل عند الإخراج)
book/الجزء-الثالث/الباب-العاشر/ف01-ب-الأسئلة-والمحاكاة.md	393	9	رمز المثال	[م٣-ب١٠-ف١-مث٤٠]	يُحفظ	معرّفٌ إنتاجيٌّ في المصدر؛ ويُطبع [ب١٠-ف١-مث٤٠] (يُحوَّل عند الإخراج)
book/الجزء-الثالث/الباب-العاشر/ف01-ب-الأسئلة-والمحاكاة.md	397	9	رمز المثال	[م٣-ب١٠-ف١-مث٤١]	يُحفظ	معرّفٌ إنتاجيٌّ في المصدر؛ ويُطبع [ب١٠-ف١-مث٤١] (يُحوَّل عند الإخراج)
book/الجزء-الثالث/الباب-العاشر/ف01-ب-الأسئلة-والمحاكاة.md	401	9	رمز المثال	[م٣-ب١٠-ف١-مث٤٢]	يُحفظ	معرّفٌ إنتاجيٌّ في المصدر؛ ويُطبع [ب١٠-ف١-مث٤٢] (يُحوَّل عند الإخراج)
book/الجزء-الثالث/الباب-العاشر/ف01-ب-الأسئلة-والمحاكاة.md	456	9	إحالة	في الباب الأول	يُصحّح	يُزاد المجلد: «في المجلد 1، …»
book/الجزء-الثالث/الباب-العاشر/ف01-ب-الأسئلة-والمحاكاة.md	607	9	الباب ١٣ (بنك الأخطاء)	الباب الثالث عشر	يُصحّح	المرجع الأول: بنك الأخطاء (في المجلد الحادي عشر)
book/الجزء-الثالث/الباب-العاشر/ف01-ب-الأسئلة-والمحاكاة.md	684	9	إحالة	انظر الباب الخامس، الفصل الثامن	يُصحّح	يُزاد المجلد: «في المجلد 5، …»
book/الجزء-الثالث/الباب-العاشر/ف02-أ-الدرس-التجريبي.md	5	9	المستوى ن	المستوى ٩	يُصحّح	المستوى 10
book/الجزء-الثالث/الباب-العاشر/ف02-أ-الدرس-التجريبي.md	81	9	رمز المثال	[م٣-ب١٠-ف٢-مث١]	يُحفظ	معرّفٌ إنتاجيٌّ في المصدر؛ ويُطبع [ب١٠-ف٢-مث١] (يُحوَّل عند الإخراج)
book/الجزء-الثالث/الباب-العاشر/ف02-أ-الدرس-التجريبي.md	85	9	رمز المثال	[م٣-ب١٠-ف٢-مث٢]	يُحفظ	معرّفٌ إنتاجيٌّ في المصدر؛ ويُطبع [ب١٠-ف٢-مث٢] (يُحوَّل عند الإخراج)
book/الجزء-الثالث/الباب-العاشر/ف02-أ-الدرس-التجريبي.md	89	9	رمز المثال	[م٣-ب١٠-ف٢-مث٣]	يُحفظ	معرّفٌ إنتاجيٌّ في المصدر؛ ويُطبع [ب١٠-ف٢-مث٣] (يُحوَّل عند الإخراج)
book/الجزء-الثالث/الباب-العاشر/ف02-أ-الدرس-التجريبي.md	93	9	رمز المثال	[م٣-ب١٠-ف٢-مث٤]	يُحفظ	معرّفٌ إنتاجيٌّ في المصدر؛ ويُطبع [ب١٠-ف٢-مث٤] (يُحوَّل عند الإخراج)
book/الجزء-الثالث/الباب-العاشر/ف02-أ-الدرس-التجريبي.md	97	9	رمز المثال	[م٣-ب١٠-ف٢-مث٥]	يُحفظ	معرّفٌ إنتاجيٌّ في المصدر؛ ويُطبع [ب١٠-ف٢-مث٥] (يُحوَّل عند الإخراج)
book/الجزء-الثالث/الباب-العاشر/ف02-أ-الدرس-التجريبي.md	101	9	رمز المثال	[م٣-ب١٠-ف٢-مث٦]	يُحفظ	معرّفٌ إنتاجيٌّ في المصدر؛ ويُطبع [ب١٠-ف٢-مث٦] (يُحوَّل عند الإخراج)
book/الجزء-الثالث/الباب-العاشر/ف02-أ-الدرس-التجريبي.md	105	9	رمز المثال	[م٣-ب١٠-ف٢-مث٧]	يُحفظ	معرّفٌ إنتاجيٌّ في المصدر؛ ويُطبع [ب١٠-ف٢-مث٧] (يُحوَّل عند الإخراج)
book/الجزء-الثالث/الباب-العاشر/ف02-أ-الدرس-التجريبي.md	109	9	رمز المثال	[م٣-ب١٠-ف٢-مث٨]	يُحفظ	معرّفٌ إنتاجيٌّ في المصدر؛ ويُطبع [ب١٠-ف٢-مث٨] (يُحوَّل عند الإخراج)
book/الجزء-الثالث/الباب-العاشر/ف02-أ-الدرس-التجريبي.md	113	9	رمز المثال	[م٣-ب١٠-ف٢-مث٩]	يُحفظ	معرّفٌ إنتاجيٌّ في المصدر؛ ويُطبع [ب١٠-ف٢-مث٩] (يُحوَّل عند الإخراج)
book/الجزء-الثالث/الباب-العاشر/ف02-أ-الدرس-التجريبي.md	117	9	رمز المثال	[م٣-ب١٠-ف٢-مث١٠]	يُحفظ	معرّفٌ إنتاجيٌّ في المصدر؛ ويُطبع [ب١٠-ف٢-مث١٠] (يُحوَّل عند الإخراج)
book/الجزء-الثالث/الباب-العاشر/ف02-أ-الدرس-التجريبي.md	121	9	رمز المثال	[م٣-ب١٠-ف٢-مث١١]	يُحفظ	معرّفٌ إنتاجيٌّ في المصدر؛ ويُطبع [ب١٠-ف٢-مث١١] (يُحوَّل عند الإخراج)
book/الجزء-الثالث/الباب-العاشر/ف02-أ-الدرس-التجريبي.md	125	9	رمز المثال	[م٣-ب١٠-ف٢-مث١٢]	يُحفظ	معرّفٌ إنتاجيٌّ في المصدر؛ ويُطبع [ب١٠-ف٢-مث١٢] (يُحوَّل عند الإخراج)
book/الجزء-الثالث/الباب-العاشر/ف02-ب-المقابلة-الأكاديمية.md	26	9	رمز المثال	[م٣-ب١٠-ف٢-مث١٣]	يُحفظ	معرّفٌ إنتاجيٌّ في المصدر؛ ويُطبع [ب١٠-ف٢-مث١٣] (يُحوَّل عند الإخراج)
book/الجزء-الثالث/الباب-العاشر/ف02-ب-المقابلة-الأكاديمية.md	30	9	رمز المثال	[م٣-ب١٠-ف٢-مث١٤]	يُحفظ	معرّفٌ إنتاجيٌّ في المصدر؛ ويُطبع [ب١٠-ف٢-مث١٤] (يُحوَّل عند الإخراج)
book/الجزء-الثالث/الباب-العاشر/ف02-ب-المقابلة-الأكاديمية.md	34	9	رمز المثال	[م٣-ب١٠-ف٢-مث١٥]	يُحفظ	معرّفٌ إنتاجيٌّ في المصدر؛ ويُطبع [ب١٠-ف٢-مث١٥] (يُحوَّل عند الإخراج)
book/الجزء-الثالث/الباب-العاشر/ف02-ب-المقابلة-الأكاديمية.md	38	9	رمز المثال	[م٣-ب١٠-ف٢-مث١٦]	يُحفظ	معرّفٌ إنتاجيٌّ في المصدر؛ ويُطبع [ب١٠-ف٢-مث١٦] (يُحوَّل عند الإخراج)
book/الجزء-الثالث/الباب-العاشر/ف02-ب-المقابلة-الأكاديمية.md	42	9	رمز المثال	[م٣-ب١٠-ف٢-مث١٧]	يُحفظ	معرّفٌ إنتاجيٌّ في المصدر؛ ويُطبع [ب١٠-ف٢-مث١٧] (يُحوَّل عند الإخراج)
book/الجزء-الثالث/الباب-العاشر/ف02-ب-المقابلة-الأكاديمية.md	46	9	رمز المثال	[م٣-ب١٠-ف٢-مث١٨]	يُحفظ	معرّفٌ إنتاجيٌّ في المصدر؛ ويُطبع [ب١٠-ف٢-مث١٨] (يُحوَّل عند الإخراج)
book/الجزء-الثالث/الباب-العاشر/ف02-ب-المقابلة-الأكاديمية.md	50	9	رمز المثال	[م٣-ب١٠-ف٢-مث١٩]	يُحفظ	معرّفٌ إنتاجيٌّ في المصدر؛ ويُطبع [ب١٠-ف٢-مث١٩] (يُحوَّل عند الإخراج)
book/الجزء-الثالث/الباب-العاشر/ف02-ب-المقابلة-الأكاديمية.md	54	9	رمز المثال	[م٣-ب١٠-ف٢-مث٢٠]	يُحفظ	معرّفٌ إنتاجيٌّ في المصدر؛ ويُطبع [ب١٠-ف٢-مث٢٠] (يُحوَّل عند الإخراج)
book/الجزء-الثالث/الباب-العاشر/ف02-ب-المقابلة-الأكاديمية.md	58	9	رمز المثال	[م٣-ب١٠-ف٢-مث٢١]	يُحفظ	معرّفٌ إنتاجيٌّ في المصدر؛ ويُطبع [ب١٠-ف٢-مث٢١] (يُحوَّل عند الإخراج)
book/الجزء-الثالث/الباب-العاشر/ف02-ب-المقابلة-الأكاديمية.md	62	9	رمز المثال	[م٣-ب١٠-ف٢-مث٢٢]	يُحفظ	معرّفٌ إنتاجيٌّ في المصدر؛ ويُطبع [ب١٠-ف٢-مث٢٢] (يُحوَّل عند الإخراج)
book/الجزء-الثالث/الباب-العاشر/ف02-ب-المقابلة-الأكاديمية.md	66	9	رمز المثال	[م٣-ب١٠-ف٢-مث٢٣]	يُحفظ	معرّفٌ إنتاجيٌّ في المصدر؛ ويُطبع [ب١٠-ف٢-مث٢٣] (يُحوَّل عند الإخراج)
book/الجزء-الثالث/الباب-العاشر/ف02-ب-المقابلة-الأكاديمية.md	70	9	رمز المثال	[م٣-ب١٠-ف٢-مث٢٤]	يُحفظ	معرّفٌ إنتاجيٌّ في المصدر؛ ويُطبع [ب١٠-ف٢-مث٢٤] (يُحوَّل عند الإخراج)
book/الجزء-الثالث/الباب-العاشر/ف02-ب-المقابلة-الأكاديمية.md	74	9	رمز المثال	[م٣-ب١٠-ف٢-مث٢٥]	يُحفظ	معرّفٌ إنتاجيٌّ في المصدر؛ ويُطبع [ب١٠-ف٢-مث٢٥] (يُحوَّل عند الإخراج)
book/الجزء-الثالث/الباب-العاشر/ف02-ب-المقابلة-الأكاديمية.md	78	9	رمز المثال	[م٣-ب١٠-ف٢-مث٢٦]	يُحفظ	معرّفٌ إنتاجيٌّ في المصدر؛ ويُطبع [ب١٠-ف٢-مث٢٦] (يُحوَّل عند الإخراج)
book/الجزء-الثالث/الباب-العاشر/ف03-أ-إدارة-الاجتماع.md	5	9	المستوى ن	المستوى ٩	يُصحّح	المستوى 10
book/الجزء-الثالث/الباب-العاشر/ف03-أ-إدارة-الاجتماع.md	94	9	رمز المثال	[م٣-ب١٠-ف٣-مث١]	يُحفظ	معرّفٌ إنتاجيٌّ في المصدر؛ ويُطبع [ب١٠-ف٣-مث١] (يُحوَّل عند الإخراج)
book/الجزء-الثالث/الباب-العاشر/ف03-أ-إدارة-الاجتماع.md	98	9	رمز المثال	[م٣-ب١٠-ف٣-مث٢]	يُحفظ	معرّفٌ إنتاجيٌّ في المصدر؛ ويُطبع [ب١٠-ف٣-مث٢] (يُحوَّل عند الإخراج)
book/الجزء-الثالث/الباب-العاشر/ف03-أ-إدارة-الاجتماع.md	102	9	رمز المثال	[م٣-ب١٠-ف٣-مث٣]	يُحفظ	معرّفٌ إنتاجيٌّ في المصدر؛ ويُطبع [ب١٠-ف٣-مث٣] (يُحوَّل عند الإخراج)
book/الجزء-الثالث/الباب-العاشر/ف03-أ-إدارة-الاجتماع.md	106	9	رمز المثال	[م٣-ب١٠-ف٣-مث٤]	يُحفظ	معرّفٌ إنتاجيٌّ في المصدر؛ ويُطبع [ب١٠-ف٣-مث٤] (يُحوَّل عند الإخراج)
book/الجزء-الثالث/الباب-العاشر/ف03-أ-إدارة-الاجتماع.md	110	9	رمز المثال	[م٣-ب١٠-ف٣-مث٥]	يُحفظ	معرّفٌ إنتاجيٌّ في المصدر؛ ويُطبع [ب١٠-ف٣-مث٥] (يُحوَّل عند الإخراج)
book/الجزء-الثالث/الباب-العاشر/ف03-أ-إدارة-الاجتماع.md	114	9	رمز المثال	[م٣-ب١٠-ف٣-مث٦]	يُحفظ	معرّفٌ إنتاجيٌّ في المصدر؛ ويُطبع [ب١٠-ف٣-مث٦] (يُحوَّل عند الإخراج)
book/الجزء-الثالث/الباب-العاشر/ف03-أ-إدارة-الاجتماع.md	118	9	رمز المثال	[م٣-ب١٠-ف٣-مث٧]	يُحفظ	معرّفٌ إنتاجيٌّ في المصدر؛ ويُطبع [ب١٠-ف٣-مث٧] (يُحوَّل عند الإخراج)
book/الجزء-الثالث/الباب-العاشر/ف03-أ-إدارة-الاجتماع.md	122	9	رمز المثال	[م٣-ب١٠-ف٣-مث٨]	يُحفظ	معرّفٌ إنتاجيٌّ في المصدر؛ ويُطبع [ب١٠-ف٣-مث٨] (يُحوَّل عند الإخراج)
book/الجزء-الثالث/الباب-العاشر/ف03-أ-إدارة-الاجتماع.md	140	9	إحالة	انظر الباب الرابع، الفصل الثالث	يُصحّح	يُزاد المجلد: «في المجلد 4، …»
book/الجزء-الثالث/الباب-العاشر/ف03-أ-إدارة-الاجتماع.md	219	9	رمز المثال	[م٣-ب١٠-ف٣-مث٩]	يُحفظ	معرّفٌ إنتاجيٌّ في المصدر؛ ويُطبع [ب١٠-ف٣-مث٩] (يُحوَّل عند الإخراج)
book/الجزء-الثالث/الباب-العاشر/ف03-أ-إدارة-الاجتماع.md	223	9	رمز المثال	[م٣-ب١٠-ف٣-مث١٠]	يُحفظ	معرّفٌ إنتاجيٌّ في المصدر؛ ويُطبع [ب١٠-ف٣-مث١٠] (يُحوَّل عند الإخراج)
book/الجزء-الثالث/الباب-العاشر/ف03-أ-إدارة-الاجتماع.md	227	9	رمز المثال	[م٣-ب١٠-ف٣-مث١١]	يُحفظ	معرّفٌ إنتاجيٌّ في المصدر؛ ويُطبع [ب١٠-ف٣-مث١١] (يُحوَّل عند الإخراج)
book/الجزء-الثالث/الباب-العاشر/ف03-أ-إدارة-الاجتماع.md	231	9	رمز المثال	[م٣-ب١٠-ف٣-مث١٢]	يُحفظ	معرّفٌ إنتاجيٌّ في المصدر؛ ويُطبع [ب١٠-ف٣-مث١٢] (يُحوَّل عند الإخراج)
book/الجزء-الثالث/الباب-العاشر/ف03-أ-إدارة-الاجتماع.md	235	9	رمز المثال	[م٣-ب١٠-ف٣-مث١٣]	يُحفظ	معرّفٌ إنتاجيٌّ في المصدر؛ ويُطبع [ب١٠-ف٣-مث١٣] (يُحوَّل عند الإخراج)
book/الجزء-الثالث/الباب-العاشر/ف03-أ-إدارة-الاجتماع.md	239	9	رمز المثال	[م٣-ب١٠-ف٣-مث١٤]	يُحفظ	معرّفٌ إنتاجيٌّ في المصدر؛ ويُطبع [ب١٠-ف٣-مث١٤] (يُحوَّل عند الإخراج)
book/الجزء-الثالث/الباب-العاشر/ف03-أ-إدارة-الاجتماع.md	243	9	رمز المثال	[م٣-ب١٠-ف٣-مث١٥]	يُحفظ	معرّفٌ إنتاجيٌّ في المصدر؛ ويُطبع [ب١٠-ف٣-مث١٥] (يُحوَّل عند الإخراج)
book/الجزء-الثالث/الباب-العاشر/ف03-أ-إدارة-الاجتماع.md	247	9	رمز المثال	[م٣-ب١٠-ف٣-مث١٦]	يُحفظ	معرّفٌ إنتاجيٌّ في المصدر؛ ويُطبع [ب١٠-ف٣-مث١٦] (يُحوَّل عند الإخراج)
book/الجزء-الثالث/الباب-العاشر/ف03-أ-إدارة-الاجتماع.md	251	9	رمز المثال	[م٣-ب١٠-ف٣-مث١٧]	يُحفظ	معرّفٌ إنتاجيٌّ في المصدر؛ ويُطبع [ب١٠-ف٣-مث١٧] (يُحوَّل عند الإخراج)
book/الجزء-الثالث/الباب-العاشر/ف03-أ-إدارة-الاجتماع.md	255	9	رمز المثال	[م٣-ب١٠-ف٣-مث١٨]	يُحفظ	معرّفٌ إنتاجيٌّ في المصدر؛ ويُطبع [ب١٠-ف٣-مث١٨] (يُحوَّل عند الإخراج)
book/الجزء-الثالث/الباب-العاشر/ف03-أ-إدارة-الاجتماع.md	259	9	رمز المثال	[م٣-ب١٠-ف٣-مث١٩]	يُحفظ	معرّفٌ إنتاجيٌّ في المصدر؛ ويُطبع [ب١٠-ف٣-مث١٩] (يُحوَّل عند الإخراج)
book/الجزء-الثالث/الباب-العاشر/ف03-أ-إدارة-الاجتماع.md	263	9	رمز المثال	[م٣-ب١٠-ف٣-مث٢٠]	يُحفظ	معرّفٌ إنتاجيٌّ في المصدر؛ ويُطبع [ب١٠-ف٣-مث٢٠] (يُحوَّل عند الإخراج)
book/الجزء-الثالث/الباب-العاشر/ف03-ب-إدارة-الاجتماع.md	25	9	رمز المثال	[م٣-ب١٠-ف٣-مث٢١]	يُحفظ	معرّفٌ إنتاجيٌّ في المصدر؛ ويُطبع [ب١٠-ف٣-مث٢١] (يُحوَّل عند الإخراج)
book/الجزء-الثالث/الباب-العاشر/ف03-ب-إدارة-الاجتماع.md	29	9	رمز المثال	[م٣-ب١٠-ف٣-مث٢٢]	يُحفظ	معرّفٌ إنتاجيٌّ في المصدر؛ ويُطبع [ب١٠-ف٣-مث٢٢] (يُحوَّل عند الإخراج)
book/الجزء-الثالث/الباب-العاشر/ف03-ب-إدارة-الاجتماع.md	33	9	رمز المثال	[م٣-ب١٠-ف٣-مث٢٣]	يُحفظ	معرّفٌ إنتاجيٌّ في المصدر؛ ويُطبع [ب١٠-ف٣-مث٢٣] (يُحوَّل عند الإخراج)
book/الجزء-الثالث/الباب-العاشر/ف03-ب-إدارة-الاجتماع.md	37	9	رمز المثال	[م٣-ب١٠-ف٣-مث٢٤]	يُحفظ	معرّفٌ إنتاجيٌّ في المصدر؛ ويُطبع [ب١٠-ف٣-مث٢٤] (يُحوَّل عند الإخراج)
book/الجزء-الثالث/الباب-العاشر/ف03-ب-إدارة-الاجتماع.md	41	9	رمز المثال	[م٣-ب١٠-ف٣-مث٢٥]	يُحفظ	معرّفٌ إنتاجيٌّ في المصدر؛ ويُطبع [ب١٠-ف٣-مث٢٥] (يُحوَّل عند الإخراج)
book/الجزء-الثالث/الباب-العاشر/ف03-ب-إدارة-الاجتماع.md	45	9	رمز المثال	[م٣-ب١٠-ف٣-مث٢٦]	يُحفظ	معرّفٌ إنتاجيٌّ في المصدر؛ ويُطبع [ب١٠-ف٣-مث٢٦] (يُحوَّل عند الإخراج)
book/الجزء-الثالث/الباب-العاشر/ف03-ب-إدارة-الاجتماع.md	49	9	رمز المثال	[م٣-ب١٠-ف٣-مث٢٧]	يُحفظ	معرّفٌ إنتاجيٌّ في المصدر؛ ويُطبع [ب١٠-ف٣-مث٢٧] (يُحوَّل عند الإخراج)
book/الجزء-الثالث/الباب-العاشر/ف03-ب-إدارة-الاجتماع.md	53	9	رمز المثال	[م٣-ب١٠-ف٣-مث٢٨]	يُحفظ	معرّفٌ إنتاجيٌّ في المصدر؛ ويُطبع [ب١٠-ف٣-مث٢٨] (يُحوَّل عند الإخراج)
book/الجزء-الثالث/الباب-العاشر/ف03-ب-إدارة-الاجتماع.md	65	9	رمز المثال	[م٣-ب١٠-ف٣-مث٢٩]	يُحفظ	معرّفٌ إنتاجيٌّ في المصدر؛ ويُطبع [ب١٠-ف٣-مث٢٩] (يُحوَّل عند الإخراج)
book/الجزء-الثالث/الباب-العاشر/ف03-ب-إدارة-الاجتماع.md	69	9	رمز المثال	[م٣-ب١٠-ف٣-مث٣٠]	يُحفظ	معرّفٌ إنتاجيٌّ في المصدر؛ ويُطبع [ب١٠-ف٣-مث٣٠] (يُحوَّل عند الإخراج)
book/الجزء-الثالث/الباب-العاشر/ف03-ب-إدارة-الاجتماع.md	73	9	رمز المثال	[م٣-ب١٠-ف٣-مث٣١]	يُحفظ	معرّفٌ إنتاجيٌّ في المصدر؛ ويُطبع [ب١٠-ف٣-مث٣١] (يُحوَّل عند الإخراج)
book/الجزء-الثالث/الباب-العاشر/ف03-ب-إدارة-الاجتماع.md	77	9	رمز المثال	[م٣-ب١٠-ف٣-مث٣٢]	يُحفظ	معرّفٌ إنتاجيٌّ في المصدر؛ ويُطبع [ب١٠-ف٣-مث٣٢] (يُحوَّل عند الإخراج)
book/الجزء-الثالث/الباب-العاشر/ف03-ب-إدارة-الاجتماع.md	81	9	رمز المثال	[م٣-ب١٠-ف٣-مث٣٣]	يُحفظ	معرّفٌ إنتاجيٌّ في المصدر؛ ويُطبع [ب١٠-ف٣-مث٣٣] (يُحوَّل عند الإخراج)
book/الجزء-الثالث/الباب-العاشر/ف03-ب-إدارة-الاجتماع.md	101	9	رمز المثال	[م٣-ب١٠-ف٣-مث٣٤]	يُحفظ	معرّفٌ إنتاجيٌّ في المصدر؛ ويُطبع [ب١٠-ف٣-مث٣٤] (يُحوَّل عند الإخراج)
book/الجزء-الثالث/الباب-العاشر/ف03-ب-إدارة-الاجتماع.md	105	9	رمز المثال	[م٣-ب١٠-ف٣-مث٣٥]	يُحفظ	معرّفٌ إنتاجيٌّ في المصدر؛ ويُطبع [ب١٠-ف٣-مث٣٥] (يُحوَّل عند الإخراج)
book/الجزء-الثالث/الباب-العاشر/ف03-ب-إدارة-الاجتماع.md	165	9	رمز المثال	[م٣-ب١٠-ف٣-مث٣٦]	يُحفظ	معرّفٌ إنتاجيٌّ في المصدر؛ ويُطبع [ب١٠-ف٣-مث٣٦] (يُحوَّل عند الإخراج)
book/الجزء-الثالث/الباب-العاشر/ف03-ب-إدارة-الاجتماع.md	169	9	رمز المثال	[م٣-ب١٠-ف٣-مث٣٧]	يُحفظ	معرّفٌ إنتاجيٌّ في المصدر؛ ويُطبع [ب١٠-ف٣-مث٣٧] (يُحوَّل عند الإخراج)
book/الجزء-الثالث/الباب-العاشر/ف03-ب-إدارة-الاجتماع.md	173	9	رمز المثال	[م٣-ب١٠-ف٣-مث٣٨]	يُحفظ	معرّفٌ إنتاجيٌّ في المصدر؛ ويُطبع [ب١٠-ف٣-مث٣٨] (يُحوَّل عند الإخراج)
book/الجزء-الثالث/الباب-العاشر/ف03-ب-إدارة-الاجتماع.md	182	9	رمز المثال	[م٣-ب١٠-ف٣-مث٣٩]	يُحفظ	معرّفٌ إنتاجيٌّ في المصدر؛ ويُطبع [ب١٠-ف٣-مث٣٩] (يُحوَّل عند الإخراج)
book/الجزء-الثالث/الباب-العاشر/ف03-ب-إدارة-الاجتماع.md	188	9	رمز المثال	[م٣-ب١٠-ف٣-مث٤٠]	يُحفظ	معرّفٌ إنتاجيٌّ في المصدر؛ ويُطبع [ب١٠-ف٣-مث٤٠] (يُحوَّل عند الإخراج)
book/الجزء-الثالث/الباب-العاشر/ف03-ب-إدارة-الاجتماع.md	192	9	رمز المثال	[م٣-ب١٠-ف٣-مث٤١]	يُحفظ	معرّفٌ إنتاجيٌّ في المصدر؛ ويُطبع [ب١٠-ف٣-مث٤١] (يُحوَّل عند الإخراج)
book/الجزء-الثالث/الباب-العاشر/ف03-ب-إدارة-الاجتماع.md	198	9	رمز المثال	[م٣-ب١٠-ف٣-مث٤٢]	يُحفظ	معرّفٌ إنتاجيٌّ في المصدر؛ ويُطبع [ب١٠-ف٣-مث٤٢] (يُحوَّل عند الإخراج)
book/الجزء-الثالث/الباب-العاشر/ف03-ب-إدارة-الاجتماع.md	202	9	رمز المثال	[م٣-ب١٠-ف٣-مث٤٣]	يُحفظ	معرّفٌ إنتاجيٌّ في المصدر؛ ويُطبع [ب١٠-ف٣-مث٤٣] (يُحوَّل عند الإخراج)
book/الجزء-الثالث/الباب-العاشر/ف03-ب-إدارة-الاجتماع.md	214	9	رمز المثال	[م٣-ب١٠-ف٣-مث٤٤]	يُحفظ	معرّفٌ إنتاجيٌّ في المصدر؛ ويُطبع [ب١٠-ف٣-مث٤٤] (يُحوَّل عند الإخراج)
book/الجزء-الثالث/الباب-العاشر/ف03-ب-إدارة-الاجتماع.md	218	9	رمز المثال	[م٣-ب١٠-ف٣-مث٤٥]	يُحفظ	معرّفٌ إنتاجيٌّ في المصدر؛ ويُطبع [ب١٠-ف٣-مث٤٥] (يُحوَّل عند الإخراج)
book/الجزء-الثالث/الباب-العاشر/ف03-ب-إدارة-الاجتماع.md	232	9	رمز المثال	[م٣-ب١٠-ف٣-مث٤٦]	يُحفظ	معرّفٌ إنتاجيٌّ في المصدر؛ ويُطبع [ب١٠-ف٣-مث٤٦] (يُحوَّل عند الإخراج)
book/الجزء-الثالث/الباب-العاشر/ف03-ب-إدارة-الاجتماع.md	236	9	رمز المثال	[م٣-ب١٠-ف٣-مث٤٧]	يُحفظ	معرّفٌ إنتاجيٌّ في المصدر؛ ويُطبع [ب١٠-ف٣-مث٤٧] (يُحوَّل عند الإخراج)
book/الجزء-الثالث/الباب-العاشر/ف03-ب-إدارة-الاجتماع.md	240	9	رمز المثال	[م٣-ب١٠-ف٣-مث٤٨]	يُحفظ	معرّفٌ إنتاجيٌّ في المصدر؛ ويُطبع [ب١٠-ف٣-مث٤٨] (يُحوَّل عند الإخراج)
book/الجزء-الثالث/الباب-العاشر/ف03-ب-إدارة-الاجتماع.md	244	9	رمز المثال	[م٣-ب١٠-ف٣-مث٤٩]	يُحفظ	معرّفٌ إنتاجيٌّ في المصدر؛ ويُطبع [ب١٠-ف٣-مث٤٩] (يُحوَّل عند الإخراج)
book/الجزء-الثالث/الباب-العاشر/ف03-ب-إدارة-الاجتماع.md	248	9	رمز المثال	[م٣-ب١٠-ف٣-مث٥٠]	يُحفظ	معرّفٌ إنتاجيٌّ في المصدر؛ ويُطبع [ب١٠-ف٣-مث٥٠] (يُحوَّل عند الإخراج)
book/الجزء-الثالث/الباب-العاشر/ف03-ب-إدارة-الاجتماع.md	252	9	رمز المثال	[م٣-ب١٠-ف٣-مث٥١]	يُحفظ	معرّفٌ إنتاجيٌّ في المصدر؛ ويُطبع [ب١٠-ف٣-مث٥١] (يُحوَّل عند الإخراج)
book/الجزء-الثالث/الباب-العاشر/ف03-ب-إدارة-الاجتماع.md	256	9	رمز المثال	[م٣-ب١٠-ف٣-مث٥٢]	يُحفظ	معرّفٌ إنتاجيٌّ في المصدر؛ ويُطبع [ب١٠-ف٣-مث٥٢] (يُحوَّل عند الإخراج)
book/الجزء-الثالث/الباب-العاشر/ف03-ب-إدارة-الاجتماع.md	309	9	إحالة	انظر الباب الرابع، الفصل السادس	يُصحّح	يُزاد المجلد: «في المجلد 4، …»
book/الجزء-الثالث/الباب-العاشر/ف03-ب-إدارة-الاجتماع.md	323	9	رمز المثال	[م٣-ب١٠-ف٣-مث٥٣]	يُحفظ	معرّفٌ إنتاجيٌّ في المصدر؛ ويُطبع [ب١٠-ف٣-مث٥٣] (يُحوَّل عند الإخراج)
book/الجزء-الثالث/الباب-العاشر/ف03-ب-إدارة-الاجتماع.md	327	9	رمز المثال	[م٣-ب١٠-ف٣-مث٥٤]	يُحفظ	معرّفٌ إنتاجيٌّ في المصدر؛ ويُطبع [ب١٠-ف٣-مث٥٤] (يُحوَّل عند الإخراج)
book/الجزء-الثالث/الباب-العاشر/ف03-ب-إدارة-الاجتماع.md	331	9	رمز المثال	[م٣-ب١٠-ف٣-مث٥٥]	يُحفظ	معرّفٌ إنتاجيٌّ في المصدر؛ ويُطبع [ب١٠-ف٣-مث٥٥] (يُحوَّل عند الإخراج)
book/الجزء-الثالث/الباب-العاشر/ف03-ب-إدارة-الاجتماع.md	335	9	رمز المثال	[م٣-ب١٠-ف٣-مث٥٦]	يُحفظ	معرّفٌ إنتاجيٌّ في المصدر؛ ويُطبع [ب١٠-ف٣-مث٥٦] (يُحوَّل عند الإخراج)
book/الجزء-الثالث/الباب-العاشر/ف03-ب-إدارة-الاجتماع.md	339	9	رمز المثال	[م٣-ب١٠-ف٣-مث٥٧]	يُحفظ	معرّفٌ إنتاجيٌّ في المصدر؛ ويُطبع [ب١٠-ف٣-مث٥٧] (يُحوَّل عند الإخراج)
book/الجزء-الثالث/الباب-العاشر/ف03-ب-إدارة-الاجتماع.md	345	9	رمز المثال	[م٣-ب١٠-ف٣-مث٥٨]	يُحفظ	معرّفٌ إنتاجيٌّ في المصدر؛ ويُطبع [ب١٠-ف٣-مث٥٨] (يُحوَّل عند الإخراج)
book/الجزء-الثالث/الباب-العاشر/ف04-أ-المدير-وموظفوه.md	5	9	المستوى ن	المستوى ٩	يُصحّح	المستوى 10
book/الجزء-الثالث/الباب-العاشر/ف04-أ-المدير-وموظفوه.md	80	9	إحالة	انظر الباب الخامس، الفصل السادس	يُصحّح	يُزاد المجلد: «في المجلد 5، …»
book/الجزء-الثالث/الباب-العاشر/ف04-أ-المدير-وموظفوه.md	82	9	رمز المثال	[م٣-ب١٠-ف٤-مث١]	يُحفظ	معرّفٌ إنتاجيٌّ في المصدر؛ ويُطبع [ب١٠-ف٤-مث١] (يُحوَّل عند الإخراج)
book/الجزء-الثالث/الباب-العاشر/ف04-أ-المدير-وموظفوه.md	86	9	رمز المثال	[م٣-ب١٠-ف٤-مث٢]	يُحفظ	معرّفٌ إنتاجيٌّ في المصدر؛ ويُطبع [ب١٠-ف٤-مث٢] (يُحوَّل عند الإخراج)
book/الجزء-الثالث/الباب-العاشر/ف04-أ-المدير-وموظفوه.md	90	9	رمز المثال	[م٣-ب١٠-ف٤-مث٣]	يُحفظ	معرّفٌ إنتاجيٌّ في المصدر؛ ويُطبع [ب١٠-ف٤-مث٣] (يُحوَّل عند الإخراج)
book/الجزء-الثالث/الباب-العاشر/ف04-أ-المدير-وموظفوه.md	94	9	رمز المثال	[م٣-ب١٠-ف٤-مث٤]	يُحفظ	معرّفٌ إنتاجيٌّ في المصدر؛ ويُطبع [ب١٠-ف٤-مث٤] (يُحوَّل عند الإخراج)
book/الجزء-الثالث/الباب-العاشر/ف04-أ-المدير-وموظفوه.md	98	9	رمز المثال	[م٣-ب١٠-ف٤-مث٥]	يُحفظ	معرّفٌ إنتاجيٌّ في المصدر؛ ويُطبع [ب١٠-ف٤-مث٥] (يُحوَّل عند الإخراج)
book/الجزء-الثالث/الباب-العاشر/ف04-أ-المدير-وموظفوه.md	102	9	رمز المثال	[م٣-ب١٠-ف٤-مث٦]	يُحفظ	معرّفٌ إنتاجيٌّ في المصدر؛ ويُطبع [ب١٠-ف٤-مث٦] (يُحوَّل عند الإخراج)
book/الجزء-الثالث/الباب-العاشر/ف04-أ-المدير-وموظفوه.md	168	9	رمز المثال	[م٣-ب١٠-ف٤-مث٧]	يُحفظ	معرّفٌ إنتاجيٌّ في المصدر؛ ويُطبع [ب١٠-ف٤-مث٧] (يُحوَّل عند الإخراج)
book/الجزء-الثالث/الباب-العاشر/ف04-أ-المدير-وموظفوه.md	172	9	رمز المثال	[م٣-ب١٠-ف٤-مث٨]	يُحفظ	معرّفٌ إنتاجيٌّ في المصدر؛ ويُطبع [ب١٠-ف٤-مث٨] (يُحوَّل عند الإخراج)
book/الجزء-الثالث/الباب-العاشر/ف04-أ-المدير-وموظفوه.md	176	9	رمز المثال	[م٣-ب١٠-ف٤-مث٩]	يُحفظ	معرّفٌ إنتاجيٌّ في المصدر؛ ويُطبع [ب١٠-ف٤-مث٩] (يُحوَّل عند الإخراج)
book/الجزء-الثالث/الباب-العاشر/ف04-أ-المدير-وموظفوه.md	180	9	رمز المثال	[م٣-ب١٠-ف٤-مث١٠]	يُحفظ	معرّفٌ إنتاجيٌّ في المصدر؛ ويُطبع [ب١٠-ف٤-مث١٠] (يُحوَّل عند الإخراج)
book/الجزء-الثالث/الباب-العاشر/ف04-أ-المدير-وموظفوه.md	184	9	رمز المثال	[م٣-ب١٠-ف٤-مث١١]	يُحفظ	معرّفٌ إنتاجيٌّ في المصدر؛ ويُطبع [ب١٠-ف٤-مث١١] (يُحوَّل عند الإخراج)
book/الجزء-الثالث/الباب-العاشر/ف04-أ-المدير-وموظفوه.md	188	9	رمز المثال	[م٣-ب١٠-ف٤-مث١٢]	يُحفظ	معرّفٌ إنتاجيٌّ في المصدر؛ ويُطبع [ب١٠-ف٤-مث١٢] (يُحوَّل عند الإخراج)
book/الجزء-الثالث/الباب-العاشر/ف04-أ-المدير-وموظفوه.md	192	9	رمز المثال	[م٣-ب١٠-ف٤-مث١٣]	يُحفظ	معرّفٌ إنتاجيٌّ في المصدر؛ ويُطبع [ب١٠-ف٤-مث١٣] (يُحوَّل عند الإخراج)
book/الجزء-الثالث/الباب-العاشر/ف04-أ-المدير-وموظفوه.md	212	9	رمز المثال	[م٣-ب١٠-ف٤-مث١٤]	يُحفظ	معرّفٌ إنتاجيٌّ في المصدر؛ ويُطبع [ب١٠-ف٤-مث١٤] (يُحوَّل عند الإخراج)
book/الجزء-الثالث/الباب-العاشر/ف04-أ-المدير-وموظفوه.md	216	9	رمز المثال	[م٣-ب١٠-ف٤-مث١٥]	يُحفظ	معرّفٌ إنتاجيٌّ في المصدر؛ ويُطبع [ب١٠-ف٤-مث١٥] (يُحوَّل عند الإخراج)
book/الجزء-الثالث/الباب-العاشر/ف04-أ-المدير-وموظفوه.md	220	9	رمز المثال	[م٣-ب١٠-ف٤-مث١٦]	يُحفظ	معرّفٌ إنتاجيٌّ في المصدر؛ ويُطبع [ب١٠-ف٤-مث١٦] (يُحوَّل عند الإخراج)
book/الجزء-الثالث/الباب-العاشر/ف04-أ-المدير-وموظفوه.md	224	9	رمز المثال	[م٣-ب١٠-ف٤-مث١٧]	يُحفظ	معرّفٌ إنتاجيٌّ في المصدر؛ ويُطبع [ب١٠-ف٤-مث١٧] (يُحوَّل عند الإخراج)
book/الجزء-الثالث/الباب-العاشر/ف04-أ-المدير-وموظفوه.md	228	9	رمز المثال	[م٣-ب١٠-ف٤-مث١٨]	يُحفظ	معرّفٌ إنتاجيٌّ في المصدر؛ ويُطبع [ب١٠-ف٤-مث١٨] (يُحوَّل عند الإخراج)
book/الجزء-الثالث/الباب-العاشر/ف04-أ-المدير-وموظفوه.md	232	9	رمز المثال	[م٣-ب١٠-ف٤-مث١٩]	يُحفظ	معرّفٌ إنتاجيٌّ في المصدر؛ ويُطبع [ب١٠-ف٤-مث١٩] (يُحوَّل عند الإخراج)
book/الجزء-الثالث/الباب-العاشر/ف04-أ-المدير-وموظفوه.md	242	9	رمز المثال	[م٣-ب١٠-ف٤-مث٢٠]	يُحفظ	معرّفٌ إنتاجيٌّ في المصدر؛ ويُطبع [ب١٠-ف٤-مث٢٠] (يُحوَّل عند الإخراج)
book/الجزء-الثالث/الباب-العاشر/ف04-أ-المدير-وموظفوه.md	246	9	رمز المثال	[م٣-ب١٠-ف٤-مث٢١]	يُحفظ	معرّفٌ إنتاجيٌّ في المصدر؛ ويُطبع [ب١٠-ف٤-مث٢١] (يُحوَّل عند الإخراج)
book/الجزء-الثالث/الباب-العاشر/ف04-أ-المدير-وموظفوه.md	250	9	رمز المثال	[م٣-ب١٠-ف٤-مث٢٢]	يُحفظ	معرّفٌ إنتاجيٌّ في المصدر؛ ويُطبع [ب١٠-ف٤-مث٢٢] (يُحوَّل عند الإخراج)
book/الجزء-الثالث/الباب-العاشر/ف04-أ-المدير-وموظفوه.md	254	9	رمز المثال	[م٣-ب١٠-ف٤-مث٢٣]	يُحفظ	معرّفٌ إنتاجيٌّ في المصدر؛ ويُطبع [ب١٠-ف٤-مث٢٣] (يُحوَّل عند الإخراج)
book/الجزء-الثالث/الباب-العاشر/ف04-أ-المدير-وموظفوه.md	258	9	رمز المثال	[م٣-ب١٠-ف٤-مث٢٤]	يُحفظ	معرّفٌ إنتاجيٌّ في المصدر؛ ويُطبع [ب١٠-ف٤-مث٢٤] (يُحوَّل عند الإخراج)
book/الجزء-الثالث/الباب-العاشر/ف04-أ-المدير-وموظفوه.md	262	9	رمز المثال	[م٣-ب١٠-ف٤-مث٢٥]	يُحفظ	معرّفٌ إنتاجيٌّ في المصدر؛ ويُطبع [ب١٠-ف٤-مث٢٥] (يُحوَّل عند الإخراج)
book/الجزء-الثالث/الباب-العاشر/ف04-أ-المدير-وموظفوه.md	266	9	رمز المثال	[م٣-ب١٠-ف٤-مث٢٦]	يُحفظ	معرّفٌ إنتاجيٌّ في المصدر؛ ويُطبع [ب١٠-ف٤-مث٢٦] (يُحوَّل عند الإخراج)
book/الجزء-الثالث/الباب-العاشر/ف04-ب-الموظف-المخطئ.md	44	9	رمز المثال	[م٣-ب١٠-ف٤-مث٢٧]	يُحفظ	معرّفٌ إنتاجيٌّ في المصدر؛ ويُطبع [ب١٠-ف٤-مث٢٧] (يُحوَّل عند الإخراج)
book/الجزء-الثالث/الباب-العاشر/ف04-ب-الموظف-المخطئ.md	48	9	رمز المثال	[م٣-ب١٠-ف٤-مث٢٨]	يُحفظ	معرّفٌ إنتاجيٌّ في المصدر؛ ويُطبع [ب١٠-ف٤-مث٢٨] (يُحوَّل عند الإخراج)
book/الجزء-الثالث/الباب-العاشر/ف04-ب-الموظف-المخطئ.md	52	9	رمز المثال	[م٣-ب١٠-ف٤-مث٢٩]	يُحفظ	معرّفٌ إنتاجيٌّ في المصدر؛ ويُطبع [ب١٠-ف٤-مث٢٩] (يُحوَّل عند الإخراج)
book/الجزء-الثالث/الباب-العاشر/ف04-ب-الموظف-المخطئ.md	56	9	رمز المثال	[م٣-ب١٠-ف٤-مث٣٠]	يُحفظ	معرّفٌ إنتاجيٌّ في المصدر؛ ويُطبع [ب١٠-ف٤-مث٣٠] (يُحوَّل عند الإخراج)
book/الجزء-الثالث/الباب-العاشر/ف04-ب-الموظف-المخطئ.md	60	9	رمز المثال	[م٣-ب١٠-ف٤-مث٣١]	يُحفظ	معرّفٌ إنتاجيٌّ في المصدر؛ ويُطبع [ب١٠-ف٤-مث٣١] (يُحوَّل عند الإخراج)
book/الجزء-الثالث/الباب-العاشر/ف04-ب-الموظف-المخطئ.md	64	9	رمز المثال	[م٣-ب١٠-ف٤-مث٣٢]	يُحفظ	معرّفٌ إنتاجيٌّ في المصدر؛ ويُطبع [ب١٠-ف٤-مث٣٢] (يُحوَّل عند الإخراج)
book/الجزء-الثالث/الباب-العاشر/ف04-ب-الموظف-المخطئ.md	68	9	رمز المثال	[م٣-ب١٠-ف٤-مث٣٣]	يُحفظ	معرّفٌ إنتاجيٌّ في المصدر؛ ويُطبع [ب١٠-ف٤-مث٣٣] (يُحوَّل عند الإخراج)
book/الجزء-الثالث/الباب-العاشر/ف04-ب-الموظف-المخطئ.md	72	9	رمز المثال	[م٣-ب١٠-ف٤-مث٣٤]	يُحفظ	معرّفٌ إنتاجيٌّ في المصدر؛ ويُطبع [ب١٠-ف٤-مث٣٤] (يُحوَّل عند الإخراج)
book/الجزء-الثالث/الباب-العاشر/ف04-ب-الموظف-المخطئ.md	76	9	رمز المثال	[م٣-ب١٠-ف٤-مث٣٥]	يُحفظ	معرّفٌ إنتاجيٌّ في المصدر؛ ويُطبع [ب١٠-ف٤-مث٣٥] (يُحوَّل عند الإخراج)
book/الجزء-الثالث/الباب-العاشر/ف04-ب-الموظف-المخطئ.md	80	9	رمز المثال	[م٣-ب١٠-ف٤-مث٣٦]	يُحفظ	معرّفٌ إنتاجيٌّ في المصدر؛ ويُطبع [ب١٠-ف٤-مث٣٦] (يُحوَّل عند الإخراج)
book/الجزء-الثالث/الباب-العاشر/ف04-ب-الموظف-المخطئ.md	84	9	رمز المثال	[م٣-ب١٠-ف٤-مث٣٧]	يُحفظ	معرّفٌ إنتاجيٌّ في المصدر؛ ويُطبع [ب١٠-ف٤-مث٣٧] (يُحوَّل عند الإخراج)
book/الجزء-الثالث/الباب-العاشر/ف04-ب-الموظف-المخطئ.md	88	9	رمز المثال	[م٣-ب١٠-ف٤-مث٣٨]	يُحفظ	معرّفٌ إنتاجيٌّ في المصدر؛ ويُطبع [ب١٠-ف٤-مث٣٨] (يُحوَّل عند الإخراج)
book/الجزء-الثالث/الباب-العاشر/ف05-أ-الاعتذار-والاعتراض.md	5	9	المستوى ن	المستوى ٩	يُصحّح	المستوى 10
book/الجزء-الثالث/الباب-العاشر/ف05-أ-الاعتذار-والاعتراض.md	108	9	رمز المثال	[م٣-ب١٠-ف٥-مث١]	يُحفظ	معرّفٌ إنتاجيٌّ في المصدر؛ ويُطبع [ب١٠-ف٥-مث١] (يُحوَّل عند الإخراج)
book/الجزء-الثالث/الباب-العاشر/ف05-أ-الاعتذار-والاعتراض.md	112	9	رمز المثال	[م٣-ب١٠-ف٥-مث٢]	يُحفظ	معرّفٌ إنتاجيٌّ في المصدر؛ ويُطبع [ب١٠-ف٥-مث٢] (يُحوَّل عند الإخراج)
book/الجزء-الثالث/الباب-العاشر/ف05-أ-الاعتذار-والاعتراض.md	116	9	رمز المثال	[م٣-ب١٠-ف٥-مث٣]	يُحفظ	معرّفٌ إنتاجيٌّ في المصدر؛ ويُطبع [ب١٠-ف٥-مث٣] (يُحوَّل عند الإخراج)
book/الجزء-الثالث/الباب-العاشر/ف05-أ-الاعتذار-والاعتراض.md	120	9	رمز المثال	[م٣-ب١٠-ف٥-مث٤]	يُحفظ	معرّفٌ إنتاجيٌّ في المصدر؛ ويُطبع [ب١٠-ف٥-مث٤] (يُحوَّل عند الإخراج)
book/الجزء-الثالث/الباب-العاشر/ف05-أ-الاعتذار-والاعتراض.md	124	9	رمز المثال	[م٣-ب١٠-ف٥-مث٥]	يُحفظ	معرّفٌ إنتاجيٌّ في المصدر؛ ويُطبع [ب١٠-ف٥-مث٥] (يُحوَّل عند الإخراج)
book/الجزء-الثالث/الباب-العاشر/ف05-أ-الاعتذار-والاعتراض.md	182	9	رمز المثال	[م٣-ب١٠-ف٥-مث٦]	يُحفظ	معرّفٌ إنتاجيٌّ في المصدر؛ ويُطبع [ب١٠-ف٥-مث٦] (يُحوَّل عند الإخراج)
book/الجزء-الثالث/الباب-العاشر/ف05-أ-الاعتذار-والاعتراض.md	186	9	رمز المثال	[م٣-ب١٠-ف٥-مث٧]	يُحفظ	معرّفٌ إنتاجيٌّ في المصدر؛ ويُطبع [ب١٠-ف٥-مث٧] (يُحوَّل عند الإخراج)
book/الجزء-الثالث/الباب-العاشر/ف05-أ-الاعتذار-والاعتراض.md	190	9	رمز المثال	[م٣-ب١٠-ف٥-مث٨]	يُحفظ	معرّفٌ إنتاجيٌّ في المصدر؛ ويُطبع [ب١٠-ف٥-مث٨] (يُحوَّل عند الإخراج)
book/الجزء-الثالث/الباب-العاشر/ف05-أ-الاعتذار-والاعتراض.md	194	9	رمز المثال	[م٣-ب١٠-ف٥-مث٩]	يُحفظ	معرّفٌ إنتاجيٌّ في المصدر؛ ويُطبع [ب١٠-ف٥-مث٩] (يُحوَّل عند الإخراج)
book/الجزء-الثالث/الباب-العاشر/ف05-ب-الرفض-والتطبيق-الختامي.md	66	9	رمز المثال	[م٣-ب١٠-ف٥-مث١٠]	يُحفظ	معرّفٌ إنتاجيٌّ في المصدر؛ ويُطبع [ب١٠-ف٥-مث١٠] (يُحوَّل عند الإخراج)
book/الجزء-الثالث/الباب-العاشر/ف05-ب-الرفض-والتطبيق-الختامي.md	70	9	رمز المثال	[م٣-ب١٠-ف٥-مث١١]	يُحفظ	معرّفٌ إنتاجيٌّ في المصدر؛ ويُطبع [ب١٠-ف٥-مث١١] (يُحوَّل عند الإخراج)
book/الجزء-الثالث/الباب-العاشر/ف05-ب-الرفض-والتطبيق-الختامي.md	74	9	رمز المثال	[م٣-ب١٠-ف٥-مث١٢]	يُحفظ	معرّفٌ إنتاجيٌّ في المصدر؛ ويُطبع [ب١٠-ف٥-مث١٢] (يُحوَّل عند الإخراج)
book/الجزء-الثالث/الباب-العاشر/ف05-ب-الرفض-والتطبيق-الختامي.md	78	9	رمز المثال	[م٣-ب١٠-ف٥-مث١٣]	يُحفظ	معرّفٌ إنتاجيٌّ في المصدر؛ ويُطبع [ب١٠-ف٥-مث١٣] (يُحوَّل عند الإخراج)
book/الجزء-الثالث/الباب-العاشر/ف05-ب-الرفض-والتطبيق-الختامي.md	82	9	رمز المثال	[م٣-ب١٠-ف٥-مث١٤]	يُحفظ	معرّفٌ إنتاجيٌّ في المصدر؛ ويُطبع [ب١٠-ف٥-مث١٤] (يُحوَّل عند الإخراج)
book/الجزء-الثالث/الباب-العاشر/ف05-ب-الرفض-والتطبيق-الختامي.md	86	9	رمز المثال	[م٣-ب١٠-ف٥-مث١٥]	يُحفظ	معرّفٌ إنتاجيٌّ في المصدر؛ ويُطبع [ب١٠-ف٥-مث١٥] (يُحوَّل عند الإخراج)
book/الجزء-الثالث/الباب-العاشر/ف05-ب-الرفض-والتطبيق-الختامي.md	90	9	رمز المثال	[م٣-ب١٠-ف٥-مث١٦]	يُحفظ	معرّفٌ إنتاجيٌّ في المصدر؛ ويُطبع [ب١٠-ف٥-مث١٦] (يُحوَّل عند الإخراج)
book/الجزء-الرابع/الباب-الحادي-عشر/00-فاتحة-الباب-الحادي-عشر.md	3	10	المستوى ن	المستوى ١٠	يُصحّح	المستوى 11
book/الجزء-الرابع/الباب-الحادي-عشر/ف01-أ-المدخل-والدرس-الأول.md	5	10	المستوى ن	المستوى ١٠	يُصحّح	المستوى 11
book/الجزء-الرابع/الباب-الحادي-عشر/ف01-أ-المدخل-والدرس-الأول.md	195	10	رمز المثال	[م٤-ب١١-ف١-مث١]	يُحفظ	معرّفٌ إنتاجيٌّ في المصدر؛ ويُطبع [ب١١-ف١-مث١] (يُحوَّل عند الإخراج)
book/الجزء-الرابع/الباب-الحادي-عشر/ف01-أ-المدخل-والدرس-الأول.md	199	10	رمز المثال	[م٤-ب١١-ف١-مث٢]	يُحفظ	معرّفٌ إنتاجيٌّ في المصدر؛ ويُطبع [ب١١-ف١-مث٢] (يُحوَّل عند الإخراج)
book/الجزء-الرابع/الباب-الحادي-عشر/ف01-أ-المدخل-والدرس-الأول.md	203	10	رمز المثال	[م٤-ب١١-ف١-مث٣]	يُحفظ	معرّفٌ إنتاجيٌّ في المصدر؛ ويُطبع [ب١١-ف١-مث٣] (يُحوَّل عند الإخراج)
book/الجزء-الرابع/الباب-الحادي-عشر/ف01-أ-المدخل-والدرس-الأول.md	207	10	رمز المثال	[م٤-ب١١-ف١-مث٤]	يُحفظ	معرّفٌ إنتاجيٌّ في المصدر؛ ويُطبع [ب١١-ف١-مث٤] (يُحوَّل عند الإخراج)
book/الجزء-الرابع/الباب-الحادي-عشر/ف01-أ-المدخل-والدرس-الأول.md	211	10	رمز المثال	[م٤-ب١١-ف١-مث٥]	يُحفظ	معرّفٌ إنتاجيٌّ في المصدر؛ ويُطبع [ب١١-ف١-مث٥] (يُحوَّل عند الإخراج)
book/الجزء-الرابع/الباب-الحادي-عشر/ف01-أ-المدخل-والدرس-الأول.md	215	10	رمز المثال	[م٤-ب١١-ف١-مث٦]	يُحفظ	معرّفٌ إنتاجيٌّ في المصدر؛ ويُطبع [ب١١-ف١-مث٦] (يُحوَّل عند الإخراج)
book/الجزء-الرابع/الباب-الحادي-عشر/ف01-أ-المدخل-والدرس-الأول.md	219	10	رمز المثال	[م٤-ب١١-ف١-مث٧]	يُحفظ	معرّفٌ إنتاجيٌّ في المصدر؛ ويُطبع [ب١١-ف١-مث٧] (يُحوَّل عند الإخراج)
book/الجزء-الرابع/الباب-الحادي-عشر/ف01-أ-المدخل-والدرس-الأول.md	223	10	رمز المثال	[م٤-ب١١-ف١-مث٨]	يُحفظ	معرّفٌ إنتاجيٌّ في المصدر؛ ويُطبع [ب١١-ف١-مث٨] (يُحوَّل عند الإخراج)
book/الجزء-الرابع/الباب-الحادي-عشر/ف01-أ-المدخل-والدرس-الأول.md	227	10	رمز المثال	[م٤-ب١١-ف١-مث٩]	يُحفظ	معرّفٌ إنتاجيٌّ في المصدر؛ ويُطبع [ب١١-ف١-مث٩] (يُحوَّل عند الإخراج)
book/الجزء-الرابع/الباب-الحادي-عشر/ف01-أ-المدخل-والدرس-الأول.md	231	10	رمز المثال	[م٤-ب١١-ف١-مث١٠]	يُحفظ	معرّفٌ إنتاجيٌّ في المصدر؛ ويُطبع [ب١١-ف١-مث١٠] (يُحوَّل عند الإخراج)
book/الجزء-الرابع/الباب-الحادي-عشر/ف01-أ-المدخل-والدرس-الأول.md	241	10	رمز المثال	[م٤-ب١١-ف١-مث١١]	يُحفظ	معرّفٌ إنتاجيٌّ في المصدر؛ ويُطبع [ب١١-ف١-مث١١] (يُحوَّل عند الإخراج)
book/الجزء-الرابع/الباب-الحادي-عشر/ف01-أ-المدخل-والدرس-الأول.md	245	10	رمز المثال	[م٤-ب١١-ف١-مث١٢]	يُحفظ	معرّفٌ إنتاجيٌّ في المصدر؛ ويُطبع [ب١١-ف١-مث١٢] (يُحوَّل عند الإخراج)
book/الجزء-الرابع/الباب-الحادي-عشر/ف01-أ-المدخل-والدرس-الأول.md	250	10	رمز المثال	[م٤-ب١١-ف١-مث١٣]	يُحفظ	معرّفٌ إنتاجيٌّ في المصدر؛ ويُطبع [ب١١-ف١-مث١٣] (يُحوَّل عند الإخراج)
book/الجزء-الرابع/الباب-الحادي-عشر/ف01-أ-المدخل-والدرس-الأول.md	254	10	رمز المثال	[م٤-ب١١-ف١-مث١٤]	يُحفظ	معرّفٌ إنتاجيٌّ في المصدر؛ ويُطبع [ب١١-ف١-مث١٤] (يُحوَّل عند الإخراج)
book/الجزء-الرابع/الباب-الحادي-عشر/ف01-أ-المدخل-والدرس-الأول.md	258	10	رمز المثال	[م٤-ب١١-ف١-مث١٥]	يُحفظ	معرّفٌ إنتاجيٌّ في المصدر؛ ويُطبع [ب١١-ف١-مث١٥] (يُحوَّل عند الإخراج)
book/الجزء-الرابع/الباب-الحادي-عشر/ف01-أ-المدخل-والدرس-الأول.md	262	10	رمز المثال	[م٤-ب١١-ف١-مث١٦]	يُحفظ	معرّفٌ إنتاجيٌّ في المصدر؛ ويُطبع [ب١١-ف١-مث١٦] (يُحوَّل عند الإخراج)
book/الجزء-الرابع/الباب-الحادي-عشر/ف01-أ-المدخل-والدرس-الأول.md	266	10	رمز المثال	[م٤-ب١١-ف١-مث١٧]	يُحفظ	معرّفٌ إنتاجيٌّ في المصدر؛ ويُطبع [ب١١-ف١-مث١٧] (يُحوَّل عند الإخراج)
book/الجزء-الرابع/الباب-الحادي-عشر/ف01-أ-المدخل-والدرس-الأول.md	274	10	إحالة	انظر الباب الثاني	يُصحّح	يُزاد المجلد: «في المجلد 2، …»
book/الجزء-الرابع/الباب-الحادي-عشر/ف01-أ-المدخل-والدرس-الأول.md	287	10	رمز المثال	[م٤-ب١١-ف١-مث١٨]	يُحفظ	معرّفٌ إنتاجيٌّ في المصدر؛ ويُطبع [ب١١-ف١-مث١٨] (يُحوَّل عند الإخراج)
book/الجزء-الرابع/الباب-الحادي-عشر/ف01-أ-المدخل-والدرس-الأول.md	291	10	رمز المثال	[م٤-ب١١-ف١-مث١٩]	يُحفظ	معرّفٌ إنتاجيٌّ في المصدر؛ ويُطبع [ب١١-ف١-مث١٩] (يُحوَّل عند الإخراج)
book/الجزء-الرابع/الباب-الحادي-عشر/ف01-أ-المدخل-والدرس-الأول.md	295	10	رمز المثال	[م٤-ب١١-ف١-مث٢٠]	يُحفظ	معرّفٌ إنتاجيٌّ في المصدر؛ ويُطبع [ب١١-ف١-مث٢٠] (يُحوَّل عند الإخراج)
book/الجزء-الرابع/الباب-الحادي-عشر/ف01-أ-المدخل-والدرس-الأول.md	299	10	رمز المثال	[م٤-ب١١-ف١-مث٢١]	يُحفظ	معرّفٌ إنتاجيٌّ في المصدر؛ ويُطبع [ب١١-ف١-مث٢١] (يُحوَّل عند الإخراج)
book/الجزء-الرابع/الباب-الحادي-عشر/ف01-أ-المدخل-والدرس-الأول.md	303	10	إحالة	انظر الباب الثاني، الفصل الثاني عشر	يُصحّح	يُزاد المجلد: «في المجلد 2، …»
book/الجزء-الرابع/الباب-الحادي-عشر/ف01-أ-المدخل-والدرس-الأول.md	315	10	رمز المثال	[م٤-ب١١-ف١-مث٢٢]	يُحفظ	معرّفٌ إنتاجيٌّ في المصدر؛ ويُطبع [ب١١-ف١-مث٢٢] (يُحوَّل عند الإخراج)
book/الجزء-الرابع/الباب-الحادي-عشر/ف01-أ-المدخل-والدرس-الأول.md	317	10	رمز المثال	[م٤-ب١١-ف١-مث٢٣]	يُحفظ	معرّفٌ إنتاجيٌّ في المصدر؛ ويُطبع [ب١١-ف١-مث٢٣] (يُحوَّل عند الإخراج)
book/الجزء-الرابع/الباب-الحادي-عشر/ف01-أ-المدخل-والدرس-الأول.md	319	10	رمز المثال	[م٤-ب١١-ف١-مث٢٤]	يُحفظ	معرّفٌ إنتاجيٌّ في المصدر؛ ويُطبع [ب١١-ف١-مث٢٤] (يُحوَّل عند الإخراج)
book/الجزء-الرابع/الباب-الحادي-عشر/ف01-أ-المدخل-والدرس-الأول.md	323	10	إحالة	انظر الباب الثاني، الفصل العاشر	يُصحّح	يُزاد المجلد: «في المجلد 2، …»
book/الجزء-الرابع/الباب-الحادي-عشر/ف01-أ-المدخل-والدرس-الأول.md	330	10	رمز المثال	[م٤-ب١١-ف١-مث٢٥]	يُحفظ	معرّفٌ إنتاجيٌّ في المصدر؛ ويُطبع [ب١١-ف١-مث٢٥] (يُحوَّل عند الإخراج)
book/الجزء-الرابع/الباب-الحادي-عشر/ف01-أ-المدخل-والدرس-الأول.md	334	10	رمز المثال	[م٤-ب١١-ف١-مث٢٦]	يُحفظ	معرّفٌ إنتاجيٌّ في المصدر؛ ويُطبع [ب١١-ف١-مث٢٦] (يُحوَّل عند الإخراج)
book/الجزء-الرابع/الباب-الحادي-عشر/ف01-أ-المدخل-والدرس-الأول.md	338	10	رمز المثال	[م٤-ب١١-ف١-مث٢٧]	يُحفظ	معرّفٌ إنتاجيٌّ في المصدر؛ ويُطبع [ب١١-ف١-مث٢٧] (يُحوَّل عند الإخراج)
book/الجزء-الرابع/الباب-الحادي-عشر/ف01-أ-المدخل-والدرس-الأول.md	342	10	رمز المثال	[م٤-ب١١-ف١-مث٢٨]	يُحفظ	معرّفٌ إنتاجيٌّ في المصدر؛ ويُطبع [ب١١-ف١-مث٢٨] (يُحوَّل عند الإخراج)
book/الجزء-الرابع/الباب-الحادي-عشر/ف01-أ-المدخل-والدرس-الأول.md	348	10	رمز المثال	[م٤-ب١١-ف١-مث٢٩]	يُحفظ	معرّفٌ إنتاجيٌّ في المصدر؛ ويُطبع [ب١١-ف١-مث٢٩] (يُحوَّل عند الإخراج)
book/الجزء-الرابع/الباب-الحادي-عشر/ف01-ب-الدرس-الثاني.md	93	10	رمز المثال	[م٤-ب١١-ف١-مث٣٠]	يُحفظ	معرّفٌ إنتاجيٌّ في المصدر؛ ويُطبع [ب١١-ف١-مث٣٠] (يُحوَّل عند الإخراج)
book/الجزء-الرابع/الباب-الحادي-عشر/ف01-ب-الدرس-الثاني.md	97	10	رمز المثال	[م٤-ب١١-ف١-مث٣١]	يُحفظ	معرّفٌ إنتاجيٌّ في المصدر؛ ويُطبع [ب١١-ف١-مث٣١] (يُحوَّل عند الإخراج)
book/الجزء-الرابع/الباب-الحادي-عشر/ف01-ب-الدرس-الثاني.md	101	10	رمز المثال	[م٤-ب١١-ف١-مث٣٢]	يُحفظ	معرّفٌ إنتاجيٌّ في المصدر؛ ويُطبع [ب١١-ف١-مث٣٢] (يُحوَّل عند الإخراج)
book/الجزء-الرابع/الباب-الحادي-عشر/ف01-ب-الدرس-الثاني.md	116	10	رمز المثال	[م٤-ب١١-ف١-مث٣٣]	يُحفظ	معرّفٌ إنتاجيٌّ في المصدر؛ ويُطبع [ب١١-ف١-مث٣٣] (يُحوَّل عند الإخراج)
book/الجزء-الرابع/الباب-الحادي-عشر/ف01-ب-الدرس-الثاني.md	120	10	رمز المثال	[م٤-ب١١-ف١-مث٣٤]	يُحفظ	معرّفٌ إنتاجيٌّ في المصدر؛ ويُطبع [ب١١-ف١-مث٣٤] (يُحوَّل عند الإخراج)
book/الجزء-الرابع/الباب-الحادي-عشر/ف01-ب-الدرس-الثاني.md	124	10	رمز المثال	[م٤-ب١١-ف١-مث٣٥]	يُحفظ	معرّفٌ إنتاجيٌّ في المصدر؛ ويُطبع [ب١١-ف١-مث٣٥] (يُحوَّل عند الإخراج)
book/الجزء-الرابع/الباب-الحادي-عشر/ف01-ب-الدرس-الثاني.md	128	10	رمز المثال	[م٤-ب١١-ف١-مث٣٦]	يُحفظ	معرّفٌ إنتاجيٌّ في المصدر؛ ويُطبع [ب١١-ف١-مث٣٦] (يُحوَّل عند الإخراج)
book/الجزء-الرابع/الباب-الحادي-عشر/ف01-ب-الدرس-الثاني.md	148	10	رمز المثال	[م٤-ب١١-ف١-مث٣٧]	يُحفظ	معرّفٌ إنتاجيٌّ في المصدر؛ ويُطبع [ب١١-ف١-مث٣٧] (يُحوَّل عند الإخراج)
book/الجزء-الرابع/الباب-الحادي-عشر/ف01-ب-الدرس-الثاني.md	152	10	رمز المثال	[م٤-ب١١-ف١-مث٣٨]	يُحفظ	معرّفٌ إنتاجيٌّ في المصدر؛ ويُطبع [ب١١-ف١-مث٣٨] (يُحوَّل عند الإخراج)
book/الجزء-الرابع/الباب-الحادي-عشر/ف01-ب-الدرس-الثاني.md	156	10	رمز المثال	[م٤-ب١١-ف١-مث٣٩]	يُحفظ	معرّفٌ إنتاجيٌّ في المصدر؛ ويُطبع [ب١١-ف١-مث٣٩] (يُحوَّل عند الإخراج)
book/الجزء-الرابع/الباب-الحادي-عشر/ف01-ب-الدرس-الثاني.md	160	10	رمز المثال	[م٤-ب١١-ف١-مث٤٠]	يُحفظ	معرّفٌ إنتاجيٌّ في المصدر؛ ويُطبع [ب١١-ف١-مث٤٠] (يُحوَّل عند الإخراج)
book/الجزء-الرابع/الباب-الحادي-عشر/ف01-ب-الدرس-الثاني.md	164	10	رمز المثال	[م٤-ب١١-ف١-مث٤١]	يُحفظ	معرّفٌ إنتاجيٌّ في المصدر؛ ويُطبع [ب١١-ف١-مث٤١] (يُحوَّل عند الإخراج)
book/الجزء-الرابع/الباب-الحادي-عشر/ف01-ب-الدرس-الثاني.md	187	10	رمز المثال	[م٤-ب١١-ف١-مث٤٢]	يُحفظ	معرّفٌ إنتاجيٌّ في المصدر؛ ويُطبع [ب١١-ف١-مث٤٢] (يُحوَّل عند الإخراج)
book/الجزء-الرابع/الباب-الحادي-عشر/ف01-ب-الدرس-الثاني.md	191	10	رمز المثال	[م٤-ب١١-ف١-مث٤٣]	يُحفظ	معرّفٌ إنتاجيٌّ في المصدر؛ ويُطبع [ب١١-ف١-مث٤٣] (يُحوَّل عند الإخراج)
book/الجزء-الرابع/الباب-الحادي-عشر/ف01-ب-الدرس-الثاني.md	195	10	رمز المثال	[م٤-ب١١-ف١-مث٤٤]	يُحفظ	معرّفٌ إنتاجيٌّ في المصدر؛ ويُطبع [ب١١-ف١-مث٤٤] (يُحوَّل عند الإخراج)
book/الجزء-الرابع/الباب-الحادي-عشر/ف01-ب-الدرس-الثاني.md	197	10	رمز المثال	[م٤-ب١١-ف١-مث٤٥]	يُحفظ	معرّفٌ إنتاجيٌّ في المصدر؛ ويُطبع [ب١١-ف١-مث٤٥] (يُحوَّل عند الإخراج)
book/الجزء-الرابع/الباب-الحادي-عشر/ف01-ب-الدرس-الثاني.md	199	10	رمز المثال	[م٤-ب١١-ف١-مث٤٦]	يُحفظ	معرّفٌ إنتاجيٌّ في المصدر؛ ويُطبع [ب١١-ف١-مث٤٦] (يُحوَّل عند الإخراج)
book/الجزء-الرابع/الباب-الحادي-عشر/ف01-ج-التطبيق-والتقويم.md	359	10	إحالة	من الباب الثاني	يُصحّح	يُزاد المجلد: «في المجلد 2، …»
book/الجزء-الرابع/الباب-الحادي-عشر/ف02-أ-المدخل-والدرس-الأول.md	5	10	المستوى ن	المستوى ١٠	يُصحّح	المستوى 11
book/الجزء-الرابع/الباب-الحادي-عشر/ف02-أ-المدخل-والدرس-الأول.md	173	10	إحالة	انظر الباب الرابع، الفصل الثالث	يُصحّح	يُزاد المجلد: «في المجلد 4، …»
book/الجزء-الرابع/الباب-الحادي-عشر/ف02-أ-المدخل-والدرس-الأول.md	173	10	إحالة	انظر الباب التاسع، الفصل الثالث	يُصحّح	يُزاد المجلد: «في المجلد 8، …»
book/الجزء-الرابع/الباب-الحادي-عشر/ف02-أ-المدخل-والدرس-الأول.md	179	10	رمز المثال	[م٤-ب١١-ف٢-مث١]	يُحفظ	معرّفٌ إنتاجيٌّ في المصدر؛ ويُطبع [ب١١-ف٢-مث١] (يُحوَّل عند الإخراج)
book/الجزء-الرابع/الباب-الحادي-عشر/ف02-أ-المدخل-والدرس-الأول.md	183	10	رمز المثال	[م٤-ب١١-ف٢-مث٢]	يُحفظ	معرّفٌ إنتاجيٌّ في المصدر؛ ويُطبع [ب١١-ف٢-مث٢] (يُحوَّل عند الإخراج)
book/الجزء-الرابع/الباب-الحادي-عشر/ف02-أ-المدخل-والدرس-الأول.md	187	10	رمز المثال	[م٤-ب١١-ف٢-مث٣]	يُحفظ	معرّفٌ إنتاجيٌّ في المصدر؛ ويُطبع [ب١١-ف٢-مث٣] (يُحوَّل عند الإخراج)
book/الجزء-الرابع/الباب-الحادي-عشر/ف02-أ-المدخل-والدرس-الأول.md	191	10	رمز المثال	[م٤-ب١١-ف٢-مث٤]	يُحفظ	معرّفٌ إنتاجيٌّ في المصدر؛ ويُطبع [ب١١-ف٢-مث٤] (يُحوَّل عند الإخراج)
book/الجزء-الرابع/الباب-الحادي-عشر/ف02-أ-المدخل-والدرس-الأول.md	195	10	رمز المثال	[م٤-ب١١-ف٢-مث٥]	يُحفظ	معرّفٌ إنتاجيٌّ في المصدر؛ ويُطبع [ب١١-ف٢-مث٥] (يُحوَّل عند الإخراج)
book/الجزء-الرابع/الباب-الحادي-عشر/ف02-أ-المدخل-والدرس-الأول.md	199	10	رمز المثال	[م٤-ب١١-ف٢-مث٦]	يُحفظ	معرّفٌ إنتاجيٌّ في المصدر؛ ويُطبع [ب١١-ف٢-مث٦] (يُحوَّل عند الإخراج)
book/الجزء-الرابع/الباب-الحادي-عشر/ف02-أ-المدخل-والدرس-الأول.md	203	10	رمز المثال	[م٤-ب١١-ف٢-مث٧]	يُحفظ	معرّفٌ إنتاجيٌّ في المصدر؛ ويُطبع [ب١١-ف٢-مث٧] (يُحوَّل عند الإخراج)
book/الجزء-الرابع/الباب-الحادي-عشر/ف02-أ-المدخل-والدرس-الأول.md	216	10	رمز المثال	[م٤-ب١١-ف٢-مث٨]	يُحفظ	معرّفٌ إنتاجيٌّ في المصدر؛ ويُطبع [ب١١-ف٢-مث٨] (يُحوَّل عند الإخراج)
book/الجزء-الرابع/الباب-الحادي-عشر/ف02-أ-المدخل-والدرس-الأول.md	220	10	رمز المثال	[م٤-ب١١-ف٢-مث٩]	يُحفظ	معرّفٌ إنتاجيٌّ في المصدر؛ ويُطبع [ب١١-ف٢-مث٩] (يُحوَّل عند الإخراج)
book/الجزء-الرابع/الباب-الحادي-عشر/ف02-أ-المدخل-والدرس-الأول.md	224	10	رمز المثال	[م٤-ب١١-ف٢-مث١٠]	يُحفظ	معرّفٌ إنتاجيٌّ في المصدر؛ ويُطبع [ب١١-ف٢-مث١٠] (يُحوَّل عند الإخراج)
book/الجزء-الرابع/الباب-الحادي-عشر/ف02-أ-المدخل-والدرس-الأول.md	228	10	رمز المثال	[م٤-ب١١-ف٢-مث١١]	يُحفظ	معرّفٌ إنتاجيٌّ في المصدر؛ ويُطبع [ب١١-ف٢-مث١١] (يُحوَّل عند الإخراج)
book/الجزء-الرابع/الباب-الحادي-عشر/ف02-أ-المدخل-والدرس-الأول.md	232	10	رمز المثال	[م٤-ب١١-ف٢-مث١٢]	يُحفظ	معرّفٌ إنتاجيٌّ في المصدر؛ ويُطبع [ب١١-ف٢-مث١٢] (يُحوَّل عند الإخراج)
book/الجزء-الرابع/الباب-الحادي-عشر/ف02-أ-المدخل-والدرس-الأول.md	236	10	رمز المثال	[م٤-ب١١-ف٢-مث١٣]	يُحفظ	معرّفٌ إنتاجيٌّ في المصدر؛ ويُطبع [ب١١-ف٢-مث١٣] (يُحوَّل عند الإخراج)
book/الجزء-الرابع/الباب-الحادي-عشر/ف02-أ-المدخل-والدرس-الأول.md	240	10	رمز المثال	[م٤-ب١١-ف٢-مث١٤]	يُحفظ	معرّفٌ إنتاجيٌّ في المصدر؛ ويُطبع [ب١١-ف٢-مث١٤] (يُحوَّل عند الإخراج)
book/الجزء-الرابع/الباب-الحادي-عشر/ف02-أ-المدخل-والدرس-الأول.md	244	10	رمز المثال	[م٤-ب١١-ف٢-مث١٥]	يُحفظ	معرّفٌ إنتاجيٌّ في المصدر؛ ويُطبع [ب١١-ف٢-مث١٥] (يُحوَّل عند الإخراج)
book/الجزء-الرابع/الباب-الحادي-عشر/ف02-أ-المدخل-والدرس-الأول.md	246	10	رمز المثال	[م٤-ب١١-ف٢-مث١٦]	يُحفظ	معرّفٌ إنتاجيٌّ في المصدر؛ ويُطبع [ب١١-ف٢-مث١٦] (يُحوَّل عند الإخراج)
book/الجزء-الرابع/الباب-الحادي-عشر/ف02-أ-المدخل-والدرس-الأول.md	252	10	رمز المثال	[م٤-ب١١-ف٢-مث١٧]	يُحفظ	معرّفٌ إنتاجيٌّ في المصدر؛ ويُطبع [ب١١-ف٢-مث١٧] (يُحوَّل عند الإخراج)
book/الجزء-الرابع/الباب-الحادي-عشر/ف02-أ-المدخل-والدرس-الأول.md	256	10	رمز المثال	[م٤-ب١١-ف٢-مث١٨]	يُحفظ	معرّفٌ إنتاجيٌّ في المصدر؛ ويُطبع [ب١١-ف٢-مث١٨] (يُحوَّل عند الإخراج)
book/الجزء-الرابع/الباب-الحادي-عشر/ف02-أ-المدخل-والدرس-الأول.md	260	10	رمز المثال	[م٤-ب١١-ف٢-مث١٩]	يُحفظ	معرّفٌ إنتاجيٌّ في المصدر؛ ويُطبع [ب١١-ف٢-مث١٩] (يُحوَّل عند الإخراج)
book/الجزء-الرابع/الباب-الحادي-عشر/ف02-أ-المدخل-والدرس-الأول.md	264	10	رمز المثال	[م٤-ب١١-ف٢-مث٢٠]	يُحفظ	معرّفٌ إنتاجيٌّ في المصدر؛ ويُطبع [ب١١-ف٢-مث٢٠] (يُحوَّل عند الإخراج)
book/الجزء-الرابع/الباب-الحادي-عشر/ف02-أ-المدخل-والدرس-الأول.md	268	10	رمز المثال	[م٤-ب١١-ف٢-مث٢١]	يُحفظ	معرّفٌ إنتاجيٌّ في المصدر؛ ويُطبع [ب١١-ف٢-مث٢١] (يُحوَّل عند الإخراج)
book/الجزء-الرابع/الباب-الحادي-عشر/ف02-أ-المدخل-والدرس-الأول.md	272	10	رمز المثال	[م٤-ب١١-ف٢-مث٢٢]	يُحفظ	معرّفٌ إنتاجيٌّ في المصدر؛ ويُطبع [ب١١-ف٢-مث٢٢] (يُحوَّل عند الإخراج)
book/الجزء-الرابع/الباب-الحادي-عشر/ف02-ب-الدرس-الثاني.md	88	10	رمز المثال	[م٤-ب١١-ف٢-مث٢٣]	يُحفظ	معرّفٌ إنتاجيٌّ في المصدر؛ ويُطبع [ب١١-ف٢-مث٢٣] (يُحوَّل عند الإخراج)
book/الجزء-الرابع/الباب-الحادي-عشر/ف02-ب-الدرس-الثاني.md	92	10	رمز المثال	[م٤-ب١١-ف٢-مث٢٤]	يُحفظ	معرّفٌ إنتاجيٌّ في المصدر؛ ويُطبع [ب١١-ف٢-مث٢٤] (يُحوَّل عند الإخراج)
book/الجزء-الرابع/الباب-الحادي-عشر/ف02-ب-الدرس-الثاني.md	96	10	رمز المثال	[م٤-ب١١-ف٢-مث٢٥]	يُحفظ	معرّفٌ إنتاجيٌّ في المصدر؛ ويُطبع [ب١١-ف٢-مث٢٥] (يُحوَّل عند الإخراج)
book/الجزء-الرابع/الباب-الحادي-عشر/ف02-ب-الدرس-الثاني.md	100	10	رمز المثال	[م٤-ب١١-ف٢-مث٢٦]	يُحفظ	معرّفٌ إنتاجيٌّ في المصدر؛ ويُطبع [ب١١-ف٢-مث٢٦] (يُحوَّل عند الإخراج)
book/الجزء-الرابع/الباب-الحادي-عشر/ف02-ب-الدرس-الثاني.md	108	10	رمز المثال	[م٤-ب١١-ف٢-مث٢٧]	يُحفظ	معرّفٌ إنتاجيٌّ في المصدر؛ ويُطبع [ب١١-ف٢-مث٢٧] (يُحوَّل عند الإخراج)
book/الجزء-الرابع/الباب-الحادي-عشر/ف02-ب-الدرس-الثاني.md	112	10	رمز المثال	[م٤-ب١١-ف٢-مث٢٨]	يُحفظ	معرّفٌ إنتاجيٌّ في المصدر؛ ويُطبع [ب١١-ف٢-مث٢٨] (يُحوَّل عند الإخراج)
book/الجزء-الرابع/الباب-الحادي-عشر/ف02-ب-الدرس-الثاني.md	116	10	رمز المثال	[م٤-ب١١-ف٢-مث٢٩]	يُحفظ	معرّفٌ إنتاجيٌّ في المصدر؛ ويُطبع [ب١١-ف٢-مث٢٩] (يُحوَّل عند الإخراج)
book/الجزء-الرابع/الباب-الحادي-عشر/ف02-ب-الدرس-الثاني.md	120	10	رمز المثال	[م٤-ب١١-ف٢-مث٣٠]	يُحفظ	معرّفٌ إنتاجيٌّ في المصدر؛ ويُطبع [ب١١-ف٢-مث٣٠] (يُحوَّل عند الإخراج)
book/الجزء-الرابع/الباب-الحادي-عشر/ف02-ب-الدرس-الثاني.md	137	10	رمز المثال	[م٤-ب١١-ف٢-مث٣١]	يُحفظ	معرّفٌ إنتاجيٌّ في المصدر؛ ويُطبع [ب١١-ف٢-مث٣١] (يُحوَّل عند الإخراج)
book/الجزء-الرابع/الباب-الحادي-عشر/ف02-ب-الدرس-الثاني.md	141	10	رمز المثال	[م٤-ب١١-ف٢-مث٣٢]	يُحفظ	معرّفٌ إنتاجيٌّ في المصدر؛ ويُطبع [ب١١-ف٢-مث٣٢] (يُحوَّل عند الإخراج)
book/الجزء-الرابع/الباب-الحادي-عشر/ف02-ب-الدرس-الثاني.md	149	10	رمز المثال	[م٤-ب١١-ف٢-مث٣٣]	يُحفظ	معرّفٌ إنتاجيٌّ في المصدر؛ ويُطبع [ب١١-ف٢-مث٣٣] (يُحوَّل عند الإخراج)
book/الجزء-الرابع/الباب-الحادي-عشر/ف02-ب-الدرس-الثاني.md	153	10	رمز المثال	[م٤-ب١١-ف٢-مث٣٤]	يُحفظ	معرّفٌ إنتاجيٌّ في المصدر؛ ويُطبع [ب١١-ف٢-مث٣٤] (يُحوَّل عند الإخراج)
book/الجزء-الرابع/الباب-الحادي-عشر/ف02-ب-الدرس-الثاني.md	157	10	رمز المثال	[م٤-ب١١-ف٢-مث٣٥]	يُحفظ	معرّفٌ إنتاجيٌّ في المصدر؛ ويُطبع [ب١١-ف٢-مث٣٥] (يُحوَّل عند الإخراج)
book/الجزء-الرابع/الباب-الحادي-عشر/ف03-أ-المدخل-والدرس-الأول.md	5	10	المستوى ن	المستوى ١٠	يُصحّح	المستوى 11
book/الجزء-الرابع/الباب-الحادي-عشر/ف03-أ-المدخل-والدرس-الأول.md	142	10	رمز المثال	[م٤-ب١١-ف٣-مث١]	يُحفظ	معرّفٌ إنتاجيٌّ في المصدر؛ ويُطبع [ب١١-ف٣-مث١] (يُحوَّل عند الإخراج)
book/الجزء-الرابع/الباب-الحادي-عشر/ف03-أ-المدخل-والدرس-الأول.md	146	10	رمز المثال	[م٤-ب١١-ف٣-مث٢]	يُحفظ	معرّفٌ إنتاجيٌّ في المصدر؛ ويُطبع [ب١١-ف٣-مث٢] (يُحوَّل عند الإخراج)
book/الجزء-الرابع/الباب-الحادي-عشر/ف03-أ-المدخل-والدرس-الأول.md	150	10	رمز المثال	[م٤-ب١١-ف٣-مث٣]	يُحفظ	معرّفٌ إنتاجيٌّ في المصدر؛ ويُطبع [ب١١-ف٣-مث٣] (يُحوَّل عند الإخراج)
book/الجزء-الرابع/الباب-الحادي-عشر/ف03-أ-المدخل-والدرس-الأول.md	158	10	رمز المثال	[م٤-ب١١-ف٣-مث٤]	يُحفظ	معرّفٌ إنتاجيٌّ في المصدر؛ ويُطبع [ب١١-ف٣-مث٤] (يُحوَّل عند الإخراج)
book/الجزء-الرابع/الباب-الحادي-عشر/ف03-أ-المدخل-والدرس-الأول.md	162	10	رمز المثال	[م٤-ب١١-ف٣-مث٥]	يُحفظ	معرّفٌ إنتاجيٌّ في المصدر؛ ويُطبع [ب١١-ف٣-مث٥] (يُحوَّل عند الإخراج)
book/الجزء-الرابع/الباب-الحادي-عشر/ف03-أ-المدخل-والدرس-الأول.md	166	10	رمز المثال	[م٤-ب١١-ف٣-مث٦]	يُحفظ	معرّفٌ إنتاجيٌّ في المصدر؛ ويُطبع [ب١١-ف٣-مث٦] (يُحوَّل عند الإخراج)
book/الجزء-الرابع/الباب-الحادي-عشر/ف03-أ-المدخل-والدرس-الأول.md	170	10	رمز المثال	[م٤-ب١١-ف٣-مث٧]	يُحفظ	معرّفٌ إنتاجيٌّ في المصدر؛ ويُطبع [ب١١-ف٣-مث٧] (يُحوَّل عند الإخراج)
book/الجزء-الرابع/الباب-الحادي-عشر/ف03-أ-المدخل-والدرس-الأول.md	176	10	رمز المثال	[م٤-ب١١-ف٣-مث٨]	يُحفظ	معرّفٌ إنتاجيٌّ في المصدر؛ ويُطبع [ب١١-ف٣-مث٨] (يُحوَّل عند الإخراج)
book/الجزء-الرابع/الباب-الحادي-عشر/ف03-أ-المدخل-والدرس-الأول.md	180	10	رمز المثال	[م٤-ب١١-ف٣-مث٩]	يُحفظ	معرّفٌ إنتاجيٌّ في المصدر؛ ويُطبع [ب١١-ف٣-مث٩] (يُحوَّل عند الإخراج)
book/الجزء-الرابع/الباب-الحادي-عشر/ف03-أ-المدخل-والدرس-الأول.md	184	10	رمز المثال	[م٤-ب١١-ف٣-مث١٠]	يُحفظ	معرّفٌ إنتاجيٌّ في المصدر؛ ويُطبع [ب١١-ف٣-مث١٠] (يُحوَّل عند الإخراج)
book/الجزء-الرابع/الباب-الحادي-عشر/ف03-أ-المدخل-والدرس-الأول.md	190	10	رمز المثال	[م٤-ب١١-ف٣-مث١١]	يُحفظ	معرّفٌ إنتاجيٌّ في المصدر؛ ويُطبع [ب١١-ف٣-مث١١] (يُحوَّل عند الإخراج)
book/الجزء-الرابع/الباب-الحادي-عشر/ف03-أ-المدخل-والدرس-الأول.md	194	10	رمز المثال	[م٤-ب١١-ف٣-مث١٢]	يُحفظ	معرّفٌ إنتاجيٌّ في المصدر؛ ويُطبع [ب١١-ف٣-مث١٢] (يُحوَّل عند الإخراج)
book/الجزء-الرابع/الباب-الحادي-عشر/ف03-أ-المدخل-والدرس-الأول.md	200	10	رمز المثال	[م٤-ب١١-ف٣-مث١٣]	يُحفظ	معرّفٌ إنتاجيٌّ في المصدر؛ ويُطبع [ب١١-ف٣-مث١٣] (يُحوَّل عند الإخراج)
book/الجزء-الرابع/الباب-الحادي-عشر/ف03-أ-المدخل-والدرس-الأول.md	204	10	رمز المثال	[م٤-ب١١-ف٣-مث١٤]	يُحفظ	معرّفٌ إنتاجيٌّ في المصدر؛ ويُطبع [ب١١-ف٣-مث١٤] (يُحوَّل عند الإخراج)
book/الجزء-الرابع/الباب-الحادي-عشر/ف03-ب-الدرس-الثاني.md	89	10	رمز المثال	[م٤-ب١١-ف٣-مث١٥]	يُحفظ	معرّفٌ إنتاجيٌّ في المصدر؛ ويُطبع [ب١١-ف٣-مث١٥] (يُحوَّل عند الإخراج)
book/الجزء-الرابع/الباب-الحادي-عشر/ف03-ب-الدرس-الثاني.md	93	10	رمز المثال	[م٤-ب١١-ف٣-مث١٦]	يُحفظ	معرّفٌ إنتاجيٌّ في المصدر؛ ويُطبع [ب١١-ف٣-مث١٦] (يُحوَّل عند الإخراج)
book/الجزء-الرابع/الباب-الحادي-عشر/ف03-ب-الدرس-الثاني.md	99	10	رمز المثال	[م٤-ب١١-ف٣-مث١٧]	يُحفظ	معرّفٌ إنتاجيٌّ في المصدر؛ ويُطبع [ب١١-ف٣-مث١٧] (يُحوَّل عند الإخراج)
book/الجزء-الرابع/الباب-الحادي-عشر/ف03-ب-الدرس-الثاني.md	103	10	رمز المثال	[م٤-ب١١-ف٣-مث١٨]	يُحفظ	معرّفٌ إنتاجيٌّ في المصدر؛ ويُطبع [ب١١-ف٣-مث١٨] (يُحوَّل عند الإخراج)
book/الجزء-الرابع/الباب-الحادي-عشر/ف03-ب-الدرس-الثاني.md	107	10	رمز المثال	[م٤-ب١١-ف٣-مث١٩]	يُحفظ	معرّفٌ إنتاجيٌّ في المصدر؛ ويُطبع [ب١١-ف٣-مث١٩] (يُحوَّل عند الإخراج)
book/الجزء-الرابع/الباب-الحادي-عشر/ف03-ب-الدرس-الثاني.md	113	10	رمز المثال	[م٤-ب١١-ف٣-مث٢٠]	يُحفظ	معرّفٌ إنتاجيٌّ في المصدر؛ ويُطبع [ب١١-ف٣-مث٢٠] (يُحوَّل عند الإخراج)
book/الجزء-الرابع/الباب-الحادي-عشر/ف03-ب-الدرس-الثاني.md	117	10	رمز المثال	[م٤-ب١١-ف٣-مث٢١]	يُحفظ	معرّفٌ إنتاجيٌّ في المصدر؛ ويُطبع [ب١١-ف٣-مث٢١] (يُحوَّل عند الإخراج)
book/الجزء-الرابع/الباب-الحادي-عشر/ف03-ب-الدرس-الثاني.md	121	10	رمز المثال	[م٤-ب١١-ف٣-مث٢٢]	يُحفظ	معرّفٌ إنتاجيٌّ في المصدر؛ ويُطبع [ب١١-ف٣-مث٢٢] (يُحوَّل عند الإخراج)
book/الجزء-الرابع/الباب-الحادي-عشر/ف03-ب-الدرس-الثاني.md	127	10	رمز المثال	[م٤-ب١١-ف٣-مث٢٣]	يُحفظ	معرّفٌ إنتاجيٌّ في المصدر؛ ويُطبع [ب١١-ف٣-مث٢٣] (يُحوَّل عند الإخراج)
book/الجزء-الرابع/الباب-الحادي-عشر/ف03-ب-الدرس-الثاني.md	131	10	رمز المثال	[م٤-ب١١-ف٣-مث٢٤]	يُحفظ	معرّفٌ إنتاجيٌّ في المصدر؛ ويُطبع [ب١١-ف٣-مث٢٤] (يُحوَّل عند الإخراج)
book/الجزء-الرابع/الباب-الحادي-عشر/ف03-ب-الدرس-الثاني.md	135	10	رمز المثال	[م٤-ب١١-ف٣-مث٢٥]	يُحفظ	معرّفٌ إنتاجيٌّ في المصدر؛ ويُطبع [ب١١-ف٣-مث٢٥] (يُحوَّل عند الإخراج)
book/الجزء-الرابع/الباب-الحادي-عشر/ف03-ج-التطبيق-والتقويم.md	58	10	الباب ١٣ (بنك الأخطاء)	الباب الثالث عشر	يُصحّح	المرجع الأول: بنك الأخطاء (في المجلد الحادي عشر)
book/الجزء-الرابع/الباب-الحادي-عشر/ف04-أ-المدخل-والدرس-الأول.md	5	10	المستوى ن	المستوى ١٠	يُصحّح	المستوى 11
book/الجزء-الرابع/الباب-الحادي-عشر/ف04-أ-المدخل-والدرس-الأول.md	129	10	رمز المثال	[م٤-ب١١-ف٤-مث١]	يُحفظ	معرّفٌ إنتاجيٌّ في المصدر؛ ويُطبع [ب١١-ف٤-مث١] (يُحوَّل عند الإخراج)
book/الجزء-الرابع/الباب-الحادي-عشر/ف04-أ-المدخل-والدرس-الأول.md	133	10	رمز المثال	[م٤-ب١١-ف٤-مث٢]	يُحفظ	معرّفٌ إنتاجيٌّ في المصدر؛ ويُطبع [ب١١-ف٤-مث٢] (يُحوَّل عند الإخراج)
book/الجزء-الرابع/الباب-الحادي-عشر/ف04-أ-المدخل-والدرس-الأول.md	137	10	رمز المثال	[م٤-ب١١-ف٤-مث٣]	يُحفظ	معرّفٌ إنتاجيٌّ في المصدر؛ ويُطبع [ب١١-ف٤-مث٣] (يُحوَّل عند الإخراج)
book/الجزء-الرابع/الباب-الحادي-عشر/ف04-أ-المدخل-والدرس-الأول.md	141	10	رمز المثال	[م٤-ب١١-ف٤-مث٤]	يُحفظ	معرّفٌ إنتاجيٌّ في المصدر؛ ويُطبع [ب١١-ف٤-مث٤] (يُحوَّل عند الإخراج)
book/الجزء-الرابع/الباب-الحادي-عشر/ف04-أ-المدخل-والدرس-الأول.md	145	10	رمز المثال	[م٤-ب١١-ف٤-مث٥]	يُحفظ	معرّفٌ إنتاجيٌّ في المصدر؛ ويُطبع [ب١١-ف٤-مث٥] (يُحوَّل عند الإخراج)
book/الجزء-الرابع/الباب-الحادي-عشر/ف04-أ-المدخل-والدرس-الأول.md	153	10	رمز المثال	[م٤-ب١١-ف٤-مث٦]	يُحفظ	معرّفٌ إنتاجيٌّ في المصدر؛ ويُطبع [ب١١-ف٤-مث٦] (يُحوَّل عند الإخراج)
book/الجزء-الرابع/الباب-الحادي-عشر/ف04-أ-المدخل-والدرس-الأول.md	157	10	رمز المثال	[م٤-ب١١-ف٤-مث٧]	يُحفظ	معرّفٌ إنتاجيٌّ في المصدر؛ ويُطبع [ب١١-ف٤-مث٧] (يُحوَّل عند الإخراج)
book/الجزء-الرابع/الباب-الحادي-عشر/ف04-أ-المدخل-والدرس-الأول.md	167	10	رمز المثال	[م٤-ب١١-ف٤-مث٨]	يُحفظ	معرّفٌ إنتاجيٌّ في المصدر؛ ويُطبع [ب١١-ف٤-مث٨] (يُحوَّل عند الإخراج)
book/الجزء-الرابع/الباب-الحادي-عشر/ف04-أ-المدخل-والدرس-الأول.md	175	10	رمز المثال	[م٤-ب١١-ف٤-مث٩]	يُحفظ	معرّفٌ إنتاجيٌّ في المصدر؛ ويُطبع [ب١١-ف٤-مث٩] (يُحوَّل عند الإخراج)
book/الجزء-الرابع/الباب-الحادي-عشر/ف04-أ-المدخل-والدرس-الأول.md	179	10	رمز المثال	[م٤-ب١١-ف٤-مث١٠]	يُحفظ	معرّفٌ إنتاجيٌّ في المصدر؛ ويُطبع [ب١١-ف٤-مث١٠] (يُحوَّل عند الإخراج)
book/الجزء-الرابع/الباب-الحادي-عشر/ف04-أ-المدخل-والدرس-الأول.md	183	10	رمز المثال	[م٤-ب١١-ف٤-مث١١]	يُحفظ	معرّفٌ إنتاجيٌّ في المصدر؛ ويُطبع [ب١١-ف٤-مث١١] (يُحوَّل عند الإخراج)
book/الجزء-الرابع/الباب-الحادي-عشر/ف04-أ-المدخل-والدرس-الأول.md	187	10	رمز المثال	[م٤-ب١١-ف٤-مث١٢]	يُحفظ	معرّفٌ إنتاجيٌّ في المصدر؛ ويُطبع [ب١١-ف٤-مث١٢] (يُحوَّل عند الإخراج)
book/الجزء-الرابع/الباب-الحادي-عشر/ف04-ب-الدرس-الثاني.md	74	10	رمز المثال	[م٤-ب١١-ف٤-مث١٣]	يُحفظ	معرّفٌ إنتاجيٌّ في المصدر؛ ويُطبع [ب١١-ف٤-مث١٣] (يُحوَّل عند الإخراج)
book/الجزء-الرابع/الباب-الحادي-عشر/ف04-ب-الدرس-الثاني.md	78	10	رمز المثال	[م٤-ب١١-ف٤-مث١٤]	يُحفظ	معرّفٌ إنتاجيٌّ في المصدر؛ ويُطبع [ب١١-ف٤-مث١٤] (يُحوَّل عند الإخراج)
book/الجزء-الرابع/الباب-الحادي-عشر/ف04-ب-الدرس-الثاني.md	82	10	رمز المثال	[م٤-ب١١-ف٤-مث١٥]	يُحفظ	معرّفٌ إنتاجيٌّ في المصدر؛ ويُطبع [ب١١-ف٤-مث١٥] (يُحوَّل عند الإخراج)
book/الجزء-الرابع/الباب-الحادي-عشر/ف04-ب-الدرس-الثاني.md	90	10	رمز المثال	[م٤-ب١١-ف٤-مث١٦]	يُحفظ	معرّفٌ إنتاجيٌّ في المصدر؛ ويُطبع [ب١١-ف٤-مث١٦] (يُحوَّل عند الإخراج)
book/الجزء-الرابع/الباب-الحادي-عشر/ف04-ب-الدرس-الثاني.md	94	10	رمز المثال	[م٤-ب١١-ف٤-مث١٧]	يُحفظ	معرّفٌ إنتاجيٌّ في المصدر؛ ويُطبع [ب١١-ف٤-مث١٧] (يُحوَّل عند الإخراج)
book/الجزء-الرابع/الباب-الحادي-عشر/ف04-ب-الدرس-الثاني.md	98	10	رمز المثال	[م٤-ب١١-ف٤-مث١٨]	يُحفظ	معرّفٌ إنتاجيٌّ في المصدر؛ ويُطبع [ب١١-ف٤-مث١٨] (يُحوَّل عند الإخراج)
book/الجزء-الرابع/الباب-الحادي-عشر/ف04-ب-الدرس-الثاني.md	106	10	رمز المثال	[م٤-ب١١-ف٤-مث١٩]	يُحفظ	معرّفٌ إنتاجيٌّ في المصدر؛ ويُطبع [ب١١-ف٤-مث١٩] (يُحوَّل عند الإخراج)
book/الجزء-الرابع/الباب-الحادي-عشر/ف04-ب-الدرس-الثاني.md	110	10	رمز المثال	[م٤-ب١١-ف٤-مث٢٠]	يُحفظ	معرّفٌ إنتاجيٌّ في المصدر؛ ويُطبع [ب١١-ف٤-مث٢٠] (يُحوَّل عند الإخراج)
book/الجزء-الرابع/الباب-الحادي-عشر/ف04-ب-الدرس-الثاني.md	114	10	رمز المثال	[م٤-ب١١-ف٤-مث٢١]	يُحفظ	معرّفٌ إنتاجيٌّ في المصدر؛ ويُطبع [ب١١-ف٤-مث٢١] (يُحوَّل عند الإخراج)
book/الجزء-الرابع/الباب-الحادي-عشر/ف04-ب-الدرس-الثاني.md	122	10	رمز المثال	[م٤-ب١١-ف٤-مث٢٢]	يُحفظ	معرّفٌ إنتاجيٌّ في المصدر؛ ويُطبع [ب١١-ف٤-مث٢٢] (يُحوَّل عند الإخراج)
book/الجزء-الرابع/الباب-الحادي-عشر/ف04-ب-الدرس-الثاني.md	126	10	رمز المثال	[م٤-ب١١-ف٤-مث٢٣]	يُحفظ	معرّفٌ إنتاجيٌّ في المصدر؛ ويُطبع [ب١١-ف٤-مث٢٣] (يُحوَّل عند الإخراج)
book/الجزء-الرابع/الباب-الثاني-عشر/00-فاتحة-الباب-الثاني-عشر.md	3	10	المستوى ن	المستوى ١١	يُصحّح	المستوى 12
book/الجزء-الرابع/الباب-الثاني-عشر/00-فاتحة-الباب-الثاني-عشر.md	47	10	الجزء ن	الجزء الثاني	مراجعة بشرية	قراءة مقترحة: استعمالٌ لغويٌّ عام، لا بنية الكتاب؛ يُحفظ
book/الجزء-الرابع/الباب-الثاني-عشر/ف01-أ-المدخل-والألقاب.md	5	10	المستوى ن	المستوى ١١	يُصحّح	المستوى 12
book/الجزء-الرابع/الباب-الثاني-عشر/ف01-أ-المدخل-والألقاب.md	184	10	رمز المثال	[م٤-ب١٢-ف١-مث١]	يُحفظ	معرّفٌ إنتاجيٌّ في المصدر؛ ويُطبع [ب١٢-ف١-مث١] (يُحوَّل عند الإخراج)
book/الجزء-الرابع/الباب-الثاني-عشر/ف01-أ-المدخل-والألقاب.md	188	10	رمز المثال	[م٤-ب١٢-ف١-مث٢]	يُحفظ	معرّفٌ إنتاجيٌّ في المصدر؛ ويُطبع [ب١٢-ف١-مث٢] (يُحوَّل عند الإخراج)
book/الجزء-الرابع/الباب-الثاني-عشر/ف01-أ-المدخل-والألقاب.md	192	10	رمز المثال	[م٤-ب١٢-ف١-مث٣]	يُحفظ	معرّفٌ إنتاجيٌّ في المصدر؛ ويُطبع [ب١٢-ف١-مث٣] (يُحوَّل عند الإخراج)
book/الجزء-الرابع/الباب-الثاني-عشر/ف01-أ-المدخل-والألقاب.md	196	10	رمز المثال	[م٤-ب١٢-ف١-مث٤]	يُحفظ	معرّفٌ إنتاجيٌّ في المصدر؛ ويُطبع [ب١٢-ف١-مث٤] (يُحوَّل عند الإخراج)
book/الجزء-الرابع/الباب-الثاني-عشر/ف01-أ-المدخل-والألقاب.md	200	10	رمز المثال	[م٤-ب١٢-ف١-مث٥]	يُحفظ	معرّفٌ إنتاجيٌّ في المصدر؛ ويُطبع [ب١٢-ف١-مث٥] (يُحوَّل عند الإخراج)
book/الجزء-الرابع/الباب-الثاني-عشر/ف01-أ-المدخل-والألقاب.md	204	10	رمز المثال	[م٤-ب١٢-ف١-مث٦]	يُحفظ	معرّفٌ إنتاجيٌّ في المصدر؛ ويُطبع [ب١٢-ف١-مث٦] (يُحوَّل عند الإخراج)
book/الجزء-الرابع/الباب-الثاني-عشر/ف01-أ-المدخل-والألقاب.md	208	10	رمز المثال	[م٤-ب١٢-ف١-مث٧]	يُحفظ	معرّفٌ إنتاجيٌّ في المصدر؛ ويُطبع [ب١٢-ف١-مث٧] (يُحوَّل عند الإخراج)
book/الجزء-الرابع/الباب-الثاني-عشر/ف01-أ-المدخل-والألقاب.md	212	10	رمز المثال	[م٤-ب١٢-ف١-مث٨]	يُحفظ	معرّفٌ إنتاجيٌّ في المصدر؛ ويُطبع [ب١٢-ف١-مث٨] (يُحوَّل عند الإخراج)
book/الجزء-الرابع/الباب-الثاني-عشر/ف01-أ-المدخل-والألقاب.md	257	10	رمز المثال	[م٤-ب١٢-ف١-مث٩]	يُحفظ	معرّفٌ إنتاجيٌّ في المصدر؛ ويُطبع [ب١٢-ف١-مث٩] (يُحوَّل عند الإخراج)
book/الجزء-الرابع/الباب-الثاني-عشر/ف01-أ-المدخل-والألقاب.md	261	10	رمز المثال	[م٤-ب١٢-ف١-مث١٠]	يُحفظ	معرّفٌ إنتاجيٌّ في المصدر؛ ويُطبع [ب١٢-ف١-مث١٠] (يُحوَّل عند الإخراج)
book/الجزء-الرابع/الباب-الثاني-عشر/ف01-أ-المدخل-والألقاب.md	265	10	رمز المثال	[م٤-ب١٢-ف١-مث١١]	يُحفظ	معرّفٌ إنتاجيٌّ في المصدر؛ ويُطبع [ب١٢-ف١-مث١١] (يُحوَّل عند الإخراج)
book/الجزء-الرابع/الباب-الثاني-عشر/ف01-أ-المدخل-والألقاب.md	269	10	رمز المثال	[م٤-ب١٢-ف١-مث١٢]	يُحفظ	معرّفٌ إنتاجيٌّ في المصدر؛ ويُطبع [ب١٢-ف١-مث١٢] (يُحوَّل عند الإخراج)
book/الجزء-الرابع/الباب-الثاني-عشر/ف01-أ-المدخل-والألقاب.md	273	10	رمز المثال	[م٤-ب١٢-ف١-مث١٣]	يُحفظ	معرّفٌ إنتاجيٌّ في المصدر؛ ويُطبع [ب١٢-ف١-مث١٣] (يُحوَّل عند الإخراج)
book/الجزء-الرابع/الباب-الثاني-عشر/ف01-أ-المدخل-والألقاب.md	277	10	رمز المثال	[م٤-ب١٢-ف١-مث١٤]	يُحفظ	معرّفٌ إنتاجيٌّ في المصدر؛ ويُطبع [ب١٢-ف١-مث١٤] (يُحوَّل عند الإخراج)
book/الجزء-الرابع/الباب-الثاني-عشر/ف01-أ-المدخل-والألقاب.md	281	10	رمز المثال	[م٤-ب١٢-ف١-مث١٥]	يُحفظ	معرّفٌ إنتاجيٌّ في المصدر؛ ويُطبع [ب١٢-ف١-مث١٥] (يُحوَّل عند الإخراج)
book/الجزء-الرابع/الباب-الثاني-عشر/ف01-أ-المدخل-والألقاب.md	286	10	رمز المثال	[م٤-ب١٢-ف١-مث١٦]	يُحفظ	معرّفٌ إنتاجيٌّ في المصدر؛ ويُطبع [ب١٢-ف١-مث١٦] (يُحوَّل عند الإخراج)
book/الجزء-الرابع/الباب-الثاني-عشر/ف01-أ-المدخل-والألقاب.md	290	10	رمز المثال	[م٤-ب١٢-ف١-مث١٧]	يُحفظ	معرّفٌ إنتاجيٌّ في المصدر؛ ويُطبع [ب١٢-ف١-مث١٧] (يُحوَّل عند الإخراج)
book/الجزء-الرابع/الباب-الثاني-عشر/ف01-أ-المدخل-والألقاب.md	294	10	رمز المثال	[م٤-ب١٢-ف١-مث١٨]	يُحفظ	معرّفٌ إنتاجيٌّ في المصدر؛ ويُطبع [ب١٢-ف١-مث١٨] (يُحوَّل عند الإخراج)
book/الجزء-الرابع/الباب-الثاني-عشر/ف01-أ-المدخل-والألقاب.md	298	10	رمز المثال	[م٤-ب١٢-ف١-مث١٩]	يُحفظ	معرّفٌ إنتاجيٌّ في المصدر؛ ويُطبع [ب١٢-ف١-مث١٩] (يُحوَّل عند الإخراج)
book/الجزء-الرابع/الباب-الثاني-عشر/ف01-أ-المدخل-والألقاب.md	303	10	رمز المثال	[م٤-ب١٢-ف١-مث٢٠]	يُحفظ	معرّفٌ إنتاجيٌّ في المصدر؛ ويُطبع [ب١٢-ف١-مث٢٠] (يُحوَّل عند الإخراج)
book/الجزء-الرابع/الباب-الثاني-عشر/ف01-أ-المدخل-والألقاب.md	313	10	رمز المثال	[م٤-ب١٢-ف١-مث٢١]	يُحفظ	معرّفٌ إنتاجيٌّ في المصدر؛ ويُطبع [ب١٢-ف١-مث٢١] (يُحوَّل عند الإخراج)
book/الجزء-الرابع/الباب-الثاني-عشر/ف01-أ-المدخل-والألقاب.md	317	10	رمز المثال	[م٤-ب١٢-ف١-مث٢٢]	يُحفظ	معرّفٌ إنتاجيٌّ في المصدر؛ ويُطبع [ب١٢-ف١-مث٢٢] (يُحوَّل عند الإخراج)
book/الجزء-الرابع/الباب-الثاني-عشر/ف01-أ-المدخل-والألقاب.md	321	10	رمز المثال	[م٤-ب١٢-ف١-مث٢٣]	يُحفظ	معرّفٌ إنتاجيٌّ في المصدر؛ ويُطبع [ب١٢-ف١-مث٢٣] (يُحوَّل عند الإخراج)
book/الجزء-الرابع/الباب-الثاني-عشر/ف01-أ-المدخل-والألقاب.md	327	10	رمز المثال	[م٤-ب١٢-ف١-مث٢٤]	يُحفظ	معرّفٌ إنتاجيٌّ في المصدر؛ ويُطبع [ب١٢-ف١-مث٢٤] (يُحوَّل عند الإخراج)
book/الجزء-الرابع/الباب-الثاني-عشر/ف01-ب-الترحيب-والشكر.md	164	10	رمز المثال	[م٤-ب١٢-ف١-مث٢٥]	يُحفظ	معرّفٌ إنتاجيٌّ في المصدر؛ ويُطبع [ب١٢-ف١-مث٢٥] (يُحوَّل عند الإخراج)
book/الجزء-الرابع/الباب-الثاني-عشر/ف01-ب-الترحيب-والشكر.md	168	10	رمز المثال	[م٤-ب١٢-ف١-مث٢٦]	يُحفظ	معرّفٌ إنتاجيٌّ في المصدر؛ ويُطبع [ب١٢-ف١-مث٢٦] (يُحوَّل عند الإخراج)
book/الجزء-الرابع/الباب-الثاني-عشر/ف01-ب-الترحيب-والشكر.md	172	10	رمز المثال	[م٤-ب١٢-ف١-مث٢٧]	يُحفظ	معرّفٌ إنتاجيٌّ في المصدر؛ ويُطبع [ب١٢-ف١-مث٢٧] (يُحوَّل عند الإخراج)
book/الجزء-الرابع/الباب-الثاني-عشر/ف01-ب-الترحيب-والشكر.md	176	10	رمز المثال	[م٤-ب١٢-ف١-مث٢٨]	يُحفظ	معرّفٌ إنتاجيٌّ في المصدر؛ ويُطبع [ب١٢-ف١-مث٢٨] (يُحوَّل عند الإخراج)
book/الجزء-الرابع/الباب-الثاني-عشر/ف01-ب-الترحيب-والشكر.md	180	10	رمز المثال	[م٤-ب١٢-ف١-مث٢٩]	يُحفظ	معرّفٌ إنتاجيٌّ في المصدر؛ ويُطبع [ب١٢-ف١-مث٢٩] (يُحوَّل عند الإخراج)
book/الجزء-الرابع/الباب-الثاني-عشر/ف01-ب-الترحيب-والشكر.md	184	10	رمز المثال	[م٤-ب١٢-ف١-مث٣٠]	يُحفظ	معرّفٌ إنتاجيٌّ في المصدر؛ ويُطبع [ب١٢-ف١-مث٣٠] (يُحوَّل عند الإخراج)
book/الجزء-الرابع/الباب-الثاني-عشر/ف01-ب-الترحيب-والشكر.md	188	10	رمز المثال	[م٤-ب١٢-ف١-مث٣١]	يُحفظ	معرّفٌ إنتاجيٌّ في المصدر؛ ويُطبع [ب١٢-ف١-مث٣١] (يُحوَّل عند الإخراج)
book/الجزء-الرابع/الباب-الثاني-عشر/ف01-ب-الترحيب-والشكر.md	192	10	رمز المثال	[م٤-ب١٢-ف١-مث٣٢]	يُحفظ	معرّفٌ إنتاجيٌّ في المصدر؛ ويُطبع [ب١٢-ف١-مث٣٢] (يُحوَّل عند الإخراج)
book/الجزء-الرابع/الباب-الثاني-عشر/ف01-ب-الترحيب-والشكر.md	196	10	رمز المثال	[م٤-ب١٢-ف١-مث٣٣]	يُحفظ	معرّفٌ إنتاجيٌّ في المصدر؛ ويُطبع [ب١٢-ف١-مث٣٣] (يُحوَّل عند الإخراج)
book/الجزء-الرابع/الباب-الثاني-عشر/ف01-ب-الترحيب-والشكر.md	200	10	رمز المثال	[م٤-ب١٢-ف١-مث٣٤]	يُحفظ	معرّفٌ إنتاجيٌّ في المصدر؛ ويُطبع [ب١٢-ف١-مث٣٤] (يُحوَّل عند الإخراج)
book/الجزء-الرابع/الباب-الثاني-عشر/ف01-ب-الترحيب-والشكر.md	269	10	رمز المثال	[م٤-ب١٢-ف١-مث٣٥]	يُحفظ	معرّفٌ إنتاجيٌّ في المصدر؛ ويُطبع [ب١٢-ف١-مث٣٥] (يُحوَّل عند الإخراج)
book/الجزء-الرابع/الباب-الثاني-عشر/ف01-ج-الزيارة-الرسمية-والتقويم.md	352	10	الجزء ن	الجزء الأول	مراجعة بشرية	قراءة مقترحة: استعمالٌ لغويٌّ عام، لا بنية الكتاب؛ يُحفظ
book/الجزء-الرابع/الباب-الثاني-عشر/ف02-أ-المدخل-والمجاملة.md	5	10	المستوى ن	المستوى ١١	يُصحّح	المستوى 12
book/الجزء-الرابع/الباب-الثاني-عشر/ف02-أ-المدخل-والمجاملة.md	192	10	رمز المثال	[م٤-ب١٢-ف٢-مث١]	يُحفظ	معرّفٌ إنتاجيٌّ في المصدر؛ ويُطبع [ب١٢-ف٢-مث١] (يُحوَّل عند الإخراج)
book/الجزء-الرابع/الباب-الثاني-عشر/ف02-أ-المدخل-والمجاملة.md	196	10	رمز المثال	[م٤-ب١٢-ف٢-مث٢]	يُحفظ	معرّفٌ إنتاجيٌّ في المصدر؛ ويُطبع [ب١٢-ف٢-مث٢] (يُحوَّل عند الإخراج)
book/الجزء-الرابع/الباب-الثاني-عشر/ف02-أ-المدخل-والمجاملة.md	200	10	رمز المثال	[م٤-ب١٢-ف٢-مث٣]	يُحفظ	معرّفٌ إنتاجيٌّ في المصدر؛ ويُطبع [ب١٢-ف٢-مث٣] (يُحوَّل عند الإخراج)
book/الجزء-الرابع/الباب-الثاني-عشر/ف02-أ-المدخل-والمجاملة.md	204	10	رمز المثال	[م٤-ب١٢-ف٢-مث٤]	يُحفظ	معرّفٌ إنتاجيٌّ في المصدر؛ ويُطبع [ب١٢-ف٢-مث٤] (يُحوَّل عند الإخراج)
book/الجزء-الرابع/الباب-الثاني-عشر/ف02-أ-المدخل-والمجاملة.md	208	10	رمز المثال	[م٤-ب١٢-ف٢-مث٥]	يُحفظ	معرّفٌ إنتاجيٌّ في المصدر؛ ويُطبع [ب١٢-ف٢-مث٥] (يُحوَّل عند الإخراج)
book/الجزء-الرابع/الباب-الثاني-عشر/ف02-أ-المدخل-والمجاملة.md	212	10	رمز المثال	[م٤-ب١٢-ف٢-مث٦]	يُحفظ	معرّفٌ إنتاجيٌّ في المصدر؛ ويُطبع [ب١٢-ف٢-مث٦] (يُحوَّل عند الإخراج)
book/الجزء-الرابع/الباب-الثاني-عشر/ف02-أ-المدخل-والمجاملة.md	216	10	رمز المثال	[م٤-ب١٢-ف٢-مث٧]	يُحفظ	معرّفٌ إنتاجيٌّ في المصدر؛ ويُطبع [ب١٢-ف٢-مث٧] (يُحوَّل عند الإخراج)
book/الجزء-الرابع/الباب-الثاني-عشر/ف02-أ-المدخل-والمجاملة.md	220	10	رمز المثال	[م٤-ب١٢-ف٢-مث٨]	يُحفظ	معرّفٌ إنتاجيٌّ في المصدر؛ ويُطبع [ب١٢-ف٢-مث٨] (يُحوَّل عند الإخراج)
book/الجزء-الرابع/الباب-الثاني-عشر/ف02-أ-المدخل-والمجاملة.md	224	10	رمز المثال	[م٤-ب١٢-ف٢-مث٩]	يُحفظ	معرّفٌ إنتاجيٌّ في المصدر؛ ويُطبع [ب١٢-ف٢-مث٩] (يُحوَّل عند الإخراج)
book/الجزء-الرابع/الباب-الثاني-عشر/ف02-أ-المدخل-والمجاملة.md	228	10	رمز المثال	[م٤-ب١٢-ف٢-مث١٠]	يُحفظ	معرّفٌ إنتاجيٌّ في المصدر؛ ويُطبع [ب١٢-ف٢-مث١٠] (يُحوَّل عند الإخراج)
book/الجزء-الرابع/الباب-الثاني-عشر/ف02-أ-المدخل-والمجاملة.md	233	10	رمز المثال	[م٤-ب١٢-ف٢-مث١١]	يُحفظ	معرّفٌ إنتاجيٌّ في المصدر؛ ويُطبع [ب١٢-ف٢-مث١١] (يُحوَّل عند الإخراج)
book/الجزء-الرابع/الباب-الثاني-عشر/ف02-أ-المدخل-والمجاملة.md	237	10	رمز المثال	[م٤-ب١٢-ف٢-مث١٢]	يُحفظ	معرّفٌ إنتاجيٌّ في المصدر؛ ويُطبع [ب١٢-ف٢-مث١٢] (يُحوَّل عند الإخراج)
book/الجزء-الرابع/الباب-الثاني-عشر/ف02-أ-المدخل-والمجاملة.md	241	10	رمز المثال	[م٤-ب١٢-ف٢-مث١٣]	يُحفظ	معرّفٌ إنتاجيٌّ في المصدر؛ ويُطبع [ب١٢-ف٢-مث١٣] (يُحوَّل عند الإخراج)
book/الجزء-الرابع/الباب-الثاني-عشر/ف02-أ-المدخل-والمجاملة.md	245	10	رمز المثال	[م٤-ب١٢-ف٢-مث١٤]	يُحفظ	معرّفٌ إنتاجيٌّ في المصدر؛ ويُطبع [ب١٢-ف٢-مث١٤] (يُحوَّل عند الإخراج)
book/الجزء-الرابع/الباب-الثاني-عشر/ف02-أ-المدخل-والمجاملة.md	249	10	رمز المثال	[م٤-ب١٢-ف٢-مث١٥]	يُحفظ	معرّفٌ إنتاجيٌّ في المصدر؛ ويُطبع [ب١٢-ف٢-مث١٥] (يُحوَّل عند الإخراج)
book/الجزء-الرابع/الباب-الثاني-عشر/ف02-أ-المدخل-والمجاملة.md	253	10	رمز المثال	[م٤-ب١٢-ف٢-مث١٦]	يُحفظ	معرّفٌ إنتاجيٌّ في المصدر؛ ويُطبع [ب١٢-ف٢-مث١٦] (يُحوَّل عند الإخراج)
book/الجزء-الرابع/الباب-الثاني-عشر/ف02-ب-التحفظ-والسؤال-الحساس.md	176	10	رمز المثال	[م٤-ب١٢-ف٢-مث١٧]	يُحفظ	معرّفٌ إنتاجيٌّ في المصدر؛ ويُطبع [ب١٢-ف٢-مث١٧] (يُحوَّل عند الإخراج)
book/الجزء-الرابع/الباب-الثاني-عشر/ف02-ب-التحفظ-والسؤال-الحساس.md	180	10	رمز المثال	[م٤-ب١٢-ف٢-مث١٨]	يُحفظ	معرّفٌ إنتاجيٌّ في المصدر؛ ويُطبع [ب١٢-ف٢-مث١٨] (يُحوَّل عند الإخراج)
book/الجزء-الرابع/الباب-الثاني-عشر/ف02-ب-التحفظ-والسؤال-الحساس.md	184	10	رمز المثال	[م٤-ب١٢-ف٢-مث١٩]	يُحفظ	معرّفٌ إنتاجيٌّ في المصدر؛ ويُطبع [ب١٢-ف٢-مث١٩] (يُحوَّل عند الإخراج)
book/الجزء-الرابع/الباب-الثاني-عشر/ف02-ب-التحفظ-والسؤال-الحساس.md	188	10	رمز المثال	[م٤-ب١٢-ف٢-مث٢٠]	يُحفظ	معرّفٌ إنتاجيٌّ في المصدر؛ ويُطبع [ب١٢-ف٢-مث٢٠] (يُحوَّل عند الإخراج)
book/الجزء-الرابع/الباب-الثاني-عشر/ف02-ب-التحفظ-والسؤال-الحساس.md	192	10	رمز المثال	[م٤-ب١٢-ف٢-مث٢١]	يُحفظ	معرّفٌ إنتاجيٌّ في المصدر؛ ويُطبع [ب١٢-ف٢-مث٢١] (يُحوَّل عند الإخراج)
book/الجزء-الرابع/الباب-الثاني-عشر/ف02-ب-التحفظ-والسؤال-الحساس.md	196	10	رمز المثال	[م٤-ب١٢-ف٢-مث٢٢]	يُحفظ	معرّفٌ إنتاجيٌّ في المصدر؛ ويُطبع [ب١٢-ف٢-مث٢٢] (يُحوَّل عند الإخراج)
book/الجزء-الرابع/الباب-الثاني-عشر/ف02-ب-التحفظ-والسؤال-الحساس.md	200	10	رمز المثال	[م٤-ب١٢-ف٢-مث٢٣]	يُحفظ	معرّفٌ إنتاجيٌّ في المصدر؛ ويُطبع [ب١٢-ف٢-مث٢٣] (يُحوَّل عند الإخراج)
book/الجزء-الرابع/الباب-الثاني-عشر/ف02-ب-التحفظ-والسؤال-الحساس.md	204	10	رمز المثال	[م٤-ب١٢-ف٢-مث٢٤]	يُحفظ	معرّفٌ إنتاجيٌّ في المصدر؛ ويُطبع [ب١٢-ف٢-مث٢٤] (يُحوَّل عند الإخراج)
book/الجزء-الرابع/الباب-الثاني-عشر/ف02-ب-التحفظ-والسؤال-الحساس.md	208	10	رمز المثال	[م٤-ب١٢-ف٢-مث٢٥]	يُحفظ	معرّفٌ إنتاجيٌّ في المصدر؛ ويُطبع [ب١٢-ف٢-مث٢٥] (يُحوَّل عند الإخراج)
book/الجزء-الرابع/الباب-الثاني-عشر/ف02-ب-التحفظ-والسؤال-الحساس.md	212	10	رمز المثال	[م٤-ب١٢-ف٢-مث٢٦]	يُحفظ	معرّفٌ إنتاجيٌّ في المصدر؛ ويُطبع [ب١٢-ف٢-مث٢٦] (يُحوَّل عند الإخراج)
book/الجزء-الرابع/الباب-الثاني-عشر/ف02-ب-التحفظ-والسؤال-الحساس.md	216	10	رمز المثال	[م٤-ب١٢-ف٢-مث٢٧]	يُحفظ	معرّفٌ إنتاجيٌّ في المصدر؛ ويُطبع [ب١٢-ف٢-مث٢٧] (يُحوَّل عند الإخراج)
book/الجزء-الرابع/الباب-الثاني-عشر/ف02-ب-التحفظ-والسؤال-الحساس.md	220	10	رمز المثال	[م٤-ب١٢-ف٢-مث٢٨]	يُحفظ	معرّفٌ إنتاجيٌّ في المصدر؛ ويُطبع [ب١٢-ف٢-مث٢٨] (يُحوَّل عند الإخراج)
book/الجزء-الرابع/الباب-الثاني-عشر/ف02-ب-التحفظ-والسؤال-الحساس.md	274	10	رمز المثال	[م٤-ب١٢-ف٢-مث٢٩]	يُحفظ	معرّفٌ إنتاجيٌّ في المصدر؛ ويُطبع [ب١٢-ف٢-مث٢٩] (يُحوَّل عند الإخراج)
book/الجزء-الرابع/الباب-الثاني-عشر/ف02-ب-التحفظ-والسؤال-الحساس.md	278	10	رمز المثال	[م٤-ب١٢-ف٢-مث٣٠]	يُحفظ	معرّفٌ إنتاجيٌّ في المصدر؛ ويُطبع [ب١٢-ف٢-مث٣٠] (يُحوَّل عند الإخراج)
book/الجزء-الرابع/الباب-الثاني-عشر/ف02-ب-التحفظ-والسؤال-الحساس.md	282	10	رمز المثال	[م٤-ب١٢-ف٢-مث٣١]	يُحفظ	معرّفٌ إنتاجيٌّ في المصدر؛ ويُطبع [ب١٢-ف٢-مث٣١] (يُحوَّل عند الإخراج)
book/الجزء-الرابع/الباب-الثاني-عشر/ف02-ب-التحفظ-والسؤال-الحساس.md	286	10	رمز المثال	[م٤-ب١٢-ف٢-مث٣٢]	يُحفظ	معرّفٌ إنتاجيٌّ في المصدر؛ ويُطبع [ب١٢-ف٢-مث٣٢] (يُحوَّل عند الإخراج)
book/الجزء-الرابع/الباب-الثاني-عشر/ف02-ب-التحفظ-والسؤال-الحساس.md	291	10	رمز المثال	[م٤-ب١٢-ف٢-مث٣٣]	يُحفظ	معرّفٌ إنتاجيٌّ في المصدر؛ ويُطبع [ب١٢-ف٢-مث٣٣] (يُحوَّل عند الإخراج)
book/الجزء-الرابع/الباب-الثاني-عشر/ف02-ب-التحفظ-والسؤال-الحساس.md	295	10	رمز المثال	[م٤-ب١٢-ف٢-مث٣٤]	يُحفظ	معرّفٌ إنتاجيٌّ في المصدر؛ ويُطبع [ب١٢-ف٢-مث٣٤] (يُحوَّل عند الإخراج)
book/الجزء-الرابع/الباب-الثاني-عشر/ف02-ب-التحفظ-والسؤال-الحساس.md	373	10	رمز المثال	[م٤-ب١٢-ف٢-مث٣٥]	يُحفظ	معرّفٌ إنتاجيٌّ في المصدر؛ ويُطبع [ب١٢-ف٢-مث٣٥] (يُحوَّل عند الإخراج)
book/الجزء-الرابع/الباب-الثاني-عشر/ف02-ب-التحفظ-والسؤال-الحساس.md	377	10	رمز المثال	[م٤-ب١٢-ف٢-مث٣٦]	يُحفظ	معرّفٌ إنتاجيٌّ في المصدر؛ ويُطبع [ب١٢-ف٢-مث٣٦] (يُحوَّل عند الإخراج)
book/الجزء-الرابع/الباب-الثاني-عشر/ف02-ب-التحفظ-والسؤال-الحساس.md	381	10	رمز المثال	[م٤-ب١٢-ف٢-مث٣٧]	يُحفظ	معرّفٌ إنتاجيٌّ في المصدر؛ ويُطبع [ب١٢-ف٢-مث٣٧] (يُحوَّل عند الإخراج)
book/الجزء-الرابع/الباب-الثاني-عشر/ف02-ب-التحفظ-والسؤال-الحساس.md	385	10	رمز المثال	[م٤-ب١٢-ف٢-مث٣٨]	يُحفظ	معرّفٌ إنتاجيٌّ في المصدر؛ ويُطبع [ب١٢-ف٢-مث٣٨] (يُحوَّل عند الإخراج)
book/الجزء-الرابع/الباب-الثاني-عشر/ف02-ب-التحفظ-والسؤال-الحساس.md	390	10	رمز المثال	[م٤-ب١٢-ف٢-مث٣٩]	يُحفظ	معرّفٌ إنتاجيٌّ في المصدر؛ ويُطبع [ب١٢-ف٢-مث٣٩] (يُحوَّل عند الإخراج)
book/الجزء-الرابع/الباب-الثاني-عشر/ف02-ب-التحفظ-والسؤال-الحساس.md	394	10	رمز المثال	[م٤-ب١٢-ف٢-مث٤٠]	يُحفظ	معرّفٌ إنتاجيٌّ في المصدر؛ ويُطبع [ب١٢-ف٢-مث٤٠] (يُحوَّل عند الإخراج)
book/الجزء-الرابع/الباب-الثاني-عشر/ف03-أ-المدخل-وعرض-الموقف.md	5	10	المستوى ن	المستوى ١١	يُصحّح	المستوى 12
book/الجزء-الرابع/الباب-الثاني-عشر/ف03-أ-المدخل-وعرض-الموقف.md	154	10	رمز المثال	[م٤-ب١٢-ف٣-مث١]	يُحفظ	معرّفٌ إنتاجيٌّ في المصدر؛ ويُطبع [ب١٢-ف٣-مث١] (يُحوَّل عند الإخراج)
book/الجزء-الرابع/الباب-الثاني-عشر/ف03-أ-المدخل-وعرض-الموقف.md	158	10	رمز المثال	[م٤-ب١٢-ف٣-مث٢]	يُحفظ	معرّفٌ إنتاجيٌّ في المصدر؛ ويُطبع [ب١٢-ف٣-مث٢] (يُحوَّل عند الإخراج)
book/الجزء-الرابع/الباب-الثاني-عشر/ف03-أ-المدخل-وعرض-الموقف.md	162	10	رمز المثال	[م٤-ب١٢-ف٣-مث٣]	يُحفظ	معرّفٌ إنتاجيٌّ في المصدر؛ ويُطبع [ب١٢-ف٣-مث٣] (يُحوَّل عند الإخراج)
book/الجزء-الرابع/الباب-الثاني-عشر/ف03-أ-المدخل-وعرض-الموقف.md	166	10	رمز المثال	[م٤-ب١٢-ف٣-مث٤]	يُحفظ	معرّفٌ إنتاجيٌّ في المصدر؛ ويُطبع [ب١٢-ف٣-مث٤] (يُحوَّل عند الإخراج)
book/الجزء-الرابع/الباب-الثاني-عشر/ف03-أ-المدخل-وعرض-الموقف.md	170	10	رمز المثال	[م٤-ب١٢-ف٣-مث٥]	يُحفظ	معرّفٌ إنتاجيٌّ في المصدر؛ ويُطبع [ب١٢-ف٣-مث٥] (يُحوَّل عند الإخراج)
book/الجزء-الرابع/الباب-الثاني-عشر/ف03-أ-المدخل-وعرض-الموقف.md	174	10	رمز المثال	[م٤-ب١٢-ف٣-مث٦]	يُحفظ	معرّفٌ إنتاجيٌّ في المصدر؛ ويُطبع [ب١٢-ف٣-مث٦] (يُحوَّل عند الإخراج)
book/الجزء-الرابع/الباب-الثاني-عشر/ف03-أ-المدخل-وعرض-الموقف.md	178	10	رمز المثال	[م٤-ب١٢-ف٣-مث٧]	يُحفظ	معرّفٌ إنتاجيٌّ في المصدر؛ ويُطبع [ب١٢-ف٣-مث٧] (يُحوَّل عند الإخراج)
book/الجزء-الرابع/الباب-الثاني-عشر/ف03-أ-المدخل-وعرض-الموقف.md	182	10	رمز المثال	[م٤-ب١٢-ف٣-مث٨]	يُحفظ	معرّفٌ إنتاجيٌّ في المصدر؛ ويُطبع [ب١٢-ف٣-مث٨] (يُحوَّل عند الإخراج)
book/الجزء-الرابع/الباب-الثاني-عشر/ف03-ب-التنازل-والعرض-المقابل.md	106	10	رمز المثال	[م٤-ب١٢-ف٣-مث٩]	يُحفظ	معرّفٌ إنتاجيٌّ في المصدر؛ ويُطبع [ب١٢-ف٣-مث٩] (يُحوَّل عند الإخراج)
book/الجزء-الرابع/الباب-الثاني-عشر/ف03-ب-التنازل-والعرض-المقابل.md	110	10	رمز المثال	[م٤-ب١٢-ف٣-مث١٠]	يُحفظ	معرّفٌ إنتاجيٌّ في المصدر؛ ويُطبع [ب١٢-ف٣-مث١٠] (يُحوَّل عند الإخراج)
book/الجزء-الرابع/الباب-الثاني-عشر/ف03-ب-التنازل-والعرض-المقابل.md	114	10	رمز المثال	[م٤-ب١٢-ف٣-مث١١]	يُحفظ	معرّفٌ إنتاجيٌّ في المصدر؛ ويُطبع [ب١٢-ف٣-مث١١] (يُحوَّل عند الإخراج)
book/الجزء-الرابع/الباب-الثاني-عشر/ف03-ب-التنازل-والعرض-المقابل.md	118	10	رمز المثال	[م٤-ب١٢-ف٣-مث١٢]	يُحفظ	معرّفٌ إنتاجيٌّ في المصدر؛ ويُطبع [ب١٢-ف٣-مث١٢] (يُحوَّل عند الإخراج)
book/الجزء-الرابع/الباب-الثاني-عشر/ف03-ب-التنازل-والعرض-المقابل.md	122	10	رمز المثال	[م٤-ب١٢-ف٣-مث١٣]	يُحفظ	معرّفٌ إنتاجيٌّ في المصدر؛ ويُطبع [ب١٢-ف٣-مث١٣] (يُحوَّل عند الإخراج)
book/الجزء-الرابع/الباب-الثاني-عشر/ف03-ب-التنازل-والعرض-المقابل.md	175	10	رمز المثال	[م٤-ب١٢-ف٣-مث١٤]	يُحفظ	معرّفٌ إنتاجيٌّ في المصدر؛ ويُطبع [ب١٢-ف٣-مث١٤] (يُحوَّل عند الإخراج)
book/الجزء-الرابع/الباب-الثاني-عشر/ف03-ب-التنازل-والعرض-المقابل.md	179	10	رمز المثال	[م٤-ب١٢-ف٣-مث١٥]	يُحفظ	معرّفٌ إنتاجيٌّ في المصدر؛ ويُطبع [ب١٢-ف٣-مث١٥] (يُحوَّل عند الإخراج)
book/الجزء-الرابع/الباب-الثاني-عشر/ف03-ب-التنازل-والعرض-المقابل.md	183	10	رمز المثال	[م٤-ب١٢-ف٣-مث١٦]	يُحفظ	معرّفٌ إنتاجيٌّ في المصدر؛ ويُطبع [ب١٢-ف٣-مث١٦] (يُحوَّل عند الإخراج)
book/الجزء-الرابع/الباب-الرابع-عشر/00-فاتحة-الباب-الرابع-عشر.md	1	10	الباب ١٤	الباب الرابع عشر	يُصحّح	الباب الثالث عشر
book/الجزء-الرابع/الباب-الرابع-عشر/00-فاتحة-الباب-الرابع-عشر.md	3	10	المستوى ن	المستوى ١٢	يُصحّح	المستوى 13
book/الجزء-الرابع/الباب-الرابع-عشر/00-فاتحة-الباب-الرابع-عشر.md	9	10	إحالة	من الباب الثاني	يُصحّح	يُزاد المجلد: «في المجلد 2، …»
book/الجزء-الرابع/الباب-الرابع-عشر/00-فاتحة-الباب-الرابع-عشر.md	9	10	إحالة	من الباب الثالث	يُصحّح	يُزاد المجلد: «في المجلد 3، …»
book/الجزء-الرابع/الباب-الرابع-عشر/00-فاتحة-الباب-الرابع-عشر.md	9	10	إحالة	من الباب الرابع	يُصحّح	يُزاد المجلد: «في المجلد 4، …»
book/الجزء-الرابع/الباب-الرابع-عشر/00-فاتحة-الباب-الرابع-عشر.md	9	10	إحالة	من الباب الخامس	يُصحّح	يُزاد المجلد: «في المجلد 5، …»
book/الجزء-الرابع/الباب-الرابع-عشر/00-فاتحة-الباب-الرابع-عشر.md	9	10	إحالة	من الباب السادس	يُصحّح	يُزاد المجلد: «في المجلد 6، …»
book/الجزء-الرابع/الباب-الرابع-عشر/00-فاتحة-الباب-الرابع-عشر.md	9	10	إحالة	من الباب السابع	يُصحّح	يُزاد المجلد: «في المجلد 7، …»
book/الجزء-الرابع/الباب-الرابع-عشر/00-فاتحة-الباب-الرابع-عشر.md	38	10	الجزء ن	الجزء الأول	مراجعة بشرية	قراءة مقترحة: استعمالٌ لغويٌّ عام، لا بنية الكتاب؛ يُحفظ
book/الجزء-الرابع/الباب-الرابع-عشر/00-فاتحة-الباب-الرابع-عشر.md	42	10	هذا الجزء	هذا الجزء	مراجعة بشرية	قراءة مقترحة: استعمالٌ لغويٌّ عام، لا بنية الكتاب؛ يُحفظ
book/الجزء-الرابع/الباب-الرابع-عشر/ف01-أ-المدخل-وسلم-الارتجال.md	5	10	الباب ١٤	الباب الرابع عشر	يُصحّح	الباب الثالث عشر
book/الجزء-الرابع/الباب-الرابع-عشر/ف01-أ-المدخل-وسلم-الارتجال.md	5	10	المستوى ن	المستوى ١٢	يُصحّح	المستوى 13
book/الجزء-الرابع/الباب-الرابع-عشر/ف01-أ-المدخل-وسلم-الارتجال.md	72	10	رمز المثال	[م٤-ب١٤-ف١-مث١]	يُحفظ	معرّفٌ إنتاجيٌّ في المصدر؛ ويُطبع [ب١٣-ف١-مث١] (يُحوَّل عند الإخراج)
book/الجزء-الرابع/الباب-الرابع-عشر/ف01-أ-المدخل-وسلم-الارتجال.md	76	10	رمز المثال	[م٤-ب١٤-ف١-مث٢]	يُحفظ	معرّفٌ إنتاجيٌّ في المصدر؛ ويُطبع [ب١٣-ف١-مث٢] (يُحوَّل عند الإخراج)
book/الجزء-الرابع/الباب-الرابع-عشر/ف01-أ-المدخل-وسلم-الارتجال.md	80	10	رمز المثال	[م٤-ب١٤-ف١-مث٣]	يُحفظ	معرّفٌ إنتاجيٌّ في المصدر؛ ويُطبع [ب١٣-ف١-مث٣] (يُحوَّل عند الإخراج)
book/الجزء-الرابع/الباب-الرابع-عشر/ف01-أ-المدخل-وسلم-الارتجال.md	84	10	رمز المثال	[م٤-ب١٤-ف١-مث٤]	يُحفظ	معرّفٌ إنتاجيٌّ في المصدر؛ ويُطبع [ب١٣-ف١-مث٤] (يُحوَّل عند الإخراج)
book/الجزء-الرابع/الباب-الرابع-عشر/ف01-أ-المدخل-وسلم-الارتجال.md	88	10	رمز المثال	[م٤-ب١٤-ف١-مث٥]	يُحفظ	معرّفٌ إنتاجيٌّ في المصدر؛ ويُطبع [ب١٣-ف١-مث٥] (يُحوَّل عند الإخراج)
book/الجزء-الرابع/الباب-الرابع-عشر/ف01-أ-المدخل-وسلم-الارتجال.md	92	10	رمز المثال	[م٤-ب١٤-ف١-مث٦]	يُحفظ	معرّفٌ إنتاجيٌّ في المصدر؛ ويُطبع [ب١٣-ف١-مث٦] (يُحوَّل عند الإخراج)
book/الجزء-الرابع/الباب-الرابع-عشر/ف01-ب-سلم-الارتجال-والحوار-الممتد.md	5	10	الباب ١٤	الباب الرابع عشر	يُصحّح	الباب الثالث عشر
book/الجزء-الرابع/الباب-الرابع-عشر/ف01-ب-سلم-الارتجال-والحوار-الممتد.md	13	10	رمز المثال	[م٤-ب١٤-ف١-مث٧]	يُحفظ	معرّفٌ إنتاجيٌّ في المصدر؛ ويُطبع [ب١٣-ف١-مث٧] (يُحوَّل عند الإخراج)
book/الجزء-الرابع/الباب-الرابع-عشر/ف01-ب-سلم-الارتجال-والحوار-الممتد.md	17	10	رمز المثال	[م٤-ب١٤-ف١-مث٨]	يُحفظ	معرّفٌ إنتاجيٌّ في المصدر؛ ويُطبع [ب١٣-ف١-مث٨] (يُحوَّل عند الإخراج)
book/الجزء-الرابع/الباب-الرابع-عشر/ف01-ب-سلم-الارتجال-والحوار-الممتد.md	21	10	رمز المثال	[م٤-ب١٤-ف١-مث٩]	يُحفظ	معرّفٌ إنتاجيٌّ في المصدر؛ ويُطبع [ب١٣-ف١-مث٩] (يُحوَّل عند الإخراج)
book/الجزء-الرابع/الباب-الرابع-عشر/ف01-ب-سلم-الارتجال-والحوار-الممتد.md	29	10	إحالة	انظر الباب الأول، الفصل الأول	يُصحّح	يُزاد المجلد: «في المجلد 1، …»
book/الجزء-الرابع/الباب-الرابع-عشر/ف01-ب-سلم-الارتجال-والحوار-الممتد.md	31	10	رمز المثال	[م٤-ب١٤-ف١-مث١٠]	يُحفظ	معرّفٌ إنتاجيٌّ في المصدر؛ ويُطبع [ب١٣-ف١-مث١٠] (يُحوَّل عند الإخراج)
book/الجزء-الرابع/الباب-الرابع-عشر/ف01-ب-سلم-الارتجال-والحوار-الممتد.md	35	10	رمز المثال	[م٤-ب١٤-ف١-مث١١]	يُحفظ	معرّفٌ إنتاجيٌّ في المصدر؛ ويُطبع [ب١٣-ف١-مث١١] (يُحوَّل عند الإخراج)
book/الجزء-الرابع/الباب-الرابع-عشر/ف01-ب-سلم-الارتجال-والحوار-الممتد.md	39	10	رمز المثال	[م٤-ب١٤-ف١-مث١٢]	يُحفظ	معرّفٌ إنتاجيٌّ في المصدر؛ ويُطبع [ب١٣-ف١-مث١٢] (يُحوَّل عند الإخراج)
book/الجزء-الرابع/الباب-الرابع-عشر/ف01-ب-سلم-الارتجال-والحوار-الممتد.md	43	10	رمز المثال	[م٤-ب١٤-ف١-مث١٣]	يُحفظ	معرّفٌ إنتاجيٌّ في المصدر؛ ويُطبع [ب١٣-ف١-مث١٣] (يُحوَّل عند الإخراج)
book/الجزء-الرابع/الباب-الرابع-عشر/ف01-ب-سلم-الارتجال-والحوار-الممتد.md	47	10	رمز المثال	[م٤-ب١٤-ف١-مث١٤]	يُحفظ	معرّفٌ إنتاجيٌّ في المصدر؛ ويُطبع [ب١٣-ف١-مث١٤] (يُحوَّل عند الإخراج)
book/الجزء-الرابع/الباب-الرابع-عشر/ف01-ب-سلم-الارتجال-والحوار-الممتد.md	51	10	رمز المثال	[م٤-ب١٤-ف١-مث١٥]	يُحفظ	معرّفٌ إنتاجيٌّ في المصدر؛ ويُطبع [ب١٣-ف١-مث١٥] (يُحوَّل عند الإخراج)
book/الجزء-الرابع/الباب-الرابع-عشر/ف01-ج-التطبيق-والتقويم.md	5	10	الباب ١٤	الباب الرابع عشر	يُصحّح	الباب الثالث عشر
book/الجزء-الرابع/الباب-الرابع-عشر/ف02-أ-المدخل-والمحاكاة-الأولى.md	5	10	الباب ١٤	الباب الرابع عشر	يُصحّح	الباب الثالث عشر
book/الجزء-الرابع/الباب-الرابع-عشر/ف02-أ-المدخل-والمحاكاة-الأولى.md	5	10	المستوى ن	المستوى ١٢	يُصحّح	المستوى 13
book/الجزء-الرابع/الباب-الرابع-عشر/ف02-أ-المدخل-والمحاكاة-الأولى.md	25	10	إحالة	في الباب العاشر	يُصحّح	يُزاد المجلد: «في المجلد 9، …»
book/الجزء-الرابع/الباب-الرابع-عشر/ف02-أ-المدخل-والمحاكاة-الأولى.md	25	10	إحالة	في الباب السابع	يُصحّح	يُزاد المجلد: «في المجلد 7، …»
book/الجزء-الرابع/الباب-الرابع-عشر/ف02-أ-المدخل-والمحاكاة-الأولى.md	25	10	إحالة	في الباب التاسع	يُصحّح	يُزاد المجلد: «في المجلد 8، …»
book/الجزء-الرابع/الباب-الرابع-عشر/ف02-أ-المدخل-والمحاكاة-الأولى.md	25	10	إحالة	في الباب العاشر	يُصحّح	يُزاد المجلد: «في المجلد 9، …»
book/الجزء-الرابع/الباب-الرابع-عشر/ف02-أ-المدخل-والمحاكاة-الأولى.md	25	10	إحالة	في الباب الثامن	يُصحّح	يُزاد المجلد: «في المجلد 8، …»
book/الجزء-الرابع/الباب-الرابع-عشر/ف02-ب-المحاكاة-الثانية.md	5	10	الباب ١٤	الباب الرابع عشر	يُصحّح	الباب الثالث عشر
book/الجزء-الرابع/الباب-الرابع-عشر/ف02-ب-المحاكاة-الثانية.md	44	10	إحالة	في الباب السابع	يُصحّح	يُزاد المجلد: «في المجلد 7، …»
book/الجزء-الرابع/الباب-الرابع-عشر/ف02-ب-المحاكاة-الثانية.md	44	10	إحالة	انظر الباب السابع، الفصل السادس	يُصحّح	يُزاد المجلد: «في المجلد 7، …»
book/الجزء-الرابع/الباب-الرابع-عشر/ف02-ب-المحاكاة-الثانية.md	69	10	هذا الجزء	هذا الجزء	مراجعة بشرية	قراءة مقترحة: استعمالٌ لغويٌّ عام، لا بنية الكتاب؛ يُحفظ
book/الجزء-الرابع/الباب-الرابع-عشر/ف02-ب-المحاكاة-الثانية.md	75	10	إحالة	انظر الباب السابع	يُصحّح	يُزاد المجلد: «في المجلد 7، …»
book/الجزء-الرابع/الباب-الرابع-عشر/ف02-ج-المفاجآت-والتطبيق-والتقويم.md	5	10	الباب ١٤	الباب الرابع عشر	يُصحّح	الباب الثالث عشر
book/الجزء-الرابع/الباب-الرابع-عشر/ف02-ج-المفاجآت-والتطبيق-والتقويم.md	42	10	رمز المثال	[م٤-ب١٤-ف٢-مث١]	يُحفظ	معرّفٌ إنتاجيٌّ في المصدر؛ ويُطبع [ب١٣-ف٢-مث١] (يُحوَّل عند الإخراج)
book/الجزء-الرابع/الباب-الرابع-عشر/ف02-ج-المفاجآت-والتطبيق-والتقويم.md	46	10	رمز المثال	[م٤-ب١٤-ف٢-مث٢]	يُحفظ	معرّفٌ إنتاجيٌّ في المصدر؛ ويُطبع [ب١٣-ف٢-مث٢] (يُحوَّل عند الإخراج)
book/الجزء-الرابع/الباب-الرابع-عشر/ف02-ج-المفاجآت-والتطبيق-والتقويم.md	50	10	رمز المثال	[م٤-ب١٤-ف٢-مث٣]	يُحفظ	معرّفٌ إنتاجيٌّ في المصدر؛ ويُطبع [ب١٣-ف٢-مث٣] (يُحوَّل عند الإخراج)
book/الجزء-الرابع/الباب-الرابع-عشر/ف02-ج-المفاجآت-والتطبيق-والتقويم.md	54	10	رمز المثال	[م٤-ب١٤-ف٢-مث٤]	يُحفظ	معرّفٌ إنتاجيٌّ في المصدر؛ ويُطبع [ب١٣-ف٢-مث٤] (يُحوَّل عند الإخراج)
book/الجزء-الرابع/الباب-الرابع-عشر/ف02-ج-المفاجآت-والتطبيق-والتقويم.md	58	10	رمز المثال	[م٤-ب١٤-ف٢-مث٥]	يُحفظ	معرّفٌ إنتاجيٌّ في المصدر؛ ويُطبع [ب١٣-ف٢-مث٥] (يُحوَّل عند الإخراج)
book/الجزء-الرابع/الباب-الرابع-عشر/ف02-ج-المفاجآت-والتطبيق-والتقويم.md	62	10	رمز المثال	[م٤-ب١٤-ف٢-مث٦]	يُحفظ	معرّفٌ إنتاجيٌّ في المصدر؛ ويُطبع [ب١٣-ف٢-مث٦] (يُحوَّل عند الإخراج)
book/الجزء-الرابع/الباب-الرابع-عشر/ف02-ج-المفاجآت-والتطبيق-والتقويم.md	66	10	رمز المثال	[م٤-ب١٤-ف٢-مث٧]	يُحفظ	معرّفٌ إنتاجيٌّ في المصدر؛ ويُطبع [ب١٣-ف٢-مث٧] (يُحوَّل عند الإخراج)
book/الجزء-الرابع/الباب-الرابع-عشر/ف02-ج-المفاجآت-والتطبيق-والتقويم.md	70	10	رمز المثال	[م٤-ب١٤-ف٢-مث٨]	يُحفظ	معرّفٌ إنتاجيٌّ في المصدر؛ ويُطبع [ب١٣-ف٢-مث٨] (يُحوَّل عند الإخراج)
book/الجزء-الرابع/الباب-الرابع-عشر/ف02-ج-المفاجآت-والتطبيق-والتقويم.md	74	10	رمز المثال	[م٤-ب١٤-ف٢-مث٩]	يُحفظ	معرّفٌ إنتاجيٌّ في المصدر؛ ويُطبع [ب١٣-ف٢-مث٩] (يُحوَّل عند الإخراج)
book/الجزء-الرابع/الباب-الرابع-عشر/ف02-ج-المفاجآت-والتطبيق-والتقويم.md	78	10	رمز المثال	[م٤-ب١٤-ف٢-مث١٠]	يُحفظ	معرّفٌ إنتاجيٌّ في المصدر؛ ويُطبع [ب١٣-ف٢-مث١٠] (يُحوَّل عند الإخراج)
book/الجزء-الرابع/الباب-الرابع-عشر/ف02-ج-المفاجآت-والتطبيق-والتقويم.md	82	10	رمز المثال	[م٤-ب١٤-ف٢-مث١١]	يُحفظ	معرّفٌ إنتاجيٌّ في المصدر؛ ويُطبع [ب١٣-ف٢-مث١١] (يُحوَّل عند الإخراج)
book/الجزء-الرابع/الباب-الرابع-عشر/ف02-ج-المفاجآت-والتطبيق-والتقويم.md	86	10	رمز المثال	[م٤-ب١٤-ف٢-مث١٢]	يُحفظ	معرّفٌ إنتاجيٌّ في المصدر؛ ويُطبع [ب١٣-ف٢-مث١٢] (يُحوَّل عند الإخراج)
book/الجزء-الرابع/الباب-الرابع-عشر/ف02-ج-المفاجآت-والتطبيق-والتقويم.md	90	10	رمز المثال	[م٤-ب١٤-ف٢-مث١٣]	يُحفظ	معرّفٌ إنتاجيٌّ في المصدر؛ ويُطبع [ب١٣-ف٢-مث١٣] (يُحوَّل عند الإخراج)
book/الجزء-الرابع/الباب-الرابع-عشر/ف02-ج-المفاجآت-والتطبيق-والتقويم.md	94	10	رمز المثال	[م٤-ب١٤-ف٢-مث١٤]	يُحفظ	معرّفٌ إنتاجيٌّ في المصدر؛ ويُطبع [ب١٣-ف٢-مث١٤] (يُحوَّل عند الإخراج)
book/الجزء-الرابع/الباب-الرابع-عشر/ف02-ج-المفاجآت-والتطبيق-والتقويم.md	98	10	رمز المثال	[م٤-ب١٤-ف٢-مث١٥]	يُحفظ	معرّفٌ إنتاجيٌّ في المصدر؛ ويُطبع [ب١٣-ف٢-مث١٥] (يُحوَّل عند الإخراج)
book/الجزء-الرابع/الباب-الرابع-عشر/ف02-ج-المفاجآت-والتطبيق-والتقويم.md	129	10	هذا الجزء	هذا الجزء	مراجعة بشرية	قراءة مقترحة: استعمالٌ لغويٌّ عام، لا بنية الكتاب؛ يُحفظ
book/الجزء-الرابع/الباب-الرابع-عشر/ف03-أ-الملف-الصوتي-ومشروع-التخرج.md	5	10	الباب ١٤	الباب الرابع عشر	يُصحّح	الباب الثالث عشر
book/الجزء-الرابع/الباب-الرابع-عشر/ف03-أ-الملف-الصوتي-ومشروع-التخرج.md	5	10	المستوى ن	المستوى ١٢	يُصحّح	المستوى 13
book/الجزء-الرابع/الباب-الرابع-عشر/ف03-أ-الملف-الصوتي-ومشروع-التخرج.md	36	10	إحالة	في الباب الأول	يُصحّح	يُزاد المجلد: «في المجلد 1، …»
book/الجزء-الرابع/الباب-الرابع-عشر/ف03-أ-الملف-الصوتي-ومشروع-التخرج.md	68	10	الثمانية	الثمانية	يُصحّح	الأحد عشر
book/الجزء-الرابع/الباب-الرابع-عشر/ف03-أ-الملف-الصوتي-ومشروع-التخرج.md	70	10	الباب ١٤	الباب الرابع عشر	يُصحّح	الباب الثالث عشر
book/الجزء-الرابع/الباب-الرابع-عشر/ف03-أ-الملف-الصوتي-ومشروع-التخرج.md	78	10	رمز المثال	[م٤-ب١٤-ف٣-مث١]	يُحفظ	معرّفٌ إنتاجيٌّ في المصدر؛ ويُطبع [ب١٣-ف٣-مث١] (يُحوَّل عند الإخراج)
book/الجزء-الرابع/الباب-الرابع-عشر/ف03-أ-الملف-الصوتي-ومشروع-التخرج.md	82	10	رمز المثال	[م٤-ب١٤-ف٣-مث٢]	يُحفظ	معرّفٌ إنتاجيٌّ في المصدر؛ ويُطبع [ب١٣-ف٣-مث٢] (يُحوَّل عند الإخراج)
book/الجزء-الرابع/الباب-الرابع-عشر/ف03-أ-الملف-الصوتي-ومشروع-التخرج.md	84	10	إحالة	في الباب الثاني	يُصحّح	يُزاد المجلد: «في المجلد 2، …»
book/الجزء-الرابع/الباب-الرابع-عشر/ف03-أ-الملف-الصوتي-ومشروع-التخرج.md	86	10	رمز المثال	[م٤-ب١٤-ف٣-مث٣]	يُحفظ	معرّفٌ إنتاجيٌّ في المصدر؛ ويُطبع [ب١٣-ف٣-مث٣] (يُحوَّل عند الإخراج)
book/الجزء-الرابع/الباب-الرابع-عشر/ف03-ب-يوم-الأداء-الختامي.md	5	10	الباب ١٤	الباب الرابع عشر	يُصحّح	الباب الثالث عشر
book/الجزء-الرابع/الباب-الرابع-عشر/ف03-ب-يوم-الأداء-الختامي.md	31	10	إحالة	في الباب الأول	يُصحّح	يُزاد المجلد: «في المجلد 1، …»
book/الجزء-الرابع/الباب-الرابع-عشر/ف03-ج-التطبيق-والتقويم-والخاتمة.md	5	10	الباب ١٤	الباب الرابع عشر	يُصحّح	الباب الثالث عشر
book/الجزء-الرابع/الباب-الرابع-عشر/ف03-ج-التطبيق-والتقويم-والخاتمة.md	49	10	رمز المثال	[م٤-ب١٤-ف٣-مث٤]	يُحفظ	معرّفٌ إنتاجيٌّ في المصدر؛ ويُطبع [ب١٣-ف٣-مث٤] (يُحوَّل عند الإخراج)
book/الجزء-الرابع/الباب-الرابع-عشر/ف03-ج-التطبيق-والتقويم-والخاتمة.md	53	10	رمز المثال	[م٤-ب١٤-ف٣-مث٥]	يُحفظ	معرّفٌ إنتاجيٌّ في المصدر؛ ويُطبع [ب١٣-ف٣-مث٥] (يُحوَّل عند الإخراج)
book/الجزء-الرابع/الباب-الرابع-عشر/ف03-ج-التطبيق-والتقويم-والخاتمة.md	57	10	رمز المثال	[م٤-ب١٤-ف٣-مث٦]	يُحفظ	معرّفٌ إنتاجيٌّ في المصدر؛ ويُطبع [ب١٣-ف٣-مث٦] (يُحوَّل عند الإخراج)
book/الجزء-الرابع/الباب-الرابع-عشر/ف03-ج-التطبيق-والتقويم-والخاتمة.md	61	10	رمز المثال	[م٤-ب١٤-ف٣-مث٧]	يُحفظ	معرّفٌ إنتاجيٌّ في المصدر؛ ويُطبع [ب١٣-ف٣-مث٧] (يُحوَّل عند الإخراج)
book/الجزء-الرابع/الباب-الرابع-عشر/ف03-ج-التطبيق-والتقويم-والخاتمة.md	65	10	رمز المثال	[م٤-ب١٤-ف٣-مث٨]	يُحفظ	معرّفٌ إنتاجيٌّ في المصدر؛ ويُطبع [ب١٣-ف٣-مث٨] (يُحوَّل عند الإخراج)
book/الجزء-الرابع/الباب-الرابع-عشر/ف03-ج-التطبيق-والتقويم-والخاتمة.md	69	10	رمز المثال	[م٤-ب١٤-ف٣-مث٩]	يُحفظ	معرّفٌ إنتاجيٌّ في المصدر؛ ويُطبع [ب١٣-ف٣-مث٩] (يُحوَّل عند الإخراج)
book/الجزء-الرابع/الباب-الرابع-عشر/ف03-ج-التطبيق-والتقويم-والخاتمة.md	73	10	رمز المثال	[م٤-ب١٤-ف٣-مث١٠]	يُحفظ	معرّفٌ إنتاجيٌّ في المصدر؛ ويُطبع [ب١٣-ف٣-مث١٠] (يُحوَّل عند الإخراج)
book/الجزء-الرابع/الباب-الرابع-عشر/ف03-ج-التطبيق-والتقويم-والخاتمة.md	77	10	رمز المثال	[م٤-ب١٤-ف٣-مث١١]	يُحفظ	معرّفٌ إنتاجيٌّ في المصدر؛ ويُطبع [ب١٣-ف٣-مث١١] (يُحوَّل عند الإخراج)
book/الجزء-الرابع/الباب-الرابع-عشر/ف03-ج-التطبيق-والتقويم-والخاتمة.md	81	10	رمز المثال	[م٤-ب١٤-ف٣-مث١٢]	يُحفظ	معرّفٌ إنتاجيٌّ في المصدر؛ ويُطبع [ب١٣-ف٣-مث١٢] (يُحوَّل عند الإخراج)
book/الجزء-الرابع/الباب-الرابع-عشر/ف03-ج-التطبيق-والتقويم-والخاتمة.md	85	10	رمز المثال	[م٤-ب١٤-ف٣-مث١٣]	يُحفظ	معرّفٌ إنتاجيٌّ في المصدر؛ ويُطبع [ب١٣-ف٣-مث١٣] (يُحوَّل عند الإخراج)
book/الجزء-الرابع/الباب-الرابع-عشر/ف03-ج-التطبيق-والتقويم-والخاتمة.md	89	10	رمز المثال	[م٤-ب١٤-ف٣-مث١٤]	يُحفظ	معرّفٌ إنتاجيٌّ في المصدر؛ ويُطبع [ب١٣-ف٣-مث١٤] (يُحوَّل عند الإخراج)
book/الجزء-الرابع/الباب-الرابع-عشر/ف03-ج-التطبيق-والتقويم-والخاتمة.md	93	10	رمز المثال	[م٤-ب١٤-ف٣-مث١٥]	يُحفظ	معرّفٌ إنتاجيٌّ في المصدر؛ ويُطبع [ب١٣-ف٣-مث١٥] (يُحوَّل عند الإخراج)
book/الجزء-الرابع/الباب-الرابع-عشر/ف03-ج-التطبيق-والتقويم-والخاتمة.md	219	10	المستوى بالعدد اللفظي	المستوى الثاني عشر	يُصحّح	المستوى الثالث عشر (+١)
book/الجزء-الرابع/الباب-الرابع-عشر/ف03-ج-التطبيق-والتقويم-والخاتمة.md	225	10	إحالة	من الباب الأول	يُصحّح	يُزاد المجلد: «في المجلد 1، …»
book/الجزء-الرابع/الباب-الرابع-عشر/ف03-ج-التطبيق-والتقويم-والخاتمة.md	248	10	إحالة	في الباب الثاني	يُصحّح	يُزاد المجلد: «في المجلد 2، …»
book/الجزء-الرابع/الباب-الرابع-عشر/ف03-ج-التطبيق-والتقويم-والخاتمة.md	248	10	إحالة	في الباب الرابع	يُصحّح	يُزاد المجلد: «في المجلد 4، …»
book/الجزء-الرابع/الباب-الثالث-عشر/00-فاتحة-الباب-الثالث-عشر.md	1	11	الباب ١٣ (بنك الأخطاء)	الباب الثالث عشر	يُصحّح	المرجع الأول: بنك الأخطاء (في المجلد الحادي عشر)
book/الجزء-الرابع/الباب-الثالث-عشر/00-فاتحة-الباب-الثالث-عشر.md	28	11	رمز المثال	[م٤-ب١٣-ف١-مث٥]	يُحفظ	معرّفٌ إنتاجيٌّ في المصدر؛ ويُطبع [ر١-ف١-مث٥] (يُحوَّل عند الإخراج)
book/الجزء-الرابع/الباب-الثالث-عشر/00-فاتحة-الباب-الثالث-عشر.md	71	11	الثمانية	الثمانية	يُصحّح	الأحد عشر
book/الجزء-الرابع/الباب-الثالث-عشر/ف01-أ-اللحن-في-القرآن.md	5	11	الباب ١٣ (بنك الأخطاء)	الباب الثالث عشر	يُصحّح	المرجع الأول: بنك الأخطاء (في المجلد الحادي عشر)
book/الجزء-الرابع/الباب-الثالث-عشر/ف01-أ-اللحن-في-القرآن.md	21	11	الثمانية	الثمانية	يُصحّح	الأحد عشر
book/الجزء-الرابع/الباب-الثالث-عشر/ف01-أ-اللحن-في-القرآن.md	41	11	المستوى ن	المستوى ١	يُصحّح	المستوى 2
book/الجزء-الرابع/الباب-الثالث-عشر/ف01-أ-اللحن-في-القرآن.md	54	11	المستوى ن	المستوى ١	يُصحّح	المستوى 2
book/الجزء-الرابع/الباب-الثالث-عشر/ف01-أ-اللحن-في-القرآن.md	67	11	المستوى ن	المستوى ١	يُصحّح	المستوى 2
book/الجزء-الرابع/الباب-الثالث-عشر/ف01-أ-اللحن-في-القرآن.md	80	11	المستوى ن	المستوى ١	يُصحّح	المستوى 2
book/الجزء-الرابع/الباب-الثالث-عشر/ف01-أ-اللحن-في-القرآن.md	93	11	المستوى ن	المستوى ١	يُصحّح	المستوى 2
book/الجزء-الرابع/الباب-الثالث-عشر/ف01-أ-اللحن-في-القرآن.md	106	11	المستوى ن	المستوى ١	يُصحّح	المستوى 2
book/الجزء-الرابع/الباب-الثالث-عشر/ف01-أ-اللحن-في-القرآن.md	119	11	المستوى ن	المستوى ١	يُصحّح	المستوى 2
book/الجزء-الرابع/الباب-الثالث-عشر/ف01-ب-اللحن-في-الحديث-والأذكار.md	15	11	المستوى ن	المستوى ٠	يُصحّح	المستوى 1
book/الجزء-الرابع/الباب-الثالث-عشر/ف01-ب-اللحن-في-الحديث-والأذكار.md	28	11	المستوى ن	المستوى ٢	يُصحّح	المستوى 3
book/الجزء-الرابع/الباب-الثالث-عشر/ف01-ب-اللحن-في-الحديث-والأذكار.md	41	11	المستوى ن	المستوى ٠	يُصحّح	المستوى 1
book/الجزء-الرابع/الباب-الثالث-عشر/ف01-ب-اللحن-في-الحديث-والأذكار.md	54	11	المستوى ن	المستوى ٠	يُصحّح	المستوى 1
book/الجزء-الرابع/الباب-الثالث-عشر/ف01-ب-اللحن-في-الحديث-والأذكار.md	67	11	المستوى ن	المستوى ٠	يُصحّح	المستوى 1
book/الجزء-الرابع/الباب-الثالث-عشر/ف01-ب-اللحن-في-الحديث-والأذكار.md	86	11	المستوى ن	المستوى ١	يُصحّح	المستوى 2
book/الجزء-الرابع/الباب-الثالث-عشر/ف01-ب-اللحن-في-الحديث-والأذكار.md	99	11	المستوى ن	المستوى ١	يُصحّح	المستوى 2
book/الجزء-الرابع/الباب-الثالث-عشر/ف01-ب-اللحن-في-الحديث-والأذكار.md	112	11	المستوى ن	المستوى ٢	يُصحّح	المستوى 3
book/الجزء-الرابع/الباب-الثالث-عشر/ف01-ب-اللحن-في-الحديث-والأذكار.md	125	11	المستوى ن	المستوى ٠	يُصحّح	المستوى 1
book/الجزء-الرابع/الباب-الثالث-عشر/ف01-ب-اللحن-في-الحديث-والأذكار.md	138	11	المستوى ن	المستوى ٠	يُصحّح	المستوى 1
book/الجزء-الرابع/الباب-الثالث-عشر/ف01-ب-اللحن-في-الحديث-والأذكار.md	151	11	المستوى ن	المستوى ٢	يُصحّح	المستوى 3
book/الجزء-الرابع/الباب-الثالث-عشر/ف02-الخطأ-في-السلام-والبسملة-والحمدلة.md	5	11	الباب ١٣ (بنك الأخطاء)	الباب الثالث عشر	يُصحّح	المرجع الأول: بنك الأخطاء (في المجلد الحادي عشر)
book/الجزء-الرابع/الباب-الثالث-عشر/ف02-الخطأ-في-السلام-والبسملة-والحمدلة.md	32	11	المستوى ن	المستوى ١	يُصحّح	المستوى 2
book/الجزء-الرابع/الباب-الثالث-عشر/ف02-الخطأ-في-السلام-والبسملة-والحمدلة.md	45	11	المستوى ن	المستوى ٥	يُصحّح	المستوى 6
book/الجزء-الرابع/الباب-الثالث-عشر/ف02-الخطأ-في-السلام-والبسملة-والحمدلة.md	58	11	المستوى ن	المستوى ١	يُصحّح	المستوى 2
book/الجزء-الرابع/الباب-الثالث-عشر/ف02-الخطأ-في-السلام-والبسملة-والحمدلة.md	71	11	المستوى ن	المستوى ١	يُصحّح	المستوى 2
book/الجزء-الرابع/الباب-الثالث-عشر/ف02-الخطأ-في-السلام-والبسملة-والحمدلة.md	88	11	المستوى ن	المستوى ١	يُصحّح	المستوى 2
book/الجزء-الرابع/الباب-الثالث-عشر/ف02-الخطأ-في-السلام-والبسملة-والحمدلة.md	101	11	المستوى ن	المستوى ١	يُصحّح	المستوى 2
book/الجزء-الرابع/الباب-الثالث-عشر/ف02-الخطأ-في-السلام-والبسملة-والحمدلة.md	114	11	المستوى ن	المستوى ١	يُصحّح	المستوى 2
book/الجزء-الرابع/الباب-الثالث-عشر/ف02-الخطأ-في-السلام-والبسملة-والحمدلة.md	127	11	المستوى ن	المستوى ١	يُصحّح	المستوى 2
book/الجزء-الرابع/الباب-الثالث-عشر/ف02-الخطأ-في-السلام-والبسملة-والحمدلة.md	144	11	المستوى ن	المستوى ٢	يُصحّح	المستوى 3
book/الجزء-الرابع/الباب-الثالث-عشر/ف02-الخطأ-في-السلام-والبسملة-والحمدلة.md	157	11	المستوى ن	المستوى ٢	يُصحّح	المستوى 3
book/الجزء-الرابع/الباب-الثالث-عشر/ف02-الخطأ-في-السلام-والبسملة-والحمدلة.md	170	11	المستوى ن	المستوى ٣	يُصحّح	المستوى 4
book/الجزء-الرابع/الباب-الثالث-عشر/ف02-الخطأ-في-السلام-والبسملة-والحمدلة.md	183	11	المستوى ن	المستوى ١	يُصحّح	المستوى 2
book/الجزء-الرابع/الباب-الثالث-عشر/ف02-الخطأ-في-السلام-والبسملة-والحمدلة.md	200	11	المستوى ن	المستوى ١	يُصحّح	المستوى 2
book/الجزء-الرابع/الباب-الثالث-عشر/ف02-الخطأ-في-السلام-والبسملة-والحمدلة.md	213	11	المستوى ن	المستوى ١	يُصحّح	المستوى 2
book/الجزء-الرابع/الباب-الثالث-عشر/ف02-الخطأ-في-السلام-والبسملة-والحمدلة.md	226	11	المستوى ن	المستوى ٢	يُصحّح	المستوى 3
book/الجزء-الرابع/الباب-الثالث-عشر/ف03-أخطاء-النطق-الأصوات-الحرجة.md	5	11	الباب ١٣ (بنك الأخطاء)	الباب الثالث عشر	يُصحّح	المرجع الأول: بنك الأخطاء (في المجلد الحادي عشر)
book/الجزء-الرابع/الباب-الثالث-عشر/ف03-أخطاء-النطق-الأصوات-الحرجة.md	34	11	رمز المثال	[م٤-ب١٣-ف٣-مث١]	يُحفظ	معرّفٌ إنتاجيٌّ في المصدر؛ ويُطبع [ر١-ف٣-مث١] (يُحوَّل عند الإخراج)
book/الجزء-الرابع/الباب-الثالث-عشر/ف03-أخطاء-النطق-الأصوات-الحرجة.md	36	11	المستوى ن	المستوى ١	يُصحّح	المستوى 2
book/الجزء-الرابع/الباب-الثالث-عشر/ف03-أخطاء-النطق-الأصوات-الحرجة.md	45	11	رمز المثال	[م٤-ب١٣-ف٣-مث٢]	يُحفظ	معرّفٌ إنتاجيٌّ في المصدر؛ ويُطبع [ر١-ف٣-مث٢] (يُحوَّل عند الإخراج)
book/الجزء-الرابع/الباب-الثالث-عشر/ف03-أخطاء-النطق-الأصوات-الحرجة.md	47	11	المستوى ن	المستوى ١	يُصحّح	المستوى 2
book/الجزء-الرابع/الباب-الثالث-عشر/ف03-أخطاء-النطق-الأصوات-الحرجة.md	56	11	رمز المثال	[م٤-ب١٣-ف٣-مث٣]	يُحفظ	معرّفٌ إنتاجيٌّ في المصدر؛ ويُطبع [ر١-ف٣-مث٣] (يُحوَّل عند الإخراج)
book/الجزء-الرابع/الباب-الثالث-عشر/ف03-أخطاء-النطق-الأصوات-الحرجة.md	58	11	المستوى ن	المستوى ١	يُصحّح	المستوى 2
book/الجزء-الرابع/الباب-الثالث-عشر/ف03-أخطاء-النطق-الأصوات-الحرجة.md	71	11	رمز المثال	[م٤-ب١٣-ف٣-مث٤]	يُحفظ	معرّفٌ إنتاجيٌّ في المصدر؛ ويُطبع [ر١-ف٣-مث٤] (يُحوَّل عند الإخراج)
book/الجزء-الرابع/الباب-الثالث-عشر/ف03-أخطاء-النطق-الأصوات-الحرجة.md	73	11	المستوى ن	المستوى ١	يُصحّح	المستوى 2
book/الجزء-الرابع/الباب-الثالث-عشر/ف03-أخطاء-النطق-الأصوات-الحرجة.md	82	11	رمز المثال	[م٤-ب١٣-ف٣-مث٥]	يُحفظ	معرّفٌ إنتاجيٌّ في المصدر؛ ويُطبع [ر١-ف٣-مث٥] (يُحوَّل عند الإخراج)
book/الجزء-الرابع/الباب-الثالث-عشر/ف03-أخطاء-النطق-الأصوات-الحرجة.md	84	11	المستوى ن	المستوى ١	يُصحّح	المستوى 2
book/الجزء-الرابع/الباب-الثالث-عشر/ف03-أخطاء-النطق-الأصوات-الحرجة.md	93	11	رمز المثال	[م٤-ب١٣-ف٣-مث٦]	يُحفظ	معرّفٌ إنتاجيٌّ في المصدر؛ ويُطبع [ر١-ف٣-مث٦] (يُحوَّل عند الإخراج)
book/الجزء-الرابع/الباب-الثالث-عشر/ف03-أخطاء-النطق-الأصوات-الحرجة.md	95	11	المستوى ن	المستوى ٢	يُصحّح	المستوى 3
book/الجزء-الرابع/الباب-الثالث-عشر/ف03-أخطاء-النطق-الأصوات-الحرجة.md	108	11	رمز المثال	[م٤-ب١٣-ف٣-مث٧]	يُحفظ	معرّفٌ إنتاجيٌّ في المصدر؛ ويُطبع [ر١-ف٣-مث٧] (يُحوَّل عند الإخراج)
book/الجزء-الرابع/الباب-الثالث-عشر/ف03-أخطاء-النطق-الأصوات-الحرجة.md	110	11	المستوى ن	المستوى ١	يُصحّح	المستوى 2
book/الجزء-الرابع/الباب-الثالث-عشر/ف03-أخطاء-النطق-الأصوات-الحرجة.md	119	11	رمز المثال	[م٤-ب١٣-ف٣-مث٨]	يُحفظ	معرّفٌ إنتاجيٌّ في المصدر؛ ويُطبع [ر١-ف٣-مث٨] (يُحوَّل عند الإخراج)
book/الجزء-الرابع/الباب-الثالث-عشر/ف03-أخطاء-النطق-الأصوات-الحرجة.md	121	11	المستوى ن	المستوى ١	يُصحّح	المستوى 2
book/الجزء-الرابع/الباب-الثالث-عشر/ف03-أخطاء-النطق-الأصوات-الحرجة.md	130	11	رمز المثال	[م٤-ب١٣-ف٣-مث٩]	يُحفظ	معرّفٌ إنتاجيٌّ في المصدر؛ ويُطبع [ر١-ف٣-مث٩] (يُحوَّل عند الإخراج)
book/الجزء-الرابع/الباب-الثالث-عشر/ف03-أخطاء-النطق-الأصوات-الحرجة.md	132	11	المستوى ن	المستوى ١	يُصحّح	المستوى 2
book/الجزء-الرابع/الباب-الثالث-عشر/ف03-أخطاء-النطق-الأصوات-الحرجة.md	141	11	رمز المثال	[م٤-ب١٣-ف٣-مث١٠]	يُحفظ	معرّفٌ إنتاجيٌّ في المصدر؛ ويُطبع [ر١-ف٣-مث١٠] (يُحوَّل عند الإخراج)
book/الجزء-الرابع/الباب-الثالث-عشر/ف03-أخطاء-النطق-الأصوات-الحرجة.md	143	11	المستوى ن	المستوى ١	يُصحّح	المستوى 2
book/الجزء-الرابع/الباب-الثالث-عشر/ف03-أخطاء-النطق-الأصوات-الحرجة.md	156	11	رمز المثال	[م٤-ب١٣-ف٣-مث١١]	يُحفظ	معرّفٌ إنتاجيٌّ في المصدر؛ ويُطبع [ر١-ف٣-مث١١] (يُحوَّل عند الإخراج)
book/الجزء-الرابع/الباب-الثالث-عشر/ف03-أخطاء-النطق-الأصوات-الحرجة.md	158	11	المستوى ن	المستوى ١	يُصحّح	المستوى 2
book/الجزء-الرابع/الباب-الثالث-عشر/ف03-أخطاء-النطق-الأصوات-الحرجة.md	167	11	رمز المثال	[م٤-ب١٣-ف٣-مث١٢]	يُحفظ	معرّفٌ إنتاجيٌّ في المصدر؛ ويُطبع [ر١-ف٣-مث١٢] (يُحوَّل عند الإخراج)
book/الجزء-الرابع/الباب-الثالث-عشر/ف03-أخطاء-النطق-الأصوات-الحرجة.md	169	11	المستوى ن	المستوى ١	يُصحّح	المستوى 2
book/الجزء-الرابع/الباب-الثالث-عشر/ف03-أخطاء-النطق-الأصوات-الحرجة.md	178	11	رمز المثال	[م٤-ب١٣-ف٣-مث١٣]	يُحفظ	معرّفٌ إنتاجيٌّ في المصدر؛ ويُطبع [ر١-ف٣-مث١٣] (يُحوَّل عند الإخراج)
book/الجزء-الرابع/الباب-الثالث-عشر/ف03-أخطاء-النطق-الأصوات-الحرجة.md	180	11	المستوى ن	المستوى ١	يُصحّح	المستوى 2
book/الجزء-الرابع/الباب-الثالث-عشر/ف03-أخطاء-النطق-الأصوات-الحرجة.md	193	11	رمز المثال	[م٤-ب١٣-ف٣-مث١٤]	يُحفظ	معرّفٌ إنتاجيٌّ في المصدر؛ ويُطبع [ر١-ف٣-مث١٤] (يُحوَّل عند الإخراج)
book/الجزء-الرابع/الباب-الثالث-عشر/ف03-أخطاء-النطق-الأصوات-الحرجة.md	195	11	المستوى ن	المستوى ١	يُصحّح	المستوى 2
book/الجزء-الرابع/الباب-الثالث-عشر/ف03-أخطاء-النطق-الأصوات-الحرجة.md	204	11	رمز المثال	[م٤-ب١٣-ف٣-مث١٥]	يُحفظ	معرّفٌ إنتاجيٌّ في المصدر؛ ويُطبع [ر١-ف٣-مث١٥] (يُحوَّل عند الإخراج)
book/الجزء-الرابع/الباب-الثالث-عشر/ف03-أخطاء-النطق-الأصوات-الحرجة.md	206	11	المستوى ن	المستوى ١	يُصحّح	المستوى 2
book/الجزء-الرابع/الباب-الثالث-عشر/ف03-أخطاء-النطق-الأصوات-الحرجة.md	215	11	رمز المثال	[م٤-ب١٣-ف٣-مث١٦]	يُحفظ	معرّفٌ إنتاجيٌّ في المصدر؛ ويُطبع [ر١-ف٣-مث١٦] (يُحوَّل عند الإخراج)
book/الجزء-الرابع/الباب-الثالث-عشر/ف03-أخطاء-النطق-الأصوات-الحرجة.md	217	11	المستوى ن	المستوى ١	يُصحّح	المستوى 2
book/الجزء-الرابع/الباب-الثالث-عشر/ف03-أخطاء-النطق-الأصوات-الحرجة.md	230	11	رمز المثال	[م٤-ب١٣-ف٣-مث١٧]	يُحفظ	معرّفٌ إنتاجيٌّ في المصدر؛ ويُطبع [ر١-ف٣-مث١٧] (يُحوَّل عند الإخراج)
book/الجزء-الرابع/الباب-الثالث-عشر/ف03-أخطاء-النطق-الأصوات-الحرجة.md	232	11	المستوى ن	المستوى ٢	يُصحّح	المستوى 3
book/الجزء-الرابع/الباب-الثالث-عشر/ف03-أخطاء-النطق-الأصوات-الحرجة.md	241	11	رمز المثال	[م٤-ب١٣-ف٣-مث١٨]	يُحفظ	معرّفٌ إنتاجيٌّ في المصدر؛ ويُطبع [ر١-ف٣-مث١٨] (يُحوَّل عند الإخراج)
book/الجزء-الرابع/الباب-الثالث-عشر/ف03-أخطاء-النطق-الأصوات-الحرجة.md	243	11	المستوى ن	المستوى ٢	يُصحّح	المستوى 3
book/الجزء-الرابع/الباب-الثالث-عشر/ف03-أخطاء-النطق-الأصوات-الحرجة.md	252	11	رمز المثال	[م٤-ب١٣-ف٣-مث١٩]	يُحفظ	معرّفٌ إنتاجيٌّ في المصدر؛ ويُطبع [ر١-ف٣-مث١٩] (يُحوَّل عند الإخراج)
book/الجزء-الرابع/الباب-الثالث-عشر/ف03-أخطاء-النطق-الأصوات-الحرجة.md	254	11	المستوى ن	المستوى ٢	يُصحّح	المستوى 3
book/الجزء-الرابع/الباب-الثالث-عشر/ف03-أخطاء-النطق-الأصوات-الحرجة.md	263	11	رمز المثال	[م٤-ب١٣-ف٣-مث٢٠]	يُحفظ	معرّفٌ إنتاجيٌّ في المصدر؛ ويُطبع [ر١-ف٣-مث٢٠] (يُحوَّل عند الإخراج)
book/الجزء-الرابع/الباب-الثالث-عشر/ف03-أخطاء-النطق-الأصوات-الحرجة.md	265	11	المستوى ن	المستوى ١	يُصحّح	المستوى 2
book/الجزء-الرابع/الباب-الثالث-عشر/ف04-أ-الأخطاء-النحوية-والصرفية-والمعجمية-والتركيبية.md	5	11	الباب ١٣ (بنك الأخطاء)	الباب الثالث عشر	يُصحّح	المرجع الأول: بنك الأخطاء (في المجلد الحادي عشر)
book/الجزء-الرابع/الباب-الثالث-عشر/ف04-أ-الأخطاء-النحوية-والصرفية-والمعجمية-والتركيبية.md	32	11	رمز المثال	[م٤-ب١٣-ف٤-مث١]	يُحفظ	معرّفٌ إنتاجيٌّ في المصدر؛ ويُطبع [ر١-ف٤-مث١] (يُحوَّل عند الإخراج)
book/الجزء-الرابع/الباب-الثالث-عشر/ف04-أ-الأخطاء-النحوية-والصرفية-والمعجمية-والتركيبية.md	34	11	المستوى ن	المستوى ٢	يُصحّح	المستوى 3
book/الجزء-الرابع/الباب-الثالث-عشر/ف04-أ-الأخطاء-النحوية-والصرفية-والمعجمية-والتركيبية.md	43	11	رمز المثال	[م٤-ب١٣-ف٤-مث٢]	يُحفظ	معرّفٌ إنتاجيٌّ في المصدر؛ ويُطبع [ر١-ف٤-مث٢] (يُحوَّل عند الإخراج)
book/الجزء-الرابع/الباب-الثالث-عشر/ف04-أ-الأخطاء-النحوية-والصرفية-والمعجمية-والتركيبية.md	45	11	المستوى ن	المستوى ٢	يُصحّح	المستوى 3
book/الجزء-الرابع/الباب-الثالث-عشر/ف04-أ-الأخطاء-النحوية-والصرفية-والمعجمية-والتركيبية.md	54	11	رمز المثال	[م٤-ب١٣-ف٤-مث٣]	يُحفظ	معرّفٌ إنتاجيٌّ في المصدر؛ ويُطبع [ر١-ف٤-مث٣] (يُحوَّل عند الإخراج)
book/الجزء-الرابع/الباب-الثالث-عشر/ف04-أ-الأخطاء-النحوية-والصرفية-والمعجمية-والتركيبية.md	56	11	المستوى ن	المستوى ٢	يُصحّح	المستوى 3
book/الجزء-الرابع/الباب-الثالث-عشر/ف04-أ-الأخطاء-النحوية-والصرفية-والمعجمية-والتركيبية.md	65	11	رمز المثال	[م٤-ب١٣-ف٤-مث٤]	يُحفظ	معرّفٌ إنتاجيٌّ في المصدر؛ ويُطبع [ر١-ف٤-مث٤] (يُحوَّل عند الإخراج)
book/الجزء-الرابع/الباب-الثالث-عشر/ف04-أ-الأخطاء-النحوية-والصرفية-والمعجمية-والتركيبية.md	67	11	المستوى ن	المستوى ٢	يُصحّح	المستوى 3
book/الجزء-الرابع/الباب-الثالث-عشر/ف04-أ-الأخطاء-النحوية-والصرفية-والمعجمية-والتركيبية.md	76	11	رمز المثال	[م٤-ب١٣-ف٤-مث٥]	يُحفظ	معرّفٌ إنتاجيٌّ في المصدر؛ ويُطبع [ر١-ف٤-مث٥] (يُحوَّل عند الإخراج)
book/الجزء-الرابع/الباب-الثالث-عشر/ف04-أ-الأخطاء-النحوية-والصرفية-والمعجمية-والتركيبية.md	78	11	المستوى ن	المستوى ٢	يُصحّح	المستوى 3
book/الجزء-الرابع/الباب-الثالث-عشر/ف04-أ-الأخطاء-النحوية-والصرفية-والمعجمية-والتركيبية.md	87	11	رمز المثال	[م٤-ب١٣-ف٤-مث٦]	يُحفظ	معرّفٌ إنتاجيٌّ في المصدر؛ ويُطبع [ر١-ف٤-مث٦] (يُحوَّل عند الإخراج)
book/الجزء-الرابع/الباب-الثالث-عشر/ف04-أ-الأخطاء-النحوية-والصرفية-والمعجمية-والتركيبية.md	89	11	المستوى ن	المستوى ٢	يُصحّح	المستوى 3
book/الجزء-الرابع/الباب-الثالث-عشر/ف04-أ-الأخطاء-النحوية-والصرفية-والمعجمية-والتركيبية.md	98	11	رمز المثال	[م٤-ب١٣-ف٤-مث٧]	يُحفظ	معرّفٌ إنتاجيٌّ في المصدر؛ ويُطبع [ر١-ف٤-مث٧] (يُحوَّل عند الإخراج)
book/الجزء-الرابع/الباب-الثالث-عشر/ف04-أ-الأخطاء-النحوية-والصرفية-والمعجمية-والتركيبية.md	100	11	المستوى ن	المستوى ١	يُصحّح	المستوى 2
book/الجزء-الرابع/الباب-الثالث-عشر/ف04-أ-الأخطاء-النحوية-والصرفية-والمعجمية-والتركيبية.md	109	11	رمز المثال	[م٤-ب١٣-ف٤-مث٨]	يُحفظ	معرّفٌ إنتاجيٌّ في المصدر؛ ويُطبع [ر١-ف٤-مث٨] (يُحوَّل عند الإخراج)
book/الجزء-الرابع/الباب-الثالث-عشر/ف04-أ-الأخطاء-النحوية-والصرفية-والمعجمية-والتركيبية.md	111	11	المستوى ن	المستوى ٢	يُصحّح	المستوى 3
book/الجزء-الرابع/الباب-الثالث-عشر/ف04-أ-الأخطاء-النحوية-والصرفية-والمعجمية-والتركيبية.md	120	11	رمز المثال	[م٤-ب١٣-ف٤-مث٩]	يُحفظ	معرّفٌ إنتاجيٌّ في المصدر؛ ويُطبع [ر١-ف٤-مث٩] (يُحوَّل عند الإخراج)
book/الجزء-الرابع/الباب-الثالث-عشر/ف04-أ-الأخطاء-النحوية-والصرفية-والمعجمية-والتركيبية.md	122	11	المستوى ن	المستوى ٣	يُصحّح	المستوى 4
book/الجزء-الرابع/الباب-الثالث-عشر/ف04-أ-الأخطاء-النحوية-والصرفية-والمعجمية-والتركيبية.md	131	11	رمز المثال	[م٤-ب١٣-ف٤-مث١٠]	يُحفظ	معرّفٌ إنتاجيٌّ في المصدر؛ ويُطبع [ر١-ف٤-مث١٠] (يُحوَّل عند الإخراج)
book/الجزء-الرابع/الباب-الثالث-عشر/ف04-أ-الأخطاء-النحوية-والصرفية-والمعجمية-والتركيبية.md	133	11	المستوى ن	المستوى ٢	يُصحّح	المستوى 3
book/الجزء-الرابع/الباب-الثالث-عشر/ف04-أ-الأخطاء-النحوية-والصرفية-والمعجمية-والتركيبية.md	142	11	رمز المثال	[م٤-ب١٣-ف٤-مث١١]	يُحفظ	معرّفٌ إنتاجيٌّ في المصدر؛ ويُطبع [ر١-ف٤-مث١١] (يُحوَّل عند الإخراج)
book/الجزء-الرابع/الباب-الثالث-عشر/ف04-أ-الأخطاء-النحوية-والصرفية-والمعجمية-والتركيبية.md	144	11	المستوى ن	المستوى ٣	يُصحّح	المستوى 4
book/الجزء-الرابع/الباب-الثالث-عشر/ف04-أ-الأخطاء-النحوية-والصرفية-والمعجمية-والتركيبية.md	153	11	رمز المثال	[م٤-ب١٣-ف٤-مث١٢]	يُحفظ	معرّفٌ إنتاجيٌّ في المصدر؛ ويُطبع [ر١-ف٤-مث١٢] (يُحوَّل عند الإخراج)
book/الجزء-الرابع/الباب-الثالث-عشر/ف04-أ-الأخطاء-النحوية-والصرفية-والمعجمية-والتركيبية.md	155	11	المستوى ن	المستوى ٢	يُصحّح	المستوى 3
book/الجزء-الرابع/الباب-الثالث-عشر/ف04-أ-الأخطاء-النحوية-والصرفية-والمعجمية-والتركيبية.md	164	11	رمز المثال	[م٤-ب١٣-ف٤-مث١٣]	يُحفظ	معرّفٌ إنتاجيٌّ في المصدر؛ ويُطبع [ر١-ف٤-مث١٣] (يُحوَّل عند الإخراج)
book/الجزء-الرابع/الباب-الثالث-عشر/ف04-أ-الأخطاء-النحوية-والصرفية-والمعجمية-والتركيبية.md	164	11	الجزء ن	الجزء الثاني	مراجعة بشرية	قراءة مقترحة: استعمالٌ لغويٌّ عام، لا بنية الكتاب؛ يُحفظ
book/الجزء-الرابع/الباب-الثالث-عشر/ف04-أ-الأخطاء-النحوية-والصرفية-والمعجمية-والتركيبية.md	166	11	المستوى ن	المستوى ٣	يُصحّح	المستوى 4
book/الجزء-الرابع/الباب-الثالث-عشر/ف04-أ-الأخطاء-النحوية-والصرفية-والمعجمية-والتركيبية.md	167	11	الجزء ن	الجزء الثاني	مراجعة بشرية	قراءة مقترحة: استعمالٌ لغويٌّ عام، لا بنية الكتاب؛ يُحفظ
book/الجزء-الرابع/الباب-الثالث-عشر/ف04-أ-الأخطاء-النحوية-والصرفية-والمعجمية-والتركيبية.md	169	11	الجزء ن	الجزء الأول	مراجعة بشرية	قراءة مقترحة: استعمالٌ لغويٌّ عام، لا بنية الكتاب؛ يُحفظ
book/الجزء-الرابع/الباب-الثالث-عشر/ف04-أ-الأخطاء-النحوية-والصرفية-والمعجمية-والتركيبية.md	170	11	الجزء ن	الجزء الأول	مراجعة بشرية	قراءة مقترحة: استعمالٌ لغويٌّ عام، لا بنية الكتاب؛ يُحفظ
book/الجزء-الرابع/الباب-الثالث-عشر/ف04-أ-الأخطاء-النحوية-والصرفية-والمعجمية-والتركيبية.md	170	11	الجزء ن	الجزء الثاني	مراجعة بشرية	قراءة مقترحة: استعمالٌ لغويٌّ عام، لا بنية الكتاب؛ يُحفظ
book/الجزء-الرابع/الباب-الثالث-عشر/ف04-أ-الأخطاء-النحوية-والصرفية-والمعجمية-والتركيبية.md	172	11	الجزء ن	الجزء الأول	مراجعة بشرية	قراءة مقترحة: استعمالٌ لغويٌّ عام، لا بنية الكتاب؛ يُحفظ
book/الجزء-الرابع/الباب-الثالث-عشر/ف04-أ-الأخطاء-النحوية-والصرفية-والمعجمية-والتركيبية.md	175	11	رمز المثال	[م٤-ب١٣-ف٤-مث١٤]	يُحفظ	معرّفٌ إنتاجيٌّ في المصدر؛ ويُطبع [ر١-ف٤-مث١٤] (يُحوَّل عند الإخراج)
book/الجزء-الرابع/الباب-الثالث-عشر/ف04-أ-الأخطاء-النحوية-والصرفية-والمعجمية-والتركيبية.md	177	11	المستوى ن	المستوى ٢	يُصحّح	المستوى 3
book/الجزء-الرابع/الباب-الثالث-عشر/ف04-أ-الأخطاء-النحوية-والصرفية-والمعجمية-والتركيبية.md	186	11	رمز المثال	[م٤-ب١٣-ف٤-مث١٥]	يُحفظ	معرّفٌ إنتاجيٌّ في المصدر؛ ويُطبع [ر١-ف٤-مث١٥] (يُحوَّل عند الإخراج)
book/الجزء-الرابع/الباب-الثالث-عشر/ف04-أ-الأخطاء-النحوية-والصرفية-والمعجمية-والتركيبية.md	188	11	المستوى ن	المستوى ٣	يُصحّح	المستوى 4
book/الجزء-الرابع/الباب-الثالث-عشر/ف04-أ-الأخطاء-النحوية-والصرفية-والمعجمية-والتركيبية.md	197	11	رمز المثال	[م٤-ب١٣-ف٤-مث١٦]	يُحفظ	معرّفٌ إنتاجيٌّ في المصدر؛ ويُطبع [ر١-ف٤-مث١٦] (يُحوَّل عند الإخراج)
book/الجزء-الرابع/الباب-الثالث-عشر/ف04-أ-الأخطاء-النحوية-والصرفية-والمعجمية-والتركيبية.md	199	11	المستوى ن	المستوى ٢	يُصحّح	المستوى 3
book/الجزء-الرابع/الباب-الثالث-عشر/ف04-ب-الأخطاء-الصرفية-والمعجمية-والتركيبية.md	11	11	رمز المثال	[م٤-ب١٣-ف٤-مث١٧]	يُحفظ	معرّفٌ إنتاجيٌّ في المصدر؛ ويُطبع [ر١-ف٤-مث١٧] (يُحوَّل عند الإخراج)
book/الجزء-الرابع/الباب-الثالث-عشر/ف04-ب-الأخطاء-الصرفية-والمعجمية-والتركيبية.md	13	11	المستوى ن	المستوى ٢	يُصحّح	المستوى 3
book/الجزء-الرابع/الباب-الثالث-عشر/ف04-ب-الأخطاء-الصرفية-والمعجمية-والتركيبية.md	22	11	رمز المثال	[م٤-ب١٣-ف٤-مث١٨]	يُحفظ	معرّفٌ إنتاجيٌّ في المصدر؛ ويُطبع [ر١-ف٤-مث١٨] (يُحوَّل عند الإخراج)
book/الجزء-الرابع/الباب-الثالث-عشر/ف04-ب-الأخطاء-الصرفية-والمعجمية-والتركيبية.md	24	11	المستوى ن	المستوى ٢	يُصحّح	المستوى 3
book/الجزء-الرابع/الباب-الثالث-عشر/ف04-ب-الأخطاء-الصرفية-والمعجمية-والتركيبية.md	33	11	رمز المثال	[م٤-ب١٣-ف٤-مث١٩]	يُحفظ	معرّفٌ إنتاجيٌّ في المصدر؛ ويُطبع [ر١-ف٤-مث١٩] (يُحوَّل عند الإخراج)
book/الجزء-الرابع/الباب-الثالث-عشر/ف04-ب-الأخطاء-الصرفية-والمعجمية-والتركيبية.md	35	11	المستوى ن	المستوى ٢	يُصحّح	المستوى 3
book/الجزء-الرابع/الباب-الثالث-عشر/ف04-ب-الأخطاء-الصرفية-والمعجمية-والتركيبية.md	44	11	رمز المثال	[م٤-ب١٣-ف٤-مث٢٠]	يُحفظ	معرّفٌ إنتاجيٌّ في المصدر؛ ويُطبع [ر١-ف٤-مث٢٠] (يُحوَّل عند الإخراج)
book/الجزء-الرابع/الباب-الثالث-عشر/ف04-ب-الأخطاء-الصرفية-والمعجمية-والتركيبية.md	46	11	المستوى ن	المستوى ٣	يُصحّح	المستوى 4
book/الجزء-الرابع/الباب-الثالث-عشر/ف04-ب-الأخطاء-الصرفية-والمعجمية-والتركيبية.md	55	11	رمز المثال	[م٤-ب١٣-ف٤-مث٢١]	يُحفظ	معرّفٌ إنتاجيٌّ في المصدر؛ ويُطبع [ر١-ف٤-مث٢١] (يُحوَّل عند الإخراج)
book/الجزء-الرابع/الباب-الثالث-عشر/ف04-ب-الأخطاء-الصرفية-والمعجمية-والتركيبية.md	57	11	المستوى ن	المستوى ٢	يُصحّح	المستوى 3
book/الجزء-الرابع/الباب-الثالث-عشر/ف04-ب-الأخطاء-الصرفية-والمعجمية-والتركيبية.md	66	11	رمز المثال	[م٤-ب١٣-ف٤-مث٢٢]	يُحفظ	معرّفٌ إنتاجيٌّ في المصدر؛ ويُطبع [ر١-ف٤-مث٢٢] (يُحوَّل عند الإخراج)
book/الجزء-الرابع/الباب-الثالث-عشر/ف04-ب-الأخطاء-الصرفية-والمعجمية-والتركيبية.md	68	11	المستوى ن	المستوى ٢	يُصحّح	المستوى 3
book/الجزء-الرابع/الباب-الثالث-عشر/ف04-ب-الأخطاء-الصرفية-والمعجمية-والتركيبية.md	81	11	رمز المثال	[م٤-ب١٣-ف٤-مث٢٣]	يُحفظ	معرّفٌ إنتاجيٌّ في المصدر؛ ويُطبع [ر١-ف٤-مث٢٣] (يُحوَّل عند الإخراج)
book/الجزء-الرابع/الباب-الثالث-عشر/ف04-ب-الأخطاء-الصرفية-والمعجمية-والتركيبية.md	83	11	المستوى ن	المستوى ٣	يُصحّح	المستوى 4
book/الجزء-الرابع/الباب-الثالث-عشر/ف04-ب-الأخطاء-الصرفية-والمعجمية-والتركيبية.md	92	11	رمز المثال	[م٤-ب١٣-ف٤-مث٢٤]	يُحفظ	معرّفٌ إنتاجيٌّ في المصدر؛ ويُطبع [ر١-ف٤-مث٢٤] (يُحوَّل عند الإخراج)
book/الجزء-الرابع/الباب-الثالث-عشر/ف04-ب-الأخطاء-الصرفية-والمعجمية-والتركيبية.md	94	11	المستوى ن	المستوى ٢	يُصحّح	المستوى 3
book/الجزء-الرابع/الباب-الثالث-عشر/ف04-ب-الأخطاء-الصرفية-والمعجمية-والتركيبية.md	103	11	رمز المثال	[م٤-ب١٣-ف٤-مث٢٥]	يُحفظ	معرّفٌ إنتاجيٌّ في المصدر؛ ويُطبع [ر١-ف٤-مث٢٥] (يُحوَّل عند الإخراج)
book/الجزء-الرابع/الباب-الثالث-عشر/ف04-ب-الأخطاء-الصرفية-والمعجمية-والتركيبية.md	105	11	المستوى ن	المستوى ٣	يُصحّح	المستوى 4
book/الجزء-الرابع/الباب-الثالث-عشر/ف04-ب-الأخطاء-الصرفية-والمعجمية-والتركيبية.md	114	11	رمز المثال	[م٤-ب١٣-ف٤-مث٢٦]	يُحفظ	معرّفٌ إنتاجيٌّ في المصدر؛ ويُطبع [ر١-ف٤-مث٢٦] (يُحوَّل عند الإخراج)
book/الجزء-الرابع/الباب-الثالث-عشر/ف04-ب-الأخطاء-الصرفية-والمعجمية-والتركيبية.md	116	11	المستوى ن	المستوى ٢	يُصحّح	المستوى 3
book/الجزء-الرابع/الباب-الثالث-عشر/ف04-ب-الأخطاء-الصرفية-والمعجمية-والتركيبية.md	125	11	رمز المثال	[م٤-ب١٣-ف٤-مث٢٧]	يُحفظ	معرّفٌ إنتاجيٌّ في المصدر؛ ويُطبع [ر١-ف٤-مث٢٧] (يُحوَّل عند الإخراج)
book/الجزء-الرابع/الباب-الثالث-عشر/ف04-ب-الأخطاء-الصرفية-والمعجمية-والتركيبية.md	127	11	المستوى ن	المستوى ٣	يُصحّح	المستوى 4
book/الجزء-الرابع/الباب-الثالث-عشر/ف04-ب-الأخطاء-الصرفية-والمعجمية-والتركيبية.md	140	11	رمز المثال	[م٤-ب١٣-ف٤-مث٢٨]	يُحفظ	معرّفٌ إنتاجيٌّ في المصدر؛ ويُطبع [ر١-ف٤-مث٢٨] (يُحوَّل عند الإخراج)
book/الجزء-الرابع/الباب-الثالث-عشر/ف04-ب-الأخطاء-الصرفية-والمعجمية-والتركيبية.md	142	11	المستوى ن	المستوى ٣	يُصحّح	المستوى 4
book/الجزء-الرابع/الباب-الثالث-عشر/ف04-ب-الأخطاء-الصرفية-والمعجمية-والتركيبية.md	151	11	رمز المثال	[م٤-ب١٣-ف٤-مث٢٩]	يُحفظ	معرّفٌ إنتاجيٌّ في المصدر؛ ويُطبع [ر١-ف٤-مث٢٩] (يُحوَّل عند الإخراج)
book/الجزء-الرابع/الباب-الثالث-عشر/ف04-ب-الأخطاء-الصرفية-والمعجمية-والتركيبية.md	153	11	المستوى ن	المستوى ٣	يُصحّح	المستوى 4
book/الجزء-الرابع/الباب-الثالث-عشر/ف04-ب-الأخطاء-الصرفية-والمعجمية-والتركيبية.md	162	11	رمز المثال	[م٤-ب١٣-ف٤-مث٣٠]	يُحفظ	معرّفٌ إنتاجيٌّ في المصدر؛ ويُطبع [ر١-ف٤-مث٣٠] (يُحوَّل عند الإخراج)
book/الجزء-الرابع/الباب-الثالث-عشر/ف04-ب-الأخطاء-الصرفية-والمعجمية-والتركيبية.md	164	11	المستوى ن	المستوى ٣	يُصحّح	المستوى 4
book/الجزء-الرابع/الباب-الثالث-عشر/ف04-ب-الأخطاء-الصرفية-والمعجمية-والتركيبية.md	173	11	رمز المثال	[م٤-ب١٣-ف٤-مث٣١]	يُحفظ	معرّفٌ إنتاجيٌّ في المصدر؛ ويُطبع [ر١-ف٤-مث٣١] (يُحوَّل عند الإخراج)
book/الجزء-الرابع/الباب-الثالث-عشر/ف04-ب-الأخطاء-الصرفية-والمعجمية-والتركيبية.md	175	11	المستوى ن	المستوى ٣	يُصحّح	المستوى 4
book/الجزء-الرابع/الباب-الثالث-عشر/ف04-ب-الأخطاء-الصرفية-والمعجمية-والتركيبية.md	184	11	رمز المثال	[م٤-ب١٣-ف٤-مث٣٢]	يُحفظ	معرّفٌ إنتاجيٌّ في المصدر؛ ويُطبع [ر١-ف٤-مث٣٢] (يُحوَّل عند الإخراج)
book/الجزء-الرابع/الباب-الثالث-عشر/ف04-ب-الأخطاء-الصرفية-والمعجمية-والتركيبية.md	186	11	المستوى ن	المستوى ٣	يُصحّح	المستوى 4
book/الجزء-الرابع/الباب-الثالث-عشر/ف05-الأسلوب-والثقافة-والمقام.md	5	11	الباب ١٣ (بنك الأخطاء)	الباب الثالث عشر	يُصحّح	المرجع الأول: بنك الأخطاء (في المجلد الحادي عشر)
book/الجزء-الرابع/الباب-الثالث-عشر/ف05-الأسلوب-والثقافة-والمقام.md	33	11	رمز المثال	[م٤-ب١٣-ف٥-مث١]	يُحفظ	معرّفٌ إنتاجيٌّ في المصدر؛ ويُطبع [ر١-ف٥-مث١] (يُحوَّل عند الإخراج)
book/الجزء-الرابع/الباب-الثالث-عشر/ف05-الأسلوب-والثقافة-والمقام.md	44	11	رمز المثال	[م٤-ب١٣-ف٥-مث٢]	يُحفظ	معرّفٌ إنتاجيٌّ في المصدر؛ ويُطبع [ر١-ف٥-مث٢] (يُحوَّل عند الإخراج)
book/الجزء-الرابع/الباب-الثالث-عشر/ف05-الأسلوب-والثقافة-والمقام.md	55	11	رمز المثال	[م٤-ب١٣-ف٥-مث٣]	يُحفظ	معرّفٌ إنتاجيٌّ في المصدر؛ ويُطبع [ر١-ف٥-مث٣] (يُحوَّل عند الإخراج)
book/الجزء-الرابع/الباب-الثالث-عشر/ف05-الأسلوب-والثقافة-والمقام.md	66	11	رمز المثال	[م٤-ب١٣-ف٥-مث٤]	يُحفظ	معرّفٌ إنتاجيٌّ في المصدر؛ ويُطبع [ر١-ف٥-مث٤] (يُحوَّل عند الإخراج)
book/الجزء-الرابع/الباب-الثالث-عشر/ف05-الأسلوب-والثقافة-والمقام.md	77	11	رمز المثال	[م٤-ب١٣-ف٥-مث٥]	يُحفظ	معرّفٌ إنتاجيٌّ في المصدر؛ ويُطبع [ر١-ف٥-مث٥] (يُحوَّل عند الإخراج)
book/الجزء-الرابع/الباب-الثالث-عشر/ف05-الأسلوب-والثقافة-والمقام.md	88	11	رمز المثال	[م٤-ب١٣-ف٥-مث٦]	يُحفظ	معرّفٌ إنتاجيٌّ في المصدر؛ ويُطبع [ر١-ف٥-مث٦] (يُحوَّل عند الإخراج)
book/الجزء-الرابع/الباب-الثالث-عشر/ف05-الأسلوب-والثقافة-والمقام.md	99	11	رمز المثال	[م٤-ب١٣-ف٥-مث٧]	يُحفظ	معرّفٌ إنتاجيٌّ في المصدر؛ ويُطبع [ر١-ف٥-مث٧] (يُحوَّل عند الإخراج)
book/الجزء-الرابع/الباب-الثالث-عشر/ف05-الأسلوب-والثقافة-والمقام.md	112	11	رمز المثال	[م٤-ب١٣-ف٥-مث٨]	يُحفظ	معرّفٌ إنتاجيٌّ في المصدر؛ ويُطبع [ر١-ف٥-مث٨] (يُحوَّل عند الإخراج)
book/الجزء-الرابع/الباب-الثالث-عشر/ف05-الأسلوب-والثقافة-والمقام.md	123	11	رمز المثال	[م٤-ب١٣-ف٥-مث٩]	يُحفظ	معرّفٌ إنتاجيٌّ في المصدر؛ ويُطبع [ر١-ف٥-مث٩] (يُحوَّل عند الإخراج)
book/الجزء-الرابع/الباب-الثالث-عشر/ف05-الأسلوب-والثقافة-والمقام.md	134	11	رمز المثال	[م٤-ب١٣-ف٥-مث١٠]	يُحفظ	معرّفٌ إنتاجيٌّ في المصدر؛ ويُطبع [ر١-ف٥-مث١٠] (يُحوَّل عند الإخراج)
book/الجزء-الرابع/الباب-الثالث-عشر/ف05-الأسلوب-والثقافة-والمقام.md	145	11	رمز المثال	[م٤-ب١٣-ف٥-مث١١]	يُحفظ	معرّفٌ إنتاجيٌّ في المصدر؛ ويُطبع [ر١-ف٥-مث١١] (يُحوَّل عند الإخراج)
book/الجزء-الرابع/الباب-الثالث-عشر/ف05-الأسلوب-والثقافة-والمقام.md	156	11	رمز المثال	[م٤-ب١٣-ف٥-مث١٢]	يُحفظ	معرّفٌ إنتاجيٌّ في المصدر؛ ويُطبع [ر١-ف٥-مث١٢] (يُحوَّل عند الإخراج)
book/الجزء-الرابع/الباب-الثالث-عشر/ف05-الأسلوب-والثقافة-والمقام.md	167	11	رمز المثال	[م٤-ب١٣-ف٥-مث١٣]	يُحفظ	معرّفٌ إنتاجيٌّ في المصدر؛ ويُطبع [ر١-ف٥-مث١٣] (يُحوَّل عند الإخراج)
book/الجزء-الرابع/الباب-الثالث-عشر/ف05-الأسلوب-والثقافة-والمقام.md	178	11	رمز المثال	[م٤-ب١٣-ف٥-مث١٤]	يُحفظ	معرّفٌ إنتاجيٌّ في المصدر؛ ويُطبع [ر١-ف٥-مث١٤] (يُحوَّل عند الإخراج)
book/الجزء-الرابع/الباب-الثالث-عشر/ف05-الأسلوب-والثقافة-والمقام.md	191	11	رمز المثال	[م٤-ب١٣-ف٥-مث١٥]	يُحفظ	معرّفٌ إنتاجيٌّ في المصدر؛ ويُطبع [ر١-ف٥-مث١٥] (يُحوَّل عند الإخراج)
book/الجزء-الرابع/الباب-الثالث-عشر/ف05-الأسلوب-والثقافة-والمقام.md	202	11	رمز المثال	[م٤-ب١٣-ف٥-مث١٦]	يُحفظ	معرّفٌ إنتاجيٌّ في المصدر؛ ويُطبع [ر١-ف٥-مث١٦] (يُحوَّل عند الإخراج)
book/الجزء-الرابع/الباب-الثالث-عشر/ف05-الأسلوب-والثقافة-والمقام.md	213	11	رمز المثال	[م٤-ب١٣-ف٥-مث١٧]	يُحفظ	معرّفٌ إنتاجيٌّ في المصدر؛ ويُطبع [ر١-ف٥-مث١٧] (يُحوَّل عند الإخراج)
book/الجزء-الرابع/الباب-الثالث-عشر/ف05-الأسلوب-والثقافة-والمقام.md	224	11	رمز المثال	[م٤-ب١٣-ف٥-مث١٨]	يُحفظ	معرّفٌ إنتاجيٌّ في المصدر؛ ويُطبع [ر١-ف٥-مث١٨] (يُحوَّل عند الإخراج)
book/الجزء-الرابع/الباب-الثالث-عشر/ف05-الأسلوب-والثقافة-والمقام.md	235	11	رمز المثال	[م٤-ب١٣-ف٥-مث١٩]	يُحفظ	معرّفٌ إنتاجيٌّ في المصدر؛ ويُطبع [ر١-ف٥-مث١٩] (يُحوَّل عند الإخراج)
book/الجزء-الرابع/الباب-الثالث-عشر/ف05-الأسلوب-والثقافة-والمقام.md	246	11	رمز المثال	[م٤-ب١٣-ف٥-مث٢٠]	يُحفظ	معرّفٌ إنتاجيٌّ في المصدر؛ ويُطبع [ر١-ف٥-مث٢٠] (يُحوَّل عند الإخراج)
book/الجزء-الرابع/الباب-الثالث-عشر/ف05-الأسلوب-والثقافة-والمقام.md	259	11	رمز المثال	[م٤-ب١٣-ف٥-مث٢١]	يُحفظ	معرّفٌ إنتاجيٌّ في المصدر؛ ويُطبع [ر١-ف٥-مث٢١] (يُحوَّل عند الإخراج)
book/الجزء-الرابع/الباب-الثالث-عشر/ف05-الأسلوب-والثقافة-والمقام.md	270	11	رمز المثال	[م٤-ب١٣-ف٥-مث٢٢]	يُحفظ	معرّفٌ إنتاجيٌّ في المصدر؛ ويُطبع [ر١-ف٥-مث٢٢] (يُحوَّل عند الإخراج)
book/الجزء-الرابع/الباب-الثالث-عشر/ف05-الأسلوب-والثقافة-والمقام.md	281	11	رمز المثال	[م٤-ب١٣-ف٥-مث٢٣]	يُحفظ	معرّفٌ إنتاجيٌّ في المصدر؛ ويُطبع [ر١-ف٥-مث٢٣] (يُحوَّل عند الإخراج)
book/الجزء-الرابع/الباب-الثالث-عشر/ف05-الأسلوب-والثقافة-والمقام.md	292	11	رمز المثال	[م٤-ب١٣-ف٥-مث٢٤]	يُحفظ	معرّفٌ إنتاجيٌّ في المصدر؛ ويُطبع [ر١-ف٥-مث٢٤] (يُحوَّل عند الإخراج)
book/الجزء-الرابع/الباب-الثالث-عشر/ف05-الأسلوب-والثقافة-والمقام.md	303	11	رمز المثال	[م٤-ب١٣-ف٥-مث٢٥]	يُحفظ	معرّفٌ إنتاجيٌّ في المصدر؛ ويُطبع [ر١-ف٥-مث٢٥] (يُحوَّل عند الإخراج)
book/الجزء-الرابع/الباب-الثالث-عشر/ف05-الأسلوب-والثقافة-والمقام.md	314	11	رمز المثال	[م٤-ب١٣-ف٥-مث٢٦]	يُحفظ	معرّفٌ إنتاجيٌّ في المصدر؛ ويُطبع [ر١-ف٥-مث٢٦] (يُحوَّل عند الإخراج)
book/الجزء-الرابع/الباب-الثالث-عشر/ف06-الصوت-والسرعة-وترتيب-الأفكار.md	5	11	الباب ١٣ (بنك الأخطاء)	الباب الثالث عشر	يُصحّح	المرجع الأول: بنك الأخطاء (في المجلد الحادي عشر)
book/الجزء-الرابع/الباب-الثالث-عشر/ف06-الصوت-والسرعة-وترتيب-الأفكار.md	33	11	رمز المثال	[م٤-ب١٣-ف٦-مث١]	يُحفظ	معرّفٌ إنتاجيٌّ في المصدر؛ ويُطبع [ر١-ف٦-مث١] (يُحوَّل عند الإخراج)
book/الجزء-الرابع/الباب-الثالث-عشر/ف06-الصوت-والسرعة-وترتيب-الأفكار.md	44	11	رمز المثال	[م٤-ب١٣-ف٦-مث٢]	يُحفظ	معرّفٌ إنتاجيٌّ في المصدر؛ ويُطبع [ر١-ف٦-مث٢] (يُحوَّل عند الإخراج)
book/الجزء-الرابع/الباب-الثالث-عشر/ف06-الصوت-والسرعة-وترتيب-الأفكار.md	55	11	رمز المثال	[م٤-ب١٣-ف٦-مث٣]	يُحفظ	معرّفٌ إنتاجيٌّ في المصدر؛ ويُطبع [ر١-ف٦-مث٣] (يُحوَّل عند الإخراج)
book/الجزء-الرابع/الباب-الثالث-عشر/ف06-الصوت-والسرعة-وترتيب-الأفكار.md	66	11	رمز المثال	[م٤-ب١٣-ف٦-مث٤]	يُحفظ	معرّفٌ إنتاجيٌّ في المصدر؛ ويُطبع [ر١-ف٦-مث٤] (يُحوَّل عند الإخراج)
book/الجزء-الرابع/الباب-الثالث-عشر/ف06-الصوت-والسرعة-وترتيب-الأفكار.md	77	11	رمز المثال	[م٤-ب١٣-ف٦-مث٥]	يُحفظ	معرّفٌ إنتاجيٌّ في المصدر؛ ويُطبع [ر١-ف٦-مث٥] (يُحوَّل عند الإخراج)
book/الجزء-الرابع/الباب-الثالث-عشر/ف06-الصوت-والسرعة-وترتيب-الأفكار.md	84	11	الجزء ن	الجزء الأول	مراجعة بشرية	قراءة مقترحة: استعمالٌ لغويٌّ عام، لا بنية الكتاب؛ يُحفظ
book/الجزء-الرابع/الباب-الثالث-عشر/ف06-الصوت-والسرعة-وترتيب-الأفكار.md	88	11	رمز المثال	[م٤-ب١٣-ف٦-مث٦]	يُحفظ	معرّفٌ إنتاجيٌّ في المصدر؛ ويُطبع [ر١-ف٦-مث٦] (يُحوَّل عند الإخراج)
book/الجزء-الرابع/الباب-الثالث-عشر/ف06-الصوت-والسرعة-وترتيب-الأفكار.md	101	11	رمز المثال	[م٤-ب١٣-ف٦-مث٧]	يُحفظ	معرّفٌ إنتاجيٌّ في المصدر؛ ويُطبع [ر١-ف٦-مث٧] (يُحوَّل عند الإخراج)
book/الجزء-الرابع/الباب-الثالث-عشر/ف06-الصوت-والسرعة-وترتيب-الأفكار.md	112	11	رمز المثال	[م٤-ب١٣-ف٦-مث٨]	يُحفظ	معرّفٌ إنتاجيٌّ في المصدر؛ ويُطبع [ر١-ف٦-مث٨] (يُحوَّل عند الإخراج)
book/الجزء-الرابع/الباب-الثالث-عشر/ف06-الصوت-والسرعة-وترتيب-الأفكار.md	123	11	رمز المثال	[م٤-ب١٣-ف٦-مث٩]	يُحفظ	معرّفٌ إنتاجيٌّ في المصدر؛ ويُطبع [ر١-ف٦-مث٩] (يُحوَّل عند الإخراج)
book/الجزء-الرابع/الباب-الثالث-عشر/ف06-الصوت-والسرعة-وترتيب-الأفكار.md	134	11	رمز المثال	[م٤-ب١٣-ف٦-مث١٠]	يُحفظ	معرّفٌ إنتاجيٌّ في المصدر؛ ويُطبع [ر١-ف٦-مث١٠] (يُحوَّل عند الإخراج)
book/الجزء-الرابع/الباب-الثالث-عشر/ف06-الصوت-والسرعة-وترتيب-الأفكار.md	147	11	رمز المثال	[م٤-ب١٣-ف٦-مث١١]	يُحفظ	معرّفٌ إنتاجيٌّ في المصدر؛ ويُطبع [ر١-ف٦-مث١١] (يُحوَّل عند الإخراج)
book/الجزء-الرابع/الباب-الثالث-عشر/ف06-الصوت-والسرعة-وترتيب-الأفكار.md	158	11	رمز المثال	[م٤-ب١٣-ف٦-مث١٢]	يُحفظ	معرّفٌ إنتاجيٌّ في المصدر؛ ويُطبع [ر١-ف٦-مث١٢] (يُحوَّل عند الإخراج)
book/الجزء-الرابع/الباب-الثالث-عشر/ف06-الصوت-والسرعة-وترتيب-الأفكار.md	169	11	رمز المثال	[م٤-ب١٣-ف٦-مث١٣]	يُحفظ	معرّفٌ إنتاجيٌّ في المصدر؛ ويُطبع [ر١-ف٦-مث١٣] (يُحوَّل عند الإخراج)
book/الجزء-الرابع/الباب-الثالث-عشر/ف06-الصوت-والسرعة-وترتيب-الأفكار.md	180	11	رمز المثال	[م٤-ب١٣-ف٦-مث١٤]	يُحفظ	معرّفٌ إنتاجيٌّ في المصدر؛ ويُطبع [ر١-ف٦-مث١٤] (يُحوَّل عند الإخراج)
book/الجزء-الرابع/الباب-الثالث-عشر/ف06-الصوت-والسرعة-وترتيب-الأفكار.md	191	11	رمز المثال	[م٤-ب١٣-ف٦-مث١٥]	يُحفظ	معرّفٌ إنتاجيٌّ في المصدر؛ ويُطبع [ر١-ف٦-مث١٥] (يُحوَّل عند الإخراج)
book/الجزء-الرابع/الباب-الثالث-عشر/ف06-الصوت-والسرعة-وترتيب-الأفكار.md	202	11	رمز المثال	[م٤-ب١٣-ف٦-مث١٦]	يُحفظ	معرّفٌ إنتاجيٌّ في المصدر؛ ويُطبع [ر١-ف٦-مث١٦] (يُحوَّل عند الإخراج)
book/الجزء-الرابع/الباب-الثالث-عشر/ف06-الصوت-والسرعة-وترتيب-الأفكار.md	215	11	رمز المثال	[م٤-ب١٣-ف٦-مث١٧]	يُحفظ	معرّفٌ إنتاجيٌّ في المصدر؛ ويُطبع [ر١-ف٦-مث١٧] (يُحوَّل عند الإخراج)
book/الجزء-الرابع/الباب-الثالث-عشر/ف06-الصوت-والسرعة-وترتيب-الأفكار.md	226	11	رمز المثال	[م٤-ب١٣-ف٦-مث١٨]	يُحفظ	معرّفٌ إنتاجيٌّ في المصدر؛ ويُطبع [ر١-ف٦-مث١٨] (يُحوَّل عند الإخراج)
book/الجزء-الرابع/الباب-الثالث-عشر/ف06-الصوت-والسرعة-وترتيب-الأفكار.md	237	11	رمز المثال	[م٤-ب١٣-ف٦-مث١٩]	يُحفظ	معرّفٌ إنتاجيٌّ في المصدر؛ ويُطبع [ر١-ف٦-مث١٩] (يُحوَّل عند الإخراج)
book/الجزء-الرابع/الباب-الثالث-عشر/ف07-المقابلات-والخطابة-والإعلام-والعلماء.md	5	11	الباب ١٣ (بنك الأخطاء)	الباب الثالث عشر	يُصحّح	المرجع الأول: بنك الأخطاء (في المجلد الحادي عشر)
book/الجزء-الرابع/الباب-الثالث-عشر/ف07-المقابلات-والخطابة-والإعلام-والعلماء.md	31	11	رمز المثال	[م٤-ب١٣-ف٧-مث١]	يُحفظ	معرّفٌ إنتاجيٌّ في المصدر؛ ويُطبع [ر١-ف٧-مث١] (يُحوَّل عند الإخراج)
book/الجزء-الرابع/الباب-الثالث-عشر/ف07-المقابلات-والخطابة-والإعلام-والعلماء.md	42	11	رمز المثال	[م٤-ب١٣-ف٧-مث٢]	يُحفظ	معرّفٌ إنتاجيٌّ في المصدر؛ ويُطبع [ر١-ف٧-مث٢] (يُحوَّل عند الإخراج)
book/الجزء-الرابع/الباب-الثالث-عشر/ف07-المقابلات-والخطابة-والإعلام-والعلماء.md	53	11	رمز المثال	[م٤-ب١٣-ف٧-مث٣]	يُحفظ	معرّفٌ إنتاجيٌّ في المصدر؛ ويُطبع [ر١-ف٧-مث٣] (يُحوَّل عند الإخراج)
book/الجزء-الرابع/الباب-الثالث-عشر/ف07-المقابلات-والخطابة-والإعلام-والعلماء.md	64	11	رمز المثال	[م٤-ب١٣-ف٧-مث٤]	يُحفظ	معرّفٌ إنتاجيٌّ في المصدر؛ ويُطبع [ر١-ف٧-مث٤] (يُحوَّل عند الإخراج)
book/الجزء-الرابع/الباب-الثالث-عشر/ف07-المقابلات-والخطابة-والإعلام-والعلماء.md	75	11	رمز المثال	[م٤-ب١٣-ف٧-مث٥]	يُحفظ	معرّفٌ إنتاجيٌّ في المصدر؛ ويُطبع [ر١-ف٧-مث٥] (يُحوَّل عند الإخراج)
book/الجزء-الرابع/الباب-الثالث-عشر/ف07-المقابلات-والخطابة-والإعلام-والعلماء.md	86	11	رمز المثال	[م٤-ب١٣-ف٧-مث٦]	يُحفظ	معرّفٌ إنتاجيٌّ في المصدر؛ ويُطبع [ر١-ف٧-مث٦] (يُحوَّل عند الإخراج)
book/الجزء-الرابع/الباب-الثالث-عشر/ف07-المقابلات-والخطابة-والإعلام-والعلماء.md	99	11	رمز المثال	[م٤-ب١٣-ف٧-مث٧]	يُحفظ	معرّفٌ إنتاجيٌّ في المصدر؛ ويُطبع [ر١-ف٧-مث٧] (يُحوَّل عند الإخراج)
book/الجزء-الرابع/الباب-الثالث-عشر/ف07-المقابلات-والخطابة-والإعلام-والعلماء.md	110	11	رمز المثال	[م٤-ب١٣-ف٧-مث٨]	يُحفظ	معرّفٌ إنتاجيٌّ في المصدر؛ ويُطبع [ر١-ف٧-مث٨] (يُحوَّل عند الإخراج)
book/الجزء-الرابع/الباب-الثالث-عشر/ف07-المقابلات-والخطابة-والإعلام-والعلماء.md	121	11	رمز المثال	[م٤-ب١٣-ف٧-مث٩]	يُحفظ	معرّفٌ إنتاجيٌّ في المصدر؛ ويُطبع [ر١-ف٧-مث٩] (يُحوَّل عند الإخراج)
book/الجزء-الرابع/الباب-الثالث-عشر/ف07-المقابلات-والخطابة-والإعلام-والعلماء.md	132	11	رمز المثال	[م٤-ب١٣-ف٧-مث١٠]	يُحفظ	معرّفٌ إنتاجيٌّ في المصدر؛ ويُطبع [ر١-ف٧-مث١٠] (يُحوَّل عند الإخراج)
book/الجزء-الرابع/الباب-الثالث-عشر/ف07-المقابلات-والخطابة-والإعلام-والعلماء.md	143	11	رمز المثال	[م٤-ب١٣-ف٧-مث١١]	يُحفظ	معرّفٌ إنتاجيٌّ في المصدر؛ ويُطبع [ر١-ف٧-مث١١] (يُحوَّل عند الإخراج)
book/الجزء-الرابع/الباب-الثالث-عشر/ف07-المقابلات-والخطابة-والإعلام-والعلماء.md	156	11	رمز المثال	[م٤-ب١٣-ف٧-مث١٢]	يُحفظ	معرّفٌ إنتاجيٌّ في المصدر؛ ويُطبع [ر١-ف٧-مث١٢] (يُحوَّل عند الإخراج)
book/الجزء-الرابع/الباب-الثالث-عشر/ف07-المقابلات-والخطابة-والإعلام-والعلماء.md	167	11	رمز المثال	[م٤-ب١٣-ف٧-مث١٣]	يُحفظ	معرّفٌ إنتاجيٌّ في المصدر؛ ويُطبع [ر١-ف٧-مث١٣] (يُحوَّل عند الإخراج)
book/الجزء-الرابع/الباب-الثالث-عشر/ف07-المقابلات-والخطابة-والإعلام-والعلماء.md	178	11	رمز المثال	[م٤-ب١٣-ف٧-مث١٤]	يُحفظ	معرّفٌ إنتاجيٌّ في المصدر؛ ويُطبع [ر١-ف٧-مث١٤] (يُحوَّل عند الإخراج)
book/الجزء-الرابع/الباب-الثالث-عشر/ف07-المقابلات-والخطابة-والإعلام-والعلماء.md	189	11	رمز المثال	[م٤-ب١٣-ف٧-مث١٥]	يُحفظ	معرّفٌ إنتاجيٌّ في المصدر؛ ويُطبع [ر١-ف٧-مث١٥] (يُحوَّل عند الإخراج)
book/الجزء-الرابع/الباب-الثالث-عشر/ف07-المقابلات-والخطابة-والإعلام-والعلماء.md	200	11	رمز المثال	[م٤-ب١٣-ف٧-مث١٦]	يُحفظ	معرّفٌ إنتاجيٌّ في المصدر؛ ويُطبع [ر١-ف٧-مث١٦] (يُحوَّل عند الإخراج)
book/الجزء-الرابع/الباب-الثالث-عشر/ف07-المقابلات-والخطابة-والإعلام-والعلماء.md	215	11	رمز المثال	[م٤-ب١٣-ف٧-مث١٧]	يُحفظ	معرّفٌ إنتاجيٌّ في المصدر؛ ويُطبع [ر١-ف٧-مث١٧] (يُحوَّل عند الإخراج)
book/الجزء-الرابع/الباب-الثالث-عشر/ف07-المقابلات-والخطابة-والإعلام-والعلماء.md	226	11	رمز المثال	[م٤-ب١٣-ف٧-مث١٨]	يُحفظ	معرّفٌ إنتاجيٌّ في المصدر؛ ويُطبع [ر١-ف٧-مث١٨] (يُحوَّل عند الإخراج)
book/الجزء-الرابع/الباب-الثالث-عشر/ف07-المقابلات-والخطابة-والإعلام-والعلماء.md	237	11	رمز المثال	[م٤-ب١٣-ف٧-مث١٩]	يُحفظ	معرّفٌ إنتاجيٌّ في المصدر؛ ويُطبع [ر١-ف٧-مث١٩] (يُحوَّل عند الإخراج)
book/الجزء-الرابع/الباب-الثالث-عشر/ف07-المقابلات-والخطابة-والإعلام-والعلماء.md	248	11	رمز المثال	[م٤-ب١٣-ف٧-مث٢٠]	يُحفظ	معرّفٌ إنتاجيٌّ في المصدر؛ ويُطبع [ر١-ف٧-مث٢٠] (يُحوَّل عند الإخراج)
book/الجزء-الرابع/الباب-الثالث-عشر/ف07-المقابلات-والخطابة-والإعلام-والعلماء.md	259	11	رمز المثال	[م٤-ب١٣-ف٧-مث٢١]	يُحفظ	معرّفٌ إنتاجيٌّ في المصدر؛ ويُطبع [ر١-ف٧-مث٢١] (يُحوَّل عند الإخراج)
book/الجزء-الرابع/الباب-الثالث-عشر/ف07-المقابلات-والخطابة-والإعلام-والعلماء.md	270	11	رمز المثال	[م٤-ب١٣-ف٧-مث٢٢]	يُحفظ	معرّفٌ إنتاجيٌّ في المصدر؛ ويُطبع [ر١-ف٧-مث٢٢] (يُحوَّل عند الإخراج)
book/الجزء-الرابع/الباب-الثالث-عشر/ف08-الخروج-عن-الموضوع-والتكلف.md	5	11	الباب ١٣ (بنك الأخطاء)	الباب الثالث عشر	يُصحّح	المرجع الأول: بنك الأخطاء (في المجلد الحادي عشر)
book/الجزء-الرابع/الباب-الثالث-عشر/ف08-الخروج-عن-الموضوع-والتكلف.md	33	11	رمز المثال	[م٤-ب١٣-ف٨-مث١]	يُحفظ	معرّفٌ إنتاجيٌّ في المصدر؛ ويُطبع [ر١-ف٨-مث١] (يُحوَّل عند الإخراج)
book/الجزء-الرابع/الباب-الثالث-عشر/ف08-الخروج-عن-الموضوع-والتكلف.md	44	11	رمز المثال	[م٤-ب١٣-ف٨-مث٢]	يُحفظ	معرّفٌ إنتاجيٌّ في المصدر؛ ويُطبع [ر١-ف٨-مث٢] (يُحوَّل عند الإخراج)
book/الجزء-الرابع/الباب-الثالث-عشر/ف08-الخروج-عن-الموضوع-والتكلف.md	55	11	رمز المثال	[م٤-ب١٣-ف٨-مث٣]	يُحفظ	معرّفٌ إنتاجيٌّ في المصدر؛ ويُطبع [ر١-ف٨-مث٣] (يُحوَّل عند الإخراج)
book/الجزء-الرابع/الباب-الثالث-عشر/ف08-الخروج-عن-الموضوع-والتكلف.md	66	11	رمز المثال	[م٤-ب١٣-ف٨-مث٤]	يُحفظ	معرّفٌ إنتاجيٌّ في المصدر؛ ويُطبع [ر١-ف٨-مث٤] (يُحوَّل عند الإخراج)
book/الجزء-الرابع/الباب-الثالث-عشر/ف08-الخروج-عن-الموضوع-والتكلف.md	79	11	رمز المثال	[م٤-ب١٣-ف٨-مث٥]	يُحفظ	معرّفٌ إنتاجيٌّ في المصدر؛ ويُطبع [ر١-ف٨-مث٥] (يُحوَّل عند الإخراج)
book/الجزء-الرابع/الباب-الثالث-عشر/ف08-الخروج-عن-الموضوع-والتكلف.md	90	11	رمز المثال	[م٤-ب١٣-ف٨-مث٦]	يُحفظ	معرّفٌ إنتاجيٌّ في المصدر؛ ويُطبع [ر١-ف٨-مث٦] (يُحوَّل عند الإخراج)
book/الجزء-الرابع/الباب-الثالث-عشر/ف08-الخروج-عن-الموضوع-والتكلف.md	101	11	رمز المثال	[م٤-ب١٣-ف٨-مث٧]	يُحفظ	معرّفٌ إنتاجيٌّ في المصدر؛ ويُطبع [ر١-ف٨-مث٧] (يُحوَّل عند الإخراج)
book/الجزء-الرابع/الباب-الثالث-عشر/ف08-الخروج-عن-الموضوع-والتكلف.md	112	11	رمز المثال	[م٤-ب١٣-ف٨-مث٨]	يُحفظ	معرّفٌ إنتاجيٌّ في المصدر؛ ويُطبع [ر١-ف٨-مث٨] (يُحوَّل عند الإخراج)
book/الجزء-الرابع/الباب-الثالث-عشر/ف08-الخروج-عن-الموضوع-والتكلف.md	125	11	رمز المثال	[م٤-ب١٣-ف٨-مث٩]	يُحفظ	معرّفٌ إنتاجيٌّ في المصدر؛ ويُطبع [ر١-ف٨-مث٩] (يُحوَّل عند الإخراج)
book/الجزء-الرابع/الباب-الثالث-عشر/ف08-الخروج-عن-الموضوع-والتكلف.md	136	11	رمز المثال	[م٤-ب١٣-ف٨-مث١٠]	يُحفظ	معرّفٌ إنتاجيٌّ في المصدر؛ ويُطبع [ر١-ف٨-مث١٠] (يُحوَّل عند الإخراج)
book/الجزء-الرابع/الباب-الثالث-عشر/ف08-الخروج-عن-الموضوع-والتكلف.md	147	11	رمز المثال	[م٤-ب١٣-ف٨-مث١١]	يُحفظ	معرّفٌ إنتاجيٌّ في المصدر؛ ويُطبع [ر١-ف٨-مث١١] (يُحوَّل عند الإخراج)
book/الجزء-الرابع/الباب-الثالث-عشر/ف08-الخروج-عن-الموضوع-والتكلف.md	158	11	رمز المثال	[م٤-ب١٣-ف٨-مث١٢]	يُحفظ	معرّفٌ إنتاجيٌّ في المصدر؛ ويُطبع [ر١-ف٨-مث١٢] (يُحوَّل عند الإخراج)
book/الجزء-الرابع/الباب-الثالث-عشر/ف08-الخروج-عن-الموضوع-والتكلف.md	171	11	رمز المثال	[م٤-ب١٣-ف٨-مث١٣]	يُحفظ	معرّفٌ إنتاجيٌّ في المصدر؛ ويُطبع [ر١-ف٨-مث١٣] (يُحوَّل عند الإخراج)
book/الجزء-الرابع/الباب-الثالث-عشر/ف08-الخروج-عن-الموضوع-والتكلف.md	182	11	رمز المثال	[م٤-ب١٣-ف٨-مث١٤]	يُحفظ	معرّفٌ إنتاجيٌّ في المصدر؛ ويُطبع [ر١-ف٨-مث١٤] (يُحوَّل عند الإخراج)
book/الجزء-الرابع/الباب-الثالث-عشر/ف08-الخروج-عن-الموضوع-والتكلف.md	193	11	رمز المثال	[م٤-ب١٣-ف٨-مث١٥]	يُحفظ	معرّفٌ إنتاجيٌّ في المصدر؛ ويُطبع [ر١-ف٨-مث١٥] (يُحوَّل عند الإخراج)
book/الجزء-الرابع/الباب-الثالث-عشر/ف08-الخروج-عن-الموضوع-والتكلف.md	204	11	رمز المثال	[م٤-ب١٣-ف٨-مث١٦]	يُحفظ	معرّفٌ إنتاجيٌّ في المصدر؛ ويُطبع [ر١-ف٨-مث١٦] (يُحوَّل عند الإخراج)
book/الملاحق/ملحق-ب-معجم-الترجمة-الحرفية.md	15	11	إنجليزية	parti	يُحفظ	عنوان مصدرٍ أو عبارةٌ إنجليزية مدروسة، لا بنية الكتاب
book/الملاحق/ملحق-ب-معجم-الترجمة-الحرفية.md	65	11	إنجليزية	part	يُحفظ	عنوان مصدرٍ أو عبارةٌ إنجليزية مدروسة، لا بنية الكتاب
book/الملاحق/ملحق-ب-معجم-الترجمة-الحرفية.md	138	11	إنجليزية	parti	يُحفظ	عنوان مصدرٍ أو عبارةٌ إنجليزية مدروسة، لا بنية الكتاب
book/الملاحق/ملحق-ب-معجم-الترجمة-الحرفية.md	152	11	إنجليزية	part	يُحفظ	عنوان مصدرٍ أو عبارةٌ إنجليزية مدروسة، لا بنية الكتاب
book/الملاحق/ملحق-د-نصوص-الحلقات-٢.md	129	—	الباب ١٣ (بنك الأخطاء)	الباب الثالث عشر	يُصحّح	المرجع الأول: بنك الأخطاء (في المجلد الحادي عشر) (سكريبتات الحلقات (كتابٌ مرافق))
book/الملاحق/ملحق-د-نصوص-الحلقات-٢.md	132	—	الباب ١٤	الباب الرابع عشر	يُصحّح	الباب الثالث عشر (سكريبتات الحلقات (كتابٌ مرافق))
book/الملاحق/ملحق-ز-أدوات-التقويم-٢.md	190	—	الثمانية	الثمانية	يُصحّح	الأحد عشر (بنك الاختبارات ودليل المعلم (كتابان مرافقان))
book/الملاحق/ملحق-ز-أدوات-التقويم.md	22	—	الجزء ن	الجزء الأول	مراجعة بشرية	قراءة مقترحة: استعمالٌ لغويٌّ عام، لا بنية الكتاب؛ يُحفظ (بنك الاختبارات ودليل المعلم (كتابان مرافقان))
book/الملاحق/ملحق-ز-أدوات-التقويم.md	25	—	الثمانية	الثمانية	يُصحّح	الأحد عشر (بنك الاختبارات ودليل المعلم (كتابان مرافقان))
book/الملاحق/ملحق-ز-أدوات-التقويم.md	25	—	الأجزاء	الأجزاء	مراجعة بشرية	قراءة مقترحة: استعمالٌ لغويٌّ عام، لا بنية الكتاب؛ يُحفظ (بنك الاختبارات ودليل المعلم (كتابان مرافقان))
book/الملاحق/ملحق-ز-أدوات-التقويم.md	27	—	الجزء ن	الجزء الأول	مراجعة بشرية	قراءة مقترحة: استعمالٌ لغويٌّ عام، لا بنية الكتاب؛ يُحفظ (بنك الاختبارات ودليل المعلم (كتابان مرافقان))
book/الملاحق/ملحق-ز-أدوات-التقويم.md	35	—	الجزء ن	الجزء الثاني	مراجعة بشرية	قراءة مقترحة: استعمالٌ لغويٌّ عام، لا بنية الكتاب؛ يُحفظ (بنك الاختبارات ودليل المعلم (كتابان مرافقان))
book/الملاحق/ملحق-ز-أدوات-التقويم.md	43	—	الأجزاء	الأجزاء	مراجعة بشرية	قراءة مقترحة: استعمالٌ لغويٌّ عام، لا بنية الكتاب؛ يُحفظ (بنك الاختبارات ودليل المعلم (كتابان مرافقان))
book/الملاحق/ملحق-ز-أدوات-التقويم.md	62	—	المستوى ن	المستوى ٠	يُصحّح	المستوى 1 (بنك الاختبارات ودليل المعلم (كتابان مرافقان))
book/الملاحق/ملحق-ز-أدوات-التقويم.md	63	—	المستوى ن	المستوى ٠	يُصحّح	المستوى 1 (بنك الاختبارات ودليل المعلم (كتابان مرافقان))
book/الملاحق/ملحق-ز-أدوات-التقويم.md	64	—	المستوى ن	المستوى ٣	يُصحّح	المستوى 4 (بنك الاختبارات ودليل المعلم (كتابان مرافقان))
book/الملاحق/ملحق-ز-أدوات-التقويم.md	65	—	المستوى ن	المستوى ٤	يُصحّح	المستوى 5 (بنك الاختبارات ودليل المعلم (كتابان مرافقان))
book/الملاحق/ملحق-ز-أدوات-التقويم.md	122	—	المستوى ن	المستوى ٧	يُصحّح	المستوى 8 (بنك الاختبارات ودليل المعلم (كتابان مرافقان))
book/الخواتيم/تقرير-ضبط-الجودة.md	24	—	الباب ١٣ (بنك الأخطاء)	الباب الثالث عشر	يُحفظ	الملف ملفات الإنتاج؛ لا يُطبع
book/الخواتيم/تقرير-ضبط-الجودة.md	25	—	الباب ١٤	الباب الرابع عشر	يُحفظ	الملف ملفات الإنتاج؛ لا يُطبع
book/الخواتيم/تقرير-ضبط-الجودة.md	79	—	المستوى بالعدد اللفظي	المستوى الخامس	يُحفظ	الملف ملفات الإنتاج؛ لا يُطبع
book/00-الواجهة.md	11	—	الجزء ن	الجزء الأول	يُحفظ	الملف أرشيف؛ لا يُطبع
book/00-الواجهة.md	31	—	الأجزاء	أربعة أجزاء	يُحفظ	الملف أرشيف؛ لا يُطبع
book/02-مدخل.md	28	—	الأجزاء	الأجزاء	يُحفظ	الملف أرشيف؛ لا يُطبع
book/02-مدخل.md	99	—	أربعة عشر بابًا	الأبواب الأربعة عشر	يُحفظ	الملف أرشيف؛ لا يُطبع
book/03-كيف-تستعمل-الكتاب.md	6	—	الأجزاء	أربعة أجزاء	يُحفظ	الملف أرشيف؛ لا يُطبع
book/03-كيف-تستعمل-الكتاب.md	6	—	المستوى ن	المستوى صفر	يُحفظ	الملف أرشيف؛ لا يُطبع
book/03-كيف-تستعمل-الكتاب.md	6	—	المستوى بالعدد اللفظي	المستوى الثاني عشر	يُحفظ	الملف أرشيف؛ لا يُطبع
book/03-كيف-تستعمل-الكتاب.md	38	—	رمز المثال	[م١-ب١-ف١-مث٥]	يُحفظ	معرّفٌ إنتاجيٌّ في المصدر؛ ويُطبع [ب١-ف١-مث٥] (يُحوَّل عند الإخراج)
book/03-كيف-تستعمل-الكتاب.md	38	—	الجزء ن	الجزء الأول	يُحفظ	الملف أرشيف؛ لا يُطبع
book/00-التكليف-الرسمي.md	101	—	الجزء ن	الجزء الأول	يُحفظ	الملف ملفات الإنتاج؛ لا يُطبع
book/الجزء-الأول/00-فاتحة-الجزء-الأول.md	1	—	الجزء ن	الجزء الأول	يُحفظ	الملف أرشيف؛ لا يُطبع
book/الجزء-الأول/00-فاتحة-الجزء-الأول.md	7	—	هذا الجزء	هذا الجزء	يُحفظ	الملف أرشيف؛ لا يُطبع
book/الجزء-الأول/00-فاتحة-الجزء-الأول.md	17	—	الأجزاء	الأجزاء التالية	يُحفظ	الملف أرشيف؛ لا يُطبع
book/الجزء-الأول/00-فاتحة-الجزء-الأول.md	19	—	هذا الجزء	هذا الجزء	يُحفظ	الملف أرشيف؛ لا يُطبع
book/الجزء-الأول/00-فاتحة-الجزء-الأول.md	21	—	الجزء ن	الجزء الأول	يُحفظ	الملف أرشيف؛ لا يُطبع
book/الجزء-الأول/00-فاتحة-الجزء-الأول.md	33	—	المستوى ن	المستوى ٠	يُحفظ	الملف أرشيف؛ لا يُطبع
book/الجزء-الأول/00-فاتحة-الجزء-الأول.md	41	—	المستوى ن	المستوى ١	يُحفظ	الملف أرشيف؛ لا يُطبع
book/الجزء-الأول/00-فاتحة-الجزء-الأول.md	55	—	المستوى ن	المستوى ٢	يُحفظ	الملف أرشيف؛ لا يُطبع
pdf/frontmatter.py	153	مقدّمات	الثمانية	ثمانية مجلدات	يُصحّح	الأحد عشر
pdf/frontmatter.py	156	مقدّمات	الثمانية	(من ثمانية)	يُصحّح	الأحد عشر
02-خريطة-الكتاب.md	5	وثيقة المشروع	الثمانية	ثمانية مجلدات	يُصحّح	الأحد عشر (وثيقة عمل، تُحدَّث مع النقل)
02-خريطة-الكتاب.md	5	وثيقة المشروع	الجزء ن	الجزء الخامس	يُحفظ	جزءٌ من الدليل، لا الكتاب (وثيقة عمل، تُحدَّث مع النقل)
02-خريطة-الكتاب.md	8	وثيقة المشروع	مN–مN	م٠	يُصحّح	المستويات ١–١٣ (وثيقة عمل، تُحدَّث مع النقل)
02-خريطة-الكتاب.md	12	وثيقة المشروع	مN–مN	م٠	يُصحّح	المستويات ١–١٣ (وثيقة عمل، تُحدَّث مع النقل)
03-المستويات-والمخرجات.md	21	وثيقة المشروع	الثمانية	المجلد الثامن	يُصحّح	الأحد عشر (وثيقة عمل، تُحدَّث مع النقل)
03-المستويات-والمخرجات.md	21	وثيقة المشروع	الجزء ن	الجزء الخامس	يُحفظ	جزءٌ من الدليل، لا الكتاب (وثيقة عمل، تُحدَّث مع النقل)
03-المستويات-والمخرجات.md	24	وثيقة المشروع	المستويات ن–م	المستويات ٠–٥	يُصحّح	المستويات 1–6 (وثيقة عمل، تُحدَّث مع النقل)
03-المستويات-والمخرجات.md	32	وثيقة المشروع	المستوى ن	المستوى ٠	يُصحّح	المستوى 1 (وثيقة عمل، تُحدَّث مع النقل)
03-المستويات-والمخرجات.md	33	وثيقة المشروع	المستوى ن	المستوى ٠	يُصحّح	المستوى 1 (وثيقة عمل، تُحدَّث مع النقل)
03-المستويات-والمخرجات.md	34	وثيقة المشروع	المستوى ن	المستوى ٠	يُصحّح	المستوى 1 (وثيقة عمل، تُحدَّث مع النقل)
04-نظام-التقييم.md	21	وثيقة المشروع	المستوى ن	المستوى ٠	يُصحّح	المستوى 1 (وثيقة عمل، تُحدَّث مع النقل)
04-نظام-التقييم.md	22	وثيقة المشروع	المستوى ن	المستوى ٠	يُصحّح	المستوى 1 (وثيقة عمل، تُحدَّث مع النقل)
04-نظام-التقييم.md	23	وثيقة المشروع	المستوى ن	المستوى ٣	يُصحّح	المستوى 4 (وثيقة عمل، تُحدَّث مع النقل)
04-نظام-التقييم.md	24	وثيقة المشروع	المستوى ن	المستوى ٤	يُصحّح	المستوى 5 (وثيقة عمل، تُحدَّث مع النقل)
README.md	20	وثيقة المشروع	الجزء ن	الجزء السادس	يُحفظ	جزءٌ من الدليل، لا الكتاب (وثيقة عمل، تُحدَّث مع النقل)
README.md	27	وثيقة المشروع	رابط ملف	./book/00-التكليف-الرسمي.md	يُصحّح	يشير إلى ملفٍّ سيتغيّر موضعه؛ يُحدَّث من جدول الانتقال (وثيقة عمل، تُحدَّث مع النقل)
README.md	28	وثيقة المشروع	الأجزاء	الأجزاء	يُحفظ	جزءٌ من الدليل، لا الكتاب (وثيقة عمل، تُحدَّث مع النقل)
README.md	34	وثيقة المشروع	أربعة عشر بابًا	الأبواب الأربعة عشر	يُصحّح	ثلاثة عشر بابًا، والمرجع خارجها (وثيقة عمل، تُحدَّث مع النقل)
README.md	34	وثيقة المشروع	الأجزاء	الأجزاء الأربعة	مراجعة بشرية	قراءة مقترحة: استعمالٌ لغويٌّ عام، لا بنية الكتاب؛ يُحفظ (وثيقة عمل، تُحدَّث مع النقل)
book/README.md	5	وثيقة المشروع	رابط ملف	./00-التكليف-الرسمي.md	يُصحّح	يشير إلى ملفٍّ سيتغيّر موضعه؛ يُحدَّث من جدول الانتقال (وثيقة عمل، تُحدَّث مع النقل)
book/README.md	11	وثيقة المشروع	رابط ملف	./00-الواجهة.md	يُصحّح	يشير إلى ملفٍّ سيتغيّر موضعه؛ يُحدَّث من جدول الانتقال (وثيقة عمل، تُحدَّث مع النقل)
book/README.md	12	وثيقة المشروع	رابط ملف	./01-المقدمة.md	يُصحّح	يشير إلى ملفٍّ سيتغيّر موضعه؛ يُحدَّث من جدول الانتقال (وثيقة عمل، تُحدَّث مع النقل)
book/README.md	13	وثيقة المشروع	الجزء ن	الجزء الأول	يُصحّح	المرحلة أو المجلد بحسب السياق (وثيقة عمل، تُحدَّث مع النقل)
book/README.md	13	وثيقة المشروع	رابط ملف	./الجزء-الأول/00-فاتحة-الجزء-الأول.md	يُصحّح	يشير إلى ملفٍّ سيتغيّر موضعه؛ يُحدَّث من جدول الانتقال (وثيقة عمل، تُحدَّث مع النقل)
book/README.md	14	وثيقة المشروع	المستوى ن	المستوى ٠	يُصحّح	المستوى 1 (وثيقة عمل، تُحدَّث مع النقل)
book/README.md	14	وثيقة المشروع	رابط ملف	./الجزء-الأول/الباب-الأول/00-فاتحة-الباب-الأول.md	يُصحّح	يشير إلى ملفٍّ سيتغيّر موضعه؛ يُحدَّث من جدول الانتقال (وثيقة عمل، تُحدَّث مع النقل)
book/README.md	15	وثيقة المشروع	رابط ملف	./الجزء-الأول/الباب-الأول/ف01-أ-المدخل-والدرس-الأول.md	يُصحّح	يشير إلى ملفٍّ سيتغيّر موضعه؛ يُحدَّث من جدول الانتقال (وثيقة عمل، تُحدَّث مع النقل)
book/README.md	16	وثيقة المشروع	رابط ملف	./الجزء-الأول/الباب-الأول/ف01-ب-الدرس-الثاني.md	يُصحّح	يشير إلى ملفٍّ سيتغيّر موضعه؛ يُحدَّث من جدول الانتقال (وثيقة عمل، تُحدَّث مع النقل)
book/README.md	17	وثيقة المشروع	رابط ملف	./الجزء-الأول/الباب-الأول/ف01-ج-التطبيق-والتقويم.md	يُصحّح	يشير إلى ملفٍّ سيتغيّر موضعه؛ يُحدَّث من جدول الانتقال (وثيقة عمل، تُحدَّث مع النقل)
